image	class	width	height	effort	distance	jxl_bytes	cjxl_bytes	jxl_bfly	cjxl_bfly	jxl_ssim2	cjxl_ssim2	jxl_encode_ms	cjxl_encode_ms	jxl_lf_global	jxl_lf_groups	jxl_hf_global	jxl_ac_groups	jxl_main_total	jxl_patches	jxl_other	cjxl_lf_global	cjxl_lf_groups	cjxl_hf_global	cjxl_ac_groups	cjxl_main_total	cjxl_patches	cjxl_other	bytes_delta_pct	bfly_delta_pct	ssim2_delta_abs	status	last_investigated_commit	reproducer
1025469.png	photo	512	512	5	0.2000	121726	121762	0.352940	0.373812	95.5424	95.6206	40.62	74.19	522	8314	3579	109280	121695	0	31	486	8775	3275	109199	121735	0	27	-0.030	-5.584	-0.0783	FIXED	f3a10630c06f200656341b2c333d3c0f227c38eb	cargo run -p jxl-encoder --release --features 'parallel butteraugli-loop ssim2-loop' --example cjxl_parity_ledger -- --update --image 1025469.png --effort 5 --distance 0.2
1025469.png	photo	512	512	5	0.4000	77014	76426	0.721419	0.719687	93.5317	93.6754	52.08	63.75	502	7055	3220	66208	76985	0	29	430	7624	2651	65696	76401	0	25	0.769	0.241	-0.1437	FIXED	a0928cf453ea7c3a7d3e123590f8ed8c2121d7e0	cargo run -p jxl-encoder --release --features 'parallel butteraugli-loop ssim2-loop' --example cjxl_parity_ledger -- --update --image 1025469.png --effort 5 --distance 0.4
1025469.png	photo	512	512	5	0.6000	55111	55003	0.828425	0.841276	91.5032	91.3490	44.80	63.22	462	6363	1704	46555	55084	0	27	370	6965	1494	46151	54980	0	23	0.196	-1.528	0.1542	FIXED	a0928cf453ea7c3a7d3e123590f8ed8c2121d7e0	cargo run -p jxl-encoder --release --features 'parallel butteraugli-loop ssim2-loop' --example cjxl_parity_ledger -- --update --image 1025469.png --effort 5 --distance 0.6
1025469.png	photo	512	512	5	0.8000	44791	44736	1.248522	1.234429	89.5670	89.4123	45.10	60.97	507	5878	1154	37224	44763	0	28	389	6480	1021	36823	44713	0	23	0.123	1.142	0.1548	FIXED	a0928cf453ea7c3a7d3e123590f8ed8c2121d7e0	cargo run -p jxl-encoder --release --features 'parallel butteraugli-loop ssim2-loop' --example cjxl_parity_ledger -- --update --image 1025469.png --effort 5 --distance 0.8
1025469.png	photo	512	512	5	1.0000	38141	38010	1.411649	1.408793	87.7939	88.1120	42.99	56.40	450	5422	1079	31162	38113	0	28	404	5980	881	30722	37987	0	23	0.345	0.203	-0.3181	FIXED	a0928cf453ea7c3a7d3e123590f8ed8c2121d7e0	cargo run -p jxl-encoder --release --features 'parallel butteraugli-loop ssim2-loop' --example cjxl_parity_ledger -- --update --image 1025469.png --effort 5 --distance 1
1025469.png	photo	512	512	5	1.2000	33842	33378	1.448899	1.549838	85.6122	85.9854	41.20	56.05	466	5133	1225	26990	33814	0	28	400	5684	931	26340	33355	0	23	1.390	-6.513	-0.3732	FIXED	a0928cf453ea7c3a7d3e123590f8ed8c2121d7e0	cargo run -p jxl-encoder --release --features 'parallel butteraugli-loop ssim2-loop' --example cjxl_parity_ledger -- --update --image 1025469.png --effort 5 --distance 1.2
1025469.png	photo	512	512	5	1.4000	29892	29551	1.732987	1.746473	83.7187	83.8199	46.99	62.30	470	4778	948	23669	29865	0	27	396	5376	753	23003	29528	0	23	1.154	-0.772	-0.1012	FIXED	a0928cf453ea7c3a7d3e123590f8ed8c2121d7e0	cargo run -p jxl-encoder --release --features 'parallel butteraugli-loop ssim2-loop' --example cjxl_parity_ledger -- --update --image 1025469.png --effort 5 --distance 1.4
1025469.png	photo	512	512	5	1.6000	26893	26782	1.929807	1.969619	81.9542	82.0159	69.50	109.70	423	4622	814	21008	26867	0	26	404	5165	716	20478	26763	0	19	0.414	-2.021	-0.0618	FIXED	a0928cf453ea7c3a7d3e123590f8ed8c2121d7e0	cargo run -p jxl-encoder --release --features 'parallel butteraugli-loop ssim2-loop' --example cjxl_parity_ledger -- --update --image 1025469.png --effort 5 --distance 1.6
1025469.png	photo	512	512	5	1.8000	24816	24491	2.280462	2.060990	80.1710	80.3430	70.34	148.90	442	4432	903	19013	24790	0	26	339	4952	781	18400	24472	0	19	1.327	10.649	-0.1720	FIXED	a0928cf453ea7c3a7d3e123590f8ed8c2121d7e0	cargo run -p jxl-encoder --release --features 'parallel butteraugli-loop ssim2-loop' --example cjxl_parity_ledger -- --update --image 1025469.png --effort 5 --distance 1.8
1025469.png	photo	512	512	5	2.0000	22758	22414	2.336859	2.011266	78.3599	78.4570	78.01	129.74	445	4240	770	17277	22732	0	26	353	4707	671	16664	22395	0	19	1.535	16.188	-0.0970	FIXED	a0928cf453ea7c3a7d3e123590f8ed8c2121d7e0	cargo run -p jxl-encoder --release --features 'parallel butteraugli-loop ssim2-loop' --example cjxl_parity_ledger -- --update --image 1025469.png --effort 5 --distance 2
1025469.png	photo	512	512	5	2.5000	18941	18758	2.677547	2.610239	74.5227	74.5766	61.13	96.10	398	3894	726	13897	18915	0	26	369	4340	603	13427	18739	0	19	0.976	2.579	-0.0538	FIXED	a0928cf453ea7c3a7d3e123590f8ed8c2121d7e0	cargo run -p jxl-encoder --release --features 'parallel butteraugli-loop ssim2-loop' --example cjxl_parity_ledger -- --update --image 1025469.png --effort 5 --distance 2.5
1025469.png	photo	512	512	5	3.0000	16175	16129	2.672928	2.784935	70.6548	70.9480	116.35	140.20	425	3691	591	11442	16149	0	26	353	4136	462	11156	16107	0	22	0.285	-4.022	-0.2932	FIXED	a0928cf453ea7c3a7d3e123590f8ed8c2121d7e0	cargo run -p jxl-encoder --release --features 'parallel butteraugli-loop ssim2-loop' --example cjxl_parity_ledger -- --update --image 1025469.png --effort 5 --distance 3
1025469.png	photo	512	512	5	4.0000	13098	12579	3.733186	4.092271	61.1442	61.6473	58.36	192.71	401	3270	850	8550	13071	0	27	327	3703	404	8122	12556	0	23	4.126	-8.775	-0.5031	FIXED	a0928cf453ea7c3a7d3e123590f8ed8c2121d7e0	cargo run -p jxl-encoder --release --features 'parallel butteraugli-loop ssim2-loop' --example cjxl_parity_ledger -- --update --image 1025469.png --effort 5 --distance 4
1025469.png	photo	512	512	5	5.0000	10971	10602	4.297359	4.276909	53.9496	54.1524	93.07	215.64	388	3116	812	6628	10944	0	27	320	3452	542	6265	10579	0	23	3.480	0.478	-0.2028	FIXED	a0928cf453ea7c3a7d3e123590f8ed8c2121d7e0	cargo run -p jxl-encoder --release --features 'parallel butteraugli-loop ssim2-loop' --example cjxl_parity_ledger -- --update --image 1025469.png --effort 5 --distance 5
1025469.png	photo	512	512	5	6.0000	9305	9277	5.032167	5.131168	46.0633	46.6365	73.15	191.27	392	2861	597	5428	9278	0	27	324	3171	662	5097	9254	0	23	0.302	-1.929	-0.5731	FIXED	a0928cf453ea7c3a7d3e123590f8ed8c2121d7e0	cargo run -p jxl-encoder --release --features 'parallel butteraugli-loop ssim2-loop' --example cjxl_parity_ledger -- --update --image 1025469.png --effort 5 --distance 6
1025469.png	photo	512	512	6	0.2000	121395	121449	0.352940	0.363155	95.5180	95.5565	174.77	270.43	544	8406	3625	108789	121364	0	31	459	8876	3441	108646	121422	0	27	-0.044	-2.813	-0.0385	FIXED	a0928cf453ea7c3a7d3e123590f8ed8c2121d7e0	cargo run -p jxl-encoder --release --features 'parallel butteraugli-loop ssim2-loop' --example cjxl_parity_ledger -- --update --image 1025469.png --effort 6 --distance 0.2
1025469.png	photo	512	512	6	0.4000	76242	75638	0.721419	0.719688	93.5675	93.7406	169.96	206.36	522	7219	3018	65454	76213	0	29	436	7775	2637	64765	75613	0	25	0.799	0.241	-0.1731	FIXED	a0928cf453ea7c3a7d3e123590f8ed8c2121d7e0	cargo run -p jxl-encoder --release --features 'parallel butteraugli-loop ssim2-loop' --example cjxl_parity_ledger -- --update --image 1025469.png --effort 6 --distance 0.4
1025469.png	photo	512	512	6	0.6000	54396	54303	0.828265	0.910412	91.5439	91.4109	107.18	133.63	470	6594	1586	45719	54369	0	27	380	7145	1559	45196	54280	0	23	0.171	-9.023	0.1329	FIXED	a0928cf453ea7c3a7d3e123590f8ed8c2121d7e0	cargo run -p jxl-encoder --release --features 'parallel butteraugli-loop ssim2-loop' --example cjxl_parity_ledger -- --update --image 1025469.png --effort 6 --distance 0.6
1025469.png	photo	512	512	6	0.8000	44902	44533	1.243373	1.262500	89.6814	89.7256	79.65	90.65	469	6682	1152	36571	44874	0	28	397	7124	1148	35840	44509	0	24	0.829	-1.515	-0.0442	FIXED	a0928cf453ea7c3a7d3e123590f8ed8c2121d7e0	cargo run -p jxl-encoder --release --features 'parallel butteraugli-loop ssim2-loop' --example cjxl_parity_ledger -- --update --image 1025469.png --effort 6 --distance 0.8
1025469.png	photo	512	512	6	1.0000	38119	37712	1.365044	1.366720	87.9075	87.9762	73.84	111.33	482	6229	1057	30323	38091	0	28	393	6621	942	29733	37689	0	23	1.079	-0.123	-0.0687	FIXED	a0928cf453ea7c3a7d3e123590f8ed8c2121d7e0	cargo run -p jxl-encoder --release --features 'parallel butteraugli-loop ssim2-loop' --example cjxl_parity_ledger -- --update --image 1025469.png --effort 6 --distance 1
1025469.png	photo	512	512	6	1.2000	33591	33089	1.440574	1.489108	86.0832	86.3749	81.59	103.10	462	5959	1066	26076	33563	0	28	404	6332	1003	25327	33066	0	23	1.517	-3.259	-0.2918	FIXED	a0928cf453ea7c3a7d3e123590f8ed8c2121d7e0	cargo run -p jxl-encoder --release --features 'parallel butteraugli-loop ssim2-loop' --example cjxl_parity_ledger -- --update --image 1025469.png --effort 6 --distance 1.2
1025469.png	photo	512	512	6	1.4000	30645	29542	1.758072	1.710534	83.9812	84.2418	86.59	99.58	457	5635	1566	22959	30617	0	28	395	6026	805	22293	29519	0	23	3.734	2.779	-0.2606	FIXED	a0928cf453ea7c3a7d3e123590f8ed8c2121d7e0	cargo run -p jxl-encoder --release --features 'parallel butteraugli-loop ssim2-loop' --example cjxl_parity_ledger -- --update --image 1025469.png --effort 6 --distance 1.4
1025469.png	photo	512	512	6	1.6000	27317	26756	1.905025	1.860828	82.2732	82.8413	85.02	95.40	460	5512	1038	20280	27290	0	27	387	5913	699	19738	26737	0	19	2.097	2.375	-0.5681	FIXED	a0928cf453ea7c3a7d3e123590f8ed8c2121d7e0	cargo run -p jxl-encoder --release --features 'parallel butteraugli-loop ssim2-loop' --example cjxl_parity_ledger -- --update --image 1025469.png --effort 6 --distance 1.6
1025469.png	photo	512	512	6	1.8000	24580	24664	2.032779	2.027530	80.6276	80.8410	115.02	97.85	429	5328	684	18113	24554	0	26	355	5810	687	17793	24645	0	19	-0.341	0.259	-0.2134	FIXED	a0928cf453ea7c3a7d3e123590f8ed8c2121d7e0	cargo run -p jxl-encoder --release --features 'parallel butteraugli-loop ssim2-loop' --example cjxl_parity_ledger -- --update --image 1025469.png --effort 6 --distance 1.8
1025469.png	photo	512	512	6	2.0000	23240	22757	2.147048	2.086534	78.9254	79.4072	153.35	227.79	434	5135	807	16838	23214	0	26	404	5548	628	16158	22738	0	19	2.122	2.900	-0.4818	FIXED	a0928cf453ea7c3a7d3e123590f8ed8c2121d7e0	cargo run -p jxl-encoder --release --features 'parallel butteraugli-loop ssim2-loop' --example cjxl_parity_ledger -- --update --image 1025469.png --effort 6 --distance 2
1025469.png	photo	512	512	6	2.5000	19341	19166	2.507401	2.577095	75.3965	75.8907	139.26	267.95	448	4739	669	13459	19315	0	26	374	5186	589	12998	19147	0	19	0.913	-2.704	-0.4942	FIXED	a0928cf453ea7c3a7d3e123590f8ed8c2121d7e0	cargo run -p jxl-encoder --release --features 'parallel butteraugli-loop ssim2-loop' --example cjxl_parity_ledger -- --update --image 1025469.png --effort 6 --distance 2.5
1025469.png	photo	512	512	6	3.0000	16717	16590	2.946602	2.817091	71.6956	72.4091	121.68	156.96	415	4517	625	11134	16691	0	26	380	4932	488	10768	16568	0	22	0.766	4.597	-0.7136	FIXED	a0928cf453ea7c3a7d3e123590f8ed8c2121d7e0	cargo run -p jxl-encoder --release --features 'parallel butteraugli-loop ssim2-loop' --example cjxl_parity_ledger -- --update --image 1025469.png --effort 6 --distance 3
1025469.png	photo	512	512	6	4.0000	13670	13362	3.910554	3.258872	65.2679	65.5965	202.19	211.58	378	4203	687	8375	13643	0	27	330	4595	414	8000	13339	0	23	2.305	19.997	-0.3286	FIXED	a0928cf453ea7c3a7d3e123590f8ed8c2121d7e0	cargo run -p jxl-encoder --release --features 'parallel butteraugli-loop ssim2-loop' --example cjxl_parity_ledger -- --update --image 1025469.png --effort 6 --distance 4
1025469.png	photo	512	512	6	5.0000	11479	11043	4.492110	4.378831	58.1948	58.0897	172.02	254.11	390	3622	812	6628	11452	0	27	327	3899	564	6230	11020	0	23	3.948	2.587	0.1051	FIXED	a0928cf453ea7c3a7d3e123590f8ed8c2121d7e0	cargo run -p jxl-encoder --release --features 'parallel butteraugli-loop ssim2-loop' --example cjxl_parity_ledger -- --update --image 1025469.png --effort 6 --distance 5
1025469.png	photo	512	512	6	6.0000	9805	9822	4.429016	4.816435	51.1081	51.8705	216.66	244.17	394	3359	597	5428	9778	0	27	336	3625	806	5032	9799	0	23	-0.173	-8.044	-0.7624	FIXED	a0928cf453ea7c3a7d3e123590f8ed8c2121d7e0	cargo run -p jxl-encoder --release --features 'parallel butteraugli-loop ssim2-loop' --example cjxl_parity_ledger -- --update --image 1025469.png --effort 6 --distance 6
1025469.png	photo	512	512	7	0.2000	121402	119906	0.353115	0.351612	95.5477	95.6677	149.74	198.10	544	8406	3639	108782	121371	0	31	441	8877	3049	107512	119879	0	27	1.248	0.427	-0.1200	FIXED	a0928cf453ea7c3a7d3e123590f8ed8c2121d7e0	cargo run -p jxl-encoder --release --features 'parallel butteraugli-loop ssim2-loop' --example cjxl_parity_ledger -- --update --image 1025469.png --effort 7 --distance 0.2
1025469.png	photo	512	512	7	0.4000	76250	75022	0.721281	0.720787	93.5934	93.6805	142.10	133.27	525	7222	3076	65398	76221	0	29	458	7782	2650	64107	74997	0	25	1.637	0.068	-0.0870	FIXED	a0928cf453ea7c3a7d3e123590f8ed8c2121d7e0	cargo run -p jxl-encoder --release --features 'parallel butteraugli-loop ssim2-loop' --example cjxl_parity_ledger -- --update --image 1025469.png --effort 7 --distance 0.4
1025469.png	photo	512	512	7	0.6000	54387	53984	0.828255	0.909473	91.5006	91.5356	111.49	274.72	470	6594	1627	45669	54360	0	27	410	7175	1496	44880	53961	0	23	0.747	-8.930	-0.0350	FIXED	a0928cf453ea7c3a7d3e123590f8ed8c2121d7e0	cargo run -p jxl-encoder --release --features 'parallel butteraugli-loop ssim2-loop' --example cjxl_parity_ledger -- --update --image 1025469.png --effort 7 --distance 0.6
1025469.png	photo	512	512	7	0.8000	44894	44345	1.243468	1.253265	89.5431	90.1487	160.86	267.77	469	6680	1120	36597	44866	0	28	393	7151	889	35889	44322	0	23	1.238	-0.782	-0.6057	FIXED	a0928cf453ea7c3a7d3e123590f8ed8c2121d7e0	cargo run -p jxl-encoder --release --features 'parallel butteraugli-loop ssim2-loop' --example cjxl_parity_ledger -- --update --image 1025469.png --effort 7 --distance 0.8
1025469.png	photo	512	512	7	1.0000	38095	37644	1.364795	1.369062	87.7535	88.3883	151.57	362.53	483	6231	1062	30291	38067	0	28	400	6632	1100	29488	37620	0	24	1.198	-0.312	-0.6347	FIXED	a0928cf453ea7c3a7d3e123590f8ed8c2121d7e0	cargo run -p jxl-encoder --release --features 'parallel butteraugli-loop ssim2-loop' --example cjxl_parity_ledger -- --update --image 1025469.png --effort 7 --distance 1
1025469.png	photo	512	512	7	1.2000	33580	32958	1.440479	1.440270	86.1043	86.3309	129.83	289.29	462	5960	1066	26064	33552	0	28	414	6320	807	25394	32935	0	23	1.887	0.015	-0.2266	FIXED	a0928cf453ea7c3a7d3e123590f8ed8c2121d7e0	cargo run -p jxl-encoder --release --features 'parallel butteraugli-loop ssim2-loop' --example cjxl_parity_ledger -- --update --image 1025469.png --effort 7 --distance 1.2
1025469.png	photo	512	512	7	1.4000	30616	29478	1.758072	1.732464	84.1422	84.6223	165.52	197.90	457	5635	1567	22929	30588	0	28	399	6020	844	22192	29455	0	23	3.861	1.478	-0.4800	FIXED	a0928cf453ea7c3a7d3e123590f8ed8c2121d7e0	cargo run -p jxl-encoder --release --features 'parallel butteraugli-loop ssim2-loop' --example cjxl_parity_ledger -- --update --image 1025469.png --effort 7 --distance 1.4
1025469.png	photo	512	512	7	1.6000	27316	26881	1.905134	1.860831	82.5920	82.4284	79.31	92.80	461	5511	1057	20260	27289	0	27	393	5928	760	19781	26862	0	19	1.618	2.381	0.1636	FIXED	a0928cf453ea7c3a7d3e123590f8ed8c2121d7e0	cargo run -p jxl-encoder --release --features 'parallel butteraugli-loop ssim2-loop' --example cjxl_parity_ledger -- --update --image 1025469.png --effort 7 --distance 1.6
1025469.png	photo	512	512	7	1.8000	24534	24704	2.027646	2.027530	80.5930	81.1295	70.69	111.56	429	5326	666	18087	24508	0	26	381	5846	690	17768	24685	0	19	-0.688	0.006	-0.5365	FIXED	a0928cf453ea7c3a7d3e123590f8ed8c2121d7e0	cargo run -p jxl-encoder --release --features 'parallel butteraugli-loop ssim2-loop' --example cjxl_parity_ledger -- --update --image 1025469.png --effort 7 --distance 1.8
1025469.png	photo	512	512	7	2.0000	23306	22752	2.189054	2.113868	79.1820	79.7261	112.08	102.16	452	5092	718	17018	23280	0	26	392	5561	517	16263	22733	0	19	2.435	3.557	-0.5441	FIXED	a0928cf453ea7c3a7d3e123590f8ed8c2121d7e0	cargo run -p jxl-encoder --release --features 'parallel butteraugli-loop ssim2-loop' --example cjxl_parity_ledger -- --update --image 1025469.png --effort 7 --distance 2
1025469.png	photo	512	512	7	2.5000	19917	19133	2.491048	2.577596	75.4993	76.4092	127.15	94.46	432	4720	831	13908	19891	0	26	372	5219	526	12997	19114	0	19	4.098	-3.358	-0.9099	FIXED	a0928cf453ea7c3a7d3e123590f8ed8c2121d7e0	cargo run -p jxl-encoder --release --features 'parallel butteraugli-loop ssim2-loop' --example cjxl_parity_ledger -- --update --image 1025469.png --effort 7 --distance 2.5
1025469.png	photo	512	512	7	3.0000	17033	16641	2.968141	2.811516	71.3685	72.7496	83.90	111.61	403	4513	604	11487	17007	0	26	363	4958	504	10751	16576	35	30	2.356	5.571	-1.3810	FIXED	a0928cf453ea7c3a7d3e123590f8ed8c2121d7e0	cargo run -p jxl-encoder --release --features 'parallel butteraugli-loop ssim2-loop' --example cjxl_parity_ledger -- --update --image 1025469.png --effort 7 --distance 3
1025469.png	photo	512	512	7	4.0000	13721	13468	3.909723	3.258871	64.5737	65.9966	161.47	207.24	395	4183	484	8632	13694	0	27	360	4582	344	8118	13404	33	31	1.879	19.972	-1.4229	FIXED	a0928cf453ea7c3a7d3e123590f8ed8c2121d7e0	cargo run -p jxl-encoder --release --features 'parallel butteraugli-loop ssim2-loop' --example cjxl_parity_ledger -- --update --image 1025469.png --effort 7 --distance 4
1025469.png	photo	512	512	7	5.0000	11408	11126	4.697607	4.378831	57.6711	58.4299	203.73	196.44	379	3680	502	6820	11381	0	27	304	3920	574	6264	11062	33	31	2.535	7.280	-0.7588	FIXED	a0928cf453ea7c3a7d3e123590f8ed8c2121d7e0	cargo run -p jxl-encoder --release --features 'parallel butteraugli-loop ssim2-loop' --example cjxl_parity_ledger -- --update --image 1025469.png --effort 7 --distance 5
1025469.png	photo	512	512	7	6.0000	9703	9848	5.055007	4.816603	50.3210	51.7771	208.38	322.98	381	3372	486	5437	9676	0	27	344	3641	720	5079	9784	33	31	-1.472	4.950	-1.4561	FIXED	a0928cf453ea7c3a7d3e123590f8ed8c2121d7e0	cargo run -p jxl-encoder --release --features 'parallel butteraugli-loop ssim2-loop' --example cjxl_parity_ledger -- --update --image 1025469.png --effort 7 --distance 6
1025469.png	photo	512	512	8	0.2000	123110	121641	0.263708	0.286942	95.5470	95.6052	622.99	945.64	580	8744	3852	109903	123079	0	31	363	9218	3243	108790	121614	0	27	1.208	-8.097	-0.0582	FIXED	a0928cf453ea7c3a7d3e123590f8ed8c2121d7e0	cargo run -p jxl-encoder --release --features 'parallel butteraugli-loop ssim2-loop' --example cjxl_parity_ledger -- --update --image 1025469.png --effort 8 --distance 0.2
1025469.png	photo	512	512	8	0.4000	74260	73071	0.577204	0.562071	93.4675	93.7231	402.23	743.75	520	7238	3073	63401	74232	0	28	372	7871	2227	62577	73047	0	24	1.627	2.692	-0.2556	FIXED	a0928cf453ea7c3a7d3e123590f8ed8c2121d7e0	cargo run -p jxl-encoder --release --features 'parallel butteraugli-loop ssim2-loop' --example cjxl_parity_ledger -- --update --image 1025469.png --effort 8 --distance 0.4
1025469.png	photo	512	512	8	0.6000	52602	52406	0.765977	0.787969	91.3765	91.8081	365.84	626.25	500	6519	1588	43968	52575	0	27	360	7272	1334	43417	52383	0	23	0.374	-2.791	-0.4316	FIXED	a0928cf453ea7c3a7d3e123590f8ed8c2121d7e0	cargo run -p jxl-encoder --release --features 'parallel butteraugli-loop ssim2-loop' --example cjxl_parity_ledger -- --update --image 1025469.png --effort 8 --distance 0.6
1025469.png	photo	512	512	8	0.8000	42732	42422	1.079849	1.005243	89.3787	89.7901	432.76	611.15	501	6503	1156	34544	42704	0	28	431	7122	810	34036	42399	0	23	0.731	7.422	-0.4114	FIXED	a0928cf453ea7c3a7d3e123590f8ed8c2121d7e0	cargo run -p jxl-encoder --release --features 'parallel butteraugli-loop ssim2-loop' --example cjxl_parity_ledger -- --update --image 1025469.png --effort 8 --distance 0.8
1025469.png	photo	512	512	8	1.0000	36075	35747	1.178900	1.187872	87.3552	87.9377	396.64	930.06	437	6243	951	28417	36048	0	27	426	6735	827	27736	35724	0	23	0.918	-0.755	-0.5825	FIXED	a0928cf453ea7c3a7d3e123590f8ed8c2121d7e0	cargo run -p jxl-encoder --release --features 'parallel butteraugli-loop ssim2-loop' --example cjxl_parity_ledger -- --update --image 1025469.png --effort 8 --distance 1
1025469.png	photo	512	512	8	1.2000	31570	31058	1.423528	1.439412	85.4314	85.9713	629.28	673.39	492	5952	939	24160	31543	0	27	431	6403	726	23475	31035	0	23	1.649	-1.104	-0.5400	FIXED	a0928cf453ea7c3a7d3e123590f8ed8c2121d7e0	cargo run -p jxl-encoder --release --features 'parallel butteraugli-loop ssim2-loop' --example cjxl_parity_ledger -- --update --image 1025469.png --effort 8 --distance 1.2
1025469.png	photo	512	512	8	1.4000	28724	27967	1.787869	1.756815	83.5846	83.9321	486.62	622.43	456	5627	1521	21092	28696	0	28	443	6277	797	20427	27944	0	23	2.707	1.768	-0.3475	FIXED	a0928cf453ea7c3a7d3e123590f8ed8c2121d7e0	cargo run -p jxl-encoder --release --features 'parallel butteraugli-loop ssim2-loop' --example cjxl_parity_ledger -- --update --image 1025469.png --effort 8 --distance 1.4
1025469.png	photo	512	512	8	1.6000	25355	25201	1.873886	1.822551	81.5954	82.0437	405.25	650.89	469	5380	842	18638	25329	0	26	410	6078	663	18031	25182	0	19	0.611	2.817	-0.4483	FIXED	a0928cf453ea7c3a7d3e123590f8ed8c2121d7e0	cargo run -p jxl-encoder --release --features 'parallel butteraugli-loop ssim2-loop' --example cjxl_parity_ledger -- --update --image 1025469.png --effort 8 --distance 1.6
1025469.png	photo	512	512	8	1.8000	22820	23153	1.880604	1.997437	80.3277	80.5899	358.98	1005.74	420	5349	543	16482	22794	0	26	459	5949	685	16041	23134	0	19	-1.438	-5.849	-0.2622	FIXED	a0928cf453ea7c3a7d3e123590f8ed8c2121d7e0	cargo run -p jxl-encoder --release --features 'parallel butteraugli-loop ssim2-loop' --example cjxl_parity_ledger -- --update --image 1025469.png --effort 8 --distance 1.8
1025469.png	photo	512	512	8	2.0000	21495	21120	2.070367	2.080526	78.6398	78.8512	504.96	603.46	432	5072	662	15303	21469	0	26	416	5739	512	14434	21101	0	19	1.776	-0.488	-0.2115	FIXED	a0928cf453ea7c3a7d3e123590f8ed8c2121d7e0	cargo run -p jxl-encoder --release --features 'parallel butteraugli-loop ssim2-loop' --example cjxl_parity_ledger -- --update --image 1025469.png --effort 8 --distance 2
1025469.png	photo	512	512	8	2.5000	18290	17763	2.529615	2.604743	74.0978	74.6049	471.22	729.98	437	4701	856	12270	18264	0	26	383	5389	492	11480	17744	0	19	2.967	-2.884	-0.5071	FIXED	a0928cf453ea7c3a7d3e123590f8ed8c2121d7e0	cargo run -p jxl-encoder --release --features 'parallel butteraugli-loop ssim2-loop' --example cjxl_parity_ledger -- --update --image 1025469.png --effort 8 --distance 2.5
1025469.png	photo	512	512	8	3.0000	15749	15328	2.974223	2.912284	69.5015	70.2919	582.87	801.85	434	4472	499	10318	15723	0	26	399	4933	441	9490	15263	35	30	2.747	2.127	-0.7904	FIXED	a0928cf453ea7c3a7d3e123590f8ed8c2121d7e0	cargo run -p jxl-encoder --release --features 'parallel butteraugli-loop ssim2-loop' --example cjxl_parity_ledger -- --update --image 1025469.png --effort 8 --distance 3
1025469.png	photo	512	512	8	4.0000	12335	12256	4.002201	4.090178	62.1253	63.2345	766.38	824.59	438	4115	517	7238	12308	0	27	373	4680	353	6786	12192	33	31	0.645	-2.151	-1.1092	FIXED	a0928cf453ea7c3a7d3e123590f8ed8c2121d7e0	cargo run -p jxl-encoder --release --features 'parallel butteraugli-loop ssim2-loop' --example cjxl_parity_ledger -- --update --image 1025469.png --effort 8 --distance 4
1025469.png	photo	512	512	8	5.0000	10161	10157	5.309488	4.571290	54.3711	55.1601	193.75	344.97	397	3617	525	5595	10134	0	27	301	3925	631	5236	10093	33	31	0.039	16.149	-0.7890	FIXED	06d074b0d626c4f91af1f5e749b6fa50d87b0bc7	cargo run -p jxl-encoder --release --features 'parallel butteraugli-loop ssim2-loop' --example cjxl_parity_ledger -- --update --image 1025469.png --effort 8 --distance 5
1025469.png	photo	512	512	8	6.0000	8581	8928	5.265250	5.010070	46.0588	47.7961	568.23	640.50	383	3366	455	4351	8555	0	26	314	3749	685	4117	8865	33	30	-3.887	5.093	-1.7373	FIXED	a0928cf453ea7c3a7d3e123590f8ed8c2121d7e0	cargo run -p jxl-encoder --release --features 'parallel butteraugli-loop ssim2-loop' --example cjxl_parity_ledger -- --update --image 1025469.png --effort 8 --distance 6
1025469.png	photo	512	512	9	0.2000	125333	122663	0.244913	0.246270	95.5574	95.6325	820.19	717.62	600	8874	5009	110819	125302	0	31	398	9201	3227	109810	122636	0	27	2.177	-0.551	-0.0751	FIXED	a0928cf453ea7c3a7d3e123590f8ed8c2121d7e0	cargo run -p jxl-encoder --release --features 'parallel butteraugli-loop ssim2-loop' --example cjxl_parity_ledger -- --update --image 1025469.png --effort 9 --distance 0.2
1025469.png	photo	512	512	9	0.4000	75357	73215	0.503852	0.541412	93.4909	93.7127	726.82	901.24	639	7206	4068	63416	75329	0	28	434	7772	2136	62849	73191	0	24	2.926	-6.937	-0.2218	FIXED	a0928cf453ea7c3a7d3e123590f8ed8c2121d7e0	cargo run -p jxl-encoder --release --features 'parallel butteraugli-loop ssim2-loop' --example cjxl_parity_ledger -- --update --image 1025469.png --effort 9 --distance 0.4
1025469.png	photo	512	512	9	0.6000	53219	52412	0.741587	0.723824	91.4595	91.8346	766.08	1053.63	619	6485	2013	44075	53192	0	27	421	7145	1226	43597	52389	0	23	1.540	2.454	-0.3751	FIXED	a0928cf453ea7c3a7d3e123590f8ed8c2121d7e0	cargo run -p jxl-encoder --release --features 'parallel butteraugli-loop ssim2-loop' --example cjxl_parity_ledger -- --update --image 1025469.png --effort 9 --distance 0.6
1025469.png	photo	512	512	9	0.8000	43240	42345	0.992326	0.928748	89.3949	89.7942	726.67	964.81	621	6461	1442	34688	43212	0	28	455	7005	800	34062	42322	0	23	2.114	6.846	-0.3992	FIXED	a0928cf453ea7c3a7d3e123590f8ed8c2121d7e0	cargo run -p jxl-encoder --release --features 'parallel butteraugli-loop ssim2-loop' --example cjxl_parity_ledger -- --update --image 1025469.png --effort 9 --distance 0.8
1025469.png	photo	512	512	9	1.0000	36514	35656	1.143454	1.187872	87.3564	87.9311	780.84	1021.49	688	6145	1252	28401	36486	0	28	452	6629	799	27753	35633	0	23	2.406	-3.739	-0.5747	FIXED	a0928cf453ea7c3a7d3e123590f8ed8c2121d7e0	cargo run -p jxl-encoder --release --features 'parallel butteraugli-loop ssim2-loop' --example cjxl_parity_ledger -- --update --image 1025469.png --effort 9 --distance 1
1025469.png	photo	512	512	9	1.2000	31931	30956	1.422315	1.372505	85.4439	85.9932	420.01	570.92	627	5895	1261	24120	31903	0	28	464	6267	702	23500	30933	0	23	3.150	3.629	-0.5493	OPEN	f75f71d8c10110941499a241849d8d781fe20ae8	cargo run -p jxl-encoder --release --features 'parallel butteraugli-loop ssim2-loop' --example cjxl_parity_ledger -- --update --image 1025469.png --effort 9 --distance 1.2
1025469.png	photo	512	512	9	1.4000	29023	27869	1.787869	1.756815	83.5846	83.9329	638.23	863.39	697	5497	1727	21074	28995	0	28	476	6161	787	20422	27846	0	23	4.141	1.768	-0.3483	FIXED	a0928cf453ea7c3a7d3e123590f8ed8c2121d7e0	cargo run -p jxl-encoder --release --features 'parallel butteraugli-loop ssim2-loop' --example cjxl_parity_ledger -- --update --image 1025469.png --effort 9 --distance 1.4
1025469.png	photo	512	512	9	1.6000	25583	25116	1.873886	1.822551	81.5953	82.0441	570.41	781.97	528	5381	1025	18622	25556	0	27	427	5985	644	18041	25097	0	19	1.859	2.817	-0.4488	FIXED	a0928cf453ea7c3a7d3e123590f8ed8c2121d7e0	cargo run -p jxl-encoder --release --features 'parallel butteraugli-loop ssim2-loop' --example cjxl_parity_ledger -- --update --image 1025469.png --effort 9 --distance 1.6
1025469.png	photo	512	512	9	1.8000	22985	23065	1.880604	1.997437	80.3277	80.5899	637.81	1024.61	569	5257	671	16462	22959	0	26	489	5838	664	16055	23046	0	19	-0.347	-5.849	-0.2622	FIXED	a0928cf453ea7c3a7d3e123590f8ed8c2121d7e0	cargo run -p jxl-encoder --release --features 'parallel butteraugli-loop ssim2-loop' --example cjxl_parity_ledger -- --update --image 1025469.png --effort 9 --distance 1.8
1025469.png	photo	512	512	9	2.0000	21720	21008	2.070367	2.075254	78.6380	78.8558	521.66	775.27	527	5047	844	15276	21694	0	26	445	5610	496	14438	20989	0	19	3.389	-0.236	-0.2178	FIXED	a0928cf453ea7c3a7d3e123590f8ed8c2121d7e0	cargo run -p jxl-encoder --release --features 'parallel butteraugli-loop ssim2-loop' --example cjxl_parity_ledger -- --update --image 1025469.png --effort 9 --distance 2
1025469.png	photo	512	512	9	2.5000	18502	17694	2.529615	2.604743	74.0978	74.6049	441.80	811.07	619	4601	1018	12238	18476	0	26	428	5282	479	11486	17675	0	19	4.567	-2.884	-0.5071	FIXED	a0928cf453ea7c3a7d3e123590f8ed8c2121d7e0	cargo run -p jxl-encoder --release --features 'parallel butteraugli-loop ssim2-loop' --example cjxl_parity_ledger -- --update --image 1025469.png --effort 9 --distance 2.5
1025469.png	photo	512	512	9	3.0000	15847	15346	2.974223	2.912284	69.5015	70.3009	756.90	1308.00	516	4405	546	10354	15821	0	26	434	4894	426	9527	15281	35	30	3.265	2.127	-0.7995	FIXED	a0928cf453ea7c3a7d3e123590f8ed8c2121d7e0	cargo run -p jxl-encoder --release --features 'parallel butteraugli-loop ssim2-loop' --example cjxl_parity_ledger -- --update --image 1025469.png --effort 9 --distance 3
1025469.png	photo	512	512	9	4.0000	12438	12219	4.002201	4.090178	62.1253	63.2392	934.90	925.13	551	4044	556	7260	12411	0	27	392	4620	339	6804	12155	33	31	1.792	-2.151	-1.1139	FIXED	a0928cf453ea7c3a7d3e123590f8ed8c2121d7e0	cargo run -p jxl-encoder --release --features 'parallel butteraugli-loop ssim2-loop' --example cjxl_parity_ledger -- --update --image 1025469.png --effort 9 --distance 4
1025469.png	photo	512	512	9	5.0000	10241	10139	4.422196	4.571290	54.4071	55.1609	635.52	710.92	451	3587	516	5660	10214	0	27	348	3863	623	5241	10075	33	31	1.006	-3.262	-0.7538	FIXED	a0928cf453ea7c3a7d3e123590f8ed8c2121d7e0	cargo run -p jxl-encoder --release --features 'parallel butteraugli-loop ssim2-loop' --example cjxl_parity_ledger -- --update --image 1025469.png --effort 9 --distance 5
1025469.png	photo	512	512	9	6.0000	8618	8869	5.265250	5.010070	46.0588	47.7961	577.92	650.62	426	3339	485	4342	8592	0	26	336	3676	678	4116	8806	33	30	-2.830	5.093	-1.7373	FIXED	a0928cf453ea7c3a7d3e123590f8ed8c2121d7e0	cargo run -p jxl-encoder --release --features 'parallel butteraugli-loop ssim2-loop' --example cjxl_parity_ledger -- --update --image 1025469.png --effort 9 --distance 6
1189261.png	photo	512	512	5	0.2000	177167	175690	0.428869	0.464763	94.7180	94.6523	64.03	59.12	508	11995	3234	161399	177136	0	31	413	12369	2813	160065	175660	0	30	0.841	-7.723	0.0657	FIXED	a0928cf453ea7c3a7d3e123590f8ed8c2121d7e0	cargo run -p jxl-encoder --release --features 'parallel butteraugli-loop ssim2-loop' --example cjxl_parity_ledger -- --update --image 1189261.png --effort 5 --distance 0.2
1189261.png	photo	512	512	5	0.4000	120404	119852	0.668684	0.677599	92.5974	92.3762	58.21	62.14	547	10462	2683	106682	120374	0	30	413	10823	2225	106362	119823	0	29	0.461	-1.316	0.2212	FIXED	a0928cf453ea7c3a7d3e123590f8ed8c2121d7e0	cargo run -p jxl-encoder --release --features 'parallel butteraugli-loop ssim2-loop' --example cjxl_parity_ledger -- --update --image 1189261.png --effort 5 --distance 0.4
1189261.png	photo	512	512	5	0.6000	90707	90677	0.884221	0.880848	90.5682	90.4977	51.50	64.30	552	9504	1814	78807	90677	0	30	420	9856	1402	78970	90648	0	29	0.033	0.383	0.0705	FIXED	a0928cf453ea7c3a7d3e123590f8ed8c2121d7e0	cargo run -p jxl-encoder --release --features 'parallel butteraugli-loop ssim2-loop' --example cjxl_parity_ledger -- --update --image 1189261.png --effort 5 --distance 0.6
1189261.png	photo	512	512	5	0.8000	75546	75325	1.052916	1.044530	88.6919	88.5411	48.16	62.33	497	8994	1542	64482	75515	0	31	403	9359	1338	64195	75295	0	30	0.293	0.803	0.1509	FIXED	a0928cf453ea7c3a7d3e123590f8ed8c2121d7e0	cargo run -p jxl-encoder --release --features 'parallel butteraugli-loop ssim2-loop' --example cjxl_parity_ledger -- --update --image 1189261.png --effort 5 --distance 0.8
1189261.png	photo	512	512	5	1.0000	64787	64584	1.328577	1.324982	86.6916	86.6134	44.15	58.86	528	8459	1218	54554	64759	0	28	427	8856	1059	54215	64557	0	27	0.314	0.271	0.0782	FIXED	a0928cf453ea7c3a7d3e123590f8ed8c2121d7e0	cargo run -p jxl-encoder --release --features 'parallel butteraugli-loop ssim2-loop' --example cjxl_parity_ledger -- --update --image 1189261.png --effort 5 --distance 1
1189261.png	photo	512	512	5	1.2000	57838	56808	1.663626	1.638049	84.7463	84.9839	44.35	59.37	495	8134	1789	47392	57810	0	28	429	8551	1005	46797	56782	0	26	1.813	1.561	-0.2376	FIXED	a0928cf453ea7c3a7d3e123590f8ed8c2121d7e0	cargo run -p jxl-encoder --release --features 'parallel butteraugli-loop ssim2-loop' --example cjxl_parity_ledger -- --update --image 1189261.png --effort 5 --distance 1.2
1189261.png	photo	512	512	5	1.4000	51129	50895	2.138151	2.147181	83.3747	83.3869	52.05	63.13	513	7789	1138	41661	51101	0	28	398	8238	1022	41211	50869	0	26	0.460	-0.421	-0.0122	FIXED	a0928cf453ea7c3a7d3e123590f8ed8c2121d7e0	cargo run -p jxl-encoder --release --features 'parallel butteraugli-loop ssim2-loop' --example cjxl_parity_ledger -- --update --image 1189261.png --effort 5 --distance 1.4
1189261.png	photo	512	512	5	1.6000	46853	46134	2.204308	2.211633	82.0353	81.7582	79.79	114.00	579	7567	1217	37463	46826	0	27	405	8045	927	36735	46112	0	22	1.559	-0.331	0.2770	FIXED	a0928cf453ea7c3a7d3e123590f8ed8c2121d7e0	cargo run -p jxl-encoder --release --features 'parallel butteraugli-loop ssim2-loop' --example cjxl_parity_ledger -- --update --image 1189261.png --effort 5 --distance 1.6
1189261.png	photo	512	512	5	1.8000	43232	42172	2.195723	2.226853	80.4197	80.2482	72.39	187.39	476	7307	1345	34077	43205	0	27	386	7782	865	33117	42150	0	22	2.514	-1.398	0.1715	FIXED	a0928cf453ea7c3a7d3e123590f8ed8c2121d7e0	cargo run -p jxl-encoder --release --features 'parallel butteraugli-loop ssim2-loop' --example cjxl_parity_ledger -- --update --image 1189261.png --effort 5 --distance 1.8
1189261.png	photo	512	512	5	2.0000	40028	39009	2.573416	2.567533	78.7996	78.7477	88.86	81.27	469	7050	1241	31241	40001	0	27	382	7578	856	30171	38987	0	22	2.612	0.229	0.0519	FIXED	a0928cf453ea7c3a7d3e123590f8ed8c2121d7e0	cargo run -p jxl-encoder --release --features 'parallel butteraugli-loop ssim2-loop' --example cjxl_parity_ledger -- --update --image 1189261.png --effort 5 --distance 2
1189261.png	photo	512	512	5	2.5000	33480	32793	3.002266	2.977139	74.6235	74.3765	69.40	149.26	468	6615	999	25372	33454	0	26	404	7186	795	24386	32771	0	22	2.095	0.844	0.2470	FIXED	a0928cf453ea7c3a7d3e123590f8ed8c2121d7e0	cargo run -p jxl-encoder --release --features 'parallel butteraugli-loop ssim2-loop' --example cjxl_parity_ledger -- --update --image 1189261.png --effort 5 --distance 2.5
1189261.png	photo	512	512	5	3.0000	29955	28859	3.113792	3.223667	71.1437	71.0663	79.26	172.22	458	6311	1082	22077	29928	0	27	381	6863	714	20876	28834	0	25	3.798	-3.408	0.0773	FIXED	a0928cf453ea7c3a7d3e123590f8ed8c2121d7e0	cargo run -p jxl-encoder --release --features 'parallel butteraugli-loop ssim2-loop' --example cjxl_parity_ledger -- --update --image 1189261.png --effort 5 --distance 3
1189261.png	photo	512	512	5	4.0000	23805	22811	4.060639	3.916037	61.1628	60.8805	40.94	58.81	498	5747	874	16659	23778	0	27	388	6282	608	15507	22785	0	26	4.358	3.693	0.2823	OPEN	f75f71d8c10110941499a241849d8d781fe20ae8	cargo run -p jxl-encoder --release --features 'parallel butteraugli-loop ssim2-loop' --example cjxl_parity_ledger -- --update --image 1189261.png --effort 5 --distance 4
1189261.png	photo	512	512	5	5.0000	19562	19021	5.017675	4.982890	55.2393	54.5609	68.09	157.17	424	5302	746	13063	19535	0	27	351	5908	879	11857	18995	0	26	2.844	0.698	0.6784	FIXED	a0928cf453ea7c3a7d3e123590f8ed8c2121d7e0	cargo run -p jxl-encoder --release --features 'parallel butteraugli-loop ssim2-loop' --example cjxl_parity_ledger -- --update --image 1189261.png --effort 5 --distance 5
1189261.png	photo	512	512	5	6.0000	17082	16561	5.252153	5.278924	49.5757	48.4774	85.58	184.33	411	4979	921	10744	17055	0	27	336	5526	569	10104	16535	0	26	3.146	-0.507	1.0983	FIXED	a0928cf453ea7c3a7d3e123590f8ed8c2121d7e0	cargo run -p jxl-encoder --release --features 'parallel butteraugli-loop ssim2-loop' --example cjxl_parity_ledger -- --update --image 1189261.png --effort 5 --distance 6
1189261.png	photo	512	512	6	0.2000	176682	175370	0.428869	0.464623	94.7322	94.6922	209.00	274.47	511	12067	3131	160942	176651	0	31	432	12437	2849	159622	175340	0	30	0.748	-7.695	0.0400	FIXED	a0928cf453ea7c3a7d3e123590f8ed8c2121d7e0	cargo run -p jxl-encoder --release --features 'parallel butteraugli-loop ssim2-loop' --example cjxl_parity_ledger -- --update --image 1189261.png --effort 6 --distance 0.2
1189261.png	photo	512	512	6	0.4000	119760	119384	0.678132	0.680232	92.6467	92.3630	138.51	265.47	550	10620	2488	106072	119730	0	30	411	10977	2359	105608	119355	0	29	0.315	-0.309	0.2837	FIXED	a0928cf453ea7c3a7d3e123590f8ed8c2121d7e0	cargo run -p jxl-encoder --release --features 'parallel butteraugli-loop ssim2-loop' --example cjxl_parity_ledger -- --update --image 1189261.png --effort 6 --distance 0.4
1189261.png	photo	512	512	6	0.6000	90208	90022	0.907578	0.901753	90.5869	90.5293	126.11	124.77	558	9703	1732	78185	90178	0	30	423	10025	1545	78000	89993	0	29	0.207	0.646	0.0575	FIXED	a0928cf453ea7c3a7d3e123590f8ed8c2121d7e0	cargo run -p jxl-encoder --release --features 'parallel butteraugli-loop ssim2-loop' --example cjxl_parity_ledger -- --update --image 1189261.png --effort 6 --distance 0.6
1189261.png	photo	512	512	6	0.8000	75200	74944	1.075373	1.025967	88.7849	88.7559	266.11	240.24	526	9453	1426	63764	75169	0	31	405	10038	1054	63417	74914	0	30	0.342	4.816	0.0290	FIXED	a0928cf453ea7c3a7d3e123590f8ed8c2121d7e0	cargo run -p jxl-encoder --release --features 'parallel butteraugli-loop ssim2-loop' --example cjxl_parity_ledger -- --update --image 1189261.png --effort 6 --distance 0.8
1189261.png	photo	512	512	6	1.0000	64700	64371	1.333797	1.206728	86.6873	86.6801	153.75	345.44	537	9009	1249	53877	64672	0	28	428	9577	967	53373	64345	0	26	0.511	10.530	0.0072	FIXED	a0928cf453ea7c3a7d3e123590f8ed8c2121d7e0	cargo run -p jxl-encoder --release --features 'parallel butteraugli-loop ssim2-loop' --example cjxl_parity_ledger -- --update --image 1189261.png --effort 6 --distance 1
1189261.png	photo	512	512	6	1.2000	57867	56668	1.648585	1.626814	84.7464	85.0156	128.95	155.40	507	8706	1723	46903	57839	0	28	436	9284	1020	45902	56642	0	26	2.116	1.338	-0.2691	FIXED	a0928cf453ea7c3a7d3e123590f8ed8c2121d7e0	cargo run -p jxl-encoder --release --features 'parallel butteraugli-loop ssim2-loop' --example cjxl_parity_ledger -- --update --image 1189261.png --effort 6 --distance 1.2
1189261.png	photo	512	512	6	1.4000	51301	50579	2.138247	2.142888	83.2729	83.4594	129.37	249.11	531	8423	1166	41153	51273	0	28	422	9004	910	40217	50553	0	26	1.427	-0.217	-0.1865	FIXED	a0928cf453ea7c3a7d3e123590f8ed8c2121d7e0	cargo run -p jxl-encoder --release --features 'parallel butteraugli-loop ssim2-loop' --example cjxl_parity_ledger -- --update --image 1189261.png --effort 6 --distance 1.4
1189261.png	photo	512	512	6	1.6000	47003	46126	2.186383	2.166305	82.0121	81.7294	166.88	189.67	595	8256	1105	37020	46976	0	27	441	8826	902	35935	46104	0	22	1.901	0.927	0.2827	FIXED	a0928cf453ea7c3a7d3e123590f8ed8c2121d7e0	cargo run -p jxl-encoder --release --features 'parallel butteraugli-loop ssim2-loop' --example cjxl_parity_ledger -- --update --image 1189261.png --effort 6 --distance 1.6
1189261.png	photo	512	512	6	1.8000	43119	42494	2.147253	2.045316	80.4654	80.6198	141.18	299.72	496	8035	1143	33418	43092	0	27	403	8667	787	32615	42472	0	22	1.471	4.984	-0.1544	FIXED	a0928cf453ea7c3a7d3e123590f8ed8c2121d7e0	cargo run -p jxl-encoder --release --features 'parallel butteraugli-loop ssim2-loop' --example cjxl_parity_ledger -- --update --image 1189261.png --effort 6 --distance 1.8
1189261.png	photo	512	512	6	2.0000	40322	39338	2.344997	2.329523	78.8523	78.9832	188.26	241.50	482	7775	1207	30831	40295	0	27	368	8462	877	29609	39316	0	22	2.501	0.664	-0.1310	FIXED	a0928cf453ea7c3a7d3e123590f8ed8c2121d7e0	cargo run -p jxl-encoder --release --features 'parallel butteraugli-loop ssim2-loop' --example cjxl_parity_ledger -- --update --image 1189261.png --effort 6 --distance 2
1189261.png	photo	512	512	6	2.5000	33947	33149	2.812358	2.840825	74.9200	74.9359	252.46	158.04	476	7368	902	25175	33921	0	26	400	8016	759	23952	33127	0	22	2.407	-1.002	-0.0159	FIXED	a0928cf453ea7c3a7d3e123590f8ed8c2121d7e0	cargo run -p jxl-encoder --release --features 'parallel butteraugli-loop ssim2-loop' --example cjxl_parity_ledger -- --update --image 1189261.png --effort 6 --distance 2.5
1189261.png	photo	512	512	6	3.0000	30443	29331	3.100836	3.187688	71.8625	72.0091	138.82	188.67	473	7055	1031	21857	30416	0	27	389	7669	752	20496	29306	0	25	3.791	-2.725	-0.1465	FIXED	a0928cf453ea7c3a7d3e123590f8ed8c2121d7e0	cargo run -p jxl-encoder --release --features 'parallel butteraugli-loop ssim2-loop' --example cjxl_parity_ledger -- --update --image 1189261.png --effort 6 --distance 3
1189261.png	photo	512	512	6	4.0000	24566	23729	4.070668	4.387672	65.6653	65.4771	238.94	159.30	501	6592	909	16537	24539	0	27	388	7215	633	15467	23703	0	26	3.527	-7.225	0.1882	FIXED	a0928cf453ea7c3a7d3e123590f8ed8c2121d7e0	cargo run -p jxl-encoder --release --features 'parallel butteraugli-loop ssim2-loop' --example cjxl_parity_ledger -- --update --image 1189261.png --effort 6 --distance 4
1189261.png	photo	512	512	6	5.0000	20013	19457	4.827560	4.851011	60.0554	59.8905	186.41	230.09	393	5784	746	13063	19986	0	27	365	6365	862	11839	19431	0	26	2.858	-0.483	0.1649	FIXED	a0928cf453ea7c3a7d3e123590f8ed8c2121d7e0	cargo run -p jxl-encoder --release --features 'parallel butteraugli-loop ssim2-loop' --example cjxl_parity_ledger -- --update --image 1189261.png --effort 6 --distance 5
1189261.png	photo	512	512	6	6.0000	17544	17046	4.889820	5.015513	54.5451	53.3891	176.55	247.32	413	5439	921	10744	17517	0	27	360	5957	911	9792	17020	0	26	2.922	-2.506	1.1559	FIXED	a0928cf453ea7c3a7d3e123590f8ed8c2121d7e0	cargo run -p jxl-encoder --release --features 'parallel butteraugli-loop ssim2-loop' --example cjxl_parity_ledger -- --update --image 1189261.png --effort 6 --distance 6
1189261.png	photo	512	512	7	0.2000	182296	180217	0.423754	0.436893	94.7972	94.6088	202.03	246.80	510	12047	3386	166322	182265	0	31	418	12436	3030	164303	180187	0	30	1.154	-3.007	0.1884	FIXED	a0928cf453ea7c3a7d3e123590f8ed8c2121d7e0	cargo run -p jxl-encoder --release --features 'parallel butteraugli-loop ssim2-loop' --example cjxl_parity_ledger -- --update --image 1189261.png --effort 7 --distance 0.2
1189261.png	photo	512	512	7	0.4000	123193	122626	0.668162	0.665419	92.5010	92.5041	242.69	267.82	550	10617	2606	109390	123163	0	30	407	11007	2317	108866	122597	0	29	0.462	0.412	-0.0031	FIXED	a0928cf453ea7c3a7d3e123590f8ed8c2121d7e0	cargo run -p jxl-encoder --release --features 'parallel butteraugli-loop ssim2-loop' --example cjxl_parity_ledger -- --update --image 1189261.png --effort 7 --distance 0.4
1189261.png	photo	512	512	7	0.6000	92405	92123	0.953941	0.972670	90.6660	90.8046	187.13	314.87	538	9699	1665	80473	92375	0	30	418	10045	1533	80098	92094	0	29	0.306	-1.926	-0.1387	FIXED	a0928cf453ea7c3a7d3e123590f8ed8c2121d7e0	cargo run -p jxl-encoder --release --features 'parallel butteraugli-loop ssim2-loop' --example cjxl_parity_ledger -- --update --image 1189261.png --effort 7 --distance 0.6
1189261.png	photo	512	512	7	0.8000	77221	76958	1.071246	1.014691	88.8636	89.0129	308.98	263.02	532	9441	1356	65861	77190	0	31	419	10035	1062	65412	76928	0	30	0.342	5.574	-0.1492	FIXED	a0928cf453ea7c3a7d3e123590f8ed8c2121d7e0	cargo run -p jxl-encoder --release --features 'parallel butteraugli-loop ssim2-loop' --example cjxl_parity_ledger -- --update --image 1189261.png --effort 7 --distance 0.8
1189261.png	photo	512	512	7	1.0000	66362	65994	1.356464	1.257007	86.8700	87.0541	297.01	405.79	544	9012	1218	55560	66334	0	28	430	9589	1009	54940	65968	0	26	0.558	7.912	-0.1841	FIXED	a0928cf453ea7c3a7d3e123590f8ed8c2121d7e0	cargo run -p jxl-encoder --release --features 'parallel butteraugli-loop ssim2-loop' --example cjxl_parity_ledger -- --update --image 1189261.png --effort 7 --distance 1
1189261.png	photo	512	512	7	1.2000	59207	57817	1.648085	1.602741	85.0775	85.4168	177.27	190.36	510	8709	1778	48182	59179	0	28	437	9315	1003	47036	57791	0	26	2.404	2.829	-0.3393	FIXED	a0928cf453ea7c3a7d3e123590f8ed8c2121d7e0	cargo run -p jxl-encoder --release --features 'parallel butteraugli-loop ssim2-loop' --example cjxl_parity_ledger -- --update --image 1189261.png --effort 7 --distance 1.2
1189261.png	photo	512	512	7	1.4000	52895	51612	2.138185	2.141302	83.5688	83.6705	253.63	287.25	531	8430	1329	42577	52867	0	28	421	9016	897	41252	51586	0	26	2.486	-0.146	-0.1016	FIXED	a0928cf453ea7c3a7d3e123590f8ed8c2121d7e0	cargo run -p jxl-encoder --release --features 'parallel butteraugli-loop ssim2-loop' --example cjxl_parity_ledger -- --update --image 1189261.png --effort 7 --distance 1.4
1189261.png	photo	512	512	7	1.6000	48016	47091	2.188724	2.167439	82.2090	82.0694	258.67	197.38	596	8259	1017	38118	47990	0	26	431	8853	830	36952	47066	0	25	1.964	0.982	0.1396	FIXED	a0928cf453ea7c3a7d3e123590f8ed8c2121d7e0	cargo run -p jxl-encoder --release --features 'parallel butteraugli-loop ssim2-loop' --example cjxl_parity_ledger -- --update --image 1189261.png --effort 7 --distance 1.6
1189261.png	photo	512	512	7	1.8000	43977	43386	2.147146	2.042127	80.7240	80.5914	164.87	235.81	496	8039	1129	34286	43950	0	27	400	8663	962	33336	43361	0	25	1.362	5.143	0.1326	FIXED	a0928cf453ea7c3a7d3e123590f8ed8c2121d7e0	cargo run -p jxl-encoder --release --features 'parallel butteraugli-loop ssim2-loop' --example cjxl_parity_ledger -- --update --image 1189261.png --effort 7 --distance 1.8
1189261.png	photo	512	512	7	2.0000	41366	40101	2.345783	2.328590	78.8396	79.2778	153.44	173.89	469	7679	1183	32008	41339	0	27	383	8469	909	30315	40076	0	25	3.155	0.738	-0.4382	FIXED	a0928cf453ea7c3a7d3e123590f8ed8c2121d7e0	cargo run -p jxl-encoder --release --features 'parallel butteraugli-loop ssim2-loop' --example cjxl_parity_ledger -- --update --image 1189261.png --effort 7 --distance 2
1189261.png	photo	512	512	7	2.5000	34717	33849	2.813088	2.844416	74.8112	75.0126	55.42	104.01	518	7277	936	25960	34691	0	26	397	8013	864	24550	33824	0	25	2.564	-1.101	-0.2014	FIXED	860a06a9cb8ae15336b1a2379afff8a1641c81fa	cargo run -p jxl-encoder --release --features 'parallel butteraugli-loop ssim2-loop' --example cjxl_parity_ledger -- --update --image 1189261.png --effort 7 --distance 2.5
1189261.png	photo	512	512	7	3.0000	31134	29197	3.279565	3.141826	71.1600	71.8181	95.12	115.92	452	6982	1406	22267	31107	0	27	391	7636	602	20543	29172	0	25	6.634	4.384	-0.6581	OPEN	f75f71d8c10110941499a241849d8d781fe20ae8	cargo run -p jxl-encoder --release --features 'parallel butteraugli-loop ssim2-loop' --example cjxl_parity_ledger -- --update --image 1189261.png --effort 7 --distance 3
1189261.png	photo	512	512	7	4.0000	24874	23751	4.071378	3.739074	65.1277	65.4949	161.87	114.28	528	6518	938	16863	24847	0	27	367	7234	625	15499	23725	0	26	4.728	8.887	-0.3672	OPEN	f75f71d8c10110941499a241849d8d781fe20ae8	cargo run -p jxl-encoder --release --features 'parallel butteraugli-loop ssim2-loop' --example cjxl_parity_ledger -- --update --image 1189261.png --effort 7 --distance 4
1189261.png	photo	512	512	7	5.0000	20397	19385	4.820922	4.851021	59.2703	59.3950	183.61	175.86	416	5794	952	13208	20370	0	27	339	6365	906	11749	19359	0	26	5.221	-0.620	-0.1247	FIXED	a0928cf453ea7c3a7d3e123590f8ed8c2121d7e0	cargo run -p jxl-encoder --release --features 'parallel butteraugli-loop ssim2-loop' --example cjxl_parity_ledger -- --update --image 1189261.png --effort 7 --distance 5
1189261.png	photo	512	512	7	6.0000	17210	16884	4.860351	4.983646	53.1456	54.0677	217.34	408.58	404	5460	646	10673	17183	0	27	361	5944	705	9848	16858	0	26	1.931	-2.474	-0.9221	FIXED	a0928cf453ea7c3a7d3e123590f8ed8c2121d7e0	cargo run -p jxl-encoder --release --features 'parallel butteraugli-loop ssim2-loop' --example cjxl_parity_ledger -- --update --image 1189261.png --effort 7 --distance 6
1189261.png	photo	512	512	8	0.2000	188112	187116	0.306505	0.288579	94.8890	94.8955	691.23	685.61	549	12326	3470	171736	188081	0	31	332	12898	3235	170621	187086	0	30	0.532	6.212	-0.0065	FIXED	a0928cf453ea7c3a7d3e123590f8ed8c2121d7e0	cargo run -p jxl-encoder --release --features 'parallel butteraugli-loop ssim2-loop' --example cjxl_parity_ledger -- --update --image 1189261.png --effort 8 --distance 0.2
1189261.png	photo	512	512	8	0.4000	124089	123607	0.527373	0.542113	92.6699	92.8228	591.38	730.85	491	10619	2541	110408	124059	0	30	365	11201	2172	109840	123578	0	29	0.390	-2.719	-0.1529	FIXED	a0928cf453ea7c3a7d3e123590f8ed8c2121d7e0	cargo run -p jxl-encoder --release --features 'parallel butteraugli-loop ssim2-loop' --example cjxl_parity_ledger -- --update --image 1189261.png --effort 8 --distance 0.4
1189261.png	photo	512	512	8	0.6000	91226	91381	0.771380	0.804350	90.8662	90.9493	429.43	647.29	489	9483	1582	79642	91196	0	30	384	9994	1757	79217	91352	0	29	-0.170	-4.099	-0.0831	FIXED	a0928cf453ea7c3a7d3e123590f8ed8c2121d7e0	cargo run -p jxl-encoder --release --features 'parallel butteraugli-loop ssim2-loop' --example cjxl_parity_ledger -- --update --image 1189261.png --effort 8 --distance 0.6
1189261.png	photo	512	512	8	0.8000	75843	75638	0.994799	0.918845	88.8011	88.9800	435.98	712.34	557	9281	1483	64491	75812	0	31	388	9982	1064	64174	75608	0	30	0.271	8.266	-0.1789	FIXED	a0928cf453ea7c3a7d3e123590f8ed8c2121d7e0	cargo run -p jxl-encoder --release --features 'parallel butteraugli-loop ssim2-loop' --example cjxl_parity_ledger -- --update --image 1189261.png --effort 8 --distance 0.8
1189261.png	photo	512	512	8	1.0000	64542	64415	1.232544	1.195247	87.0809	87.1009	484.36	848.31	506	8964	1138	53906	64514	0	28	419	9646	1074	53249	64388	0	27	0.197	3.120	-0.0200	FIXED	a0928cf453ea7c3a7d3e123590f8ed8c2121d7e0	cargo run -p jxl-encoder --release --features 'parallel butteraugli-loop ssim2-loop' --example cjxl_parity_ledger -- --update --image 1189261.png --effort 8 --distance 1
1189261.png	photo	512	512	8	1.2000	57301	55877	1.423359	1.420335	85.4162	85.2018	600.56	702.48	548	8546	1741	46438	57273	0	28	425	9288	936	45202	55851	0	26	2.548	0.213	0.2144	FIXED	a0928cf453ea7c3a7d3e123590f8ed8c2121d7e0	cargo run -p jxl-encoder --release --features 'parallel butteraugli-loop ssim2-loop' --example cjxl_parity_ledger -- --update --image 1189261.png --effort 8 --distance 1.2
1189261.png	photo	512	512	8	1.4000	50562	49859	1.543525	1.501735	83.3738	83.5505	434.99	644.60	537	8284	1182	40531	50534	0	28	447	9056	926	39404	49833	0	26	1.410	2.783	-0.1767	FIXED	a0928cf453ea7c3a7d3e123590f8ed8c2121d7e0	cargo run -p jxl-encoder --release --features 'parallel butteraugli-loop ssim2-loop' --example cjxl_parity_ledger -- --update --image 1189261.png --effort 8 --distance 1.4
1189261.png	photo	512	512	8	1.6000	46323	45720	1.748850	1.766269	82.2268	82.5156	332.11	533.30	602	8070	1143	36481	46296	0	27	452	8841	828	35574	45695	0	25	1.319	-0.986	-0.2889	FIXED	a0928cf453ea7c3a7d3e123590f8ed8c2121d7e0	cargo run -p jxl-encoder --release --features 'parallel butteraugli-loop ssim2-loop' --example cjxl_parity_ledger -- --update --image 1189261.png --effort 8 --distance 1.6
1189261.png	photo	512	512	8	1.8000	42477	41933	2.010794	2.356615	80.9158	81.0460	496.97	770.26	538	7854	1088	32970	42450	0	27	458	8685	824	31941	41908	0	25	1.297	-14.674	-0.1302	FIXED	a0928cf453ea7c3a7d3e123590f8ed8c2121d7e0	cargo run -p jxl-encoder --release --features 'parallel butteraugli-loop ssim2-loop' --example cjxl_parity_ledger -- --update --image 1189261.png --effort 8 --distance 1.8
1189261.png	photo	512	512	8	2.0000	39932	38685	2.200412	2.284333	79.3156	79.0877	497.13	579.40	507	7638	1111	30649	39905	0	27	468	8472	840	28880	38660	0	25	3.223	-3.674	0.2279	FIXED	a0928cf453ea7c3a7d3e123590f8ed8c2121d7e0	cargo run -p jxl-encoder --release --features 'parallel butteraugli-loop ssim2-loop' --example cjxl_parity_ledger -- --update --image 1189261.png --effort 8 --distance 2
1189261.png	photo	512	512	8	2.5000	32900	32211	2.554597	2.579384	74.6923	74.8922	368.73	572.71	464	7224	968	24218	32874	0	26	434	8015	823	22914	32186	0	25	2.139	-0.961	-0.1999	FIXED	a0928cf453ea7c3a7d3e123590f8ed8c2121d7e0	cargo run -p jxl-encoder --release --features 'parallel butteraugli-loop ssim2-loop' --example cjxl_parity_ledger -- --update --image 1189261.png --effort 8 --distance 2.5
1189261.png	photo	512	512	8	3.0000	29199	27462	2.995793	2.858675	70.7247	71.1025	253.45	368.54	468	6963	1395	20346	29172	0	27	436	7752	652	18597	27437	0	25	6.325	4.797	-0.3778	OPEN	f75f71d8c10110941499a241849d8d781fe20ae8	cargo run -p jxl-encoder --release --features 'parallel butteraugli-loop ssim2-loop' --example cjxl_parity_ledger -- --update --image 1189261.png --effort 8 --distance 3
1189261.png	photo	512	512	8	4.0000	22333	22019	3.907948	3.840046	63.5650	63.8344	762.33	688.65	451	6525	693	14637	22306	0	27	406	7361	595	13631	21993	0	26	1.426	1.768	-0.2694	FIXED	a0928cf453ea7c3a7d3e123590f8ed8c2121d7e0	cargo run -p jxl-encoder --release --features 'parallel butteraugli-loop ssim2-loop' --example cjxl_parity_ledger -- --update --image 1189261.png --effort 8 --distance 4
1189261.png	photo	512	512	8	5.0000	18565	17868	4.928088	4.974682	57.5425	57.3972	576.30	542.44	431	5728	838	11541	18538	0	27	328	6407	767	10340	17842	0	26	3.901	-0.937	0.1453	FIXED	a0928cf453ea7c3a7d3e123590f8ed8c2121d7e0	cargo run -p jxl-encoder --release --features 'parallel butteraugli-loop ssim2-loop' --example cjxl_parity_ledger -- --update --image 1189261.png --effort 8 --distance 5
1189261.png	photo	512	512	8	6.0000	15656	15537	5.651275	5.215131	50.5503	51.7686	449.68	504.01	414	5455	588	9172	15629	0	27	352	5982	683	8494	15511	0	26	0.766	8.363	-1.2183	FIXED	a0928cf453ea7c3a7d3e123590f8ed8c2121d7e0	cargo run -p jxl-encoder --release --features 'parallel butteraugli-loop ssim2-loop' --example cjxl_parity_ledger -- --update --image 1189261.png --effort 8 --distance 6
1189261.png	photo	512	512	9	0.2000	191234	188773	0.242436	0.278246	94.9235	94.8957	708.28	896.50	804	12367	5082	172950	191203	0	31	345	12916	2929	172553	188743	0	30	1.304	-12.870	0.0278	FIXED	a0928cf453ea7c3a7d3e123590f8ed8c2121d7e0	cargo run -p jxl-encoder --release --features 'parallel butteraugli-loop ssim2-loop' --example cjxl_parity_ledger -- --update --image 1189261.png --effort 9 --distance 0.2
1189261.png	photo	512	512	9	0.4000	125784	124654	0.492911	0.507874	92.7185	92.8446	587.98	696.71	755	10653	3312	111034	125754	0	30	378	11195	2349	110703	124625	0	29	0.907	-2.946	-0.1261	FIXED	a0928cf453ea7c3a7d3e123590f8ed8c2121d7e0	cargo run -p jxl-encoder --release --features 'parallel butteraugli-loop ssim2-loop' --example cjxl_parity_ledger -- --update --image 1189261.png --effort 9 --distance 0.4
1189261.png	photo	512	512	9	0.6000	92178	91332	0.691163	0.706796	90.7283	90.9502	479.66	670.51	741	9488	2185	79734	92148	0	30	443	9933	1448	79479	91303	0	29	0.926	-2.212	-0.2220	FIXED	a0928cf453ea7c3a7d3e123590f8ed8c2121d7e0	cargo run -p jxl-encoder --release --features 'parallel butteraugli-loop ssim2-loop' --example cjxl_parity_ledger -- --update --image 1189261.png --effort 9 --distance 0.6
1189261.png	photo	512	512	9	0.8000	76569	75927	0.912779	0.881335	88.8247	89.1233	551.02	792.64	785	9243	1983	64527	76538	0	31	426	9946	1241	64284	75897	0	30	0.846	3.568	-0.2986	FIXED	a0928cf453ea7c3a7d3e123590f8ed8c2121d7e0	cargo run -p jxl-encoder --release --features 'parallel butteraugli-loop ssim2-loop' --example cjxl_parity_ledger -- --update --image 1189261.png --effort 9 --distance 0.8
1189261.png	photo	512	512	9	1.0000	65120	64417	1.218010	1.134560	87.0149	87.1692	483.83	727.68	750	8893	1581	53868	65092	0	28	440	9604	969	53378	64391	0	26	1.091	7.355	-0.1543	FIXED	a0928cf453ea7c3a7d3e123590f8ed8c2121d7e0	cargo run -p jxl-encoder --release --features 'parallel butteraugli-loop ssim2-loop' --example cjxl_parity_ledger -- --update --image 1189261.png --effort 9 --distance 1
1189261.png	photo	512	512	9	1.2000	57775	55892	1.423359	1.387883	85.4411	85.3193	528.31	806.66	751	8488	2106	46402	57747	0	28	464	9207	896	45299	55866	0	26	3.369	2.556	0.1218	FIXED	a0928cf453ea7c3a7d3e123590f8ed8c2121d7e0	cargo run -p jxl-encoder --release --features 'parallel butteraugli-loop ssim2-loop' --example cjxl_parity_ledger -- --update --image 1189261.png --effort 9 --distance 1.2
1189261.png	photo	512	512	9	1.4000	51026	49801	1.525504	1.492942	83.3855	83.5544	462.09	688.91	768	8213	1531	40486	50998	0	28	481	8933	898	39463	49775	0	26	2.460	2.181	-0.1688	FIXED	a0928cf453ea7c3a7d3e123590f8ed8c2121d7e0	cargo run -p jxl-encoder --release --features 'parallel butteraugli-loop ssim2-loop' --example cjxl_parity_ledger -- --update --image 1189261.png --effort 9 --distance 1.4
1189261.png	photo	512	512	9	1.6000	46612	45653	1.669293	1.661199	82.2966	82.5611	537.59	822.85	552	8137	1425	36471	46585	0	27	485	8750	795	35598	45628	0	25	2.101	0.487	-0.2645	FIXED	a0928cf453ea7c3a7d3e123590f8ed8c2121d7e0	cargo run -p jxl-encoder --release --features 'parallel butteraugli-loop ssim2-loop' --example cjxl_parity_ledger -- --update --image 1189261.png --effort 9 --distance 1.6
1189261.png	photo	512	512	9	1.8000	42886	41871	1.907413	2.070318	80.9086	81.0658	443.32	867.03	765	7771	1398	32925	42859	0	27	477	8603	787	31979	41846	0	25	2.424	-7.869	-0.1572	FIXED	a0928cf453ea7c3a7d3e123590f8ed8c2121d7e0	cargo run -p jxl-encoder --release --features 'parallel butteraugli-loop ssim2-loop' --example cjxl_parity_ledger -- --update --image 1189261.png --effort 9 --distance 1.8
1189261.png	photo	512	512	9	2.0000	40307	38643	2.200412	2.290541	79.3173	78.9298	946.25	1517.37	644	7623	1410	30603	40280	0	27	455	8427	819	28917	38618	0	25	4.306	-3.935	0.3875	FIXED	a0928cf453ea7c3a7d3e123590f8ed8c2121d7e0	cargo run -p jxl-encoder --release --features 'parallel butteraugli-loop ssim2-loop' --example cjxl_parity_ledger -- --update --image 1189261.png --effort 9 --distance 2
1189261.png	photo	512	512	9	2.5000	33257	32172	2.554597	2.579384	74.6923	74.8922	919.21	1734.84	640	7153	1271	24166	33230	0	27	461	7960	801	22925	32147	0	25	3.372	-0.961	-0.1999	FIXED	a0928cf453ea7c3a7d3e123590f8ed8c2121d7e0	cargo run -p jxl-encoder --release --features 'parallel butteraugli-loop ssim2-loop' --example cjxl_parity_ledger -- --update --image 1189261.png --effort 9 --distance 2.5
1189261.png	photo	512	512	9	3.0000	29505	27351	2.995793	2.858675	70.7247	71.1025	352.10	511.90	639	6900	1533	20406	29478	0	27	452	7646	620	18608	27326	0	25	7.875	4.797	-0.3778	OPEN	f75f71d8c10110941499a241849d8d781fe20ae8	cargo run -p jxl-encoder --release --features 'parallel butteraugli-loop ssim2-loop' --example cjxl_parity_ledger -- --update --image 1189261.png --effort 9 --distance 3
1189261.png	photo	512	512	9	4.0000	22587	21945	3.907948	3.840046	63.5650	63.8344	1624.92	1323.62	641	6445	813	14661	22560	0	27	427	7274	581	13637	21919	0	26	2.925	1.768	-0.2694	FIXED	a0928cf453ea7c3a7d3e123590f8ed8c2121d7e0	cargo run -p jxl-encoder --release --features 'parallel butteraugli-loop ssim2-loop' --example cjxl_parity_ledger -- --update --image 1189261.png --effort 9 --distance 4
1189261.png	photo	512	512	9	5.0000	18717	17806	4.928088	4.974682	57.5494	57.3972	1156.04	1472.08	550	5693	913	11534	18690	0	27	376	6307	747	10350	17780	0	26	5.116	-0.937	0.1523	FIXED	a0928cf453ea7c3a7d3e123590f8ed8c2121d7e0	cargo run -p jxl-encoder --release --features 'parallel butteraugli-loop ssim2-loop' --example cjxl_parity_ledger -- --update --image 1189261.png --effort 9 --distance 5
1189261.png	photo	512	512	9	6.0000	15836	15491	5.651275	5.215131	50.5503	51.7686	1515.82	1414.59	544	5415	718	9132	15809	0	27	364	5932	670	8499	15465	0	26	2.227	8.363	-1.2183	FIXED	a0928cf453ea7c3a7d3e123590f8ed8c2121d7e0	cargo run -p jxl-encoder --release --features 'parallel butteraugli-loop ssim2-loop' --example cjxl_parity_ledger -- --update --image 1189261.png --effort 9 --distance 6
1418519.png	photo	512	512	5	0.2000	69523	68456	0.331585	0.345994	93.3698	93.2083	49.98	54.93	568	8564	3125	57239	69496	0	27	421	8981	2438	56593	68433	0	23	1.559	-4.164	0.1615	FIXED	a0928cf453ea7c3a7d3e123590f8ed8c2121d7e0	cargo run -p jxl-encoder --release --features 'parallel butteraugli-loop ssim2-loop' --example cjxl_parity_ledger -- --update --image 1418519.png --effort 5 --distance 0.2
1418519.png	photo	512	512	5	0.4000	44581	42901	0.619305	0.615996	92.0019	92.0607	49.76	57.99	507	7034	2152	34861	44554	0	27	398	7571	1493	33416	42878	0	23	3.916	0.537	-0.0589	FIXED	a0928cf453ea7c3a7d3e123590f8ed8c2121d7e0	cargo run -p jxl-encoder --release --features 'parallel butteraugli-loop ssim2-loop' --example cjxl_parity_ledger -- --update --image 1418519.png --effort 5 --distance 0.4
1418519.png	photo	512	512	5	0.6000	30873	29970	0.724682	0.729648	90.5826	90.2595	51.28	60.28	474	6265	1290	22817	30846	0	27	397	6854	638	22059	29948	0	22	3.013	-0.681	0.3231	FIXED	a0928cf453ea7c3a7d3e123590f8ed8c2121d7e0	cargo run -p jxl-encoder --release --features 'parallel butteraugli-loop ssim2-loop' --example cjxl_parity_ledger -- --update --image 1418519.png --effort 5 --distance 0.6
1418519.png	photo	512	512	5	0.8000	25808	24983	1.009456	1.001203	89.1904	88.8070	38.83	60.51	497	5792	965	18527	25781	0	27	397	6414	515	17634	24960	0	23	3.302	0.824	0.3834	FIXED	a0928cf453ea7c3a7d3e123590f8ed8c2121d7e0	cargo run -p jxl-encoder --release --features 'parallel butteraugli-loop ssim2-loop' --example cjxl_parity_ledger -- --update --image 1418519.png --effort 5 --distance 0.8
1418519.png	photo	512	512	5	1.0000	22594	21649	1.146021	1.142482	88.0294	87.9929	42.21	61.03	516	5356	1104	15590	22566	0	28	415	6016	526	14669	21626	0	23	4.365	0.310	0.0365	FIXED	a0928cf453ea7c3a7d3e123590f8ed8c2121d7e0	cargo run -p jxl-encoder --release --features 'parallel butteraugli-loop ssim2-loop' --example cjxl_parity_ledger -- --update --image 1418519.png --effort 5 --distance 1
1418519.png	photo	512	512	5	1.2000	20352	19315	1.450409	1.470589	86.8250	86.8577	44.97	59.30	389	5205	1042	13688	20324	0	28	433	5775	441	12643	19292	0	23	5.369	-1.372	-0.0327	FIXED	a0928cf453ea7c3a7d3e123590f8ed8c2121d7e0	cargo run -p jxl-encoder --release --features 'parallel butteraugli-loop ssim2-loop' --example cjxl_parity_ledger -- --update --image 1418519.png --effort 5 --distance 1.2
1418519.png	photo	512	512	5	1.4000	17910	17443	1.688185	1.688177	85.6422	85.0731	41.66	60.72	446	4858	726	11853	17883	0	27	395	5493	387	11145	17420	0	23	2.677	0.000	0.5692	FIXED	a0928cf453ea7c3a7d3e123590f8ed8c2121d7e0	cargo run -p jxl-encoder --release --features 'parallel butteraugli-loop ssim2-loop' --example cjxl_parity_ledger -- --update --image 1418519.png --effort 5 --distance 1.4
1418519.png	photo	512	512	5	1.6000	16729	16135	1.812343	1.831058	84.3498	84.5546	40.02	60.12	442	4730	767	10764	16703	0	26	380	5374	414	9948	16116	0	19	3.681	-1.022	-0.2047	FIXED	a0928cf453ea7c3a7d3e123590f8ed8c2121d7e0	cargo run -p jxl-encoder --release --features 'parallel butteraugli-loop ssim2-loop' --example cjxl_parity_ledger -- --update --image 1418519.png --effort 5 --distance 1.6
1418519.png	photo	512	512	5	1.8000	15530	14854	1.954670	2.000962	83.2990	83.1418	91.52	141.59	404	4532	814	9754	15504	0	26	381	5156	380	8918	14835	0	19	4.551	-2.313	0.1572	FIXED	a0928cf453ea7c3a7d3e123590f8ed8c2121d7e0	cargo run -p jxl-encoder --release --features 'parallel butteraugli-loop ssim2-loop' --example cjxl_parity_ledger -- --update --image 1418519.png --effort 5 --distance 1.8
1418519.png	photo	512	512	5	2.0000	14230	13825	2.154241	2.151351	82.1582	82.1161	60.63	108.66	407	4355	584	8858	14204	0	26	365	5018	377	8046	13806	0	19	2.929	0.134	0.0421	FIXED	a0928cf453ea7c3a7d3e123590f8ed8c2121d7e0	cargo run -p jxl-encoder --release --features 'parallel butteraugli-loop ssim2-loop' --example cjxl_parity_ledger -- --update --image 1418519.png --effort 5 --distance 2
1418519.png	photo	512	512	5	2.5000	12154	11854	2.403862	2.395874	79.3227	79.6271	73.64	123.41	401	4079	619	7029	12128	0	26	355	4678	314	6488	11835	0	19	2.531	0.333	-0.3044	FIXED	a0928cf453ea7c3a7d3e123590f8ed8c2121d7e0	cargo run -p jxl-encoder --release --features 'parallel butteraugli-loop ssim2-loop' --example cjxl_parity_ledger -- --update --image 1418519.png --effort 5 --distance 2.5
1418519.png	photo	512	512	5	3.0000	10805	10681	2.851930	2.821595	76.5740	77.2090	108.27	109.19	388	3882	560	5949	10779	0	26	362	4520	281	5496	10659	0	22	1.161	1.075	-0.6351	FIXED	a0928cf453ea7c3a7d3e123590f8ed8c2121d7e0	cargo run -p jxl-encoder --release --features 'parallel butteraugli-loop ssim2-loop' --example cjxl_parity_ledger -- --update --image 1418519.png --effort 5 --distance 3
1418519.png	photo	512	512	5	4.0000	8613	8564	3.912597	3.935837	71.2419	72.1796	91.50	135.55	367	3511	457	4251	8586	0	27	320	4110	251	3861	8542	0	22	0.572	-0.590	-0.9377	FIXED	a0928cf453ea7c3a7d3e123590f8ed8c2121d7e0	cargo run -p jxl-encoder --release --features 'parallel butteraugli-loop ssim2-loop' --example cjxl_parity_ledger -- --update --image 1418519.png --effort 5 --distance 4
1418519.png	photo	512	512	5	5.0000	7495	7697	4.592420	4.562566	65.9199	67.2293	72.73	132.40	338	3293	491	3348	7470	0	25	309	3882	354	3131	7676	0	21	-2.624	0.654	-1.3094	FIXED	a0928cf453ea7c3a7d3e123590f8ed8c2121d7e0	cargo run -p jxl-encoder --release --features 'parallel butteraugli-loop ssim2-loop' --example cjxl_parity_ledger -- --update --image 1418519.png --effort 5 --distance 5
1418519.png	photo	512	512	5	6.0000	6728	6727	4.900861	5.012241	62.1040	63.1409	58.93	167.93	350	3010	514	2829	6703	0	25	308	3560	440	2398	6706	0	21	0.015	-2.222	-1.0368	FIXED	a0928cf453ea7c3a7d3e123590f8ed8c2121d7e0	cargo run -p jxl-encoder --release --features 'parallel butteraugli-loop ssim2-loop' --example cjxl_parity_ledger -- --update --image 1418519.png --effort 5 --distance 6
1418519.png	photo	512	512	6	0.2000	69429	68286	0.331591	0.344682	93.3756	93.1191	102.21	128.87	574	8585	3134	57109	69402	0	27	424	9001	2511	56327	68263	0	23	1.674	-3.798	0.2565	FIXED	a0928cf453ea7c3a7d3e123590f8ed8c2121d7e0	cargo run -p jxl-encoder --release --features 'parallel butteraugli-loop ssim2-loop' --example cjxl_parity_ledger -- --update --image 1418519.png --effort 6 --distance 0.2
1418519.png	photo	512	512	6	0.4000	44519	42885	0.619536	0.616384	92.0762	91.9903	89.09	142.09	511	7063	2227	34691	44492	0	27	458	7598	1478	33328	42862	0	23	3.810	0.511	0.0859	FIXED	a0928cf453ea7c3a7d3e123590f8ed8c2121d7e0	cargo run -p jxl-encoder --release --features 'parallel butteraugli-loop ssim2-loop' --example cjxl_parity_ledger -- --update --image 1418519.png --effort 6 --distance 0.4
1418519.png	photo	512	512	6	0.6000	30771	29912	0.724726	0.738308	90.5461	90.1402	85.98	102.70	462	6312	1347	22623	30744	0	27	387	6895	601	22007	29890	0	22	2.872	-1.840	0.4059	FIXED	a0928cf453ea7c3a7d3e123590f8ed8c2121d7e0	cargo run -p jxl-encoder --release --features 'parallel butteraugli-loop ssim2-loop' --example cjxl_parity_ledger -- --update --image 1418519.png --effort 6 --distance 0.6
1418519.png	photo	512	512	6	0.8000	26303	25370	1.009634	0.989318	89.2363	88.9097	121.41	170.38	512	6462	902	18400	26276	0	27	417	6956	576	17398	25347	0	23	3.678	2.054	0.3266	FIXED	a0928cf453ea7c3a7d3e123590f8ed8c2121d7e0	cargo run -p jxl-encoder --release --features 'parallel butteraugli-loop ssim2-loop' --example cjxl_parity_ledger -- --update --image 1418519.png --effort 6 --distance 0.8
1418519.png	photo	512	512	6	1.0000	23074	21954	1.143894	1.109438	87.9676	87.6355	84.20	90.85	517	6048	1044	15437	23046	0	28	384	6564	471	14512	21931	0	23	5.102	3.106	0.3321	OPEN	f75f71d8c10110941499a241849d8d781fe20ae8	cargo run -p jxl-encoder --release --features 'parallel butteraugli-loop ssim2-loop' --example cjxl_parity_ledger -- --update --image 1418519.png --effort 6 --distance 1
1418519.png	photo	512	512	6	1.2000	20894	19634	1.493708	1.446809	86.7617	86.8357	110.56	97.29	421	5868	1091	13486	20866	0	28	411	6321	460	12419	19611	0	23	6.417	3.242	-0.0740	OPEN	f75f71d8c10110941499a241849d8d781fe20ae8	cargo run -p jxl-encoder --release --features 'parallel butteraugli-loop ssim2-loop' --example cjxl_parity_ledger -- --update --image 1418519.png --effort 6 --distance 1.2
1418519.png	photo	512	512	6	1.4000	18378	17812	1.643465	1.644589	85.5668	85.0825	113.42	151.05	418	5540	773	11620	18351	0	27	427	6044	374	10944	17789	0	23	3.178	-0.068	0.4843	FIXED	a0928cf453ea7c3a7d3e123590f8ed8c2121d7e0	cargo run -p jxl-encoder --release --features 'parallel butteraugli-loop ssim2-loop' --example cjxl_parity_ledger -- --update --image 1418519.png --effort 6 --distance 1.4
1418519.png	photo	512	512	6	1.6000	17334	16471	1.838672	1.756399	84.4088	84.6232	73.15	83.72	440	5474	792	10602	17308	0	26	391	5952	355	9754	16452	0	19	5.240	4.684	-0.2144	OPEN	f75f71d8c10110941499a241849d8d781fe20ae8	cargo run -p jxl-encoder --release --features 'parallel butteraugli-loop ssim2-loop' --example cjxl_parity_ledger -- --update --image 1418519.png --effort 6 --distance 1.6
1418519.png	photo	512	512	6	1.8000	16176	15450	1.969385	1.965398	83.1851	83.0855	40.10	84.63	418	5262	881	9589	16150	0	26	381	5897	361	8792	15431	0	19	4.699	0.203	0.0995	FIXED	05e913e6ac5f39aed3c6617a2b4efdb345fa2d80	cargo run -p jxl-encoder --release --features 'parallel butteraugli-loop ssim2-loop' --example cjxl_parity_ledger -- --update --image 1418519.png --effort 6 --distance 1.8
1418519.png	photo	512	512	6	2.0000	14778	14404	2.150958	2.150974	82.0372	81.9194	152.47	319.71	424	5088	584	8656	14752	0	26	392	5729	369	7895	14385	0	19	2.597	-0.001	0.1178	FIXED	a0928cf453ea7c3a7d3e123590f8ed8c2121d7e0	cargo run -p jxl-encoder --release --features 'parallel butteraugli-loop ssim2-loop' --example cjxl_parity_ledger -- --update --image 1418519.png --effort 6 --distance 2
1418519.png	photo	512	512	6	2.5000	12735	12444	2.434286	2.433161	78.9667	79.3812	175.23	203.42	415	4791	611	6892	12709	0	26	383	5349	287	6406	12425	0	19	2.338	0.046	-0.4145	FIXED	a0928cf453ea7c3a7d3e123590f8ed8c2121d7e0	cargo run -p jxl-encoder --release --features 'parallel butteraugli-loop ssim2-loop' --example cjxl_parity_ledger -- --update --image 1418519.png --effort 6 --distance 2.5
1418519.png	photo	512	512	6	3.0000	11489	11221	2.698163	2.965509	76.4819	77.2345	138.39	202.77	411	4585	602	5865	11463	0	26	342	5208	273	5376	11199	0	22	2.388	-9.015	-0.7526	FIXED	a0928cf453ea7c3a7d3e123590f8ed8c2121d7e0	cargo run -p jxl-encoder --release --features 'parallel butteraugli-loop ssim2-loop' --example cjxl_parity_ledger -- --update --image 1418519.png --effort 6 --distance 3
1418519.png	photo	512	512	6	4.0000	9411	9294	3.944010	4.175093	71.8194	72.8907	221.83	132.66	378	4277	430	4299	9384	0	27	350	4787	254	3881	9272	0	22	1.259	-5.535	-1.0712	FIXED	a0928cf453ea7c3a7d3e123590f8ed8c2121d7e0	cargo run -p jxl-encoder --release --features 'parallel butteraugli-loop ssim2-loop' --example cjxl_parity_ledger -- --update --image 1418519.png --effort 6 --distance 4
1418519.png	photo	512	512	6	5.0000	8010	8155	4.736318	4.727833	67.5572	68.8877	159.44	125.98	343	3803	491	3348	7985	0	25	317	4338	369	3110	8134	0	21	-1.778	0.179	-1.3306	FIXED	a0928cf453ea7c3a7d3e123590f8ed8c2121d7e0	cargo run -p jxl-encoder --release --features 'parallel butteraugli-loop ssim2-loop' --example cjxl_parity_ledger -- --update --image 1418519.png --effort 6 --distance 5
1418519.png	photo	512	512	6	6.0000	7242	7178	5.602132	4.969306	63.9251	65.2426	173.98	224.84	352	3522	514	2829	7217	0	25	311	4017	443	2386	7157	0	21	0.892	12.735	-1.3175	FIXED	a0928cf453ea7c3a7d3e123590f8ed8c2121d7e0	cargo run -p jxl-encoder --release --features 'parallel butteraugli-loop ssim2-loop' --example cjxl_parity_ledger -- --update --image 1418519.png --effort 6 --distance 6
1418519.png	photo	512	512	7	0.2000	69481	67998	0.339933	0.344932	93.1994	93.4021	45.50	95.96	574	8591	3030	57259	69454	0	27	392	8987	2522	56074	67975	0	23	2.181	-1.449	-0.2027	FIXED	920db5ec6fbc0b1686ec1c88822a6187cb311a38	cargo run -p jxl-encoder --release --features 'parallel butteraugli-loop ssim2-loop' --example cjxl_parity_ledger -- --update --image 1418519.png --effort 7 --distance 0.2
1418519.png	photo	512	512	7	0.4000	44484	42751	0.619351	0.614436	91.7824	91.7787	115.41	162.66	511	7070	2228	34648	44457	0	27	463	7595	1422	33248	42728	0	23	4.054	0.800	0.0037	FIXED	a0928cf453ea7c3a7d3e123590f8ed8c2121d7e0	cargo run -p jxl-encoder --release --features 'parallel butteraugli-loop ssim2-loop' --example cjxl_parity_ledger -- --update --image 1418519.png --effort 7 --distance 0.4
1418519.png	photo	512	512	7	0.6000	30757	29902	0.724823	0.738444	90.6264	90.5644	98.37	180.96	462	6316	1279	22673	30730	0	27	399	6889	665	21927	29880	0	22	2.859	-1.845	0.0620	FIXED	a0928cf453ea7c3a7d3e123590f8ed8c2121d7e0	cargo run -p jxl-encoder --release --features 'parallel butteraugli-loop ssim2-loop' --example cjxl_parity_ledger -- --update --image 1418519.png --effort 7 --distance 0.6
1418519.png	photo	512	512	7	0.8000	26293	25361	1.008969	0.989952	89.2129	89.3346	129.52	180.72	513	6466	901	18386	26266	0	27	417	6957	568	17396	25338	0	23	3.675	1.921	-0.1216	FIXED	a0928cf453ea7c3a7d3e123590f8ed8c2121d7e0	cargo run -p jxl-encoder --release --features 'parallel butteraugli-loop ssim2-loop' --example cjxl_parity_ledger -- --update --image 1418519.png --effort 7 --distance 0.8
1418519.png	photo	512	512	7	1.0000	23073	21947	1.140544	1.111072	87.9196	88.2853	118.93	277.22	518	6054	1042	15431	23045	0	28	390	6567	485	14482	21924	0	23	5.131	2.653	-0.3656	FIXED	a0928cf453ea7c3a7d3e123590f8ed8c2121d7e0	cargo run -p jxl-encoder --release --features 'parallel butteraugli-loop ssim2-loop' --example cjxl_parity_ledger -- --update --image 1418519.png --effort 7 --distance 1
1418519.png	photo	512	512	7	1.2000	20899	19602	1.494013	1.447742	86.7990	86.8787	107.93	106.52	420	5868	1133	13450	20871	0	28	384	6350	451	12394	19579	0	23	6.617	3.196	-0.0798	OPEN	f75f71d8c10110941499a241849d8d781fe20ae8	cargo run -p jxl-encoder --release --features 'parallel butteraugli-loop ssim2-loop' --example cjxl_parity_ledger -- --update --image 1418519.png --effort 7 --distance 1.2
1418519.png	photo	512	512	7	1.4000	18384	17801	1.643991	1.642791	85.5699	85.5919	136.26	303.83	420	5546	771	11620	18357	0	27	423	6055	363	10937	17778	0	23	3.275	0.073	-0.0220	FIXED	a0928cf453ea7c3a7d3e123590f8ed8c2121d7e0	cargo run -p jxl-encoder --release --features 'parallel butteraugli-loop ssim2-loop' --example cjxl_parity_ledger -- --update --image 1418519.png --effort 7 --distance 1.4
1418519.png	photo	512	512	7	1.6000	17325	16474	1.838689	1.762174	84.3709	84.7736	123.75	117.34	440	5469	792	10598	17299	0	26	386	5957	355	9757	16455	0	19	5.166	4.342	-0.4026	OPEN	f75f71d8c10110941499a241849d8d781fe20ae8	cargo run -p jxl-encoder --release --features 'parallel butteraugli-loop ssim2-loop' --example cjxl_parity_ledger -- --update --image 1418519.png --effort 7 --distance 1.6
1418519.png	photo	512	512	7	1.8000	16179	15430	1.969289	1.964935	83.2789	83.5504	168.22	177.15	418	5265	881	9589	16153	0	26	384	5888	359	8780	15411	0	19	4.854	0.222	-0.2715	FIXED	a0928cf453ea7c3a7d3e123590f8ed8c2121d7e0	cargo run -p jxl-encoder --release --features 'parallel butteraugli-loop ssim2-loop' --example cjxl_parity_ledger -- --update --image 1418519.png --effort 7 --distance 1.8
1418519.png	photo	512	512	7	2.0000	14009	14410	2.132751	2.150204	81.6175	81.9265	169.69	183.86	436	5078	475	7994	13983	0	26	388	5741	368	7894	14391	0	19	-2.783	-0.812	-0.3090	FIXED	a0928cf453ea7c3a7d3e123590f8ed8c2121d7e0	cargo run -p jxl-encoder --release --features 'parallel butteraugli-loop ssim2-loop' --example cjxl_parity_ledger -- --update --image 1418519.png --effort 7 --distance 2
1418519.png	photo	512	512	7	2.5000	12240	12463	2.546312	2.433027	78.9355	79.5477	147.45	230.47	404	4791	384	6635	12214	0	26	386	5358	288	6412	12444	0	19	-1.789	4.656	-0.6122	FIXED	a0928cf453ea7c3a7d3e123590f8ed8c2121d7e0	cargo run -p jxl-encoder --release --features 'parallel butteraugli-loop ssim2-loop' --example cjxl_parity_ledger -- --update --image 1418519.png --effort 7 --distance 2.5
1418519.png	photo	512	512	7	3.0000	10989	11256	3.139862	2.882906	75.7806	77.0655	148.74	189.63	369	4563	490	5541	10963	0	26	338	5213	267	5381	11199	27	30	-2.372	8.913	-1.2849	FIXED	a0928cf453ea7c3a7d3e123590f8ed8c2121d7e0	cargo run -p jxl-encoder --release --features 'parallel butteraugli-loop ssim2-loop' --example cjxl_parity_ledger -- --update --image 1418519.png --effort 7 --distance 3
1418519.png	photo	512	512	7	4.0000	9173	9351	3.446611	4.175093	71.3375	72.9955	250.96	252.39	355	4287	422	4082	9146	0	27	352	4813	252	3877	9294	27	30	-1.904	-17.448	-1.6580	FIXED	a0928cf453ea7c3a7d3e123590f8ed8c2121d7e0	cargo run -p jxl-encoder --release --features 'parallel butteraugli-loop ssim2-loop' --example cjxl_parity_ledger -- --update --image 1418519.png --effort 7 --distance 4
1418519.png	photo	512	512	7	5.0000	7861	8185	4.734560	4.721256	66.9864	69.2771	162.23	138.72	316	3832	554	3134	7836	0	25	336	4316	368	3112	8132	24	29	-3.958	0.282	-2.2907	FIXED	a0928cf453ea7c3a7d3e123590f8ed8c2121d7e0	cargo run -p jxl-encoder --release --features 'parallel butteraugli-loop ssim2-loop' --example cjxl_parity_ledger -- --update --image 1418519.png --effort 7 --distance 5
1418519.png	photo	512	512	7	6.0000	6811	7233	4.710053	4.838019	62.9624	65.2998	194.56	174.60	381	3539	409	2457	6786	0	25	338	4012	439	2390	7179	25	29	-5.834	-2.645	-2.3375	FIXED	a0928cf453ea7c3a7d3e123590f8ed8c2121d7e0	cargo run -p jxl-encoder --release --features 'parallel butteraugli-loop ssim2-loop' --example cjxl_parity_ledger -- --update --image 1418519.png --effort 7 --distance 6
1418519.png	photo	512	512	8	0.2000	71530	70047	0.268289	0.283205	93.2717	93.5450	380.71	569.62	563	8790	3250	58900	71503	0	27	325	9335	2734	57630	70024	0	23	2.117	-5.267	-0.2733	FIXED	a0928cf453ea7c3a7d3e123590f8ed8c2121d7e0	cargo run -p jxl-encoder --release --features 'parallel butteraugli-loop ssim2-loop' --example cjxl_parity_ledger -- --update --image 1418519.png --effort 8 --distance 0.2
1418519.png	photo	512	512	8	0.4000	43916	42471	0.501496	0.541438	92.0102	92.3866	454.66	1030.74	561	7021	2317	33990	43889	0	27	329	7673	1390	33056	42448	0	23	3.402	-7.377	-0.3765	FIXED	a0928cf453ea7c3a7d3e123590f8ed8c2121d7e0	cargo run -p jxl-encoder --release --features 'parallel butteraugli-loop ssim2-loop' --example cjxl_parity_ledger -- --update --image 1418519.png --effort 8 --distance 0.4
1418519.png	photo	512	512	8	0.6000	30171	29660	0.749738	0.739007	90.8912	90.8814	525.46	708.05	507	6177	1273	22187	30144	0	27	311	6884	684	21759	29638	0	22	1.723	1.452	0.0098	FIXED	a0928cf453ea7c3a7d3e123590f8ed8c2121d7e0	cargo run -p jxl-encoder --release --features 'parallel butteraugli-loop ssim2-loop' --example cjxl_parity_ledger -- --update --image 1418519.png --effort 8 --distance 0.6
1418519.png	photo	512	512	8	0.8000	25629	25136	1.003785	0.887233	89.8683	89.7365	441.90	663.81	509	6406	867	17820	25602	0	27	305	7041	515	17252	25113	0	23	1.961	13.137	0.1318	FIXED	a0928cf453ea7c3a7d3e123590f8ed8c2121d7e0	cargo run -p jxl-encoder --release --features 'parallel butteraugli-loop ssim2-loop' --example cjxl_parity_ledger -- --update --image 1418519.png --effort 8 --distance 0.8
1418519.png	photo	512	512	8	1.0000	22533	21826	1.154252	1.167616	88.6177	88.7117	478.68	666.26	475	6133	1004	14894	22506	0	27	308	6627	439	14429	21803	0	23	3.239	-1.145	-0.0940	FIXED	a0928cf453ea7c3a7d3e123590f8ed8c2121d7e0	cargo run -p jxl-encoder --release --features 'parallel butteraugli-loop ssim2-loop' --example cjxl_parity_ledger -- --update --image 1418519.png --effort 8 --distance 1
1418519.png	photo	512	512	8	1.2000	20096	19404	1.352247	1.390762	86.9510	87.4665	448.65	742.31	420	5792	1001	12856	20069	0	27	325	6420	475	12161	19381	0	23	3.566	-2.769	-0.5155	FIXED	a0928cf453ea7c3a7d3e123590f8ed8c2121d7e0	cargo run -p jxl-encoder --release --features 'parallel butteraugli-loop ssim2-loop' --example cjxl_parity_ledger -- --update --image 1418519.png --effort 8 --distance 1.2
1418519.png	photo	512	512	8	1.4000	17940	17604	1.479948	1.603075	85.7682	86.0346	757.74	727.73	463	5594	637	11219	17913	0	27	331	6236	370	10644	17581	0	23	1.909	-7.681	-0.2664	FIXED	a0928cf453ea7c3a7d3e123590f8ed8c2121d7e0	cargo run -p jxl-encoder --release --features 'parallel butteraugli-loop ssim2-loop' --example cjxl_parity_ledger -- --update --image 1418519.png --effort 8 --distance 1.4
1418519.png	photo	512	512	8	1.6000	16533	16339	1.782147	1.769085	84.3606	85.1679	414.92	577.69	472	5379	713	9943	16507	0	26	336	6207	349	9428	16320	0	19	1.187	0.738	-0.8073	FIXED	a0928cf453ea7c3a7d3e123590f8ed8c2121d7e0	cargo run -p jxl-encoder --release --features 'parallel butteraugli-loop ssim2-loop' --example cjxl_parity_ledger -- --update --image 1418519.png --effort 8 --distance 1.6
1418519.png	photo	512	512	8	1.8000	15230	15024	1.892131	1.876705	83.1846	83.5209	435.19	504.50	418	5174	694	8918	15204	0	26	316	5955	326	8408	15005	0	19	1.371	0.822	-0.3363	FIXED	a0928cf453ea7c3a7d3e123590f8ed8c2121d7e0	cargo run -p jxl-encoder --release --features 'parallel butteraugli-loop ssim2-loop' --example cjxl_parity_ledger -- --update --image 1418519.png --effort 8 --distance 1.8
1418519.png	photo	512	512	8	2.0000	13589	14033	2.222284	2.188739	81.8500	82.4427	543.32	671.62	433	5048	432	7650	13563	0	26	326	5755	344	7589	14014	0	19	-3.164	1.533	-0.5926	FIXED	a0928cf453ea7c3a7d3e123590f8ed8c2121d7e0	cargo run -p jxl-encoder --release --features 'parallel butteraugli-loop ssim2-loop' --example cjxl_parity_ledger -- --update --image 1418519.png --effort 8 --distance 2
1418519.png	photo	512	512	8	2.5000	11810	12163	2.509835	2.747586	79.1346	79.5784	457.37	670.30	400	4809	372	6203	11784	0	26	307	5540	308	5989	12144	0	19	-2.902	-8.653	-0.4438	FIXED	a0928cf453ea7c3a7d3e123590f8ed8c2121d7e0	cargo run -p jxl-encoder --release --features 'parallel butteraugli-loop ssim2-loop' --example cjxl_parity_ledger -- --update --image 1418519.png --effort 8 --distance 2.5
1418519.png	photo	512	512	8	3.0000	10672	10788	3.017526	2.857833	75.8229	76.6440	527.97	856.93	335	4582	430	5299	10646	0	26	313	5254	262	4902	10731	27	30	-1.075	5.588	-0.8211	FIXED	a0928cf453ea7c3a7d3e123590f8ed8c2121d7e0	cargo run -p jxl-encoder --release --features 'parallel butteraugli-loop ssim2-loop' --example cjxl_parity_ledger -- --update --image 1418519.png --effort 8 --distance 3
1418519.png	photo	512	512	8	4.0000	8635	8932	3.766773	3.544480	70.3795	72.3045	708.95	635.68	370	4244	389	3607	8610	0	25	294	4858	221	3503	8876	27	29	-3.325	6.272	-1.9250	FIXED	a0928cf453ea7c3a7d3e123590f8ed8c2121d7e0	cargo run -p jxl-encoder --release --features 'parallel butteraugli-loop ssim2-loop' --example cjxl_parity_ledger -- --update --image 1418519.png --effort 8 --distance 4
1418519.png	photo	512	512	8	5.0000	7375	7766	4.272395	4.694778	65.2766	67.9760	191.35	362.70	341	3758	496	2755	7350	0	25	233	4398	448	2634	7713	24	29	-5.035	-8.997	-2.6994	FIXED	bb551ef67e061439dfd385f061733ab73ea6e106	cargo run -p jxl-encoder --release --features 'parallel butteraugli-loop ssim2-loop' --example cjxl_parity_ledger -- --update --image 1418519.png --effort 8 --distance 5
1418519.png	photo	512	512	8	6.0000	6531	6900	4.866178	4.558211	62.0878	64.6634	456.66	618.52	383	3545	384	2194	6506	0	25	243	4096	290	2217	6846	25	29	-5.348	6.756	-2.5755	FIXED	a0928cf453ea7c3a7d3e123590f8ed8c2121d7e0	cargo run -p jxl-encoder --release --features 'parallel butteraugli-loop ssim2-loop' --example cjxl_parity_ledger -- --update --image 1418519.png --effort 8 --distance 6
1418519.png	photo	512	512	9	0.2000	73041	70636	0.238354	0.237932	93.2608	93.5673	894.25	1147.73	754	8852	3841	59567	73014	0	27	360	9339	2612	58302	70613	0	23	3.405	0.177	-0.3066	FIXED	a0928cf453ea7c3a7d3e123590f8ed8c2121d7e0	cargo run -p jxl-encoder --release --features 'parallel butteraugli-loop ssim2-loop' --example cjxl_parity_ledger -- --update --image 1418519.png --effort 9 --distance 0.2
1418519.png	photo	512	512	9	0.4000	44720	42584	0.493719	0.568767	91.9785	92.3856	655.44	1005.25	720	7045	2730	34198	44693	0	27	330	7671	1363	33197	42561	0	23	5.016	-13.195	-0.4071	FIXED	a0928cf453ea7c3a7d3e123590f8ed8c2121d7e0	cargo run -p jxl-encoder --release --features 'parallel butteraugli-loop ssim2-loop' --example cjxl_parity_ledger -- --update --image 1418519.png --effort 9 --distance 0.4
1418519.png	photo	512	512	9	0.6000	30666	29664	0.710870	0.735421	90.9790	90.9548	584.82	1002.45	491	6243	1726	22179	30639	0	27	315	6872	630	21825	29642	0	22	3.378	-3.338	0.0243	FIXED	a0928cf453ea7c3a7d3e123590f8ed8c2121d7e0	cargo run -p jxl-encoder --release --features 'parallel butteraugli-loop ssim2-loop' --example cjxl_parity_ledger -- --update --image 1418519.png --effort 9 --distance 0.6
1418519.png	photo	512	512	9	0.8000	26057	25094	0.894994	0.887233	89.7727	89.7686	724.99	939.27	558	6455	1194	17822	26029	0	28	325	6990	497	17259	25071	0	23	3.838	0.875	0.0041	FIXED	a0928cf453ea7c3a7d3e123590f8ed8c2121d7e0	cargo run -p jxl-encoder --release --features 'parallel butteraugli-loop ssim2-loop' --example cjxl_parity_ledger -- --update --image 1418519.png --effort 9 --distance 0.8
1418519.png	photo	512	512	9	1.0000	22788	21811	1.064435	1.086164	88.6164	88.7416	1185.40	954.41	462	6167	1261	14870	22760	0	28	331	6580	420	14457	21788	0	23	4.479	-2.001	-0.1252	FIXED	a0928cf453ea7c3a7d3e123590f8ed8c2121d7e0	cargo run -p jxl-encoder --release --features 'parallel butteraugli-loop ssim2-loop' --example cjxl_parity_ledger -- --update --image 1418519.png --effort 9 --distance 1
1418519.png	photo	512	512	9	1.2000	20381	19371	1.299048	1.307689	86.9471	87.4065	525.34	829.65	488	5797	1166	12902	20353	0	28	340	6382	451	12175	19348	0	23	5.214	-0.661	-0.4594	FIXED	a0928cf453ea7c3a7d3e123590f8ed8c2121d7e0	cargo run -p jxl-encoder --release --features 'parallel butteraugli-loop ssim2-loop' --example cjxl_parity_ledger -- --update --image 1418519.png --effort 9 --distance 1.2
1418519.png	photo	512	512	9	1.4000	18193	17584	1.479948	1.479766	85.7682	86.1546	459.69	1015.54	449	5738	788	11191	18166	0	27	332	6205	375	10649	17561	0	23	3.463	0.012	-0.3864	FIXED	a0928cf453ea7c3a7d3e123590f8ed8c2121d7e0	cargo run -p jxl-encoder --release --features 'parallel butteraugli-loop ssim2-loop' --example cjxl_parity_ledger -- --update --image 1418519.png --effort 9 --distance 1.4
1418519.png	photo	512	512	9	1.6000	16704	16339	1.782147	1.750028	84.3606	85.2028	690.67	923.70	492	5398	877	9911	16678	0	26	353	6186	343	9438	16320	0	19	2.234	1.835	-0.8422	FIXED	a0928cf453ea7c3a7d3e123590f8ed8c2121d7e0	cargo run -p jxl-encoder --release --features 'parallel butteraugli-loop ssim2-loop' --example cjxl_parity_ledger -- --update --image 1418519.png --effort 9 --distance 1.6
1418519.png	photo	512	512	9	1.8000	15413	14999	1.892131	1.876705	83.2416	83.5209	563.14	758.04	458	5209	815	8905	15387	0	26	332	5923	309	8416	14980	0	19	2.760	0.822	-0.2793	FIXED	a0928cf453ea7c3a7d3e123590f8ed8c2121d7e0	cargo run -p jxl-encoder --release --features 'parallel butteraugli-loop ssim2-loop' --example cjxl_parity_ledger -- --update --image 1418519.png --effort 9 --distance 1.8
1418519.png	photo	512	512	9	2.0000	13779	14031	2.058498	2.007027	81.8449	82.4380	604.41	1323.24	479	5071	598	7605	13753	0	26	367	5703	338	7604	14012	0	19	-1.796	2.565	-0.5931	FIXED	a0928cf453ea7c3a7d3e123590f8ed8c2121d7e0	cargo run -p jxl-encoder --release --features 'parallel butteraugli-loop ssim2-loop' --example cjxl_parity_ledger -- --update --image 1418519.png --effort 9 --distance 2
1418519.png	photo	512	512	9	2.5000	12022	12147	2.509835	2.593042	79.1346	79.5673	523.07	864.79	462	4894	452	6188	11996	0	26	347	5484	296	6001	12128	0	19	-1.029	-3.209	-0.4326	FIXED	a0928cf453ea7c3a7d3e123590f8ed8c2121d7e0	cargo run -p jxl-encoder --release --features 'parallel butteraugli-loop ssim2-loop' --example cjxl_parity_ledger -- --update --image 1418519.png --effort 9 --distance 2.5
1418519.png	photo	512	512	9	3.0000	10818	10772	3.017526	2.857833	75.8229	76.6541	453.96	741.40	460	4550	498	5284	10792	0	26	332	5215	250	4918	10715	27	30	0.427	5.588	-0.8312	FIXED	a0928cf453ea7c3a7d3e123590f8ed8c2121d7e0	cargo run -p jxl-encoder --release --features 'parallel butteraugli-loop ssim2-loop' --example cjxl_parity_ledger -- --update --image 1418519.png --effort 9 --distance 3
1418519.png	photo	512	512	9	4.0000	8753	8939	3.766773	3.472333	70.3795	72.3082	735.46	630.56	469	4214	444	3601	8728	0	25	305	4843	213	3522	8883	27	29	-2.081	8.480	-1.9288	FIXED	a0928cf453ea7c3a7d3e123590f8ed8c2121d7e0	cargo run -p jxl-encoder --release --features 'parallel butteraugli-loop ssim2-loop' --example cjxl_parity_ledger -- --update --image 1418519.png --effort 9 --distance 4
1418519.png	photo	512	512	9	5.0000	7460	7767	4.272395	4.694778	65.2766	67.9760	557.98	791.77	414	3737	538	2746	7435	0	25	275	4361	434	2644	7714	24	29	-3.953	-8.997	-2.6994	FIXED	a0928cf453ea7c3a7d3e123590f8ed8c2121d7e0	cargo run -p jxl-encoder --release --features 'parallel butteraugli-loop ssim2-loop' --example cjxl_parity_ledger -- --update --image 1418519.png --effort 9 --distance 5
1418519.png	photo	512	512	9	6.0000	6585	6892	4.866178	4.558211	62.0878	64.6634	605.76	704.47	428	3529	421	2182	6560	0	25	256	4078	282	2222	6838	25	29	-4.454	6.756	-2.5755	FIXED	a0928cf453ea7c3a7d3e123590f8ed8c2121d7e0	cargo run -p jxl-encoder --release --features 'parallel butteraugli-loop ssim2-loop' --example cjxl_parity_ledger -- --update --image 1418519.png --effort 9 --distance 6
1420710.png	photo	512	512	5	0.2000	203063	202137	0.389766	0.389435	94.7940	94.8292	62.73	60.00	375	11866	2679	188112	203032	0	31	305	12061	2104	187637	202107	0	30	0.458	0.085	-0.0352	FIXED	a0928cf453ea7c3a7d3e123590f8ed8c2121d7e0	cargo run -p jxl-encoder --release --features 'parallel butteraugli-loop ssim2-loop' --example cjxl_parity_ledger -- --update --image 1420710.png --effort 5 --distance 0.2
1420710.png	photo	512	512	5	0.4000	149936	149765	0.648405	0.644219	92.5636	92.5471	57.61	66.16	423	10426	1832	137224	149905	0	31	363	10604	1551	137217	149735	0	30	0.114	0.650	0.0164	FIXED	a0928cf453ea7c3a7d3e123590f8ed8c2121d7e0	cargo run -p jxl-encoder --release --features 'parallel butteraugli-loop ssim2-loop' --example cjxl_parity_ledger -- --update --image 1420710.png --effort 5 --distance 0.4
1420710.png	photo	512	512	5	0.6000	124215	124024	0.807936	0.811314	90.5406	90.6296	50.77	65.07	413	9460	1412	112899	124184	0	31	310	9761	1039	112884	123994	0	30	0.154	-0.416	-0.0890	FIXED	a0928cf453ea7c3a7d3e123590f8ed8c2121d7e0	cargo run -p jxl-encoder --release --features 'parallel butteraugli-loop ssim2-loop' --example cjxl_parity_ledger -- --update --image 1420710.png --effort 5 --distance 0.6
1420710.png	photo	512	512	5	0.8000	105560	105527	1.006768	0.999540	88.4610	88.5362	49.44	61.30	376	8900	1132	95120	105528	0	32	298	9219	889	95091	105497	0	30	0.031	0.723	-0.0752	FIXED	a0928cf453ea7c3a7d3e123590f8ed8c2121d7e0	cargo run -p jxl-encoder --release --features 'parallel butteraugli-loop ssim2-loop' --example cjxl_parity_ledger -- --update --image 1420710.png --effort 5 --distance 0.8
1420710.png	photo	512	512	5	1.0000	92100	92164	1.202974	1.198212	86.6416	86.7811	45.06	61.69	386	8345	1007	82331	92069	0	31	312	8720	807	82295	92134	0	30	-0.069	0.397	-0.1395	FIXED	a0928cf453ea7c3a7d3e123590f8ed8c2121d7e0	cargo run -p jxl-encoder --release --features 'parallel butteraugli-loop ssim2-loop' --example cjxl_parity_ledger -- --update --image 1420710.png --effort 5 --distance 1
1420710.png	photo	512	512	5	1.2000	81917	82020	1.444147	1.437444	84.5626	84.7923	42.80	61.51	406	8027	1035	72417	81885	0	32	340	8424	785	72441	81990	0	30	-0.126	0.466	-0.2297	FIXED	a0928cf453ea7c3a7d3e123590f8ed8c2121d7e0	cargo run -p jxl-encoder --release --features 'parallel butteraugli-loop ssim2-loop' --example cjxl_parity_ledger -- --update --image 1420710.png --effort 5 --distance 1.2
1420710.png	photo	512	512	5	1.4000	73577	73745	1.655812	1.646357	82.9470	83.0488	57.37	61.87	369	7751	950	64480	73550	0	27	286	8184	794	64455	73719	0	26	-0.228	0.574	-0.1018	FIXED	a0928cf453ea7c3a7d3e123590f8ed8c2121d7e0	cargo run -p jxl-encoder --release --features 'parallel butteraugli-loop ssim2-loop' --example cjxl_parity_ledger -- --update --image 1420710.png --effort 5 --distance 1.4
1420710.png	photo	512	512	5	1.6000	66853	66930	1.886989	1.960520	81.2441	81.4355	82.02	141.59	357	7589	980	57901	66827	0	26	288	8046	716	57858	66908	0	22	-0.115	-3.751	-0.1914	FIXED	a0928cf453ea7c3a7d3e123590f8ed8c2121d7e0	cargo run -p jxl-encoder --release --features 'parallel butteraugli-loop ssim2-loop' --example cjxl_parity_ledger -- --update --image 1420710.png --effort 5 --distance 1.6
1420710.png	photo	512	512	5	1.8000	61074	61072	2.138159	2.201804	79.4421	79.7134	76.87	108.19	325	7382	983	52358	61048	0	26	280	7879	681	52210	61050	0	22	0.003	-2.891	-0.2714	FIXED	a0928cf453ea7c3a7d3e123590f8ed8c2121d7e0	cargo run -p jxl-encoder --release --features 'parallel butteraugli-loop ssim2-loop' --example cjxl_parity_ledger -- --update --image 1420710.png --effort 5 --distance 1.8
1420710.png	photo	512	512	5	2.0000	55737	55662	2.438870	2.430695	77.4232	77.7805	74.66	141.05	319	7167	877	47348	55711	0	26	306	7685	616	47033	55640	0	22	0.135	0.336	-0.3573	FIXED	a0928cf453ea7c3a7d3e123590f8ed8c2121d7e0	cargo run -p jxl-encoder --release --features 'parallel butteraugli-loop ssim2-loop' --example cjxl_parity_ledger -- --update --image 1420710.png --effort 5 --distance 2
1420710.png	photo	512	512	5	2.5000	44771	44056	2.987433	2.977906	73.8018	73.8547	103.25	209.61	300	6668	839	36938	44745	0	26	328	7211	744	35751	44034	0	22	1.623	0.320	-0.0529	FIXED	a0928cf453ea7c3a7d3e123590f8ed8c2121d7e0	cargo run -p jxl-encoder --release --features 'parallel butteraugli-loop ssim2-loop' --example cjxl_parity_ledger -- --update --image 1420710.png --effort 5 --distance 2.5
1420710.png	photo	512	512	5	3.0000	35990	35879	3.346869	3.321720	69.6569	70.2656	137.25	182.24	341	6069	748	28806	35964	0	26	304	6719	566	28265	35854	0	25	0.309	0.757	-0.6086	FIXED	a0928cf453ea7c3a7d3e123590f8ed8c2121d7e0	cargo run -p jxl-encoder --release --features 'parallel butteraugli-loop ssim2-loop' --example cjxl_parity_ledger -- --update --image 1420710.png --effort 5 --distance 3
1420710.png	photo	512	512	5	4.0000	29146	27191	4.065884	4.134878	62.5376	63.1105	81.34	160.71	285	5367	1190	22276	29118	0	28	293	6029	550	20293	27165	0	26	7.190	-1.669	-0.5729	FIXED	a0928cf453ea7c3a7d3e123590f8ed8c2121d7e0	cargo run -p jxl-encoder --release --features 'parallel butteraugli-loop ssim2-loop' --example cjxl_parity_ledger -- --update --image 1420710.png --effort 5 --distance 4
1420710.png	photo	512	512	5	5.0000	24727	23261	4.783301	4.443818	56.9314	58.0268	38.33	57.77	290	4960	1300	18149	24699	0	28	273	5610	986	16366	23235	0	26	6.302	7.639	-1.0954	OPEN	f75f71d8c10110941499a241849d8d781fe20ae8	cargo run -p jxl-encoder --release --features 'parallel butteraugli-loop ssim2-loop' --example cjxl_parity_ledger -- --update --image 1420710.png --effort 5 --distance 5
1420710.png	photo	512	512	5	6.0000	21573	20192	5.592457	5.634384	51.6957	53.1371	37.71	60.31	301	4638	1133	15473	21545	0	28	283	5259	702	13922	20166	0	26	6.839	-0.744	-1.4414	OPEN	f75f71d8c10110941499a241849d8d781fe20ae8	cargo run -p jxl-encoder --release --features 'parallel butteraugli-loop ssim2-loop' --example cjxl_parity_ledger -- --update --image 1420710.png --effort 5 --distance 6
1420710.png	photo	512	512	6	0.2000	203137	202147	0.389766	0.389435	94.7977	94.8085	152.23	149.38	381	11868	2653	188204	203106	0	31	310	12066	2136	187605	202117	0	30	0.490	0.085	-0.0108	FIXED	a0928cf453ea7c3a7d3e123590f8ed8c2121d7e0	cargo run -p jxl-encoder --release --features 'parallel butteraugli-loop ssim2-loop' --example cjxl_parity_ledger -- --update --image 1420710.png --effort 6 --distance 0.2
1420710.png	photo	512	512	6	0.4000	149954	149798	0.648405	0.644219	92.5682	92.5458	141.88	186.58	430	10429	1856	137208	149923	0	31	367	10608	1564	137229	149768	0	30	0.104	0.650	0.0224	FIXED	a0928cf453ea7c3a7d3e123590f8ed8c2121d7e0	cargo run -p jxl-encoder --release --features 'parallel butteraugli-loop ssim2-loop' --example cjxl_parity_ledger -- --update --image 1420710.png --effort 6 --distance 0.4
1420710.png	photo	512	512	6	0.6000	124187	123987	0.807896	0.811270	90.5251	90.6272	202.82	223.92	422	9498	1480	112756	124156	0	31	314	9801	1090	112752	123957	0	30	0.161	-0.416	-0.1021	FIXED	a0928cf453ea7c3a7d3e123590f8ed8c2121d7e0	cargo run -p jxl-encoder --release --features 'parallel butteraugli-loop ssim2-loop' --example cjxl_parity_ledger -- --update --image 1420710.png --effort 6 --distance 0.6
1420710.png	photo	512	512	6	0.8000	105502	105790	1.007218	0.989827	88.4346	88.5186	197.58	195.43	382	9005	1162	94921	105470	0	32	303	9611	927	94919	105760	0	30	-0.272	1.757	-0.0841	FIXED	a0928cf453ea7c3a7d3e123590f8ed8c2121d7e0	cargo run -p jxl-encoder --release --features 'parallel butteraugli-loop ssim2-loop' --example cjxl_parity_ledger -- --update --image 1420710.png --effort 6 --distance 0.8
1420710.png	photo	512	512	6	1.0000	92017	92416	1.203190	1.211805	86.6301	86.7442	169.26	209.18	397	8519	1025	82044	91985	0	32	322	9244	786	82034	92386	0	30	-0.432	-0.711	-0.1141	FIXED	a0928cf453ea7c3a7d3e123590f8ed8c2121d7e0	cargo run -p jxl-encoder --release --features 'parallel butteraugli-loop ssim2-loop' --example cjxl_parity_ledger -- --update --image 1420710.png --effort 6 --distance 1
1420710.png	photo	512	512	6	1.2000	81696	82177	1.404263	1.475243	84.5129	84.7187	151.51	239.41	413	8296	869	72087	81665	0	31	349	9065	699	72034	82147	0	30	-0.585	-4.811	-0.2058	FIXED	a0928cf453ea7c3a7d3e123590f8ed8c2121d7e0	cargo run -p jxl-encoder --release --features 'parallel butteraugli-loop ssim2-loop' --example cjxl_parity_ledger -- --update --image 1420710.png --effort 6 --distance 1.2
1420710.png	photo	512	512	6	1.4000	73515	73888	1.681175	1.783633	82.8634	83.0682	307.87	221.57	367	8093	988	64040	73488	0	27	306	8904	746	63906	73862	0	26	-0.505	-5.744	-0.2048	FIXED	a0928cf453ea7c3a7d3e123590f8ed8c2121d7e0	cargo run -p jxl-encoder --release --features 'parallel butteraugli-loop ssim2-loop' --example cjxl_parity_ledger -- --update --image 1420710.png --effort 6 --distance 1.4
1420710.png	photo	512	512	6	1.6000	66758	67147	1.902563	1.915778	81.1416	81.4696	166.23	170.66	361	7986	856	57529	66732	0	26	299	8768	693	57365	67125	0	22	-0.579	-0.690	-0.3281	FIXED	a0928cf453ea7c3a7d3e123590f8ed8c2121d7e0	cargo run -p jxl-encoder --release --features 'parallel butteraugli-loop ssim2-loop' --example cjxl_parity_ledger -- --update --image 1420710.png --effort 6 --distance 1.6
1420710.png	photo	512	512	6	1.8000	61050	61182	2.140700	2.135648	79.4060	79.5123	168.13	249.41	325	7809	915	51975	61024	0	26	291	8638	670	51561	61160	0	22	-0.216	0.237	-0.1063	FIXED	a0928cf453ea7c3a7d3e123590f8ed8c2121d7e0	cargo run -p jxl-encoder --release --features 'parallel butteraugli-loop ssim2-loop' --example cjxl_parity_ledger -- --update --image 1420710.png --effort 6 --distance 1.8
1420710.png	photo	512	512	6	2.0000	56042	55940	2.310233	2.336734	77.5258	77.8710	147.04	169.92	324	7641	857	47194	56016	0	26	295	8477	699	46447	55918	0	22	0.182	-1.134	-0.3453	FIXED	a0928cf453ea7c3a7d3e123590f8ed8c2121d7e0	cargo run -p jxl-encoder --release --features 'parallel butteraugli-loop ssim2-loop' --example cjxl_parity_ledger -- --update --image 1420710.png --effort 6 --distance 2
1420710.png	photo	512	512	6	2.5000	46341	44313	2.805637	2.824249	74.0154	73.8801	159.33	176.01	345	7100	1134	37735	46314	0	27	304	7916	737	35334	44291	0	22	4.577	-0.659	0.1352	FIXED	a0928cf453ea7c3a7d3e123590f8ed8c2121d7e0	cargo run -p jxl-encoder --release --features 'parallel butteraugli-loop ssim2-loop' --example cjxl_parity_ledger -- --update --image 1420710.png --effort 6 --distance 2.5
1420710.png	photo	512	512	6	3.0000	36616	36567	3.451846	3.524226	70.0678	70.6345	119.59	136.92	341	6421	738	29090	36590	0	26	307	7337	694	28204	36542	0	25	0.134	-2.054	-0.5666	FIXED	a0928cf453ea7c3a7d3e123590f8ed8c2121d7e0	cargo run -p jxl-encoder --release --features 'parallel butteraugli-loop ssim2-loop' --example cjxl_parity_ledger -- --update --image 1420710.png --effort 6 --distance 3
1420710.png	photo	512	512	6	4.0000	29391	27931	4.051125	3.956807	64.2618	65.1915	212.29	328.31	330	5590	1171	22272	29363	0	28	300	6646	550	20409	27905	0	26	5.227	2.384	-0.9297	FIXED	a0928cf453ea7c3a7d3e123590f8ed8c2121d7e0	cargo run -p jxl-encoder --release --features 'parallel butteraugli-loop ssim2-loop' --example cjxl_parity_ledger -- --update --image 1420710.png --effort 6 --distance 4
1420710.png	photo	512	512	6	5.0000	24928	23643	5.079207	4.526969	59.4780	60.8768	94.61	87.50	305	5146	1300	18149	24900	0	28	276	6058	905	16378	23617	0	26	5.435	12.199	-1.3988	OPEN	f75f71d8c10110941499a241849d8d781fe20ae8	cargo run -p jxl-encoder --release --features 'parallel butteraugli-loop ssim2-loop' --example cjxl_parity_ledger -- --update --image 1420710.png --effort 6 --distance 5
1420710.png	photo	512	512	6	6.0000	21781	20653	6.495906	5.727269	54.8839	56.8518	99.79	116.52	303	4844	1133	15473	21753	0	28	273	5721	670	13963	20627	0	26	5.462	13.421	-1.9679	OPEN	f75f71d8c10110941499a241849d8d781fe20ae8	cargo run -p jxl-encoder --release --features 'parallel butteraugli-loop ssim2-loop' --example cjxl_parity_ledger -- --update --image 1420710.png --effort 6 --distance 6
1420710.png	photo	512	512	7	0.2000	203132	202142	0.389569	0.389435	94.8225	94.8250	197.72	208.50	381	11868	2649	188203	203101	0	31	310	12062	2119	187621	202112	0	30	0.490	0.035	-0.0025	FIXED	a0928cf453ea7c3a7d3e123590f8ed8c2121d7e0	cargo run -p jxl-encoder --release --features 'parallel butteraugli-loop ssim2-loop' --example cjxl_parity_ledger -- --update --image 1420710.png --effort 7 --distance 0.2
1420710.png	photo	512	512	7	0.4000	149964	149832	0.648405	0.644219	92.5522	92.5113	189.57	123.96	431	10431	1859	137212	149933	0	31	367	10610	1601	137224	149802	0	30	0.088	0.650	0.0409	FIXED	a0928cf453ea7c3a7d3e123590f8ed8c2121d7e0	cargo run -p jxl-encoder --release --features 'parallel butteraugli-loop ssim2-loop' --example cjxl_parity_ledger -- --update --image 1420710.png --effort 7 --distance 0.4
1420710.png	photo	512	512	7	0.6000	124183	123991	0.805252	0.808811	90.5168	90.6486	141.41	294.35	421	9502	1477	112752	124152	0	31	315	9800	1084	112762	123961	0	30	0.155	-0.440	-0.1318	FIXED	a0928cf453ea7c3a7d3e123590f8ed8c2121d7e0	cargo run -p jxl-encoder --release --features 'parallel butteraugli-loop ssim2-loop' --example cjxl_parity_ledger -- --update --image 1420710.png --effort 7 --distance 0.6
1420710.png	photo	512	512	7	0.8000	105516	105817	1.007218	0.989827	88.4277	88.5229	363.08	384.64	387	9007	1161	94929	105484	0	32	303	9607	938	94939	105787	0	30	-0.284	1.757	-0.0952	FIXED	a0928cf453ea7c3a7d3e123590f8ed8c2121d7e0	cargo run -p jxl-encoder --release --features 'parallel butteraugli-loop ssim2-loop' --example cjxl_parity_ledger -- --update --image 1420710.png --effort 7 --distance 0.8
1420710.png	photo	512	512	7	1.0000	92023	92420	1.203190	1.211805	86.6158	86.7500	253.78	309.24	397	8521	1025	82048	91991	0	32	322	9244	796	82028	92390	0	30	-0.430	-0.711	-0.1342	FIXED	a0928cf453ea7c3a7d3e123590f8ed8c2121d7e0	cargo run -p jxl-encoder --release --features 'parallel butteraugli-loop ssim2-loop' --example cjxl_parity_ledger -- --update --image 1420710.png --effort 7 --distance 1
1420710.png	photo	512	512	7	1.2000	81705	82179	1.404263	1.475334	84.5141	84.7242	152.03	353.81	412	8300	869	72093	81674	0	31	348	9071	701	72029	82149	0	30	-0.577	-4.817	-0.2101	FIXED	a0928cf453ea7c3a7d3e123590f8ed8c2121d7e0	cargo run -p jxl-encoder --release --features 'parallel butteraugli-loop ssim2-loop' --example cjxl_parity_ledger -- --update --image 1420710.png --effort 7 --distance 1.2
1420710.png	photo	512	512	7	1.4000	73521	73975	1.681175	1.783633	82.8348	83.0987	226.21	249.04	367	8093	988	64046	73494	0	27	306	8906	809	63928	73949	0	26	-0.614	-5.744	-0.2639	FIXED	a0928cf453ea7c3a7d3e123590f8ed8c2121d7e0	cargo run -p jxl-encoder --release --features 'parallel butteraugli-loop ssim2-loop' --example cjxl_parity_ledger -- --update --image 1420710.png --effort 7 --distance 1.4
1420710.png	photo	512	512	7	1.6000	66767	67132	1.902566	1.915942	81.1456	81.4616	208.34	201.67	361	7990	857	57533	66741	0	26	299	8767	683	57361	67110	0	22	-0.544	-0.698	-0.3160	FIXED	a0928cf453ea7c3a7d3e123590f8ed8c2121d7e0	cargo run -p jxl-encoder --release --features 'parallel butteraugli-loop ssim2-loop' --example cjxl_parity_ledger -- --update --image 1420710.png --effort 7 --distance 1.6
1420710.png	photo	512	512	7	1.8000	61048	61179	2.140700	2.135729	79.3907	79.4847	165.49	177.98	325	7809	915	51973	61022	0	26	291	8636	664	51566	61157	0	22	-0.214	0.233	-0.0941	FIXED	a0928cf453ea7c3a7d3e123590f8ed8c2121d7e0	cargo run -p jxl-encoder --release --features 'parallel butteraugli-loop ssim2-loop' --example cjxl_parity_ledger -- --update --image 1420710.png --effort 7 --distance 1.8
1420710.png	photo	512	512	7	2.0000	55826	55869	2.319942	2.336734	77.2487	77.8999	160.54	173.99	343	7427	857	47173	55800	0	26	295	8477	632	46443	55847	0	22	-0.077	-0.719	-0.6512	FIXED	a0928cf453ea7c3a7d3e123590f8ed8c2121d7e0	cargo run -p jxl-encoder --release --features 'parallel butteraugli-loop ssim2-loop' --example cjxl_parity_ledger -- --update --image 1420710.png --effort 7 --distance 2
1420710.png	photo	512	512	7	2.5000	45293	44315	2.840126	2.824249	73.8158	73.8919	152.10	175.19	320	6951	735	37261	45267	0	26	304	7916	739	35334	44293	0	22	2.207	0.562	-0.0761	FIXED	a0928cf453ea7c3a7d3e123590f8ed8c2121d7e0	cargo run -p jxl-encoder --release --features 'parallel butteraugli-loop ssim2-loop' --example cjxl_parity_ledger -- --update --image 1420710.png --effort 7 --distance 2.5
1420710.png	photo	512	512	7	3.0000	36550	36567	3.697468	3.524226	69.7760	70.6436	130.37	134.35	359	6360	740	29065	36524	0	26	307	7337	694	28204	36542	0	25	-0.046	4.916	-0.8676	FIXED	a0928cf453ea7c3a7d3e123590f8ed8c2121d7e0	cargo run -p jxl-encoder --release --features 'parallel butteraugli-loop ssim2-loop' --example cjxl_parity_ledger -- --update --image 1420710.png --effort 7 --distance 3
1420710.png	photo	512	512	7	4.0000	29090	27929	4.051125	3.956807	64.1784	65.1841	172.51	112.40	329	5572	1124	22037	29062	0	28	300	6644	550	20409	27903	0	26	4.157	2.384	-1.0057	OPEN	f75f71d8c10110941499a241849d8d781fe20ae8	cargo run -p jxl-encoder --release --features 'parallel butteraugli-loop ssim2-loop' --example cjxl_parity_ledger -- --update --image 1420710.png --effort 7 --distance 4
1420710.png	photo	512	512	7	5.0000	24908	23643	5.116127	4.526969	59.4425	60.8768	136.47	100.55	302	5154	1301	18123	24880	0	28	276	6058	905	16378	23617	0	26	5.350	13.014	-1.4342	OPEN	f75f71d8c10110941499a241849d8d781fe20ae8	cargo run -p jxl-encoder --release --features 'parallel butteraugli-loop ssim2-loop' --example cjxl_parity_ledger -- --update --image 1420710.png --effort 7 --distance 5
1420710.png	photo	512	512	7	6.0000	21841	20653	6.495938	5.727269	54.8691	56.8518	111.02	100.30	322	4860	1133	15498	21813	0	28	273	5721	670	13963	20627	0	26	5.752	13.421	-1.9826	OPEN	f75f71d8c10110941499a241849d8d781fe20ae8	cargo run -p jxl-encoder --release --features 'parallel butteraugli-loop ssim2-loop' --example cjxl_parity_ledger -- --update --image 1420710.png --effort 7 --distance 6
1420710.png	photo	512	512	8	0.2000	213515	213293	0.330725	0.332531	95.0824	95.1324	497.47	1077.72	391	12146	2665	198282	213484	0	31	235	12943	2189	197896	213263	0	30	0.104	-0.543	-0.0501	FIXED	a0928cf453ea7c3a7d3e123590f8ed8c2121d7e0	cargo run -p jxl-encoder --release --features 'parallel butteraugli-loop ssim2-loop' --example cjxl_parity_ledger -- --update --image 1420710.png --effort 8 --distance 0.2
1420710.png	photo	512	512	8	0.4000	154990	154839	0.595187	0.602916	92.8130	92.7810	437.43	894.35	402	10393	1802	142362	154959	0	31	256	10713	1604	142236	154809	0	30	0.098	-1.282	0.0321	FIXED	a0928cf453ea7c3a7d3e123590f8ed8c2121d7e0	cargo run -p jxl-encoder --release --features 'parallel butteraugli-loop ssim2-loop' --example cjxl_parity_ledger -- --update --image 1420710.png --effort 8 --distance 0.4
1420710.png	photo	512	512	8	0.6000	120743	120518	0.741264	0.739092	90.2730	90.2885	449.77	642.25	410	9626	1407	109269	120712	0	31	265	9938	1066	109219	120488	0	30	0.187	0.294	-0.0154	FIXED	a0928cf453ea7c3a7d3e123590f8ed8c2121d7e0	cargo run -p jxl-encoder --release --features 'parallel butteraugli-loop ssim2-loop' --example cjxl_parity_ledger -- --update --image 1420710.png --effort 8 --distance 0.6
1420710.png	photo	512	512	8	0.8000	101540	101827	1.088077	1.078641	87.9837	88.1956	542.45	709.36	381	9058	1137	90932	101508	0	32	275	9706	874	90942	101797	0	30	-0.282	0.875	-0.2119	FIXED	a0928cf453ea7c3a7d3e123590f8ed8c2121d7e0	cargo run -p jxl-encoder --release --features 'parallel butteraugli-loop ssim2-loop' --example cjxl_parity_ledger -- --update --image 1420710.png --effort 8 --distance 0.8
1420710.png	photo	512	512	8	1.0000	88021	88485	1.316883	1.335591	85.9772	86.1693	440.74	953.18	383	8614	980	78013	87990	0	31	271	9435	752	77997	88455	0	30	-0.524	-1.401	-0.1921	FIXED	a0928cf453ea7c3a7d3e123590f8ed8c2121d7e0	cargo run -p jxl-encoder --release --features 'parallel butteraugli-loop ssim2-loop' --example cjxl_parity_ledger -- --update --image 1420710.png --effort 8 --distance 1
1420710.png	photo	512	512	8	1.2000	77563	78054	1.436088	1.410585	83.9749	84.0092	513.00	719.39	386	8362	872	67916	77536	0	27	291	9194	714	67829	78028	0	26	-0.629	1.808	-0.0344	FIXED	a0928cf453ea7c3a7d3e123590f8ed8c2121d7e0	cargo run -p jxl-encoder --release --features 'parallel butteraugli-loop ssim2-loop' --example cjxl_parity_ledger -- --update --image 1420710.png --effort 8 --distance 1.2
1420710.png	photo	512	512	8	1.4000	69515	70003	1.693398	1.664620	81.9821	82.1884	440.47	665.32	386	8178	943	59981	69488	0	27	323	9025	720	59909	69977	0	26	-0.697	1.729	-0.2063	FIXED	a0928cf453ea7c3a7d3e123590f8ed8c2121d7e0	cargo run -p jxl-encoder --release --features 'parallel butteraugli-loop ssim2-loop' --example cjxl_parity_ledger -- --update --image 1420710.png --effort 8 --distance 1.4
1420710.png	photo	512	512	8	1.6000	62758	63264	1.929015	2.012801	80.3454	80.4083	409.95	587.40	362	7967	881	53522	62732	0	26	340	8811	709	53382	63242	0	22	-0.800	-4.163	-0.0629	FIXED	a0928cf453ea7c3a7d3e123590f8ed8c2121d7e0	cargo run -p jxl-encoder --release --features 'parallel butteraugli-loop ssim2-loop' --example cjxl_parity_ledger -- --update --image 1420710.png --effort 8 --distance 1.6
1420710.png	photo	512	512	8	1.8000	57266	57578	2.204494	2.124901	78.3298	78.5329	533.29	784.13	331	7878	786	48245	57240	0	26	340	8759	593	47864	57556	0	22	-0.542	3.746	-0.2032	FIXED	a0928cf453ea7c3a7d3e123590f8ed8c2121d7e0	cargo run -p jxl-encoder --release --features 'parallel butteraugli-loop ssim2-loop' --example cjxl_parity_ledger -- --update --image 1420710.png --effort 8 --distance 1.8
1420710.png	photo	512	512	8	2.0000	52188	52481	2.558764	2.495016	76.4724	77.0121	539.04	595.67	347	7473	853	43489	52162	0	26	334	8572	599	42954	52459	0	22	-0.558	2.555	-0.5397	FIXED	a0928cf453ea7c3a7d3e123590f8ed8c2121d7e0	cargo run -p jxl-encoder --release --features 'parallel butteraugli-loop ssim2-loop' --example cjxl_parity_ledger -- --update --image 1420710.png --effort 8 --distance 2
1420710.png	photo	512	512	8	2.5000	41911	41773	3.025983	2.975180	72.2685	72.9656	337.78	576.15	319	7007	696	33863	41885	0	26	352	7966	660	32773	41751	0	22	0.330	1.708	-0.6970	FIXED	a0928cf453ea7c3a7d3e123590f8ed8c2121d7e0	cargo run -p jxl-encoder --release --features 'parallel butteraugli-loop ssim2-loop' --example cjxl_parity_ledger -- --update --image 1420710.png --effort 8 --distance 2.5
1420710.png	photo	512	512	8	3.0000	35313	34454	3.344474	3.360425	68.8180	69.4006	598.30	1021.34	364	6359	978	27586	35287	0	26	308	7411	627	26083	34429	0	25	2.493	-0.475	-0.5826	FIXED	a0928cf453ea7c3a7d3e123590f8ed8c2121d7e0	cargo run -p jxl-encoder --release --features 'parallel butteraugli-loop ssim2-loop' --example cjxl_parity_ledger -- --update --image 1420710.png --effort 8 --distance 3
1420710.png	photo	512	512	8	4.0000	27634	26257	4.414379	4.322836	62.6148	63.4660	759.37	670.33	351	5606	1226	20423	27606	0	28	241	6750	522	18718	26231	0	26	5.244	2.118	-0.8512	FIXED	a0928cf453ea7c3a7d3e123590f8ed8c2121d7e0	cargo run -p jxl-encoder --release --features 'parallel butteraugli-loop ssim2-loop' --example cjxl_parity_ledger -- --update --image 1420710.png --effort 8 --distance 4
1420710.png	photo	512	512	8	5.0000	23094	21814	4.889190	5.255217	57.2798	58.8165	388.07	412.50	316	5131	1205	16414	23066	0	28	172	6045	802	14769	21788	0	26	5.868	-6.965	-1.5367	OPEN	f75f71d8c10110941499a241849d8d781fe20ae8	cargo run -p jxl-encoder --release --features 'parallel butteraugli-loop ssim2-loop' --example cjxl_parity_ledger -- --update --image 1420710.png --effort 8 --distance 5
1420710.png	photo	512	512	8	6.0000	19699	18796	5.565931	5.721045	52.0461	54.0230	370.89	410.21	320	4885	1078	13388	19671	0	28	191	5769	610	12200	18770	0	26	4.804	-2.711	-1.9769	OPEN	f75f71d8c10110941499a241849d8d781fe20ae8	cargo run -p jxl-encoder --release --features 'parallel butteraugli-loop ssim2-loop' --example cjxl_parity_ledger -- --update --image 1420710.png --effort 8 --distance 6
1420710.png	photo	512	512	9	0.2000	216603	215006	0.226176	0.307146	95.1432	95.1735	615.48	703.10	518	12198	3894	199962	216572	0	31	267	12832	1863	200014	214976	0	30	0.743	-26.362	-0.0303	FIXED	a0928cf453ea7c3a7d3e123590f8ed8c2121d7e0	cargo run -p jxl-encoder --release --features 'parallel butteraugli-loop ssim2-loop' --example cjxl_parity_ledger -- --update --image 1420710.png --effort 9 --distance 0.2
1420710.png	photo	512	512	9	0.4000	157141	155896	0.507823	0.517333	92.8609	92.9085	797.45	680.13	502	10401	2682	143525	157110	0	31	280	10619	1421	143546	155866	0	30	0.799	-1.838	-0.0477	FIXED	a0928cf453ea7c3a7d3e123590f8ed8c2121d7e0	cargo run -p jxl-encoder --release --features 'parallel butteraugli-loop ssim2-loop' --example cjxl_parity_ledger -- --update --image 1420710.png --effort 9 --distance 0.4
1420710.png	photo	512	512	9	0.6000	121445	120676	0.643238	0.643148	90.3247	90.3151	595.59	671.37	435	9660	1843	109476	121414	0	31	297	9834	985	109531	120647	0	29	0.637	0.014	0.0096	FIXED	a0928cf453ea7c3a7d3e123590f8ed8c2121d7e0	cargo run -p jxl-encoder --release --features 'parallel butteraugli-loop ssim2-loop' --example cjxl_parity_ledger -- --update --image 1420710.png --effort 9 --distance 0.6
1420710.png	photo	512	512	9	0.8000	101949	101915	0.868056	0.867968	88.0475	88.1878	543.92	780.39	442	9027	1331	91117	101917	0	32	285	9612	744	91244	101885	0	30	0.033	0.010	-0.1404	FIXED	a0928cf453ea7c3a7d3e123590f8ed8c2121d7e0	cargo run -p jxl-encoder --release --features 'parallel butteraugli-loop ssim2-loop' --example cjxl_parity_ledger -- --update --image 1420710.png --effort 9 --distance 0.8
1420710.png	photo	512	512	9	1.0000	88512	88544	1.061018	1.097700	85.9561	86.1200	656.18	743.35	442	8633	1232	78173	88480	0	32	323	9285	684	78222	88514	0	30	-0.036	-3.342	-0.1640	FIXED	a0928cf453ea7c3a7d3e123590f8ed8c2121d7e0	cargo run -p jxl-encoder --release --features 'parallel butteraugli-loop ssim2-loop' --example cjxl_parity_ledger -- --update --image 1420710.png --effort 9 --distance 1
1420710.png	photo	512	512	9	1.2000	77877	78052	1.291203	1.297096	84.0433	84.0600	648.90	703.37	442	8348	1099	67960	77849	0	28	314	9082	650	67980	78026	0	26	-0.224	-0.454	-0.0167	FIXED	a0928cf453ea7c3a7d3e123590f8ed8c2121d7e0	cargo run -p jxl-encoder --release --features 'parallel butteraugli-loop ssim2-loop' --example cjxl_parity_ledger -- --update --image 1420710.png --effort 9 --distance 1.2
1420710.png	photo	512	512	9	1.4000	69732	70027	1.526731	1.508361	81.9273	82.2028	547.50	669.24	437	8162	1092	60013	69704	0	28	321	8938	661	60081	70001	0	26	-0.421	1.218	-0.2755	FIXED	a0928cf453ea7c3a7d3e123590f8ed8c2121d7e0	cargo run -p jxl-encoder --release --features 'parallel butteraugli-loop ssim2-loop' --example cjxl_parity_ledger -- --update --image 1420710.png --effort 9 --distance 1.4
1420710.png	photo	512	512	9	1.6000	62900	63187	1.743191	1.736481	80.4022	80.3532	571.87	857.44	408	7935	938	53593	62874	0	26	349	8678	682	53456	63165	0	22	-0.454	0.386	0.0490	FIXED	a0928cf453ea7c3a7d3e123590f8ed8c2121d7e0	cargo run -p jxl-encoder --release --features 'parallel butteraugli-loop ssim2-loop' --example cjxl_parity_ledger -- --update --image 1420710.png --effort 9 --distance 1.6
1420710.png	photo	512	512	9	1.8000	57348	57443	2.000971	2.024248	78.3536	78.5606	467.03	906.06	413	7819	851	48239	57322	0	26	348	8638	580	47855	57421	0	22	-0.165	-1.150	-0.2070	FIXED	a0928cf453ea7c3a7d3e123590f8ed8c2121d7e0	cargo run -p jxl-encoder --release --features 'parallel butteraugli-loop ssim2-loop' --example cjxl_parity_ledger -- --update --image 1420710.png --effort 9 --distance 1.8
1420710.png	photo	512	512	9	2.0000	52425	52473	2.476931	2.495016	76.4990	77.0824	900.13	1446.99	440	7426	1054	43478	52398	0	27	370	8469	603	43009	52451	0	22	-0.091	-0.725	-0.5834	FIXED	a0928cf453ea7c3a7d3e123590f8ed8c2121d7e0	cargo run -p jxl-encoder --release --features 'parallel butteraugli-loop ssim2-loop' --example cjxl_parity_ledger -- --update --image 1420710.png --effort 9 --distance 2
1420710.png	photo	512	512	9	2.5000	42132	41675	2.926427	2.865612	72.2925	73.0076	1152.91	1298.02	383	6972	772	33979	42106	0	26	379	7902	647	32725	41653	0	22	1.097	2.122	-0.7151	FIXED	a0928cf453ea7c3a7d3e123590f8ed8c2121d7e0	cargo run -p jxl-encoder --release --features 'parallel butteraugli-loop ssim2-loop' --example cjxl_parity_ledger -- --update --image 1420710.png --effort 9 --distance 2.5
1420710.png	photo	512	512	9	3.0000	35533	34414	3.276422	3.360425	68.8121	69.4030	1042.14	1505.55	439	6344	1124	27599	35506	0	27	314	7368	598	26109	34389	0	25	3.252	-2.500	-0.5908	FIXED	a0928cf453ea7c3a7d3e123590f8ed8c2121d7e0	cargo run -p jxl-encoder --release --features 'parallel butteraugli-loop ssim2-loop' --example cjxl_parity_ledger -- --update --image 1420710.png --effort 9 --distance 3
1420710.png	photo	512	512	9	4.0000	27704	26229	4.414379	4.322836	62.6148	63.4660	1342.59	1346.37	344	5602	1254	20476	27676	0	28	271	6697	509	18726	26203	0	26	5.624	2.118	-0.8512	FIXED	a0928cf453ea7c3a7d3e123590f8ed8c2121d7e0	cargo run -p jxl-encoder --release --features 'parallel butteraugli-loop ssim2-loop' --example cjxl_parity_ledger -- --update --image 1420710.png --effort 9 --distance 4
1420710.png	photo	512	512	9	5.0000	23128	21814	4.889190	5.255217	57.2798	58.8165	557.22	545.59	348	5129	1182	16441	23100	0	28	211	6012	786	14779	21788	0	26	6.024	-6.965	-1.5367	OPEN	f75f71d8c10110941499a241849d8d781fe20ae8	cargo run -p jxl-encoder --release --features 'parallel butteraugli-loop ssim2-loop' --example cjxl_parity_ledger -- --update --image 1420710.png --effort 9 --distance 5
1420710.png	photo	512	512	9	6.0000	19722	18783	5.565931	5.721045	52.0461	54.0230	1284.42	520.53	350	4871	1066	13407	19694	0	28	195	5754	604	12204	18757	0	26	4.999	-2.711	-1.9769	OPEN	f75f71d8c10110941499a241849d8d781fe20ae8	cargo run -p jxl-encoder --release --features 'parallel butteraugli-loop ssim2-loop' --example cjxl_parity_ledger -- --update --image 1420710.png --effort 9 --distance 6
1531677.png	photo	512	512	5	0.2000	187509	186722	0.362679	0.362392	94.7393	94.6967	60.94	60.27	422	10745	2771	173540	187478	0	31	359	11007	2363	172963	186692	0	30	0.421	0.079	0.0426	FIXED	a0928cf453ea7c3a7d3e123590f8ed8c2121d7e0	cargo run -p jxl-encoder --release --features 'parallel butteraugli-loop ssim2-loop' --example cjxl_parity_ledger -- --update --image 1531677.png --effort 5 --distance 0.2
1531677.png	photo	512	512	5	0.4000	135184	135042	0.637928	0.637241	92.0943	92.1704	60.92	65.87	447	9135	2041	123530	135153	0	31	394	9527	1721	123370	135012	0	30	0.105	0.108	-0.0761	FIXED	a0928cf453ea7c3a7d3e123590f8ed8c2121d7e0	cargo run -p jxl-encoder --release --features 'parallel butteraugli-loop ssim2-loop' --example cjxl_parity_ledger -- --update --image 1531677.png --effort 5 --distance 0.4
1531677.png	photo	512	512	5	0.6000	112182	112199	0.791588	0.795711	89.9445	89.8291	48.52	63.30	448	8254	1391	102058	112151	0	31	371	8719	1019	102061	112170	0	29	-0.015	-0.518	0.1155	FIXED	a0928cf453ea7c3a7d3e123590f8ed8c2121d7e0	cargo run -p jxl-encoder --release --features 'parallel butteraugli-loop ssim2-loop' --example cjxl_parity_ledger -- --update --image 1531677.png --effort 5 --distance 0.6
1531677.png	photo	512	512	5	0.8000	95112	95451	1.094554	1.080800	87.4837	87.6261	48.15	64.34	423	7677	1154	85826	95080	0	32	370	8186	1021	85844	95421	0	30	-0.355	1.273	-0.1424	FIXED	a0928cf453ea7c3a7d3e123590f8ed8c2121d7e0	cargo run -p jxl-encoder --release --features 'parallel butteraugli-loop ssim2-loop' --example cjxl_parity_ledger -- --update --image 1531677.png --effort 5 --distance 0.8
1531677.png	photo	512	512	5	1.0000	82938	83207	1.265342	1.251395	85.2131	85.4174	43.48	71.65	459	7123	1065	74260	82907	0	31	356	7736	868	74218	83178	0	29	-0.323	1.115	-0.2043	FIXED	a0928cf453ea7c3a7d3e123590f8ed8c2121d7e0	cargo run -p jxl-encoder --release --features 'parallel butteraugli-loop ssim2-loop' --example cjxl_parity_ledger -- --update --image 1531677.png --effort 5 --distance 1
1531677.png	photo	512	512	5	1.2000	73600	73925	1.485113	1.481933	83.1017	83.2860	42.52	67.33	446	6877	986	65262	73571	0	29	350	7475	802	65270	73897	0	28	-0.440	0.215	-0.1843	FIXED	a0928cf453ea7c3a7d3e123590f8ed8c2121d7e0	cargo run -p jxl-encoder --release --features 'parallel butteraugli-loop ssim2-loop' --example cjxl_parity_ledger -- --update --image 1531677.png --effort 5 --distance 1.2
1531677.png	photo	512	512	5	1.4000	65940	66163	1.915960	1.917613	80.6093	80.9416	46.44	60.89	440	6563	984	57926	65913	0	27	361	7169	773	57834	66137	0	26	-0.337	-0.086	-0.3323	FIXED	a0928cf453ea7c3a7d3e123590f8ed8c2121d7e0	cargo run -p jxl-encoder --release --features 'parallel butteraugli-loop ssim2-loop' --example cjxl_parity_ledger -- --update --image 1531677.png --effort 5 --distance 1.4
1531677.png	photo	512	512	5	1.6000	59795	59863	1.979949	2.031492	78.5876	78.8344	83.19	135.54	447	6433	985	51904	59769	0	26	342	7052	828	51619	59841	0	22	-0.114	-2.537	-0.2469	FIXED	a0928cf453ea7c3a7d3e123590f8ed8c2121d7e0	cargo run -p jxl-encoder --release --features 'parallel butteraugli-loop ssim2-loop' --example cjxl_parity_ledger -- --update --image 1531677.png --effort 5 --distance 1.6
1531677.png	photo	512	512	5	1.8000	54319	54280	2.080945	2.076714	76.6700	76.9494	95.49	114.74	422	6226	972	46673	54293	0	26	352	6835	658	46413	54258	0	22	0.072	0.204	-0.2795	FIXED	a0928cf453ea7c3a7d3e123590f8ed8c2121d7e0	cargo run -p jxl-encoder --release --features 'parallel butteraugli-loop ssim2-loop' --example cjxl_parity_ledger -- --update --image 1531677.png --effort 5 --distance 1.8
1531677.png	photo	512	512	5	2.0000	49529	49240	2.753036	2.743781	74.2368	74.7250	71.59	218.10	414	6022	848	42219	49503	0	26	339	6666	683	41530	49218	0	22	0.587	0.337	-0.4882	FIXED	a0928cf453ea7c3a7d3e123590f8ed8c2121d7e0	cargo run -p jxl-encoder --release --features 'parallel butteraugli-loop ssim2-loop' --example cjxl_parity_ledger -- --update --image 1531677.png --effort 5 --distance 2
1531677.png	photo	512	512	5	2.5000	40445	39062	2.812438	2.893104	69.3335	69.5099	151.73	121.68	381	5524	1059	33454	40418	0	27	334	6126	600	31980	39040	0	22	3.541	-2.788	-0.1764	FIXED	a0928cf453ea7c3a7d3e123590f8ed8c2121d7e0	cargo run -p jxl-encoder --release --features 'parallel butteraugli-loop ssim2-loop' --example cjxl_parity_ledger -- --update --image 1531677.png --effort 5 --distance 2.5
1531677.png	photo	512	512	5	3.0000	33287	32095	3.252778	3.277554	63.9464	64.8653	94.09	99.89	394	5135	1076	26655	33260	0	27	312	5718	602	25438	32070	0	25	3.714	-0.756	-0.9189	FIXED	a0928cf453ea7c3a7d3e123590f8ed8c2121d7e0	cargo run -p jxl-encoder --release --features 'parallel butteraugli-loop ssim2-loop' --example cjxl_parity_ledger -- --update --image 1531677.png --effort 5 --distance 3
1531677.png	photo	512	512	5	4.0000	25873	24216	4.272911	4.215425	53.0352	54.0598	57.20	55.56	355	4551	1200	19739	25845	0	28	299	5084	447	18360	24190	0	26	6.843	1.364	-1.0245	OPEN	f75f71d8c10110941499a241849d8d781fe20ae8	cargo run -p jxl-encoder --release --features 'parallel butteraugli-loop ssim2-loop' --example cjxl_parity_ledger -- --update --image 1531677.png --effort 5 --distance 4
1531677.png	photo	512	512	5	5.0000	21477	20227	4.452675	4.531577	45.3173	46.7910	37.00	56.15	318	4203	1258	15670	21449	0	28	301	4684	889	14327	20201	0	26	6.180	-1.741	-1.4737	OPEN	f75f71d8c10110941499a241849d8d781fe20ae8	cargo run -p jxl-encoder --release --features 'parallel butteraugli-loop ssim2-loop' --example cjxl_parity_ledger -- --update --image 1531677.png --effort 5 --distance 5
1531677.png	photo	512	512	5	6.0000	18126	17275	5.455174	5.491705	38.3289	39.4696	79.64	70.99	369	3891	1005	12834	18099	0	27	288	4367	719	11875	17249	0	26	4.926	-0.665	-1.1407	OPEN	f75f71d8c10110941499a241849d8d781fe20ae8	cargo run -p jxl-encoder --release --features 'parallel butteraugli-loop ssim2-loop' --example cjxl_parity_ledger -- --update --image 1531677.png --effort 5 --distance 6
1531677.png	photo	512	512	6	0.2000	187484	186722	0.362679	0.362392	94.7448	94.6967	268.72	143.86	429	10747	2722	173555	187453	0	31	359	11007	2363	172963	186692	0	30	0.408	0.079	0.0481	FIXED	a0928cf453ea7c3a7d3e123590f8ed8c2121d7e0	cargo run -p jxl-encoder --release --features 'parallel butteraugli-loop ssim2-loop' --example cjxl_parity_ledger -- --update --image 1531677.png --effort 6 --distance 0.2
1531677.png	photo	512	512	6	0.4000	135138	135022	0.637924	0.637237	92.1100	92.1646	216.02	223.41	455	9162	2102	123388	135107	0	31	400	9549	1716	123327	134992	0	30	0.086	0.108	-0.0546	FIXED	a0928cf453ea7c3a7d3e123590f8ed8c2121d7e0	cargo run -p jxl-encoder --release --features 'parallel butteraugli-loop ssim2-loop' --example cjxl_parity_ledger -- --update --image 1531677.png --effort 6 --distance 0.4
1531677.png	photo	512	512	6	0.6000	111969	112038	0.791565	0.795710	89.9168	89.7759	114.56	166.90	457	8347	1351	101783	111938	0	31	378	8806	1033	101791	112008	0	30	-0.062	-0.521	0.1409	FIXED	a0928cf453ea7c3a7d3e123590f8ed8c2121d7e0	cargo run -p jxl-encoder --release --features 'parallel butteraugli-loop ssim2-loop' --example cjxl_parity_ledger -- --update --image 1531677.png --effort 6 --distance 0.6
1531677.png	photo	512	512	6	0.8000	94920	95591	1.093860	1.080077	87.4831	87.6084	203.61	231.72	433	7920	1174	85361	94888	0	32	383	8761	1027	85389	95560	0	31	-0.702	1.276	-0.1253	FIXED	a0928cf453ea7c3a7d3e123590f8ed8c2121d7e0	cargo run -p jxl-encoder --release --features 'parallel butteraugli-loop ssim2-loop' --example cjxl_parity_ledger -- --update --image 1531677.png --effort 6 --distance 0.8
1531677.png	photo	512	512	6	1.0000	82645	83289	1.265687	1.263211	85.1233	85.4028	168.78	195.26	460	7473	996	73687	82616	0	29	387	8439	821	73614	83261	0	28	-0.773	0.196	-0.2794	FIXED	a0928cf453ea7c3a7d3e123590f8ed8c2121d7e0	cargo run -p jxl-encoder --release --features 'parallel butteraugli-loop ssim2-loop' --example cjxl_parity_ledger -- --update --image 1531677.png --effort 6 --distance 1
1531677.png	photo	512	512	6	1.2000	73276	73958	1.500294	1.508279	83.0070	83.2175	159.83	217.72	455	7285	939	64568	73247	0	29	365	8252	747	64566	73930	0	28	-0.922	-0.529	-0.2105	FIXED	a0928cf453ea7c3a7d3e123590f8ed8c2121d7e0	cargo run -p jxl-encoder --release --features 'parallel butteraugli-loop ssim2-loop' --example cjxl_parity_ledger -- --update --image 1531677.png --effort 6 --distance 1.2
1531677.png	photo	512	512	6	1.4000	65809	66252	1.890502	2.001266	80.5217	80.7747	138.05	299.98	465	7045	920	57352	65782	0	27	385	8015	626	57200	66226	0	26	-0.669	-5.535	-0.2530	FIXED	a0928cf453ea7c3a7d3e123590f8ed8c2121d7e0	cargo run -p jxl-encoder --release --features 'parallel butteraugli-loop ssim2-loop' --example cjxl_parity_ledger -- --update --image 1531677.png --effort 6 --distance 1.4
1531677.png	photo	512	512	6	1.6000	60024	59852	1.991028	2.049402	78.6073	78.8111	171.92	211.89	448	6994	1118	51437	59997	0	27	355	7935	738	50802	59830	0	22	0.287	-2.848	-0.2038	FIXED	a0928cf453ea7c3a7d3e123590f8ed8c2121d7e0	cargo run -p jxl-encoder --release --features 'parallel butteraugli-loop ssim2-loop' --example cjxl_parity_ledger -- --update --image 1531677.png --effort 6 --distance 1.6
1531677.png	photo	512	512	6	1.8000	54398	54333	2.136380	2.136618	76.6398	76.8856	187.30	337.58	436	6807	844	46285	54372	0	26	353	7692	641	45625	54311	0	22	0.120	-0.011	-0.2458	FIXED	a0928cf453ea7c3a7d3e123590f8ed8c2121d7e0	cargo run -p jxl-encoder --release --features 'parallel butteraugli-loop ssim2-loop' --example cjxl_parity_ledger -- --update --image 1531677.png --effort 6 --distance 1.8
1531677.png	photo	512	512	6	2.0000	49713	49650	2.354126	2.361437	74.3440	74.7276	124.08	190.63	469	6548	763	41907	49687	0	26	348	7492	796	40992	49628	0	22	0.127	-0.310	-0.3836	FIXED	a0928cf453ea7c3a7d3e123590f8ed8c2121d7e0	cargo run -p jxl-encoder --release --features 'parallel butteraugli-loop ssim2-loop' --example cjxl_parity_ledger -- --update --image 1531677.png --effort 6 --distance 2
1531677.png	photo	512	512	6	2.5000	40771	39533	2.833642	2.906096	69.6305	69.9164	139.27	193.53	416	5984	1057	33287	40744	0	27	345	6820	616	31730	39511	0	22	3.132	-2.493	-0.2859	FIXED	a0928cf453ea7c3a7d3e123590f8ed8c2121d7e0	cargo run -p jxl-encoder --release --features 'parallel butteraugli-loop ssim2-loop' --example cjxl_parity_ledger -- --update --image 1531677.png --effort 6 --distance 2.5
1531677.png	photo	512	512	6	3.0000	34617	32674	3.343735	3.316137	64.4906	65.1184	114.21	120.19	405	5585	1419	27181	34590	0	27	346	6419	572	25312	32649	0	25	5.947	0.832	-0.6278	FIXED	a0928cf453ea7c3a7d3e123590f8ed8c2121d7e0	cargo run -p jxl-encoder --release --features 'parallel butteraugli-loop ssim2-loop' --example cjxl_parity_ledger -- --update --image 1531677.png --effort 6 --distance 3
1531677.png	photo	512	512	6	4.0000	26213	24881	4.433922	4.070038	56.7340	57.8238	136.22	100.67	364	4852	1199	19770	26185	0	28	322	5712	441	18380	24855	0	26	5.353	8.941	-1.0898	OPEN	f75f71d8c10110941499a241849d8d781fe20ae8	cargo run -p jxl-encoder --release --features 'parallel butteraugli-loop ssim2-loop' --example cjxl_parity_ledger -- --update --image 1531677.png --effort 6 --distance 4
1531677.png	photo	512	512	6	5.0000	21704	20560	4.616361	4.500546	50.2045	51.9585	114.05	82.96	319	4429	1258	15670	21676	0	28	297	5110	746	14381	20534	0	26	5.564	2.573	-1.7540	OPEN	f75f71d8c10110941499a241849d8d781fe20ae8	cargo run -p jxl-encoder --release --features 'parallel butteraugli-loop ssim2-loop' --example cjxl_parity_ledger -- --update --image 1531677.png --effort 6 --distance 5
1531677.png	photo	512	512	6	6.0000	18349	17655	5.229169	5.293930	43.9893	45.4460	103.55	85.15	370	4113	1005	12834	18322	0	27	302	4803	658	11866	17629	0	26	3.931	-1.223	-1.4567	OPEN	f75f71d8c10110941499a241849d8d781fe20ae8	cargo run -p jxl-encoder --release --features 'parallel butteraugli-loop ssim2-loop' --example cjxl_parity_ledger -- --update --image 1531677.png --effort 6 --distance 6
1531677.png	photo	512	512	7	0.2000	187512	186647	0.362679	0.362392	94.7172	94.7495	146.15	181.98	429	10747	2723	173582	187481	0	31	364	11007	2297	172949	186617	0	30	0.463	0.079	-0.0323	FIXED	a0928cf453ea7c3a7d3e123590f8ed8c2121d7e0	cargo run -p jxl-encoder --release --features 'parallel butteraugli-loop ssim2-loop' --example cjxl_parity_ledger -- --update --image 1531677.png --effort 7 --distance 0.2
1531677.png	photo	512	512	7	0.4000	135141	135097	0.637924	0.637237	92.1347	92.1172	145.91	249.11	455	9162	2051	123442	135110	0	31	400	9547	1755	123365	135067	0	30	0.033	0.108	0.0176	FIXED	a0928cf453ea7c3a7d3e123590f8ed8c2121d7e0	cargo run -p jxl-encoder --release --features 'parallel butteraugli-loop ssim2-loop' --example cjxl_parity_ledger -- --update --image 1531677.png --effort 7 --distance 0.4
1531677.png	photo	512	512	7	0.6000	111980	112015	0.791565	0.795669	89.9225	89.7572	123.84	154.17	457	8347	1316	101829	111949	0	31	378	8805	1015	101788	111986	0	29	-0.031	-0.516	0.1653	FIXED	a0928cf453ea7c3a7d3e123590f8ed8c2121d7e0	cargo run -p jxl-encoder --release --features 'parallel butteraugli-loop ssim2-loop' --example cjxl_parity_ledger -- --update --image 1531677.png --effort 7 --distance 0.6
1531677.png	photo	512	512	7	0.8000	94934	95575	1.093860	1.079674	87.5009	87.6970	158.99	226.24	433	7922	1174	85373	94902	0	32	387	8760	1033	85364	95544	0	31	-0.671	1.314	-0.1961	FIXED	a0928cf453ea7c3a7d3e123590f8ed8c2121d7e0	cargo run -p jxl-encoder --release --features 'parallel butteraugli-loop ssim2-loop' --example cjxl_parity_ledger -- --update --image 1531677.png --effort 7 --distance 0.8
1531677.png	photo	512	512	7	1.0000	82668	83326	1.265687	1.263743	85.1205	85.4008	158.60	352.78	455	7471	966	73747	82639	0	29	369	8455	823	73651	83298	0	28	-0.790	0.154	-0.2802	FIXED	a0928cf453ea7c3a7d3e123590f8ed8c2121d7e0	cargo run -p jxl-encoder --release --features 'parallel butteraugli-loop ssim2-loop' --example cjxl_parity_ledger -- --update --image 1531677.png --effort 7 --distance 1
1531677.png	photo	512	512	7	1.2000	73280	73921	1.500294	1.508279	83.0004	83.2162	167.67	372.55	455	7285	939	64572	73251	0	29	357	8250	742	64544	73893	0	28	-0.867	-0.529	-0.2159	FIXED	a0928cf453ea7c3a7d3e123590f8ed8c2121d7e0	cargo run -p jxl-encoder --release --features 'parallel butteraugli-loop ssim2-loop' --example cjxl_parity_ledger -- --update --image 1531677.png --effort 7 --distance 1.2
1531677.png	photo	512	512	7	1.4000	65815	66257	1.890819	1.998875	80.5163	80.8984	149.64	326.24	465	7045	920	57358	65788	0	27	369	8038	630	57194	66231	0	26	-0.667	-5.406	-0.3821	FIXED	a0928cf453ea7c3a7d3e123590f8ed8c2121d7e0	cargo run -p jxl-encoder --release --features 'parallel butteraugli-loop ssim2-loop' --example cjxl_parity_ledger -- --update --image 1531677.png --effort 7 --distance 1.4
1531677.png	photo	512	512	7	1.6000	60030	59830	1.988815	1.997803	78.6111	78.9436	89.65	107.51	448	6994	1118	51443	60003	0	27	361	7923	753	50771	59808	0	22	0.334	-0.450	-0.3325	FIXED	a0928cf453ea7c3a7d3e123590f8ed8c2121d7e0	cargo run -p jxl-encoder --release --features 'parallel butteraugli-loop ssim2-loop' --example cjxl_parity_ledger -- --update --image 1531677.png --effort 7 --distance 1.6
1531677.png	photo	512	512	7	1.8000	54406	54323	2.136380	2.136618	76.6351	76.9063	93.59	118.75	436	6805	844	46295	54380	0	26	367	7689	647	45598	54301	0	22	0.153	-0.011	-0.2712	FIXED	a0928cf453ea7c3a7d3e123590f8ed8c2121d7e0	cargo run -p jxl-encoder --release --features 'parallel butteraugli-loop ssim2-loop' --example cjxl_parity_ledger -- --update --image 1531677.png --effort 7 --distance 1.8
1531677.png	photo	512	512	7	2.0000	49782	49664	2.461502	2.329872	74.4024	74.7450	99.09	115.74	450	6360	750	42196	49756	0	26	345	7492	811	40994	49642	0	22	0.238	5.650	-0.3426	FIXED	a0928cf453ea7c3a7d3e123590f8ed8c2121d7e0	cargo run -p jxl-encoder --release --features 'parallel butteraugli-loop ssim2-loop' --example cjxl_parity_ledger -- --update --image 1531677.png --effort 7 --distance 2
1531677.png	photo	512	512	7	2.5000	39915	39504	2.833340	2.906096	69.6425	69.9127	86.77	96.83	427	5864	720	32878	39889	0	26	348	6816	610	31708	39482	0	22	1.040	-2.504	-0.2701	FIXED	a0928cf453ea7c3a7d3e123590f8ed8c2121d7e0	cargo run -p jxl-encoder --release --features 'parallel butteraugli-loop ssim2-loop' --example cjxl_parity_ledger -- --update --image 1531677.png --effort 7 --distance 2.5
1531677.png	photo	512	512	7	3.0000	33400	32698	3.400017	3.261528	64.3512	65.2641	83.83	114.56	377	5549	1014	26434	33374	0	26	340	6400	529	25371	32640	25	33	2.147	4.246	-0.9129	FIXED	a0928cf453ea7c3a7d3e123590f8ed8c2121d7e0	cargo run -p jxl-encoder --release --features 'parallel butteraugli-loop ssim2-loop' --example cjxl_parity_ledger -- --update --image 1531677.png --effort 7 --distance 3
1531677.png	photo	512	512	7	4.0000	26151	24918	4.433114	4.064468	56.6494	57.8301	184.39	131.43	364	4861	1075	19823	26123	0	28	345	5702	442	18371	24860	24	34	4.948	9.070	-1.1807	OPEN	f75f71d8c10110941499a241849d8d781fe20ae8	cargo run -p jxl-encoder --release --features 'parallel butteraugli-loop ssim2-loop' --example cjxl_parity_ledger -- --update --image 1531677.png --effort 7 --distance 4
1531677.png	photo	512	512	7	5.0000	21841	20620	4.616361	4.498281	49.9061	51.9966	126.34	98.24	336	4451	1150	15876	21813	0	28	316	5120	746	14379	20561	25	34	5.921	2.625	-2.0905	OPEN	f75f71d8c10110941499a241849d8d781fe20ae8	cargo run -p jxl-encoder --release --features 'parallel butteraugli-loop ssim2-loop' --example cjxl_parity_ledger -- --update --image 1531677.png --effort 7 --distance 5
1531677.png	photo	512	512	7	6.0000	18747	17705	5.298491	5.314963	43.4864	45.3623	394.78	106.49	361	4149	1178	13031	18719	0	28	312	4814	675	11846	17647	24	34	5.885	-0.310	-1.8759	OPEN	f75f71d8c10110941499a241849d8d781fe20ae8	cargo run -p jxl-encoder --release --features 'parallel butteraugli-loop ssim2-loop' --example cjxl_parity_ledger -- --update --image 1531677.png --effort 7 --distance 6
1531677.png	photo	512	512	8	0.2000	191134	190465	0.317894	0.322127	94.9019	94.9320	381.99	816.12	493	10819	2665	177126	191103	0	31	272	11203	2307	176653	190435	0	30	0.351	-1.314	-0.0301	FIXED	a0928cf453ea7c3a7d3e123590f8ed8c2121d7e0	cargo run -p jxl-encoder --release --features 'parallel butteraugli-loop ssim2-loop' --example cjxl_parity_ledger -- --update --image 1531677.png --effort 8 --distance 0.2
1531677.png	photo	512	512	8	0.4000	137590	137516	0.572879	0.572774	92.3576	92.3162	374.05	635.25	479	9066	2062	125952	137559	0	31	289	9506	1773	125918	137486	0	30	0.054	0.018	0.0414	FIXED	a0928cf453ea7c3a7d3e123590f8ed8c2121d7e0	cargo run -p jxl-encoder --release --features 'parallel butteraugli-loop ssim2-loop' --example cjxl_parity_ledger -- --update --image 1531677.png --effort 8 --distance 0.4
1531677.png	photo	512	512	8	0.6000	108578	108413	0.761900	0.747246	89.4236	89.5705	417.42	555.08	448	8591	1302	98206	108547	0	31	329	9036	1006	98013	108384	0	29	0.152	1.961	-0.1469	FIXED	a0928cf453ea7c3a7d3e123590f8ed8c2121d7e0	cargo run -p jxl-encoder --release --features 'parallel butteraugli-loop ssim2-loop' --example cjxl_parity_ledger -- --update --image 1531677.png --effort 8 --distance 0.6
1531677.png	photo	512	512	8	0.8000	91224	91711	1.017047	1.065808	87.0282	87.1264	407.27	1044.85	404	8097	954	81738	91193	0	31	358	8949	851	81523	91681	0	30	-0.531	-4.575	-0.0982	FIXED	a0928cf453ea7c3a7d3e123590f8ed8c2121d7e0	cargo run -p jxl-encoder --release --features 'parallel butteraugli-loop ssim2-loop' --example cjxl_parity_ledger -- --update --image 1531677.png --effort 8 --distance 0.8
1531677.png	photo	512	512	8	1.0000	79099	79804	1.293485	1.253318	84.5425	84.8113	416.50	899.62	452	7738	920	69960	79070	0	29	371	8686	729	69990	79776	0	28	-0.883	3.205	-0.2688	FIXED	a0928cf453ea7c3a7d3e123590f8ed8c2121d7e0	cargo run -p jxl-encoder --release --features 'parallel butteraugli-loop ssim2-loop' --example cjxl_parity_ledger -- --update --image 1531677.png --effort 8 --distance 1
1531677.png	photo	512	512	8	1.2000	69705	70356	1.489606	1.528666	82.1609	82.4747	549.04	650.45	457	7480	908	60833	69678	0	27	351	8494	740	60745	70330	0	26	-0.925	-2.555	-0.3138	FIXED	a0928cf453ea7c3a7d3e123590f8ed8c2121d7e0	cargo run -p jxl-encoder --release --features 'parallel butteraugli-loop ssim2-loop' --example cjxl_parity_ledger -- --update --image 1531677.png --effort 8 --distance 1.2
1531677.png	photo	512	512	8	1.4000	62134	62690	1.896970	1.787021	79.5764	80.0712	420.13	766.72	442	7218	938	53509	62107	0	27	397	8245	677	53345	62664	0	26	-0.887	6.153	-0.4948	FIXED	a0928cf453ea7c3a7d3e123590f8ed8c2121d7e0	cargo run -p jxl-encoder --release --features 'parallel butteraugli-loop ssim2-loop' --example cjxl_parity_ledger -- --update --image 1531677.png --effort 8 --distance 1.4
1531677.png	photo	512	512	8	1.6000	56447	56530	2.025838	1.926510	77.5424	77.7351	501.40	710.29	444	7124	1023	47830	56421	0	26	391	8140	692	47285	56508	0	22	-0.147	5.156	-0.1928	FIXED	a0928cf453ea7c3a7d3e123590f8ed8c2121d7e0	cargo run -p jxl-encoder --release --features 'parallel butteraugli-loop ssim2-loop' --example cjxl_parity_ledger -- --update --image 1531677.png --effort 8 --distance 1.6
1531677.png	photo	512	512	8	1.8000	50928	51227	2.141448	2.244459	75.3235	75.5887	463.71	1204.78	420	6987	805	42690	50902	0	26	422	7896	660	42227	51205	0	22	-0.584	-4.590	-0.2652	FIXED	a0928cf453ea7c3a7d3e123590f8ed8c2121d7e0	cargo run -p jxl-encoder --release --features 'parallel butteraugli-loop ssim2-loop' --example cjxl_parity_ledger -- --update --image 1531677.png --effort 8 --distance 1.8
1531677.png	photo	512	512	8	2.0000	46373	46642	2.516137	2.347596	73.0865	73.4123	456.78	649.99	420	6561	764	38602	46347	0	26	392	7708	776	37744	46620	0	22	-0.577	7.179	-0.3258	FIXED	a0928cf453ea7c3a7d3e123590f8ed8c2121d7e0	cargo run -p jxl-encoder --release --features 'parallel butteraugli-loop ssim2-loop' --example cjxl_parity_ledger -- --update --image 1531677.png --effort 8 --distance 2
1531677.png	photo	512	512	8	2.5000	37516	37149	3.113215	3.075759	67.5827	67.9700	429.27	743.08	414	5964	915	30197	37490	0	26	388	7000	572	29167	37127	0	22	0.988	1.218	-0.3873	FIXED	a0928cf453ea7c3a7d3e123590f8ed8c2121d7e0	cargo run -p jxl-encoder --release --features 'parallel butteraugli-loop ssim2-loop' --example cjxl_parity_ledger -- --update --image 1531677.png --effort 8 --distance 2.5
1531677.png	photo	512	512	8	3.0000	31284	30772	3.685546	3.406408	62.8797	63.5696	469.45	647.29	388	5601	1043	24225	31257	0	27	375	6530	609	23200	30714	25	33	1.664	8.194	-0.6899	FIXED	a0928cf453ea7c3a7d3e123590f8ed8c2121d7e0	cargo run -p jxl-encoder --release --features 'parallel butteraugli-loop ssim2-loop' --example cjxl_parity_ledger -- --update --image 1531677.png --effort 8 --distance 3
1531677.png	photo	512	512	8	4.0000	24411	23329	4.152511	4.211393	54.6527	55.8740	264.83	470.40	374	4921	1035	18053	24383	0	28	330	5831	400	16710	23271	24	34	4.638	-1.398	-1.2213	OPEN	f75f71d8c10110941499a241849d8d781fe20ae8	cargo run -p jxl-encoder --release --features 'parallel butteraugli-loop ssim2-loop' --example cjxl_parity_ledger -- --update --image 1531677.png --effort 8 --distance 4
1531677.png	photo	512	512	8	5.0000	19757	18838	4.828008	4.826147	46.7424	48.2888	265.84	456.81	348	4430	1037	13914	19729	0	28	264	5126	624	12765	18779	25	34	4.878	0.039	-1.5465	OPEN	f75f71d8c10110941499a241849d8d781fe20ae8	cargo run -p jxl-encoder --release --features 'parallel butteraugli-loop ssim2-loop' --example cjxl_parity_ledger -- --update --image 1531677.png --effort 8 --distance 5
1531677.png	photo	512	512	8	6.0000	16857	15973	5.661016	5.493954	39.5401	41.2397	322.91	375.79	399	4177	1060	11193	16829	0	28	235	4882	651	10147	15915	24	34	5.534	3.041	-1.6996	OPEN	f75f71d8c10110941499a241849d8d781fe20ae8	cargo run -p jxl-encoder --release --features 'parallel butteraugli-loop ssim2-loop' --example cjxl_parity_ledger -- --update --image 1531677.png --effort 8 --distance 6
1531677.png	photo	512	512	9	0.2000	193096	191350	0.250271	0.234776	94.9289	94.9806	624.22	711.36	557	10869	3567	178072	193065	0	31	320	11121	2102	177777	191320	0	30	0.912	6.600	-0.0517	FIXED	a0928cf453ea7c3a7d3e123590f8ed8c2121d7e0	cargo run -p jxl-encoder --release --features 'parallel butteraugli-loop ssim2-loop' --example cjxl_parity_ledger -- --update --image 1531677.png --effort 9 --distance 0.2
1531677.png	photo	512	512	9	0.4000	139714	138620	0.478698	0.549711	92.3070	92.2746	848.75	1470.21	539	9243	2876	127025	139683	0	31	304	9503	1695	127088	138590	0	30	0.789	-12.918	0.0323	FIXED	a0928cf453ea7c3a7d3e123590f8ed8c2121d7e0	cargo run -p jxl-encoder --release --features 'parallel butteraugli-loop ssim2-loop' --example cjxl_parity_ledger -- --update --image 1531677.png --effort 9 --distance 0.4
1531677.png	photo	512	512	9	0.6000	109278	108658	0.646128	0.656898	89.3926	89.5682	871.57	1134.14	612	8524	1734	98377	109247	0	31	349	8985	961	98334	108629	0	29	0.571	-1.640	-0.1756	FIXED	a0928cf453ea7c3a7d3e123590f8ed8c2121d7e0	cargo run -p jxl-encoder --release --features 'parallel butteraugli-loop ssim2-loop' --example cjxl_parity_ledger -- --update --image 1531677.png --effort 9 --distance 0.6
1531677.png	photo	512	512	9	0.8000	91963	91947	0.858602	0.863000	86.9887	87.2276	795.18	1107.90	620	8127	1408	81776	91931	0	32	383	8899	830	81805	91917	0	30	0.017	-0.510	-0.2389	FIXED	a0928cf453ea7c3a7d3e123590f8ed8c2121d7e0	cargo run -p jxl-encoder --release --features 'parallel butteraugli-loop ssim2-loop' --example cjxl_parity_ledger -- --update --image 1531677.png --effort 9 --distance 0.8
1531677.png	photo	512	512	9	1.0000	79681	79909	1.212013	1.120157	84.6627	84.8297	861.23	1131.43	480	7838	1213	70120	79651	0	30	370	8662	726	70123	79881	0	28	-0.285	8.200	-0.1670	FIXED	a0928cf453ea7c3a7d3e123590f8ed8c2121d7e0	cargo run -p jxl-encoder --release --features 'parallel butteraugli-loop ssim2-loop' --example cjxl_parity_ledger -- --update --image 1531677.png --effort 9 --distance 1
1531677.png	photo	512	512	9	1.2000	70113	70535	1.288526	1.374318	82.2783	82.5157	937.29	1025.25	495	7497	1138	60955	70085	0	28	398	8476	728	60907	70509	0	26	-0.598	-6.243	-0.2374	FIXED	a0928cf453ea7c3a7d3e123590f8ed8c2121d7e0	cargo run -p jxl-encoder --release --features 'parallel butteraugli-loop ssim2-loop' --example cjxl_parity_ledger -- --update --image 1531677.png --effort 9 --distance 1.2
1531677.png	photo	512	512	9	1.4000	62512	62790	1.557305	1.632285	79.6755	80.1741	730.90	822.70	510	7194	1151	53629	62484	0	28	402	8192	653	53517	62764	0	26	-0.443	-4.594	-0.4986	FIXED	a0928cf453ea7c3a7d3e123590f8ed8c2121d7e0	cargo run -p jxl-encoder --release --features 'parallel butteraugli-loop ssim2-loop' --example cjxl_parity_ledger -- --update --image 1531677.png --effort 9 --distance 1.4
1531677.png	photo	512	512	9	1.6000	56834	56570	1.938230	1.853819	77.5487	77.6477	907.57	1075.19	619	7030	1348	47810	56807	0	27	415	8045	693	47395	56548	0	22	0.467	4.553	-0.0989	FIXED	a0928cf453ea7c3a7d3e123590f8ed8c2121d7e0	cargo run -p jxl-encoder --release --features 'parallel butteraugli-loop ssim2-loop' --example cjxl_parity_ledger -- --update --image 1531677.png --effort 9 --distance 1.6
1531677.png	photo	512	512	9	1.8000	51289	51205	1.974179	2.121965	75.3825	75.6397	658.38	784.68	603	6900	1016	42744	51263	0	26	423	7864	576	42320	51183	0	22	0.164	-6.965	-0.2572	FIXED	a0928cf453ea7c3a7d3e123590f8ed8c2121d7e0	cargo run -p jxl-encoder --release --features 'parallel butteraugli-loop ssim2-loop' --example cjxl_parity_ledger -- --update --image 1531677.png --effort 9 --distance 1.8
1531677.png	photo	512	512	9	2.0000	46710	46588	2.300288	2.288761	73.1665	73.5326	738.76	1526.59	586	6507	862	38729	46684	0	26	432	7650	688	37796	46566	0	22	0.262	0.504	-0.3661	FIXED	a0928cf453ea7c3a7d3e123590f8ed8c2121d7e0	cargo run -p jxl-encoder --release --features 'parallel butteraugli-loop ssim2-loop' --example cjxl_parity_ledger -- --update --image 1531677.png --effort 9 --distance 2
1531677.png	photo	512	512	9	2.5000	37873	37105	3.113217	3.111737	67.5907	68.1205	828.52	944.48	610	5912	1072	30252	37846	0	27	406	6947	551	29179	37083	0	22	2.070	0.048	-0.5298	FIXED	a0928cf453ea7c3a7d3e123590f8ed8c2121d7e0	cargo run -p jxl-encoder --release --features 'parallel butteraugli-loop ssim2-loop' --example cjxl_parity_ledger -- --update --image 1531677.png --effort 9 --distance 2.5
1531677.png	photo	512	512	9	3.0000	31572	30687	3.685548	3.406408	62.8917	63.5715	570.48	719.12	607	5525	1198	24215	31545	0	27	427	6437	535	23230	30629	25	33	2.884	8.195	-0.6798	FIXED	a0928cf453ea7c3a7d3e123590f8ed8c2121d7e0	cargo run -p jxl-encoder --release --features 'parallel butteraugli-loop ssim2-loop' --example cjxl_parity_ledger -- --update --image 1531677.png --effort 9 --distance 3
1531677.png	photo	512	512	9	4.0000	24515	23293	4.152511	4.211393	54.6527	55.8740	589.42	641.12	460	4875	1101	18051	24487	0	28	327	5804	384	16720	23235	24	34	5.246	-1.398	-1.2213	OPEN	f75f71d8c10110941499a241849d8d781fe20ae8	cargo run -p jxl-encoder --release --features 'parallel butteraugli-loop ssim2-loop' --example cjxl_parity_ledger -- --update --image 1531677.png --effort 9 --distance 4
1531677.png	photo	512	512	9	5.0000	19838	18802	4.828008	4.826147	46.7424	48.2888	518.46	612.90	460	4391	1033	13926	19810	0	28	268	5094	604	12777	18743	25	34	5.510	0.039	-1.5465	OPEN	f75f71d8c10110941499a241849d8d781fe20ae8	cargo run -p jxl-encoder --release --features 'parallel butteraugli-loop ssim2-loop' --example cjxl_parity_ledger -- --update --image 1531677.png --effort 9 --distance 5
1531677.png	photo	512	512	9	6.0000	16889	15962	5.661016	5.493954	39.5401	41.2397	657.24	553.85	417	4173	1032	11239	16861	0	28	267	4848	631	10158	15904	24	34	5.808	3.041	-1.6996	OPEN	f75f71d8c10110941499a241849d8d781fe20ae8	cargo run -p jxl-encoder --release --features 'parallel butteraugli-loop ssim2-loop' --example cjxl_parity_ledger -- --update --image 1531677.png --effort 9 --distance 6
codec_wiki.png	screenshot	2560	1664	5	0.2000	196015	198479	0.303232	0.239081	93.8188	93.6900	1912.56	1061.71	1012	21479	6823	166554	195868	0	147	48	25295	4282	168712	198337	0	142	-1.241	26.832	0.1288	FIXED	a0928cf453ea7c3a7d3e123590f8ed8c2121d7e0	cargo run -p jxl-encoder --release --features 'parallel butteraugli-loop ssim2-loop' --example cjxl_parity_ledger -- --update --image codec_wiki.png --effort 5 --distance 0.2
codec_wiki.png	screenshot	2560	1664	5	0.4000	154657	156419	0.459752	0.536284	93.2977	93.2219	1201.87	1269.82	1012	19441	6267	127794	154514	0	143	49	22641	4311	129278	156279	0	140	-1.126	-14.271	0.0758	FIXED	a0928cf453ea7c3a7d3e123590f8ed8c2121d7e0	cargo run -p jxl-encoder --release --features 'parallel butteraugli-loop ssim2-loop' --example cjxl_parity_ledger -- --update --image codec_wiki.png --effort 5 --distance 0.4
codec_wiki.png	screenshot	2560	1664	5	0.6000	157840	158684	0.582451	0.822565	92.2105	92.0445	1097.03	1381.39	934	17950	6559	132253	157696	0	144	48	21442	4731	132322	158543	0	141	-0.532	-29.191	0.1660	FIXED	a0928cf453ea7c3a7d3e123590f8ed8c2121d7e0	cargo run -p jxl-encoder --release --features 'parallel butteraugli-loop ssim2-loop' --example cjxl_parity_ledger -- --update --image codec_wiki.png --effort 5 --distance 0.6
codec_wiki.png	screenshot	2560	1664	5	0.8000	143000	142924	0.823251	0.842434	91.5127	91.6392	1061.27	999.66	962	17451	6351	118092	142856	0	144	47	20581	4111	118044	142783	0	141	0.053	-2.277	-0.1264	FIXED	a0928cf453ea7c3a7d3e123590f8ed8c2121d7e0	cargo run -p jxl-encoder --release --features 'parallel butteraugli-loop ssim2-loop' --example cjxl_parity_ledger -- --update --image codec_wiki.png --effort 5 --distance 0.8
codec_wiki.png	screenshot	2560	1664	5	1.0000	131575	131602	1.020006	1.367672	90.3320	91.1645	1246.04	996.30	933	16531	6260	107707	131431	0	144	48	19815	4655	106945	131463	0	139	-0.021	-25.420	-0.8326	FIXED	a0928cf453ea7c3a7d3e123590f8ed8c2121d7e0	cargo run -p jxl-encoder --release --features 'parallel butteraugli-loop ssim2-loop' --example cjxl_parity_ledger -- --update --image codec_wiki.png --effort 5 --distance 1
codec_wiki.png	screenshot	2560	1664	5	1.2000	122248	122772	1.217579	1.243452	89.7426	90.2917	871.29	782.71	892	16126	5870	99217	122105	0	143	48	19267	4650	98668	122633	0	139	-0.427	-2.081	-0.5492	FIXED	a0928cf453ea7c3a7d3e123590f8ed8c2121d7e0	cargo run -p jxl-encoder --release --features 'parallel butteraugli-loop ssim2-loop' --example cjxl_parity_ledger -- --update --image codec_wiki.png --effort 5 --distance 1.2
codec_wiki.png	screenshot	2560	1664	5	1.4000	114822	115465	1.284989	1.383189	89.0446	89.6857	898.55	825.45	859	15671	5499	92650	114679	0	143	48	18945	4574	91759	115326	0	139	-0.557	-7.099	-0.6410	FIXED	a0928cf453ea7c3a7d3e123590f8ed8c2121d7e0	cargo run -p jxl-encoder --release --features 'parallel butteraugli-loop ssim2-loop' --example cjxl_parity_ledger -- --update --image codec_wiki.png --effort 5 --distance 1.4
codec_wiki.png	screenshot	2560	1664	5	1.6000	108699	109742	1.604223	1.553486	89.0242	88.8564	1058.48	902.18	877	15590	5364	86726	108557	0	142	49	18667	4865	86026	109607	0	135	-0.950	3.266	0.1678	FIXED	a0928cf453ea7c3a7d3e123590f8ed8c2121d7e0	cargo run -p jxl-encoder --release --features 'parallel butteraugli-loop ssim2-loop' --example cjxl_parity_ledger -- --update --image codec_wiki.png --effort 5 --distance 1.6
codec_wiki.png	screenshot	2560	1664	5	1.8000	103279	104956	1.599235	1.591541	87.3859	88.7808	1088.84	1219.49	853	15098	5251	81935	103137	0	142	38	18480	4835	81468	104821	0	135	-1.598	0.483	-1.3949	FIXED	a0928cf453ea7c3a7d3e123590f8ed8c2121d7e0	cargo run -p jxl-encoder --release --features 'parallel butteraugli-loop ssim2-loop' --example cjxl_parity_ledger -- --update --image codec_wiki.png --effort 5 --distance 1.8
codec_wiki.png	screenshot	2560	1664	5	2.0000	99128	100135	1.880710	1.906564	86.6277	87.9478	1061.21	1403.27	844	15188	5222	77733	98987	0	141	36	17826	4164	77975	100001	0	134	-1.006	-1.356	-1.3201	FIXED	a0928cf453ea7c3a7d3e123590f8ed8c2121d7e0	cargo run -p jxl-encoder --release --features 'parallel butteraugli-loop ssim2-loop' --example cjxl_parity_ledger -- --update --image codec_wiki.png --effort 5 --distance 2
codec_wiki.png	screenshot	2560	1664	5	2.5000	90193	91924	2.290917	2.261159	86.4437	86.7607	1111.62	1464.32	807	14795	4740	69710	90052	0	141	48	17201	4883	69658	91790	0	134	-1.883	1.316	-0.3170	FIXED	a0928cf453ea7c3a7d3e123590f8ed8c2121d7e0	cargo run -p jxl-encoder --release --features 'parallel butteraugli-loop ssim2-loop' --example cjxl_parity_ledger -- --update --image codec_wiki.png --effort 5 --distance 2.5
codec_wiki.png	screenshot	2560	1664	5	3.0000	83579	85177	2.415374	2.397897	84.5123	85.7781	1207.33	1347.89	855	14330	4795	63459	83439	0	140	40	16643	3753	64605	85041	0	136	-1.876	0.729	-1.2658	FIXED	a0928cf453ea7c3a7d3e123590f8ed8c2121d7e0	cargo run -p jxl-encoder --release --features 'parallel butteraugli-loop ssim2-loop' --example cjxl_parity_ledger -- --update --image codec_wiki.png --effort 5 --distance 3
codec_wiki.png	screenshot	2560	1664	5	4.0000	72255	72551	3.374999	3.504391	79.7048	84.3697	1117.16	1169.17	797	13137	4121	54060	72115	0	140	34	15742	2705	53933	72414	0	137	-0.408	-3.692	-4.6648	FIXED	a0928cf453ea7c3a7d3e123590f8ed8c2121d7e0	cargo run -p jxl-encoder --release --features 'parallel butteraugli-loop ssim2-loop' --example cjxl_parity_ledger -- --update --image codec_wiki.png --effort 5 --distance 4
codec_wiki.png	screenshot	2560	1664	5	5.0000	63901	66517	3.822936	3.580087	79.0766	81.9552	935.34	1424.82	759	12567	3330	47105	63761	0	140	30	15767	2472	48112	66381	0	136	-3.933	6.783	-2.8787	FIXED	a0928cf453ea7c3a7d3e123590f8ed8c2121d7e0	cargo run -p jxl-encoder --release --features 'parallel butteraugli-loop ssim2-loop' --example cjxl_parity_ledger -- --update --image codec_wiki.png --effort 5 --distance 5
codec_wiki.png	screenshot	2560	1664	5	6.0000	58453	58673	4.367777	4.674663	78.5770	77.1017	1160.02	1533.94	715	12306	2654	42639	58314	0	139	27	15073	2088	41350	58538	0	135	-0.375	-6.565	1.4754	FIXED	a0928cf453ea7c3a7d3e123590f8ed8c2121d7e0	cargo run -p jxl-encoder --release --features 'parallel butteraugli-loop ssim2-loop' --example cjxl_parity_ledger -- --update --image codec_wiki.png --effort 5 --distance 6
codec_wiki.png	screenshot	2560	1664	6	0.2000	194146	196317	0.303232	0.239366	93.7356	93.7209	1470.21	1655.65	1040	22106	6843	164010	193999	0	147	45	26011	3948	166171	196175	0	142	-1.106	26.681	0.0146	FIXED	a0928cf453ea7c3a7d3e123590f8ed8c2121d7e0	cargo run -p jxl-encoder --release --features 'parallel butteraugli-loop ssim2-loop' --example cjxl_parity_ledger -- --update --image codec_wiki.png --effort 6 --distance 0.2
codec_wiki.png	screenshot	2560	1664	6	0.4000	153976	155660	0.459794	0.536555	93.2834	93.1891	1297.04	1776.18	1001	20091	6251	126490	153833	0	143	47	23346	3724	128403	155520	0	140	-1.082	-14.306	0.0943	FIXED	a0928cf453ea7c3a7d3e123590f8ed8c2121d7e0	cargo run -p jxl-encoder --release --features 'parallel butteraugli-loop ssim2-loop' --example cjxl_parity_ledger -- --update --image codec_wiki.png --effort 6 --distance 0.4
codec_wiki.png	screenshot	2560	1664	6	0.6000	155650	157725	0.603082	0.822600	92.2772	92.0969	1528.48	1512.37	964	18715	6261	129566	155506	0	144	46	22356	4192	130990	157584	0	141	-1.316	-26.686	0.1803	FIXED	a0928cf453ea7c3a7d3e123590f8ed8c2121d7e0	cargo run -p jxl-encoder --release --features 'parallel butteraugli-loop ssim2-loop' --example cjxl_parity_ledger -- --update --image codec_wiki.png --effort 6 --distance 0.6
codec_wiki.png	screenshot	2560	1664	6	0.8000	144858	144259	0.829812	0.738234	91.5372	91.6610	495.50	1026.83	994	22065	6127	115527	144713	0	145	48	23424	4650	115996	144118	0	141	0.415	12.405	-0.1238	FIXED	81dfb6963fb4b71e024ccb00387828e013534cbb	cargo run -p jxl-encoder --release --features 'parallel butteraugli-loop ssim2-loop' --example cjxl_parity_ledger -- --update --image codec_wiki.png --effort 6 --distance 0.8
codec_wiki.png	screenshot	2560	1664	6	1.0000	133037	132285	0.954294	1.179236	90.3558	91.0961	3279.50	2662.30	952	21274	5932	104735	132893	0	144	48	22675	4255	105167	132145	0	140	0.568	-19.075	-0.7403	FIXED	a0928cf453ea7c3a7d3e123590f8ed8c2121d7e0	cargo run -p jxl-encoder --release --features 'parallel butteraugli-loop ssim2-loop' --example cjxl_parity_ledger -- --update --image codec_wiki.png --effort 6 --distance 1
codec_wiki.png	screenshot	2560	1664	6	1.2000	123747	123208	1.217477	1.120188	89.8409	90.4199	2840.49	2403.56	885	20619	5660	96439	123603	0	144	48	22233	4287	96500	123068	0	140	0.437	8.685	-0.5790	FIXED	a0928cf453ea7c3a7d3e123590f8ed8c2121d7e0	cargo run -p jxl-encoder --release --features 'parallel butteraugli-loop ssim2-loop' --example cjxl_parity_ledger -- --update --image codec_wiki.png --effort 6 --distance 1.2
codec_wiki.png	screenshot	2560	1664	6	1.4000	116239	115470	1.303799	1.292290	89.0449	89.8782	499.79	997.40	862	20289	5224	89720	116095	0	144	48	21714	4252	89316	115330	0	140	0.666	0.891	-0.8333	FIXED	d59805aeb2944aaa0f40f5ad7b924a039385a948	cargo run -p jxl-encoder --release --features 'parallel butteraugli-loop ssim2-loop' --example cjxl_parity_ledger -- --update --image codec_wiki.png --effort 6 --distance 1.4
codec_wiki.png	screenshot	2560	1664	6	1.6000	111388	109341	1.496333	1.322562	88.9924	89.1113	3128.76	2762.83	894	21065	5418	83868	111245	0	143	47	21646	4091	83421	109205	0	136	1.872	13.139	-0.1189	FIXED	a0928cf453ea7c3a7d3e123590f8ed8c2121d7e0	cargo run -p jxl-encoder --release --features 'parallel butteraugli-loop ssim2-loop' --example cjxl_parity_ledger -- --update --image codec_wiki.png --effort 6 --distance 1.6
codec_wiki.png	screenshot	2560	1664	6	1.8000	105774	106222	1.725296	1.477996	87.3984	89.0439	2641.06	1940.53	875	20775	5119	78862	105631	0	143	46	22600	4364	79076	106086	0	136	-0.422	16.732	-1.6455	FIXED	a0928cf453ea7c3a7d3e123590f8ed8c2121d7e0	cargo run -p jxl-encoder --release --features 'parallel butteraugli-loop ssim2-loop' --example cjxl_parity_ledger -- --update --image codec_wiki.png --effort 6 --distance 1.8
codec_wiki.png	screenshot	2560	1664	6	2.0000	102182	100839	1.623891	1.825474	86.6009	88.2234	511.30	1000.50	866	21196	5167	74811	102040	0	142	46	21488	4117	75053	100704	0	135	1.332	-11.043	-1.6225	FIXED	fe63ff84c7ea36cd6c1a0bb1d52291246c104dd1	cargo run -p jxl-encoder --release --features 'parallel butteraugli-loop ssim2-loop' --example cjxl_parity_ledger -- --update --image codec_wiki.png --effort 6 --distance 2
codec_wiki.png	screenshot	2560	1664	6	2.5000	93354	93317	2.291877	2.041208	86.5039	87.2059	2838.65	2790.29	826	20523	4721	67142	93212	0	142	48	21298	4443	67393	93182	0	135	0.040	12.280	-0.7021	FIXED	a0928cf453ea7c3a7d3e123590f8ed8c2121d7e0	cargo run -p jxl-encoder --release --features 'parallel butteraugli-loop ssim2-loop' --example cjxl_parity_ledger -- --update --image codec_wiki.png --effort 6 --distance 2.5
codec_wiki.png	screenshot	2560	1664	6	3.0000	86755	85999	2.378511	2.342638	84.7001	86.3605	2403.26	2456.32	820	20175	4800	60820	86615	0	140	36	20581	3812	61433	85862	0	137	0.879	1.531	-1.6604	FIXED	a0928cf453ea7c3a7d3e123590f8ed8c2121d7e0	cargo run -p jxl-encoder --release --features 'parallel butteraugli-loop ssim2-loop' --example cjxl_parity_ledger -- --update --image codec_wiki.png --effort 6 --distance 3
codec_wiki.png	screenshot	2560	1664	6	4.0000	76795	74416	3.215065	2.978101	79.5829	84.5033	2863.63	1354.11	839	19696	4324	51796	76655	0	140	44	20024	2641	51571	74280	0	136	3.197	7.957	-4.9203	OPEN	f75f71d8c10110941499a241849d8d781fe20ae8	cargo run -p jxl-encoder --release --features 'parallel butteraugli-loop ssim2-loop' --example cjxl_parity_ledger -- --update --image codec_wiki.png --effort 6 --distance 4
codec_wiki.png	screenshot	2560	1664	6	5.0000	68007	66736	3.900992	3.772695	79.0694	82.0767	3349.73	1972.00	761	16671	3330	47105	67867	0	140	29	17472	2347	46753	66601	0	135	1.905	3.401	-3.0073	FIXED	a0928cf453ea7c3a7d3e123590f8ed8c2121d7e0	cargo run -p jxl-encoder --release --features 'parallel butteraugli-loop ssim2-loop' --example cjxl_parity_ledger -- --update --image codec_wiki.png --effort 6 --distance 5
codec_wiki.png	screenshot	2560	1664	6	6.0000	62487	60195	4.384752	4.668194	78.5972	77.1997	4546.07	2071.99	717	16338	2654	42639	62348	0	139	27	16917	1987	41129	60060	0	135	3.808	-6.072	1.3974	FIXED	a0928cf453ea7c3a7d3e123590f8ed8c2121d7e0	cargo run -p jxl-encoder --release --features 'parallel butteraugli-loop ssim2-loop' --example cjxl_parity_ledger -- --update --image codec_wiki.png --effort 6 --distance 6
codec_wiki.png	screenshot	2560	1664	7	0.2000	180138	205443	0.308462	0.246839	93.8947	93.8544	3749.76	1847.08	1803	20446	7272	139732	169253	10733	152	45	25999	4082	175175	205301	0	142	-12.317	24.965	0.0404	FIXED	a0928cf453ea7c3a7d3e123590f8ed8c2121d7e0	cargo run -p jxl-encoder --release --features 'parallel butteraugli-loop ssim2-loop' --example cjxl_parity_ledger -- --update --image codec_wiki.png --effort 7 --distance 0.2
codec_wiki.png	screenshot	2560	1664	7	0.4000	141514	161382	0.579630	0.545042	93.1110	93.1856	2976.01	2049.98	1711	18154	7121	103645	130631	10733	150	47	23322	3693	134179	161241	0	141	-12.311	6.346	-0.0746	FIXED	a0928cf453ea7c3a7d3e123590f8ed8c2121d7e0	cargo run -p jxl-encoder --release --features 'parallel butteraugli-loop ssim2-loop' --example cjxl_parity_ledger -- --update --image codec_wiki.png --effort 7 --distance 0.4
codec_wiki.png	screenshot	2560	1664	7	0.6000	137313	161949	0.827220	0.786971	92.2461	92.1752	2249.35	1719.42	1741	16834	6569	101286	126430	10733	150	46	22444	4266	135052	161808	0	141	-15.212	5.114	0.0709	FIXED	a0928cf453ea7c3a7d3e123590f8ed8c2121d7e0	cargo run -p jxl-encoder --release --features 'parallel butteraugli-loop ssim2-loop' --example cjxl_parity_ledger -- --update --image codec_wiki.png --effort 7 --distance 0.6
codec_wiki.png	screenshot	2560	1664	7	0.8000	130712	147561	0.919220	0.756765	91.5522	91.7668	3753.62	2641.39	1724	20622	5927	91556	119829	10733	150	48	23392	4613	119367	147420	0	141	-11.418	21.467	-0.2146	FIXED	a0928cf453ea7c3a7d3e123590f8ed8c2121d7e0	cargo run -p jxl-encoder --release --features 'parallel butteraugli-loop ssim2-loop' --example cjxl_parity_ledger -- --update --image codec_wiki.png --effort 7 --distance 0.8
codec_wiki.png	screenshot	2560	1664	7	1.0000	120539	135432	1.091734	1.084701	90.2287	91.3002	2139.37	1671.26	1652	20018	6005	81982	109657	10733	149	48	22817	4569	107858	135292	0	140	-10.997	0.648	-1.0715	FIXED	a0928cf453ea7c3a7d3e123590f8ed8c2121d7e0	cargo run -p jxl-encoder --release --features 'parallel butteraugli-loop ssim2-loop' --example cjxl_parity_ledger -- --update --image codec_wiki.png --effort 7 --distance 1
codec_wiki.png	screenshot	2560	1664	7	1.2000	112751	127969	1.291543	1.210503	90.1366	90.5922	2088.52	1528.51	1655	19607	5764	74844	101870	10733	148	48	22421	4776	100584	127829	0	140	-11.892	6.695	-0.4556	FIXED	a0928cf453ea7c3a7d3e123590f8ed8c2121d7e0	cargo run -p jxl-encoder --release --features 'parallel butteraugli-loop ssim2-loop' --example cjxl_parity_ledger -- --update --image codec_wiki.png --effort 7 --distance 1.2
codec_wiki.png	screenshot	2560	1664	7	1.4000	105828	117606	1.298853	1.321196	89.0239	90.0657	2247.98	1579.37	1682	18631	5450	69185	94948	10733	147	48	21831	4361	91226	117466	0	140	-10.015	-1.691	-1.0419	FIXED	a0928cf453ea7c3a7d3e123590f8ed8c2121d7e0	cargo run -p jxl-encoder --release --features 'parallel butteraugli-loop ssim2-loop' --example cjxl_parity_ledger -- --update --image codec_wiki.png --effort 7 --distance 1.4
codec_wiki.png	screenshot	2560	1664	7	1.6000	103523	111911	1.649635	1.309107	88.6440	89.4638	4867.67	2651.19	1632	19747	5057	66210	92646	10733	144	47	21504	4282	85939	111772	0	139	-7.495	26.012	-0.8199	FIXED	a0928cf453ea7c3a7d3e123590f8ed8c2121d7e0	cargo run -p jxl-encoder --release --features 'parallel butteraugli-loop ssim2-loop' --example cjxl_parity_ledger -- --update --image codec_wiki.png --effort 7 --distance 1.6
codec_wiki.png	screenshot	2560	1664	7	1.8000	97687	109089	1.712451	1.733912	87.7749	89.4009	3669.10	2568.46	1605	19535	5143	60527	86810	10733	144	49	22891	4601	81409	108950	0	139	-10.452	-1.238	-1.6260	FIXED	a0928cf453ea7c3a7d3e123590f8ed8c2121d7e0	cargo run -p jxl-encoder --release --features 'parallel butteraugli-loop ssim2-loop' --example cjxl_parity_ledger -- --update --image codec_wiki.png --effort 7 --distance 1.8
codec_wiki.png	screenshot	2560	1664	7	2.0000	95638	103821	2.037555	2.023521	86.4397	88.2151	3642.39	3211.64	1583	19677	4831	58671	84762	10733	143	48	21351	4545	77738	103682	0	139	-7.882	0.693	-1.7754	FIXED	a0928cf453ea7c3a7d3e123590f8ed8c2121d7e0	cargo run -p jxl-encoder --release --features 'parallel butteraugli-loop ssim2-loop' --example cjxl_parity_ledger -- --update --image codec_wiki.png --effort 7 --distance 2
codec_wiki.png	screenshot	2560	1664	7	2.5000	89037	94839	2.663984	2.131247	86.5231	86.0330	3299.26	2165.21	1685	18843	4393	53240	78161	10733	143	49	21440	4318	68894	94701	0	138	-6.118	24.997	0.4901	FIXED	a0928cf453ea7c3a7d3e123590f8ed8c2121d7e0	cargo run -p jxl-encoder --release --features 'parallel butteraugli-loop ssim2-loop' --example cjxl_parity_ledger -- --update --image codec_wiki.png --effort 7 --distance 2.5
codec_wiki.png	screenshot	2560	1664	7	3.0000	82553	72232	2.732321	2.067810	84.0837	86.5591	1774.99	1501.52	1595	18858	4111	47113	71677	10733	143	1352	16595	3111	43521	64579	7514	139	14.289	32.136	-2.4754	OPEN	f75f71d8c10110941499a241849d8d781fe20ae8	cargo run -p jxl-encoder --release --features 'parallel butteraugli-loop ssim2-loop' --example cjxl_parity_ledger -- --update --image codec_wiki.png --effort 7 --distance 3
codec_wiki.png	screenshot	2560	1664	7	4.0000	74146	62710	3.414758	2.991459	80.3081	84.8597	2696.27	1479.01	1511	18162	4084	39512	63269	10733	144	1350	16270	2699	35433	55752	6819	139	18.236	14.150	-4.5516	OPEN	f75f71d8c10110941499a241849d8d781fe20ae8	cargo run -p jxl-encoder --release --features 'parallel butteraugli-loop ssim2-loop' --example cjxl_parity_ledger -- --update --image codec_wiki.png --effort 7 --distance 4
codec_wiki.png	screenshot	2560	1664	7	5.0000	67697	57232	3.910793	3.894552	79.2884	81.8376	2548.56	1454.62	1522	15847	2816	36635	56820	10733	144	1279	14323	1924	33492	51018	6075	139	18.285	0.417	-2.5491	OPEN	f75f71d8c10110941499a241849d8d781fe20ae8	cargo run -p jxl-encoder --release --features 'parallel butteraugli-loop ssim2-loop' --example cjxl_parity_ledger -- --update --image codec_wiki.png --effort 7 --distance 5
codec_wiki.png	screenshot	2560	1664	7	6.0000	61785	51875	4.496934	4.229393	77.6271	78.3691	2558.91	1562.86	1413	15118	2460	31918	50909	10733	143	1306	13781	1801	29035	45923	5814	138	19.104	6.326	-0.7419	OPEN	f75f71d8c10110941499a241849d8d781fe20ae8	cargo run -p jxl-encoder --release --features 'parallel butteraugli-loop ssim2-loop' --example cjxl_parity_ledger -- --update --image codec_wiki.png --effort 7 --distance 6
codec_wiki.png	screenshot	2560	1664	8	0.2000	171217	204746	0.227760	0.246839	93.6851	93.8544	6771.19	1263.78	1790	21324	6536	130682	160332	10733	152	45	25310	4082	175167	204604	0	142	-16.376	-7.729	-0.1692	FIXED	a0928cf453ea7c3a7d3e123590f8ed8c2121d7e0	cargo run -p jxl-encoder --release --features 'parallel butteraugli-loop ssim2-loop' --example cjxl_parity_ledger -- --update --image codec_wiki.png --effort 8 --distance 0.2
codec_wiki.png	screenshot	2560	1664	8	0.4000	133309	160641	0.478936	0.545042	92.6157	93.1856	6943.68	1123.55	1747	18238	6307	96135	122427	10733	149	47	22577	3703	134173	160500	0	141	-17.014	-12.128	-0.5700	FIXED	a0928cf453ea7c3a7d3e123590f8ed8c2121d7e0	cargo run -p jxl-encoder --release --features 'parallel butteraugli-loop ssim2-loop' --example cjxl_parity_ledger -- --update --image codec_wiki.png --effort 8 --distance 0.4
codec_wiki.png	screenshot	2560	1664	8	0.6000	129595	156220	0.698982	0.683294	91.9563	92.0917	5990.15	8100.69	1686	16744	5947	94336	118713	10733	149	1360	17100	5006	121079	144545	11528	147	-17.043	2.296	-0.1353	FIXED	a0928cf453ea7c3a7d3e123590f8ed8c2121d7e0	cargo run -p jxl-encoder --release --features 'parallel butteraugli-loop ssim2-loop' --example cjxl_parity_ledger -- --update --image codec_wiki.png --effort 8 --distance 0.6
codec_wiki.png	screenshot	2560	1664	8	0.8000	121805	142781	0.917691	0.742952	90.5318	91.9773	8121.88	9724.59	1635	20505	5834	82949	110923	10733	149	1482	17702	4530	108188	131902	10732	147	-14.691	23.519	-1.4454	FIXED	a0928cf453ea7c3a7d3e123590f8ed8c2121d7e0	cargo run -p jxl-encoder --release --features 'parallel butteraugli-loop ssim2-loop' --example cjxl_parity_ledger -- --update --image codec_wiki.png --effort 8 --distance 0.8
codec_wiki.png	screenshot	2560	1664	8	1.0000	112974	129681	1.080130	1.052056	90.0728	91.3030	6727.86	8990.32	1687	20037	4828	75541	102093	10733	148	1546	17198	4494	96165	119403	10131	147	-12.883	2.669	-1.2302	FIXED	a0928cf453ea7c3a7d3e123590f8ed8c2121d7e0	cargo run -p jxl-encoder --release --features 'parallel butteraugli-loop ssim2-loop' --example cjxl_parity_ledger -- --update --image codec_wiki.png --effort 8 --distance 1
codec_wiki.png	screenshot	2560	1664	8	1.2000	106271	123746	1.382223	1.171098	88.2592	90.9510	6977.15	9373.99	1640	20809	4715	68227	95391	10733	147	1566	16849	4754	90744	113913	9686	147	-14.122	18.028	-2.6919	FIXED	a0928cf453ea7c3a7d3e123590f8ed8c2121d7e0	cargo run -p jxl-encoder --release --features 'parallel butteraugli-loop ssim2-loop' --example cjxl_parity_ledger -- --update --image codec_wiki.png --effort 8 --distance 1.2
codec_wiki.png	screenshot	2560	1664	8	1.4000	99086	114329	1.345317	1.535441	89.0657	90.4225	6401.44	9442.69	1709	19590	4362	62548	88209	10733	144	1576	16511	3878	83026	104991	9191	147	-13.333	-12.382	-1.3567	FIXED	a0928cf453ea7c3a7d3e123590f8ed8c2121d7e0	cargo run -p jxl-encoder --release --features 'parallel butteraugli-loop ssim2-loop' --example cjxl_parity_ledger -- --update --image codec_wiki.png --effort 8 --distance 1.4
codec_wiki.png	screenshot	2560	1664	8	1.6000	96699	109494	1.551097	1.563526	88.1103	89.7860	7797.85	10715.38	1708	19844	4323	59948	85823	10733	143	1554	16558	3709	78590	100411	8937	146	-11.686	-0.795	-1.6757	FIXED	a0928cf453ea7c3a7d3e123590f8ed8c2121d7e0	cargo run -p jxl-encoder --release --features 'parallel butteraugli-loop ssim2-loop' --example cjxl_parity_ledger -- --update --image codec_wiki.png --effort 8 --distance 1.6
codec_wiki.png	screenshot	2560	1664	8	1.8000	89878	105279	1.897052	1.685599	86.8329	89.1959	7937.98	9145.29	1656	19362	4180	53804	79002	10733	143	1567	17331	3691	73777	96366	8767	146	-14.629	12.545	-2.3630	FIXED	a0928cf453ea7c3a7d3e123590f8ed8c2121d7e0	cargo run -p jxl-encoder --release --features 'parallel butteraugli-loop ssim2-loop' --example cjxl_parity_ledger -- --update --image codec_wiki.png --effort 8 --distance 1.8
codec_wiki.png	screenshot	2560	1664	8	2.0000	88521	101167	1.944094	1.730769	87.5144	87.8989	7865.09	9584.16	1577	19596	3910	52562	77645	10733	143	1604	16084	3824	71067	92579	8443	145	-12.500	12.325	-0.3845	FIXED	a0928cf453ea7c3a7d3e123590f8ed8c2121d7e0	cargo run -p jxl-encoder --release --features 'parallel butteraugli-loop ssim2-loop' --example cjxl_parity_ledger -- --update --image codec_wiki.png --effort 8 --distance 2
codec_wiki.png	screenshot	2560	1664	8	2.5000	82128	92475	2.705482	2.131376	85.7114	85.9439	7829.70	8859.63	1621	19322	3912	46397	71252	10733	143	1630	15958	3741	63006	84335	7995	145	-11.189	26.936	-0.2325	FIXED	a0928cf453ea7c3a7d3e123590f8ed8c2121d7e0	cargo run -p jxl-encoder --release --features 'parallel butteraugli-loop ssim2-loop' --example cjxl_parity_ledger -- --update --image codec_wiki.png --effort 8 --distance 2.5
codec_wiki.png	screenshot	2560	1664	8	3.0000	75537	84515	2.848079	2.407454	83.5463	86.1372	8470.91	9441.21	1629	18401	3617	41014	64661	10733	143	1659	15713	3669	56181	77222	7148	145	-10.623	18.303	-2.5910	FIXED	a0928cf453ea7c3a7d3e123590f8ed8c2121d7e0	cargo run -p jxl-encoder --release --features 'parallel butteraugli-loop ssim2-loop' --example cjxl_parity_ledger -- --update --image codec_wiki.png --effort 8 --distance 3
codec_wiki.png	screenshot	2560	1664	8	4.0000	67953	72960	3.617474	3.501518	80.6745	83.2739	11302.24	9536.49	1594	18558	3086	33839	57077	10733	143	1566	15381	2940	46490	66377	6440	143	-6.863	3.312	-2.5994	FIXED	a0928cf453ea7c3a7d3e123590f8ed8c2121d7e0	cargo run -p jxl-encoder --release --features 'parallel butteraugli-loop ssim2-loop' --example cjxl_parity_ledger -- --update --image codec_wiki.png --effort 8 --distance 4
codec_wiki.png	screenshot	2560	1664	8	5.0000	60218	65354	4.254682	4.463528	77.8649	80.3813	8846.09	8273.77	1493	15675	2618	29556	49342	10733	143	1427	13780	2700	41553	59460	5753	141	-7.859	-4.679	-2.5164	FIXED	a0928cf453ea7c3a7d3e123590f8ed8c2121d7e0	cargo run -p jxl-encoder --release --features 'parallel butteraugli-loop ssim2-loop' --example cjxl_parity_ledger -- --update --image codec_wiki.png --effort 8 --distance 5
codec_wiki.png	screenshot	2560	1664	8	6.0000	55122	58209	4.616221	5.018351	75.2415	78.5622	9724.46	9022.54	1453	15098	2028	25668	44247	10733	142	1332	13558	2043	35615	52548	5521	140	-5.303	-8.013	-3.3207	FIXED	a0928cf453ea7c3a7d3e123590f8ed8c2121d7e0	cargo run -p jxl-encoder --release --features 'parallel butteraugli-loop ssim2-loop' --example cjxl_parity_ledger -- --update --image codec_wiki.png --effort 8 --distance 6
codec_wiki.png	screenshot	2560	1664	9	0.2000	164155	204644	0.207610	0.246839	93.6672	93.8544	9513.45	1332.90	1875	21042	6322	124032	153271	10733	151	45	25208	4082	175167	204502	0	142	-19.785	-15.893	-0.1871	FIXED	a0928cf453ea7c3a7d3e123590f8ed8c2121d7e0	cargo run -p jxl-encoder --release --features 'parallel butteraugli-loop ssim2-loop' --example cjxl_parity_ledger -- --update --image codec_wiki.png --effort 9 --distance 0.2
codec_wiki.png	screenshot	2560	1664	9	0.4000	130583	160462	0.460784	0.545042	92.6445	93.1856	10001.64	1083.87	1998	17975	6276	93452	119701	10733	149	47	22398	3703	134173	160321	0	141	-18.621	-15.459	-0.5411	FIXED	a0928cf453ea7c3a7d3e123590f8ed8c2121d7e0	cargo run -p jxl-encoder --release --features 'parallel butteraugli-loop ssim2-loop' --example cjxl_parity_ledger -- --update --image codec_wiki.png --effort 9 --distance 0.4
codec_wiki.png	screenshot	2560	1664	9	0.6000	129632	155228	0.632491	0.589101	91.9694	92.0612	9067.83	13147.89	1874	16404	7741	92731	118750	10733	149	1497	16619	4360	121204	143680	11401	147	-16.489	7.366	-0.0918	FIXED	a0928cf453ea7c3a7d3e123590f8ed8c2121d7e0	cargo run -p jxl-encoder --release --features 'parallel butteraugli-loop ssim2-loop' --example cjxl_parity_ledger -- --update --image codec_wiki.png --effort 9 --distance 0.6
codec_wiki.png	screenshot	2560	1664	9	0.8000	121588	141940	0.867605	0.716467	90.5235	91.8935	10540.61	12644.62	1945	20046	7388	81327	110706	10733	149	1618	17163	4026	108367	131174	10619	147	-14.338	21.095	-1.3700	FIXED	a0928cf453ea7c3a7d3e123590f8ed8c2121d7e0	cargo run -p jxl-encoder --release --features 'parallel butteraugli-loop ssim2-loop' --example cjxl_parity_ledger -- --update --image codec_wiki.png --effort 9 --distance 0.8
codec_wiki.png	screenshot	2560	1664	9	1.0000	112644	129228	1.080130	1.049835	90.1083	91.3019	8931.98	12597.46	1787	19646	6424	73906	101763	10733	148	1642	16786	4000	96615	119043	10038	147	-12.833	2.886	-1.1937	FIXED	a0928cf453ea7c3a7d3e123590f8ed8c2121d7e0	cargo run -p jxl-encoder --release --features 'parallel butteraugli-loop ssim2-loop' --example cjxl_parity_ledger -- --update --image codec_wiki.png --effort 9 --distance 1
codec_wiki.png	screenshot	2560	1664	9	1.2000	105728	123478	1.319158	1.171353	89.4612	90.9370	8304.83	12907.52	1944	19689	6121	67095	94849	10733	146	1718	16422	4367	91208	113715	9616	147	-14.375	12.618	-1.4759	FIXED	a0928cf453ea7c3a7d3e123590f8ed8c2121d7e0	cargo run -p jxl-encoder --release --features 'parallel butteraugli-loop ssim2-loop' --example cjxl_parity_ledger -- --update --image codec_wiki.png --effort 9 --distance 1.2
codec_wiki.png	screenshot	2560	1664	9	1.4000	99038	114577	1.345317	1.108535	89.0657	90.4004	7766.60	12842.58	1911	19297	5426	61527	88161	10733	144	1680	16576	3816	83270	105342	9088	147	-13.562	21.360	-1.3346	FIXED	a0928cf453ea7c3a7d3e123590f8ed8c2121d7e0	cargo run -p jxl-encoder --release --features 'parallel butteraugli-loop ssim2-loop' --example cjxl_parity_ledger -- --update --image codec_wiki.png --effort 9 --distance 1.4
codec_wiki.png	screenshot	2560	1664	9	1.6000	92630	109212	1.551097	1.356246	88.1239	89.8247	3357.69	7775.82	1957	19515	5118	59271	85861	6626	143	1758	15931	3592	78993	100274	8792	146	-15.183	14.367	-1.7008	FIXED	6f726d3bd2ed40ea5da85cbf6d873fc6f20f45a0	cargo run -p jxl-encoder --release --features 'parallel butteraugli-loop ssim2-loop' --example cjxl_parity_ledger -- --update --image codec_wiki.png --effort 9 --distance 1.6
codec_wiki.png	screenshot	2560	1664	9	1.8000	89859	105016	1.697390	1.685599	86.8320	89.2306	10171.01	13441.37	1963	19097	4703	53220	78983	10733	143	1700	16713	3371	74458	96242	8628	146	-14.433	0.700	-2.3986	FIXED	a0928cf453ea7c3a7d3e123590f8ed8c2121d7e0	cargo run -p jxl-encoder --release --features 'parallel butteraugli-loop ssim2-loop' --example cjxl_parity_ledger -- --update --image codec_wiki.png --effort 9 --distance 1.8
codec_wiki.png	screenshot	2560	1664	9	2.0000	88698	101172	1.944094	1.730191	87.5144	87.9080	10385.03	13096.31	1964	19260	4680	51918	77822	10733	143	1688	15616	3564	71802	92670	8356	146	-12.329	12.363	-0.3935	FIXED	a0928cf453ea7c3a7d3e123590f8ed8c2121d7e0	cargo run -p jxl-encoder --release --features 'parallel butteraugli-loop ssim2-loop' --example cjxl_parity_ledger -- --update --image codec_wiki.png --effort 9 --distance 2
codec_wiki.png	screenshot	2560	1664	9	2.5000	82405	92670	2.137024	2.131376	85.7165	85.9393	8780.22	13188.77	1924	19064	4500	46041	71529	10733	143	1760	15483	3618	63702	84563	7962	145	-11.077	0.265	-0.2228	FIXED	a0928cf453ea7c3a7d3e123590f8ed8c2121d7e0	cargo run -p jxl-encoder --release --features 'parallel butteraugli-loop ssim2-loop' --example cjxl_parity_ledger -- --update --image codec_wiki.png --effort 9 --distance 2.5
codec_wiki.png	screenshot	2560	1664	9	3.0000	75682	84975	2.820200	2.407454	83.5512	86.1336	7902.94	12916.13	1957	18050	4077	40722	64806	10733	143	1722	15207	3602	57222	77753	7077	145	-10.936	17.144	-2.5824	FIXED	a0928cf453ea7c3a7d3e123590f8ed8c2121d7e0	cargo run -p jxl-encoder --release --features 'parallel butteraugli-loop ssim2-loop' --example cjxl_parity_ledger -- --update --image codec_wiki.png --effort 9 --distance 3
codec_wiki.png	screenshot	2560	1664	9	5.0000	60270	65971	4.254682	4.463528	77.8649	80.4182	12697.75	12180.11	1799	15382	2802	29411	49394	10733	143	1502	13219	2651	42707	60079	5750	142	-8.642	-4.679	-2.5534	FIXED	a0928cf453ea7c3a7d3e123590f8ed8c2121d7e0	cargo run -p jxl-encoder --release --features 'parallel butteraugli-loop ssim2-loop' --example cjxl_parity_ledger -- --update --image codec_wiki.png --effort 9 --distance 5
codec_wiki.png	screenshot	2560	1664	9	6.0000	55027	58962	4.616221	5.018368	75.2415	78.5773	44106.57	13726.78	1724	14799	2134	25495	44152	10733	142	1484	13121	1991	36742	53338	5483	141	-6.674	-8.013	-3.3358	FIXED	a0928cf453ea7c3a7d3e123590f8ed8c2121d7e0	cargo run -p jxl-encoder --release --features 'parallel butteraugli-loop ssim2-loop' --example cjxl_parity_ledger -- --update --image codec_wiki.png --effort 9 --distance 6
imac_g3.png	screenshot	2940	1912	5	0.2000	750199	760094	0.320597	0.322209	90.8786	90.7466	2434.36	1504.96	1299	66228	7518	674942	749987	0	212	47	77844	4988	677007	759886	0	208	-1.302	-0.500	0.1320	FIXED	a0928cf453ea7c3a7d3e123590f8ed8c2121d7e0	cargo run -p jxl-encoder --release --features 'parallel butteraugli-loop ssim2-loop' --example cjxl_parity_ledger -- --update --image imac_g3.png --effort 5 --distance 0.2
imac_g3.png	screenshot	2940	1912	5	0.4000	628590	634249	0.621650	0.618077	89.9125	89.8347	1602.73	1036.72	1307	60692	7750	558637	628386	0	204	48	68362	5021	560619	634050	0	199	-0.892	0.578	0.0778	FIXED	a0928cf453ea7c3a7d3e123590f8ed8c2121d7e0	cargo run -p jxl-encoder --release --features 'parallel butteraugli-loop ssim2-loop' --example cjxl_parity_ledger -- --update --image imac_g3.png --effort 5 --distance 0.4
imac_g3.png	screenshot	2940	1912	5	0.6000	652553	656921	0.797671	0.794325	88.4609	88.6029	1654.39	1293.51	1288	56904	7685	586470	652347	0	206	46	65094	6170	585410	656720	0	201	-0.665	0.421	-0.1420	FIXED	a0928cf453ea7c3a7d3e123590f8ed8c2121d7e0	cargo run -p jxl-encoder --release --features 'parallel butteraugli-loop ssim2-loop' --example cjxl_parity_ledger -- --update --image imac_g3.png --effort 5 --distance 0.6
imac_g3.png	screenshot	2940	1912	5	0.8000	589013	594569	0.948977	0.951626	87.7601	87.6823	1297.05	994.67	1256	53287	7562	526704	588809	0	204	46	62727	6039	525557	594369	0	200	-0.934	-0.278	0.0778	FIXED	a0928cf453ea7c3a7d3e123590f8ed8c2121d7e0	cargo run -p jxl-encoder --release --features 'parallel butteraugli-loop ssim2-loop' --example cjxl_parity_ledger -- --update --image imac_g3.png --effort 5 --distance 0.8
imac_g3.png	screenshot	2940	1912	5	1.0000	540317	546085	1.329588	1.309718	86.8379	86.8045	1480.68	1136.48	1323	50453	7575	480764	540115	0	202	46	60026	5821	479994	545887	0	198	-1.056	1.517	0.0334	FIXED	a0928cf453ea7c3a7d3e123590f8ed8c2121d7e0	cargo run -p jxl-encoder --release --features 'parallel butteraugli-loop ssim2-loop' --example cjxl_parity_ledger -- --update --image imac_g3.png --effort 5 --distance 1
imac_g3.png	screenshot	2940	1912	5	1.2000	503929	510561	1.382644	1.382388	86.0030	85.8847	1642.56	1953.44	1301	48998	7394	446034	503727	0	202	46	58705	6067	445546	510364	0	197	-1.299	0.018	0.1183	FIXED	a0928cf453ea7c3a7d3e123590f8ed8c2121d7e0	cargo run -p jxl-encoder --release --features 'parallel butteraugli-loop ssim2-loop' --example cjxl_parity_ledger -- --update --image imac_g3.png --effort 5 --distance 1.2
imac_g3.png	screenshot	2940	1912	5	1.4000	473597	478829	1.465659	1.459886	85.3052	84.6591	1936.69	1318.07	1291	47464	7243	417397	473395	0	202	46	56722	5972	415892	478632	0	197	-1.093	0.395	0.6461	FIXED	a0928cf453ea7c3a7d3e123590f8ed8c2121d7e0	cargo run -p jxl-encoder --release --features 'parallel butteraugli-loop ssim2-loop' --example cjxl_parity_ledger -- --update --image imac_g3.png --effort 5 --distance 1.4
imac_g3.png	screenshot	2940	1912	5	1.6000	448426	454110	1.743059	1.714173	84.3493	84.3574	1989.15	1823.71	1209	47450	7123	392444	448226	0	200	47	55824	5858	392188	453917	0	193	-1.252	1.685	-0.0081	FIXED	a0928cf453ea7c3a7d3e123590f8ed8c2121d7e0	cargo run -p jxl-encoder --release --features 'parallel butteraugli-loop ssim2-loop' --example cjxl_parity_ledger -- --update --image imac_g3.png --effort 5 --distance 1.6
imac_g3.png	screenshot	2940	1912	5	1.8000	427126	432228	1.815405	1.821985	83.6629	83.7388	2127.50	2005.24	1133	46427	7148	372218	426926	0	200	47	54180	5699	372109	432035	0	193	-1.180	-0.361	-0.0759	FIXED	a0928cf453ea7c3a7d3e123590f8ed8c2121d7e0	cargo run -p jxl-encoder --release --features 'parallel butteraugli-loop ssim2-loop' --example cjxl_parity_ledger -- --update --image imac_g3.png --effort 5 --distance 1.8
imac_g3.png	screenshot	2940	1912	5	2.0000	408841	414971	2.380184	1.941461	82.9635	83.1061	1646.62	2031.00	1117	45824	7030	354670	408641	0	200	46	53564	5718	355450	414778	0	193	-1.477	22.598	-0.1427	FIXED	a0928cf453ea7c3a7d3e123590f8ed8c2121d7e0	cargo run -p jxl-encoder --release --features 'parallel butteraugli-loop ssim2-loop' --example cjxl_parity_ledger -- --update --image imac_g3.png --effort 5 --distance 2
imac_g3.png	screenshot	2940	1912	5	2.5000	370816	374983	2.376651	2.382292	80.6292	80.9464	1819.65	1747.56	1132	44301	6786	318397	370616	0	200	47	51013	5303	318427	374790	0	193	-1.111	-0.237	-0.3172	FIXED	a0928cf453ea7c3a7d3e123590f8ed8c2121d7e0	cargo run -p jxl-encoder --release --features 'parallel butteraugli-loop ssim2-loop' --example cjxl_parity_ledger -- --update --image imac_g3.png --effort 5 --distance 2.5
imac_g3.png	screenshot	2940	1912	5	3.0000	342245	347182	2.586772	2.588394	79.1870	79.5427	1730.07	1426.92	1123	43245	6566	291111	342045	0	200	47	50259	5044	291637	346987	0	195	-1.422	-0.063	-0.3557	FIXED	a0928cf453ea7c3a7d3e123590f8ed8c2121d7e0	cargo run -p jxl-encoder --release --features 'parallel butteraugli-loop ssim2-loop' --example cjxl_parity_ledger -- --update --image imac_g3.png --effort 5 --distance 3
imac_g3.png	screenshot	2940	1912	5	4.0000	298468	302783	3.801321	3.746064	76.5033	76.5433	1584.55	1264.41	970	41564	6011	249723	298268	0	200	33	47950	4092	250512	302587	0	196	-1.425	1.475	-0.0400	FIXED	a0928cf453ea7c3a7d3e123590f8ed8c2121d7e0	cargo run -p jxl-encoder --release --features 'parallel butteraugli-loop ssim2-loop' --example cjxl_parity_ledger -- --update --image imac_g3.png --effort 5 --distance 4
imac_g3.png	screenshot	2940	1912	5	5.0000	263804	267332	4.598685	4.691537	74.0699	74.1750	1376.59	1362.28	1096	38972	5607	217930	263605	0	199	29	44852	3124	219133	267138	0	194	-1.320	-1.979	-0.1051	FIXED	a0928cf453ea7c3a7d3e123590f8ed8c2121d7e0	cargo run -p jxl-encoder --release --features 'parallel butteraugli-loop ssim2-loop' --example cjxl_parity_ledger -- --update --image imac_g3.png --effort 5 --distance 5
imac_g3.png	screenshot	2940	1912	5	6.0000	238936	245780	5.430510	5.485711	71.5759	71.5595	2285.76	1860.80	1037	37392	4895	195415	238739	0	197	30	43094	2615	199847	245586	0	194	-2.785	-1.006	0.0164	FIXED	a0928cf453ea7c3a7d3e123590f8ed8c2121d7e0	cargo run -p jxl-encoder --release --features 'parallel butteraugli-loop ssim2-loop' --example cjxl_parity_ledger -- --update --image imac_g3.png --effort 5 --distance 6
imac_g3.png	screenshot	2940	1912	6	0.2000	749434	760742	0.320591	0.322598	90.8716	90.7747	2744.20	2607.66	1328	67143	7468	673284	749223	0	211	36	78916	4449	677133	760534	0	208	-1.486	-0.622	0.0969	FIXED	a0928cf453ea7c3a7d3e123590f8ed8c2121d7e0	cargo run -p jxl-encoder --release --features 'parallel butteraugli-loop ssim2-loop' --example cjxl_parity_ledger -- --update --image imac_g3.png --effort 6 --distance 0.2
imac_g3.png	screenshot	2940	1912	6	0.4000	627395	634838	0.621666	0.615897	89.8996	89.7634	1913.28	2286.42	1308	61867	7465	556551	627191	0	204	46	69659	4593	560341	634639	0	199	-1.172	0.937	0.1362	FIXED	a0928cf453ea7c3a7d3e123590f8ed8c2121d7e0	cargo run -p jxl-encoder --release --features 'parallel butteraugli-loop ssim2-loop' --example cjxl_parity_ledger -- --update --image imac_g3.png --effort 6 --distance 0.4
imac_g3.png	screenshot	2940	1912	6	0.6000	648698	654943	0.794535	0.780626	88.4634	88.6345	2431.99	2542.22	1318	58517	7651	581006	648492	0	206	44	66803	5610	582285	654742	0	201	-0.954	1.782	-0.1711	FIXED	a0928cf453ea7c3a7d3e123590f8ed8c2121d7e0	cargo run -p jxl-encoder --release --features 'parallel butteraugli-loop ssim2-loop' --example cjxl_parity_ledger -- --update --image imac_g3.png --effort 6 --distance 0.6
imac_g3.png	screenshot	2940	1912	6	0.8000	592529	596566	0.930706	0.919614	87.7515	87.8995	4543.48	3308.27	1294	62599	7461	520972	592326	0	203	46	69993	6087	520240	596366	0	200	-0.677	1.206	-0.1481	FIXED	a0928cf453ea7c3a7d3e123590f8ed8c2121d7e0	cargo run -p jxl-encoder --release --features 'parallel butteraugli-loop ssim2-loop' --example cjxl_parity_ledger -- --update --image imac_g3.png --effort 6 --distance 0.8
imac_g3.png	screenshot	2940	1912	6	1.0000	543730	546020	1.300863	1.311112	86.7395	86.8346	4549.29	2980.73	1383	60431	7388	474326	543528	0	202	46	67468	5184	473124	545822	0	198	-0.419	-0.782	-0.0951	FIXED	a0928cf453ea7c3a7d3e123590f8ed8c2121d7e0	cargo run -p jxl-encoder --release --features 'parallel butteraugli-loop ssim2-loop' --example cjxl_parity_ledger -- --update --image imac_g3.png --effort 6 --distance 1
imac_g3.png	screenshot	2940	1912	6	1.2000	506374	510872	1.357791	1.338416	85.9350	86.0011	3504.77	3107.10	1355	59059	7282	438476	506172	0	202	46	66417	6030	438182	510675	0	197	-0.880	1.448	-0.0661	FIXED	a0928cf453ea7c3a7d3e123590f8ed8c2121d7e0	cargo run -p jxl-encoder --release --features 'parallel butteraugli-loop ssim2-loop' --example cjxl_parity_ledger -- --update --image imac_g3.png --effort 6 --distance 1.2
imac_g3.png	screenshot	2940	1912	6	1.4000	483332	480995	1.490233	1.477007	85.2115	85.1423	5025.28	2050.55	1322	65137	7249	409422	483130	0	202	46	65241	6041	409470	480798	0	197	0.486	0.895	0.0692	FIXED	a0928cf453ea7c3a7d3e123590f8ed8c2121d7e0	cargo run -p jxl-encoder --release --features 'parallel butteraugli-loop ssim2-loop' --example cjxl_parity_ledger -- --update --image imac_g3.png --effort 6 --distance 1.4
imac_g3.png	screenshot	2940	1912	6	1.6000	453151	456860	1.652745	1.784424	84.3464	84.4743	4256.13	2118.16	1263	60294	7184	384210	452951	0	200	46	66549	5663	384409	456667	0	193	-0.812	-7.379	-0.1279	FIXED	a0928cf453ea7c3a7d3e123590f8ed8c2121d7e0	cargo run -p jxl-encoder --release --features 'parallel butteraugli-loop ssim2-loop' --example cjxl_parity_ledger -- --update --image imac_g3.png --effort 6 --distance 1.6
imac_g3.png	screenshot	2940	1912	6	1.8000	431398	434087	1.718158	1.736086	83.4859	83.9998	4158.97	2507.51	1169	58967	7135	363927	431198	0	200	46	64921	5563	363364	433894	0	193	-0.619	-1.033	-0.5140	FIXED	a0928cf453ea7c3a7d3e123590f8ed8c2121d7e0	cargo run -p jxl-encoder --release --features 'parallel butteraugli-loop ssim2-loop' --example cjxl_parity_ledger -- --update --image imac_g3.png --effort 6 --distance 1.8
imac_g3.png	screenshot	2940	1912	6	2.0000	414661	416493	2.380077	1.892635	83.0307	83.3567	3452.42	3219.78	1177	59524	7199	346561	414461	0	200	46	64346	5667	346241	416300	0	193	-0.440	25.755	-0.3261	FIXED	a0928cf453ea7c3a7d3e123590f8ed8c2121d7e0	cargo run -p jxl-encoder --release --features 'parallel butteraugli-loop ssim2-loop' --example cjxl_parity_ledger -- --update --image imac_g3.png --effort 6 --distance 2
imac_g3.png	screenshot	2940	1912	6	2.5000	376372	377314	2.306660	2.283930	80.5928	81.3010	3444.05	2810.53	1180	57071	6786	311135	376172	0	200	46	62415	5098	309563	377122	0	192	-0.250	0.995	-0.7082	FIXED	a0928cf453ea7c3a7d3e123590f8ed8c2121d7e0	cargo run -p jxl-encoder --release --features 'parallel butteraugli-loop ssim2-loop' --example cjxl_parity_ledger -- --update --image imac_g3.png --effort 6 --distance 2.5
imac_g3.png	screenshot	2940	1912	6	3.0000	350265	350913	3.264458	2.782561	79.2915	79.6556	3746.32	3023.79	1187	56702	6612	285565	350066	0	199	46	61558	5048	284066	350718	0	195	-0.185	17.318	-0.3641	FIXED	a0928cf453ea7c3a7d3e123590f8ed8c2121d7e0	cargo run -p jxl-encoder --release --features 'parallel butteraugli-loop ssim2-loop' --example cjxl_parity_ledger -- --update --image imac_g3.png --effort 6 --distance 3
imac_g3.png	screenshot	2940	1912	6	4.0000	310204	310684	3.336675	3.277602	77.1342	77.1550	10137.23	3994.91	1064	56666	6034	246240	310004	0	200	44	60832	3913	245699	310488	0	196	-0.154	1.802	-0.0208	FIXED	a0928cf453ea7c3a7d3e123590f8ed8c2121d7e0	cargo run -p jxl-encoder --release --features 'parallel butteraugli-loop ssim2-loop' --example cjxl_parity_ledger -- --update --image imac_g3.png --effort 6 --distance 4
imac_g3.png	screenshot	2940	1912	6	5.0000	270718	271714	4.533253	4.607666	73.8314	74.6160	6523.33	2893.31	1094	46074	5839	217512	270519	0	199	36	50357	3158	217969	271520	0	194	-0.367	-1.615	-0.7846	FIXED	a0928cf453ea7c3a7d3e123590f8ed8c2121d7e0	cargo run -p jxl-encoder --release --features 'parallel butteraugli-loop ssim2-loop' --example cjxl_parity_ledger -- --update --image imac_g3.png --effort 6 --distance 5
imac_g3.png	screenshot	2940	1912	6	6.0000	245687	249150	5.671034	5.380154	71.4225	71.9635	4232.50	2799.05	1038	44058	4961	195433	245490	0	197	29	48428	2575	197924	248956	0	194	-1.390	5.407	-0.5409	FIXED	a0928cf453ea7c3a7d3e123590f8ed8c2121d7e0	cargo run -p jxl-encoder --release --features 'parallel butteraugli-loop ssim2-loop' --example cjxl_parity_ledger -- --update --image imac_g3.png --effort 6 --distance 6
imac_g3.png	screenshot	2940	1912	7	0.2000	371360	753390	0.323155	0.322598	90.8487	90.7881	3168.64	2487.26	7418	43580	7498	269987	328483	42666	211	36	78795	4360	669993	753184	0	206	-50.708	0.173	0.0606	FIXED	a0928cf453ea7c3a7d3e123590f8ed8c2121d7e0	cargo run -p jxl-encoder --release --features 'parallel butteraugli-loop ssim2-loop' --example cjxl_parity_ledger -- --update --image imac_g3.png --effort 7 --distance 0.2
imac_g3.png	screenshot	2940	1912	7	0.4000	305197	630206	0.685583	0.615606	90.3365	90.2835	3101.80	2362.65	7243	37752	6895	210432	262322	42666	209	46	69552	4565	555844	630007	0	199	-51.572	11.367	0.0531	FIXED	a0928cf453ea7c3a7d3e123590f8ed8c2121d7e0	cargo run -p jxl-encoder --release --features 'parallel butteraugli-loop ssim2-loop' --example cjxl_parity_ledger -- --update --image imac_g3.png --effort 7 --distance 0.4
imac_g3.png	screenshot	2940	1912	7	0.6000	293548	651788	0.863369	0.780626	89.3336	89.4064	2821.56	2826.40	7292	34969	6626	201787	250674	42666	208	44	66761	5712	579070	651587	0	201	-54.963	10.600	-0.0728	FIXED	a0928cf453ea7c3a7d3e123590f8ed8c2121d7e0	cargo run -p jxl-encoder --release --features 'parallel butteraugli-loop ssim2-loop' --example cjxl_parity_ledger -- --update --image imac_g3.png --effort 7 --distance 0.6
imac_g3.png	screenshot	2940	1912	7	0.8000	274690	594421	0.970017	0.919614	88.9561	88.9636	4224.49	1833.31	7294	40837	6661	177025	231817	42666	207	46	69981	6142	518053	594222	0	199	-53.789	5.481	-0.0075	FIXED	a0928cf453ea7c3a7d3e123590f8ed8c2121d7e0	cargo run -p jxl-encoder --release --features 'parallel butteraugli-loop ssim2-loop' --example cjxl_parity_ledger -- --update --image imac_g3.png --effort 7 --distance 0.8
imac_g3.png	screenshot	2940	1912	7	1.0000	255203	544818	1.300892	1.311114	88.0138	88.3582	4625.42	2083.19	7222	39310	6507	159292	212331	42666	206	46	67434	6246	470894	544620	0	198	-53.158	-0.780	-0.3444	FIXED	a0928cf453ea7c3a7d3e123590f8ed8c2121d7e0	cargo run -p jxl-encoder --release --features 'parallel butteraugli-loop ssim2-loop' --example cjxl_parity_ledger -- --update --image imac_g3.png --effort 7 --distance 1
imac_g3.png	screenshot	2940	1912	7	1.2000	239375	509012	1.384289	1.338416	87.4182	87.5946	3652.58	2184.04	7067	37967	6331	145140	196505	42666	204	46	66411	6280	436078	508815	0	197	-52.973	3.427	-0.1763	FIXED	a0928cf453ea7c3a7d3e123590f8ed8c2121d7e0	cargo run -p jxl-encoder --release --features 'parallel butteraugli-loop ssim2-loop' --example cjxl_parity_ledger -- --update --image imac_g3.png --effort 7 --distance 1.2
imac_g3.png	screenshot	2940	1912	7	1.4000	234570	479354	1.561704	1.477007	86.5527	86.7161	4000.98	2094.92	7147	44371	6262	133921	191701	42666	203	46	65250	5856	408005	479157	0	197	-51.065	5.734	-0.1634	FIXED	a0928cf453ea7c3a7d3e123590f8ed8c2121d7e0	cargo run -p jxl-encoder --release --features 'parallel butteraugli-loop ssim2-loop' --example cjxl_parity_ledger -- --update --image imac_g3.png --effort 7 --distance 1.4
imac_g3.png	screenshot	2940	1912	7	1.6000	217998	455746	1.741857	1.784424	85.9112	86.2527	4053.92	2309.72	7099	38020	5647	124366	175132	42666	200	46	66453	6112	382942	455553	0	193	-52.167	-2.385	-0.3415	FIXED	a0928cf453ea7c3a7d3e123590f8ed8c2121d7e0	cargo run -p jxl-encoder --release --features 'parallel butteraugli-loop ssim2-loop' --example cjxl_parity_ledger -- --update --image imac_g3.png --effort 7 --distance 1.6
imac_g3.png	screenshot	2940	1912	7	1.8000	208449	432784	2.049170	1.737136	84.5853	85.7811	7089.92	4437.25	7071	36696	5327	116490	165584	42666	199	46	64856	6005	361684	432591	0	193	-51.835	17.963	-1.1958	FIXED	a0928cf453ea7c3a7d3e123590f8ed8c2121d7e0	cargo run -p jxl-encoder --release --features 'parallel butteraugli-loop ssim2-loop' --example cjxl_parity_ledger -- --update --image imac_g3.png --effort 7 --distance 1.8
imac_g3.png	screenshot	2940	1912	7	2.0000	204463	415112	2.382764	1.892595	84.2863	85.2242	4264.84	3609.92	7049	37874	5681	110995	161599	42666	198	46	64219	5795	344859	414919	0	193	-50.745	25.899	-0.9379	FIXED	a0928cf453ea7c3a7d3e123590f8ed8c2121d7e0	cargo run -p jxl-encoder --release --features 'parallel butteraugli-loop ssim2-loop' --example cjxl_parity_ledger -- --update --image imac_g3.png --effort 7 --distance 2
imac_g3.png	screenshot	2940	1912	7	2.5000	187793	376320	2.318138	2.283930	82.2501	83.1915	4651.98	2815.19	7026	34676	4785	98446	144933	42666	194	46	62275	5229	308578	376128	0	192	-50.098	1.498	-0.9414	FIXED	a0928cf453ea7c3a7d3e123590f8ed8c2121d7e0	cargo run -p jxl-encoder --release --features 'parallel butteraugli-loop ssim2-loop' --example cjxl_parity_ledger -- --update --image imac_g3.png --effort 7 --distance 2.5
imac_g3.png	screenshot	2940	1912	7	3.0000	178037	161648	3.134243	2.727096	81.3781	83.4072	935.54	1852.98	6982	33957	4474	89764	135177	42666	194	7118	37841	3386	80901	129246	32214	188	10.139	14.930	-2.0291	OPEN	427dc148275fad44a13954fb7e13e38658fa6ce9	cargo run -p jxl-encoder --release --features 'parallel butteraugli-loop ssim2-loop' --example cjxl_parity_ledger -- --update --image imac_g3.png --effort 7 --distance 3
imac_g3.png	screenshot	2940	1912	7	4.0000	164967	146832	3.478144	3.236752	79.6294	81.2636	1185.83	2118.04	6975	35035	4092	76006	122108	42666	193	7048	38462	2749	68604	116863	29782	187	12.351	7.458	-1.6342	OPEN	dd8508c1f8dc55e3784f4a4e122b65d054b40bd7	cargo run -p jxl-encoder --release --features 'parallel butteraugli-loop ssim2-loop' --example cjxl_parity_ledger -- --update --image imac_g3.png --effort 7 --distance 4
imac_g3.png	screenshot	2940	1912	7	5.0000	145283	129968	4.519985	4.607666	77.9656	78.7365	6587.31	4500.57	6949	28096	3552	63829	102426	42666	191	7039	32907	2328	59746	102020	27762	186	11.784	-1.903	-0.7710	FIXED	a0928cf453ea7c3a7d3e123590f8ed8c2121d7e0	cargo run -p jxl-encoder --release --features 'parallel butteraugli-loop ssim2-loop' --example cjxl_parity_ledger -- --update --image imac_g3.png --effort 7 --distance 5
imac_g3.png	screenshot	2940	1912	7	6.0000	135440	119645	5.417871	5.218880	75.6984	75.8007	1149.66	1848.94	6814	26234	2675	56862	92585	42666	189	7021	31121	2161	52899	93202	26260	183	13.202	3.813	-0.1023	OPEN	c2c9d866b8e3988d549e91c08a33e3aab224d27f	cargo run -p jxl-encoder --release --features 'parallel butteraugli-loop ssim2-loop' --example cjxl_parity_ledger -- --update --image imac_g3.png --effort 7 --distance 6
imac_g3.png	screenshot	2940	1912	8	0.2000	361429	752282	0.282187	0.322598	90.7526	90.7881	10590.35	3224.15	7446	47230	7300	256577	318553	42666	210	36	77768	4385	669887	752076	0	206	-51.956	-12.527	-0.0355	FIXED	a0928cf453ea7c3a7d3e123590f8ed8c2121d7e0	cargo run -p jxl-encoder --release --features 'parallel butteraugli-loop ssim2-loop' --example cjxl_parity_ledger -- --update --image imac_g3.png --effort 8 --distance 0.2
imac_g3.png	screenshot	2940	1912	8	0.4000	289027	629238	0.530324	0.615606	90.0662	90.2835	11024.24	2316.76	7268	38194	6846	193846	246154	42666	207	46	68618	4523	555852	629039	0	199	-54.067	-13.853	-0.2173	FIXED	a0928cf453ea7c3a7d3e123590f8ed8c2121d7e0	cargo run -p jxl-encoder --release --features 'parallel butteraugli-loop ssim2-loop' --example cjxl_parity_ledger -- --update --image imac_g3.png --effort 8 --distance 0.4
imac_g3.png	screenshot	2940	1912	8	0.6000	278126	435076	0.800038	0.766311	89.1742	89.9621	8824.16	14582.09	7309	36250	7231	184463	235253	42666	207	7466	41778	6202	332745	388191	46676	209	-36.074	4.401	-0.7879	FIXED	a0928cf453ea7c3a7d3e123590f8ed8c2121d7e0	cargo run -p jxl-encoder --release --features 'parallel butteraugli-loop ssim2-loop' --example cjxl_parity_ledger -- --update --image imac_g3.png --effort 8 --distance 0.6
imac_g3.png	screenshot	2940	1912	8	0.8000	256649	391757	1.023127	0.986579	88.6318	89.5009	9872.03	18231.61	7227	41236	6521	158793	213777	42666	206	7572	41986	6058	293430	349046	42502	209	-34.488	3.705	-0.8691	FIXED	a0928cf453ea7c3a7d3e123590f8ed8c2121d7e0	cargo run -p jxl-encoder --release --features 'parallel butteraugli-loop ssim2-loop' --example cjxl_parity_ledger -- --update --image imac_g3.png --effort 8 --distance 0.8
imac_g3.png	screenshot	2940	1912	8	1.0000	238003	345073	1.244697	1.129810	87.8648	89.0486	11035.36	17081.30	7293	39516	6299	142026	195134	42666	203	7507	38504	5375	252715	304101	40764	208	-31.028	10.169	-1.1838	FIXED	a0928cf453ea7c3a7d3e123590f8ed8c2121d7e0	cargo run -p jxl-encoder --release --features 'parallel butteraugli-loop ssim2-loop' --example cjxl_parity_ledger -- --update --image imac_g3.png --effort 8 --distance 1
imac_g3.png	screenshot	2940	1912	8	1.2000	222355	322243	1.489816	1.325690	86.6113	88.4187	12204.51	17907.92	7203	39871	5413	127002	179489	42666	200	7556	37342	5875	232278	283051	38984	208	-30.998	12.380	-1.8074	FIXED	a0928cf453ea7c3a7d3e123590f8ed8c2121d7e0	cargo run -p jxl-encoder --release --features 'parallel butteraugli-loop ssim2-loop' --example cjxl_parity_ledger -- --update --image imac_g3.png --effort 8 --distance 1.2
imac_g3.png	screenshot	2940	1912	8	1.4000	210256	313046	1.807426	1.662974	85.8910	87.5549	10779.75	16823.69	7203	38279	5558	116350	167390	42666	200	7511	37557	5208	225360	275636	37203	207	-32.835	8.686	-1.6638	FIXED	a0928cf453ea7c3a7d3e123590f8ed8c2121d7e0	cargo run -p jxl-encoder --release --features 'parallel butteraugli-loop ssim2-loop' --example cjxl_parity_ledger -- --update --image imac_g3.png --effort 8 --distance 1.4
imac_g3.png	screenshot	2940	1912	8	1.6000	204423	306596	2.006479	1.658325	85.3874	87.2419	12991.72	15365.44	7174	40417	5212	108758	161561	42666	196	7527	37625	5119	220317	270588	35802	206	-33.325	20.994	-1.8545	FIXED	a0928cf453ea7c3a7d3e123590f8ed8c2121d7e0	cargo run -p jxl-encoder --release --features 'parallel butteraugli-loop ssim2-loop' --example cjxl_parity_ledger -- --update --image imac_g3.png --effort 8 --distance 1.6
imac_g3.png	screenshot	2940	1912	8	1.8000	195713	293813	2.348038	1.974720	84.7165	86.8105	11409.00	13052.52	7206	38725	4885	102036	152852	42666	195	7511	37501	5239	208211	258462	35145	206	-33.389	18.905	-2.0940	FIXED	a0928cf453ea7c3a7d3e123590f8ed8c2121d7e0	cargo run -p jxl-encoder --release --features 'parallel butteraugli-loop ssim2-loop' --example cjxl_parity_ledger -- --update --image imac_g3.png --effort 8 --distance 1.8
imac_g3.png	screenshot	2940	1912	8	2.0000	188395	290090	2.291946	2.041082	83.2934	86.1258	9998.10	13075.10	7105	38302	4638	95490	145535	42666	194	7547	38088	5218	204559	255412	34472	206	-35.056	12.291	-2.8324	FIXED	a0928cf453ea7c3a7d3e123590f8ed8c2121d7e0	cargo run -p jxl-encoder --release --features 'parallel butteraugli-loop ssim2-loop' --example cjxl_parity_ledger -- --update --image imac_g3.png --effort 8 --distance 2
imac_g3.png	screenshot	2940	1912	8	2.5000	174646	249959	2.629252	2.545897	81.6140	84.7560	9782.03	12889.94	7129	37847	4057	82754	131787	42666	193	7584	38635	4751	167101	218071	31683	205	-30.130	3.274	-3.1420	FIXED	a0928cf453ea7c3a7d3e123590f8ed8c2121d7e0	cargo run -p jxl-encoder --release --features 'parallel butteraugli-loop ssim2-loop' --example cjxl_parity_ledger -- --update --image imac_g3.png --effort 8 --distance 2.5
imac_g3.png	screenshot	2940	1912	8	3.0000	164091	244931	3.404854	2.730728	79.7092	83.3048	12800.28	14084.17	7014	35271	3996	74953	121234	42666	191	7625	37830	5160	164278	214893	29834	204	-33.005	24.687	-3.5956	FIXED	a0928cf453ea7c3a7d3e123590f8ed8c2121d7e0	cargo run -p jxl-encoder --release --features 'parallel butteraugli-loop ssim2-loop' --example cjxl_parity_ledger -- --update --image imac_g3.png --effort 8 --distance 3
imac_g3.png	screenshot	2940	1912	8	5.0000	133031	200082	5.366001	4.650359	76.7077	78.1678	19371.91	15989.41	6986	28592	3064	51536	90178	42666	187	7308	34704	3652	129012	174676	25205	201	-33.512	15.389	-1.4601	FIXED	a0928cf453ea7c3a7d3e123590f8ed8c2121d7e0	cargo run -p jxl-encoder --release --features 'parallel butteraugli-loop ssim2-loop' --example cjxl_parity_ledger -- --update --image imac_g3.png --effort 8 --distance 5
imac_g3.png	screenshot	2940	1912	8	6.0000	124695	176207	5.438116	5.368895	72.9198	76.3065	16308.71	17339.02	6837	27132	2652	45223	81844	42666	185	7236	32863	3623	108382	152104	23905	198	-29.234	1.289	-3.3867	FIXED	a0928cf453ea7c3a7d3e123590f8ed8c2121d7e0	cargo run -p jxl-encoder --release --features 'parallel butteraugli-loop ssim2-loop' --example cjxl_parity_ledger -- --update --image imac_g3.png --effort 8 --distance 6
imac_g3.png	screenshot	2940	1912	9	0.2000	363836	751663	0.265787	0.322598	90.7435	90.7881	15791.76	1950.36	7825	46554	10866	255716	320961	42666	209	36	77149	4385	669887	751457	0	206	-51.596	-17.610	-0.0446	FIXED	a0928cf453ea7c3a7d3e123590f8ed8c2121d7e0	cargo run -p jxl-encoder --release --features 'parallel butteraugli-loop ssim2-loop' --example cjxl_parity_ledger -- --update --image imac_g3.png --effort 9 --distance 0.2
imac_g3.png	screenshot	2940	1912	9	0.4000	290529	628338	0.465563	0.615606	90.0109	90.2835	14177.52	2917.23	7616	37542	10347	192151	247656	42666	207	46	67718	4523	555852	628139	0	199	-53.762	-24.373	-0.2726	FIXED	a0928cf453ea7c3a7d3e123590f8ed8c2121d7e0	cargo run -p jxl-encoder --release --features 'parallel butteraugli-loop ssim2-loop' --example cjxl_parity_ledger -- --update --image imac_g3.png --effort 9 --distance 0.4
imac_g3.png	screenshot	2940	1912	9	0.6000	278797	435009	0.688934	0.646322	89.1410	90.0187	13762.44	21261.10	7471	35777	9378	183298	235924	42666	207	7602	40764	5526	334976	388868	45932	209	-35.910	6.593	-0.8777	FIXED	a0928cf453ea7c3a7d3e123590f8ed8c2121d7e0	cargo run -p jxl-encoder --release --features 'parallel butteraugli-loop ssim2-loop' --example cjxl_parity_ledger -- --update --image imac_g3.png --effort 9 --distance 0.6
imac_g3.png	screenshot	2940	1912	9	0.8000	257729	391418	0.911002	0.929664	88.6828	89.5313	16105.63	19838.68	7537	40944	8917	157460	214858	42666	205	7713	40668	4951	295864	349196	42013	209	-34.155	-2.007	-0.8484	FIXED	a0928cf453ea7c3a7d3e123590f8ed8c2121d7e0	cargo run -p jxl-encoder --release --features 'parallel butteraugli-loop ssim2-loop' --example cjxl_parity_ledger -- --update --image imac_g3.png --effort 9 --distance 0.8
imac_g3.png	screenshot	2940	1912	9	1.0000	238606	343594	1.139501	1.069964	87.8411	89.0475	13202.38	16827.88	7276	39306	8554	140601	195737	42666	203	7811	36676	4622	254007	303116	40270	208	-30.556	6.499	-1.2063	FIXED	a0928cf453ea7c3a7d3e123590f8ed8c2121d7e0	cargo run -p jxl-encoder --release --features 'parallel butteraugli-loop ssim2-loop' --example cjxl_parity_ledger -- --update --image imac_g3.png --effort 9 --distance 1
imac_g3.png	screenshot	2940	1912	9	1.2000	223167	321825	1.350053	1.367841	86.5761	88.4900	15161.57	18765.43	7552	39483	7260	126006	180301	42666	200	7726	36228	4621	234359	282934	38683	208	-30.656	-1.300	-1.9139	FIXED	a0928cf453ea7c3a7d3e123590f8ed8c2121d7e0	cargo run -p jxl-encoder --release --features 'parallel butteraugli-loop ssim2-loop' --example cjxl_parity_ledger -- --update --image imac_g3.png --effort 9 --distance 1.2
imac_g3.png	screenshot	2940	1912	9	1.4000	211092	312570	1.442123	1.433702	85.8650	87.6308	12993.88	17823.49	7566	37893	7259	115509	168227	42666	199	7698	36176	4109	227713	275696	36666	208	-32.466	0.587	-1.7658	FIXED	a0928cf453ea7c3a7d3e123590f8ed8c2121d7e0	cargo run -p jxl-encoder --release --features 'parallel butteraugli-loop ssim2-loop' --example cjxl_parity_ledger -- --update --image imac_g3.png --effort 9 --distance 1.4
imac_g3.png	screenshot	2940	1912	9	1.6000	204838	306453	2.006479	1.621057	85.4720	87.1880	10475.10	18610.07	7718	39792	6541	107925	161976	42666	196	7753	36079	4120	223023	270975	35272	206	-33.158	23.776	-1.7160	FIXED	a0928cf453ea7c3a7d3e123590f8ed8c2121d7e0	cargo run -p jxl-encoder --release --features 'parallel butteraugli-loop ssim2-loop' --example cjxl_parity_ledger -- --update --image imac_g3.png --effort 9 --distance 1.6
imac_g3.png	screenshot	2940	1912	9	1.8000	196220	293378	2.348038	1.974720	84.7036	86.8015	10850.19	19696.85	7572	38297	6272	101218	153359	42666	195	7704	36054	4565	210565	258888	34284	206	-33.117	18.905	-2.0979	FIXED	a0928cf453ea7c3a7d3e123590f8ed8c2121d7e0	cargo run -p jxl-encoder --release --features 'parallel butteraugli-loop ssim2-loop' --example cjxl_parity_ledger -- --update --image imac_g3.png --effort 9 --distance 1.8
imac_g3.png	screenshot	2940	1912	9	2.5000	175109	251164	2.629252	2.516354	81.6313	84.7550	12904.36	16093.52	7686	37410	4848	82307	132251	42666	192	7787	36873	3974	170925	219559	31400	205	-30.281	4.487	-3.1237	FIXED	a0928cf453ea7c3a7d3e123590f8ed8c2121d7e0	cargo run -p jxl-encoder --release --features 'parallel butteraugli-loop ssim2-loop' --example cjxl_parity_ledger -- --update --image imac_g3.png --effort 9 --distance 2.5
imac_g3.png	screenshot	2940	1912	9	3.0000	164420	245228	3.060606	2.730728	79.7192	83.2292	11638.28	16116.26	7662	34783	4541	74577	121563	42666	191	7847	36224	4540	167183	215794	29229	205	-32.952	12.080	-3.5100	FIXED	a0928cf453ea7c3a7d3e123590f8ed8c2121d7e0	cargo run -p jxl-encoder --release --features 'parallel butteraugli-loop ssim2-loop' --example cjxl_parity_ledger -- --update --image imac_g3.png --effort 9 --distance 3
terminal.png	screenshot	1646	1062	5	0.2000	201543	202111	0.202565	0.201700	95.8757	95.9156	572.14	575.35	1116	20695	7173	172472	201456	0	87	36	23851	2444	175698	202029	0	82	-0.281	0.429	-0.0399	FIXED	a0928cf453ea7c3a7d3e123590f8ed8c2121d7e0	cargo run -p jxl-encoder --release --features 'parallel butteraugli-loop ssim2-loop' --example cjxl_parity_ledger -- --update --image terminal.png --effort 5 --distance 0.2
terminal.png	screenshot	1646	1062	5	0.4000	159714	158780	0.358399	0.364249	95.0441	95.2400	414.78	364.72	1082	18454	6750	133343	159629	0	85	47	21278	2297	135078	158700	0	80	0.588	-1.606	-0.1959	FIXED	a0928cf453ea7c3a7d3e123590f8ed8c2121d7e0	cargo run -p jxl-encoder --release --features 'parallel butteraugli-loop ssim2-loop' --example cjxl_parity_ledger -- --update --image terminal.png --effort 5 --distance 0.4
terminal.png	screenshot	1646	1062	5	0.6000	164390	163195	0.587563	0.591398	93.6566	94.0274	399.31	346.24	966	17318	6897	139126	164307	0	83	46	19980	2346	140743	163115	0	80	0.732	-0.648	-0.3708	FIXED	a0928cf453ea7c3a7d3e123590f8ed8c2121d7e0	cargo run -p jxl-encoder --release --features 'parallel butteraugli-loop ssim2-loop' --example cjxl_parity_ledger -- --update --image terminal.png --effort 5 --distance 0.6
terminal.png	screenshot	1646	1062	5	0.8000	147334	146061	0.717533	0.687916	92.7781	93.2728	382.60	320.51	963	17190	6499	122599	147251	0	83	36	19276	2600	124069	145981	0	80	0.872	4.305	-0.4947	FIXED	a0928cf453ea7c3a7d3e123590f8ed8c2121d7e0	cargo run -p jxl-encoder --release --features 'parallel butteraugli-loop ssim2-loop' --example cjxl_parity_ledger -- --update --image terminal.png --effort 5 --distance 0.8
terminal.png	screenshot	1646	1062	5	1.0000	134520	133671	0.741799	0.755738	91.5171	92.2658	614.53	413.98	961	16080	6407	110989	134437	0	83	36	18436	2501	112618	133591	0	80	0.635	-1.844	-0.7487	FIXED	a0928cf453ea7c3a7d3e123590f8ed8c2121d7e0	cargo run -p jxl-encoder --release --features 'parallel butteraugli-loop ssim2-loop' --example cjxl_parity_ledger -- --update --image terminal.png --effort 5 --distance 1
terminal.png	screenshot	1646	1062	5	1.2000	124139	123993	0.810235	0.961863	91.0026	91.5616	372.11	407.09	974	15415	6369	101298	124056	0	83	36	18108	2354	103415	123913	0	80	0.118	-15.764	-0.5590	FIXED	a0928cf453ea7c3a7d3e123590f8ed8c2121d7e0	cargo run -p jxl-encoder --release --features 'parallel butteraugli-loop ssim2-loop' --example cjxl_parity_ledger -- --update --image terminal.png --effort 5 --distance 1.2
terminal.png	screenshot	1646	1062	5	1.4000	115775	114964	1.163075	1.175742	89.2131	90.4471	356.98	382.84	1004	15323	6270	93095	115692	0	83	36	17374	2308	95167	114885	0	79	0.705	-1.077	-1.2340	FIXED	a0928cf453ea7c3a7d3e123590f8ed8c2121d7e0	cargo run -p jxl-encoder --release --features 'parallel butteraugli-loop ssim2-loop' --example cjxl_parity_ledger -- --update --image terminal.png --effort 5 --distance 1.4
terminal.png	screenshot	1646	1062	5	1.6000	108594	109313	1.240789	1.248726	88.9145	89.6978	476.85	665.54	925	14277	5959	87351	108512	0	82	36	17188	2068	89946	109238	0	75	-0.658	-0.636	-0.7833	FIXED	a0928cf453ea7c3a7d3e123590f8ed8c2121d7e0	cargo run -p jxl-encoder --release --features 'parallel butteraugli-loop ssim2-loop' --example cjxl_parity_ledger -- --update --image terminal.png --effort 5 --distance 1.6
terminal.png	screenshot	1646	1062	5	1.8000	105054	102935	1.317791	1.318773	88.1217	88.4840	571.29	750.58	945	14208	5464	84355	104972	0	82	36	16643	1932	84249	102860	0	75	2.059	-0.075	-0.3624	FIXED	a0928cf453ea7c3a7d3e123590f8ed8c2121d7e0	cargo run -p jxl-encoder --release --features 'parallel butteraugli-loop ssim2-loop' --example cjxl_parity_ledger -- --update --image terminal.png --effort 5 --distance 1.8
terminal.png	screenshot	1646	1062	5	2.0000	99636	99694	1.446660	1.417875	87.3333	88.3996	468.24	838.59	936	14246	5008	79364	99554	0	82	34	16582	1847	81156	99619	0	75	-0.058	2.030	-1.0663	FIXED	a0928cf453ea7c3a7d3e123590f8ed8c2121d7e0	cargo run -p jxl-encoder --release --features 'parallel butteraugli-loop ssim2-loop' --example cjxl_parity_ledger -- --update --image terminal.png --effort 5 --distance 2
terminal.png	screenshot	1646	1062	5	2.5000	89076	88741	1.664978	1.639219	86.2452	86.8631	653.64	516.12	912	13250	5031	69801	88994	0	82	31	15857	1919	70859	88666	0	75	0.378	1.571	-0.6180	FIXED	a0928cf453ea7c3a7d3e123590f8ed8c2121d7e0	cargo run -p jxl-encoder --release --features 'parallel butteraugli-loop ssim2-loop' --example cjxl_parity_ledger -- --update --image terminal.png --effort 5 --distance 2.5
terminal.png	screenshot	1646	1062	5	3.0000	83730	82452	1.978216	1.953553	85.0178	84.7672	710.38	798.38	798	13081	4254	65515	83648	0	82	28	15687	1817	64842	82374	0	78	1.550	1.262	0.2506	FIXED	a0928cf453ea7c3a7d3e123590f8ed8c2121d7e0	cargo run -p jxl-encoder --release --features 'parallel butteraugli-loop ssim2-loop' --example cjxl_parity_ledger -- --update --image terminal.png --effort 5 --distance 3
terminal.png	screenshot	1646	1062	5	4.0000	70520	70434	2.592740	2.649893	78.6799	83.8187	474.61	686.42	693	12482	3431	53832	70438	0	82	18	14232	1091	55015	70356	0	78	0.122	-2.157	-5.1388	FIXED	a0928cf453ea7c3a7d3e123590f8ed8c2121d7e0	cargo run -p jxl-encoder --release --features 'parallel butteraugli-loop ssim2-loop' --example cjxl_parity_ledger -- --update --image terminal.png --effort 5 --distance 4
terminal.png	screenshot	1646	1062	5	5.0000	62163	61515	3.889417	3.935848	79.1343	79.4202	438.14	555.84	741	11501	2570	47269	62081	0	82	14	13650	985	46789	61438	0	77	1.053	-1.180	-0.2859	FIXED	a0928cf453ea7c3a7d3e123590f8ed8c2121d7e0	cargo run -p jxl-encoder --release --features 'parallel butteraugli-loop ssim2-loop' --example cjxl_parity_ledger -- --update --image terminal.png --effort 5 --distance 5
terminal.png	screenshot	1646	1062	5	6.0000	55384	54192	3.746866	3.587558	77.7300	78.7183	416.90	636.53	697	10858	2195	41552	55302	0	82	15	12917	1211	39971	54114	0	78	2.200	4.441	-0.9882	FIXED	a0928cf453ea7c3a7d3e123590f8ed8c2121d7e0	cargo run -p jxl-encoder --release --features 'parallel butteraugli-loop ssim2-loop' --example cjxl_parity_ledger -- --update --image terminal.png --effort 5 --distance 6
terminal.png	screenshot	1646	1062	6	0.2000	200624	201287	0.202606	0.201678	95.8855	95.8909	762.89	899.32	1135	20972	7077	171353	200537	0	87	36	24174	2237	174758	201205	0	82	-0.329	0.460	-0.0054	FIXED	a0928cf453ea7c3a7d3e123590f8ed8c2121d7e0	cargo run -p jxl-encoder --release --features 'parallel butteraugli-loop ssim2-loop' --example cjxl_parity_ledger -- --update --image terminal.png --effort 6 --distance 0.2
terminal.png	screenshot	1646	1062	6	0.4000	159551	159203	0.358400	0.365408	95.0525	95.2210	649.65	704.63	1108	18763	6754	132841	159466	0	85	47	21464	2215	135397	159123	0	80	0.219	-1.918	-0.1685	FIXED	a0928cf453ea7c3a7d3e123590f8ed8c2121d7e0	cargo run -p jxl-encoder --release --features 'parallel butteraugli-loop ssim2-loop' --example cjxl_parity_ledger -- --update --image terminal.png --effort 6 --distance 0.4
terminal.png	screenshot	1646	1062	6	0.6000	163613	162426	0.587537	0.591370	93.6285	94.1013	726.37	806.34	998	17778	6757	137996	163529	0	84	34	20521	2366	139425	162346	0	80	0.731	-0.648	-0.4728	FIXED	a0928cf453ea7c3a7d3e123590f8ed8c2121d7e0	cargo run -p jxl-encoder --release --features 'parallel butteraugli-loop ssim2-loop' --example cjxl_parity_ledger -- --update --image terminal.png --effort 6 --distance 0.6
terminal.png	screenshot	1646	1062	6	0.8000	149052	147209	0.685492	0.665390	92.7197	93.3016	1107.30	1037.16	962	20122	6586	121298	148968	0	84	34	21278	2237	123580	147129	0	80	1.252	3.021	-0.5819	FIXED	a0928cf453ea7c3a7d3e123590f8ed8c2121d7e0	cargo run -p jxl-encoder --release --features 'parallel butteraugli-loop ssim2-loop' --example cjxl_parity_ledger -- --update --image terminal.png --effort 6 --distance 0.8
terminal.png	screenshot	1646	1062	6	1.0000	136340	134039	0.752014	0.761053	91.3967	92.4031	1104.40	1236.78	1050	19124	6420	109661	136255	0	85	46	20415	2273	111225	133959	0	80	1.717	-1.188	-1.0064	FIXED	a0928cf453ea7c3a7d3e123590f8ed8c2121d7e0	cargo run -p jxl-encoder --release --features 'parallel butteraugli-loop ssim2-loop' --example cjxl_parity_ledger -- --update --image terminal.png --effort 6 --distance 1
terminal.png	screenshot	1646	1062	6	1.2000	125433	124105	0.922202	0.944573	91.0428	91.7513	939.29	1075.44	1018	18260	6279	99792	125349	0	84	46	20030	2223	101726	124025	0	80	1.070	-2.368	-0.7085	FIXED	a0928cf453ea7c3a7d3e123590f8ed8c2121d7e0	cargo run -p jxl-encoder --release --features 'parallel butteraugli-loop ssim2-loop' --example cjxl_parity_ledger -- --update --image terminal.png --effort 6 --distance 1.2
terminal.png	screenshot	1646	1062	6	1.4000	117180	115081	1.164383	1.127580	89.1942	90.4448	965.47	1219.98	1008	18430	6200	91458	117096	0	84	46	19780	2388	92787	115001	0	80	1.824	3.264	-1.2506	FIXED	a0928cf453ea7c3a7d3e123590f8ed8c2121d7e0	cargo run -p jxl-encoder --release --features 'parallel butteraugli-loop ssim2-loop' --example cjxl_parity_ledger -- --update --image terminal.png --effort 6 --distance 1.4
terminal.png	screenshot	1646	1062	6	1.6000	110410	109243	1.210688	1.219061	88.9245	90.3133	992.87	884.72	973	18059	5618	85677	110327	0	83	35	19539	2109	87484	109167	0	76	1.068	-0.687	-1.3888	FIXED	a0928cf453ea7c3a7d3e123590f8ed8c2121d7e0	cargo run -p jxl-encoder --release --features 'parallel butteraugli-loop ssim2-loop' --example cjxl_parity_ledger -- --update --image terminal.png --effort 6 --distance 1.6
terminal.png	screenshot	1646	1062	6	1.8000	105436	103966	1.262216	1.160450	88.1946	88.7877	955.47	1268.88	986	18143	5432	80792	105353	0	83	32	19471	1796	82591	103890	0	76	1.414	8.770	-0.5931	FIXED	a0928cf453ea7c3a7d3e123590f8ed8c2121d7e0	cargo run -p jxl-encoder --release --features 'parallel butteraugli-loop ssim2-loop' --example cjxl_parity_ledger -- --update --image terminal.png --effort 6 --distance 1.8
terminal.png	screenshot	1646	1062	6	2.0000	101493	100094	1.376351	1.357344	87.5856	88.7312	985.70	935.40	908	18241	5326	76935	101410	0	83	34	19488	1827	78669	100018	0	76	1.398	1.400	-1.1456	FIXED	a0928cf453ea7c3a7d3e123590f8ed8c2121d7e0	cargo run -p jxl-encoder --release --features 'parallel butteraugli-loop ssim2-loop' --example cjxl_parity_ledger -- --update --image terminal.png --effort 6 --distance 2
terminal.png	screenshot	1646	1062	6	2.5000	91368	89651	1.586105	1.565293	86.2038	87.0532	1019.49	1056.29	944	17210	4668	68464	91286	0	82	31	18849	1865	68830	89575	0	76	1.915	1.330	-0.8494	FIXED	a0928cf453ea7c3a7d3e123590f8ed8c2121d7e0	cargo run -p jxl-encoder --release --features 'parallel butteraugli-loop ssim2-loop' --example cjxl_parity_ledger -- --update --image terminal.png --effort 6 --distance 2.5
terminal.png	screenshot	1646	1062	6	3.0000	84715	83388	2.026254	1.870460	84.9467	85.0891	922.82	1177.89	843	17001	4306	62483	84633	0	82	27	18741	1716	62825	83309	0	79	1.591	8.329	-0.1424	FIXED	a0928cf453ea7c3a7d3e123590f8ed8c2121d7e0	cargo run -p jxl-encoder --release --features 'parallel butteraugli-loop ssim2-loop' --example cjxl_parity_ledger -- --update --image terminal.png --effort 6 --distance 3
terminal.png	screenshot	1646	1062	6	4.0000	73742	71634	2.916496	2.844077	78.4379	83.4723	1939.30	1113.81	757	16800	3595	52508	73660	0	82	18	17702	1350	52485	71555	0	79	2.943	2.546	-5.0344	FIXED	a0928cf453ea7c3a7d3e123590f8ed8c2121d7e0	cargo run -p jxl-encoder --release --features 'parallel butteraugli-loop ssim2-loop' --example cjxl_parity_ledger -- --update --image terminal.png --effort 6 --distance 4
terminal.png	screenshot	1646	1062	6	5.0000	64562	62724	3.945827	3.964364	78.8013	79.8971	1631.24	904.76	743	13893	2595	47249	64480	0	82	14	15026	1022	46585	62647	0	77	2.930	-0.468	-1.0959	FIXED	a0928cf453ea7c3a7d3e123590f8ed8c2121d7e0	cargo run -p jxl-encoder --release --features 'parallel butteraugli-loop ssim2-loop' --example cjxl_parity_ledger -- --update --image terminal.png --effort 6 --distance 5
terminal.png	screenshot	1646	1062	6	6.0000	57608	55371	3.818603	3.588743	77.3936	78.8076	928.67	446.73	699	13012	2283	41532	57526	0	82	15	14409	1180	39690	55294	0	77	4.040	6.405	-1.4140	OPEN	f75f71d8c10110941499a241849d8d781fe20ae8	cargo run -p jxl-encoder --release --features 'parallel butteraugli-loop ssim2-loop' --example cjxl_parity_ledger -- --update --image terminal.png --effort 6 --distance 6
terminal.png	screenshot	1646	1062	7	0.2000	86003	201844	0.230749	0.200803	95.8780	96.0836	1122.23	865.77	2770	12173	7379	49797	72119	13794	90	36	24120	2461	175145	201762	0	82	-57.391	14.913	-0.2056	FIXED	a0928cf453ea7c3a7d3e123590f8ed8c2121d7e0	cargo run -p jxl-encoder --release --features 'parallel butteraugli-loop ssim2-loop' --example cjxl_parity_ledger -- --update --image terminal.png --effort 7 --distance 0.2
terminal.png	screenshot	1646	1062	7	0.4000	65529	159459	0.477203	0.365408	95.3108	95.2324	887.35	896.50	2669	10650	4678	33650	51647	13794	88	47	21409	2242	135681	159379	0	80	-58.905	30.595	0.0784	FIXED	a0928cf453ea7c3a7d3e123590f8ed8c2121d7e0	cargo run -p jxl-encoder --release --features 'parallel butteraugli-loop ssim2-loop' --example cjxl_parity_ledger -- --update --image terminal.png --effort 7 --distance 0.4
terminal.png	screenshot	1646	1062	7	0.6000	71555	162603	0.552471	0.591370	94.5840	94.1313	955.56	824.35	2550	10093	4674	40355	57672	13794	89	34	20497	2360	139632	162523	0	80	-55.994	-6.578	0.4527	FIXED	a0928cf453ea7c3a7d3e123590f8ed8c2121d7e0	cargo run -p jxl-encoder --release --features 'parallel butteraugli-loop ssim2-loop' --example cjxl_parity_ledger -- --update --image terminal.png --effort 7 --distance 0.6
terminal.png	screenshot	1646	1062	7	0.8000	68028	147175	0.588685	0.647703	93.9274	93.3343	1664.58	1052.59	2585	12748	4485	34327	54145	13794	89	46	21299	2336	123414	147095	0	80	-53.777	-9.112	0.5931	FIXED	a0928cf453ea7c3a7d3e123590f8ed8c2121d7e0	cargo run -p jxl-encoder --release --features 'parallel butteraugli-loop ssim2-loop' --example cjxl_parity_ledger -- --update --image terminal.png --effort 7 --distance 0.8
terminal.png	screenshot	1646	1062	7	1.0000	63448	134040	0.830829	0.758720	91.7699	92.4770	1861.14	1326.24	2489	12627	4077	30372	49565	13794	89	46	20487	2280	111147	133960	0	80	-52.665	9.504	-0.7070	FIXED	a0928cf453ea7c3a7d3e123590f8ed8c2121d7e0	cargo run -p jxl-encoder --release --features 'parallel butteraugli-loop ssim2-loop' --example cjxl_parity_ledger -- --update --image terminal.png --effort 7 --distance 1
terminal.png	screenshot	1646	1062	7	1.2000	58298	124083	1.094401	0.838638	92.8614	91.7434	1375.74	1027.21	2459	10433	3868	27655	44415	13794	89	36	20051	2423	101493	124003	0	80	-53.017	30.498	1.1180	FIXED	a0928cf453ea7c3a7d3e123590f8ed8c2121d7e0	cargo run -p jxl-encoder --release --features 'parallel butteraugli-loop ssim2-loop' --example cjxl_parity_ledger -- --update --image terminal.png --effort 7 --distance 1.2
terminal.png	screenshot	1646	1062	7	1.4000	56490	114920	1.057996	1.156037	91.2865	90.5666	1023.22	1302.75	2457	11493	3588	25070	42608	13794	88	46	19779	2386	92629	114840	0	80	-50.844	-8.481	0.7199	FIXED	a0928cf453ea7c3a7d3e123590f8ed8c2121d7e0	cargo run -p jxl-encoder --release --features 'parallel butteraugli-loop ssim2-loop' --example cjxl_parity_ledger -- --update --image terminal.png --effort 7 --distance 1.4
terminal.png	screenshot	1646	1062	7	1.6000	54258	109299	1.208022	1.219061	91.6968	90.4272	847.82	647.13	2502	11358	3400	23117	40377	13794	87	35	19548	2035	87605	109223	0	76	-50.358	-0.905	1.2696	FIXED	a0928cf453ea7c3a7d3e123590f8ed8c2121d7e0	cargo run -p jxl-encoder --release --features 'parallel butteraugli-loop ssim2-loop' --example cjxl_parity_ledger -- --update --image terminal.png --effort 7 --distance 1.6
terminal.png	screenshot	1646	1062	7	1.8000	51839	103854	1.261659	1.172216	89.5065	88.7621	1134.91	695.96	2441	10936	3103	21479	37959	13794	86	32	19451	1847	82448	103778	0	76	-50.085	7.630	0.7444	FIXED	a0928cf453ea7c3a7d3e123590f8ed8c2121d7e0	cargo run -p jxl-encoder --release --features 'parallel butteraugli-loop ssim2-loop' --example cjxl_parity_ledger -- --update --image terminal.png --effort 7 --distance 1.8
terminal.png	screenshot	1646	1062	7	2.0000	51092	100048	1.293641	1.400561	88.9321	88.8941	1091.42	760.30	2416	11627	2806	20363	37212	13794	86	34	19501	1837	78600	99972	0	76	-48.933	-7.634	0.0380	FIXED	a0928cf453ea7c3a7d3e123590f8ed8c2121d7e0	cargo run -p jxl-encoder --release --features 'parallel butteraugli-loop ssim2-loop' --example cjxl_parity_ledger -- --update --image terminal.png --effort 7 --distance 2
terminal.png	screenshot	1646	1062	7	2.5000	45678	89652	1.579194	1.623809	89.3022	87.1855	2045.02	1069.76	2287	9432	2461	17619	31799	13794	85	31	18861	1846	68838	89576	0	76	-49.050	-2.748	2.1167	FIXED	a0928cf453ea7c3a7d3e123590f8ed8c2121d7e0	cargo run -p jxl-encoder --release --features 'parallel butteraugli-loop ssim2-loop' --example cjxl_parity_ledger -- --update --image terminal.png --effort 7 --distance 2.5
terminal.png	screenshot	1646	1062	7	3.0000	42953	37645	1.854617	1.871070	87.8793	88.1171	1104.04	1405.68	2290	9078	2082	15625	29075	13794	84	2040	10717	1434	14246	28437	9129	79	14.100	-0.879	-0.2378	FIXED	a0928cf453ea7c3a7d3e123590f8ed8c2121d7e0	cargo run -p jxl-encoder --release --features 'parallel butteraugli-loop ssim2-loop' --example cjxl_parity_ledger -- --update --image terminal.png --effort 7 --distance 3
terminal.png	screenshot	1646	1062	7	4.0000	40536	33536	2.108998	2.169539	83.4860	87.6210	388.82	620.97	2268	9705	1715	12970	26658	13794	84	1943	9843	1003	12216	25005	8452	79	20.873	-2.791	-4.1350	OPEN	1a665af2415ca369afc0364dd7f2fc056588fd79	cargo run -p jxl-encoder --release --features 'parallel butteraugli-loop ssim2-loop' --example cjxl_parity_ledger -- --update --image terminal.png --effort 7 --distance 4
terminal.png	screenshot	1646	1062	7	5.0000	36076	29707	3.166661	2.892457	83.8989	84.3561	758.57	1055.42	2192	7642	1085	11280	22199	13794	83	1889	8286	741	10887	21803	7825	79	21.439	9.480	-0.4572	OPEN	2e3367cff8e08935df16cb1864725be0c6ff3587	cargo run -p jxl-encoder --release --features 'parallel butteraugli-loop ssim2-loop' --example cjxl_parity_ledger -- --update --image terminal.png --effort 7 --distance 5
terminal.png	screenshot	1646	1062	7	6.0000	34900	27112	3.545141	3.228096	81.4828	83.8141	956.51	1161.11	2221	7943	1011	9848	21023	13794	83	1881	7979	779	8976	19615	7418	79	28.725	9.821	-2.3314	OPEN	d8cfece6194339cceace22c2cc1c8d650d589dfc	cargo run -p jxl-encoder --release --features 'parallel butteraugli-loop ssim2-loop' --example cjxl_parity_ledger -- --update --image terminal.png --effort 7 --distance 6
terminal.png	screenshot	1646	1062	8	0.2000	80380	201996	0.229601	0.200803	95.7835	96.0836	3220.34	970.13	2787	12650	6203	44857	66497	13794	89	36	24276	2443	175159	201914	0	82	-60.207	14.342	-0.3002	FIXED	a0928cf453ea7c3a7d3e123590f8ed8c2121d7e0	cargo run -p jxl-encoder --release --features 'parallel butteraugli-loop ssim2-loop' --example cjxl_parity_ledger -- --update --image terminal.png --effort 8 --distance 0.2
terminal.png	screenshot	1646	1062	8	0.4000	61466	159439	0.455083	0.365408	95.1999	95.2324	3523.59	1020.46	2602	10701	4051	30230	47584	13794	88	47	21390	2233	135689	159359	0	80	-61.449	24.541	-0.0325	FIXED	a0928cf453ea7c3a7d3e123590f8ed8c2121d7e0	cargo run -p jxl-encoder --release --features 'parallel butteraugli-loop ssim2-loop' --example cjxl_parity_ledger -- --update --image terminal.png --effort 8 --distance 0.4
terminal.png	screenshot	1646	1062	8	0.6000	65845	67140	0.555726	0.568681	94.2131	94.9895	2884.30	4382.27	2564	10170	4641	34588	51963	13794	88	2225	10369	3179	37014	52787	14268	85	-1.929	-2.278	-0.7765	FIXED	a0928cf453ea7c3a7d3e123590f8ed8c2121d7e0	cargo run -p jxl-encoder --release --features 'parallel butteraugli-loop ssim2-loop' --example cjxl_parity_ledger -- --update --image terminal.png --effort 8 --distance 0.6
terminal.png	screenshot	1646	1062	8	0.8000	63491	61540	0.673427	0.678961	92.0964	94.6020	2524.88	4225.63	2566	12754	4070	30218	49608	13794	89	2275	11114	3016	32001	48406	13049	85	3.170	-0.815	-2.5056	OPEN	18f751fbeefbd1705738abb2e900f5328a5a8ecf	cargo run -p jxl-encoder --release --features 'parallel butteraugli-loop ssim2-loop' --example cjxl_parity_ledger -- --update --image terminal.png --effort 8 --distance 0.8
terminal.png	screenshot	1646	1062	8	1.0000	57058	93240	1.174915	0.752878	92.6595	94.3070	3933.67	4844.93	2494	11359	3770	25553	43176	13794	88	2278	9925	4912	63361	80476	12677	87	-38.805	56.056	-1.6475	FIXED	a0928cf453ea7c3a7d3e123590f8ed8c2121d7e0	cargo run -p jxl-encoder --release --features 'parallel butteraugli-loop ssim2-loop' --example cjxl_parity_ledger -- --update --image terminal.png --effort 8 --distance 1
terminal.png	screenshot	1646	1062	8	1.2000	53988	89085	1.020109	0.837564	92.1002	94.0457	3129.86	4260.35	2482	10726	3348	23550	40106	13794	88	2238	9890	4858	60041	77027	11971	87	-39.397	21.795	-1.9455	FIXED	a0928cf453ea7c3a7d3e123590f8ed8c2121d7e0	cargo run -p jxl-encoder --release --features 'parallel butteraugli-loop ssim2-loop' --example cjxl_parity_ledger -- --update --image terminal.png --effort 8 --distance 1.2
terminal.png	screenshot	1646	1062	8	1.4000	52437	83044	1.070082	0.937827	90.1451	93.4868	3724.18	4713.21	2486	11946	3315	20809	38556	13794	87	2184	9743	4746	54626	71299	11658	87	-36.856	14.102	-3.3417	FIXED	a0928cf453ea7c3a7d3e123590f8ed8c2121d7e0	cargo run -p jxl-encoder --release --features 'parallel butteraugli-loop ssim2-loop' --example cjxl_parity_ledger -- --update --image terminal.png --effort 8 --distance 1.4
terminal.png	screenshot	1646	1062	8	1.6000	49782	80175	1.203947	1.206615	91.5311	93.0903	3511.09	4242.96	2519	11376	2927	19081	35903	13794	85	2201	9373	4364	52699	68637	11452	86	-37.908	-0.221	-1.5593	FIXED	a0928cf453ea7c3a7d3e123590f8ed8c2121d7e0	cargo run -p jxl-encoder --release --features 'parallel butteraugli-loop ssim2-loop' --example cjxl_parity_ledger -- --update --image terminal.png --effort 8 --distance 1.6
terminal.png	screenshot	1646	1062	8	1.8000	47414	77101	1.333293	1.258361	89.8668	91.7869	2854.93	4880.80	2406	10721	2667	17741	33535	13794	85	2250	9739	4116	50039	66144	10871	86	-38.504	5.955	-1.9201	FIXED	a0928cf453ea7c3a7d3e123590f8ed8c2121d7e0	cargo run -p jxl-encoder --release --features 'parallel butteraugli-loop ssim2-loop' --example cjxl_parity_ledger -- --update --image terminal.png --effort 8 --distance 1.8
terminal.png	screenshot	1646	1062	8	2.0000	46268	72953	1.378774	1.328329	88.6446	92.5029	3638.49	4862.01	2417	11227	2528	16218	32390	13794	84	2251	9288	3639	47163	62341	10526	86	-36.578	3.798	-3.8584	FIXED	a0928cf453ea7c3a7d3e123590f8ed8c2121d7e0	cargo run -p jxl-encoder --release --features 'parallel butteraugli-loop ssim2-loop' --example cjxl_parity_ledger -- --update --image terminal.png --effort 8 --distance 2
terminal.png	screenshot	1646	1062	8	2.5000	41982	66882	1.783582	1.768235	88.1205	90.6235	3569.77	5088.97	2388	9672	2081	13964	28105	13794	83	2204	9085	3144	42882	57315	9481	86	-37.230	0.868	-2.5030	FIXED	a0928cf453ea7c3a7d3e123590f8ed8c2121d7e0	cargo run -p jxl-encoder --release --features 'parallel butteraugli-loop ssim2-loop' --example cjxl_parity_ledger -- --update --image terminal.png --effort 8 --distance 2.5
terminal.png	screenshot	1646	1062	8	3.0000	39873	63243	2.206965	1.911429	86.5027	88.1755	2965.56	3259.26	2285	9287	1744	12680	25996	13794	83	2244	10067	3028	39028	54367	8791	85	-36.953	15.462	-1.6728	FIXED	a0928cf453ea7c3a7d3e123590f8ed8c2121d7e0	cargo run -p jxl-encoder --release --features 'parallel butteraugli-loop ssim2-loop' --example cjxl_parity_ledger -- --update --image terminal.png --effort 8 --distance 3
terminal.png	screenshot	1646	1062	8	4.0000	37374	56066	2.682863	2.517885	82.3408	87.5455	6499.67	5025.02	2296	9693	1425	10083	23497	13794	83	2191	8987	2151	34598	47927	8054	85	-33.339	6.552	-5.2047	FIXED	a0928cf453ea7c3a7d3e123590f8ed8c2121d7e0	cargo run -p jxl-encoder --release --features 'parallel butteraugli-loop ssim2-loop' --example cjxl_parity_ledger -- --update --image terminal.png --effort 8 --distance 4
terminal.png	screenshot	1646	1062	8	5.0000	32967	49504	3.438840	3.237579	81.8044	84.4242	6509.37	4940.34	2184	7322	862	8722	19090	13794	83	2083	8187	1622	30049	41941	7479	84	-33.405	6.216	-2.6197	FIXED	a0928cf453ea7c3a7d3e123590f8ed8c2121d7e0	cargo run -p jxl-encoder --release --features 'parallel butteraugli-loop ssim2-loop' --example cjxl_parity_ledger -- --update --image terminal.png --effort 8 --distance 5
terminal.png	screenshot	1646	1062	8	6.0000	32782	46597	3.610360	3.834849	80.4934	83.6675	5504.33	4674.74	2187	8662	806	7251	18906	13794	82	2011	8003	1580	27899	39493	7020	84	-29.648	-5.854	-3.1742	FIXED	a0928cf453ea7c3a7d3e123590f8ed8c2121d7e0	cargo run -p jxl-encoder --release --features 'parallel butteraugli-loop ssim2-loop' --example cjxl_parity_ledger -- --update --image terminal.png --effort 8 --distance 6
terminal.png	screenshot	1646	1062	9	0.2000	74594	201780	0.204885	0.200803	95.8272	96.0836	4353.02	1095.51	2845	12511	3481	41874	60711	13794	89	36	24060	2443	175159	201698	0	82	-63.032	2.033	-0.2564	FIXED	a0928cf453ea7c3a7d3e123590f8ed8c2121d7e0	cargo run -p jxl-encoder --release --features 'parallel butteraugli-loop ssim2-loop' --example cjxl_parity_ledger -- --update --image terminal.png --effort 9 --distance 0.2
terminal.png	screenshot	1646	1062	9	0.4000	59617	159194	0.394380	0.365408	95.2228	95.2324	4407.78	998.21	2831	10499	3283	29122	45735	13794	88	47	21145	2233	135689	159114	0	80	-62.551	7.929	-0.0095	FIXED	a0928cf453ea7c3a7d3e123590f8ed8c2121d7e0	cargo run -p jxl-encoder --release --features 'parallel butteraugli-loop ssim2-loop' --example cjxl_parity_ledger -- --update --image terminal.png --effort 9 --distance 0.4
terminal.png	screenshot	1646	1062	9	0.6000	64823	66494	0.555726	0.568681	94.2131	95.0034	5116.17	6981.00	2584	10093	3580	34684	50941	13794	88	2237	10225	2819	37040	52321	14088	85	-2.513	-2.278	-0.7904	FIXED	a0928cf453ea7c3a7d3e123590f8ed8c2121d7e0	cargo run -p jxl-encoder --release --features 'parallel butteraugli-loop ssim2-loop' --example cjxl_parity_ledger -- --update --image terminal.png --effort 9 --distance 0.6
terminal.png	screenshot	1646	1062	9	0.8000	62370	60946	0.673427	0.678961	92.0964	94.6020	5300.23	6839.56	2571	12685	3456	29775	48487	13794	89	2364	10809	2736	32023	47932	12929	85	2.336	-0.815	-2.5056	FIXED	a0928cf453ea7c3a7d3e123590f8ed8c2121d7e0	cargo run -p jxl-encoder --release --features 'parallel butteraugli-loop ssim2-loop' --example cjxl_parity_ledger -- --update --image terminal.png --effort 9 --distance 0.8
terminal.png	screenshot	1646	1062	9	1.0000	57636	56088	0.818166	0.747229	92.6499	94.1561	4910.40	7139.91	2675	11227	4592	25260	43754	13794	88	2359	10587	2573	27983	43502	12501	85	2.760	9.493	-1.5062	FIXED	a0928cf453ea7c3a7d3e123590f8ed8c2121d7e0	cargo run -p jxl-encoder --release --features 'parallel butteraugli-loop ssim2-loop' --example cjxl_parity_ledger -- --update --image terminal.png --effort 9 --distance 1
terminal.png	screenshot	1646	1062	9	1.2000	54339	88047	1.020109	0.993203	92.1002	93.8648	4343.16	6623.57	2591	10586	4008	23272	40457	13794	88	2330	9222	3769	60749	76070	11890	87	-38.284	2.709	-1.7647	FIXED	a0928cf453ea7c3a7d3e123590f8ed8c2121d7e0	cargo run -p jxl-encoder --release --features 'parallel butteraugli-loop ssim2-loop' --example cjxl_parity_ledger -- --update --image terminal.png --effort 9 --distance 1.2
terminal.png	screenshot	1646	1062	9	1.4000	52692	82333	1.070082	0.937827	90.1451	93.4920	4418.16	5475.46	2588	11774	3946	20503	38811	13794	87	2302	9339	3868	55194	70703	11543	87	-36.001	14.102	-3.3469	FIXED	a0928cf453ea7c3a7d3e123590f8ed8c2121d7e0	cargo run -p jxl-encoder --release --features 'parallel butteraugli-loop ssim2-loop' --example cjxl_parity_ledger -- --update --image terminal.png --effort 9 --distance 1.4
terminal.png	screenshot	1646	1062	9	1.6000	49921	79496	1.203947	1.206615	91.5311	93.1172	4720.47	6821.40	2464	11272	3416	18890	36042	13794	85	2308	8919	3402	53482	68111	11299	86	-37.203	-0.221	-1.5862	FIXED	a0928cf453ea7c3a7d3e123590f8ed8c2121d7e0	cargo run -p jxl-encoder --release --features 'parallel butteraugli-loop ssim2-loop' --example cjxl_parity_ledger -- --update --image terminal.png --effort 9 --distance 1.6
terminal.png	screenshot	1646	1062	9	1.8000	47701	76805	1.333293	1.258361	89.8668	91.8034	5356.73	7545.69	2604	10515	3133	17570	33822	13794	85	2378	9272	3339	50962	65951	10768	86	-37.893	5.955	-1.9366	FIXED	a0928cf453ea7c3a7d3e123590f8ed8c2121d7e0	cargo run -p jxl-encoder --release --features 'parallel butteraugli-loop ssim2-loop' --example cjxl_parity_ledger -- --update --image terminal.png --effort 9 --distance 1.8
terminal.png	screenshot	1646	1062	9	2.0000	46408	72293	1.378774	1.337711	88.6446	92.3884	5576.60	6757.88	2581	11023	2874	16052	32530	13794	84	2306	8680	2965	47790	61741	10466	86	-35.806	3.070	-3.7438	FIXED	a0928cf453ea7c3a7d3e123590f8ed8c2121d7e0	cargo run -p jxl-encoder --release --features 'parallel butteraugli-loop ssim2-loop' --example cjxl_parity_ledger -- --update --image terminal.png --effort 9 --distance 2
terminal.png	screenshot	1646	1062	9	2.5000	42078	66678	1.783582	1.768239	88.1205	90.6407	4415.86	5119.97	2496	9488	2339	13878	28201	13794	83	2277	8558	2614	43789	57238	9354	86	-36.894	0.868	-2.5201	FIXED	a0928cf453ea7c3a7d3e123590f8ed8c2121d7e0	cargo run -p jxl-encoder --release --features 'parallel butteraugli-loop ssim2-loop' --example cjxl_parity_ledger -- --update --image terminal.png --effort 9 --distance 2.5
terminal.png	screenshot	1646	1062	9	3.0000	39979	63281	2.206965	1.911431	86.5027	88.1966	4370.56	7466.98	2496	9060	1970	12576	26102	13794	83	2429	9517	2596	39927	54469	8727	85	-36.823	15.461	-1.6939	FIXED	a0928cf453ea7c3a7d3e123590f8ed8c2121d7e0	cargo run -p jxl-encoder --release --features 'parallel butteraugli-loop ssim2-loop' --example cjxl_parity_ledger -- --update --image terminal.png --effort 9 --distance 3
terminal.png	screenshot	1646	1062	9	4.0000	37405	56011	2.682863	2.518214	82.3408	87.5710	8986.23	8058.12	2398	9526	1574	10030	23528	13794	83	2264	8514	1758	35485	48021	7905	85	-33.218	6.538	-5.2302	FIXED	a0928cf453ea7c3a7d3e123590f8ed8c2121d7e0	cargo run -p jxl-encoder --release --features 'parallel butteraugli-loop ssim2-loop' --example cjxl_parity_ledger -- --update --image terminal.png --effort 9 --distance 4
terminal.png	screenshot	1646	1062	9	5.0000	33048	49697	3.438840	3.217788	81.8044	83.0632	8515.03	5955.04	2322	7234	935	8680	19171	13794	83	2151	7719	1386	30899	42155	7458	84	-33.501	6.870	-1.2588	FIXED	a0928cf453ea7c3a7d3e123590f8ed8c2121d7e0	cargo run -p jxl-encoder --release --features 'parallel butteraugli-loop ssim2-loop' --example cjxl_parity_ledger -- --update --image terminal.png --effort 9 --distance 5
terminal.png	screenshot	1646	1062	9	6.0000	32776	46713	3.610360	3.834849	80.4934	83.7182	8467.30	6318.60	2333	8494	841	7232	18900	13794	82	2117	7401	1467	28752	39737	6892	84	-29.835	-5.854	-3.2248	FIXED	a0928cf453ea7c3a7d3e123590f8ed8c2121d7e0	cargo run -p jxl-encoder --release --features 'parallel butteraugli-loop ssim2-loop' --example cjxl_parity_ledger -- --update --image terminal.png --effort 9 --distance 6
