image	class	width	height	strategy	effort	distance	ours_bytes	cjxl_bytes	ours_ssim2	cjxl_ssim2	ours_bfly	cjxl_bfly	ours_ms	cjxl_ms	delta_bytes_pct	delta_ssim2	delta_bfly_pct	delta_ms_pct	status	commit	reproducer
1025469	cid22	512	512	zenjxl	5	0.2500	104912	105188	95.0271	95.0106	0.456639	0.474602	221.388	102.717	-0.262	0.0165	-3.785	115.532	OK	89e3c405809a53c2872179d05bda80a69503b2fb	cargo run -p jxl-encoder --release --features 'parallel butteraugli-loop ssim2-loop' --example w44_170_cjxl_step025_sweep -- --image 1025469 --effort 5 --distance-min 0.25 --distance-max 0.25 --distance-step 0.25 --strategy zenjxl --corpus-manifest benchmarks/corpora/w44_170_varied_corpus.tsv
1025469	cid22	512	512	zenjxl	5	0.5000	65083	64925	92.4751	92.6115	0.788346	0.782454	160.531	200.332	0.243	-0.1363	0.753	-19.868	OK	89e3c405809a53c2872179d05bda80a69503b2fb	cargo run -p jxl-encoder --release --features 'parallel butteraugli-loop ssim2-loop' --example w44_170_cjxl_step025_sweep -- --image 1025469 --effort 5 --distance-min 0.5 --distance-max 0.5 --distance-step 0.5 --strategy zenjxl --corpus-manifest benchmarks/corpora/w44_170_varied_corpus.tsv
1025469	cid22	512	512	zenjxl	5	0.7500	46799	46861	89.9236	90.0620	1.052177	1.065347	149.524	211.026	-0.132	-0.1384	-1.236	-29.144	OK	89e3c405809a53c2872179d05bda80a69503b2fb	cargo run -p jxl-encoder --release --features 'parallel butteraugli-loop ssim2-loop' --example w44_170_cjxl_step025_sweep -- --image 1025469 --effort 5 --distance-min 0.75 --distance-max 0.75 --distance-step 0.75 --strategy zenjxl --corpus-manifest benchmarks/corpora/w44_170_varied_corpus.tsv
1025469	cid22	512	512	zenjxl	5	1.0000	38082	38010	87.7939	88.1120	1.411649	1.408793	134.716	211.066	0.189	-0.3181	0.203	-36.174	OK	89e3c405809a53c2872179d05bda80a69503b2fb	cargo run -p jxl-encoder --release --features 'parallel butteraugli-loop ssim2-loop' --example w44_170_cjxl_step025_sweep -- --image 1025469 --effort 5 --distance-min 1 --distance-max 1 --distance-step 1 --strategy zenjxl --corpus-manifest benchmarks/corpora/w44_170_varied_corpus.tsv
1025469	cid22	512	512	zenjxl	5	1.2500	33199	32392	85.0040	85.2468	1.764337	1.744497	168.182	361.934	2.491	-0.2428	1.137	-53.532	OK	89e3c405809a53c2872179d05bda80a69503b2fb	cargo run -p jxl-encoder --release --features 'parallel butteraugli-loop ssim2-loop' --example w44_170_cjxl_step025_sweep -- --image 1025469 --effort 5 --distance-min 1.25 --distance-max 1.25 --distance-step 1.25 --strategy zenjxl --corpus-manifest benchmarks/corpora/w44_170_varied_corpus.tsv
1025469	cid22	512	512	zenjxl	5	1.5000	28256	28125	82.9238	82.9948	1.799329	1.917103	239.740	321.837	0.466	-0.0710	-6.143	-25.509	OK	89e3c405809a53c2872179d05bda80a69503b2fb	cargo run -p jxl-encoder --release --features 'parallel butteraugli-loop ssim2-loop' --example w44_170_cjxl_step025_sweep -- --image 1025469 --effort 5 --distance-min 1.5 --distance-max 1.5 --distance-step 1.5 --strategy zenjxl --corpus-manifest benchmarks/corpora/w44_170_varied_corpus.tsv
1025469	cid22	512	512	zenjxl	5	1.7500	25309	24982	80.5259	80.6089	2.195234	2.150725	132.901	274.988	1.309	-0.0830	2.069	-51.670	OK	89e3c405809a53c2872179d05bda80a69503b2fb	cargo run -p jxl-encoder --release --features 'parallel butteraugli-loop ssim2-loop' --example w44_170_cjxl_step025_sweep -- --image 1025469 --effort 5 --distance-min 1.75 --distance-max 1.75 --distance-step 1.75 --strategy zenjxl --corpus-manifest benchmarks/corpora/w44_170_varied_corpus.tsv
1025469	cid22	512	512	zenjxl	5	2.0000	22702	22414	78.3599	78.4570	2.336859	2.011266	145.547	128.841	1.285	-0.0970	16.188	12.967	OK	89e3c405809a53c2872179d05bda80a69503b2fb	cargo run -p jxl-encoder --release --features 'parallel butteraugli-loop ssim2-loop' --example w44_170_cjxl_step025_sweep -- --image 1025469 --effort 5 --distance-min 2 --distance-max 2 --distance-step 2 --strategy zenjxl --corpus-manifest benchmarks/corpora/w44_170_varied_corpus.tsv
1025469	cid22	512	512	zenjxl	5	2.2500	20610	20345	76.9345	76.5707	2.369181	2.348611	136.852	176.444	1.303	0.3638	0.876	-22.439	OK	89e3c405809a53c2872179d05bda80a69503b2fb	cargo run -p jxl-encoder --release --features 'parallel butteraugli-loop ssim2-loop' --example w44_170_cjxl_step025_sweep -- --image 1025469 --effort 5 --distance-min 2.25 --distance-max 2.25 --distance-step 2.25 --strategy zenjxl --corpus-manifest benchmarks/corpora/w44_170_varied_corpus.tsv
1025469	cid22	512	512	zenjxl	5	2.5000	18879	18758	74.5227	74.5766	2.677547	2.610239	105.024	288.188	0.645	-0.0538	2.579	-63.557	OK	89e3c405809a53c2872179d05bda80a69503b2fb	cargo run -p jxl-encoder --release --features 'parallel butteraugli-loop ssim2-loop' --example w44_170_cjxl_step025_sweep -- --image 1025469 --effort 5 --distance-min 2.5 --distance-max 2.5 --distance-step 2.5 --strategy zenjxl --corpus-manifest benchmarks/corpora/w44_170_varied_corpus.tsv
1025469	cid22	512	512	zenjxl	5	2.7500	17259	17361	72.8211	73.1971	2.666425	2.653853	125.628	252.924	-0.588	-0.3760	0.474	-50.330	OK	89e3c405809a53c2872179d05bda80a69503b2fb	cargo run -p jxl-encoder --release --features 'parallel butteraugli-loop ssim2-loop' --example w44_170_cjxl_step025_sweep -- --image 1025469 --effort 5 --distance-min 2.75 --distance-max 2.75 --distance-step 2.75 --strategy zenjxl --corpus-manifest benchmarks/corpora/w44_170_varied_corpus.tsv
1025469	cid22	512	512	zenjxl	5	3.0000	16121	16129	70.6548	70.9480	2.672928	2.784935	139.101	261.709	-0.050	-0.2932	-4.022	-46.849	OK	89e3c405809a53c2872179d05bda80a69503b2fb	cargo run -p jxl-encoder --release --features 'parallel butteraugli-loop ssim2-loop' --example w44_170_cjxl_step025_sweep -- --image 1025469 --effort 5 --distance-min 3 --distance-max 3 --distance-step 3 --strategy zenjxl --corpus-manifest benchmarks/corpora/w44_170_varied_corpus.tsv
1025469	cid22	512	512	zenjxl	5	3.2500	15370	15027	69.1921	69.6711	3.033911	3.073701	133.447	263.073	2.283	-0.4790	-1.295	-49.274	OK	89e3c405809a53c2872179d05bda80a69503b2fb	cargo run -p jxl-encoder --release --features 'parallel butteraugli-loop ssim2-loop' --example w44_170_cjxl_step025_sweep -- --image 1025469 --effort 5 --distance-min 3.25 --distance-max 3.25 --distance-step 3.25 --strategy zenjxl --corpus-manifest benchmarks/corpora/w44_170_varied_corpus.tsv
1025469	cid22	512	512	zenjxl	5	3.5000	14589	14022	66.9595	67.3118	3.267365	3.364668	130.096	403.243	4.044	-0.3523	-2.892	-67.738	OK	89e3c405809a53c2872179d05bda80a69503b2fb	cargo run -p jxl-encoder --release --features 'parallel butteraugli-loop ssim2-loop' --example w44_170_cjxl_step025_sweep -- --image 1025469 --effort 5 --distance-min 3.5 --distance-max 3.5 --distance-step 3.5 --strategy zenjxl --corpus-manifest benchmarks/corpora/w44_170_varied_corpus.tsv
1025469	cid22	512	512	zenjxl	5	3.7500	13303	13345	65.4357	65.7148	3.907452	4.058726	141.862	321.696	-0.315	-0.2791	-3.727	-55.902	OK	89e3c405809a53c2872179d05bda80a69503b2fb	cargo run -p jxl-encoder --release --features 'parallel butteraugli-loop ssim2-loop' --example w44_170_cjxl_step025_sweep -- --image 1025469 --effort 5 --distance-min 3.75 --distance-max 3.75 --distance-step 3.75 --strategy zenjxl --corpus-manifest benchmarks/corpora/w44_170_varied_corpus.tsv
1025469	cid22	512	512	zenjxl	5	4.0000	13047	12579	61.1442	61.6473	3.733186	4.092271	146.889	81.164	3.720	-0.5031	-8.775	80.978	OK	89e3c405809a53c2872179d05bda80a69503b2fb	cargo run -p jxl-encoder --release --features 'parallel butteraugli-loop ssim2-loop' --example w44_170_cjxl_step025_sweep -- --image 1025469 --effort 5 --distance-min 4 --distance-max 4 --distance-step 4 --strategy zenjxl --corpus-manifest benchmarks/corpora/w44_170_varied_corpus.tsv
1025469	cid22	512	512	zenjxl	5	4.2500	12329	12165	59.0398	58.4967	4.209891	4.215300	147.469	171.290	1.348	0.5431	-0.128	-13.907	OK	89e3c405809a53c2872179d05bda80a69503b2fb	cargo run -p jxl-encoder --release --features 'parallel butteraugli-loop ssim2-loop' --example w44_170_cjxl_step025_sweep -- --image 1025469 --effort 5 --distance-min 4.25 --distance-max 4.25 --distance-step 4.25 --strategy zenjxl --corpus-manifest benchmarks/corpora/w44_170_varied_corpus.tsv
1025469	cid22	512	512	zenjxl	5	4.5000	11401	11494	57.1413	57.1050	4.555559	4.584764	116.448	345.027	-0.809	0.0363	-0.637	-66.249	OK	89e3c405809a53c2872179d05bda80a69503b2fb	cargo run -p jxl-encoder --release --features 'parallel butteraugli-loop ssim2-loop' --example w44_170_cjxl_step025_sweep -- --image 1025469 --effort 5 --distance-min 4.5 --distance-max 4.5 --distance-step 4.5 --strategy zenjxl --corpus-manifest benchmarks/corpora/w44_170_varied_corpus.tsv
1025469	cid22	512	512	zenjxl	5	4.7500	10946	11069	55.2332	55.5459	4.044147	4.245601	170.094	194.036	-1.111	-0.3127	-4.745	-12.339	OK	89e3c405809a53c2872179d05bda80a69503b2fb	cargo run -p jxl-encoder --release --features 'parallel butteraugli-loop ssim2-loop' --example w44_170_cjxl_step025_sweep -- --image 1025469 --effort 5 --distance-min 4.75 --distance-max 4.75 --distance-step 4.75 --strategy zenjxl --corpus-manifest benchmarks/corpora/w44_170_varied_corpus.tsv
1025469	cid22	512	512	zenjxl	5	5.0000	10876	10602	53.9496	54.1524	4.297359	4.276909	154.624	325.725	2.584	-0.2028	0.478	-52.529	OK	89e3c405809a53c2872179d05bda80a69503b2fb	cargo run -p jxl-encoder --release --features 'parallel butteraugli-loop ssim2-loop' --example w44_170_cjxl_step025_sweep -- --image 1025469 --effort 5 --distance-min 5 --distance-max 5 --distance-step 5 --strategy zenjxl --corpus-manifest benchmarks/corpora/w44_170_varied_corpus.tsv
1025469	cid22	512	512	zenjxl	6	0.2500	104244	104549	95.0805	95.0520	0.456648	0.476807	283.627	349.368	-0.292	0.0284	-4.228	-18.817	OK	89e3c405809a53c2872179d05bda80a69503b2fb	cargo run -p jxl-encoder --release --features 'parallel butteraugli-loop ssim2-loop' --example w44_170_cjxl_step025_sweep -- --image 1025469 --effort 6 --distance-min 0.25 --distance-max 0.25 --distance-step 0.25 --strategy zenjxl --corpus-manifest benchmarks/corpora/w44_170_varied_corpus.tsv
1025469	cid22	512	512	zenjxl	6	0.5000	64453	64270	92.4978	92.6206	0.788372	0.793367	231.281	374.342	0.285	-0.1227	-0.630	-38.217	OK	89e3c405809a53c2872179d05bda80a69503b2fb	cargo run -p jxl-encoder --release --features 'parallel butteraugli-loop ssim2-loop' --example w44_170_cjxl_step025_sweep -- --image 1025469 --effort 6 --distance-min 0.5 --distance-max 0.5 --distance-step 0.5 --strategy zenjxl --corpus-manifest benchmarks/corpora/w44_170_varied_corpus.tsv
1025469	cid22	512	512	zenjxl	6	0.7500	46852	46493	90.0578	90.1102	1.047894	1.059710	311.535	375.750	0.772	-0.0524	-1.115	-17.090	OK	89e3c405809a53c2872179d05bda80a69503b2fb	cargo run -p jxl-encoder --release --features 'parallel butteraugli-loop ssim2-loop' --example w44_170_cjxl_step025_sweep -- --image 1025469 --effort 6 --distance-min 0.75 --distance-max 0.75 --distance-step 0.75 --strategy zenjxl --corpus-manifest benchmarks/corpora/w44_170_varied_corpus.tsv
1025469	cid22	512	512	zenjxl	6	1.0000	38108	37712	87.9075	87.9762	1.365044	1.366720	386.224	169.739	1.050	-0.0687	-0.123	127.540	OK	89e3c405809a53c2872179d05bda80a69503b2fb	cargo run -p jxl-encoder --release --features 'parallel butteraugli-loop ssim2-loop' --example w44_170_cjxl_step025_sweep -- --image 1025469 --effort 6 --distance-min 1 --distance-max 1 --distance-step 1 --strategy zenjxl --corpus-manifest benchmarks/corpora/w44_170_varied_corpus.tsv
1025469	cid22	512	512	zenjxl	6	1.2500	32608	32053	85.3058	85.8598	1.747223	1.713493	301.647	442.108	1.732	-0.5540	1.969	-31.771	OK	89e3c405809a53c2872179d05bda80a69503b2fb	cargo run -p jxl-encoder --release --features 'parallel butteraugli-loop ssim2-loop' --example w44_170_cjxl_step025_sweep -- --image 1025469 --effort 6 --distance-min 1.25 --distance-max 1.25 --distance-step 1.25 --strategy zenjxl --corpus-manifest benchmarks/corpora/w44_170_varied_corpus.tsv
1025469	cid22	512	512	zenjxl	6	1.5000	28490	27950	83.2121	83.6026	1.800259	1.820519	265.536	487.104	1.932	-0.3905	-1.113	-45.487	OK	89e3c405809a53c2872179d05bda80a69503b2fb	cargo run -p jxl-encoder --release --features 'parallel butteraugli-loop ssim2-loop' --example w44_170_cjxl_step025_sweep -- --image 1025469 --effort 6 --distance-min 1.5 --distance-max 1.5 --distance-step 1.5 --strategy zenjxl --corpus-manifest benchmarks/corpora/w44_170_varied_corpus.tsv
1025469	cid22	512	512	zenjxl	6	1.7500	25142	25104	81.0425	81.1703	2.040579	1.949419	287.843	445.215	0.151	-0.1278	4.676	-35.347	OK	89e3c405809a53c2872179d05bda80a69503b2fb	cargo run -p jxl-encoder --release --features 'parallel butteraugli-loop ssim2-loop' --example w44_170_cjxl_step025_sweep -- --image 1025469 --effort 6 --distance-min 1.75 --distance-max 1.75 --distance-step 1.75 --strategy zenjxl --corpus-manifest benchmarks/corpora/w44_170_varied_corpus.tsv
1025469	cid22	512	512	zenjxl	6	2.0000	23197	22757	78.9254	79.4072	2.147048	2.086534	336.852	455.606	1.933	-0.4818	2.900	-26.065	OK	89e3c405809a53c2872179d05bda80a69503b2fb	cargo run -p jxl-encoder --release --features 'parallel butteraugli-loop ssim2-loop' --example w44_170_cjxl_step025_sweep -- --image 1025469 --effort 6 --distance-min 2 --distance-max 2 --distance-step 2 --strategy zenjxl --corpus-manifest benchmarks/corpora/w44_170_varied_corpus.tsv
1025469	cid22	512	512	zenjxl	6	2.2500	21003	20707	77.4448	77.2829	2.248271	2.282180	291.798	359.658	1.429	0.1619	-1.486	-18.868	OK	89e3c405809a53c2872179d05bda80a69503b2fb	cargo run -p jxl-encoder --release --features 'parallel butteraugli-loop ssim2-loop' --example w44_170_cjxl_step025_sweep -- --image 1025469 --effort 6 --distance-min 2.25 --distance-max 2.25 --distance-step 2.25 --strategy zenjxl --corpus-manifest benchmarks/corpora/w44_170_varied_corpus.tsv
1025469	cid22	512	512	zenjxl	6	2.5000	19289	19166	75.3965	75.8907	2.507401	2.577095	354.644	549.054	0.642	-0.4942	-2.704	-35.408	OK	89e3c405809a53c2872179d05bda80a69503b2fb	cargo run -p jxl-encoder --release --features 'parallel butteraugli-loop ssim2-loop' --example w44_170_cjxl_step025_sweep -- --image 1025469 --effort 6 --distance-min 2.5 --distance-max 2.5 --distance-step 2.5 --strategy zenjxl --corpus-manifest benchmarks/corpora/w44_170_varied_corpus.tsv
1025469	cid22	512	512	zenjxl	6	2.7500	17688	17703	73.7838	74.0126	2.589142	2.861882	295.691	488.426	-0.085	-0.2288	-9.530	-39.460	OK	89e3c405809a53c2872179d05bda80a69503b2fb	cargo run -p jxl-encoder --release --features 'parallel butteraugli-loop ssim2-loop' --example w44_170_cjxl_step025_sweep -- --image 1025469 --effort 6 --distance-min 2.75 --distance-max 2.75 --distance-step 2.75 --strategy zenjxl --corpus-manifest benchmarks/corpora/w44_170_varied_corpus.tsv
1025469	cid22	512	512	zenjxl	6	3.0000	16663	16590	71.6956	72.4091	2.946602	2.817091	258.780	277.540	0.440	-0.7136	4.597	-6.759	OK	89e3c405809a53c2872179d05bda80a69503b2fb	cargo run -p jxl-encoder --release --features 'parallel butteraugli-loop ssim2-loop' --example w44_170_cjxl_step025_sweep -- --image 1025469 --effort 6 --distance-min 3 --distance-max 3 --distance-step 3 --strategy zenjxl --corpus-manifest benchmarks/corpora/w44_170_varied_corpus.tsv
1025469	cid22	512	512	zenjxl	6	3.2500	16068	15468	70.1347	70.7780	3.162543	3.091045	301.350	302.997	3.879	-0.6434	2.313	-0.544	OK	89e3c405809a53c2872179d05bda80a69503b2fb	cargo run -p jxl-encoder --release --features 'parallel butteraugli-loop ssim2-loop' --example w44_170_cjxl_step025_sweep -- --image 1025469 --effort 6 --distance-min 3.25 --distance-max 3.25 --distance-step 3.25 --strategy zenjxl --corpus-manifest benchmarks/corpora/w44_170_varied_corpus.tsv
1025469	cid22	512	512	zenjxl	6	3.5000	15110	14629	68.2441	68.5716	3.331236	3.282840	253.824	408.379	3.288	-0.3275	1.474	-37.846	OK	89e3c405809a53c2872179d05bda80a69503b2fb	cargo run -p jxl-encoder --release --features 'parallel butteraugli-loop ssim2-loop' --example w44_170_cjxl_step025_sweep -- --image 1025469 --effort 6 --distance-min 3.5 --distance-max 3.5 --distance-step 3.5 --strategy zenjxl --corpus-manifest benchmarks/corpora/w44_170_varied_corpus.tsv
1025469	cid22	512	512	zenjxl	6	3.7500	13949	13858	66.7936	67.1739	3.953279	4.042705	232.890	138.775	0.657	-0.3802	-2.212	67.818	OK	89e3c405809a53c2872179d05bda80a69503b2fb	cargo run -p jxl-encoder --release --features 'parallel butteraugli-loop ssim2-loop' --example w44_170_cjxl_step025_sweep -- --image 1025469 --effort 6 --distance-min 3.75 --distance-max 3.75 --distance-step 3.75 --strategy zenjxl --corpus-manifest benchmarks/corpora/w44_170_varied_corpus.tsv
1025469	cid22	512	512	zenjxl	6	4.0000	13615	13362	65.2679	65.5965	3.910554	3.258872	455.778	460.938	1.893	-0.3286	19.997	-1.119	OK	89e3c405809a53c2872179d05bda80a69503b2fb	cargo run -p jxl-encoder --release --features 'parallel butteraugli-loop ssim2-loop' --example w44_170_cjxl_step025_sweep -- --image 1025469 --effort 6 --distance-min 4 --distance-max 4 --distance-step 4 --strategy zenjxl --corpus-manifest benchmarks/corpora/w44_170_varied_corpus.tsv
1025469	cid22	512	512	zenjxl	6	4.2500	13072	12962	62.9574	62.4246	3.885719	3.848171	432.332	337.236	0.849	0.5328	0.976	28.199	OK	89e3c405809a53c2872179d05bda80a69503b2fb	cargo run -p jxl-encoder --release --features 'parallel butteraugli-loop ssim2-loop' --example w44_170_cjxl_step025_sweep -- --image 1025469 --effort 6 --distance-min 4.25 --distance-max 4.25 --distance-step 4.25 --strategy zenjxl --corpus-manifest benchmarks/corpora/w44_170_varied_corpus.tsv
1025469	cid22	512	512	zenjxl	6	4.5000	12132	12256	61.0547	61.2129	3.964927	4.013964	516.798	518.449	-1.012	-0.1581	-1.222	-0.319	OK	89e3c405809a53c2872179d05bda80a69503b2fb	cargo run -p jxl-encoder --release --features 'parallel butteraugli-loop ssim2-loop' --example w44_170_cjxl_step025_sweep -- --image 1025469 --effort 6 --distance-min 4.5 --distance-max 4.5 --distance-step 4.5 --strategy zenjxl --corpus-manifest benchmarks/corpora/w44_170_varied_corpus.tsv
1025469	cid22	512	512	zenjxl	6	4.7500	11451	11538	59.3365	59.4798	3.854400	4.094131	356.498	194.857	-0.754	-0.1434	-5.855	82.953	OK	89e3c405809a53c2872179d05bda80a69503b2fb	cargo run -p jxl-encoder --release --features 'parallel butteraugli-loop ssim2-loop' --example w44_170_cjxl_step025_sweep -- --image 1025469 --effort 6 --distance-min 4.75 --distance-max 4.75 --distance-step 4.75 --strategy zenjxl --corpus-manifest benchmarks/corpora/w44_170_varied_corpus.tsv
1025469	cid22	512	512	zenjxl	6	5.0000	11384	11043	58.1948	58.0897	4.492110	4.378831	369.330	359.461	3.088	0.1051	2.587	2.746	OK	89e3c405809a53c2872179d05bda80a69503b2fb	cargo run -p jxl-encoder --release --features 'parallel butteraugli-loop ssim2-loop' --example w44_170_cjxl_step025_sweep -- --image 1025469 --effort 6 --distance-min 5 --distance-max 5 --distance-step 5 --strategy zenjxl --corpus-manifest benchmarks/corpora/w44_170_varied_corpus.tsv
1025469	cid22	512	512	zenjxl	7	0.2500	104346	103804	95.0021	95.1515	0.456391	0.448282	293.337	313.150	0.522	-0.1493	1.809	-6.327	OK	89e3c405809a53c2872179d05bda80a69503b2fb	cargo run -p jxl-encoder --release --features 'parallel butteraugli-loop ssim2-loop' --example w44_170_cjxl_step025_sweep -- --image 1025469 --effort 7 --distance-min 0.25 --distance-max 0.25 --distance-step 0.25 --strategy zenjxl --corpus-manifest benchmarks/corpora/w44_170_varied_corpus.tsv
1025469	cid22	512	512	zenjxl	7	0.5000	64366	63906	92.4514	92.8241	0.788385	0.796255	283.162	289.854	0.720	-0.3727	-0.988	-2.309	OK	89e3c405809a53c2872179d05bda80a69503b2fb	cargo run -p jxl-encoder --release --features 'parallel butteraugli-loop ssim2-loop' --example w44_170_cjxl_step025_sweep -- --image 1025469 --effort 7 --distance-min 0.5 --distance-max 0.5 --distance-step 0.5 --strategy zenjxl --corpus-manifest benchmarks/corpora/w44_170_varied_corpus.tsv
1025469	cid22	512	512	zenjxl	7	0.7500	46834	46246	90.0243	90.4790	1.047623	1.040991	265.599	466.870	1.271	-0.4547	0.637	-43.111	OK	89e3c405809a53c2872179d05bda80a69503b2fb	cargo run -p jxl-encoder --release --features 'parallel butteraugli-loop ssim2-loop' --example w44_170_cjxl_step025_sweep -- --image 1025469 --effort 7 --distance-min 0.75 --distance-max 0.75 --distance-step 0.75 --strategy zenjxl --corpus-manifest benchmarks/corpora/w44_170_varied_corpus.tsv
1025469	cid22	512	512	zenjxl	7	1.0000	38086	37644	87.7535	88.3883	1.364795	1.369062	260.786	481.597	1.174	-0.6347	-0.312	-45.850	OK	89e3c405809a53c2872179d05bda80a69503b2fb	cargo run -p jxl-encoder --release --features 'parallel butteraugli-loop ssim2-loop' --example w44_170_cjxl_step025_sweep -- --image 1025469 --effort 7 --distance-min 1 --distance-max 1 --distance-step 1 --strategy zenjxl --corpus-manifest benchmarks/corpora/w44_170_varied_corpus.tsv
1025469	cid22	512	512	zenjxl	7	1.2500	32569	31976	85.5411	85.9675	1.747223	1.713011	237.828	413.612	1.855	-0.4264	1.997	-42.500	OK	89e3c405809a53c2872179d05bda80a69503b2fb	cargo run -p jxl-encoder --release --features 'parallel butteraugli-loop ssim2-loop' --example w44_170_cjxl_step025_sweep -- --image 1025469 --effort 7 --distance-min 1.25 --distance-max 1.25 --distance-step 1.25 --strategy zenjxl --corpus-manifest benchmarks/corpora/w44_170_varied_corpus.tsv
1025469	cid22	512	512	zenjxl	7	1.5000	28459	27917	83.3328	83.4741	1.800259	1.820959	319.225	403.973	1.941	-0.1413	-1.137	-20.979	OK	89e3c405809a53c2872179d05bda80a69503b2fb	cargo run -p jxl-encoder --release --features 'parallel butteraugli-loop ssim2-loop' --example w44_170_cjxl_step025_sweep -- --image 1025469 --effort 7 --distance-min 1.5 --distance-max 1.5 --distance-step 1.5 --strategy zenjxl --corpus-manifest benchmarks/corpora/w44_170_varied_corpus.tsv
1025469	cid22	512	512	zenjxl	7	1.7500	25134	25098	81.2000	81.5178	2.040538	2.001911	237.743	236.864	0.143	-0.3178	1.929	0.371	OK	89e3c405809a53c2872179d05bda80a69503b2fb	cargo run -p jxl-encoder --release --features 'parallel butteraugli-loop ssim2-loop' --example w44_170_cjxl_step025_sweep -- --image 1025469 --effort 7 --distance-min 1.75 --distance-max 1.75 --distance-step 1.75 --strategy zenjxl --corpus-manifest benchmarks/corpora/w44_170_varied_corpus.tsv
1025469	cid22	512	512	zenjxl	7	2.0000	23254	22752	79.2805	79.7261	2.188997	2.113868	262.284	336.354	2.206	-0.4456	3.554	-22.021	OK	89e3c405809a53c2872179d05bda80a69503b2fb	cargo run -p jxl-encoder --release --features 'parallel butteraugli-loop ssim2-loop' --example w44_170_cjxl_step025_sweep -- --image 1025469 --effort 7 --distance-min 2 --distance-max 2 --distance-step 2 --strategy zenjxl --corpus-manifest benchmarks/corpora/w44_170_varied_corpus.tsv
1025469	cid22	512	512	zenjxl	7	2.2500	20671	20739	77.8822	77.9982	2.146094	2.301748	336.556	309.233	-0.328	-0.1160	-6.762	8.836	OK	89e3c405809a53c2872179d05bda80a69503b2fb	cargo run -p jxl-encoder --release --features 'parallel butteraugli-loop ssim2-loop' --example w44_170_cjxl_step025_sweep -- --image 1025469 --effort 7 --distance-min 2.25 --distance-max 2.25 --distance-step 2.25 --strategy zenjxl --corpus-manifest benchmarks/corpora/w44_170_varied_corpus.tsv
1025469	cid22	512	512	zenjxl	7	2.5000	19025	19133	75.8571	76.4092	2.491939	2.577596	323.538	518.526	-0.564	-0.5521	-3.323	-37.604	OK	89e3c405809a53c2872179d05bda80a69503b2fb	cargo run -p jxl-encoder --release --features 'parallel butteraugli-loop ssim2-loop' --example w44_170_cjxl_step025_sweep -- --image 1025469 --effort 7 --distance-min 2.5 --distance-max 2.5 --distance-step 2.5 --strategy zenjxl --corpus-manifest benchmarks/corpora/w44_170_varied_corpus.tsv
1025469	cid22	512	512	zenjxl	7	2.7500	17726	17660	73.8127	74.3796	2.585884	2.931927	323.229	255.524	0.374	-0.5669	-11.803	26.496	OK	89e3c405809a53c2872179d05bda80a69503b2fb	cargo run -p jxl-encoder --release --features 'parallel butteraugli-loop ssim2-loop' --example w44_170_cjxl_step025_sweep -- --image 1025469 --effort 7 --distance-min 2.75 --distance-max 2.75 --distance-step 2.75 --strategy zenjxl --corpus-manifest benchmarks/corpora/w44_170_varied_corpus.tsv
1025469	cid22	512	512	zenjxl	7	3.0000	16615	16641	71.8216	72.7496	2.946118	2.811516	344.135	332.592	-0.156	-0.9279	4.788	3.471	OK	89e3c405809a53c2872179d05bda80a69503b2fb	cargo run -p jxl-encoder --release --features 'parallel butteraugli-loop ssim2-loop' --example w44_170_cjxl_step025_sweep -- --image 1025469 --effort 7 --distance-min 3 --distance-max 3 --distance-step 3 --strategy zenjxl --corpus-manifest benchmarks/corpora/w44_170_varied_corpus.tsv
1025469	cid22	512	512	zenjxl	7	3.2500	15490	15506	70.1498	70.8765	3.163484	3.008577	321.655	443.225	-0.103	-0.7267	5.149	-27.429	OK	89e3c405809a53c2872179d05bda80a69503b2fb	cargo run -p jxl-encoder --release --features 'parallel butteraugli-loop ssim2-loop' --example w44_170_cjxl_step025_sweep -- --image 1025469 --effort 7 --distance-min 3.25 --distance-max 3.25 --distance-step 3.25 --strategy zenjxl --corpus-manifest benchmarks/corpora/w44_170_varied_corpus.tsv
1025469	cid22	512	512	zenjxl	7	3.5000	14501	14611	68.2509	68.7400	3.337041	3.408317	356.024	372.943	-0.753	-0.4891	-2.091	-4.537	OK	89e3c405809a53c2872179d05bda80a69503b2fb	cargo run -p jxl-encoder --release --features 'parallel butteraugli-loop ssim2-loop' --example w44_170_cjxl_step025_sweep -- --image 1025469 --effort 7 --distance-min 3.5 --distance-max 3.5 --distance-step 3.5 --strategy zenjxl --corpus-manifest benchmarks/corpora/w44_170_varied_corpus.tsv
1025469	cid22	512	512	zenjxl	7	3.7500	13937	13912	66.5591	67.5486	3.958718	4.043383	393.608	285.685	0.180	-0.9895	-2.094	37.777	OK	89e3c405809a53c2872179d05bda80a69503b2fb	cargo run -p jxl-encoder --release --features 'parallel butteraugli-loop ssim2-loop' --example w44_170_cjxl_step025_sweep -- --image 1025469 --effort 7 --distance-min 3.75 --distance-max 3.75 --distance-step 3.75 --strategy zenjxl --corpus-manifest benchmarks/corpora/w44_170_varied_corpus.tsv
1025469	cid22	512	512	zenjxl	7	4.0000	13370	13468	65.1417	65.9966	3.909730	3.258871	507.577	383.862	-0.728	-0.8549	19.972	32.229	OK	89e3c405809a53c2872179d05bda80a69503b2fb	cargo run -p jxl-encoder --release --features 'parallel butteraugli-loop ssim2-loop' --example w44_170_cjxl_step025_sweep -- --image 1025469 --effort 7 --distance-min 4 --distance-max 4 --distance-step 4 --strategy zenjxl --corpus-manifest benchmarks/corpora/w44_170_varied_corpus.tsv
1025469	cid22	512	512	zenjxl	7	4.2500	12870	13006	62.4935	62.8993	3.911761	3.848166	471.338	421.263	-1.046	-0.4058	1.653	11.887	OK	89e3c405809a53c2872179d05bda80a69503b2fb	cargo run -p jxl-encoder --release --features 'parallel butteraugli-loop ssim2-loop' --example w44_170_cjxl_step025_sweep -- --image 1025469 --effort 7 --distance-min 4.25 --distance-max 4.25 --distance-step 4.25 --strategy zenjxl --corpus-manifest benchmarks/corpora/w44_170_varied_corpus.tsv
1025469	cid22	512	512	zenjxl	7	4.5000	12865	12317	60.8121	61.3462	3.964747	4.013973	545.990	561.480	4.449	-0.5341	-1.226	-2.759	OK	89e3c405809a53c2872179d05bda80a69503b2fb	cargo run -p jxl-encoder --release --features 'parallel butteraugli-loop ssim2-loop' --example w44_170_cjxl_step025_sweep -- --image 1025469 --effort 7 --distance-min 4.5 --distance-max 4.5 --distance-step 4.5 --strategy zenjxl --corpus-manifest benchmarks/corpora/w44_170_varied_corpus.tsv
1025469	cid22	512	512	zenjxl	7	4.7500	11586	11602	59.0940	59.7920	3.853225	4.086818	374.558	439.082	-0.138	-0.6979	-5.716	-14.695	OK	89e3c405809a53c2872179d05bda80a69503b2fb	cargo run -p jxl-encoder --release --features 'parallel butteraugli-loop ssim2-loop' --example w44_170_cjxl_step025_sweep -- --image 1025469 --effort 7 --distance-min 4.75 --distance-max 4.75 --distance-step 4.75 --strategy zenjxl --corpus-manifest benchmarks/corpora/w44_170_varied_corpus.tsv
1025469	cid22	512	512	zenjxl	7	5.0000	11146	11126	57.8358	58.4299	4.499226	4.378831	447.723	462.719	0.180	-0.5941	2.749	-3.241	OK	89e3c405809a53c2872179d05bda80a69503b2fb	cargo run -p jxl-encoder --release --features 'parallel butteraugli-loop ssim2-loop' --example w44_170_cjxl_step025_sweep -- --image 1025469 --effort 7 --distance-min 5 --distance-max 5 --distance-step 5 --strategy zenjxl --corpus-manifest benchmarks/corpora/w44_170_varied_corpus.tsv
1025469	cid22	512	512	zenjxl	8	0.2500	104398	104045	94.8643	95.0203	0.380636	0.351855	1128.192	1185.683	0.339	-0.1560	8.180	-4.849	OK	89e3c405809a53c2872179d05bda80a69503b2fb	cargo run -p jxl-encoder --release --features 'parallel butteraugli-loop ssim2-loop' --example w44_170_cjxl_step025_sweep -- --image 1025469 --effort 8 --distance-min 0.25 --distance-max 0.25 --distance-step 0.25 --strategy zenjxl --corpus-manifest benchmarks/corpora/w44_170_varied_corpus.tsv
1025469	cid22	512	512	zenjxl	8	0.5000	62460	62520	92.3583	92.5854	0.727548	0.736082	1475.488	1588.177	-0.096	-0.2272	-1.159	-7.096	OK	89e3c405809a53c2872179d05bda80a69503b2fb	cargo run -p jxl-encoder --release --features 'parallel butteraugli-loop ssim2-loop' --example w44_170_cjxl_step025_sweep -- --image 1025469 --effort 8 --distance-min 0.5 --distance-max 0.5 --distance-step 0.5 --strategy zenjxl --corpus-manifest benchmarks/corpora/w44_170_varied_corpus.tsv
1025469	cid22	512	512	zenjxl	8	0.7500	44535	44473	89.8250	90.1579	1.034903	0.968725	923.098	1168.844	0.139	-0.3328	6.831	-21.025	OK	89e3c405809a53c2872179d05bda80a69503b2fb	cargo run -p jxl-encoder --release --features 'parallel butteraugli-loop ssim2-loop' --example w44_170_cjxl_step025_sweep -- --image 1025469 --effort 8 --distance-min 0.75 --distance-max 0.75 --distance-step 0.75 --strategy zenjxl --corpus-manifest benchmarks/corpora/w44_170_varied_corpus.tsv
1025469	cid22	512	512	zenjxl	8	1.0000	35873	35747	87.3552	87.9377	1.178900	1.187872	1118.209	1664.074	0.352	-0.5825	-0.755	-32.803	OK	89e3c405809a53c2872179d05bda80a69503b2fb	cargo run -p jxl-encoder --release --features 'parallel butteraugli-loop ssim2-loop' --example w44_170_cjxl_step025_sweep -- --image 1025469 --effort 8 --distance-min 1 --distance-max 1 --distance-step 1 --strategy zenjxl --corpus-manifest benchmarks/corpora/w44_170_varied_corpus.tsv
1025469	cid22	512	512	zenjxl	8	1.2500	30349	30251	84.8611	85.2604	1.535062	1.533757	1394.723	1499.970	0.324	-0.3993	0.085	-7.017	OK	89e3c405809a53c2872179d05bda80a69503b2fb	cargo run -p jxl-encoder --release --features 'parallel butteraugli-loop ssim2-loop' --example w44_170_cjxl_step025_sweep -- --image 1025469 --effort 8 --distance-min 1.25 --distance-max 1.25 --distance-step 1.25 --strategy zenjxl --corpus-manifest benchmarks/corpora/w44_170_varied_corpus.tsv
1025469	cid22	512	512	zenjxl	8	1.5000	26106	26398	82.4401	82.5557	1.820701	1.827328	1300.938	1635.464	-1.106	-0.1156	-0.363	-20.455	OK	89e3c405809a53c2872179d05bda80a69503b2fb	cargo run -p jxl-encoder --release --features 'parallel butteraugli-loop ssim2-loop' --example w44_170_cjxl_step025_sweep -- --image 1025469 --effort 8 --distance-min 1.5 --distance-max 1.5 --distance-step 1.5 --strategy zenjxl --corpus-manifest benchmarks/corpora/w44_170_varied_corpus.tsv
1025469	cid22	512	512	zenjxl	8	1.7500	23100	23565	80.3133	80.7589	1.902556	1.894651	1192.480	1629.285	-1.973	-0.4456	0.417	-26.810	OK	89e3c405809a53c2872179d05bda80a69503b2fb	cargo run -p jxl-encoder --release --features 'parallel butteraugli-loop ssim2-loop' --example w44_170_cjxl_step025_sweep -- --image 1025469 --effort 8 --distance-min 1.75 --distance-max 1.75 --distance-step 1.75 --strategy zenjxl --corpus-manifest benchmarks/corpora/w44_170_varied_corpus.tsv
1025469	cid22	512	512	zenjxl	8	2.0000	21092	21120	78.5585	78.8512	2.066167	2.080526	1109.950	1312.017	-0.133	-0.2927	-0.690	-15.401	OK	89e3c405809a53c2872179d05bda80a69503b2fb	cargo run -p jxl-encoder --release --features 'parallel butteraugli-loop ssim2-loop' --example w44_170_cjxl_step025_sweep -- --image 1025469 --effort 8 --distance-min 2 --distance-max 2 --distance-step 2 --strategy zenjxl --corpus-manifest benchmarks/corpora/w44_170_varied_corpus.tsv
1025469	cid22	512	512	zenjxl	8	2.2500	18668	19201	76.4774	76.5175	2.386338	2.495846	1449.928	1519.918	-2.776	-0.0401	-4.388	-4.605	OK	89e3c405809a53c2872179d05bda80a69503b2fb	cargo run -p jxl-encoder --release --features 'parallel butteraugli-loop ssim2-loop' --example w44_170_cjxl_step025_sweep -- --image 1025469 --effort 8 --distance-min 2.25 --distance-max 2.25 --distance-step 2.25 --strategy zenjxl --corpus-manifest benchmarks/corpora/w44_170_varied_corpus.tsv
1025469	cid22	512	512	zenjxl	8	2.5000	17248	17763	74.3199	74.6049	2.589925	2.604743	1235.537	1657.413	-2.899	-0.2850	-0.569	-25.454	OK	89e3c405809a53c2872179d05bda80a69503b2fb	cargo run -p jxl-encoder --release --features 'parallel butteraugli-loop ssim2-loop' --example w44_170_cjxl_step025_sweep -- --image 1025469 --effort 8 --distance-min 2.5 --distance-max 2.5 --distance-step 2.5 --strategy zenjxl --corpus-manifest benchmarks/corpora/w44_170_varied_corpus.tsv
1025469	cid22	512	512	zenjxl	8	2.7500	15909	16371	72.2277	73.0236	2.999498	2.741898	1107.887	1601.101	-2.822	-0.7960	9.395	-30.805	OK	89e3c405809a53c2872179d05bda80a69503b2fb	cargo run -p jxl-encoder --release --features 'parallel butteraugli-loop ssim2-loop' --example w44_170_cjxl_step025_sweep -- --image 1025469 --effort 8 --distance-min 2.75 --distance-max 2.75 --distance-step 2.75 --strategy zenjxl --corpus-manifest benchmarks/corpora/w44_170_varied_corpus.tsv
1025469	cid22	512	512	zenjxl	8	3.0000	14890	15328	69.6399	70.2919	3.094816	2.912284	1493.933	1796.003	-2.858	-0.6520	6.268	-16.819	OK	89e3c405809a53c2872179d05bda80a69503b2fb	cargo run -p jxl-encoder --release --features 'parallel butteraugli-loop ssim2-loop' --example w44_170_cjxl_step025_sweep -- --image 1025469 --effort 8 --distance-min 3 --distance-max 3 --distance-step 3 --strategy zenjxl --corpus-manifest benchmarks/corpora/w44_170_varied_corpus.tsv
1025469	cid22	512	512	zenjxl	8	3.2500	13843	14400	68.1021	68.5847	3.297858	3.018332	1115.762	1463.714	-3.868	-0.4826	9.261	-23.772	OK	89e3c405809a53c2872179d05bda80a69503b2fb	cargo run -p jxl-encoder --release --features 'parallel butteraugli-loop ssim2-loop' --example w44_170_cjxl_step025_sweep -- --image 1025469 --effort 8 --distance-min 3.25 --distance-max 3.25 --distance-step 3.25 --strategy zenjxl --corpus-manifest benchmarks/corpora/w44_170_varied_corpus.tsv
1025469	cid22	512	512	zenjxl	8	3.5000	12999	13496	66.0378	66.8476	3.827174	4.081243	1375.356	1565.134	-3.683	-0.8098	-6.225	-12.125	OK	89e3c405809a53c2872179d05bda80a69503b2fb	cargo run -p jxl-encoder --release --features 'parallel butteraugli-loop ssim2-loop' --example w44_170_cjxl_step025_sweep -- --image 1025469 --effort 8 --distance-min 3.5 --distance-max 3.5 --distance-step 3.5 --strategy zenjxl --corpus-manifest benchmarks/corpora/w44_170_varied_corpus.tsv
1025469	cid22	512	512	zenjxl	8	3.7500	12347	12772	63.4972	64.5859	4.113312	4.077169	1083.116	1630.546	-3.328	-1.0886	0.886	-33.573	OK	89e3c405809a53c2872179d05bda80a69503b2fb	cargo run -p jxl-encoder --release --features 'parallel butteraugli-loop ssim2-loop' --example w44_170_cjxl_step025_sweep -- --image 1025469 --effort 8 --distance-min 3.75 --distance-max 3.75 --distance-step 3.75 --strategy zenjxl --corpus-manifest benchmarks/corpora/w44_170_varied_corpus.tsv
1025469	cid22	512	512	zenjxl	8	4.0000	11749	12256	62.6040	63.2345	3.820097	4.090178	1522.452	1596.370	-4.137	-0.6304	-6.603	-4.630	OK	89e3c405809a53c2872179d05bda80a69503b2fb	cargo run -p jxl-encoder --release --features 'parallel butteraugli-loop ssim2-loop' --example w44_170_cjxl_step025_sweep -- --image 1025469 --effort 8 --distance-min 4 --distance-max 4 --distance-step 4 --strategy zenjxl --corpus-manifest benchmarks/corpora/w44_170_varied_corpus.tsv
1025469	cid22	512	512	zenjxl	8	4.2500	11366	11975	60.1171	60.7758	3.948114	4.150997	1602.962	1738.805	-5.086	-0.6587	-4.888	-7.812	OK	89e3c405809a53c2872179d05bda80a69503b2fb	cargo run -p jxl-encoder --release --features 'parallel butteraugli-loop ssim2-loop' --example w44_170_cjxl_step025_sweep -- --image 1025469 --effort 8 --distance-min 4.25 --distance-max 4.25 --distance-step 4.25 --strategy zenjxl --corpus-manifest benchmarks/corpora/w44_170_varied_corpus.tsv
1025469	cid22	512	512	zenjxl	8	4.5000	11353	11491	58.4992	58.7454	4.332329	4.343229	1495.288	1675.086	-1.201	-0.2462	-0.251	-10.734	OK	89e3c405809a53c2872179d05bda80a69503b2fb	cargo run -p jxl-encoder --release --features 'parallel butteraugli-loop ssim2-loop' --example w44_170_cjxl_step025_sweep -- --image 1025469 --effort 8 --distance-min 4.5 --distance-max 4.5 --distance-step 4.5 --strategy zenjxl --corpus-manifest benchmarks/corpora/w44_170_varied_corpus.tsv
1025469	cid22	512	512	zenjxl	8	4.7500	10145	10508	56.2185	57.0361	4.436712	4.592836	1413.681	2040.193	-3.455	-0.8176	-3.399	-30.708	OK	89e3c405809a53c2872179d05bda80a69503b2fb	cargo run -p jxl-encoder --release --features 'parallel butteraugli-loop ssim2-loop' --example w44_170_cjxl_step025_sweep -- --image 1025469 --effort 8 --distance-min 4.75 --distance-max 4.75 --distance-step 4.75 --strategy zenjxl --corpus-manifest benchmarks/corpora/w44_170_varied_corpus.tsv
1025469	cid22	512	512	zenjxl	8	5.0000	9634	10157	54.5896	55.1601	4.444746	4.571290	1450.699	2110.778	-5.149	-0.5705	-2.768	-31.272	OK	89e3c405809a53c2872179d05bda80a69503b2fb	cargo run -p jxl-encoder --release --features 'parallel butteraugli-loop ssim2-loop' --example w44_170_cjxl_step025_sweep -- --image 1025469 --effort 8 --distance-min 5 --distance-max 5 --distance-step 5 --strategy zenjxl --corpus-manifest benchmarks/corpora/w44_170_varied_corpus.tsv
1025469	cid22	512	512	zenjxl	9	0.2500	106079	104325	94.8877	95.0311	0.298012	0.298905	2691.153	2291.776	1.681	-0.1434	-0.299	17.427	OK	89e3c405809a53c2872179d05bda80a69503b2fb	cargo run -p jxl-encoder --release --features 'parallel butteraugli-loop ssim2-loop' --example w44_170_cjxl_step025_sweep -- --image 1025469 --effort 9 --distance-min 0.25 --distance-max 0.25 --distance-step 0.25 --strategy zenjxl --corpus-manifest benchmarks/corpora/w44_170_varied_corpus.tsv
1025469	cid22	512	512	zenjxl	9	0.5000	63381	62716	92.3616	92.5823	0.665244	0.666956	1602.834	2046.681	1.060	-0.2207	-0.257	-21.686	OK	89e3c405809a53c2872179d05bda80a69503b2fb	cargo run -p jxl-encoder --release --features 'parallel butteraugli-loop ssim2-loop' --example w44_170_cjxl_step025_sweep -- --image 1025469 --effort 9 --distance-min 0.5 --distance-max 0.5 --distance-step 0.5 --strategy zenjxl --corpus-manifest benchmarks/corpora/w44_170_varied_corpus.tsv
1025469	cid22	512	512	zenjxl	9	0.7500	45073	44573	89.8409	90.3089	0.927684	0.913588	1499.448	2322.465	1.122	-0.4680	1.543	-35.437	OK	89e3c405809a53c2872179d05bda80a69503b2fb	cargo run -p jxl-encoder --release --features 'parallel butteraugli-loop ssim2-loop' --example w44_170_cjxl_step025_sweep -- --image 1025469 --effort 9 --distance-min 0.75 --distance-max 0.75 --distance-step 0.75 --strategy zenjxl --corpus-manifest benchmarks/corpora/w44_170_varied_corpus.tsv
1025469	cid22	512	512	zenjxl	9	1.0000	36159	35656	87.3564	87.9311	1.143454	1.187872	1541.909	2454.636	1.411	-0.5747	-3.739	-37.184	OK	89e3c405809a53c2872179d05bda80a69503b2fb	cargo run -p jxl-encoder --release --features 'parallel butteraugli-loop ssim2-loop' --example w44_170_cjxl_step025_sweep -- --image 1025469 --effort 9 --distance-min 1 --distance-max 1 --distance-step 1 --strategy zenjxl --corpus-manifest benchmarks/corpora/w44_170_varied_corpus.tsv
1025469	cid22	512	512	zenjxl	9	1.2500	30649	30159	84.8688	85.2589	1.535830	1.533757	1364.413	2215.074	1.625	-0.3901	0.135	-38.403	OK	89e3c405809a53c2872179d05bda80a69503b2fb	cargo run -p jxl-encoder --release --features 'parallel butteraugli-loop ssim2-loop' --example w44_170_cjxl_step025_sweep -- --image 1025469 --effort 9 --distance-min 1.25 --distance-max 1.25 --distance-step 1.25 --strategy zenjxl --corpus-manifest benchmarks/corpora/w44_170_varied_corpus.tsv
1025469	cid22	512	512	zenjxl	9	1.5000	26322	26284	82.4573	82.5756	1.820701	1.827328	2093.937	2530.251	0.145	-0.1184	-0.363	-17.244	OK	89e3c405809a53c2872179d05bda80a69503b2fb	cargo run -p jxl-encoder --release --features 'parallel butteraugli-loop ssim2-loop' --example w44_170_cjxl_step025_sweep -- --image 1025469 --effort 9 --distance-min 1.5 --distance-max 1.5 --distance-step 1.5 --strategy zenjxl --corpus-manifest benchmarks/corpora/w44_170_varied_corpus.tsv
1025469	cid22	512	512	zenjxl	9	1.7500	23216	23483	80.3133	80.7589	1.902556	1.894651	2241.749	2441.383	-1.137	-0.4456	0.417	-8.177	OK	89e3c405809a53c2872179d05bda80a69503b2fb	cargo run -p jxl-encoder --release --features 'parallel butteraugli-loop ssim2-loop' --example w44_170_cjxl_step025_sweep -- --image 1025469 --effort 9 --distance-min 1.75 --distance-max 1.75 --distance-step 1.75 --strategy zenjxl --corpus-manifest benchmarks/corpora/w44_170_varied_corpus.tsv
1025469	cid22	512	512	zenjxl	9	2.0000	21131	21008	78.5006	78.8558	2.073131	2.075254	2068.039	2323.021	0.585	-0.3552	-0.102	-10.976	OK	89e3c405809a53c2872179d05bda80a69503b2fb	cargo run -p jxl-encoder --release --features 'parallel butteraugli-loop ssim2-loop' --example w44_170_cjxl_step025_sweep -- --image 1025469 --effort 9 --distance-min 2 --distance-max 2 --distance-step 2 --strategy zenjxl --corpus-manifest benchmarks/corpora/w44_170_varied_corpus.tsv
1025469	cid22	512	512	zenjxl	9	2.2500	18765	19108	76.4774	76.5175	2.386338	2.495846	2018.145	1485.250	-1.795	-0.0401	-4.388	35.879	OK	89e3c405809a53c2872179d05bda80a69503b2fb	cargo run -p jxl-encoder --release --features 'parallel butteraugli-loop ssim2-loop' --example w44_170_cjxl_step025_sweep -- --image 1025469 --effort 9 --distance-min 2.25 --distance-max 2.25 --distance-step 2.25 --strategy zenjxl --corpus-manifest benchmarks/corpora/w44_170_varied_corpus.tsv
1025469	cid22	512	512	zenjxl	9	2.5000	17261	17694	74.3199	74.6049	2.589925	2.604743	1976.715	2195.948	-2.447	-0.2850	-0.569	-9.984	OK	89e3c405809a53c2872179d05bda80a69503b2fb	cargo run -p jxl-encoder --release --features 'parallel butteraugli-loop ssim2-loop' --example w44_170_cjxl_step025_sweep -- --image 1025469 --effort 9 --distance-min 2.5 --distance-max 2.5 --distance-step 2.5 --strategy zenjxl --corpus-manifest benchmarks/corpora/w44_170_varied_corpus.tsv
1025469	cid22	512	512	zenjxl	9	2.7500	16000	16272	72.2354	73.0236	2.711185	2.741898	2038.302	2384.834	-1.672	-0.7882	-1.120	-14.531	OK	89e3c405809a53c2872179d05bda80a69503b2fb	cargo run -p jxl-encoder --release --features 'parallel butteraugli-loop ssim2-loop' --example w44_170_cjxl_step025_sweep -- --image 1025469 --effort 9 --distance-min 2.75 --distance-max 2.75 --distance-step 2.75 --strategy zenjxl --corpus-manifest benchmarks/corpora/w44_170_varied_corpus.tsv
1025469	cid22	512	512	zenjxl	9	3.0000	14925	15346	69.6399	70.3009	3.094816	2.912284	1713.108	2352.187	-2.743	-0.6610	6.268	-27.170	OK	89e3c405809a53c2872179d05bda80a69503b2fb	cargo run -p jxl-encoder --release --features 'parallel butteraugli-loop ssim2-loop' --example w44_170_cjxl_step025_sweep -- --image 1025469 --effort 9 --distance-min 3 --distance-max 3 --distance-step 3 --strategy zenjxl --corpus-manifest benchmarks/corpora/w44_170_varied_corpus.tsv
1025469	cid22	512	512	zenjxl	9	3.2500	13848	14399	68.1021	68.5831	3.297858	3.018332	1991.464	2271.413	-3.827	-0.4811	9.261	-12.325	OK	89e3c405809a53c2872179d05bda80a69503b2fb	cargo run -p jxl-encoder --release --features 'parallel butteraugli-loop ssim2-loop' --example w44_170_cjxl_step025_sweep -- --image 1025469 --effort 9 --distance-min 3.25 --distance-max 3.25 --distance-step 3.25 --strategy zenjxl --corpus-manifest benchmarks/corpora/w44_170_varied_corpus.tsv
1025469	cid22	512	512	zenjxl	9	3.5000	12970	13495	66.0378	66.8500	3.827174	4.081243	2148.322	2313.930	-3.890	-0.8121	-6.225	-7.157	OK	89e3c405809a53c2872179d05bda80a69503b2fb	cargo run -p jxl-encoder --release --features 'parallel butteraugli-loop ssim2-loop' --example w44_170_cjxl_step025_sweep -- --image 1025469 --effort 9 --distance-min 3.5 --distance-max 3.5 --distance-step 3.5 --strategy zenjxl --corpus-manifest benchmarks/corpora/w44_170_varied_corpus.tsv
1025469	cid22	512	512	zenjxl	9	3.7500	12301	12736	63.4972	64.5752	4.113312	4.077169	2116.480	2375.335	-3.416	-1.0780	0.886	-10.898	OK	89e3c405809a53c2872179d05bda80a69503b2fb	cargo run -p jxl-encoder --release --features 'parallel butteraugli-loop ssim2-loop' --example w44_170_cjxl_step025_sweep -- --image 1025469 --effort 9 --distance-min 3.75 --distance-max 3.75 --distance-step 3.75 --strategy zenjxl --corpus-manifest benchmarks/corpora/w44_170_varied_corpus.tsv
1025469	cid22	512	512	zenjxl	9	4.0000	11639	12219	62.6040	63.2392	3.820097	4.090178	2533.029	2647.490	-4.747	-0.6352	-6.603	-4.323	OK	89e3c405809a53c2872179d05bda80a69503b2fb	cargo run -p jxl-encoder --release --features 'parallel butteraugli-loop ssim2-loop' --example w44_170_cjxl_step025_sweep -- --image 1025469 --effort 9 --distance-min 4 --distance-max 4 --distance-step 4 --strategy zenjxl --corpus-manifest benchmarks/corpora/w44_170_varied_corpus.tsv
1025469	cid22	512	512	zenjxl	9	4.2500	11350	11932	60.1171	60.7851	3.948114	4.150997	2558.052	2270.651	-4.878	-0.6681	-4.888	12.657	OK	89e3c405809a53c2872179d05bda80a69503b2fb	cargo run -p jxl-encoder --release --features 'parallel butteraugli-loop ssim2-loop' --example w44_170_cjxl_step025_sweep -- --image 1025469 --effort 9 --distance-min 4.25 --distance-max 4.25 --distance-step 4.25 --strategy zenjxl --corpus-manifest benchmarks/corpora/w44_170_varied_corpus.tsv
1025469	cid22	512	512	zenjxl	9	4.5000	11356	11458	58.4992	58.7528	4.332329	4.343229	2283.887	2651.519	-0.890	-0.2536	-0.251	-13.865	OK	89e3c405809a53c2872179d05bda80a69503b2fb	cargo run -p jxl-encoder --release --features 'parallel butteraugli-loop ssim2-loop' --example w44_170_cjxl_step025_sweep -- --image 1025469 --effort 9 --distance-min 4.5 --distance-max 4.5 --distance-step 4.5 --strategy zenjxl --corpus-manifest benchmarks/corpora/w44_170_varied_corpus.tsv
1025469	cid22	512	512	zenjxl	9	4.7500	10076	10465	56.2185	57.0351	4.436712	4.592836	2720.503	2180.296	-3.717	-0.8166	-3.399	24.777	OK	89e3c405809a53c2872179d05bda80a69503b2fb	cargo run -p jxl-encoder --release --features 'parallel butteraugli-loop ssim2-loop' --example w44_170_cjxl_step025_sweep -- --image 1025469 --effort 9 --distance-min 4.75 --distance-max 4.75 --distance-step 4.75 --strategy zenjxl --corpus-manifest benchmarks/corpora/w44_170_varied_corpus.tsv
1025469	cid22	512	512	zenjxl	9	5.0000	9591	10139	54.5896	55.1609	4.444746	4.571290	2946.732	2455.982	-5.405	-0.5713	-2.768	19.982	OK	89e3c405809a53c2872179d05bda80a69503b2fb	cargo run -p jxl-encoder --release --features 'parallel butteraugli-loop ssim2-loop' --example w44_170_cjxl_step025_sweep -- --image 1025469 --effort 9 --distance-min 5 --distance-max 5 --distance-step 5 --strategy zenjxl --corpus-manifest benchmarks/corpora/w44_170_varied_corpus.tsv
1189261	cid22	512	512	zenjxl	5	0.2500	157025	156106	94.0269	93.8851	0.461225	0.543957	216.336	319.358	0.589	0.1418	-15.209	-32.259	OK	89e3c405809a53c2872179d05bda80a69503b2fb	cargo run -p jxl-encoder --release --features 'parallel butteraugli-loop ssim2-loop' --example w44_170_cjxl_step025_sweep -- --image 1189261 --effort 5 --distance-min 0.25 --distance-max 0.25 --distance-step 0.25 --strategy zenjxl --corpus-manifest benchmarks/corpora/w44_170_varied_corpus.tsv
1189261	cid22	512	512	zenjxl	5	0.5000	104911	104752	91.7992	91.6778	0.802410	0.822214	178.389	215.681	0.152	0.1214	-2.409	-17.290	OK	89e3c405809a53c2872179d05bda80a69503b2fb	cargo run -p jxl-encoder --release --features 'parallel butteraugli-loop ssim2-loop' --example w44_170_cjxl_step025_sweep -- --image 1189261 --effort 5 --distance-min 0.5 --distance-max 0.5 --distance-step 0.5 --strategy zenjxl --corpus-manifest benchmarks/corpora/w44_170_varied_corpus.tsv
1189261	cid22	512	512	zenjxl	5	0.7500	78465	78544	88.9759	88.9492	1.097699	1.098248	232.572	265.299	-0.101	0.0267	-0.050	-12.336	OK	89e3c405809a53c2872179d05bda80a69503b2fb	cargo run -p jxl-encoder --release --features 'parallel butteraugli-loop ssim2-loop' --example w44_170_cjxl_step025_sweep -- --image 1189261 --effort 5 --distance-min 0.75 --distance-max 0.75 --distance-step 0.75 --strategy zenjxl --corpus-manifest benchmarks/corpora/w44_170_varied_corpus.tsv
1189261	cid22	512	512	zenjxl	5	1.0000	64789	64584	86.6916	86.6134	1.328577	1.324982	165.384	292.077	0.317	0.0782	0.271	-43.376	OK	89e3c405809a53c2872179d05bda80a69503b2fb	cargo run -p jxl-encoder --release --features 'parallel butteraugli-loop ssim2-loop' --example w44_170_cjxl_step025_sweep -- --image 1189261 --effort 5 --distance-min 1 --distance-max 1 --distance-step 1 --strategy zenjxl --corpus-manifest benchmarks/corpora/w44_170_varied_corpus.tsv
1189261	cid22	512	512	zenjxl	5	1.2500	56433	55217	84.4589	84.4580	1.635182	1.659015	137.996	249.107	2.202	0.0009	-1.437	-44.604	OK	89e3c405809a53c2872179d05bda80a69503b2fb	cargo run -p jxl-encoder --release --features 'parallel butteraugli-loop ssim2-loop' --example w44_170_cjxl_step025_sweep -- --image 1189261 --effort 5 --distance-min 1.25 --distance-max 1.25 --distance-step 1.25 --strategy zenjxl --corpus-manifest benchmarks/corpora/w44_170_varied_corpus.tsv
1189261	cid22	512	512	zenjxl	5	1.5000	48748	48201	82.5470	82.4307	2.334745	2.326470	193.685	260.087	1.135	0.1162	0.356	-25.531	OK	89e3c405809a53c2872179d05bda80a69503b2fb	cargo run -p jxl-encoder --release --features 'parallel butteraugli-loop ssim2-loop' --example w44_170_cjxl_step025_sweep -- --image 1189261 --effort 5 --distance-min 1.5 --distance-max 1.5 --distance-step 1.5 --strategy zenjxl --corpus-manifest benchmarks/corpora/w44_170_varied_corpus.tsv
1189261	cid22	512	512	zenjxl	5	1.7500	44180	43146	80.6358	80.6362	2.259694	2.264630	165.538	333.914	2.397	-0.0004	-0.218	-50.425	OK	89e3c405809a53c2872179d05bda80a69503b2fb	cargo run -p jxl-encoder --release --features 'parallel butteraugli-loop ssim2-loop' --example w44_170_cjxl_step025_sweep -- --image 1189261 --effort 5 --distance-min 1.75 --distance-max 1.75 --distance-step 1.75 --strategy zenjxl --corpus-manifest benchmarks/corpora/w44_170_varied_corpus.tsv
1189261	cid22	512	512	zenjxl	5	2.0000	40000	39009	78.7996	78.7477	2.573416	2.567533	156.435	251.946	2.540	0.0519	0.229	-37.909	OK	89e3c405809a53c2872179d05bda80a69503b2fb	cargo run -p jxl-encoder --release --features 'parallel butteraugli-loop ssim2-loop' --example w44_170_cjxl_step025_sweep -- --image 1189261 --effort 5 --distance-min 2 --distance-max 2 --distance-step 2 --strategy zenjxl --corpus-manifest benchmarks/corpora/w44_170_varied_corpus.tsv
1189261	cid22	512	512	zenjxl	5	2.2500	36347	35760	76.4603	76.4878	2.797687	2.777297	192.660	396.275	1.641	-0.0274	0.734	-51.382	OK	89e3c405809a53c2872179d05bda80a69503b2fb	cargo run -p jxl-encoder --release --features 'parallel butteraugli-loop ssim2-loop' --example w44_170_cjxl_step025_sweep -- --image 1189261 --effort 5 --distance-min 2.25 --distance-max 2.25 --distance-step 2.25 --strategy zenjxl --corpus-manifest benchmarks/corpora/w44_170_varied_corpus.tsv
1189261	cid22	512	512	zenjxl	5	2.5000	33495	32793	74.6235	74.3765	3.002266	2.977139	155.383	352.805	2.141	0.2470	0.844	-55.958	OK	89e3c405809a53c2872179d05bda80a69503b2fb	cargo run -p jxl-encoder --release --features 'parallel butteraugli-loop ssim2-loop' --example w44_170_cjxl_step025_sweep -- --image 1189261 --effort 5 --distance-min 2.5 --distance-max 2.5 --distance-step 2.5 --strategy zenjxl --corpus-manifest benchmarks/corpora/w44_170_varied_corpus.tsv
1189261	cid22	512	512	zenjxl	5	2.7500	32646	30891	72.5082	72.4617	3.074481	2.963587	181.240	300.364	5.681	0.0464	3.742	-39.660	OK	89e3c405809a53c2872179d05bda80a69503b2fb	cargo run -p jxl-encoder --release --features 'parallel butteraugli-loop ssim2-loop' --example w44_170_cjxl_step025_sweep -- --image 1189261 --effort 5 --distance-min 2.75 --distance-max 2.75 --distance-step 2.75 --strategy zenjxl --corpus-manifest benchmarks/corpora/w44_170_varied_corpus.tsv
1189261	cid22	512	512	zenjxl	5	3.0000	30098	28859	70.8996	71.0663	3.113842	3.223667	169.156	206.020	4.293	-0.1667	-3.407	-17.893	OK	89e3c405809a53c2872179d05bda80a69503b2fb	cargo run -p jxl-encoder --release --features 'parallel butteraugli-loop ssim2-loop' --example w44_170_cjxl_step025_sweep -- --image 1189261 --effort 5 --distance-min 3 --distance-max 3 --distance-step 3 --strategy zenjxl --corpus-manifest benchmarks/corpora/w44_170_varied_corpus.tsv
1189261	cid22	512	512	zenjxl	5	3.2500	27513	26778	68.8746	68.7621	3.124563	3.122637	188.351	319.452	2.745	0.1125	0.062	-41.039	OK	89e3c405809a53c2872179d05bda80a69503b2fb	cargo run -p jxl-encoder --release --features 'parallel butteraugli-loop ssim2-loop' --example w44_170_cjxl_step025_sweep -- --image 1189261 --effort 5 --distance-min 3.25 --distance-max 3.25 --distance-step 3.25 --strategy zenjxl --corpus-manifest benchmarks/corpora/w44_170_varied_corpus.tsv
1189261	cid22	512	512	zenjxl	5	3.5000	25969	25371	66.9568	66.9577	3.995946	3.292117	140.856	164.100	2.357	-0.0009	21.379	-14.165	OK	89e3c405809a53c2872179d05bda80a69503b2fb	cargo run -p jxl-encoder --release --features 'parallel butteraugli-loop ssim2-loop' --example w44_170_cjxl_step025_sweep -- --image 1189261 --effort 5 --distance-min 3.5 --distance-max 3.5 --distance-step 3.5 --strategy zenjxl --corpus-manifest benchmarks/corpora/w44_170_varied_corpus.tsv
1189261	cid22	512	512	zenjxl	5	3.7500	24635	24082	66.2015	66.2088	3.734613	3.847719	198.571	407.955	2.296	-0.0073	-2.940	-51.325	OK	89e3c405809a53c2872179d05bda80a69503b2fb	cargo run -p jxl-encoder --release --features 'parallel butteraugli-loop ssim2-loop' --example w44_170_cjxl_step025_sweep -- --image 1189261 --effort 5 --distance-min 3.75 --distance-max 3.75 --distance-step 3.75 --strategy zenjxl --corpus-manifest benchmarks/corpora/w44_170_varied_corpus.tsv
1189261	cid22	512	512	zenjxl	5	4.0000	23397	22811	61.2178	60.8805	4.384778	3.916037	153.234	224.132	2.569	0.3373	11.970	-31.632	OK	89e3c405809a53c2872179d05bda80a69503b2fb	cargo run -p jxl-encoder --release --features 'parallel butteraugli-loop ssim2-loop' --example w44_170_cjxl_step025_sweep -- --image 1189261 --effort 5 --distance-min 4 --distance-max 4 --distance-step 4 --strategy zenjxl --corpus-manifest benchmarks/corpora/w44_170_varied_corpus.tsv
1189261	cid22	512	512	zenjxl	5	4.2500	22333	21773	58.8318	58.9448	4.055614	4.041475	162.315	307.145	2.572	-0.1129	0.350	-47.154	OK	89e3c405809a53c2872179d05bda80a69503b2fb	cargo run -p jxl-encoder --release --features 'parallel butteraugli-loop ssim2-loop' --example w44_170_cjxl_step025_sweep -- --image 1189261 --effort 5 --distance-min 4.25 --distance-max 4.25 --distance-step 4.25 --strategy zenjxl --corpus-manifest benchmarks/corpora/w44_170_varied_corpus.tsv
1189261	cid22	512	512	zenjxl	5	4.5000	21092	20783	57.9496	57.5373	4.885008	4.069977	183.281	214.462	1.487	0.4123	20.025	-14.539	OK	89e3c405809a53c2872179d05bda80a69503b2fb	cargo run -p jxl-encoder --release --features 'parallel butteraugli-loop ssim2-loop' --example w44_170_cjxl_step025_sweep -- --image 1189261 --effort 5 --distance-min 4.5 --distance-max 4.5 --distance-step 4.5 --strategy zenjxl --corpus-manifest benchmarks/corpora/w44_170_varied_corpus.tsv
1189261	cid22	512	512	zenjxl	5	4.7500	20067	19899	56.4278	55.5400	5.133546	5.123033	183.356	242.453	0.844	0.8878	0.205	-24.375	OK	89e3c405809a53c2872179d05bda80a69503b2fb	cargo run -p jxl-encoder --release --features 'parallel butteraugli-loop ssim2-loop' --example w44_170_cjxl_step025_sweep -- --image 1189261 --effort 5 --distance-min 4.75 --distance-max 4.75 --distance-step 4.75 --strategy zenjxl --corpus-manifest benchmarks/corpora/w44_170_varied_corpus.tsv
1189261	cid22	512	512	zenjxl	5	5.0000	19239	19021	55.4232	54.5609	5.017675	4.982890	119.552	382.513	1.146	0.8624	0.698	-68.746	OK	89e3c405809a53c2872179d05bda80a69503b2fb	cargo run -p jxl-encoder --release --features 'parallel butteraugli-loop ssim2-loop' --example w44_170_cjxl_step025_sweep -- --image 1189261 --effort 5 --distance-min 5 --distance-max 5 --distance-step 5 --strategy zenjxl --corpus-manifest benchmarks/corpora/w44_170_varied_corpus.tsv
1189261	cid22	512	512	zenjxl	6	0.2500	156558	155682	94.0594	93.8620	0.461226	0.544073	411.542	466.265	0.563	0.1975	-15.227	-11.736	OK	89e3c405809a53c2872179d05bda80a69503b2fb	cargo run -p jxl-encoder --release --features 'parallel butteraugli-loop ssim2-loop' --example w44_170_cjxl_step025_sweep -- --image 1189261 --effort 6 --distance-min 0.25 --distance-max 0.25 --distance-step 0.25 --strategy zenjxl --corpus-manifest benchmarks/corpora/w44_170_varied_corpus.tsv
1189261	cid22	512	512	zenjxl	6	0.5000	104546	104058	91.8167	91.5303	0.802411	0.823767	325.078	325.031	0.469	0.2864	-2.592	0.015	OK	89e3c405809a53c2872179d05bda80a69503b2fb	cargo run -p jxl-encoder --release --features 'parallel butteraugli-loop ssim2-loop' --example w44_170_cjxl_step025_sweep -- --image 1189261 --effort 6 --distance-min 0.5 --distance-max 0.5 --distance-step 0.5 --strategy zenjxl --corpus-manifest benchmarks/corpora/w44_170_varied_corpus.tsv
1189261	cid22	512	512	zenjxl	6	0.7500	78205	78303	89.0094	89.0429	1.099730	1.105418	327.069	570.872	-0.125	-0.0335	-0.514	-42.707	OK	89e3c405809a53c2872179d05bda80a69503b2fb	cargo run -p jxl-encoder --release --features 'parallel butteraugli-loop ssim2-loop' --example w44_170_cjxl_step025_sweep -- --image 1189261 --effort 6 --distance-min 0.75 --distance-max 0.75 --distance-step 0.75 --strategy zenjxl --corpus-manifest benchmarks/corpora/w44_170_varied_corpus.tsv
1189261	cid22	512	512	zenjxl	6	1.0000	64698	64371	86.6873	86.6801	1.333797	1.206728	337.968	354.405	0.508	0.0072	10.530	-4.638	OK	89e3c405809a53c2872179d05bda80a69503b2fb	cargo run -p jxl-encoder --release --features 'parallel butteraugli-loop ssim2-loop' --example w44_170_cjxl_step025_sweep -- --image 1189261 --effort 6 --distance-min 1 --distance-max 1 --distance-step 1 --strategy zenjxl --corpus-manifest benchmarks/corpora/w44_170_varied_corpus.tsv
1189261	cid22	512	512	zenjxl	6	1.2500	56421	54942	84.4797	84.5604	1.636232	1.671652	292.810	302.446	2.692	-0.0807	-2.119	-3.186	OK	89e3c405809a53c2872179d05bda80a69503b2fb	cargo run -p jxl-encoder --release --features 'parallel butteraugli-loop ssim2-loop' --example w44_170_cjxl_step025_sweep -- --image 1189261 --effort 6 --distance-min 1.25 --distance-max 1.25 --distance-step 1.25 --strategy zenjxl --corpus-manifest benchmarks/corpora/w44_170_varied_corpus.tsv
1189261	cid22	512	512	zenjxl	6	1.5000	48906	48207	82.5682	82.5816	2.320785	2.312575	286.733	195.850	1.450	-0.0134	0.355	46.404	OK	89e3c405809a53c2872179d05bda80a69503b2fb	cargo run -p jxl-encoder --release --features 'parallel butteraugli-loop ssim2-loop' --example w44_170_cjxl_step025_sweep -- --image 1189261 --effort 6 --distance-min 1.5 --distance-max 1.5 --distance-step 1.5 --strategy zenjxl --corpus-manifest benchmarks/corpora/w44_170_varied_corpus.tsv
1189261	cid22	512	512	zenjxl	6	1.7500	43893	43377	80.7266	80.7792	2.204800	2.074194	287.352	369.218	1.190	-0.0526	6.297	-22.173	OK	89e3c405809a53c2872179d05bda80a69503b2fb	cargo run -p jxl-encoder --release --features 'parallel butteraugli-loop ssim2-loop' --example w44_170_cjxl_step025_sweep -- --image 1189261 --effort 6 --distance-min 1.75 --distance-max 1.75 --distance-step 1.75 --strategy zenjxl --corpus-manifest benchmarks/corpora/w44_170_varied_corpus.tsv
1189261	cid22	512	512	zenjxl	6	2.0000	40311	39338	78.8523	78.9832	2.344997	2.329523	293.210	363.929	2.473	-0.1310	0.664	-19.432	OK	89e3c405809a53c2872179d05bda80a69503b2fb	cargo run -p jxl-encoder --release --features 'parallel butteraugli-loop ssim2-loop' --example w44_170_cjxl_step025_sweep -- --image 1189261 --effort 6 --distance-min 2 --distance-max 2 --distance-step 2 --strategy zenjxl --corpus-manifest benchmarks/corpora/w44_170_varied_corpus.tsv
1189261	cid22	512	512	zenjxl	6	2.2500	36768	35947	76.5292	76.6457	2.776674	2.767292	290.545	374.258	2.284	-0.1165	0.339	-22.368	OK	89e3c405809a53c2872179d05bda80a69503b2fb	cargo run -p jxl-encoder --release --features 'parallel butteraugli-loop ssim2-loop' --example w44_170_cjxl_step025_sweep -- --image 1189261 --effort 6 --distance-min 2.25 --distance-max 2.25 --distance-step 2.25 --strategy zenjxl --corpus-manifest benchmarks/corpora/w44_170_varied_corpus.tsv
1189261	cid22	512	512	zenjxl	6	2.5000	33943	33149	74.9200	74.9359	2.812358	2.840825	308.824	375.670	2.395	-0.0159	-1.002	-17.794	OK	89e3c405809a53c2872179d05bda80a69503b2fb	cargo run -p jxl-encoder --release --features 'parallel butteraugli-loop ssim2-loop' --example w44_170_cjxl_step025_sweep -- --image 1189261 --effort 6 --distance-min 2.5 --distance-max 2.5 --distance-step 2.5 --strategy zenjxl --corpus-manifest benchmarks/corpora/w44_170_varied_corpus.tsv
1189261	cid22	512	512	zenjxl	6	2.7500	33377	31085	73.2063	73.4804	2.942756	3.158810	284.626	334.494	7.373	-0.2741	-6.840	-14.908	OK	89e3c405809a53c2872179d05bda80a69503b2fb	cargo run -p jxl-encoder --release --features 'parallel butteraugli-loop ssim2-loop' --example w44_170_cjxl_step025_sweep -- --image 1189261 --effort 6 --distance-min 2.75 --distance-max 2.75 --distance-step 2.75 --strategy zenjxl --corpus-manifest benchmarks/corpora/w44_170_varied_corpus.tsv
1189261	cid22	512	512	zenjxl	6	3.0000	30136	29331	71.6125	72.0091	3.100787	3.187688	349.861	571.834	2.745	-0.3966	-2.726	-38.818	OK	89e3c405809a53c2872179d05bda80a69503b2fb	cargo run -p jxl-encoder --release --features 'parallel butteraugli-loop ssim2-loop' --example w44_170_cjxl_step025_sweep -- --image 1189261 --effort 6 --distance-min 3 --distance-max 3 --distance-step 3 --strategy zenjxl --corpus-manifest benchmarks/corpora/w44_170_varied_corpus.tsv
1189261	cid22	512	512	zenjxl	6	3.2500	28148	27425	69.7337	70.0843	3.756801	3.379906	292.090	332.616	2.636	-0.3506	11.151	-12.184	OK	89e3c405809a53c2872179d05bda80a69503b2fb	cargo run -p jxl-encoder --release --features 'parallel butteraugli-loop ssim2-loop' --example w44_170_cjxl_step025_sweep -- --image 1189261 --effort 6 --distance-min 3.25 --distance-max 3.25 --distance-step 3.25 --strategy zenjxl --corpus-manifest benchmarks/corpora/w44_170_varied_corpus.tsv
1189261	cid22	512	512	zenjxl	6	3.5000	26854	25901	67.8504	67.9456	3.376789	3.423316	295.474	335.897	3.679	-0.0952	-1.359	-12.034	OK	89e3c405809a53c2872179d05bda80a69503b2fb	cargo run -p jxl-encoder --release --features 'parallel butteraugli-loop ssim2-loop' --example w44_170_cjxl_step025_sweep -- --image 1189261 --effort 6 --distance-min 3.5 --distance-max 3.5 --distance-step 3.5 --strategy zenjxl --corpus-manifest benchmarks/corpora/w44_170_varied_corpus.tsv
1189261	cid22	512	512	zenjxl	6	3.7500	25319	24730	67.1770	67.2635	3.815376	3.535205	324.566	488.471	2.382	-0.0864	7.925	-33.555	OK	89e3c405809a53c2872179d05bda80a69503b2fb	cargo run -p jxl-encoder --release --features 'parallel butteraugli-loop ssim2-loop' --example w44_170_cjxl_step025_sweep -- --image 1189261 --effort 6 --distance-min 3.75 --distance-max 3.75 --distance-step 3.75 --strategy zenjxl --corpus-manifest benchmarks/corpora/w44_170_varied_corpus.tsv
1189261	cid22	512	512	zenjxl	6	4.0000	24398	23729	65.5957	65.4771	4.073109	4.387672	503.559	380.749	2.819	0.1186	-7.169	32.255	OK	89e3c405809a53c2872179d05bda80a69503b2fb	cargo run -p jxl-encoder --release --features 'parallel butteraugli-loop ssim2-loop' --example w44_170_cjxl_step025_sweep -- --image 1189261 --effort 6 --distance-min 4 --distance-max 4 --distance-step 4 --strategy zenjxl --corpus-manifest benchmarks/corpora/w44_170_varied_corpus.tsv
1189261	cid22	512	512	zenjxl	6	4.2500	22926	22383	63.4791	62.8542	4.596814	4.638182	411.591	420.549	2.426	0.6250	-0.892	-2.130	OK	89e3c405809a53c2872179d05bda80a69503b2fb	cargo run -p jxl-encoder --release --features 'parallel butteraugli-loop ssim2-loop' --example w44_170_cjxl_step025_sweep -- --image 1189261 --effort 6 --distance-min 4.25 --distance-max 4.25 --distance-step 4.25 --strategy zenjxl --corpus-manifest benchmarks/corpora/w44_170_varied_corpus.tsv
1189261	cid22	512	512	zenjxl	6	4.5000	21695	21363	62.3965	62.1011	4.364551	4.699029	402.468	378.746	1.554	0.2954	-7.118	6.263	OK	89e3c405809a53c2872179d05bda80a69503b2fb	cargo run -p jxl-encoder --release --features 'parallel butteraugli-loop ssim2-loop' --example w44_170_cjxl_step025_sweep -- --image 1189261 --effort 6 --distance-min 4.5 --distance-max 4.5 --distance-step 4.5 --strategy zenjxl --corpus-manifest benchmarks/corpora/w44_170_varied_corpus.tsv
1189261	cid22	512	512	zenjxl	6	4.7500	20534	20220	60.9226	60.5687	4.859214	4.826694	336.724	529.798	1.553	0.3539	0.674	-36.443	OK	89e3c405809a53c2872179d05bda80a69503b2fb	cargo run -p jxl-encoder --release --features 'parallel butteraugli-loop ssim2-loop' --example w44_170_cjxl_step025_sweep -- --image 1189261 --effort 6 --distance-min 4.75 --distance-max 4.75 --distance-step 4.75 --strategy zenjxl --corpus-manifest benchmarks/corpora/w44_170_varied_corpus.tsv
1189261	cid22	512	512	zenjxl	6	5.0000	19706	19457	60.0650	59.8905	4.827559	4.851011	304.212	386.868	1.280	0.1745	-0.483	-21.365	OK	89e3c405809a53c2872179d05bda80a69503b2fb	cargo run -p jxl-encoder --release --features 'parallel butteraugli-loop ssim2-loop' --example w44_170_cjxl_step025_sweep -- --image 1189261 --effort 6 --distance-min 5 --distance-max 5 --distance-step 5 --strategy zenjxl --corpus-manifest benchmarks/corpora/w44_170_varied_corpus.tsv
1189261	cid22	512	512	zenjxl	7	0.2500	161266	160169	94.0865	94.0047	0.464265	0.528268	363.551	419.164	0.685	0.0817	-12.116	-13.268	OK	89e3c405809a53c2872179d05bda80a69503b2fb	cargo run -p jxl-encoder --release --features 'parallel butteraugli-loop ssim2-loop' --example w44_170_cjxl_step025_sweep -- --image 1189261 --effort 7 --distance-min 0.25 --distance-max 0.25 --distance-step 0.25 --strategy zenjxl --corpus-manifest benchmarks/corpora/w44_170_varied_corpus.tsv
1189261	cid22	512	512	zenjxl	7	0.5000	107260	106894	91.7682	91.3892	0.776716	0.778297	217.168	338.331	0.342	0.3790	-0.203	-35.812	OK	89e3c405809a53c2872179d05bda80a69503b2fb	cargo run -p jxl-encoder --release --features 'parallel butteraugli-loop ssim2-loop' --example w44_170_cjxl_step025_sweep -- --image 1189261 --effort 7 --distance-min 0.5 --distance-max 0.5 --distance-step 0.5 --strategy zenjxl --corpus-manifest benchmarks/corpora/w44_170_varied_corpus.tsv
1189261	cid22	512	512	zenjxl	7	0.7500	80223	80133	89.2764	89.2681	1.122549	1.145560	416.413	448.466	0.112	0.0083	-2.009	-7.147	OK	89e3c405809a53c2872179d05bda80a69503b2fb	cargo run -p jxl-encoder --release --features 'parallel butteraugli-loop ssim2-loop' --example w44_170_cjxl_step025_sweep -- --image 1189261 --effort 7 --distance-min 0.75 --distance-max 0.75 --distance-step 0.75 --strategy zenjxl --corpus-manifest benchmarks/corpora/w44_170_varied_corpus.tsv
1189261	cid22	512	512	zenjxl	7	1.0000	66385	65994	86.8700	87.0541	1.356464	1.257007	395.003	408.985	0.592	-0.1841	7.912	-3.419	OK	89e3c405809a53c2872179d05bda80a69503b2fb	cargo run -p jxl-encoder --release --features 'parallel butteraugli-loop ssim2-loop' --example w44_170_cjxl_step025_sweep -- --image 1189261 --effort 7 --distance-min 1 --distance-max 1 --distance-step 1 --strategy zenjxl --corpus-manifest benchmarks/corpora/w44_170_varied_corpus.tsv
1189261	cid22	512	512	zenjxl	7	1.2500	57725	56087	84.7099	84.8539	1.636395	1.646195	356.848	562.909	2.920	-0.1440	-0.595	-36.606	OK	89e3c405809a53c2872179d05bda80a69503b2fb	cargo run -p jxl-encoder --release --features 'parallel butteraugli-loop ssim2-loop' --example w44_170_cjxl_step025_sweep -- --image 1189261 --effort 7 --distance-min 1.25 --distance-max 1.25 --distance-step 1.25 --strategy zenjxl --corpus-manifest benchmarks/corpora/w44_170_varied_corpus.tsv
1189261	cid22	512	512	zenjxl	7	1.5000	49987	49276	82.8104	82.5757	2.320422	2.310601	361.852	561.322	1.443	0.2347	0.425	-35.536	OK	89e3c405809a53c2872179d05bda80a69503b2fb	cargo run -p jxl-encoder --release --features 'parallel butteraugli-loop ssim2-loop' --example w44_170_cjxl_step025_sweep -- --image 1189261 --effort 7 --distance-min 1.5 --distance-max 1.5 --distance-step 1.5 --strategy zenjxl --corpus-manifest benchmarks/corpora/w44_170_varied_corpus.tsv
1189261	cid22	512	512	zenjxl	7	1.7500	44801	44150	81.0787	80.9983	2.204993	2.072364	351.670	585.667	1.475	0.0804	6.400	-39.954	OK	89e3c405809a53c2872179d05bda80a69503b2fb	cargo run -p jxl-encoder --release --features 'parallel butteraugli-loop ssim2-loop' --example w44_170_cjxl_step025_sweep -- --image 1189261 --effort 7 --distance-min 1.75 --distance-max 1.75 --distance-step 1.75 --strategy zenjxl --corpus-manifest benchmarks/corpora/w44_170_varied_corpus.tsv
1189261	cid22	512	512	zenjxl	7	2.0000	41096	40101	78.6701	79.2778	2.345220	2.328590	462.322	411.224	2.481	-0.6077	0.714	12.426	OK	89e3c405809a53c2872179d05bda80a69503b2fb	cargo run -p jxl-encoder --release --features 'parallel butteraugli-loop ssim2-loop' --example w44_170_cjxl_step025_sweep -- --image 1189261 --effort 7 --distance-min 2 --distance-max 2 --distance-step 2 --strategy zenjxl --corpus-manifest benchmarks/corpora/w44_170_varied_corpus.tsv
1189261	cid22	512	512	zenjxl	7	2.2500	37779	36606	76.6510	77.0110	2.777984	2.767582	281.207	386.868	3.204	-0.3600	0.376	-27.312	OK	89e3c405809a53c2872179d05bda80a69503b2fb	cargo run -p jxl-encoder --release --features 'parallel butteraugli-loop ssim2-loop' --example w44_170_cjxl_step025_sweep -- --image 1189261 --effort 7 --distance-min 2.25 --distance-max 2.25 --distance-step 2.25 --strategy zenjxl --corpus-manifest benchmarks/corpora/w44_170_varied_corpus.tsv
1189261	cid22	512	512	zenjxl	7	2.5000	34785	33849	74.8497	75.0126	2.813104	2.844416	415.446	438.390	2.765	-0.1629	-1.101	-5.234	OK	89e3c405809a53c2872179d05bda80a69503b2fb	cargo run -p jxl-encoder --release --features 'parallel butteraugli-loop ssim2-loop' --example w44_170_cjxl_step025_sweep -- --image 1189261 --effort 7 --distance-min 2.5 --distance-max 2.5 --distance-step 2.5 --strategy zenjxl --corpus-manifest benchmarks/corpora/w44_170_varied_corpus.tsv
1189261	cid22	512	512	zenjxl	7	2.7500	31866	31111	72.9408	73.4982	2.940396	3.155940	325.146	502.633	2.427	-0.5574	-6.830	-35.311	OK	89e3c405809a53c2872179d05bda80a69503b2fb	cargo run -p jxl-encoder --release --features 'parallel butteraugli-loop ssim2-loop' --example w44_170_cjxl_step025_sweep -- --image 1189261 --effort 7 --distance-min 2.75 --distance-max 2.75 --distance-step 2.75 --strategy zenjxl --corpus-manifest benchmarks/corpora/w44_170_varied_corpus.tsv
1189261	cid22	512	512	zenjxl	7	3.0000	29920	29197	71.0306	71.8181	3.095165	3.141826	409.501	582.198	2.476	-0.7875	-1.485	-29.663	OK	89e3c405809a53c2872179d05bda80a69503b2fb	cargo run -p jxl-encoder --release --features 'parallel butteraugli-loop ssim2-loop' --example w44_170_cjxl_step025_sweep -- --image 1189261 --effort 7 --distance-min 3 --distance-max 3 --distance-step 3 --strategy zenjxl --corpus-manifest benchmarks/corpora/w44_170_varied_corpus.tsv
1189261	cid22	512	512	zenjxl	7	3.2500	27758	27327	69.2522	70.2115	3.759206	3.329569	423.061	587.760	1.577	-0.9593	12.904	-28.021	OK	89e3c405809a53c2872179d05bda80a69503b2fb	cargo run -p jxl-encoder --release --features 'parallel butteraugli-loop ssim2-loop' --example w44_170_cjxl_step025_sweep -- --image 1189261 --effort 7 --distance-min 3.25 --distance-max 3.25 --distance-step 3.25 --strategy zenjxl --corpus-manifest benchmarks/corpora/w44_170_varied_corpus.tsv
1189261	cid22	512	512	zenjxl	7	3.5000	26747	25950	67.5979	67.9631	3.378841	3.422648	389.059	556.266	3.071	-0.3652	-1.280	-30.059	OK	89e3c405809a53c2872179d05bda80a69503b2fb	cargo run -p jxl-encoder --release --features 'parallel butteraugli-loop ssim2-loop' --example w44_170_cjxl_step025_sweep -- --image 1189261 --effort 7 --distance-min 3.5 --distance-max 3.5 --distance-step 3.5 --strategy zenjxl --corpus-manifest benchmarks/corpora/w44_170_varied_corpus.tsv
1189261	cid22	512	512	zenjxl	7	3.7500	24759	24770	66.4592	66.9803	3.672694	3.485435	415.705	427.794	-0.044	-0.5211	5.373	-2.826	OK	89e3c405809a53c2872179d05bda80a69503b2fb	cargo run -p jxl-encoder --release --features 'parallel butteraugli-loop ssim2-loop' --example w44_170_cjxl_step025_sweep -- --image 1189261 --effort 7 --distance-min 3.75 --distance-max 3.75 --distance-step 3.75 --strategy zenjxl --corpus-manifest benchmarks/corpora/w44_170_varied_corpus.tsv
1189261	cid22	512	512	zenjxl	7	4.0000	24065	23751	65.2256	65.4949	4.074547	3.739074	544.783	479.317	1.322	-0.2693	8.972	13.658	OK	89e3c405809a53c2872179d05bda80a69503b2fb	cargo run -p jxl-encoder --release --features 'parallel butteraugli-loop ssim2-loop' --example w44_170_cjxl_step025_sweep -- --image 1189261 --effort 7 --distance-min 4 --distance-max 4 --distance-step 4 --strategy zenjxl --corpus-manifest benchmarks/corpora/w44_170_varied_corpus.tsv
1189261	cid22	512	512	zenjxl	7	4.2500	22639	22298	62.2951	62.9831	4.187176	4.743655	549.457	233.078	1.529	-0.6879	-11.731	135.739	OK	89e3c405809a53c2872179d05bda80a69503b2fb	cargo run -p jxl-encoder --release --features 'parallel butteraugli-loop ssim2-loop' --example w44_170_cjxl_step025_sweep -- --image 1189261 --effort 7 --distance-min 4.25 --distance-max 4.25 --distance-step 4.25 --strategy zenjxl --corpus-manifest benchmarks/corpora/w44_170_varied_corpus.tsv
1189261	cid22	512	512	zenjxl	7	4.5000	21537	21439	61.9594	62.1254	4.502904	4.720907	400.660	507.395	0.457	-0.1660	-4.618	-21.036	OK	89e3c405809a53c2872179d05bda80a69503b2fb	cargo run -p jxl-encoder --release --features 'parallel butteraugli-loop ssim2-loop' --example w44_170_cjxl_step025_sweep -- --image 1189261 --effort 7 --distance-min 4.5 --distance-max 4.5 --distance-step 4.5 --strategy zenjxl --corpus-manifest benchmarks/corpora/w44_170_varied_corpus.tsv
1189261	cid22	512	512	zenjxl	7	4.7500	20338	20148	60.6828	60.6514	4.858658	4.826694	457.777	376.555	0.943	0.0313	0.662	21.570	OK	89e3c405809a53c2872179d05bda80a69503b2fb	cargo run -p jxl-encoder --release --features 'parallel butteraugli-loop ssim2-loop' --example w44_170_cjxl_step025_sweep -- --image 1189261 --effort 7 --distance-min 4.75 --distance-max 4.75 --distance-step 4.75 --strategy zenjxl --corpus-manifest benchmarks/corpora/w44_170_varied_corpus.tsv
1189261	cid22	512	512	zenjxl	7	5.0000	19548	19385	59.7457	59.3950	4.826821	4.851021	384.666	449.395	0.841	0.3507	-0.499	-14.404	OK	89e3c405809a53c2872179d05bda80a69503b2fb	cargo run -p jxl-encoder --release --features 'parallel butteraugli-loop ssim2-loop' --example w44_170_cjxl_step025_sweep -- --image 1189261 --effort 7 --distance-min 5 --distance-max 5 --distance-step 5 --strategy zenjxl --corpus-manifest benchmarks/corpora/w44_170_varied_corpus.tsv
1189261	cid22	512	512	zenjxl	8	0.2500	165853	165393	94.3180	94.4101	0.326659	0.361159	1402.947	1556.869	0.278	-0.0920	-9.553	-9.887	OK	89e3c405809a53c2872179d05bda80a69503b2fb	cargo run -p jxl-encoder --release --features 'parallel butteraugli-loop ssim2-loop' --example w44_170_cjxl_step025_sweep -- --image 1189261 --effort 8 --distance-min 0.25 --distance-max 0.25 --distance-step 0.25 --strategy zenjxl --corpus-manifest benchmarks/corpora/w44_170_varied_corpus.tsv
1189261	cid22	512	512	zenjxl	8	0.5000	106671	106708	91.7094	91.6024	0.748263	0.745802	1166.722	1454.929	-0.035	0.1070	0.330	-19.809	OK	89e3c405809a53c2872179d05bda80a69503b2fb	cargo run -p jxl-encoder --release --features 'parallel butteraugli-loop ssim2-loop' --example w44_170_cjxl_step025_sweep -- --image 1189261 --effort 8 --distance-min 0.5 --distance-max 0.5 --distance-step 0.5 --strategy zenjxl --corpus-manifest benchmarks/corpora/w44_170_varied_corpus.tsv
1189261	cid22	512	512	zenjxl	8	0.7500	78685	78856	89.1510	89.4826	0.934568	0.864825	1289.410	1693.738	-0.217	-0.3316	8.064	-23.872	OK	89e3c405809a53c2872179d05bda80a69503b2fb	cargo run -p jxl-encoder --release --features 'parallel butteraugli-loop ssim2-loop' --example w44_170_cjxl_step025_sweep -- --image 1189261 --effort 8 --distance-min 0.75 --distance-max 0.75 --distance-step 0.75 --strategy zenjxl --corpus-manifest benchmarks/corpora/w44_170_varied_corpus.tsv
1189261	cid22	512	512	zenjxl	8	1.0000	64513	64415	87.0809	87.1009	1.232544	1.195247	1073.195	1536.155	0.152	-0.0200	3.120	-30.138	OK	89e3c405809a53c2872179d05bda80a69503b2fb	cargo run -p jxl-encoder --release --features 'parallel butteraugli-loop ssim2-loop' --example w44_170_cjxl_step025_sweep -- --image 1189261 --effort 8 --distance-min 1 --distance-max 1 --distance-step 1 --strategy zenjxl --corpus-manifest benchmarks/corpora/w44_170_varied_corpus.tsv
1189261	cid22	512	512	zenjxl	8	1.2500	55840	54225	84.7055	84.7111	1.595675	1.482548	1218.942	1576.773	2.978	-0.0056	7.631	-22.694	OK	89e3c405809a53c2872179d05bda80a69503b2fb	cargo run -p jxl-encoder --release --features 'parallel butteraugli-loop ssim2-loop' --example w44_170_cjxl_step025_sweep -- --image 1189261 --effort 8 --distance-min 1.25 --distance-max 1.25 --distance-step 1.25 --strategy zenjxl --corpus-manifest benchmarks/corpora/w44_170_varied_corpus.tsv
1189261	cid22	512	512	zenjxl	8	1.5000	48364	47719	83.1070	82.9904	1.682086	1.698012	1167.742	1547.139	1.352	0.1166	-0.938	-24.522	OK	89e3c405809a53c2872179d05bda80a69503b2fb	cargo run -p jxl-encoder --release --features 'parallel butteraugli-loop ssim2-loop' --example w44_170_cjxl_step025_sweep -- --image 1189261 --effort 8 --distance-min 1.5 --distance-max 1.5 --distance-step 1.5 --strategy zenjxl --corpus-manifest benchmarks/corpora/w44_170_varied_corpus.tsv
1189261	cid22	512	512	zenjxl	8	1.7500	43304	42825	81.2189	81.3006	1.914341	1.880088	1370.382	1629.231	1.119	-0.0818	1.822	-15.888	OK	89e3c405809a53c2872179d05bda80a69503b2fb	cargo run -p jxl-encoder --release --features 'parallel butteraugli-loop ssim2-loop' --example w44_170_cjxl_step025_sweep -- --image 1189261 --effort 8 --distance-min 1.75 --distance-max 1.75 --distance-step 1.75 --strategy zenjxl --corpus-manifest benchmarks/corpora/w44_170_varied_corpus.tsv
1189261	cid22	512	512	zenjxl	8	2.0000	39411	38685	79.2291	79.0877	2.177850	2.284333	1714.131	1823.839	1.877	0.1414	-4.661	-6.015	OK	89e3c405809a53c2872179d05bda80a69503b2fb	cargo run -p jxl-encoder --release --features 'parallel butteraugli-loop ssim2-loop' --example w44_170_cjxl_step025_sweep -- --image 1189261 --effort 8 --distance-min 2 --distance-max 2 --distance-step 2 --strategy zenjxl --corpus-manifest benchmarks/corpora/w44_170_varied_corpus.tsv
1189261	cid22	512	512	zenjxl	8	2.2500	35710	35094	76.7768	77.5082	2.290956	2.299364	1491.680	1507.511	1.755	-0.7313	-0.366	-1.050	OK	89e3c405809a53c2872179d05bda80a69503b2fb	cargo run -p jxl-encoder --release --features 'parallel butteraugli-loop ssim2-loop' --example w44_170_cjxl_step025_sweep -- --image 1189261 --effort 8 --distance-min 2.25 --distance-max 2.25 --distance-step 2.25 --strategy zenjxl --corpus-manifest benchmarks/corpora/w44_170_varied_corpus.tsv
1189261	cid22	512	512	zenjxl	8	2.5000	32900	32211	74.7954	74.8922	2.653467	2.579384	1448.305	1572.215	2.139	-0.0969	2.872	-7.881	OK	89e3c405809a53c2872179d05bda80a69503b2fb	cargo run -p jxl-encoder --release --features 'parallel butteraugli-loop ssim2-loop' --example w44_170_cjxl_step025_sweep -- --image 1189261 --effort 8 --distance-min 2.5 --distance-max 2.5 --distance-step 2.5 --strategy zenjxl --corpus-manifest benchmarks/corpora/w44_170_varied_corpus.tsv
1189261	cid22	512	512	zenjxl	8	2.7500	29999	29405	72.7579	73.4910	2.804748	2.851950	1413.581	1595.186	2.020	-0.7331	-1.655	-11.385	OK	89e3c405809a53c2872179d05bda80a69503b2fb	cargo run -p jxl-encoder --release --features 'parallel butteraugli-loop ssim2-loop' --example w44_170_cjxl_step025_sweep -- --image 1189261 --effort 8 --distance-min 2.75 --distance-max 2.75 --distance-step 2.75 --strategy zenjxl --corpus-manifest benchmarks/corpora/w44_170_varied_corpus.tsv
1189261	cid22	512	512	zenjxl	8	3.0000	27345	27462	70.4681	71.1025	2.917902	2.858675	1286.218	1148.610	-0.426	-0.6344	2.072	11.980	OK	89e3c405809a53c2872179d05bda80a69503b2fb	cargo run -p jxl-encoder --release --features 'parallel butteraugli-loop ssim2-loop' --example w44_170_cjxl_step025_sweep -- --image 1189261 --effort 8 --distance-min 3 --distance-max 3 --distance-step 3 --strategy zenjxl --corpus-manifest benchmarks/corpora/w44_170_varied_corpus.tsv
1189261	cid22	512	512	zenjxl	8	3.2500	25834	25598	69.0150	69.5799	3.252256	3.531365	1092.534	1563.767	0.922	-0.5648	-7.904	-30.135	OK	89e3c405809a53c2872179d05bda80a69503b2fb	cargo run -p jxl-encoder --release --features 'parallel butteraugli-loop ssim2-loop' --example w44_170_cjxl_step025_sweep -- --image 1189261 --effort 8 --distance-min 3.25 --distance-max 3.25 --distance-step 3.25 --strategy zenjxl --corpus-manifest benchmarks/corpora/w44_170_varied_corpus.tsv
1189261	cid22	512	512	zenjxl	8	3.5000	24764	24319	67.3552	67.6505	3.192289	3.667070	1536.286	1698.862	1.830	-0.2953	-12.947	-9.570	OK	89e3c405809a53c2872179d05bda80a69503b2fb	cargo run -p jxl-encoder --release --features 'parallel butteraugli-loop ssim2-loop' --example w44_170_cjxl_step025_sweep -- --image 1189261 --effort 8 --distance-min 3.5 --distance-max 3.5 --distance-step 3.5 --strategy zenjxl --corpus-manifest benchmarks/corpora/w44_170_varied_corpus.tsv
1189261	cid22	512	512	zenjxl	8	3.7500	22777	23025	65.3291	65.4068	3.551893	3.531980	947.655	1852.938	-1.077	-0.0777	0.564	-48.857	OK	89e3c405809a53c2872179d05bda80a69503b2fb	cargo run -p jxl-encoder --release --features 'parallel butteraugli-loop ssim2-loop' --example w44_170_cjxl_step025_sweep -- --image 1189261 --effort 8 --distance-min 3.75 --distance-max 3.75 --distance-step 3.75 --strategy zenjxl --corpus-manifest benchmarks/corpora/w44_170_varied_corpus.tsv
1189261	cid22	512	512	zenjxl	8	4.0000	21698	22019	63.2757	63.8344	4.078424	3.840046	1688.429	1607.261	-1.458	-0.5587	6.208	5.050	OK	89e3c405809a53c2872179d05bda80a69503b2fb	cargo run -p jxl-encoder --release --features 'parallel butteraugli-loop ssim2-loop' --example w44_170_cjxl_step025_sweep -- --image 1189261 --effort 8 --distance-min 4 --distance-max 4 --distance-step 4 --strategy zenjxl --corpus-manifest benchmarks/corpora/w44_170_varied_corpus.tsv
1189261	cid22	512	512	zenjxl	8	4.2500	20652	20740	61.6271	61.5128	4.115632	3.999708	1650.781	1565.727	-0.424	0.1143	2.898	5.432	OK	89e3c405809a53c2872179d05bda80a69503b2fb	cargo run -p jxl-encoder --release --features 'parallel butteraugli-loop ssim2-loop' --example w44_170_cjxl_step025_sweep -- --image 1189261 --effort 8 --distance-min 4.25 --distance-max 4.25 --distance-step 4.25 --strategy zenjxl --corpus-manifest benchmarks/corpora/w44_170_varied_corpus.tsv
1189261	cid22	512	512	zenjxl	8	4.5000	19466	19757	60.0510	60.3257	4.234531	4.192434	1841.676	1593.991	-1.473	-0.2747	1.004	15.539	OK	89e3c405809a53c2872179d05bda80a69503b2fb	cargo run -p jxl-encoder --release --features 'parallel butteraugli-loop ssim2-loop' --example w44_170_cjxl_step025_sweep -- --image 1189261 --effort 8 --distance-min 4.5 --distance-max 4.5 --distance-step 4.5 --strategy zenjxl --corpus-manifest benchmarks/corpora/w44_170_varied_corpus.tsv
1189261	cid22	512	512	zenjxl	8	4.7500	18471	18535	58.9324	58.7231	4.887650	4.563388	1439.714	1692.833	-0.345	0.2093	7.106	-14.952	OK	89e3c405809a53c2872179d05bda80a69503b2fb	cargo run -p jxl-encoder --release --features 'parallel butteraugli-loop ssim2-loop' --example w44_170_cjxl_step025_sweep -- --image 1189261 --effort 8 --distance-min 4.75 --distance-max 4.75 --distance-step 4.75 --strategy zenjxl --corpus-manifest benchmarks/corpora/w44_170_varied_corpus.tsv
1189261	cid22	512	512	zenjxl	8	5.0000	17678	17868	57.2834	57.3972	4.979215	4.974682	1532.652	1895.952	-1.063	-0.1138	0.091	-19.162	OK	89e3c405809a53c2872179d05bda80a69503b2fb	cargo run -p jxl-encoder --release --features 'parallel butteraugli-loop ssim2-loop' --example w44_170_cjxl_step025_sweep -- --image 1189261 --effort 8 --distance-min 5 --distance-max 5 --distance-step 5 --strategy zenjxl --corpus-manifest benchmarks/corpora/w44_170_varied_corpus.tsv
1189261	cid22	512	512	zenjxl	9	0.2500	168753	166891	94.3790	94.4224	0.296873	0.300233	2994.418	2270.166	1.116	-0.0435	-1.119	31.903	OK	89e3c405809a53c2872179d05bda80a69503b2fb	cargo run -p jxl-encoder --release --features 'parallel butteraugli-loop ssim2-loop' --example w44_170_cjxl_step025_sweep -- --image 1189261 --effort 9 --distance-min 0.25 --distance-max 0.25 --distance-step 0.25 --strategy zenjxl --corpus-manifest benchmarks/corpora/w44_170_varied_corpus.tsv
1189261	cid22	512	512	zenjxl	9	0.5000	107908	107128	91.7377	91.6369	0.608623	0.602089	2099.069	2355.529	0.728	0.1007	1.085	-10.888	OK	89e3c405809a53c2872179d05bda80a69503b2fb	cargo run -p jxl-encoder --release --features 'parallel butteraugli-loop ssim2-loop' --example w44_170_cjxl_step025_sweep -- --image 1189261 --effort 9 --distance-min 0.5 --distance-max 0.5 --distance-step 0.5 --strategy zenjxl --corpus-manifest benchmarks/corpora/w44_170_varied_corpus.tsv
1189261	cid22	512	512	zenjxl	9	0.7500	79488	78899	89.2808	89.4706	0.838104	0.827355	2301.949	2366.716	0.747	-0.1899	1.299	-2.737	OK	89e3c405809a53c2872179d05bda80a69503b2fb	cargo run -p jxl-encoder --release --features 'parallel butteraugli-loop ssim2-loop' --example w44_170_cjxl_step025_sweep -- --image 1189261 --effort 9 --distance-min 0.75 --distance-max 0.75 --distance-step 0.75 --strategy zenjxl --corpus-manifest benchmarks/corpora/w44_170_varied_corpus.tsv
1189261	cid22	512	512	zenjxl	9	1.0000	65051	64417	87.0149	87.1692	1.218010	1.134560	1909.680	2145.933	0.984	-0.1543	7.355	-11.009	OK	89e3c405809a53c2872179d05bda80a69503b2fb	cargo run -p jxl-encoder --release --features 'parallel butteraugli-loop ssim2-loop' --example w44_170_cjxl_step025_sweep -- --image 1189261 --effort 9 --distance-min 1 --distance-max 1 --distance-step 1 --strategy zenjxl --corpus-manifest benchmarks/corpora/w44_170_varied_corpus.tsv
1189261	cid22	512	512	zenjxl	9	1.2500	56251	54192	84.9089	84.7504	1.351452	1.344386	2003.372	2265.142	3.799	0.1585	0.526	-11.556	OK	89e3c405809a53c2872179d05bda80a69503b2fb	cargo run -p jxl-encoder --release --features 'parallel butteraugli-loop ssim2-loop' --example w44_170_cjxl_step025_sweep -- --image 1189261 --effort 9 --distance-min 1.25 --distance-max 1.25 --distance-step 1.25 --strategy zenjxl --corpus-manifest benchmarks/corpora/w44_170_varied_corpus.tsv
1189261	cid22	512	512	zenjxl	9	1.5000	48694	47742	83.1041	82.9303	1.682086	1.702636	1584.228	2513.752	1.994	0.1738	-1.207	-36.978	OK	89e3c405809a53c2872179d05bda80a69503b2fb	cargo run -p jxl-encoder --release --features 'parallel butteraugli-loop ssim2-loop' --example w44_170_cjxl_step025_sweep -- --image 1189261 --effort 9 --distance-min 1.5 --distance-max 1.5 --distance-step 1.5 --strategy zenjxl --corpus-manifest benchmarks/corpora/w44_170_varied_corpus.tsv
1189261	cid22	512	512	zenjxl	9	1.7500	43524	42748	81.2335	81.2965	1.806822	1.880088	1918.554	2702.879	1.815	-0.0630	-3.897	-29.018	OK	89e3c405809a53c2872179d05bda80a69503b2fb	cargo run -p jxl-encoder --release --features 'parallel butteraugli-loop ssim2-loop' --example w44_170_cjxl_step025_sweep -- --image 1189261 --effort 9 --distance-min 1.75 --distance-max 1.75 --distance-step 1.75 --strategy zenjxl --corpus-manifest benchmarks/corpora/w44_170_varied_corpus.tsv
1189261	cid22	512	512	zenjxl	9	2.0000	39833	38643	79.2291	78.9298	2.177850	2.290541	1812.720	1912.834	3.079	0.2993	-4.920	-5.234	OK	89e3c405809a53c2872179d05bda80a69503b2fb	cargo run -p jxl-encoder --release --features 'parallel butteraugli-loop ssim2-loop' --example w44_170_cjxl_step025_sweep -- --image 1189261 --effort 9 --distance-min 2 --distance-max 2 --distance-step 2 --strategy zenjxl --corpus-manifest benchmarks/corpora/w44_170_varied_corpus.tsv
1189261	cid22	512	512	zenjxl	9	2.2500	36046	35053	76.7768	77.5082	2.290956	2.299364	1931.637	2543.594	2.833	-0.7313	-0.366	-24.059	OK	89e3c405809a53c2872179d05bda80a69503b2fb	cargo run -p jxl-encoder --release --features 'parallel butteraugli-loop ssim2-loop' --example w44_170_cjxl_step025_sweep -- --image 1189261 --effort 9 --distance-min 2.25 --distance-max 2.25 --distance-step 2.25 --strategy zenjxl --corpus-manifest benchmarks/corpora/w44_170_varied_corpus.tsv
1189261	cid22	512	512	zenjxl	9	2.5000	33321	32172	74.7992	74.8922	2.653467	2.579384	1100.844	2253.944	3.571	-0.0930	2.872	-51.159	OK	89e3c405809a53c2872179d05bda80a69503b2fb	cargo run -p jxl-encoder --release --features 'parallel butteraugli-loop ssim2-loop' --example w44_170_cjxl_step025_sweep -- --image 1189261 --effort 9 --distance-min 2.5 --distance-max 2.5 --distance-step 2.5 --strategy zenjxl --corpus-manifest benchmarks/corpora/w44_170_varied_corpus.tsv
1189261	cid22	512	512	zenjxl	9	2.7500	30246	29339	72.7569	73.4898	2.804748	2.851950	1503.496	2224.542	3.091	-0.7328	-1.655	-32.413	OK	89e3c405809a53c2872179d05bda80a69503b2fb	cargo run -p jxl-encoder --release --features 'parallel butteraugli-loop ssim2-loop' --example w44_170_cjxl_step025_sweep -- --image 1189261 --effort 9 --distance-min 2.75 --distance-max 2.75 --distance-step 2.75 --strategy zenjxl --corpus-manifest benchmarks/corpora/w44_170_varied_corpus.tsv
1189261	cid22	512	512	zenjxl	9	3.0000	27663	27351	70.4681	71.1025	2.917902	2.858675	1295.672	2005.936	1.141	-0.6344	2.072	-35.408	OK	89e3c405809a53c2872179d05bda80a69503b2fb	cargo run -p jxl-encoder --release --features 'parallel butteraugli-loop ssim2-loop' --example w44_170_cjxl_step025_sweep -- --image 1189261 --effort 9 --distance-min 3 --distance-max 3 --distance-step 3 --strategy zenjxl --corpus-manifest benchmarks/corpora/w44_170_varied_corpus.tsv
1189261	cid22	512	512	zenjxl	9	3.2500	26016	25540	69.0150	69.5799	3.252256	3.531365	1281.220	2149.421	1.864	-0.5648	-7.904	-40.392	OK	89e3c405809a53c2872179d05bda80a69503b2fb	cargo run -p jxl-encoder --release --features 'parallel butteraugli-loop ssim2-loop' --example w44_170_cjxl_step025_sweep -- --image 1189261 --effort 9 --distance-min 3.25 --distance-max 3.25 --distance-step 3.25 --strategy zenjxl --corpus-manifest benchmarks/corpora/w44_170_varied_corpus.tsv
1189261	cid22	512	512	zenjxl	9	3.5000	24973	24246	67.3552	67.6546	3.192289	3.240040	1407.984	2429.334	2.998	-0.2995	-1.474	-42.042	OK	89e3c405809a53c2872179d05bda80a69503b2fb	cargo run -p jxl-encoder --release --features 'parallel butteraugli-loop ssim2-loop' --example w44_170_cjxl_step025_sweep -- --image 1189261 --effort 9 --distance-min 3.5 --distance-max 3.5 --distance-step 3.5 --strategy zenjxl --corpus-manifest benchmarks/corpora/w44_170_varied_corpus.tsv
1189261	cid22	512	512	zenjxl	9	3.7500	23038	22969	65.3291	65.4068	3.551893	3.531980	1244.872	1903.009	0.300	-0.0777	0.564	-34.584	OK	89e3c405809a53c2872179d05bda80a69503b2fb	cargo run -p jxl-encoder --release --features 'parallel butteraugli-loop ssim2-loop' --example w44_170_cjxl_step025_sweep -- --image 1189261 --effort 9 --distance-min 3.75 --distance-max 3.75 --distance-step 3.75 --strategy zenjxl --corpus-manifest benchmarks/corpora/w44_170_varied_corpus.tsv
1189261	cid22	512	512	zenjxl	9	4.0000	21846	21945	63.2757	63.8344	4.078424	3.840046	1676.741	2318.630	-0.451	-0.5587	6.208	-27.684	OK	89e3c405809a53c2872179d05bda80a69503b2fb	cargo run -p jxl-encoder --release --features 'parallel butteraugli-loop ssim2-loop' --example w44_170_cjxl_step025_sweep -- --image 1189261 --effort 9 --distance-min 4 --distance-max 4 --distance-step 4 --strategy zenjxl --corpus-manifest benchmarks/corpora/w44_170_varied_corpus.tsv
1189261	cid22	512	512	zenjxl	9	4.2500	20892	20670	61.6271	61.5128	4.115632	3.999708	1726.160	2390.026	1.074	0.1143	2.898	-27.777	OK	89e3c405809a53c2872179d05bda80a69503b2fb	cargo run -p jxl-encoder --release --features 'parallel butteraugli-loop ssim2-loop' --example w44_170_cjxl_step025_sweep -- --image 1189261 --effort 9 --distance-min 4.25 --distance-max 4.25 --distance-step 4.25 --strategy zenjxl --corpus-manifest benchmarks/corpora/w44_170_varied_corpus.tsv
1189261	cid22	512	512	zenjxl	9	4.5000	19637	19683	60.0510	60.3257	4.234531	4.192434	1660.066	2301.560	-0.234	-0.2747	1.004	-27.872	OK	89e3c405809a53c2872179d05bda80a69503b2fb	cargo run -p jxl-encoder --release --features 'parallel butteraugli-loop ssim2-loop' --example w44_170_cjxl_step025_sweep -- --image 1189261 --effort 9 --distance-min 4.5 --distance-max 4.5 --distance-step 4.5 --strategy zenjxl --corpus-manifest benchmarks/corpora/w44_170_varied_corpus.tsv
1189261	cid22	512	512	zenjxl	9	4.7500	18705	18498	58.9324	58.7231	4.887650	4.563388	1862.348	2364.211	1.119	0.2093	7.106	-21.227	OK	89e3c405809a53c2872179d05bda80a69503b2fb	cargo run -p jxl-encoder --release --features 'parallel butteraugli-loop ssim2-loop' --example w44_170_cjxl_step025_sweep -- --image 1189261 --effort 9 --distance-min 4.75 --distance-max 4.75 --distance-step 4.75 --strategy zenjxl --corpus-manifest benchmarks/corpora/w44_170_varied_corpus.tsv
1189261	cid22	512	512	zenjxl	9	5.0000	17906	17806	57.2834	57.3972	4.979215	4.974682	2439.812	2557.848	0.562	-0.1138	0.091	-4.615	OK	89e3c405809a53c2872179d05bda80a69503b2fb	cargo run -p jxl-encoder --release --features 'parallel butteraugli-loop ssim2-loop' --example w44_170_cjxl_step025_sweep -- --image 1189261 --effort 9 --distance-min 5 --distance-max 5 --distance-step 5 --strategy zenjxl --corpus-manifest benchmarks/corpora/w44_170_varied_corpus.tsv
1418519	cid22	512	512	zenjxl	5	0.2500	59765	58408	92.7623	92.7787	0.531148	0.531464	227.495	274.962	2.323	-0.0164	-0.059	-17.263	OK	89e3c405809a53c2872179d05bda80a69503b2fb	cargo run -p jxl-encoder --release --features 'parallel butteraugli-loop ssim2-loop' --example w44_170_cjxl_step025_sweep -- --image 1418519 --effort 5 --distance-min 0.25 --distance-max 0.25 --distance-step 0.25 --strategy zenjxl --corpus-manifest benchmarks/corpora/w44_170_varied_corpus.tsv
1418519	cid22	512	512	zenjxl	5	0.5000	37939	37161	91.1373	91.0600	0.697684	0.703297	173.349	367.789	2.094	0.0774	-0.798	-52.867	OK	89e3c405809a53c2872179d05bda80a69503b2fb	cargo run -p jxl-encoder --release --features 'parallel butteraugli-loop ssim2-loop' --example w44_170_cjxl_step025_sweep -- --image 1418519 --effort 5 --distance-min 0.5 --distance-max 0.5 --distance-step 0.5 --strategy zenjxl --corpus-manifest benchmarks/corpora/w44_170_varied_corpus.tsv
1418519	cid22	512	512	zenjxl	5	0.7500	25718	25922	89.5150	89.3042	0.961406	0.956281	168.185	208.968	-0.787	0.2108	0.536	-19.516	OK	89e3c405809a53c2872179d05bda80a69503b2fb	cargo run -p jxl-encoder --release --features 'parallel butteraugli-loop ssim2-loop' --example w44_170_cjxl_step025_sweep -- --image 1418519 --effort 5 --distance-min 0.75 --distance-max 0.75 --distance-step 0.75 --strategy zenjxl --corpus-manifest benchmarks/corpora/w44_170_varied_corpus.tsv
1418519	cid22	512	512	zenjxl	5	1.0000	21283	21649	87.9388	87.9929	1.146021	1.142482	189.906	218.064	-1.691	-0.0541	0.310	-12.913	OK	89e3c405809a53c2872179d05bda80a69503b2fb	cargo run -p jxl-encoder --release --features 'parallel butteraugli-loop ssim2-loop' --example w44_170_cjxl_step025_sweep -- --image 1418519 --effort 5 --distance-min 1 --distance-max 1 --distance-step 1 --strategy zenjxl --corpus-manifest benchmarks/corpora/w44_170_varied_corpus.tsv
1418519	cid22	512	512	zenjxl	5	1.2500	18322	18803	86.3043	86.5487	1.472199	1.475274	183.605	310.569	-2.558	-0.2444	-0.208	-40.881	OK	89e3c405809a53c2872179d05bda80a69503b2fb	cargo run -p jxl-encoder --release --features 'parallel butteraugli-loop ssim2-loop' --example w44_170_cjxl_step025_sweep -- --image 1418519 --effort 5 --distance-min 1.25 --distance-max 1.25 --distance-step 1.25 --strategy zenjxl --corpus-manifest benchmarks/corpora/w44_170_varied_corpus.tsv
1418519	cid22	512	512	zenjxl	5	1.5000	16234	16707	84.8537	85.3776	1.834870	1.833988	177.553	227.035	-2.831	-0.5239	0.048	-21.795	OK	89e3c405809a53c2872179d05bda80a69503b2fb	cargo run -p jxl-encoder --release --features 'parallel butteraugli-loop ssim2-loop' --example w44_170_cjxl_step025_sweep -- --image 1418519 --effort 5 --distance-min 1.5 --distance-max 1.5 --distance-step 1.5 --strategy zenjxl --corpus-manifest benchmarks/corpora/w44_170_varied_corpus.tsv
1418519	cid22	512	512	zenjxl	5	1.7500	14711	15188	83.4140	83.3285	1.848698	1.845507	126.601	486.384	-3.141	0.0855	0.173	-73.971	OK	89e3c405809a53c2872179d05bda80a69503b2fb	cargo run -p jxl-encoder --release --features 'parallel butteraugli-loop ssim2-loop' --example w44_170_cjxl_step025_sweep -- --image 1418519 --effort 5 --distance-min 1.75 --distance-max 1.75 --distance-step 1.75 --strategy zenjxl --corpus-manifest benchmarks/corpora/w44_170_varied_corpus.tsv
1418519	cid22	512	512	zenjxl	5	2.0000	14178	13825	82.1582	82.1161	2.154241	2.151351	113.002	279.112	2.553	0.0421	0.134	-59.514	OK	89e3c405809a53c2872179d05bda80a69503b2fb	cargo run -p jxl-encoder --release --features 'parallel butteraugli-loop ssim2-loop' --example w44_170_cjxl_step025_sweep -- --image 1418519 --effort 5 --distance-min 2 --distance-max 2 --distance-step 2 --strategy zenjxl --corpus-manifest benchmarks/corpora/w44_170_varied_corpus.tsv
1418519	cid22	512	512	zenjxl	5	2.2500	13117	12817	80.6844	80.9139	2.400009	2.327267	104.079	276.763	2.341	-0.2294	3.126	-62.394	OK	89e3c405809a53c2872179d05bda80a69503b2fb	cargo run -p jxl-encoder --release --features 'parallel butteraugli-loop ssim2-loop' --example w44_170_cjxl_step025_sweep -- --image 1418519 --effort 5 --distance-min 2.25 --distance-max 2.25 --distance-step 2.25 --strategy zenjxl --corpus-manifest benchmarks/corpora/w44_170_varied_corpus.tsv
1418519	cid22	512	512	zenjxl	5	2.5000	12096	11854	79.3227	79.6271	2.403862	2.395874	150.078	257.687	2.042	-0.3044	0.333	-41.760	OK	89e3c405809a53c2872179d05bda80a69503b2fb	cargo run -p jxl-encoder --release --features 'parallel butteraugli-loop ssim2-loop' --example w44_170_cjxl_step025_sweep -- --image 1418519 --effort 5 --distance-min 2.5 --distance-max 2.5 --distance-step 2.5 --strategy zenjxl --corpus-manifest benchmarks/corpora/w44_170_varied_corpus.tsv
1418519	cid22	512	512	zenjxl	5	2.7500	11473	11206	78.1217	78.2321	2.698719	2.670665	114.805	273.611	2.383	-0.1104	1.050	-58.041	OK	89e3c405809a53c2872179d05bda80a69503b2fb	cargo run -p jxl-encoder --release --features 'parallel butteraugli-loop ssim2-loop' --example w44_170_cjxl_step025_sweep -- --image 1418519 --effort 5 --distance-min 2.75 --distance-max 2.75 --distance-step 2.75 --strategy zenjxl --corpus-manifest benchmarks/corpora/w44_170_varied_corpus.tsv
1418519	cid22	512	512	zenjxl	5	3.0000	10532	10681	76.0356	77.2090	3.393856	2.821595	139.934	265.819	-1.395	-1.1734	20.281	-47.357	OK	89e3c405809a53c2872179d05bda80a69503b2fb	cargo run -p jxl-encoder --release --features 'parallel butteraugli-loop ssim2-loop' --example w44_170_cjxl_step025_sweep -- --image 1418519 --effort 5 --distance-min 3 --distance-max 3 --distance-step 3 --strategy zenjxl --corpus-manifest benchmarks/corpora/w44_170_varied_corpus.tsv
1418519	cid22	512	512	zenjxl	5	3.2500	9817	9971	75.1366	76.1715	3.165598	2.835871	120.198	262.146	-1.544	-1.0349	11.627	-54.148	OK	89e3c405809a53c2872179d05bda80a69503b2fb	cargo run -p jxl-encoder --release --features 'parallel butteraugli-loop ssim2-loop' --example w44_170_cjxl_step025_sweep -- --image 1418519 --effort 5 --distance-min 3.25 --distance-max 3.25 --distance-step 3.25 --strategy zenjxl --corpus-manifest benchmarks/corpora/w44_170_varied_corpus.tsv
1418519	cid22	512	512	zenjxl	5	3.5000	9440	9450	73.2551	74.5846	3.597718	3.356124	89.791	263.722	-0.106	-1.3296	7.199	-65.953	OK	89e3c405809a53c2872179d05bda80a69503b2fb	cargo run -p jxl-encoder --release --features 'parallel butteraugli-loop ssim2-loop' --example w44_170_cjxl_step025_sweep -- --image 1418519 --effort 5 --distance-min 3.5 --distance-max 3.5 --distance-step 3.5 --strategy zenjxl --corpus-manifest benchmarks/corpora/w44_170_varied_corpus.tsv
1418519	cid22	512	512	zenjxl	5	3.7500	8902	9020	72.0859	73.7081	3.841911	3.649014	139.171	254.948	-1.308	-1.6222	5.286	-45.412	OK	89e3c405809a53c2872179d05bda80a69503b2fb	cargo run -p jxl-encoder --release --features 'parallel butteraugli-loop ssim2-loop' --example w44_170_cjxl_step025_sweep -- --image 1418519 --effort 5 --distance-min 3.75 --distance-max 3.75 --distance-step 3.75 --strategy zenjxl --corpus-manifest benchmarks/corpora/w44_170_varied_corpus.tsv
1418519	cid22	512	512	zenjxl	5	4.0000	8453	8564	70.6917	72.1796	3.909554	3.935837	147.226	331.036	-1.296	-1.4879	-0.668	-55.526	OK	89e3c405809a53c2872179d05bda80a69503b2fb	cargo run -p jxl-encoder --release --features 'parallel butteraugli-loop ssim2-loop' --example w44_170_cjxl_step025_sweep -- --image 1418519 --effort 5 --distance-min 4 --distance-max 4 --distance-step 4 --strategy zenjxl --corpus-manifest benchmarks/corpora/w44_170_varied_corpus.tsv
1418519	cid22	512	512	zenjxl	5	4.2500	8401	8472	69.6125	70.8352	4.020506	3.985266	153.804	131.873	-0.838	-1.2227	0.884	16.631	OK	89e3c405809a53c2872179d05bda80a69503b2fb	cargo run -p jxl-encoder --release --features 'parallel butteraugli-loop ssim2-loop' --example w44_170_cjxl_step025_sweep -- --image 1418519 --effort 5 --distance-min 4.25 --distance-max 4.25 --distance-step 4.25 --strategy zenjxl --corpus-manifest benchmarks/corpora/w44_170_varied_corpus.tsv
1418519	cid22	512	512	zenjxl	5	4.5000	7924	8134	68.4884	69.6704	4.118046	4.119631	125.338	231.367	-2.582	-1.1820	-0.038	-45.827	OK	89e3c405809a53c2872179d05bda80a69503b2fb	cargo run -p jxl-encoder --release --features 'parallel butteraugli-loop ssim2-loop' --example w44_170_cjxl_step025_sweep -- --image 1418519 --effort 5 --distance-min 4.5 --distance-max 4.5 --distance-step 4.5 --strategy zenjxl --corpus-manifest benchmarks/corpora/w44_170_varied_corpus.tsv
1418519	cid22	512	512	zenjxl	5	4.7500	7451	7962	67.5575	68.7954	4.546999	4.225729	155.215	167.729	-6.418	-1.2378	7.603	-7.461	OK	89e3c405809a53c2872179d05bda80a69503b2fb	cargo run -p jxl-encoder --release --features 'parallel butteraugli-loop ssim2-loop' --example w44_170_cjxl_step025_sweep -- --image 1418519 --effort 5 --distance-min 4.75 --distance-max 4.75 --distance-step 4.75 --strategy zenjxl --corpus-manifest benchmarks/corpora/w44_170_varied_corpus.tsv
1418519	cid22	512	512	zenjxl	5	5.0000	7282	7697	66.4504	67.2293	4.599121	4.562566	123.807	212.506	-5.392	-0.7789	0.801	-41.740	OK	89e3c405809a53c2872179d05bda80a69503b2fb	cargo run -p jxl-encoder --release --features 'parallel butteraugli-loop ssim2-loop' --example w44_170_cjxl_step025_sweep -- --image 1418519 --effort 5 --distance-min 5 --distance-max 5 --distance-step 5 --strategy zenjxl --corpus-manifest benchmarks/corpora/w44_170_varied_corpus.tsv
1418519	cid22	512	512	zenjxl	6	0.2500	59538	58307	92.7852	92.9510	0.531040	0.530417	205.772	341.359	2.111	-0.1658	0.118	-39.720	OK	89e3c405809a53c2872179d05bda80a69503b2fb	cargo run -p jxl-encoder --release --features 'parallel butteraugli-loop ssim2-loop' --example w44_170_cjxl_step025_sweep -- --image 1418519 --effort 6 --distance-min 0.25 --distance-max 0.25 --distance-step 0.25 --strategy zenjxl --corpus-manifest benchmarks/corpora/w44_170_varied_corpus.tsv
1418519	cid22	512	512	zenjxl	6	0.5000	37705	37048	91.0872	91.0467	0.754340	0.753129	198.752	214.514	1.773	0.0405	0.161	-7.348	OK	89e3c405809a53c2872179d05bda80a69503b2fb	cargo run -p jxl-encoder --release --features 'parallel butteraugli-loop ssim2-loop' --example w44_170_cjxl_step025_sweep -- --image 1418519 --effort 6 --distance-min 0.5 --distance-max 0.5 --distance-step 0.5 --strategy zenjxl --corpus-manifest benchmarks/corpora/w44_170_varied_corpus.tsv
1418519	cid22	512	512	zenjxl	6	0.7500	26238	26273	89.3982	89.2557	0.951729	0.932040	251.499	377.912	-0.133	0.1425	2.112	-33.450	OK	89e3c405809a53c2872179d05bda80a69503b2fb	cargo run -p jxl-encoder --release --features 'parallel butteraugli-loop ssim2-loop' --example w44_170_cjxl_step025_sweep -- --image 1418519 --effort 6 --distance-min 0.75 --distance-max 0.75 --distance-step 0.75 --strategy zenjxl --corpus-manifest benchmarks/corpora/w44_170_varied_corpus.tsv
1418519	cid22	512	512	zenjxl	6	1.0000	21675	21954	87.8826	87.6355	1.143892	1.109438	200.705	354.474	-1.271	0.2472	3.106	-43.380	OK	89e3c405809a53c2872179d05bda80a69503b2fb	cargo run -p jxl-encoder --release --features 'parallel butteraugli-loop ssim2-loop' --example w44_170_cjxl_step025_sweep -- --image 1418519 --effort 6 --distance-min 1 --distance-max 1 --distance-step 1 --strategy zenjxl --corpus-manifest benchmarks/corpora/w44_170_varied_corpus.tsv
1418519	cid22	512	512	zenjxl	6	1.2500	19199	19153	86.2647	86.1407	1.471708	1.550025	182.056	435.581	0.240	0.1240	-5.053	-58.204	OK	89e3c405809a53c2872179d05bda80a69503b2fb	cargo run -p jxl-encoder --release --features 'parallel butteraugli-loop ssim2-loop' --example w44_170_cjxl_step025_sweep -- --image 1418519 --effort 6 --distance-min 1.25 --distance-max 1.25 --distance-step 1.25 --strategy zenjxl --corpus-manifest benchmarks/corpora/w44_170_varied_corpus.tsv
1418519	cid22	512	512	zenjxl	6	1.5000	16852	17077	84.6278	84.9107	1.805717	1.812122	245.033	476.753	-1.318	-0.2829	-0.353	-48.604	OK	89e3c405809a53c2872179d05bda80a69503b2fb	cargo run -p jxl-encoder --release --features 'parallel butteraugli-loop ssim2-loop' --example w44_170_cjxl_step025_sweep -- --image 1418519 --effort 6 --distance-min 1.5 --distance-max 1.5 --distance-step 1.5 --strategy zenjxl --corpus-manifest benchmarks/corpora/w44_170_varied_corpus.tsv
1418519	cid22	512	512	zenjxl	6	1.7500	15233	15658	83.2943	83.2545	1.882149	1.880004	171.788	422.824	-2.714	0.0398	0.114	-59.371	OK	89e3c405809a53c2872179d05bda80a69503b2fb	cargo run -p jxl-encoder --release --features 'parallel butteraugli-loop ssim2-loop' --example w44_170_cjxl_step025_sweep -- --image 1418519 --effort 6 --distance-min 1.75 --distance-max 1.75 --distance-step 1.75 --strategy zenjxl --corpus-manifest benchmarks/corpora/w44_170_varied_corpus.tsv
1418519	cid22	512	512	zenjxl	6	2.0000	14733	14404	82.0372	81.9194	2.150958	2.150974	296.050	354.694	2.284	0.1178	-0.001	-16.534	OK	89e3c405809a53c2872179d05bda80a69503b2fb	cargo run -p jxl-encoder --release --features 'parallel butteraugli-loop ssim2-loop' --example w44_170_cjxl_step025_sweep -- --image 1418519 --effort 6 --distance-min 2 --distance-max 2 --distance-step 2 --strategy zenjxl --corpus-manifest benchmarks/corpora/w44_170_varied_corpus.tsv
1418519	cid22	512	512	zenjxl	6	2.2500	13670	13374	80.6412	80.6548	2.419978	2.387192	234.865	381.239	2.213	-0.0136	1.373	-38.394	OK	89e3c405809a53c2872179d05bda80a69503b2fb	cargo run -p jxl-encoder --release --features 'parallel butteraugli-loop ssim2-loop' --example w44_170_cjxl_step025_sweep -- --image 1418519 --effort 6 --distance-min 2.25 --distance-max 2.25 --distance-step 2.25 --strategy zenjxl --corpus-manifest benchmarks/corpora/w44_170_varied_corpus.tsv
1418519	cid22	512	512	zenjxl	6	2.5000	12674	12444	78.9667	79.3812	2.434286	2.433161	220.248	331.001	1.848	-0.4145	0.046	-33.460	OK	89e3c405809a53c2872179d05bda80a69503b2fb	cargo run -p jxl-encoder --release --features 'parallel butteraugli-loop ssim2-loop' --example w44_170_cjxl_step025_sweep -- --image 1418519 --effort 6 --distance-min 2.5 --distance-max 2.5 --distance-step 2.5 --strategy zenjxl --corpus-manifest benchmarks/corpora/w44_170_varied_corpus.tsv
1418519	cid22	512	512	zenjxl	6	2.7500	12154	11853	77.7712	77.9297	2.674953	2.665776	276.028	551.161	2.539	-0.1585	0.344	-49.919	OK	89e3c405809a53c2872179d05bda80a69503b2fb	cargo run -p jxl-encoder --release --features 'parallel butteraugli-loop ssim2-loop' --example w44_170_cjxl_step025_sweep -- --image 1418519 --effort 6 --distance-min 2.75 --distance-max 2.75 --distance-step 2.75 --strategy zenjxl --corpus-manifest benchmarks/corpora/w44_170_varied_corpus.tsv
1418519	cid22	512	512	zenjxl	6	3.0000	11228	11221	75.9553	77.2345	3.316912	2.965509	234.315	398.178	0.062	-1.2792	11.850	-41.153	OK	89e3c405809a53c2872179d05bda80a69503b2fb	cargo run -p jxl-encoder --release --features 'parallel butteraugli-loop ssim2-loop' --example w44_170_cjxl_step025_sweep -- --image 1418519 --effort 6 --distance-min 3 --distance-max 3 --distance-step 3 --strategy zenjxl --corpus-manifest benchmarks/corpora/w44_170_varied_corpus.tsv
1418519	cid22	512	512	zenjxl	6	3.2500	10495	10562	74.9635	75.8490	3.095221	2.917485	244.656	533.157	-0.634	-0.8855	6.092	-54.112	OK	89e3c405809a53c2872179d05bda80a69503b2fb	cargo run -p jxl-encoder --release --features 'parallel butteraugli-loop ssim2-loop' --example w44_170_cjxl_step025_sweep -- --image 1418519 --effort 6 --distance-min 3.25 --distance-max 3.25 --distance-step 3.25 --strategy zenjxl --corpus-manifest benchmarks/corpora/w44_170_varied_corpus.tsv
1418519	cid22	512	512	zenjxl	6	3.5000	10046	10120	73.1631	74.6975	3.725383	3.219443	336.638	479.808	-0.731	-1.5344	15.715	-29.839	OK	89e3c405809a53c2872179d05bda80a69503b2fb	cargo run -p jxl-encoder --release --features 'parallel butteraugli-loop ssim2-loop' --example w44_170_cjxl_step025_sweep -- --image 1418519 --effort 6 --distance-min 3.5 --distance-max 3.5 --distance-step 3.5 --strategy zenjxl --corpus-manifest benchmarks/corpora/w44_170_varied_corpus.tsv
1418519	cid22	512	512	zenjxl	6	3.7500	9559	9684	71.9788	73.3391	3.447674	3.433758	200.593	339.563	-1.291	-1.3603	0.405	-40.926	OK	89e3c405809a53c2872179d05bda80a69503b2fb	cargo run -p jxl-encoder --release --features 'parallel butteraugli-loop ssim2-loop' --example w44_170_cjxl_step025_sweep -- --image 1418519 --effort 6 --distance-min 3.75 --distance-max 3.75 --distance-step 3.75 --strategy zenjxl --corpus-manifest benchmarks/corpora/w44_170_varied_corpus.tsv
1418519	cid22	512	512	zenjxl	6	4.0000	9220	9294	71.8305	72.8907	3.776652	4.175093	337.583	326.685	-0.796	-1.0601	-9.543	3.336	OK	89e3c405809a53c2872179d05bda80a69503b2fb	cargo run -p jxl-encoder --release --features 'parallel butteraugli-loop ssim2-loop' --example w44_170_cjxl_step025_sweep -- --image 1418519 --effort 6 --distance-min 4 --distance-max 4 --distance-step 4 --strategy zenjxl --corpus-manifest benchmarks/corpora/w44_170_varied_corpus.tsv
1418519	cid22	512	512	zenjxl	6	4.2500	9115	9223	70.7720	71.8573	4.091434	3.970496	352.565	502.011	-1.171	-1.0853	3.046	-29.769	OK	89e3c405809a53c2872179d05bda80a69503b2fb	cargo run -p jxl-encoder --release --features 'parallel butteraugli-loop ssim2-loop' --example w44_170_cjxl_step025_sweep -- --image 1418519 --effort 6 --distance-min 4.25 --distance-max 4.25 --distance-step 4.25 --strategy zenjxl --corpus-manifest benchmarks/corpora/w44_170_varied_corpus.tsv
1418519	cid22	512	512	zenjxl	6	4.5000	8636	8777	69.5792	70.8014	4.121533	3.931125	362.204	407.106	-1.606	-1.2222	4.844	-11.030	OK	89e3c405809a53c2872179d05bda80a69503b2fb	cargo run -p jxl-encoder --release --features 'parallel butteraugli-loop ssim2-loop' --example w44_170_cjxl_step025_sweep -- --image 1418519 --effort 6 --distance-min 4.5 --distance-max 4.5 --distance-step 4.5 --strategy zenjxl --corpus-manifest benchmarks/corpora/w44_170_varied_corpus.tsv
1418519	cid22	512	512	zenjxl	6	4.7500	7964	8373	68.6999	70.2228	4.225317	4.224888	349.504	420.181	-4.885	-1.5229	0.010	-16.821	OK	89e3c405809a53c2872179d05bda80a69503b2fb	cargo run -p jxl-encoder --release --features 'parallel butteraugli-loop ssim2-loop' --example w44_170_cjxl_step025_sweep -- --image 1418519 --effort 6 --distance-min 4.75 --distance-max 4.75 --distance-step 4.75 --strategy zenjxl --corpus-manifest benchmarks/corpora/w44_170_varied_corpus.tsv
1418519	cid22	512	512	zenjxl	6	5.0000	7789	8155	68.0034	68.8877	4.740450	4.727833	308.595	323.822	-4.488	-0.8843	0.267	-4.702	OK	89e3c405809a53c2872179d05bda80a69503b2fb	cargo run -p jxl-encoder --release --features 'parallel butteraugli-loop ssim2-loop' --example w44_170_cjxl_step025_sweep -- --image 1418519 --effort 6 --distance-min 5 --distance-max 5 --distance-step 5 --strategy zenjxl --corpus-manifest benchmarks/corpora/w44_170_varied_corpus.tsv
1418519	cid22	512	512	zenjxl	7	0.2500	59557	58129	92.8610	92.9746	0.532913	0.530277	326.326	464.286	2.457	-0.1136	0.497	-29.715	OK	89e3c405809a53c2872179d05bda80a69503b2fb	cargo run -p jxl-encoder --release --features 'parallel butteraugli-loop ssim2-loop' --example w44_170_cjxl_step025_sweep -- --image 1418519 --effort 7 --distance-min 0.25 --distance-max 0.25 --distance-step 0.25 --strategy zenjxl --corpus-manifest benchmarks/corpora/w44_170_varied_corpus.tsv
1418519	cid22	512	512	zenjxl	7	0.5000	37764	36914	91.0001	91.2657	0.754510	0.746955	233.036	351.516	2.303	-0.2657	1.011	-33.705	OK	89e3c405809a53c2872179d05bda80a69503b2fb	cargo run -p jxl-encoder --release --features 'parallel butteraugli-loop ssim2-loop' --example w44_170_cjxl_step025_sweep -- --image 1418519 --effort 7 --distance-min 0.5 --distance-max 0.5 --distance-step 0.5 --strategy zenjxl --corpus-manifest benchmarks/corpora/w44_170_varied_corpus.tsv
1418519	cid22	512	512	zenjxl	7	0.7500	26220	26257	89.5953	89.5502	0.951729	0.934532	315.507	375.724	-0.141	0.0451	1.840	-16.027	OK	89e3c405809a53c2872179d05bda80a69503b2fb	cargo run -p jxl-encoder --release --features 'parallel butteraugli-loop ssim2-loop' --example w44_170_cjxl_step025_sweep -- --image 1418519 --effort 7 --distance-min 0.75 --distance-max 0.75 --distance-step 0.75 --strategy zenjxl --corpus-manifest benchmarks/corpora/w44_170_varied_corpus.tsv
1418519	cid22	512	512	zenjxl	7	1.0000	21675	21947	87.8455	88.2853	1.140542	1.111072	362.701	489.875	-1.239	-0.4398	2.652	-25.961	OK	89e3c405809a53c2872179d05bda80a69503b2fb	cargo run -p jxl-encoder --release --features 'parallel butteraugli-loop ssim2-loop' --example w44_170_cjxl_step025_sweep -- --image 1418519 --effort 7 --distance-min 1 --distance-max 1 --distance-step 1 --strategy zenjxl --corpus-manifest benchmarks/corpora/w44_170_varied_corpus.tsv
1418519	cid22	512	512	zenjxl	7	1.2500	19219	19125	86.2809	86.6339	1.471687	1.550154	236.806	312.163	0.492	-0.3530	-5.062	-24.140	OK	89e3c405809a53c2872179d05bda80a69503b2fb	cargo run -p jxl-encoder --release --features 'parallel butteraugli-loop ssim2-loop' --example w44_170_cjxl_step025_sweep -- --image 1418519 --effort 7 --distance-min 1.25 --distance-max 1.25 --distance-step 1.25 --strategy zenjxl --corpus-manifest benchmarks/corpora/w44_170_varied_corpus.tsv
1418519	cid22	512	512	zenjxl	7	1.5000	16851	17048	84.6930	85.1410	1.805742	1.805905	345.375	426.165	-1.156	-0.4479	-0.009	-18.957	OK	89e3c405809a53c2872179d05bda80a69503b2fb	cargo run -p jxl-encoder --release --features 'parallel butteraugli-loop ssim2-loop' --example w44_170_cjxl_step025_sweep -- --image 1418519 --effort 7 --distance-min 1.5 --distance-max 1.5 --distance-step 1.5 --strategy zenjxl --corpus-manifest benchmarks/corpora/w44_170_varied_corpus.tsv
1418519	cid22	512	512	zenjxl	7	1.7500	15228	15645	83.2224	83.9370	1.882191	1.883491	337.340	435.280	-2.665	-0.7146	-0.069	-22.500	OK	89e3c405809a53c2872179d05bda80a69503b2fb	cargo run -p jxl-encoder --release --features 'parallel butteraugli-loop ssim2-loop' --example w44_170_cjxl_step025_sweep -- --image 1418519 --effort 7 --distance-min 1.75 --distance-max 1.75 --distance-step 1.75 --strategy zenjxl --corpus-manifest benchmarks/corpora/w44_170_varied_corpus.tsv
1418519	cid22	512	512	zenjxl	7	2.0000	13988	14410	81.7266	81.9265	2.152095	2.150204	294.730	499.375	-2.929	-0.2000	0.088	-40.980	OK	89e3c405809a53c2872179d05bda80a69503b2fb	cargo run -p jxl-encoder --release --features 'parallel butteraugli-loop ssim2-loop' --example w44_170_cjxl_step025_sweep -- --image 1418519 --effort 7 --distance-min 2 --distance-max 2 --distance-step 2 --strategy zenjxl --corpus-manifest benchmarks/corpora/w44_170_varied_corpus.tsv
1418519	cid22	512	512	zenjxl	7	2.2500	13034	13372	80.2593	80.9535	2.439679	2.387192	275.530	665.727	-2.528	-0.6942	2.199	-58.612	OK	89e3c405809a53c2872179d05bda80a69503b2fb	cargo run -p jxl-encoder --release --features 'parallel butteraugli-loop ssim2-loop' --example w44_170_cjxl_step025_sweep -- --image 1418519 --effort 7 --distance-min 2.25 --distance-max 2.25 --distance-step 2.25 --strategy zenjxl --corpus-manifest benchmarks/corpora/w44_170_varied_corpus.tsv
1418519	cid22	512	512	zenjxl	7	2.5000	12122	12463	78.5507	79.5477	2.438383	2.433027	236.289	456.879	-2.736	-0.9970	0.220	-48.282	OK	89e3c405809a53c2872179d05bda80a69503b2fb	cargo run -p jxl-encoder --release --features 'parallel butteraugli-loop ssim2-loop' --example w44_170_cjxl_step025_sweep -- --image 1418519 --effort 7 --distance-min 2.5 --distance-max 2.5 --distance-step 2.5 --strategy zenjxl --corpus-manifest benchmarks/corpora/w44_170_varied_corpus.tsv
1418519	cid22	512	512	zenjxl	7	2.7500	11642	11857	77.3580	78.1114	2.674885	2.665741	327.593	189.078	-1.813	-0.7535	0.343	73.258	OK	89e3c405809a53c2872179d05bda80a69503b2fb	cargo run -p jxl-encoder --release --features 'parallel butteraugli-loop ssim2-loop' --example w44_170_cjxl_step025_sweep -- --image 1418519 --effort 7 --distance-min 2.75 --distance-max 2.75 --distance-step 2.75 --strategy zenjxl --corpus-manifest benchmarks/corpora/w44_170_varied_corpus.tsv
1418519	cid22	512	512	zenjxl	7	3.0000	11007	11256	75.4092	77.0655	3.316914	2.882906	340.566	398.982	-2.212	-1.6563	15.055	-14.641	OK	89e3c405809a53c2872179d05bda80a69503b2fb	cargo run -p jxl-encoder --release --features 'parallel butteraugli-loop ssim2-loop' --example w44_170_cjxl_step025_sweep -- --image 1418519 --effort 7 --distance-min 3 --distance-max 3 --distance-step 3 --strategy zenjxl --corpus-manifest benchmarks/corpora/w44_170_varied_corpus.tsv
1418519	cid22	512	512	zenjxl	7	3.2500	10366	10589	74.5601	75.9012	3.084195	2.980910	297.562	468.480	-2.106	-1.3411	3.465	-36.484	OK	89e3c405809a53c2872179d05bda80a69503b2fb	cargo run -p jxl-encoder --release --features 'parallel butteraugli-loop ssim2-loop' --example w44_170_cjxl_step025_sweep -- --image 1418519 --effort 7 --distance-min 3.25 --distance-max 3.25 --distance-step 3.25 --strategy zenjxl --corpus-manifest benchmarks/corpora/w44_170_varied_corpus.tsv
1418519	cid22	512	512	zenjxl	7	3.5000	10095	10167	72.7405	74.5814	3.725639	3.360585	320.722	511.313	-0.708	-1.8408	10.863	-37.275	OK	89e3c405809a53c2872179d05bda80a69503b2fb	cargo run -p jxl-encoder --release --features 'parallel butteraugli-loop ssim2-loop' --example w44_170_cjxl_step025_sweep -- --image 1418519 --effort 7 --distance-min 3.5 --distance-max 3.5 --distance-step 3.5 --strategy zenjxl --corpus-manifest benchmarks/corpora/w44_170_varied_corpus.tsv
1418519	cid22	512	512	zenjxl	7	3.7500	9524	9752	71.7049	73.9209	3.456791	3.416892	418.247	554.460	-2.338	-2.2160	1.168	-24.567	OK	89e3c405809a53c2872179d05bda80a69503b2fb	cargo run -p jxl-encoder --release --features 'parallel butteraugli-loop ssim2-loop' --example w44_170_cjxl_step025_sweep -- --image 1418519 --effort 7 --distance-min 3.75 --distance-max 3.75 --distance-step 3.75 --strategy zenjxl --corpus-manifest benchmarks/corpora/w44_170_varied_corpus.tsv
1418519	cid22	512	512	zenjxl	7	4.0000	8747	9351	71.3451	72.9955	3.782830	4.175093	502.886	491.807	-6.459	-1.6504	-9.395	2.253	OK	89e3c405809a53c2872179d05bda80a69503b2fb	cargo run -p jxl-encoder --release --features 'parallel butteraugli-loop ssim2-loop' --example w44_170_cjxl_step025_sweep -- --image 1418519 --effort 7 --distance-min 4 --distance-max 4 --distance-step 4 --strategy zenjxl --corpus-manifest benchmarks/corpora/w44_170_varied_corpus.tsv
1418519	cid22	512	512	zenjxl	7	4.2500	9068	9185	70.1029	72.0421	4.091048	3.970496	532.003	431.606	-1.274	-1.9392	3.036	23.261	OK	89e3c405809a53c2872179d05bda80a69503b2fb	cargo run -p jxl-encoder --release --features 'parallel butteraugli-loop ssim2-loop' --example w44_170_cjxl_step025_sweep -- --image 1418519 --effort 7 --distance-min 4.25 --distance-max 4.25 --distance-step 4.25 --strategy zenjxl --corpus-manifest benchmarks/corpora/w44_170_varied_corpus.tsv
1418519	cid22	512	512	zenjxl	7	4.5000	8467	8843	69.2063	70.9706	4.115730	3.931125	496.739	481.582	-4.252	-1.7643	4.696	3.147	OK	89e3c405809a53c2872179d05bda80a69503b2fb	cargo run -p jxl-encoder --release --features 'parallel butteraugli-loop ssim2-loop' --example w44_170_cjxl_step025_sweep -- --image 1418519 --effort 7 --distance-min 4.5 --distance-max 4.5 --distance-step 4.5 --strategy zenjxl --corpus-manifest benchmarks/corpora/w44_170_varied_corpus.tsv
1418519	cid22	512	512	zenjxl	7	4.7500	7797	8424	68.2386	70.2241	4.225371	4.224888	435.846	474.360	-7.443	-1.9855	0.011	-8.119	OK	89e3c405809a53c2872179d05bda80a69503b2fb	cargo run -p jxl-encoder --release --features 'parallel butteraugli-loop ssim2-loop' --example w44_170_cjxl_step025_sweep -- --image 1418519 --effort 7 --distance-min 4.75 --distance-max 4.75 --distance-step 4.75 --strategy zenjxl --corpus-manifest benchmarks/corpora/w44_170_varied_corpus.tsv
1418519	cid22	512	512	zenjxl	7	5.0000	7466	8185	67.6653	69.2771	4.745216	4.721256	419.631	473.155	-8.784	-1.6119	0.507	-11.312	OK	89e3c405809a53c2872179d05bda80a69503b2fb	cargo run -p jxl-encoder --release --features 'parallel butteraugli-loop ssim2-loop' --example w44_170_cjxl_step025_sweep -- --image 1418519 --effort 7 --distance-min 5 --distance-max 5 --distance-step 5 --strategy zenjxl --corpus-manifest benchmarks/corpora/w44_170_varied_corpus.tsv
1418519	cid22	512	512	zenjxl	8	0.2500	60412	58820	92.8023	92.8762	0.316159	0.378264	1478.647	1648.085	2.707	-0.0739	-16.418	-10.281	OK	89e3c405809a53c2872179d05bda80a69503b2fb	cargo run -p jxl-encoder --release --features 'parallel butteraugli-loop ssim2-loop' --example w44_170_cjxl_step025_sweep -- --image 1418519 --effort 8 --distance-min 0.25 --distance-max 0.25 --distance-step 0.25 --strategy zenjxl --corpus-manifest benchmarks/corpora/w44_170_varied_corpus.tsv
1418519	cid22	512	512	zenjxl	8	0.5000	37020	36339	91.1675	91.5822	0.728461	0.695994	1201.023	1380.568	1.874	-0.4147	4.665	-13.005	OK	89e3c405809a53c2872179d05bda80a69503b2fb	cargo run -p jxl-encoder --release --features 'parallel butteraugli-loop ssim2-loop' --example w44_170_cjxl_step025_sweep -- --image 1418519 --effort 8 --distance-min 0.5 --distance-max 0.5 --distance-step 0.5 --strategy zenjxl --corpus-manifest benchmarks/corpora/w44_170_varied_corpus.tsv
1418519	cid22	512	512	zenjxl	8	0.7500	26042	26095	89.9818	90.1013	0.921044	0.831267	1648.820	1610.505	-0.203	-0.1196	10.800	2.379	OK	89e3c405809a53c2872179d05bda80a69503b2fb	cargo run -p jxl-encoder --release --features 'parallel butteraugli-loop ssim2-loop' --example w44_170_cjxl_step025_sweep -- --image 1418519 --effort 8 --distance-min 0.75 --distance-max 0.75 --distance-step 0.75 --strategy zenjxl --corpus-manifest benchmarks/corpora/w44_170_varied_corpus.tsv
1418519	cid22	512	512	zenjxl	8	1.0000	21458	21826	88.2987	88.7117	1.219866	1.167616	1577.437	1571.275	-1.686	-0.4130	4.475	0.392	OK	89e3c405809a53c2872179d05bda80a69503b2fb	cargo run -p jxl-encoder --release --features 'parallel butteraugli-loop ssim2-loop' --example w44_170_cjxl_step025_sweep -- --image 1418519 --effort 8 --distance-min 1 --distance-max 1 --distance-step 1 --strategy zenjxl --corpus-manifest benchmarks/corpora/w44_170_varied_corpus.tsv
1418519	cid22	512	512	zenjxl	8	1.2500	18832	18852	86.5803	87.0752	1.742269	1.778855	1107.205	1400.504	-0.106	-0.4949	-2.057	-20.942	OK	89e3c405809a53c2872179d05bda80a69503b2fb	cargo run -p jxl-encoder --release --features 'parallel butteraugli-loop ssim2-loop' --example w44_170_cjxl_step025_sweep -- --image 1418519 --effort 8 --distance-min 1.25 --distance-max 1.25 --distance-step 1.25 --strategy zenjxl --corpus-manifest benchmarks/corpora/w44_170_varied_corpus.tsv
1418519	cid22	512	512	zenjxl	8	1.5000	16397	16867	84.8398	85.4617	1.803026	1.649745	1319.653	1202.491	-2.787	-0.6219	9.291	9.743	OK	89e3c405809a53c2872179d05bda80a69503b2fb	cargo run -p jxl-encoder --release --features 'parallel butteraugli-loop ssim2-loop' --example w44_170_cjxl_step025_sweep -- --image 1418519 --effort 8 --distance-min 1.5 --distance-max 1.5 --distance-step 1.5 --strategy zenjxl --corpus-manifest benchmarks/corpora/w44_170_varied_corpus.tsv
1418519	cid22	512	512	zenjxl	8	1.7500	14774	15435	83.6490	83.9736	1.886448	1.900079	925.091	1418.640	-4.282	-0.3246	-0.717	-34.790	OK	89e3c405809a53c2872179d05bda80a69503b2fb	cargo run -p jxl-encoder --release --features 'parallel butteraugli-loop ssim2-loop' --example w44_170_cjxl_step025_sweep -- --image 1418519 --effort 8 --distance-min 1.75 --distance-max 1.75 --distance-step 1.75 --strategy zenjxl --corpus-manifest benchmarks/corpora/w44_170_varied_corpus.tsv
1418519	cid22	512	512	zenjxl	8	2.0000	13480	14033	81.8214	82.4427	2.224091	2.188739	1172.248	1784.077	-3.941	-0.6213	1.615	-34.294	OK	89e3c405809a53c2872179d05bda80a69503b2fb	cargo run -p jxl-encoder --release --features 'parallel butteraugli-loop ssim2-loop' --example w44_170_cjxl_step025_sweep -- --image 1418519 --effort 8 --distance-min 2 --distance-max 2 --distance-step 2 --strategy zenjxl --corpus-manifest benchmarks/corpora/w44_170_varied_corpus.tsv
1418519	cid22	512	512	zenjxl	8	2.2500	12518	13117	80.3327	80.9743	2.358970	2.287498	992.651	1667.349	-4.567	-0.6416	3.124	-40.465	OK	89e3c405809a53c2872179d05bda80a69503b2fb	cargo run -p jxl-encoder --release --features 'parallel butteraugli-loop ssim2-loop' --example w44_170_cjxl_step025_sweep -- --image 1418519 --effort 8 --distance-min 2.25 --distance-max 2.25 --distance-step 2.25 --strategy zenjxl --corpus-manifest benchmarks/corpora/w44_170_varied_corpus.tsv
1418519	cid22	512	512	zenjxl	8	2.5000	11497	12163	78.5279	79.5784	2.445078	2.747586	1003.136	1708.771	-5.476	-1.0505	-11.010	-41.295	OK	89e3c405809a53c2872179d05bda80a69503b2fb	cargo run -p jxl-encoder --release --features 'parallel butteraugli-loop ssim2-loop' --example w44_170_cjxl_step025_sweep -- --image 1418519 --effort 8 --distance-min 2.5 --distance-max 2.5 --distance-step 2.5 --strategy zenjxl --corpus-manifest benchmarks/corpora/w44_170_varied_corpus.tsv
1418519	cid22	512	512	zenjxl	8	2.7500	10947	11438	77.1587	78.0498	2.769887	2.778131	1119.498	1688.883	-4.293	-0.8911	-0.297	-33.714	OK	89e3c405809a53c2872179d05bda80a69503b2fb	cargo run -p jxl-encoder --release --features 'parallel butteraugli-loop ssim2-loop' --example w44_170_cjxl_step025_sweep -- --image 1418519 --effort 8 --distance-min 2.75 --distance-max 2.75 --distance-step 2.75 --strategy zenjxl --corpus-manifest benchmarks/corpora/w44_170_varied_corpus.tsv
1418519	cid22	512	512	zenjxl	8	3.0000	10573	10788	75.8322	76.6440	2.946505	2.857833	1011.787	1596.079	-1.993	-0.8117	3.103	-36.608	OK	89e3c405809a53c2872179d05bda80a69503b2fb	cargo run -p jxl-encoder --release --features 'parallel butteraugli-loop ssim2-loop' --example w44_170_cjxl_step025_sweep -- --image 1418519 --effort 8 --distance-min 3 --distance-max 3 --distance-step 3 --strategy zenjxl --corpus-manifest benchmarks/corpora/w44_170_varied_corpus.tsv
1418519	cid22	512	512	zenjxl	8	3.2500	9603	10271	74.5950	75.6674	3.006180	3.102920	1209.004	1484.796	-6.504	-1.0724	-3.118	-18.574	OK	89e3c405809a53c2872179d05bda80a69503b2fb	cargo run -p jxl-encoder --release --features 'parallel butteraugli-loop ssim2-loop' --example w44_170_cjxl_step025_sweep -- --image 1418519 --effort 8 --distance-min 3.25 --distance-max 3.25 --distance-step 3.25 --strategy zenjxl --corpus-manifest benchmarks/corpora/w44_170_varied_corpus.tsv
1418519	cid22	512	512	zenjxl	8	3.5000	9496	9722	73.0752	74.5244	3.386109	3.352241	1338.897	1766.349	-2.325	-1.4492	1.010	-24.200	OK	89e3c405809a53c2872179d05bda80a69503b2fb	cargo run -p jxl-encoder --release --features 'parallel butteraugli-loop ssim2-loop' --example w44_170_cjxl_step025_sweep -- --image 1418519 --effort 8 --distance-min 3.5 --distance-max 3.5 --distance-step 3.5 --strategy zenjxl --corpus-manifest benchmarks/corpora/w44_170_varied_corpus.tsv
1418519	cid22	512	512	zenjxl	8	3.7500	8584	9277	71.9579	73.6620	3.357403	3.315987	1179.946	1669.258	-7.470	-1.7042	1.249	-29.313	OK	89e3c405809a53c2872179d05bda80a69503b2fb	cargo run -p jxl-encoder --release --features 'parallel butteraugli-loop ssim2-loop' --example w44_170_cjxl_step025_sweep -- --image 1418519 --effort 8 --distance-min 3.75 --distance-max 3.75 --distance-step 3.75 --strategy zenjxl --corpus-manifest benchmarks/corpora/w44_170_varied_corpus.tsv
1418519	cid22	512	512	zenjxl	8	4.0000	8333	8932	71.6929	72.3045	3.833120	3.544480	1449.849	1483.810	-6.706	-0.6116	8.143	-2.289	OK	89e3c405809a53c2872179d05bda80a69503b2fb	cargo run -p jxl-encoder --release --features 'parallel butteraugli-loop ssim2-loop' --example w44_170_cjxl_step025_sweep -- --image 1418519 --effort 8 --distance-min 4 --distance-max 4 --distance-step 4 --strategy zenjxl --corpus-manifest benchmarks/corpora/w44_170_varied_corpus.tsv
1418519	cid22	512	512	zenjxl	8	4.2500	8653	8880	70.0887	71.3028	4.145875	4.150731	1309.691	1610.389	-2.556	-1.2141	-0.117	-18.672	OK	89e3c405809a53c2872179d05bda80a69503b2fb	cargo run -p jxl-encoder --release --features 'parallel butteraugli-loop ssim2-loop' --example w44_170_cjxl_step025_sweep -- --image 1418519 --effort 8 --distance-min 4.25 --distance-max 4.25 --distance-step 4.25 --strategy zenjxl --corpus-manifest benchmarks/corpora/w44_170_varied_corpus.tsv
1418519	cid22	512	512	zenjxl	8	4.5000	8169	8492	69.3250	70.3958	3.853697	4.091115	1342.315	1619.696	-3.804	-1.0708	-5.803	-17.126	OK	89e3c405809a53c2872179d05bda80a69503b2fb	cargo run -p jxl-encoder --release --features 'parallel butteraugli-loop ssim2-loop' --example w44_170_cjxl_step025_sweep -- --image 1418519 --effort 8 --distance-min 4.5 --distance-max 4.5 --distance-step 4.5 --strategy zenjxl --corpus-manifest benchmarks/corpora/w44_170_varied_corpus.tsv
1418519	cid22	512	512	zenjxl	8	4.7500	7433	8048	67.6873	69.7259	4.129334	4.342392	1044.954	1228.790	-7.642	-2.0387	-4.906	-14.961	OK	89e3c405809a53c2872179d05bda80a69503b2fb	cargo run -p jxl-encoder --release --features 'parallel butteraugli-loop ssim2-loop' --example w44_170_cjxl_step025_sweep -- --image 1418519 --effort 8 --distance-min 4.75 --distance-max 4.75 --distance-step 4.75 --strategy zenjxl --corpus-manifest benchmarks/corpora/w44_170_varied_corpus.tsv
1418519	cid22	512	512	zenjxl	8	5.0000	7073	7766	66.8657	67.9760	4.282366	4.694778	1070.664	1726.573	-8.924	-1.1103	-8.784	-37.989	OK	89e3c405809a53c2872179d05bda80a69503b2fb	cargo run -p jxl-encoder --release --features 'parallel butteraugli-loop ssim2-loop' --example w44_170_cjxl_step025_sweep -- --image 1418519 --effort 8 --distance-min 5 --distance-max 5 --distance-step 5 --strategy zenjxl --corpus-manifest benchmarks/corpora/w44_170_varied_corpus.tsv
1418519	cid22	512	512	zenjxl	9	0.2500	61617	59130	92.7926	92.8517	0.305276	0.306868	1695.897	2160.263	4.206	-0.0591	-0.519	-21.496	OK	89e3c405809a53c2872179d05bda80a69503b2fb	cargo run -p jxl-encoder --release --features 'parallel butteraugli-loop ssim2-loop' --example w44_170_cjxl_step025_sweep -- --image 1418519 --effort 9 --distance-min 0.25 --distance-max 0.25 --distance-step 0.25 --strategy zenjxl --corpus-manifest benchmarks/corpora/w44_170_varied_corpus.tsv
1418519	cid22	512	512	zenjxl	9	0.5000	37895	36443	91.1612	91.5666	0.567080	0.592916	1852.439	1840.827	3.984	-0.4054	-4.358	0.631	OK	89e3c405809a53c2872179d05bda80a69503b2fb	cargo run -p jxl-encoder --release --features 'parallel butteraugli-loop ssim2-loop' --example w44_170_cjxl_step025_sweep -- --image 1418519 --effort 9 --distance-min 0.5 --distance-max 0.5 --distance-step 0.5 --strategy zenjxl --corpus-manifest benchmarks/corpora/w44_170_varied_corpus.tsv
1418519	cid22	512	512	zenjxl	9	0.7500	26380	26127	89.9582	90.0782	0.921044	0.849487	1809.435	2446.585	0.968	-0.1199	8.424	-26.042	OK	89e3c405809a53c2872179d05bda80a69503b2fb	cargo run -p jxl-encoder --release --features 'parallel butteraugli-loop ssim2-loop' --example w44_170_cjxl_step025_sweep -- --image 1418519 --effort 9 --distance-min 0.75 --distance-max 0.75 --distance-step 0.75 --strategy zenjxl --corpus-manifest benchmarks/corpora/w44_170_varied_corpus.tsv
1418519	cid22	512	512	zenjxl	9	1.0000	21673	21811	88.3249	88.7416	1.116874	1.086164	2317.984	2533.772	-0.633	-0.4166	2.827	-8.516	OK	89e3c405809a53c2872179d05bda80a69503b2fb	cargo run -p jxl-encoder --release --features 'parallel butteraugli-loop ssim2-loop' --example w44_170_cjxl_step025_sweep -- --image 1418519 --effort 9 --distance-min 1 --distance-max 1 --distance-step 1 --strategy zenjxl --corpus-manifest benchmarks/corpora/w44_170_varied_corpus.tsv
1418519	cid22	512	512	zenjxl	9	1.2500	19098	18835	86.5590	87.0880	1.336115	1.329233	1791.732	2373.524	1.396	-0.5290	0.518	-24.512	OK	89e3c405809a53c2872179d05bda80a69503b2fb	cargo run -p jxl-encoder --release --features 'parallel butteraugli-loop ssim2-loop' --example w44_170_cjxl_step025_sweep -- --image 1418519 --effort 9 --distance-min 1.25 --distance-max 1.25 --distance-step 1.25 --strategy zenjxl --corpus-manifest benchmarks/corpora/w44_170_varied_corpus.tsv
1418519	cid22	512	512	zenjxl	9	1.5000	16666	16856	84.8699	85.5312	1.549489	1.567261	1939.938	2141.798	-1.127	-0.6613	-1.134	-9.425	OK	89e3c405809a53c2872179d05bda80a69503b2fb	cargo run -p jxl-encoder --release --features 'parallel butteraugli-loop ssim2-loop' --example w44_170_cjxl_step025_sweep -- --image 1418519 --effort 9 --distance-min 1.5 --distance-max 1.5 --distance-step 1.5 --strategy zenjxl --corpus-manifest benchmarks/corpora/w44_170_varied_corpus.tsv
1418519	cid22	512	512	zenjxl	9	1.7500	14938	15393	83.6541	83.9736	1.886448	1.900079	1972.195	2272.985	-2.956	-0.3195	-0.717	-13.233	OK	89e3c405809a53c2872179d05bda80a69503b2fb	cargo run -p jxl-encoder --release --features 'parallel butteraugli-loop ssim2-loop' --example w44_170_cjxl_step025_sweep -- --image 1418519 --effort 9 --distance-min 1.75 --distance-max 1.75 --distance-step 1.75 --strategy zenjxl --corpus-manifest benchmarks/corpora/w44_170_varied_corpus.tsv
1418519	cid22	512	512	zenjxl	9	2.0000	13634	14031	81.8132	82.4380	2.008215	2.007027	1179.618	2010.263	-2.829	-0.6248	0.059	-41.320	OK	89e3c405809a53c2872179d05bda80a69503b2fb	cargo run -p jxl-encoder --release --features 'parallel butteraugli-loop ssim2-loop' --example w44_170_cjxl_step025_sweep -- --image 1418519 --effort 9 --distance-min 2 --distance-max 2 --distance-step 2 --strategy zenjxl --corpus-manifest benchmarks/corpora/w44_170_varied_corpus.tsv
1418519	cid22	512	512	zenjxl	9	2.2500	12685	13074	80.3327	80.9743	2.358970	2.287498	1462.081	2326.718	-2.975	-0.6416	3.124	-37.161	OK	89e3c405809a53c2872179d05bda80a69503b2fb	cargo run -p jxl-encoder --release --features 'parallel butteraugli-loop ssim2-loop' --example w44_170_cjxl_step025_sweep -- --image 1418519 --effort 9 --distance-min 2.25 --distance-max 2.25 --distance-step 2.25 --strategy zenjxl --corpus-manifest benchmarks/corpora/w44_170_varied_corpus.tsv
1418519	cid22	512	512	zenjxl	9	2.5000	11678	12147	78.5279	79.5673	2.445078	2.593042	1560.982	2226.162	-3.861	-1.0393	-5.706	-29.880	OK	89e3c405809a53c2872179d05bda80a69503b2fb	cargo run -p jxl-encoder --release --features 'parallel butteraugli-loop ssim2-loop' --example w44_170_cjxl_step025_sweep -- --image 1418519 --effort 9 --distance-min 2.5 --distance-max 2.5 --distance-step 2.5 --strategy zenjxl --corpus-manifest benchmarks/corpora/w44_170_varied_corpus.tsv
1418519	cid22	512	512	zenjxl	9	2.7500	11150	11382	77.1587	78.0498	2.769887	2.778131	1683.437	2109.006	-2.038	-0.8911	-0.297	-20.179	OK	89e3c405809a53c2872179d05bda80a69503b2fb	cargo run -p jxl-encoder --release --features 'parallel butteraugli-loop ssim2-loop' --example w44_170_cjxl_step025_sweep -- --image 1418519 --effort 9 --distance-min 2.75 --distance-max 2.75 --distance-step 2.75 --strategy zenjxl --corpus-manifest benchmarks/corpora/w44_170_varied_corpus.tsv
1418519	cid22	512	512	zenjxl	9	3.0000	10660	10772	75.8667	76.6541	2.652344	2.857833	1803.722	2089.034	-1.040	-0.7874	-7.190	-13.658	OK	89e3c405809a53c2872179d05bda80a69503b2fb	cargo run -p jxl-encoder --release --features 'parallel butteraugli-loop ssim2-loop' --example w44_170_cjxl_step025_sweep -- --image 1418519 --effort 9 --distance-min 3 --distance-max 3 --distance-step 3 --strategy zenjxl --corpus-manifest benchmarks/corpora/w44_170_varied_corpus.tsv
1418519	cid22	512	512	zenjxl	9	3.2500	9686	10243	74.5950	75.6789	3.006180	3.102920	1797.590	2461.850	-5.438	-1.0838	-3.118	-26.982	OK	89e3c405809a53c2872179d05bda80a69503b2fb	cargo run -p jxl-encoder --release --features 'parallel butteraugli-loop ssim2-loop' --example w44_170_cjxl_step025_sweep -- --image 1418519 --effort 9 --distance-min 3.25 --distance-max 3.25 --distance-step 3.25 --strategy zenjxl --corpus-manifest benchmarks/corpora/w44_170_varied_corpus.tsv
1418519	cid22	512	512	zenjxl	9	3.5000	9698	9699	73.0752	74.5244	3.386109	3.352241	1833.214	2268.932	-0.010	-1.4492	1.010	-19.204	OK	89e3c405809a53c2872179d05bda80a69503b2fb	cargo run -p jxl-encoder --release --features 'parallel butteraugli-loop ssim2-loop' --example w44_170_cjxl_step025_sweep -- --image 1418519 --effort 9 --distance-min 3.5 --distance-max 3.5 --distance-step 3.5 --strategy zenjxl --corpus-manifest benchmarks/corpora/w44_170_varied_corpus.tsv
1418519	cid22	512	512	zenjxl	9	3.7500	8702	9269	71.9579	73.7442	3.357403	3.316303	1867.676	2276.559	-6.117	-1.7863	1.239	-17.961	OK	89e3c405809a53c2872179d05bda80a69503b2fb	cargo run -p jxl-encoder --release --features 'parallel butteraugli-loop ssim2-loop' --example w44_170_cjxl_step025_sweep -- --image 1418519 --effort 9 --distance-min 3.75 --distance-max 3.75 --distance-step 3.75 --strategy zenjxl --corpus-manifest benchmarks/corpora/w44_170_varied_corpus.tsv
1418519	cid22	512	512	zenjxl	9	4.0000	8306	8939	71.0659	72.3082	3.745483	3.472333	1918.019	2673.069	-7.081	-1.2424	7.866	-28.247	OK	89e3c405809a53c2872179d05bda80a69503b2fb	cargo run -p jxl-encoder --release --features 'parallel butteraugli-loop ssim2-loop' --example w44_170_cjxl_step025_sweep -- --image 1418519 --effort 9 --distance-min 4 --distance-max 4 --distance-step 4 --strategy zenjxl --corpus-manifest benchmarks/corpora/w44_170_varied_corpus.tsv
1418519	cid22	512	512	zenjxl	9	4.2500	8707	8846	69.9344	71.3028	3.957100	4.150731	1425.941	2437.876	-1.571	-1.3684	-4.665	-41.509	OK	89e3c405809a53c2872179d05bda80a69503b2fb	cargo run -p jxl-encoder --release --features 'parallel butteraugli-loop ssim2-loop' --example w44_170_cjxl_step025_sweep -- --image 1418519 --effort 9 --distance-min 4.25 --distance-max 4.25 --distance-step 4.25 --strategy zenjxl --corpus-manifest benchmarks/corpora/w44_170_varied_corpus.tsv
1418519	cid22	512	512	zenjxl	9	4.5000	8126	8446	68.5964	70.3958	4.067545	4.091115	2505.861	2578.196	-3.789	-1.7993	-0.576	-2.806	OK	89e3c405809a53c2872179d05bda80a69503b2fb	cargo run -p jxl-encoder --release --features 'parallel butteraugli-loop ssim2-loop' --example w44_170_cjxl_step025_sweep -- --image 1418519 --effort 9 --distance-min 4.5 --distance-max 4.5 --distance-step 4.5 --strategy zenjxl --corpus-manifest benchmarks/corpora/w44_170_varied_corpus.tsv
1418519	cid22	512	512	zenjxl	9	4.7500	7327	8023	67.6336	69.7259	4.165087	4.342392	2133.724	2384.805	-8.675	-2.0923	-4.083	-10.528	OK	89e3c405809a53c2872179d05bda80a69503b2fb	cargo run -p jxl-encoder --release --features 'parallel butteraugli-loop ssim2-loop' --example w44_170_cjxl_step025_sweep -- --image 1418519 --effort 9 --distance-min 4.75 --distance-max 4.75 --distance-step 4.75 --strategy zenjxl --corpus-manifest benchmarks/corpora/w44_170_varied_corpus.tsv
1418519	cid22	512	512	zenjxl	9	5.0000	6966	7767	66.3034	67.9760	4.436721	4.694778	2052.427	2332.390	-10.313	-1.6726	-5.497	-12.003	OK	89e3c405809a53c2872179d05bda80a69503b2fb	cargo run -p jxl-encoder --release --features 'parallel butteraugli-loop ssim2-loop' --example w44_170_cjxl_step025_sweep -- --image 1418519 --effort 9 --distance-min 5 --distance-max 5 --distance-step 5 --strategy zenjxl --corpus-manifest benchmarks/corpora/w44_170_varied_corpus.tsv
1420710	cid22	512	512	zenjxl	5	0.2500	184049	183569	94.1370	94.1362	0.498971	0.500593	215.525	292.779	0.261	0.0008	-0.324	-26.386	OK	89e3c405809a53c2872179d05bda80a69503b2fb	cargo run -p jxl-encoder --release --features 'parallel butteraugli-loop ssim2-loop' --example w44_170_cjxl_step025_sweep -- --image 1420710 --effort 5 --distance-min 0.25 --distance-max 0.25 --distance-step 0.25 --strategy zenjxl --corpus-manifest benchmarks/corpora/w44_170_varied_corpus.tsv
1420710	cid22	512	512	zenjxl	5	0.5000	134716	134658	91.5460	91.5475	0.778299	0.773514	159.987	498.466	0.043	-0.0015	0.619	-67.904	OK	89e3c405809a53c2872179d05bda80a69503b2fb	cargo run -p jxl-encoder --release --features 'parallel butteraugli-loop ssim2-loop' --example w44_170_cjxl_step025_sweep -- --image 1420710 --effort 5 --distance-min 0.5 --distance-max 0.5 --distance-step 0.5 --strategy zenjxl --corpus-manifest benchmarks/corpora/w44_170_varied_corpus.tsv
1420710	cid22	512	512	zenjxl	5	0.7500	109352	109373	89.0407	89.0550	0.931347	0.938263	222.606	291.476	-0.019	-0.0143	-0.737	-23.628	OK	89e3c405809a53c2872179d05bda80a69503b2fb	cargo run -p jxl-encoder --release --features 'parallel butteraugli-loop ssim2-loop' --example w44_170_cjxl_step025_sweep -- --image 1420710 --effort 5 --distance-min 0.75 --distance-max 0.75 --distance-step 0.75 --strategy zenjxl --corpus-manifest benchmarks/corpora/w44_170_varied_corpus.tsv
1420710	cid22	512	512	zenjxl	5	1.0000	92047	92164	86.6416	86.7811	1.202974	1.198212	153.895	213.148	-0.127	-0.1395	0.397	-27.799	OK	89e3c405809a53c2872179d05bda80a69503b2fb	cargo run -p jxl-encoder --release --features 'parallel butteraugli-loop ssim2-loop' --example w44_170_cjxl_step025_sweep -- --image 1420710 --effort 5 --distance-min 1 --distance-max 1 --distance-step 1 --strategy zenjxl --corpus-manifest benchmarks/corpora/w44_170_varied_corpus.tsv
1420710	cid22	512	512	zenjxl	5	1.2500	79548	79722	84.2024	84.2615	1.505900	1.549901	145.934	417.234	-0.218	-0.0591	-2.839	-65.023	OK	89e3c405809a53c2872179d05bda80a69503b2fb	cargo run -p jxl-encoder --release --features 'parallel butteraugli-loop ssim2-loop' --example w44_170_cjxl_step025_sweep -- --image 1420710 --effort 5 --distance-min 1.25 --distance-max 1.25 --distance-step 1.25 --strategy zenjxl --corpus-manifest benchmarks/corpora/w44_170_varied_corpus.tsv
1420710	cid22	512	512	zenjxl	5	1.5000	69949	70155	82.0026	82.1666	1.759713	1.767006	139.865	276.070	-0.294	-0.1641	-0.413	-49.337	OK	89e3c405809a53c2872179d05bda80a69503b2fb	cargo run -p jxl-encoder --release --features 'parallel butteraugli-loop ssim2-loop' --example w44_170_cjxl_step025_sweep -- --image 1420710 --effort 5 --distance-min 1.5 --distance-max 1.5 --distance-step 1.5 --strategy zenjxl --corpus-manifest benchmarks/corpora/w44_170_varied_corpus.tsv
1420710	cid22	512	512	zenjxl	5	1.7500	62310	62474	79.8465	80.0298	1.993277	2.001183	182.844	252.385	-0.263	-0.1834	-0.395	-27.553	OK	89e3c405809a53c2872179d05bda80a69503b2fb	cargo run -p jxl-encoder --release --features 'parallel butteraugli-loop ssim2-loop' --example w44_170_cjxl_step025_sweep -- --image 1420710 --effort 5 --distance-min 1.75 --distance-max 1.75 --distance-step 1.75 --strategy zenjxl --corpus-manifest benchmarks/corpora/w44_170_varied_corpus.tsv
1420710	cid22	512	512	zenjxl	5	2.0000	55681	55662	77.4232	77.7805	2.438870	2.430695	120.369	204.242	0.034	-0.3573	0.336	-41.065	OK	89e3c405809a53c2872179d05bda80a69503b2fb	cargo run -p jxl-encoder --release --features 'parallel butteraugli-loop ssim2-loop' --example w44_170_cjxl_step025_sweep -- --image 1420710 --effort 5 --distance-min 2 --distance-max 2 --distance-step 2 --strategy zenjxl --corpus-manifest benchmarks/corpora/w44_170_varied_corpus.tsv
1420710	cid22	512	512	zenjxl	5	2.2500	50398	49508	75.5002	75.8494	2.521360	2.579849	136.587	300.430	1.798	-0.3492	-2.267	-54.536	OK	89e3c405809a53c2872179d05bda80a69503b2fb	cargo run -p jxl-encoder --release --features 'parallel butteraugli-loop ssim2-loop' --example w44_170_cjxl_step025_sweep -- --image 1420710 --effort 5 --distance-min 2.25 --distance-max 2.25 --distance-step 2.25 --strategy zenjxl --corpus-manifest benchmarks/corpora/w44_170_varied_corpus.tsv
1420710	cid22	512	512	zenjxl	5	2.5000	44696	44056	73.8018	73.8547	2.987433	2.977906	139.445	192.367	1.453	-0.0529	0.320	-27.511	OK	89e3c405809a53c2872179d05bda80a69503b2fb	cargo run -p jxl-encoder --release --features 'parallel butteraugli-loop ssim2-loop' --example w44_170_cjxl_step025_sweep -- --image 1420710 --effort 5 --distance-min 2.5 --distance-max 2.5 --distance-step 2.5 --strategy zenjxl --corpus-manifest benchmarks/corpora/w44_170_varied_corpus.tsv
1420710	cid22	512	512	zenjxl	5	2.7500	41698	39532	71.8017	72.1667	3.204149	3.289352	119.820	207.550	5.479	-0.3650	-2.590	-42.269	OK	89e3c405809a53c2872179d05bda80a69503b2fb	cargo run -p jxl-encoder --release --features 'parallel butteraugli-loop ssim2-loop' --example w44_170_cjxl_step025_sweep -- --image 1420710 --effort 5 --distance-min 2.75 --distance-max 2.75 --distance-step 2.75 --strategy zenjxl --corpus-manifest benchmarks/corpora/w44_170_varied_corpus.tsv
1420710	cid22	512	512	zenjxl	5	3.0000	36225	35879	69.4296	70.2656	3.252934	3.321720	139.238	200.612	0.964	-0.8359	-2.071	-30.593	OK	89e3c405809a53c2872179d05bda80a69503b2fb	cargo run -p jxl-encoder --release --features 'parallel butteraugli-loop ssim2-loop' --example w44_170_cjxl_step025_sweep -- --image 1420710 --effort 5 --distance-min 3 --distance-max 3 --distance-step 3 --strategy zenjxl --corpus-manifest benchmarks/corpora/w44_170_varied_corpus.tsv
1420710	cid22	512	512	zenjxl	5	3.2500	33630	32504	67.8359	68.6650	3.663218	3.668725	166.568	152.860	3.464	-0.8291	-0.150	8.968	OK	89e3c405809a53c2872179d05bda80a69503b2fb	cargo run -p jxl-encoder --release --features 'parallel butteraugli-loop ssim2-loop' --example w44_170_cjxl_step025_sweep -- --image 1420710 --effort 5 --distance-min 3.25 --distance-max 3.25 --distance-step 3.25 --strategy zenjxl --corpus-manifest benchmarks/corpora/w44_170_varied_corpus.tsv
1420710	cid22	512	512	zenjxl	5	3.5000	31736	30422	66.1504	67.2939	3.817505	3.693478	127.195	219.181	4.319	-1.1435	3.358	-41.968	OK	89e3c405809a53c2872179d05bda80a69503b2fb	cargo run -p jxl-encoder --release --features 'parallel butteraugli-loop ssim2-loop' --example w44_170_cjxl_step025_sweep -- --image 1420710 --effort 5 --distance-min 3.5 --distance-max 3.5 --distance-step 3.5 --strategy zenjxl --corpus-manifest benchmarks/corpora/w44_170_varied_corpus.tsv
1420710	cid22	512	512	zenjxl	5	3.7500	30006	28599	65.1607	65.9572	3.958534	3.987480	97.656	187.174	4.920	-0.7965	-0.726	-47.826	OK	89e3c405809a53c2872179d05bda80a69503b2fb	cargo run -p jxl-encoder --release --features 'parallel butteraugli-loop ssim2-loop' --example w44_170_cjxl_step025_sweep -- --image 1420710 --effort 5 --distance-min 3.75 --distance-max 3.75 --distance-step 3.75 --strategy zenjxl --corpus-manifest benchmarks/corpora/w44_170_varied_corpus.tsv
1420710	cid22	512	512	zenjxl	5	4.0000	28508	27191	62.5363	63.1105	4.102270	4.134878	180.470	259.167	4.844	-0.5741	-0.789	-30.365	OK	89e3c405809a53c2872179d05bda80a69503b2fb	cargo run -p jxl-encoder --release --features 'parallel butteraugli-loop ssim2-loop' --example w44_170_cjxl_step025_sweep -- --image 1420710 --effort 5 --distance-min 4 --distance-max 4 --distance-step 4 --strategy zenjxl --corpus-manifest benchmarks/corpora/w44_170_varied_corpus.tsv
1420710	cid22	512	512	zenjxl	5	4.2500	27679	26305	60.8108	61.6915	4.584341	4.619252	154.951	238.243	5.223	-0.8807	-0.756	-34.961	OK	89e3c405809a53c2872179d05bda80a69503b2fb	cargo run -p jxl-encoder --release --features 'parallel butteraugli-loop ssim2-loop' --example w44_170_cjxl_step025_sweep -- --image 1420710 --effort 5 --distance-min 4.25 --distance-max 4.25 --distance-step 4.25 --strategy zenjxl --corpus-manifest benchmarks/corpora/w44_170_varied_corpus.tsv
1420710	cid22	512	512	zenjxl	5	4.5000	26183	25193	59.5093	60.6320	4.324758	4.334537	141.686	324.296	3.930	-1.1227	-0.226	-56.309	OK	89e3c405809a53c2872179d05bda80a69503b2fb	cargo run -p jxl-encoder --release --features 'parallel butteraugli-loop ssim2-loop' --example w44_170_cjxl_step025_sweep -- --image 1420710 --effort 5 --distance-min 4.5 --distance-max 4.5 --distance-step 4.5 --strategy zenjxl --corpus-manifest benchmarks/corpora/w44_170_varied_corpus.tsv
1420710	cid22	512	512	zenjxl	5	4.7500	25401	24194	58.0848	59.3198	4.702633	4.696537	158.573	454.014	4.989	-1.2350	0.130	-65.073	OK	89e3c405809a53c2872179d05bda80a69503b2fb	cargo run -p jxl-encoder --release --features 'parallel butteraugli-loop ssim2-loop' --example w44_170_cjxl_step025_sweep -- --image 1420710 --effort 5 --distance-min 4.75 --distance-max 4.75 --distance-step 4.75 --strategy zenjxl --corpus-manifest benchmarks/corpora/w44_170_varied_corpus.tsv
1420710	cid22	512	512	zenjxl	5	5.0000	24550	23261	56.9300	58.0268	4.782934	4.443818	163.794	206.348	5.541	-1.0968	7.631	-20.622	OK	89e3c405809a53c2872179d05bda80a69503b2fb	cargo run -p jxl-encoder --release --features 'parallel butteraugli-loop ssim2-loop' --example w44_170_cjxl_step025_sweep -- --image 1420710 --effort 5 --distance-min 5 --distance-max 5 --distance-step 5 --strategy zenjxl --corpus-manifest benchmarks/corpora/w44_170_varied_corpus.tsv
1420710	cid22	512	512	zenjxl	6	0.2500	184051	183561	94.1329	94.1379	0.498971	0.500593	257.234	336.061	0.267	-0.0049	-0.324	-23.456	OK	89e3c405809a53c2872179d05bda80a69503b2fb	cargo run -p jxl-encoder --release --features 'parallel butteraugli-loop ssim2-loop' --example w44_170_cjxl_step025_sweep -- --image 1420710 --effort 6 --distance-min 0.25 --distance-max 0.25 --distance-step 0.25 --strategy zenjxl --corpus-manifest benchmarks/corpora/w44_170_varied_corpus.tsv
1420710	cid22	512	512	zenjxl	6	0.5000	134774	134672	91.5294	91.5530	0.778299	0.773514	294.534	329.438	0.076	-0.0236	0.619	-10.595	OK	89e3c405809a53c2872179d05bda80a69503b2fb	cargo run -p jxl-encoder --release --features 'parallel butteraugli-loop ssim2-loop' --example w44_170_cjxl_step025_sweep -- --image 1420710 --effort 6 --distance-min 0.5 --distance-max 0.5 --distance-step 0.5 --strategy zenjxl --corpus-manifest benchmarks/corpora/w44_170_varied_corpus.tsv
1420710	cid22	512	512	zenjxl	6	0.7500	109301	109626	89.0390	89.0361	0.932298	0.942133	289.129	623.893	-0.296	0.0029	-1.044	-53.657	OK	89e3c405809a53c2872179d05bda80a69503b2fb	cargo run -p jxl-encoder --release --features 'parallel butteraugli-loop ssim2-loop' --example w44_170_cjxl_step025_sweep -- --image 1420710 --effort 6 --distance-min 0.75 --distance-max 0.75 --distance-step 0.75 --strategy zenjxl --corpus-manifest benchmarks/corpora/w44_170_varied_corpus.tsv
1420710	cid22	512	512	zenjxl	6	1.0000	91980	92416	86.6301	86.7442	1.203190	1.211805	327.404	469.635	-0.472	-0.1141	-0.711	-30.285	OK	89e3c405809a53c2872179d05bda80a69503b2fb	cargo run -p jxl-encoder --release --features 'parallel butteraugli-loop ssim2-loop' --example w44_170_cjxl_step025_sweep -- --image 1420710 --effort 6 --distance-min 1 --distance-max 1 --distance-step 1 --strategy zenjxl --corpus-manifest benchmarks/corpora/w44_170_varied_corpus.tsv
1420710	cid22	512	512	zenjxl	6	1.2500	79303	79796	84.1217	84.3606	1.505525	1.525527	316.307	391.202	-0.618	-0.2389	-1.311	-19.145	OK	89e3c405809a53c2872179d05bda80a69503b2fb	cargo run -p jxl-encoder --release --features 'parallel butteraugli-loop ssim2-loop' --example w44_170_cjxl_step025_sweep -- --image 1420710 --effort 6 --distance-min 1.25 --distance-max 1.25 --distance-step 1.25 --strategy zenjxl --corpus-manifest benchmarks/corpora/w44_170_varied_corpus.tsv
1420710	cid22	512	512	zenjxl	6	1.5000	69859	70316	81.9840	82.2518	1.769625	1.784778	340.737	330.520	-0.650	-0.2678	-0.849	3.091	OK	89e3c405809a53c2872179d05bda80a69503b2fb	cargo run -p jxl-encoder --release --features 'parallel butteraugli-loop ssim2-loop' --example w44_170_cjxl_step025_sweep -- --image 1420710 --effort 6 --distance-min 1.5 --distance-max 1.5 --distance-step 1.5 --strategy zenjxl --corpus-manifest benchmarks/corpora/w44_170_varied_corpus.tsv
1420710	cid22	512	512	zenjxl	6	1.7500	62393	62540	79.8333	80.0106	1.991855	2.022210	355.847	429.137	-0.235	-0.1773	-1.501	-17.078	OK	89e3c405809a53c2872179d05bda80a69503b2fb	cargo run -p jxl-encoder --release --features 'parallel butteraugli-loop ssim2-loop' --example w44_170_cjxl_step025_sweep -- --image 1420710 --effort 6 --distance-min 1.75 --distance-max 1.75 --distance-step 1.75 --strategy zenjxl --corpus-manifest benchmarks/corpora/w44_170_varied_corpus.tsv
1420710	cid22	512	512	zenjxl	6	2.0000	56000	55940	77.5258	77.8710	2.310233	2.336734	254.786	382.265	0.107	-0.3453	-1.134	-33.348	OK	89e3c405809a53c2872179d05bda80a69503b2fb	cargo run -p jxl-encoder --release --features 'parallel butteraugli-loop ssim2-loop' --example w44_170_cjxl_step025_sweep -- --image 1420710 --effort 6 --distance-min 2 --distance-max 2 --distance-step 2 --strategy zenjxl --corpus-manifest benchmarks/corpora/w44_170_varied_corpus.tsv
1420710	cid22	512	512	zenjxl	6	2.2500	50331	49800	75.6851	75.9539	2.518694	2.584845	313.395	392.580	1.066	-0.2688	-2.559	-20.170	OK	89e3c405809a53c2872179d05bda80a69503b2fb	cargo run -p jxl-encoder --release --features 'parallel butteraugli-loop ssim2-loop' --example w44_170_cjxl_step025_sweep -- --image 1420710 --effort 6 --distance-min 2.25 --distance-max 2.25 --distance-step 2.25 --strategy zenjxl --corpus-manifest benchmarks/corpora/w44_170_varied_corpus.tsv
1420710	cid22	512	512	zenjxl	6	2.5000	46280	44313	74.0154	73.8801	2.805637	2.824249	400.650	367.030	4.439	0.1352	-0.659	9.160	OK	89e3c405809a53c2872179d05bda80a69503b2fb	cargo run -p jxl-encoder --release --features 'parallel butteraugli-loop ssim2-loop' --example w44_170_cjxl_step025_sweep -- --image 1420710 --effort 6 --distance-min 2.5 --distance-max 2.5 --distance-step 2.5 --strategy zenjxl --corpus-manifest benchmarks/corpora/w44_170_varied_corpus.tsv
1420710	cid22	512	512	zenjxl	6	2.7500	41346	40162	72.1186	72.6379	3.123791	3.148883	303.350	371.917	2.948	-0.5193	-0.797	-18.436	OK	89e3c405809a53c2872179d05bda80a69503b2fb	cargo run -p jxl-encoder --release --features 'parallel butteraugli-loop ssim2-loop' --example w44_170_cjxl_step025_sweep -- --image 1420710 --effort 6 --distance-min 2.75 --distance-max 2.75 --distance-step 2.75 --strategy zenjxl --corpus-manifest benchmarks/corpora/w44_170_varied_corpus.tsv
1420710	cid22	512	512	zenjxl	6	3.0000	36549	36567	69.6497	70.6345	3.463162	3.524226	278.567	490.971	-0.049	-0.9847	-1.733	-43.262	OK	89e3c405809a53c2872179d05bda80a69503b2fb	cargo run -p jxl-encoder --release --features 'parallel butteraugli-loop ssim2-loop' --example w44_170_cjxl_step025_sweep -- --image 1420710 --effort 6 --distance-min 3 --distance-max 3 --distance-step 3 --strategy zenjxl --corpus-manifest benchmarks/corpora/w44_170_varied_corpus.tsv
1420710	cid22	512	512	zenjxl	6	3.2500	33867	33252	68.0478	69.1466	3.723786	3.445857	321.193	397.228	1.850	-1.0987	8.066	-19.141	OK	89e3c405809a53c2872179d05bda80a69503b2fb	cargo run -p jxl-encoder --release --features 'parallel butteraugli-loop ssim2-loop' --example w44_170_cjxl_step025_sweep -- --image 1420710 --effort 6 --distance-min 3.25 --distance-max 3.25 --distance-step 3.25 --strategy zenjxl --corpus-manifest benchmarks/corpora/w44_170_varied_corpus.tsv
1420710	cid22	512	512	zenjxl	6	3.5000	31999	31055	66.3991	67.5926	3.773552	3.541120	243.794	347.229	3.040	-1.1935	6.564	-29.789	OK	89e3c405809a53c2872179d05bda80a69503b2fb	cargo run -p jxl-encoder --release --features 'parallel butteraugli-loop ssim2-loop' --example w44_170_cjxl_step025_sweep -- --image 1420710 --effort 6 --distance-min 3.5 --distance-max 3.5 --distance-step 3.5 --strategy zenjxl --corpus-manifest benchmarks/corpora/w44_170_varied_corpus.tsv
1420710	cid22	512	512	zenjxl	6	3.7500	30263	29215	65.5143	66.5052	3.989896	3.984661	205.686	549.207	3.587	-0.9909	0.131	-62.549	OK	89e3c405809a53c2872179d05bda80a69503b2fb	cargo run -p jxl-encoder --release --features 'parallel butteraugli-loop ssim2-loop' --example w44_170_cjxl_step025_sweep -- --image 1420710 --effort 6 --distance-min 3.75 --distance-max 3.75 --distance-step 3.75 --strategy zenjxl --corpus-manifest benchmarks/corpora/w44_170_varied_corpus.tsv
1420710	cid22	512	512	zenjxl	6	4.0000	29081	27931	64.2027	65.1915	4.050607	3.956807	438.917	484.190	4.117	-0.9888	2.371	-9.350	OK	89e3c405809a53c2872179d05bda80a69503b2fb	cargo run -p jxl-encoder --release --features 'parallel butteraugli-loop ssim2-loop' --example w44_170_cjxl_step025_sweep -- --image 1420710 --effort 6 --distance-min 4 --distance-max 4 --distance-step 4 --strategy zenjxl --corpus-manifest benchmarks/corpora/w44_170_varied_corpus.tsv
1420710	cid22	512	512	zenjxl	6	4.2500	27887	26795	62.6635	63.7753	4.668184	4.314613	356.673	361.519	4.075	-1.1118	8.195	-1.340	OK	89e3c405809a53c2872179d05bda80a69503b2fb	cargo run -p jxl-encoder --release --features 'parallel butteraugli-loop ssim2-loop' --example w44_170_cjxl_step025_sweep -- --image 1420710 --effort 6 --distance-min 4.25 --distance-max 4.25 --distance-step 4.25 --strategy zenjxl --corpus-manifest benchmarks/corpora/w44_170_varied_corpus.tsv
1420710	cid22	512	512	zenjxl	6	4.5000	26395	25735	61.2945	62.5868	4.659933	4.516955	420.986	373.647	2.565	-1.2924	3.165	12.669	OK	89e3c405809a53c2872179d05bda80a69503b2fb	cargo run -p jxl-encoder --release --features 'parallel butteraugli-loop ssim2-loop' --example w44_170_cjxl_step025_sweep -- --image 1420710 --effort 6 --distance-min 4.5 --distance-max 4.5 --distance-step 4.5 --strategy zenjxl --corpus-manifest benchmarks/corpora/w44_170_varied_corpus.tsv
1420710	cid22	512	512	zenjxl	6	4.7500	25593	24642	60.1699	61.8352	4.508339	4.245632	300.503	406.608	3.859	-1.6653	6.188	-26.095	OK	89e3c405809a53c2872179d05bda80a69503b2fb	cargo run -p jxl-encoder --release --features 'parallel butteraugli-loop ssim2-loop' --example w44_170_cjxl_step025_sweep -- --image 1420710 --effort 6 --distance-min 4.75 --distance-max 4.75 --distance-step 4.75 --strategy zenjxl --corpus-manifest benchmarks/corpora/w44_170_varied_corpus.tsv
1420710	cid22	512	512	zenjxl	6	5.0000	24764	23643	59.3712	60.8768	5.288063	4.526969	318.286	379.065	4.741	-1.5056	16.812	-16.034	OK	89e3c405809a53c2872179d05bda80a69503b2fb	cargo run -p jxl-encoder --release --features 'parallel butteraugli-loop ssim2-loop' --example w44_170_cjxl_step025_sweep -- --image 1420710 --effort 6 --distance-min 5 --distance-max 5 --distance-step 5 --strategy zenjxl --corpus-manifest benchmarks/corpora/w44_170_varied_corpus.tsv
1420710	cid22	512	512	zenjxl	7	0.2500	184051	183612	94.1329	94.0970	0.498971	0.500593	276.582	297.569	0.239	0.0359	-0.324	-7.053	OK	89e3c405809a53c2872179d05bda80a69503b2fb	cargo run -p jxl-encoder --release --features 'parallel butteraugli-loop ssim2-loop' --example w44_170_cjxl_step025_sweep -- --image 1420710 --effort 7 --distance-min 0.25 --distance-max 0.25 --distance-step 0.25 --strategy zenjxl --corpus-manifest benchmarks/corpora/w44_170_varied_corpus.tsv
1420710	cid22	512	512	zenjxl	7	0.5000	134779	134670	91.4890	91.5814	0.778299	0.773057	279.868	373.243	0.081	-0.0925	0.678	-25.017	OK	89e3c405809a53c2872179d05bda80a69503b2fb	cargo run -p jxl-encoder --release --features 'parallel butteraugli-loop ssim2-loop' --example w44_170_cjxl_step025_sweep -- --image 1420710 --effort 7 --distance-min 0.5 --distance-max 0.5 --distance-step 0.5 --strategy zenjxl --corpus-manifest benchmarks/corpora/w44_170_varied_corpus.tsv
1420710	cid22	512	512	zenjxl	7	0.7500	109311	109648	89.0366	89.0469	0.932298	0.942133	434.188	443.539	-0.307	-0.0104	-1.044	-2.108	OK	89e3c405809a53c2872179d05bda80a69503b2fb	cargo run -p jxl-encoder --release --features 'parallel butteraugli-loop ssim2-loop' --example w44_170_cjxl_step025_sweep -- --image 1420710 --effort 7 --distance-min 0.75 --distance-max 0.75 --distance-step 0.75 --strategy zenjxl --corpus-manifest benchmarks/corpora/w44_170_varied_corpus.tsv
1420710	cid22	512	512	zenjxl	7	1.0000	91988	92420	86.6158	86.7500	1.203190	1.211805	494.228	482.576	-0.467	-0.1342	-0.711	2.414	OK	89e3c405809a53c2872179d05bda80a69503b2fb	cargo run -p jxl-encoder --release --features 'parallel butteraugli-loop ssim2-loop' --example w44_170_cjxl_step025_sweep -- --image 1420710 --effort 7 --distance-min 1 --distance-max 1 --distance-step 1 --strategy zenjxl --corpus-manifest benchmarks/corpora/w44_170_varied_corpus.tsv
1420710	cid22	512	512	zenjxl	7	1.2500	79311	79798	84.1221	84.3695	1.505096	1.525527	353.816	430.525	-0.610	-0.2475	-1.339	-17.817	OK	89e3c405809a53c2872179d05bda80a69503b2fb	cargo run -p jxl-encoder --release --features 'parallel butteraugli-loop ssim2-loop' --example w44_170_cjxl_step025_sweep -- --image 1420710 --effort 7 --distance-min 1.25 --distance-max 1.25 --distance-step 1.25 --strategy zenjxl --corpus-manifest benchmarks/corpora/w44_170_varied_corpus.tsv
1420710	cid22	512	512	zenjxl	7	1.5000	69859	70295	81.9617	82.2420	1.769625	1.784778	453.902	560.722	-0.620	-0.2803	-0.849	-19.050	OK	89e3c405809a53c2872179d05bda80a69503b2fb	cargo run -p jxl-encoder --release --features 'parallel butteraugli-loop ssim2-loop' --example w44_170_cjxl_step025_sweep -- --image 1420710 --effort 7 --distance-min 1.5 --distance-max 1.5 --distance-step 1.5 --strategy zenjxl --corpus-manifest benchmarks/corpora/w44_170_varied_corpus.tsv
1420710	cid22	512	512	zenjxl	7	1.7500	62393	62534	79.8094	80.0234	1.991855	2.022210	346.647	697.659	-0.225	-0.2140	-1.501	-50.313	OK	89e3c405809a53c2872179d05bda80a69503b2fb	cargo run -p jxl-encoder --release --features 'parallel butteraugli-loop ssim2-loop' --example w44_170_cjxl_step025_sweep -- --image 1420710 --effort 7 --distance-min 1.75 --distance-max 1.75 --distance-step 1.75 --strategy zenjxl --corpus-manifest benchmarks/corpora/w44_170_varied_corpus.tsv
1420710	cid22	512	512	zenjxl	7	2.0000	55779	55869	77.4838	77.8999	2.310382	2.336734	439.622	464.620	-0.161	-0.4162	-1.128	-5.380	OK	89e3c405809a53c2872179d05bda80a69503b2fb	cargo run -p jxl-encoder --release --features 'parallel butteraugli-loop ssim2-loop' --example w44_170_cjxl_step025_sweep -- --image 1420710 --effort 7 --distance-min 2 --distance-max 2 --distance-step 2 --strategy zenjxl --corpus-manifest benchmarks/corpora/w44_170_varied_corpus.tsv
1420710	cid22	512	512	zenjxl	7	2.2500	50465	49788	75.5642	75.9542	2.519142	2.584845	333.385	449.536	1.360	-0.3900	-2.542	-25.838	OK	89e3c405809a53c2872179d05bda80a69503b2fb	cargo run -p jxl-encoder --release --features 'parallel butteraugli-loop ssim2-loop' --example w44_170_cjxl_step025_sweep -- --image 1420710 --effort 7 --distance-min 2.25 --distance-max 2.25 --distance-step 2.25 --strategy zenjxl --corpus-manifest benchmarks/corpora/w44_170_varied_corpus.tsv
1420710	cid22	512	512	zenjxl	7	2.5000	44945	44315	73.9591	73.8919	2.806531	2.824249	364.504	404.800	1.422	0.0672	-0.627	-9.955	OK	89e3c405809a53c2872179d05bda80a69503b2fb	cargo run -p jxl-encoder --release --features 'parallel butteraugli-loop ssim2-loop' --example w44_170_cjxl_step025_sweep -- --image 1420710 --effort 7 --distance-min 2.5 --distance-max 2.5 --distance-step 2.5 --strategy zenjxl --corpus-manifest benchmarks/corpora/w44_170_varied_corpus.tsv
1420710	cid22	512	512	zenjxl	7	2.7500	41414	40193	72.1101	72.6327	3.123791	3.148883	320.353	565.323	3.038	-0.5226	-0.797	-43.333	OK	89e3c405809a53c2872179d05bda80a69503b2fb	cargo run -p jxl-encoder --release --features 'parallel butteraugli-loop ssim2-loop' --example w44_170_cjxl_step025_sweep -- --image 1420710 --effort 7 --distance-min 2.75 --distance-max 2.75 --distance-step 2.75 --strategy zenjxl --corpus-manifest benchmarks/corpora/w44_170_varied_corpus.tsv
1420710	cid22	512	512	zenjxl	7	3.0000	36505	36567	69.5584	70.6436	3.463837	3.524226	348.047	466.503	-0.170	-1.0853	-1.714	-25.392	OK	89e3c405809a53c2872179d05bda80a69503b2fb	cargo run -p jxl-encoder --release --features 'parallel butteraugli-loop ssim2-loop' --example w44_170_cjxl_step025_sweep -- --image 1420710 --effort 7 --distance-min 3 --distance-max 3 --distance-step 3 --strategy zenjxl --corpus-manifest benchmarks/corpora/w44_170_varied_corpus.tsv
1420710	cid22	512	512	zenjxl	7	3.2500	33817	33238	68.0189	69.1099	3.723786	3.445857	338.227	486.658	1.742	-1.0910	8.066	-30.500	OK	89e3c405809a53c2872179d05bda80a69503b2fb	cargo run -p jxl-encoder --release --features 'parallel butteraugli-loop ssim2-loop' --example w44_170_cjxl_step025_sweep -- --image 1420710 --effort 7 --distance-min 3.25 --distance-max 3.25 --distance-step 3.25 --strategy zenjxl --corpus-manifest benchmarks/corpora/w44_170_varied_corpus.tsv
1420710	cid22	512	512	zenjxl	7	3.5000	31184	31055	66.4137	67.5926	3.773482	3.541120	383.871	374.515	0.415	-1.1789	6.562	2.498	OK	89e3c405809a53c2872179d05bda80a69503b2fb	cargo run -p jxl-encoder --release --features 'parallel butteraugli-loop ssim2-loop' --example w44_170_cjxl_step025_sweep -- --image 1420710 --effort 7 --distance-min 3.5 --distance-max 3.5 --distance-step 3.5 --strategy zenjxl --corpus-manifest benchmarks/corpora/w44_170_varied_corpus.tsv
1420710	cid22	512	512	zenjxl	7	3.7500	30389	29213	65.5211	66.4818	3.989896	3.984661	392.719	615.474	4.026	-0.9607	0.131	-36.192	OK	89e3c405809a53c2872179d05bda80a69503b2fb	cargo run -p jxl-encoder --release --features 'parallel butteraugli-loop ssim2-loop' --example w44_170_cjxl_step025_sweep -- --image 1420710 --effort 7 --distance-min 3.75 --distance-max 3.75 --distance-step 3.75 --strategy zenjxl --corpus-manifest benchmarks/corpora/w44_170_varied_corpus.tsv
1420710	cid22	512	512	zenjxl	7	4.0000	26894	27929	64.1671	65.1841	4.050607	3.956807	458.165	464.929	-3.706	-1.0170	2.371	-1.455	OK	89e3c405809a53c2872179d05bda80a69503b2fb	cargo run -p jxl-encoder --release --features 'parallel butteraugli-loop ssim2-loop' --example w44_170_cjxl_step025_sweep -- --image 1420710 --effort 7 --distance-min 4 --distance-max 4 --distance-step 4 --strategy zenjxl --corpus-manifest benchmarks/corpora/w44_170_varied_corpus.tsv
1420710	cid22	512	512	zenjxl	7	4.2500	27851	26795	62.6783	63.7753	4.668184	4.314613	526.847	463.263	3.941	-1.0970	8.195	13.725	OK	89e3c405809a53c2872179d05bda80a69503b2fb	cargo run -p jxl-encoder --release --features 'parallel butteraugli-loop ssim2-loop' --example w44_170_cjxl_step025_sweep -- --image 1420710 --effort 7 --distance-min 4.25 --distance-max 4.25 --distance-step 4.25 --strategy zenjxl --corpus-manifest benchmarks/corpora/w44_170_varied_corpus.tsv
1420710	cid22	512	512	zenjxl	7	4.5000	26328	25734	61.3344	62.5757	4.659933	4.516955	506.629	295.868	2.308	-1.2413	3.165	71.235	OK	89e3c405809a53c2872179d05bda80a69503b2fb	cargo run -p jxl-encoder --release --features 'parallel butteraugli-loop ssim2-loop' --example w44_170_cjxl_step025_sweep -- --image 1420710 --effort 7 --distance-min 4.5 --distance-max 4.5 --distance-step 4.5 --strategy zenjxl --corpus-manifest benchmarks/corpora/w44_170_varied_corpus.tsv
1420710	cid22	512	512	zenjxl	7	4.7500	25433	24642	60.1810	61.8352	4.508339	4.245632	420.010	338.806	3.210	-1.6542	6.188	23.968	OK	89e3c405809a53c2872179d05bda80a69503b2fb	cargo run -p jxl-encoder --release --features 'parallel butteraugli-loop ssim2-loop' --example w44_170_cjxl_step025_sweep -- --image 1420710 --effort 7 --distance-min 4.75 --distance-max 4.75 --distance-step 4.75 --strategy zenjxl --corpus-manifest benchmarks/corpora/w44_170_varied_corpus.tsv
1420710	cid22	512	512	zenjxl	7	5.0000	24766	23643	59.3781	60.8768	5.288063	4.526969	326.331	479.102	4.750	-1.4986	16.812	-31.887	OK	89e3c405809a53c2872179d05bda80a69503b2fb	cargo run -p jxl-encoder --release --features 'parallel butteraugli-loop ssim2-loop' --example w44_170_cjxl_step025_sweep -- --image 1420710 --effort 7 --distance-min 5 --distance-max 5 --distance-step 5 --strategy zenjxl --corpus-manifest benchmarks/corpora/w44_170_varied_corpus.tsv
1420710	cid22	512	512	zenjxl	8	0.2500	194120	193955	94.5541	94.4701	0.389287	0.365015	1224.592	1729.984	0.085	0.0840	6.649	-29.214	OK	89e3c405809a53c2872179d05bda80a69503b2fb	cargo run -p jxl-encoder --release --features 'parallel butteraugli-loop ssim2-loop' --example w44_170_cjxl_step025_sweep -- --image 1420710 --effort 8 --distance-min 0.25 --distance-max 0.25 --distance-step 0.25 --strategy zenjxl --corpus-manifest benchmarks/corpora/w44_170_varied_corpus.tsv
1420710	cid22	512	512	zenjxl	8	0.5000	137993	137953	91.7272	91.7494	0.703071	0.697580	977.441	1366.208	0.029	-0.0222	0.787	-28.456	OK	89e3c405809a53c2872179d05bda80a69503b2fb	cargo run -p jxl-encoder --release --features 'parallel butteraugli-loop ssim2-loop' --example w44_170_cjxl_step025_sweep -- --image 1420710 --effort 8 --distance-min 0.5 --distance-max 0.5 --distance-step 0.5 --strategy zenjxl --corpus-manifest benchmarks/corpora/w44_170_varied_corpus.tsv
1420710	cid22	512	512	zenjxl	8	0.7500	105585	106003	88.5747	88.6881	0.932404	0.938008	1398.981	1623.347	-0.394	-0.1134	-0.597	-13.821	OK	89e3c405809a53c2872179d05bda80a69503b2fb	cargo run -p jxl-encoder --release --features 'parallel butteraugli-loop ssim2-loop' --example w44_170_cjxl_step025_sweep -- --image 1420710 --effort 8 --distance-min 0.75 --distance-max 0.75 --distance-step 0.75 --strategy zenjxl --corpus-manifest benchmarks/corpora/w44_170_varied_corpus.tsv
1420710	cid22	512	512	zenjxl	8	1.0000	87870	88485	85.9772	86.1693	1.316883	1.335591	1526.142	1749.656	-0.695	-0.1921	-1.401	-12.775	OK	89e3c405809a53c2872179d05bda80a69503b2fb	cargo run -p jxl-encoder --release --features 'parallel butteraugli-loop ssim2-loop' --example w44_170_cjxl_step025_sweep -- --image 1420710 --effort 8 --distance-min 1 --distance-max 1 --distance-step 1 --strategy zenjxl --corpus-manifest benchmarks/corpora/w44_170_varied_corpus.tsv
1420710	cid22	512	512	zenjxl	8	1.2500	75179	75801	83.1121	83.5073	1.675416	1.675465	1416.211	1975.813	-0.821	-0.3952	-0.003	-28.323	OK	89e3c405809a53c2872179d05bda80a69503b2fb	cargo run -p jxl-encoder --release --features 'parallel butteraugli-loop ssim2-loop' --example w44_170_cjxl_step025_sweep -- --image 1420710 --effort 8 --distance-min 1.25 --distance-max 1.25 --distance-step 1.25 --strategy zenjxl --corpus-manifest benchmarks/corpora/w44_170_varied_corpus.tsv
1420710	cid22	512	512	zenjxl	8	1.5000	65875	66535	80.9299	81.2347	1.741155	1.762561	1889.047	1846.832	-0.992	-0.3048	-1.214	2.286	OK	89e3c405809a53c2872179d05bda80a69503b2fb	cargo run -p jxl-encoder --release --features 'parallel butteraugli-loop ssim2-loop' --example w44_170_cjxl_step025_sweep -- --image 1420710 --effort 8 --distance-min 1.5 --distance-max 1.5 --distance-step 1.5 --strategy zenjxl --corpus-manifest benchmarks/corpora/w44_170_varied_corpus.tsv
1420710	cid22	512	512	zenjxl	8	1.7500	58473	58868	78.8380	79.0781	2.015933	1.923471	1234.503	1767.733	-0.671	-0.2400	4.807	-30.165	OK	89e3c405809a53c2872179d05bda80a69503b2fb	cargo run -p jxl-encoder --release --features 'parallel butteraugli-loop ssim2-loop' --example w44_170_cjxl_step025_sweep -- --image 1420710 --effort 8 --distance-min 1.75 --distance-max 1.75 --distance-step 1.75 --strategy zenjxl --corpus-manifest benchmarks/corpora/w44_170_varied_corpus.tsv
1420710	cid22	512	512	zenjxl	8	2.0000	52184	52481	76.5142	77.0121	2.343131	2.495016	1670.835	1827.897	-0.566	-0.4979	-6.088	-8.592	OK	89e3c405809a53c2872179d05bda80a69503b2fb	cargo run -p jxl-encoder --release --features 'parallel butteraugli-loop ssim2-loop' --example w44_170_cjxl_step025_sweep -- --image 1420710 --effort 8 --distance-min 2 --distance-max 2 --distance-step 2 --strategy zenjxl --corpus-manifest benchmarks/corpora/w44_170_varied_corpus.tsv
1420710	cid22	512	512	zenjxl	8	2.2500	47366	47006	74.3806	74.9406	2.562474	2.504970	1536.150	1471.145	0.766	-0.5600	2.296	4.419	OK	89e3c405809a53c2872179d05bda80a69503b2fb	cargo run -p jxl-encoder --release --features 'parallel butteraugli-loop ssim2-loop' --example w44_170_cjxl_step025_sweep -- --image 1420710 --effort 8 --distance-min 2.25 --distance-max 2.25 --distance-step 2.25 --strategy zenjxl --corpus-manifest benchmarks/corpora/w44_170_varied_corpus.tsv
1420710	cid22	512	512	zenjxl	8	2.5000	41650	41773	72.4894	72.9656	2.937817	2.975180	1461.671	1400.885	-0.294	-0.4762	-1.256	4.339	OK	89e3c405809a53c2872179d05bda80a69503b2fb	cargo run -p jxl-encoder --release --features 'parallel butteraugli-loop ssim2-loop' --example w44_170_cjxl_step025_sweep -- --image 1420710 --effort 8 --distance-min 2.5 --distance-max 2.5 --distance-step 2.5 --strategy zenjxl --corpus-manifest benchmarks/corpora/w44_170_varied_corpus.tsv
1420710	cid22	512	512	zenjxl	8	2.7500	38574	37662	70.7812	71.1771	3.179906	3.195005	1861.784	1310.773	2.422	-0.3959	-0.473	42.037	OK	89e3c405809a53c2872179d05bda80a69503b2fb	cargo run -p jxl-encoder --release --features 'parallel butteraugli-loop ssim2-loop' --example w44_170_cjxl_step025_sweep -- --image 1420710 --effort 8 --distance-min 2.75 --distance-max 2.75 --distance-step 2.75 --strategy zenjxl --corpus-manifest benchmarks/corpora/w44_170_varied_corpus.tsv
1420710	cid22	512	512	zenjxl	8	3.0000	34610	34454	68.5401	69.4006	3.376996	3.360425	1560.195	1638.836	0.453	-0.8605	0.493	-4.799	OK	89e3c405809a53c2872179d05bda80a69503b2fb	cargo run -p jxl-encoder --release --features 'parallel butteraugli-loop ssim2-loop' --example w44_170_cjxl_step025_sweep -- --image 1420710 --effort 8 --distance-min 3 --distance-max 3 --distance-step 3 --strategy zenjxl --corpus-manifest benchmarks/corpora/w44_170_varied_corpus.tsv
1420710	cid22	512	512	zenjxl	8	3.2500	32085	31485	67.0814	67.9636	3.759111	3.601276	1819.233	1868.821	1.906	-0.8822	4.383	-2.653	OK	89e3c405809a53c2872179d05bda80a69503b2fb	cargo run -p jxl-encoder --release --features 'parallel butteraugli-loop ssim2-loop' --example w44_170_cjxl_step025_sweep -- --image 1420710 --effort 8 --distance-min 3.25 --distance-max 3.25 --distance-step 3.25 --strategy zenjxl --corpus-manifest benchmarks/corpora/w44_170_varied_corpus.tsv
1420710	cid22	512	512	zenjxl	8	3.5000	29450	29285	65.3979	66.3792	3.762165	3.861942	1124.132	1793.447	0.563	-0.9813	-2.584	-37.320	OK	89e3c405809a53c2872179d05bda80a69503b2fb	cargo run -p jxl-encoder --release --features 'parallel butteraugli-loop ssim2-loop' --example w44_170_cjxl_step025_sweep -- --image 1420710 --effort 8 --distance-min 3.5 --distance-max 3.5 --distance-step 3.5 --strategy zenjxl --corpus-manifest benchmarks/corpora/w44_170_varied_corpus.tsv
1420710	cid22	512	512	zenjxl	8	3.7500	28665	27562	64.0828	65.2067	4.146160	4.242418	1536.861	1829.318	4.002	-1.1239	-2.269	-15.987	OK	89e3c405809a53c2872179d05bda80a69503b2fb	cargo run -p jxl-encoder --release --features 'parallel butteraugli-loop ssim2-loop' --example w44_170_cjxl_step025_sweep -- --image 1420710 --effort 8 --distance-min 3.75 --distance-max 3.75 --distance-step 3.75 --strategy zenjxl --corpus-manifest benchmarks/corpora/w44_170_varied_corpus.tsv
1420710	cid22	512	512	zenjxl	8	4.0000	25049	26257	62.4744	63.4660	4.181579	4.322836	1574.864	1388.988	-4.601	-0.9916	-3.268	13.382	OK	89e3c405809a53c2872179d05bda80a69503b2fb	cargo run -p jxl-encoder --release --features 'parallel butteraugli-loop ssim2-loop' --example w44_170_cjxl_step025_sweep -- --image 1420710 --effort 8 --distance-min 4 --distance-max 4 --distance-step 4 --strategy zenjxl --corpus-manifest benchmarks/corpora/w44_170_varied_corpus.tsv
1420710	cid22	512	512	zenjxl	8	4.2500	25855	25098	60.9569	62.2145	4.605518	4.526469	1515.672	1833.974	3.016	-1.2576	1.746	-17.356	OK	89e3c405809a53c2872179d05bda80a69503b2fb	cargo run -p jxl-encoder --release --features 'parallel butteraugli-loop ssim2-loop' --example w44_170_cjxl_step025_sweep -- --image 1420710 --effort 8 --distance-min 4.25 --distance-max 4.25 --distance-step 4.25 --strategy zenjxl --corpus-manifest benchmarks/corpora/w44_170_varied_corpus.tsv
1420710	cid22	512	512	zenjxl	8	4.5000	24257	24058	59.7340	61.0818	4.756919	4.614526	1468.936	1575.369	0.827	-1.3479	3.086	-6.756	OK	89e3c405809a53c2872179d05bda80a69503b2fb	cargo run -p jxl-encoder --release --features 'parallel butteraugli-loop ssim2-loop' --example w44_170_cjxl_step025_sweep -- --image 1420710 --effort 8 --distance-min 4.5 --distance-max 4.5 --distance-step 4.5 --strategy zenjxl --corpus-manifest benchmarks/corpora/w44_170_varied_corpus.tsv
1420710	cid22	512	512	zenjxl	8	4.7500	23329	22854	58.4780	59.7848	4.916332	4.742850	1294.795	1289.417	2.078	-1.3068	3.658	0.417	OK	89e3c405809a53c2872179d05bda80a69503b2fb	cargo run -p jxl-encoder --release --features 'parallel butteraugli-loop ssim2-loop' --example w44_170_cjxl_step025_sweep -- --image 1420710 --effort 8 --distance-min 4.75 --distance-max 4.75 --distance-step 4.75 --strategy zenjxl --corpus-manifest benchmarks/corpora/w44_170_varied_corpus.tsv
1420710	cid22	512	512	zenjxl	8	5.0000	22571	21814	57.3028	58.8165	4.889793	5.255217	1699.817	1704.526	3.470	-1.5137	-6.954	-0.276	OK	89e3c405809a53c2872179d05bda80a69503b2fb	cargo run -p jxl-encoder --release --features 'parallel butteraugli-loop ssim2-loop' --example w44_170_cjxl_step025_sweep -- --image 1420710 --effort 8 --distance-min 5 --distance-max 5 --distance-step 5 --strategy zenjxl --corpus-manifest benchmarks/corpora/w44_170_varied_corpus.tsv
1420710	cid22	512	512	zenjxl	9	0.2500	197450	196279	94.5908	94.5321	0.313929	0.330995	3509.169	2544.247	0.597	0.0587	-5.156	37.926	OK	89e3c405809a53c2872179d05bda80a69503b2fb	cargo run -p jxl-encoder --release --features 'parallel butteraugli-loop ssim2-loop' --example w44_170_cjxl_step025_sweep -- --image 1420710 --effort 9 --distance-min 0.25 --distance-max 0.25 --distance-step 0.25 --strategy zenjxl --corpus-manifest benchmarks/corpora/w44_170_varied_corpus.tsv
1420710	cid22	512	512	zenjxl	9	0.5000	139613	138885	91.8005	91.8564	0.577979	0.614729	2235.627	2252.104	0.524	-0.0559	-5.978	-0.732	OK	89e3c405809a53c2872179d05bda80a69503b2fb	cargo run -p jxl-encoder --release --features 'parallel butteraugli-loop ssim2-loop' --example w44_170_cjxl_step025_sweep -- --image 1420710 --effort 9 --distance-min 0.5 --distance-max 0.5 --distance-step 0.5 --strategy zenjxl --corpus-manifest benchmarks/corpora/w44_170_varied_corpus.tsv
1420710	cid22	512	512	zenjxl	9	0.7500	106199	106104	88.6293	88.6333	0.865690	0.806565	2567.260	2422.250	0.090	-0.0041	7.330	5.987	OK	89e3c405809a53c2872179d05bda80a69503b2fb	cargo run -p jxl-encoder --release --features 'parallel butteraugli-loop ssim2-loop' --example w44_170_cjxl_step025_sweep -- --image 1420710 --effort 9 --distance-min 0.75 --distance-max 0.75 --distance-step 0.75 --strategy zenjxl --corpus-manifest benchmarks/corpora/w44_170_varied_corpus.tsv
1420710	cid22	512	512	zenjxl	9	1.0000	88476	88544	85.9561	86.1200	1.061018	1.097700	2442.603	2618.821	-0.077	-0.1640	-3.342	-6.729	OK	89e3c405809a53c2872179d05bda80a69503b2fb	cargo run -p jxl-encoder --release --features 'parallel butteraugli-loop ssim2-loop' --example w44_170_cjxl_step025_sweep -- --image 1420710 --effort 9 --distance-min 1 --distance-max 1 --distance-step 1 --strategy zenjxl --corpus-manifest benchmarks/corpora/w44_170_varied_corpus.tsv
1420710	cid22	512	512	zenjxl	9	1.2500	75520	75878	83.1454	83.4324	1.350577	1.336839	1637.763	2221.841	-0.472	-0.2870	1.028	-26.288	OK	89e3c405809a53c2872179d05bda80a69503b2fb	cargo run -p jxl-encoder --release --features 'parallel butteraugli-loop ssim2-loop' --example w44_170_cjxl_step025_sweep -- --image 1420710 --effort 9 --distance-min 1.25 --distance-max 1.25 --distance-step 1.25 --strategy zenjxl --corpus-manifest benchmarks/corpora/w44_170_varied_corpus.tsv
1420710	cid22	512	512	zenjxl	9	1.5000	66161	66499	80.9377	81.2951	1.615204	1.610354	2152.657	2918.102	-0.508	-0.3574	0.301	-26.231	OK	89e3c405809a53c2872179d05bda80a69503b2fb	cargo run -p jxl-encoder --release --features 'parallel butteraugli-loop ssim2-loop' --example w44_170_cjxl_step025_sweep -- --image 1420710 --effort 9 --distance-min 1.5 --distance-max 1.5 --distance-step 1.5 --strategy zenjxl --corpus-manifest benchmarks/corpora/w44_170_varied_corpus.tsv
1420710	cid22	512	512	zenjxl	9	1.7500	58694	58748	78.8539	79.1548	1.867923	1.970013	1816.694	2773.961	-0.092	-0.3009	-5.182	-34.509	OK	89e3c405809a53c2872179d05bda80a69503b2fb	cargo run -p jxl-encoder --release --features 'parallel butteraugli-loop ssim2-loop' --example w44_170_cjxl_step025_sweep -- --image 1420710 --effort 9 --distance-min 1.75 --distance-max 1.75 --distance-step 1.75 --strategy zenjxl --corpus-manifest benchmarks/corpora/w44_170_varied_corpus.tsv
1420710	cid22	512	512	zenjxl	9	2.0000	52507	52473	76.5451	77.0824	2.289457	2.495016	1716.083	2635.438	0.065	-0.5373	-8.239	-34.884	OK	89e3c405809a53c2872179d05bda80a69503b2fb	cargo run -p jxl-encoder --release --features 'parallel butteraugli-loop ssim2-loop' --example w44_170_cjxl_step025_sweep -- --image 1420710 --effort 9 --distance-min 2 --distance-max 2 --distance-step 2 --strategy zenjxl --corpus-manifest benchmarks/corpora/w44_170_varied_corpus.tsv
1420710	cid22	512	512	zenjxl	9	2.2500	47745	46969	74.3963	74.9608	2.510733	2.501426	1569.566	2572.794	1.652	-0.5645	0.372	-38.994	OK	89e3c405809a53c2872179d05bda80a69503b2fb	cargo run -p jxl-encoder --release --features 'parallel butteraugli-loop ssim2-loop' --example w44_170_cjxl_step025_sweep -- --image 1420710 --effort 9 --distance-min 2.25 --distance-max 2.25 --distance-step 2.25 --strategy zenjxl --corpus-manifest benchmarks/corpora/w44_170_varied_corpus.tsv
1420710	cid22	512	512	zenjxl	9	2.5000	42021	41675	72.5561	73.0076	2.909391	2.865612	1381.960	1916.161	0.830	-0.4515	1.528	-27.879	OK	89e3c405809a53c2872179d05bda80a69503b2fb	cargo run -p jxl-encoder --release --features 'parallel butteraugli-loop ssim2-loop' --example w44_170_cjxl_step025_sweep -- --image 1420710 --effort 9 --distance-min 2.5 --distance-max 2.5 --distance-step 2.5 --strategy zenjxl --corpus-manifest benchmarks/corpora/w44_170_varied_corpus.tsv
1420710	cid22	512	512	zenjxl	9	2.7500	38987	37585	70.7833	71.1859	3.180040	3.195140	1637.789	2080.647	3.730	-0.4026	-0.473	-21.285	OK	89e3c405809a53c2872179d05bda80a69503b2fb	cargo run -p jxl-encoder --release --features 'parallel butteraugli-loop ssim2-loop' --example w44_170_cjxl_step025_sweep -- --image 1420710 --effort 9 --distance-min 2.75 --distance-max 2.75 --distance-step 2.75 --strategy zenjxl --corpus-manifest benchmarks/corpora/w44_170_varied_corpus.tsv
1420710	cid22	512	512	zenjxl	9	3.0000	34961	34414	68.5401	69.4030	3.376996	3.360425	1852.834	2704.886	1.589	-0.8629	0.493	-31.500	OK	89e3c405809a53c2872179d05bda80a69503b2fb	cargo run -p jxl-encoder --release --features 'parallel butteraugli-loop ssim2-loop' --example w44_170_cjxl_step025_sweep -- --image 1420710 --effort 9 --distance-min 3 --distance-max 3 --distance-step 3 --strategy zenjxl --corpus-manifest benchmarks/corpora/w44_170_varied_corpus.tsv
1420710	cid22	512	512	zenjxl	9	3.2500	32167	31454	67.0823	67.9583	3.759111	3.441803	2231.101	2146.889	2.267	-0.8760	9.219	3.923	OK	89e3c405809a53c2872179d05bda80a69503b2fb	cargo run -p jxl-encoder --release --features 'parallel butteraugli-loop ssim2-loop' --example w44_170_cjxl_step025_sweep -- --image 1420710 --effort 9 --distance-min 3.25 --distance-max 3.25 --distance-step 3.25 --strategy zenjxl --corpus-manifest benchmarks/corpora/w44_170_varied_corpus.tsv
1420710	cid22	512	512	zenjxl	9	3.5000	29480	29258	65.3979	66.3792	3.762165	3.861942	1975.096	2560.612	0.759	-0.9813	-2.584	-22.866	OK	89e3c405809a53c2872179d05bda80a69503b2fb	cargo run -p jxl-encoder --release --features 'parallel butteraugli-loop ssim2-loop' --example w44_170_cjxl_step025_sweep -- --image 1420710 --effort 9 --distance-min 3.5 --distance-max 3.5 --distance-step 3.5 --strategy zenjxl --corpus-manifest benchmarks/corpora/w44_170_varied_corpus.tsv
1420710	cid22	512	512	zenjxl	9	3.7500	28670	27522	64.0864	65.2051	4.014072	3.983106	1621.779	2123.904	4.171	-1.1188	0.777	-23.642	OK	89e3c405809a53c2872179d05bda80a69503b2fb	cargo run -p jxl-encoder --release --features 'parallel butteraugli-loop ssim2-loop' --example w44_170_cjxl_step025_sweep -- --image 1420710 --effort 9 --distance-min 3.75 --distance-max 3.75 --distance-step 3.75 --strategy zenjxl --corpus-manifest benchmarks/corpora/w44_170_varied_corpus.tsv
1420710	cid22	512	512	zenjxl	9	4.0000	25087	26229	62.4744	63.4660	4.181579	4.322836	2588.440	2237.400	-4.354	-0.9916	-3.268	15.690	OK	89e3c405809a53c2872179d05bda80a69503b2fb	cargo run -p jxl-encoder --release --features 'parallel butteraugli-loop ssim2-loop' --example w44_170_cjxl_step025_sweep -- --image 1420710 --effort 9 --distance-min 4 --distance-max 4 --distance-step 4 --strategy zenjxl --corpus-manifest benchmarks/corpora/w44_170_varied_corpus.tsv
1420710	cid22	512	512	zenjxl	9	4.2500	25866	25047	60.9569	62.2145	4.605518	4.526469	2129.548	1577.977	3.270	-1.2576	1.746	34.954	OK	89e3c405809a53c2872179d05bda80a69503b2fb	cargo run -p jxl-encoder --release --features 'parallel butteraugli-loop ssim2-loop' --example w44_170_cjxl_step025_sweep -- --image 1420710 --effort 9 --distance-min 4.25 --distance-max 4.25 --distance-step 4.25 --strategy zenjxl --corpus-manifest benchmarks/corpora/w44_170_varied_corpus.tsv
1420710	cid22	512	512	zenjxl	9	4.5000	24294	24044	59.7340	61.0818	4.756919	4.614526	2092.625	2522.605	1.040	-1.3479	3.086	-17.045	OK	89e3c405809a53c2872179d05bda80a69503b2fb	cargo run -p jxl-encoder --release --features 'parallel butteraugli-loop ssim2-loop' --example w44_170_cjxl_step025_sweep -- --image 1420710 --effort 9 --distance-min 4.5 --distance-max 4.5 --distance-step 4.5 --strategy zenjxl --corpus-manifest benchmarks/corpora/w44_170_varied_corpus.tsv
1420710	cid22	512	512	zenjxl	9	4.7500	23291	22835	58.4780	59.7848	4.916332	4.742850	2090.231	2051.824	1.997	-1.3068	3.658	1.872	OK	89e3c405809a53c2872179d05bda80a69503b2fb	cargo run -p jxl-encoder --release --features 'parallel butteraugli-loop ssim2-loop' --example w44_170_cjxl_step025_sweep -- --image 1420710 --effort 9 --distance-min 4.75 --distance-max 4.75 --distance-step 4.75 --strategy zenjxl --corpus-manifest benchmarks/corpora/w44_170_varied_corpus.tsv
1420710	cid22	512	512	zenjxl	9	5.0000	22558	21814	57.3028	58.8165	4.889793	5.255217	1993.791	2574.849	3.411	-1.5137	-6.954	-22.567	OK	89e3c405809a53c2872179d05bda80a69503b2fb	cargo run -p jxl-encoder --release --features 'parallel butteraugli-loop ssim2-loop' --example w44_170_cjxl_step025_sweep -- --image 1420710 --effort 9 --distance-min 5 --distance-max 5 --distance-step 5 --strategy zenjxl --corpus-manifest benchmarks/corpora/w44_170_varied_corpus.tsv
1475938	cid22	512	512	zenjxl	5	0.2500	84118	84216	92.9687	93.0435	0.399266	0.399167	240.329	420.870	-0.116	-0.0749	0.025	-42.897	OK	89e3c405809a53c2872179d05bda80a69503b2fb	cargo run -p jxl-encoder --release --features 'parallel butteraugli-loop ssim2-loop' --example w44_170_cjxl_step025_sweep -- --image 1475938 --effort 5 --distance-min 0.25 --distance-max 0.25 --distance-step 0.25 --strategy zenjxl --corpus-manifest benchmarks/corpora/w44_170_varied_corpus.tsv
1475938	cid22	512	512	zenjxl	5	0.5000	55001	55194	91.1727	91.1613	0.645130	0.947806	172.183	216.559	-0.350	0.0113	-31.934	-20.492	OK	89e3c405809a53c2872179d05bda80a69503b2fb	cargo run -p jxl-encoder --release --features 'parallel butteraugli-loop ssim2-loop' --example w44_170_cjxl_step025_sweep -- --image 1475938 --effort 5 --distance-min 0.5 --distance-max 0.5 --distance-step 0.5 --strategy zenjxl --corpus-manifest benchmarks/corpora/w44_170_varied_corpus.tsv
1475938	cid22	512	512	zenjxl	5	0.7500	40457	40245	89.4023	89.3867	0.903980	0.962334	201.475	365.620	0.527	0.0156	-6.064	-44.895	OK	89e3c405809a53c2872179d05bda80a69503b2fb	cargo run -p jxl-encoder --release --features 'parallel butteraugli-loop ssim2-loop' --example w44_170_cjxl_step025_sweep -- --image 1475938 --effort 5 --distance-min 0.75 --distance-max 0.75 --distance-step 0.75 --strategy zenjxl --corpus-manifest benchmarks/corpora/w44_170_varied_corpus.tsv
1475938	cid22	512	512	zenjxl	5	1.0000	33912	33387	87.6541	87.3941	1.148632	1.191149	159.726	427.102	1.572	0.2600	-3.569	-62.602	OK	89e3c405809a53c2872179d05bda80a69503b2fb	cargo run -p jxl-encoder --release --features 'parallel butteraugli-loop ssim2-loop' --example w44_170_cjxl_step025_sweep -- --image 1475938 --effort 5 --distance-min 1 --distance-max 1 --distance-step 1 --strategy zenjxl --corpus-manifest benchmarks/corpora/w44_170_varied_corpus.tsv
1475938	cid22	512	512	zenjxl	5	1.2500	29363	29017	85.8384	86.0228	1.414642	1.421197	142.301	382.928	1.192	-0.1844	-0.461	-62.839	OK	89e3c405809a53c2872179d05bda80a69503b2fb	cargo run -p jxl-encoder --release --features 'parallel butteraugli-loop ssim2-loop' --example w44_170_cjxl_step025_sweep -- --image 1475938 --effort 5 --distance-min 1.25 --distance-max 1.25 --distance-step 1.25 --strategy zenjxl --corpus-manifest benchmarks/corpora/w44_170_varied_corpus.tsv
1475938	cid22	512	512	zenjxl	5	1.5000	26393	25630	84.0424	84.3782	1.566544	1.590228	173.427	223.149	2.977	-0.3358	-1.489	-22.282	OK	89e3c405809a53c2872179d05bda80a69503b2fb	cargo run -p jxl-encoder --release --features 'parallel butteraugli-loop ssim2-loop' --example w44_170_cjxl_step025_sweep -- --image 1475938 --effort 5 --distance-min 1.5 --distance-max 1.5 --distance-step 1.5 --strategy zenjxl --corpus-manifest benchmarks/corpora/w44_170_varied_corpus.tsv
1475938	cid22	512	512	zenjxl	5	1.7500	23487	23006	82.3254	82.3059	1.967402	1.951744	196.309	120.817	2.091	0.0196	0.802	62.484	OK	89e3c405809a53c2872179d05bda80a69503b2fb	cargo run -p jxl-encoder --release --features 'parallel butteraugli-loop ssim2-loop' --example w44_170_cjxl_step025_sweep -- --image 1475938 --effort 5 --distance-min 1.75 --distance-max 1.75 --distance-step 1.75 --strategy zenjxl --corpus-manifest benchmarks/corpora/w44_170_varied_corpus.tsv
1475938	cid22	512	512	zenjxl	5	2.0000	21522	20963	80.5173	81.0359	2.089205	2.094776	184.377	199.536	2.667	-0.5186	-0.266	-7.597	OK	89e3c405809a53c2872179d05bda80a69503b2fb	cargo run -p jxl-encoder --release --features 'parallel butteraugli-loop ssim2-loop' --example w44_170_cjxl_step025_sweep -- --image 1475938 --effort 5 --distance-min 2 --distance-max 2 --distance-step 2 --strategy zenjxl --corpus-manifest benchmarks/corpora/w44_170_varied_corpus.tsv
1475938	cid22	512	512	zenjxl	5	2.2500	19797	19330	79.3019	79.7561	2.525640	2.490233	197.098	235.420	2.416	-0.4542	1.422	-16.278	OK	89e3c405809a53c2872179d05bda80a69503b2fb	cargo run -p jxl-encoder --release --features 'parallel butteraugli-loop ssim2-loop' --example w44_170_cjxl_step025_sweep -- --image 1475938 --effort 5 --distance-min 2.25 --distance-max 2.25 --distance-step 2.25 --strategy zenjxl --corpus-manifest benchmarks/corpora/w44_170_varied_corpus.tsv
1475938	cid22	512	512	zenjxl	5	2.5000	18205	17875	77.3040	78.0607	2.760369	2.759650	232.716	259.804	1.846	-0.7567	0.026	-10.426	OK	89e3c405809a53c2872179d05bda80a69503b2fb	cargo run -p jxl-encoder --release --features 'parallel butteraugli-loop ssim2-loop' --example w44_170_cjxl_step025_sweep -- --image 1475938 --effort 5 --distance-min 2.5 --distance-max 2.5 --distance-step 2.5 --strategy zenjxl --corpus-manifest benchmarks/corpora/w44_170_varied_corpus.tsv
1475938	cid22	512	512	zenjxl	5	2.7500	16975	16667	76.0694	76.9322	2.679448	2.671693	198.547	166.505	1.848	-0.8628	0.290	19.244	OK	89e3c405809a53c2872179d05bda80a69503b2fb	cargo run -p jxl-encoder --release --features 'parallel butteraugli-loop ssim2-loop' --example w44_170_cjxl_step025_sweep -- --image 1475938 --effort 5 --distance-min 2.75 --distance-max 2.75 --distance-step 2.75 --strategy zenjxl --corpus-manifest benchmarks/corpora/w44_170_varied_corpus.tsv
1475938	cid22	512	512	zenjxl	5	3.0000	15894	15611	74.2277	74.7955	2.868411	2.830792	171.094	274.257	1.813	-0.5678	1.329	-37.615	OK	89e3c405809a53c2872179d05bda80a69503b2fb	cargo run -p jxl-encoder --release --features 'parallel butteraugli-loop ssim2-loop' --example w44_170_cjxl_step025_sweep -- --image 1475938 --effort 5 --distance-min 3 --distance-max 3 --distance-step 3 --strategy zenjxl --corpus-manifest benchmarks/corpora/w44_170_varied_corpus.tsv
1475938	cid22	512	512	zenjxl	5	3.2500	14897	14598	72.6258	73.5335	3.279049	3.307912	180.984	160.239	2.048	-0.9077	-0.873	12.946	OK	89e3c405809a53c2872179d05bda80a69503b2fb	cargo run -p jxl-encoder --release --features 'parallel butteraugli-loop ssim2-loop' --example w44_170_cjxl_step025_sweep -- --image 1475938 --effort 5 --distance-min 3.25 --distance-max 3.25 --distance-step 3.25 --strategy zenjxl --corpus-manifest benchmarks/corpora/w44_170_varied_corpus.tsv
1475938	cid22	512	512	zenjxl	5	3.5000	13840	13636	70.5810	71.0796	4.620456	4.597976	196.212	189.727	1.496	-0.4985	0.489	3.418	OK	89e3c405809a53c2872179d05bda80a69503b2fb	cargo run -p jxl-encoder --release --features 'parallel butteraugli-loop ssim2-loop' --example w44_170_cjxl_step025_sweep -- --image 1475938 --effort 5 --distance-min 3.5 --distance-max 3.5 --distance-step 3.5 --strategy zenjxl --corpus-manifest benchmarks/corpora/w44_170_varied_corpus.tsv
1475938	cid22	512	512	zenjxl	5	3.7500	13148	12937	69.3686	69.9795	3.511916	3.481439	199.932	336.449	1.631	-0.6109	0.875	-40.576	OK	89e3c405809a53c2872179d05bda80a69503b2fb	cargo run -p jxl-encoder --release --features 'parallel butteraugli-loop ssim2-loop' --example w44_170_cjxl_step025_sweep -- --image 1475938 --effort 5 --distance-min 3.75 --distance-max 3.75 --distance-step 3.75 --strategy zenjxl --corpus-manifest benchmarks/corpora/w44_170_varied_corpus.tsv
1475938	cid22	512	512	zenjxl	5	4.0000	12516	12243	66.9876	67.6432	3.675451	3.678538	183.840	341.704	2.230	-0.6556	-0.084	-46.199	OK	89e3c405809a53c2872179d05bda80a69503b2fb	cargo run -p jxl-encoder --release --features 'parallel butteraugli-loop ssim2-loop' --example w44_170_cjxl_step025_sweep -- --image 1475938 --effort 5 --distance-min 4 --distance-max 4 --distance-step 4 --strategy zenjxl --corpus-manifest benchmarks/corpora/w44_170_varied_corpus.tsv
1475938	cid22	512	512	zenjxl	5	4.2500	11937	11976	65.8466	66.5882	4.301201	4.408535	159.814	209.314	-0.326	-0.7416	-2.435	-23.649	OK	89e3c405809a53c2872179d05bda80a69503b2fb	cargo run -p jxl-encoder --release --features 'parallel butteraugli-loop ssim2-loop' --example w44_170_cjxl_step025_sweep -- --image 1475938 --effort 5 --distance-min 4.25 --distance-max 4.25 --distance-step 4.25 --strategy zenjxl --corpus-manifest benchmarks/corpora/w44_170_varied_corpus.tsv
1475938	cid22	512	512	zenjxl	5	4.5000	11578	11337	64.2836	65.2605	3.979509	3.869821	136.022	418.681	2.126	-0.9769	2.834	-67.512	OK	89e3c405809a53c2872179d05bda80a69503b2fb	cargo run -p jxl-encoder --release --features 'parallel butteraugli-loop ssim2-loop' --example w44_170_cjxl_step025_sweep -- --image 1475938 --effort 5 --distance-min 4.5 --distance-max 4.5 --distance-step 4.5 --strategy zenjxl --corpus-manifest benchmarks/corpora/w44_170_varied_corpus.tsv
1475938	cid22	512	512	zenjxl	5	4.7500	10881	10877	63.0620	64.0329	4.532408	4.529480	174.953	192.677	0.037	-0.9709	0.065	-9.199	OK	89e3c405809a53c2872179d05bda80a69503b2fb	cargo run -p jxl-encoder --release --features 'parallel butteraugli-loop ssim2-loop' --example w44_170_cjxl_step025_sweep -- --image 1475938 --effort 5 --distance-min 4.75 --distance-max 4.75 --distance-step 4.75 --strategy zenjxl --corpus-manifest benchmarks/corpora/w44_170_varied_corpus.tsv
1475938	cid22	512	512	zenjxl	5	5.0000	10639	10380	61.7640	62.7598	4.303624	4.295939	142.842	312.531	2.495	-0.9958	0.179	-54.295	OK	89e3c405809a53c2872179d05bda80a69503b2fb	cargo run -p jxl-encoder --release --features 'parallel butteraugli-loop ssim2-loop' --example w44_170_cjxl_step025_sweep -- --image 1475938 --effort 5 --distance-min 5 --distance-max 5 --distance-step 5 --strategy zenjxl --corpus-manifest benchmarks/corpora/w44_170_varied_corpus.tsv
1475938	cid22	512	512	zenjxl	6	0.2500	83930	84046	93.0103	92.9235	0.399181	0.392290	263.011	259.657	-0.138	0.0868	1.757	1.292	OK	89e3c405809a53c2872179d05bda80a69503b2fb	cargo run -p jxl-encoder --release --features 'parallel butteraugli-loop ssim2-loop' --example w44_170_cjxl_step025_sweep -- --image 1475938 --effort 6 --distance-min 0.25 --distance-max 0.25 --distance-step 0.25 --strategy zenjxl --corpus-manifest benchmarks/corpora/w44_170_varied_corpus.tsv
1475938	cid22	512	512	zenjxl	6	0.5000	54814	54622	91.2685	91.1933	0.645124	0.946091	256.705	333.164	0.352	0.0752	-31.812	-22.949	OK	89e3c405809a53c2872179d05bda80a69503b2fb	cargo run -p jxl-encoder --release --features 'parallel butteraugli-loop ssim2-loop' --example w44_170_cjxl_step025_sweep -- --image 1475938 --effort 6 --distance-min 0.5 --distance-max 0.5 --distance-step 0.5 --strategy zenjxl --corpus-manifest benchmarks/corpora/w44_170_varied_corpus.tsv
1475938	cid22	512	512	zenjxl	6	0.7500	40542	40393	89.4044	89.6233	0.905093	0.945845	302.831	352.908	0.369	-0.2188	-4.309	-14.190	OK	89e3c405809a53c2872179d05bda80a69503b2fb	cargo run -p jxl-encoder --release --features 'parallel butteraugli-loop ssim2-loop' --example w44_170_cjxl_step025_sweep -- --image 1475938 --effort 6 --distance-min 0.75 --distance-max 0.75 --distance-step 0.75 --strategy zenjxl --corpus-manifest benchmarks/corpora/w44_170_varied_corpus.tsv
1475938	cid22	512	512	zenjxl	6	1.0000	34138	33556	87.6423	87.7288	1.152374	1.145028	275.890	365.901	1.734	-0.0865	0.642	-24.600	OK	89e3c405809a53c2872179d05bda80a69503b2fb	cargo run -p jxl-encoder --release --features 'parallel butteraugli-loop ssim2-loop' --example w44_170_cjxl_step025_sweep -- --image 1475938 --effort 6 --distance-min 1 --distance-max 1 --distance-step 1 --strategy zenjxl --corpus-manifest benchmarks/corpora/w44_170_varied_corpus.tsv
1475938	cid22	512	512	zenjxl	6	1.2500	29487	29171	85.7909	85.8752	1.510360	1.405448	290.857	329.321	1.083	-0.0843	7.465	-11.680	OK	89e3c405809a53c2872179d05bda80a69503b2fb	cargo run -p jxl-encoder --release --features 'parallel butteraugli-loop ssim2-loop' --example w44_170_cjxl_step025_sweep -- --image 1475938 --effort 6 --distance-min 1.25 --distance-max 1.25 --distance-step 1.25 --strategy zenjxl --corpus-manifest benchmarks/corpora/w44_170_varied_corpus.tsv
1475938	cid22	512	512	zenjxl	6	1.5000	26691	25843	84.0056	84.3327	1.651811	1.575689	341.951	416.108	3.281	-0.3271	4.831	-17.822	OK	89e3c405809a53c2872179d05bda80a69503b2fb	cargo run -p jxl-encoder --release --features 'parallel butteraugli-loop ssim2-loop' --example w44_170_cjxl_step025_sweep -- --image 1475938 --effort 6 --distance-min 1.5 --distance-max 1.5 --distance-step 1.5 --strategy zenjxl --corpus-manifest benchmarks/corpora/w44_170_varied_corpus.tsv
1475938	cid22	512	512	zenjxl	6	1.7500	23739	23381	82.3509	82.9548	2.130414	2.058741	354.196	466.988	1.531	-0.6039	3.481	-24.153	OK	89e3c405809a53c2872179d05bda80a69503b2fb	cargo run -p jxl-encoder --release --features 'parallel butteraugli-loop ssim2-loop' --example w44_170_cjxl_step025_sweep -- --image 1475938 --effort 6 --distance-min 1.75 --distance-max 1.75 --distance-step 1.75 --strategy zenjxl --corpus-manifest benchmarks/corpora/w44_170_varied_corpus.tsv
1475938	cid22	512	512	zenjxl	6	2.0000	21861	21348	80.3697	81.1613	2.041138	2.060662	366.459	549.688	2.403	-0.7916	-0.947	-33.333	OK	89e3c405809a53c2872179d05bda80a69503b2fb	cargo run -p jxl-encoder --release --features 'parallel butteraugli-loop ssim2-loop' --example w44_170_cjxl_step025_sweep -- --image 1475938 --effort 6 --distance-min 2 --distance-max 2 --distance-step 2 --strategy zenjxl --corpus-manifest benchmarks/corpora/w44_170_varied_corpus.tsv
1475938	cid22	512	512	zenjxl	6	2.2500	20160	19572	79.0506	79.4258	2.672423	2.567677	357.719	390.375	3.004	-0.3752	4.079	-8.365	OK	89e3c405809a53c2872179d05bda80a69503b2fb	cargo run -p jxl-encoder --release --features 'parallel butteraugli-loop ssim2-loop' --example w44_170_cjxl_step025_sweep -- --image 1475938 --effort 6 --distance-min 2.25 --distance-max 2.25 --distance-step 2.25 --strategy zenjxl --corpus-manifest benchmarks/corpora/w44_170_varied_corpus.tsv
1475938	cid22	512	512	zenjxl	6	2.5000	18658	18285	77.3041	77.9667	2.787467	2.695844	336.028	404.392	2.040	-0.6626	3.399	-16.905	OK	89e3c405809a53c2872179d05bda80a69503b2fb	cargo run -p jxl-encoder --release --features 'parallel butteraugli-loop ssim2-loop' --example w44_170_cjxl_step025_sweep -- --image 1475938 --effort 6 --distance-min 2.5 --distance-max 2.5 --distance-step 2.5 --strategy zenjxl --corpus-manifest benchmarks/corpora/w44_170_varied_corpus.tsv
1475938	cid22	512	512	zenjxl	6	2.7500	17536	17106	76.1935	76.8987	3.048274	3.165815	273.728	396.065	2.514	-0.7052	-3.713	-30.888	OK	89e3c405809a53c2872179d05bda80a69503b2fb	cargo run -p jxl-encoder --release --features 'parallel butteraugli-loop ssim2-loop' --example w44_170_cjxl_step025_sweep -- --image 1475938 --effort 6 --distance-min 2.75 --distance-max 2.75 --distance-step 2.75 --strategy zenjxl --corpus-manifest benchmarks/corpora/w44_170_varied_corpus.tsv
1475938	cid22	512	512	zenjxl	6	3.0000	16340	15983	74.2788	75.0362	2.920142	2.829264	332.921	411.192	2.234	-0.7574	3.212	-19.035	OK	89e3c405809a53c2872179d05bda80a69503b2fb	cargo run -p jxl-encoder --release --features 'parallel butteraugli-loop ssim2-loop' --example w44_170_cjxl_step025_sweep -- --image 1475938 --effort 6 --distance-min 3 --distance-max 3 --distance-step 3 --strategy zenjxl --corpus-manifest benchmarks/corpora/w44_170_varied_corpus.tsv
1475938	cid22	512	512	zenjxl	6	3.2500	15391	15039	72.8205	73.6036	3.202816	3.033673	303.856	382.857	2.341	-0.7831	5.576	-20.634	OK	89e3c405809a53c2872179d05bda80a69503b2fb	cargo run -p jxl-encoder --release --features 'parallel butteraugli-loop ssim2-loop' --example w44_170_cjxl_step025_sweep -- --image 1475938 --effort 6 --distance-min 3.25 --distance-max 3.25 --distance-step 3.25 --strategy zenjxl --corpus-manifest benchmarks/corpora/w44_170_varied_corpus.tsv
1475938	cid22	512	512	zenjxl	6	3.5000	14557	14227	70.9046	71.2878	3.717292	3.947219	288.868	389.574	2.320	-0.3832	-5.825	-25.850	OK	89e3c405809a53c2872179d05bda80a69503b2fb	cargo run -p jxl-encoder --release --features 'parallel butteraugli-loop ssim2-loop' --example w44_170_cjxl_step025_sweep -- --image 1475938 --effort 6 --distance-min 3.5 --distance-max 3.5 --distance-step 3.5 --strategy zenjxl --corpus-manifest benchmarks/corpora/w44_170_varied_corpus.tsv
1475938	cid22	512	512	zenjxl	6	3.7500	13760	13476	69.6230	70.4585	3.662995	3.481304	385.870	280.153	2.107	-0.8355	5.219	37.735	OK	89e3c405809a53c2872179d05bda80a69503b2fb	cargo run -p jxl-encoder --release --features 'parallel butteraugli-loop ssim2-loop' --example w44_170_cjxl_step025_sweep -- --image 1475938 --effort 6 --distance-min 3.75 --distance-max 3.75 --distance-step 3.75 --strategy zenjxl --corpus-manifest benchmarks/corpora/w44_170_varied_corpus.tsv
1475938	cid22	512	512	zenjxl	6	4.0000	13175	12981	68.8068	69.5924	3.618462	3.969178	506.921	540.708	1.494	-0.7856	-8.836	-6.249	OK	89e3c405809a53c2872179d05bda80a69503b2fb	cargo run -p jxl-encoder --release --features 'parallel butteraugli-loop ssim2-loop' --example w44_170_cjxl_step025_sweep -- --image 1475938 --effort 6 --distance-min 4 --distance-max 4 --distance-step 4 --strategy zenjxl --corpus-manifest benchmarks/corpora/w44_170_varied_corpus.tsv
1475938	cid22	512	512	zenjxl	6	4.2500	12542	12435	66.7311	67.8811	3.966072	3.948730	507.855	360.405	0.860	-1.1500	0.439	40.912	OK	89e3c405809a53c2872179d05bda80a69503b2fb	cargo run -p jxl-encoder --release --features 'parallel butteraugli-loop ssim2-loop' --example w44_170_cjxl_step025_sweep -- --image 1475938 --effort 6 --distance-min 4.25 --distance-max 4.25 --distance-step 4.25 --strategy zenjxl --corpus-manifest benchmarks/corpora/w44_170_varied_corpus.tsv
1475938	cid22	512	512	zenjxl	6	4.5000	12173	11907	65.2715	66.4652	3.818736	3.791292	468.939	224.910	2.234	-1.1938	0.724	108.501	OK	89e3c405809a53c2872179d05bda80a69503b2fb	cargo run -p jxl-encoder --release --features 'parallel butteraugli-loop ssim2-loop' --example w44_170_cjxl_step025_sweep -- --image 1475938 --effort 6 --distance-min 4.5 --distance-max 4.5 --distance-step 4.5 --strategy zenjxl --corpus-manifest benchmarks/corpora/w44_170_varied_corpus.tsv
1475938	cid22	512	512	zenjxl	6	4.7500	11335	11187	64.3016	65.6517	4.283866	3.933114	313.916	317.106	1.323	-1.3501	8.918	-1.006	OK	89e3c405809a53c2872179d05bda80a69503b2fb	cargo run -p jxl-encoder --release --features 'parallel butteraugli-loop ssim2-loop' --example w44_170_cjxl_step025_sweep -- --image 1475938 --effort 6 --distance-min 4.75 --distance-max 4.75 --distance-step 4.75 --strategy zenjxl --corpus-manifest benchmarks/corpora/w44_170_varied_corpus.tsv
1475938	cid22	512	512	zenjxl	6	5.0000	11084	10677	62.6870	64.0700	4.413016	4.261415	368.642	413.672	3.812	-1.3831	3.558	-10.886	OK	89e3c405809a53c2872179d05bda80a69503b2fb	cargo run -p jxl-encoder --release --features 'parallel butteraugli-loop ssim2-loop' --example w44_170_cjxl_step025_sweep -- --image 1475938 --effort 6 --distance-min 5 --distance-max 5 --distance-step 5 --strategy zenjxl --corpus-manifest benchmarks/corpora/w44_170_varied_corpus.tsv
1475938	cid22	512	512	zenjxl	7	0.2500	83894	84175	92.9477	92.9914	0.398285	0.421271	361.972	574.351	-0.334	-0.0437	-5.456	-36.977	OK	89e3c405809a53c2872179d05bda80a69503b2fb	cargo run -p jxl-encoder --release --features 'parallel butteraugli-loop ssim2-loop' --example w44_170_cjxl_step025_sweep -- --image 1475938 --effort 7 --distance-min 0.25 --distance-max 0.25 --distance-step 0.25 --strategy zenjxl --corpus-manifest benchmarks/corpora/w44_170_varied_corpus.tsv
1475938	cid22	512	512	zenjxl	7	0.5000	54877	55115	91.1141	91.4141	0.645112	0.657826	322.656	383.940	-0.432	-0.3000	-1.933	-15.962	OK	89e3c405809a53c2872179d05bda80a69503b2fb	cargo run -p jxl-encoder --release --features 'parallel butteraugli-loop ssim2-loop' --example w44_170_cjxl_step025_sweep -- --image 1475938 --effort 7 --distance-min 0.5 --distance-max 0.5 --distance-step 0.5 --strategy zenjxl --corpus-manifest benchmarks/corpora/w44_170_varied_corpus.tsv
1475938	cid22	512	512	zenjxl	7	0.7500	40509	40518	89.6458	89.8392	0.905104	0.938710	305.435	457.929	-0.022	-0.1934	-3.580	-33.301	OK	89e3c405809a53c2872179d05bda80a69503b2fb	cargo run -p jxl-encoder --release --features 'parallel butteraugli-loop ssim2-loop' --example w44_170_cjxl_step025_sweep -- --image 1475938 --effort 7 --distance-min 0.75 --distance-max 0.75 --distance-step 0.75 --strategy zenjxl --corpus-manifest benchmarks/corpora/w44_170_varied_corpus.tsv
1475938	cid22	512	512	zenjxl	7	1.0000	34115	33599	87.7004	87.8418	1.152161	1.153485	326.337	451.503	1.536	-0.1414	-0.115	-27.722	OK	89e3c405809a53c2872179d05bda80a69503b2fb	cargo run -p jxl-encoder --release --features 'parallel butteraugli-loop ssim2-loop' --example w44_170_cjxl_step025_sweep -- --image 1475938 --effort 7 --distance-min 1 --distance-max 1 --distance-step 1 --strategy zenjxl --corpus-manifest benchmarks/corpora/w44_170_varied_corpus.tsv
1475938	cid22	512	512	zenjxl	7	1.2500	29545	29145	85.9194	86.0775	1.510033	1.406412	199.806	570.511	1.372	-0.1580	7.368	-64.978	OK	89e3c405809a53c2872179d05bda80a69503b2fb	cargo run -p jxl-encoder --release --features 'parallel butteraugli-loop ssim2-loop' --example w44_170_cjxl_step025_sweep -- --image 1475938 --effort 7 --distance-min 1.25 --distance-max 1.25 --distance-step 1.25 --strategy zenjxl --corpus-manifest benchmarks/corpora/w44_170_varied_corpus.tsv
1475938	cid22	512	512	zenjxl	7	1.5000	26693	25823	84.2268	84.5260	1.651814	1.579513	341.030	539.596	3.369	-0.2992	4.577	-36.799	OK	89e3c405809a53c2872179d05bda80a69503b2fb	cargo run -p jxl-encoder --release --features 'parallel butteraugli-loop ssim2-loop' --example w44_170_cjxl_step025_sweep -- --image 1475938 --effort 7 --distance-min 1.5 --distance-max 1.5 --distance-step 1.5 --strategy zenjxl --corpus-manifest benchmarks/corpora/w44_170_varied_corpus.tsv
1475938	cid22	512	512	zenjxl	7	1.7500	23733	23346	82.4141	83.0273	2.130419	2.092397	294.041	420.519	1.658	-0.6133	1.817	-30.077	OK	89e3c405809a53c2872179d05bda80a69503b2fb	cargo run -p jxl-encoder --release --features 'parallel butteraugli-loop ssim2-loop' --example w44_170_cjxl_step025_sweep -- --image 1475938 --effort 7 --distance-min 1.75 --distance-max 1.75 --distance-step 1.75 --strategy zenjxl --corpus-manifest benchmarks/corpora/w44_170_varied_corpus.tsv
1475938	cid22	512	512	zenjxl	7	2.0000	21423	21305	80.2438	81.2734	2.041135	2.060642	281.586	408.289	0.554	-1.0295	-0.947	-31.033	OK	89e3c405809a53c2872179d05bda80a69503b2fb	cargo run -p jxl-encoder --release --features 'parallel butteraugli-loop ssim2-loop' --example w44_170_cjxl_step025_sweep -- --image 1475938 --effort 7 --distance-min 2 --distance-max 2 --distance-step 2 --strategy zenjxl --corpus-manifest benchmarks/corpora/w44_170_varied_corpus.tsv
1475938	cid22	512	512	zenjxl	7	2.2500	19645	19546	78.8401	79.9545	2.528592	2.548652	309.536	353.680	0.506	-1.1144	-0.787	-12.481	OK	89e3c405809a53c2872179d05bda80a69503b2fb	cargo run -p jxl-encoder --release --features 'parallel butteraugli-loop ssim2-loop' --example w44_170_cjxl_step025_sweep -- --image 1475938 --effort 7 --distance-min 2.25 --distance-max 2.25 --distance-step 2.25 --strategy zenjxl --corpus-manifest benchmarks/corpora/w44_170_varied_corpus.tsv
1475938	cid22	512	512	zenjxl	7	2.5000	18266	18266	77.1965	78.3586	2.787638	2.695970	308.119	528.831	0.000	-1.1620	3.400	-41.736	OK	89e3c405809a53c2872179d05bda80a69503b2fb	cargo run -p jxl-encoder --release --features 'parallel butteraugli-loop ssim2-loop' --example w44_170_cjxl_step025_sweep -- --image 1475938 --effort 7 --distance-min 2.5 --distance-max 2.5 --distance-step 2.5 --strategy zenjxl --corpus-manifest benchmarks/corpora/w44_170_varied_corpus.tsv
1475938	cid22	512	512	zenjxl	7	2.7500	17234	17107	75.8244	77.1046	3.046433	3.165870	255.426	454.927	0.742	-1.2801	-3.773	-43.853	OK	89e3c405809a53c2872179d05bda80a69503b2fb	cargo run -p jxl-encoder --release --features 'parallel butteraugli-loop ssim2-loop' --example w44_170_cjxl_step025_sweep -- --image 1475938 --effort 7 --distance-min 2.75 --distance-max 2.75 --distance-step 2.75 --strategy zenjxl --corpus-manifest benchmarks/corpora/w44_170_varied_corpus.tsv
1475938	cid22	512	512	zenjxl	7	3.0000	16115	16039	73.9404	75.4887	2.921093	2.829264	300.980	391.683	0.474	-1.5484	3.246	-23.157	OK	89e3c405809a53c2872179d05bda80a69503b2fb	cargo run -p jxl-encoder --release --features 'parallel butteraugli-loop ssim2-loop' --example w44_170_cjxl_step025_sweep -- --image 1475938 --effort 7 --distance-min 3 --distance-max 3 --distance-step 3 --strategy zenjxl --corpus-manifest benchmarks/corpora/w44_170_varied_corpus.tsv
1475938	cid22	512	512	zenjxl	7	3.2500	14934	15107	71.9847	73.8345	3.202423	3.106890	339.614	502.446	-1.145	-1.8498	3.075	-32.408	OK	89e3c405809a53c2872179d05bda80a69503b2fb	cargo run -p jxl-encoder --release --features 'parallel butteraugli-loop ssim2-loop' --example w44_170_cjxl_step025_sweep -- --image 1475938 --effort 7 --distance-min 3.25 --distance-max 3.25 --distance-step 3.25 --strategy zenjxl --corpus-manifest benchmarks/corpora/w44_170_varied_corpus.tsv
1475938	cid22	512	512	zenjxl	7	3.5000	14193	14336	70.4474	71.6111	3.719066	3.954763	264.988	503.797	-0.997	-1.1637	-5.960	-47.402	OK	89e3c405809a53c2872179d05bda80a69503b2fb	cargo run -p jxl-encoder --release --features 'parallel butteraugli-loop ssim2-loop' --example w44_170_cjxl_step025_sweep -- --image 1475938 --effort 7 --distance-min 3.5 --distance-max 3.5 --distance-step 3.5 --strategy zenjxl --corpus-manifest benchmarks/corpora/w44_170_varied_corpus.tsv
1475938	cid22	512	512	zenjxl	7	3.7500	13443	13513	69.0997	70.5197	3.662790	3.398487	302.529	539.624	-0.518	-1.4200	7.777	-43.937	OK	89e3c405809a53c2872179d05bda80a69503b2fb	cargo run -p jxl-encoder --release --features 'parallel butteraugli-loop ssim2-loop' --example w44_170_cjxl_step025_sweep -- --image 1475938 --effort 7 --distance-min 3.75 --distance-max 3.75 --distance-step 3.75 --strategy zenjxl --corpus-manifest benchmarks/corpora/w44_170_varied_corpus.tsv
1475938	cid22	512	512	zenjxl	7	4.0000	12977	13033	68.0552	69.6607	4.425231	3.971872	454.731	460.417	-0.430	-1.6055	11.414	-1.235	OK	89e3c405809a53c2872179d05bda80a69503b2fb	cargo run -p jxl-encoder --release --features 'parallel butteraugli-loop ssim2-loop' --example w44_170_cjxl_step025_sweep -- --image 1475938 --effort 7 --distance-min 4 --distance-max 4 --distance-step 4 --strategy zenjxl --corpus-manifest benchmarks/corpora/w44_170_varied_corpus.tsv
1475938	cid22	512	512	zenjxl	7	4.2500	12230	12491	66.0361	67.6687	3.966821	3.936654	492.050	514.047	-2.090	-1.6326	0.766	-4.279	OK	89e3c405809a53c2872179d05bda80a69503b2fb	cargo run -p jxl-encoder --release --features 'parallel butteraugli-loop ssim2-loop' --example w44_170_cjxl_step025_sweep -- --image 1475938 --effort 7 --distance-min 4.25 --distance-max 4.25 --distance-step 4.25 --strategy zenjxl --corpus-manifest benchmarks/corpora/w44_170_varied_corpus.tsv
1475938	cid22	512	512	zenjxl	7	4.5000	11820	11935	64.3275	66.1676	3.912305	3.717012	517.418	553.031	-0.964	-1.8401	5.254	-6.440	OK	89e3c405809a53c2872179d05bda80a69503b2fb	cargo run -p jxl-encoder --release --features 'parallel butteraugli-loop ssim2-loop' --example w44_170_cjxl_step025_sweep -- --image 1475938 --effort 7 --distance-min 4.5 --distance-max 4.5 --distance-step 4.5 --strategy zenjxl --corpus-manifest benchmarks/corpora/w44_170_varied_corpus.tsv
1475938	cid22	512	512	zenjxl	7	4.7500	11069	11256	63.4478	65.4820	4.266391	4.117961	396.796	493.359	-1.661	-2.0342	3.604	-19.573	OK	89e3c405809a53c2872179d05bda80a69503b2fb	cargo run -p jxl-encoder --release --features 'parallel butteraugli-loop ssim2-loop' --example w44_170_cjxl_step025_sweep -- --image 1475938 --effort 7 --distance-min 4.75 --distance-max 4.75 --distance-step 4.75 --strategy zenjxl --corpus-manifest benchmarks/corpora/w44_170_varied_corpus.tsv
1475938	cid22	512	512	zenjxl	7	5.0000	10571	10768	61.7523	64.2574	4.411802	4.370249	365.594	438.411	-1.829	-2.5051	0.951	-16.609	OK	89e3c405809a53c2872179d05bda80a69503b2fb	cargo run -p jxl-encoder --release --features 'parallel butteraugli-loop ssim2-loop' --example w44_170_cjxl_step025_sweep -- --image 1475938 --effort 7 --distance-min 5 --distance-max 5 --distance-step 5 --strategy zenjxl --corpus-manifest benchmarks/corpora/w44_170_varied_corpus.tsv
1475938	cid22	512	512	zenjxl	8	0.2500	82989	83343	93.1338	92.9836	0.320811	0.343382	967.360	1493.333	-0.425	0.1501	-6.573	-35.221	OK	89e3c405809a53c2872179d05bda80a69503b2fb	cargo run -p jxl-encoder --release --features 'parallel butteraugli-loop ssim2-loop' --example w44_170_cjxl_step025_sweep -- --image 1475938 --effort 8 --distance-min 0.25 --distance-max 0.25 --distance-step 0.25 --strategy zenjxl --corpus-manifest benchmarks/corpora/w44_170_varied_corpus.tsv
1475938	cid22	512	512	zenjxl	8	0.5000	53219	53335	90.9937	91.0670	0.593432	0.624378	1264.245	1631.091	-0.217	-0.0733	-4.956	-22.491	OK	89e3c405809a53c2872179d05bda80a69503b2fb	cargo run -p jxl-encoder --release --features 'parallel butteraugli-loop ssim2-loop' --example w44_170_cjxl_step025_sweep -- --image 1475938 --effort 8 --distance-min 0.5 --distance-max 0.5 --distance-step 0.5 --strategy zenjxl --corpus-manifest benchmarks/corpora/w44_170_varied_corpus.tsv
1475938	cid22	512	512	zenjxl	8	0.7500	39227	39203	89.4087	89.4731	0.868543	0.858041	1399.535	1789.126	0.061	-0.0643	1.224	-21.776	OK	89e3c405809a53c2872179d05bda80a69503b2fb	cargo run -p jxl-encoder --release --features 'parallel butteraugli-loop ssim2-loop' --example w44_170_cjxl_step025_sweep -- --image 1475938 --effort 8 --distance-min 0.75 --distance-max 0.75 --distance-step 0.75 --strategy zenjxl --corpus-manifest benchmarks/corpora/w44_170_varied_corpus.tsv
1475938	cid22	512	512	zenjxl	8	1.0000	32793	32358	87.6124	87.9242	1.270706	1.101691	1442.217	1681.035	1.344	-0.3117	15.341	-14.207	OK	89e3c405809a53c2872179d05bda80a69503b2fb	cargo run -p jxl-encoder --release --features 'parallel butteraugli-loop ssim2-loop' --example w44_170_cjxl_step025_sweep -- --image 1475938 --effort 8 --distance-min 1 --distance-max 1 --distance-step 1 --strategy zenjxl --corpus-manifest benchmarks/corpora/w44_170_varied_corpus.tsv
1475938	cid22	512	512	zenjxl	8	1.2500	28146	27904	85.6061	85.9572	1.368670	1.340239	1388.687	1905.171	0.867	-0.3511	2.121	-27.110	OK	89e3c405809a53c2872179d05bda80a69503b2fb	cargo run -p jxl-encoder --release --features 'parallel butteraugli-loop ssim2-loop' --example w44_170_cjxl_step025_sweep -- --image 1475938 --effort 8 --distance-min 1.25 --distance-max 1.25 --distance-step 1.25 --strategy zenjxl --corpus-manifest benchmarks/corpora/w44_170_varied_corpus.tsv
1475938	cid22	512	512	zenjxl	8	1.5000	25298	24838	84.2070	84.2888	1.627564	1.730670	1274.265	1826.294	1.852	-0.0817	-5.958	-30.227	OK	89e3c405809a53c2872179d05bda80a69503b2fb	cargo run -p jxl-encoder --release --features 'parallel butteraugli-loop ssim2-loop' --example w44_170_cjxl_step025_sweep -- --image 1475938 --effort 8 --distance-min 1.5 --distance-max 1.5 --distance-step 1.5 --strategy zenjxl --corpus-manifest benchmarks/corpora/w44_170_varied_corpus.tsv
1475938	cid22	512	512	zenjxl	8	1.7500	22441	22268	81.9637	82.4095	1.998629	1.794275	1155.388	1480.795	0.777	-0.4457	11.389	-21.975	OK	89e3c405809a53c2872179d05bda80a69503b2fb	cargo run -p jxl-encoder --release --features 'parallel butteraugli-loop ssim2-loop' --example w44_170_cjxl_step025_sweep -- --image 1475938 --effort 8 --distance-min 1.75 --distance-max 1.75 --distance-step 1.75 --strategy zenjxl --corpus-manifest benchmarks/corpora/w44_170_varied_corpus.tsv
1475938	cid22	512	512	zenjxl	8	2.0000	20074	20464	80.1184	81.0677	2.279768	2.094538	1408.359	1545.071	-1.906	-0.9492	8.843	-8.848	OK	89e3c405809a53c2872179d05bda80a69503b2fb	cargo run -p jxl-encoder --release --features 'parallel butteraugli-loop ssim2-loop' --example w44_170_cjxl_step025_sweep -- --image 1475938 --effort 8 --distance-min 2 --distance-max 2 --distance-step 2 --strategy zenjxl --corpus-manifest benchmarks/corpora/w44_170_varied_corpus.tsv
1475938	cid22	512	512	zenjxl	8	2.2500	18374	18643	78.4688	79.3821	2.489286	2.273550	1209.703	1583.111	-1.443	-0.9132	9.489	-23.587	OK	89e3c405809a53c2872179d05bda80a69503b2fb	cargo run -p jxl-encoder --release --features 'parallel butteraugli-loop ssim2-loop' --example w44_170_cjxl_step025_sweep -- --image 1475938 --effort 8 --distance-min 2.25 --distance-max 2.25 --distance-step 2.25 --strategy zenjxl --corpus-manifest benchmarks/corpora/w44_170_varied_corpus.tsv
1475938	cid22	512	512	zenjxl	8	2.5000	17029	17306	76.1445	77.3869	2.917434	2.576334	1182.338	1323.795	-1.601	-1.2424	13.240	-10.686	OK	89e3c405809a53c2872179d05bda80a69503b2fb	cargo run -p jxl-encoder --release --features 'parallel butteraugli-loop ssim2-loop' --example w44_170_cjxl_step025_sweep -- --image 1475938 --effort 8 --distance-min 2.5 --distance-max 2.5 --distance-step 2.5 --strategy zenjxl --corpus-manifest benchmarks/corpora/w44_170_varied_corpus.tsv
1475938	cid22	512	512	zenjxl	8	2.7500	16015	16111	74.6883	75.7029	2.771293	2.847406	1249.904	1377.407	-0.596	-1.0146	-2.673	-9.257	OK	89e3c405809a53c2872179d05bda80a69503b2fb	cargo run -p jxl-encoder --release --features 'parallel butteraugli-loop ssim2-loop' --example w44_170_cjxl_step025_sweep -- --image 1475938 --effort 8 --distance-min 2.75 --distance-max 2.75 --distance-step 2.75 --strategy zenjxl --corpus-manifest benchmarks/corpora/w44_170_varied_corpus.tsv
1475938	cid22	512	512	zenjxl	8	3.0000	14951	15111	73.0573	74.0920	2.944007	2.984537	1454.792	1650.433	-1.059	-1.0347	-1.358	-11.854	OK	89e3c405809a53c2872179d05bda80a69503b2fb	cargo run -p jxl-encoder --release --features 'parallel butteraugli-loop ssim2-loop' --example w44_170_cjxl_step025_sweep -- --image 1475938 --effort 8 --distance-min 3 --distance-max 3 --distance-step 3 --strategy zenjxl --corpus-manifest benchmarks/corpora/w44_170_varied_corpus.tsv
1475938	cid22	512	512	zenjxl	8	3.2500	13753	14225	70.9895	72.2115	3.338980	3.246150	1444.830	1567.706	-3.318	-1.2220	2.860	-7.838	OK	89e3c405809a53c2872179d05bda80a69503b2fb	cargo run -p jxl-encoder --release --features 'parallel butteraugli-loop ssim2-loop' --example w44_170_cjxl_step025_sweep -- --image 1475938 --effort 8 --distance-min 3.25 --distance-max 3.25 --distance-step 3.25 --strategy zenjxl --corpus-manifest benchmarks/corpora/w44_170_varied_corpus.tsv
1475938	cid22	512	512	zenjxl	8	3.5000	13057	13363	69.0143	70.0976	3.536460	3.683844	1123.758	1352.076	-2.290	-1.0833	-4.001	-16.886	OK	89e3c405809a53c2872179d05bda80a69503b2fb	cargo run -p jxl-encoder --release --features 'parallel butteraugli-loop ssim2-loop' --example w44_170_cjxl_step025_sweep -- --image 1475938 --effort 8 --distance-min 3.5 --distance-max 3.5 --distance-step 3.5 --strategy zenjxl --corpus-manifest benchmarks/corpora/w44_170_varied_corpus.tsv
1475938	cid22	512	512	zenjxl	8	3.7500	12253	12468	67.2638	68.5743	3.625923	3.820514	1879.784	1801.614	-1.724	-1.3105	-5.093	4.339	OK	89e3c405809a53c2872179d05bda80a69503b2fb	cargo run -p jxl-encoder --release --features 'parallel butteraugli-loop ssim2-loop' --example w44_170_cjxl_step025_sweep -- --image 1475938 --effort 8 --distance-min 3.75 --distance-max 3.75 --distance-step 3.75 --strategy zenjxl --corpus-manifest benchmarks/corpora/w44_170_varied_corpus.tsv
1475938	cid22	512	512	zenjxl	8	4.0000	11714	12021	66.1485	67.4128	4.137343	4.848214	1733.238	1619.595	-2.554	-1.2643	-14.663	7.017	OK	89e3c405809a53c2872179d05bda80a69503b2fb	cargo run -p jxl-encoder --release --features 'parallel butteraugli-loop ssim2-loop' --example w44_170_cjxl_step025_sweep -- --image 1475938 --effort 8 --distance-min 4 --distance-max 4 --distance-step 4 --strategy zenjxl --corpus-manifest benchmarks/corpora/w44_170_varied_corpus.tsv
1475938	cid22	512	512	zenjxl	8	4.2500	11124	11696	64.5712	66.2373	4.239234	4.405343	1841.189	1573.045	-4.891	-1.6661	-3.771	17.046	OK	89e3c405809a53c2872179d05bda80a69503b2fb	cargo run -p jxl-encoder --release --features 'parallel butteraugli-loop ssim2-loop' --example w44_170_cjxl_step025_sweep -- --image 1475938 --effort 8 --distance-min 4.25 --distance-max 4.25 --distance-step 4.25 --strategy zenjxl --corpus-manifest benchmarks/corpora/w44_170_varied_corpus.tsv
1475938	cid22	512	512	zenjxl	8	4.5000	10918	11266	62.9746	64.4321	4.287148	4.718859	2126.462	1601.685	-3.089	-1.4575	-9.149	32.764	OK	89e3c405809a53c2872179d05bda80a69503b2fb	cargo run -p jxl-encoder --release --features 'parallel butteraugli-loop ssim2-loop' --example w44_170_cjxl_step025_sweep -- --image 1475938 --effort 8 --distance-min 4.5 --distance-max 4.5 --distance-step 4.5 --strategy zenjxl --corpus-manifest benchmarks/corpora/w44_170_varied_corpus.tsv
1475938	cid22	512	512	zenjxl	8	4.7500	10052	10456	61.4583	63.0307	4.421425	5.266240	1378.667	2026.982	-3.864	-1.5724	-16.042	-31.984	OK	89e3c405809a53c2872179d05bda80a69503b2fb	cargo run -p jxl-encoder --release --features 'parallel butteraugli-loop ssim2-loop' --example w44_170_cjxl_step025_sweep -- --image 1475938 --effort 8 --distance-min 4.75 --distance-max 4.75 --distance-step 4.75 --strategy zenjxl --corpus-manifest benchmarks/corpora/w44_170_varied_corpus.tsv
1475938	cid22	512	512	zenjxl	8	5.0000	9576	9974	60.3753	62.2026	4.631191	4.767897	1356.863	1512.456	-3.990	-1.8273	-2.867	-10.287	OK	89e3c405809a53c2872179d05bda80a69503b2fb	cargo run -p jxl-encoder --release --features 'parallel butteraugli-loop ssim2-loop' --example w44_170_cjxl_step025_sweep -- --image 1475938 --effort 8 --distance-min 5 --distance-max 5 --distance-step 5 --strategy zenjxl --corpus-manifest benchmarks/corpora/w44_170_varied_corpus.tsv
1475938	cid22	512	512	zenjxl	9	0.2500	84297	83423	93.1091	93.0113	0.313745	0.310211	1770.197	1940.754	1.048	0.0978	1.139	-8.788	OK	89e3c405809a53c2872179d05bda80a69503b2fb	cargo run -p jxl-encoder --release --features 'parallel butteraugli-loop ssim2-loop' --example w44_170_cjxl_step025_sweep -- --image 1475938 --effort 9 --distance-min 0.25 --distance-max 0.25 --distance-step 0.25 --strategy zenjxl --corpus-manifest benchmarks/corpora/w44_170_varied_corpus.tsv
1475938	cid22	512	512	zenjxl	9	0.5000	54069	53386	91.0278	91.1202	0.593432	0.616680	2070.687	2185.355	1.279	-0.0925	-3.770	-5.247	OK	89e3c405809a53c2872179d05bda80a69503b2fb	cargo run -p jxl-encoder --release --features 'parallel butteraugli-loop ssim2-loop' --example w44_170_cjxl_step025_sweep -- --image 1475938 --effort 9 --distance-min 0.5 --distance-max 0.5 --distance-step 0.5 --strategy zenjxl --corpus-manifest benchmarks/corpora/w44_170_varied_corpus.tsv
1475938	cid22	512	512	zenjxl	9	0.7500	39712	39172	89.4761	89.4610	0.832965	0.858041	2493.976	2060.948	1.379	0.0151	-2.923	21.011	OK	89e3c405809a53c2872179d05bda80a69503b2fb	cargo run -p jxl-encoder --release --features 'parallel butteraugli-loop ssim2-loop' --example w44_170_cjxl_step025_sweep -- --image 1475938 --effort 9 --distance-min 0.75 --distance-max 0.75 --distance-step 0.75 --strategy zenjxl --corpus-manifest benchmarks/corpora/w44_170_varied_corpus.tsv
1475938	cid22	512	512	zenjxl	9	1.0000	33117	32355	87.6275	87.9583	1.171131	1.101691	1554.410	2720.962	2.355	-0.3308	6.303	-42.873	OK	89e3c405809a53c2872179d05bda80a69503b2fb	cargo run -p jxl-encoder --release --features 'parallel butteraugli-loop ssim2-loop' --example w44_170_cjxl_step025_sweep -- --image 1475938 --effort 9 --distance-min 1 --distance-max 1 --distance-step 1 --strategy zenjxl --corpus-manifest benchmarks/corpora/w44_170_varied_corpus.tsv
1475938	cid22	512	512	zenjxl	9	1.2500	28242	27845	85.6061	85.9636	1.368670	1.340239	2079.974	2205.304	1.426	-0.3575	2.121	-5.683	OK	89e3c405809a53c2872179d05bda80a69503b2fb	cargo run -p jxl-encoder --release --features 'parallel butteraugli-loop ssim2-loop' --example w44_170_cjxl_step025_sweep -- --image 1475938 --effort 9 --distance-min 1.25 --distance-max 1.25 --distance-step 1.25 --strategy zenjxl --corpus-manifest benchmarks/corpora/w44_170_varied_corpus.tsv
1475938	cid22	512	512	zenjxl	9	1.5000	25487	24820	84.2776	84.3064	1.586027	1.585492	1572.293	1807.882	2.687	-0.0288	0.034	-13.031	OK	89e3c405809a53c2872179d05bda80a69503b2fb	cargo run -p jxl-encoder --release --features 'parallel butteraugli-loop ssim2-loop' --example w44_170_cjxl_step025_sweep -- --image 1475938 --effort 9 --distance-min 1.5 --distance-max 1.5 --distance-step 1.5 --strategy zenjxl --corpus-manifest benchmarks/corpora/w44_170_varied_corpus.tsv
1475938	cid22	512	512	zenjxl	9	1.7500	22516	22231	82.0027	82.4294	1.817035	1.784561	1794.274	1925.720	1.282	-0.4267	1.820	-6.826	OK	89e3c405809a53c2872179d05bda80a69503b2fb	cargo run -p jxl-encoder --release --features 'parallel butteraugli-loop ssim2-loop' --example w44_170_cjxl_step025_sweep -- --image 1475938 --effort 9 --distance-min 1.75 --distance-max 1.75 --distance-step 1.75 --strategy zenjxl --corpus-manifest benchmarks/corpora/w44_170_varied_corpus.tsv
1475938	cid22	512	512	zenjxl	9	2.0000	20259	20378	80.1352	81.0748	2.097696	2.094538	2022.326	2894.491	-0.584	-0.9395	0.151	-30.132	OK	89e3c405809a53c2872179d05bda80a69503b2fb	cargo run -p jxl-encoder --release --features 'parallel butteraugli-loop ssim2-loop' --example w44_170_cjxl_step025_sweep -- --image 1475938 --effort 9 --distance-min 2 --distance-max 2 --distance-step 2 --strategy zenjxl --corpus-manifest benchmarks/corpora/w44_170_varied_corpus.tsv
1475938	cid22	512	512	zenjxl	9	2.2500	18562	18583	78.4764	79.3821	2.340976	2.273550	2007.982	2404.001	-0.113	-0.9057	2.966	-16.473	OK	89e3c405809a53c2872179d05bda80a69503b2fb	cargo run -p jxl-encoder --release --features 'parallel butteraugli-loop ssim2-loop' --example w44_170_cjxl_step025_sweep -- --image 1475938 --effort 9 --distance-min 2.25 --distance-max 2.25 --distance-step 2.25 --strategy zenjxl --corpus-manifest benchmarks/corpora/w44_170_varied_corpus.tsv
1475938	cid22	512	512	zenjxl	9	2.5000	17131	17245	76.1728	77.4108	2.917434	2.576334	1653.201	2199.359	-0.661	-1.2380	13.240	-24.833	OK	89e3c405809a53c2872179d05bda80a69503b2fb	cargo run -p jxl-encoder --release --features 'parallel butteraugli-loop ssim2-loop' --example w44_170_cjxl_step025_sweep -- --image 1475938 --effort 9 --distance-min 2.5 --distance-max 2.5 --distance-step 2.5 --strategy zenjxl --corpus-manifest benchmarks/corpora/w44_170_varied_corpus.tsv
1475938	cid22	512	512	zenjxl	9	2.7500	16196	16052	74.6883	75.7132	2.771293	2.602637	1694.428	2195.897	0.897	-1.0250	6.480	-22.837	OK	89e3c405809a53c2872179d05bda80a69503b2fb	cargo run -p jxl-encoder --release --features 'parallel butteraugli-loop ssim2-loop' --example w44_170_cjxl_step025_sweep -- --image 1475938 --effort 9 --distance-min 2.75 --distance-max 2.75 --distance-step 2.75 --strategy zenjxl --corpus-manifest benchmarks/corpora/w44_170_varied_corpus.tsv
1475938	cid22	512	512	zenjxl	9	3.0000	15050	15116	73.0559	74.1002	2.908595	2.984537	1784.008	2782.164	-0.437	-1.0443	-2.545	-35.877	OK	89e3c405809a53c2872179d05bda80a69503b2fb	cargo run -p jxl-encoder --release --features 'parallel butteraugli-loop ssim2-loop' --example w44_170_cjxl_step025_sweep -- --image 1475938 --effort 9 --distance-min 3 --distance-max 3 --distance-step 3 --strategy zenjxl --corpus-manifest benchmarks/corpora/w44_170_varied_corpus.tsv
1475938	cid22	512	512	zenjxl	9	3.2500	13825	14181	70.9895	72.2135	3.338980	3.246150	2262.479	2906.830	-2.510	-1.2241	2.860	-22.167	OK	89e3c405809a53c2872179d05bda80a69503b2fb	cargo run -p jxl-encoder --release --features 'parallel butteraugli-loop ssim2-loop' --example w44_170_cjxl_step025_sweep -- --image 1475938 --effort 9 --distance-min 3.25 --distance-max 3.25 --distance-step 3.25 --strategy zenjxl --corpus-manifest benchmarks/corpora/w44_170_varied_corpus.tsv
1475938	cid22	512	512	zenjxl	9	3.5000	13157	13341	69.0143	70.1160	3.536460	3.683844	1326.873	2348.795	-1.379	-1.1017	-4.001	-43.508	OK	89e3c405809a53c2872179d05bda80a69503b2fb	cargo run -p jxl-encoder --release --features 'parallel butteraugli-loop ssim2-loop' --example w44_170_cjxl_step025_sweep -- --image 1475938 --effort 9 --distance-min 3.5 --distance-max 3.5 --distance-step 3.5 --strategy zenjxl --corpus-manifest benchmarks/corpora/w44_170_varied_corpus.tsv
1475938	cid22	512	512	zenjxl	9	3.7500	12362	12460	67.2638	68.5727	3.625923	3.660307	1800.552	2622.296	-0.787	-1.3089	-0.939	-31.337	OK	89e3c405809a53c2872179d05bda80a69503b2fb	cargo run -p jxl-encoder --release --features 'parallel butteraugli-loop ssim2-loop' --example w44_170_cjxl_step025_sweep -- --image 1475938 --effort 9 --distance-min 3.75 --distance-max 3.75 --distance-step 3.75 --strategy zenjxl --corpus-manifest benchmarks/corpora/w44_170_varied_corpus.tsv
1475938	cid22	512	512	zenjxl	9	4.0000	11839	12044	66.1497	67.3928	4.137361	4.848214	2461.542	2613.175	-1.702	-1.2431	-14.662	-5.803	OK	89e3c405809a53c2872179d05bda80a69503b2fb	cargo run -p jxl-encoder --release --features 'parallel butteraugli-loop ssim2-loop' --example w44_170_cjxl_step025_sweep -- --image 1475938 --effort 9 --distance-min 4 --distance-max 4 --distance-step 4 --strategy zenjxl --corpus-manifest benchmarks/corpora/w44_170_varied_corpus.tsv
1475938	cid22	512	512	zenjxl	9	4.2500	11266	11809	64.5712	66.2833	4.239234	3.938940	2476.144	2216.576	-4.598	-1.7121	7.624	11.710	OK	89e3c405809a53c2872179d05bda80a69503b2fb	cargo run -p jxl-encoder --release --features 'parallel butteraugli-loop ssim2-loop' --example w44_170_cjxl_step025_sweep -- --image 1475938 --effort 9 --distance-min 4.25 --distance-max 4.25 --distance-step 4.25 --strategy zenjxl --corpus-manifest benchmarks/corpora/w44_170_varied_corpus.tsv
1475938	cid22	512	512	zenjxl	9	4.5000	11022	11401	62.9746	64.4620	4.287148	4.611429	2214.538	2662.193	-3.324	-1.4873	-7.032	-16.815	OK	89e3c405809a53c2872179d05bda80a69503b2fb	cargo run -p jxl-encoder --release --features 'parallel butteraugli-loop ssim2-loop' --example w44_170_cjxl_step025_sweep -- --image 1475938 --effort 9 --distance-min 4.5 --distance-max 4.5 --distance-step 4.5 --strategy zenjxl --corpus-manifest benchmarks/corpora/w44_170_varied_corpus.tsv
1475938	cid22	512	512	zenjxl	9	4.7500	10135	10584	61.4583	63.0664	4.421425	5.128305	2315.559	2387.243	-4.242	-1.6081	-13.784	-3.003	OK	89e3c405809a53c2872179d05bda80a69503b2fb	cargo run -p jxl-encoder --release --features 'parallel butteraugli-loop ssim2-loop' --example w44_170_cjxl_step025_sweep -- --image 1475938 --effort 9 --distance-min 4.75 --distance-max 4.75 --distance-step 4.75 --strategy zenjxl --corpus-manifest benchmarks/corpora/w44_170_varied_corpus.tsv
1475938	cid22	512	512	zenjxl	9	5.0000	9663	10063	60.3753	62.1734	4.631191	4.767897	2203.134	2686.191	-3.975	-1.7981	-2.867	-17.983	OK	89e3c405809a53c2872179d05bda80a69503b2fb	cargo run -p jxl-encoder --release --features 'parallel butteraugli-loop ssim2-loop' --example w44_170_cjxl_step025_sweep -- --image 1475938 --effort 9 --distance-min 5 --distance-max 5 --distance-step 5 --strategy zenjxl --corpus-manifest benchmarks/corpora/w44_170_varied_corpus.tsv
1531677	cid22	512	512	zenjxl	5	0.2500	169495	169440	94.0490	94.0208	0.440549	0.447055	199.046	109.678	0.032	0.0282	-1.455	81.482	OK	89e3c405809a53c2872179d05bda80a69503b2fb	cargo run -p jxl-encoder --release --features 'parallel butteraugli-loop ssim2-loop' --example w44_170_cjxl_step025_sweep -- --image 1531677 --effort 5 --distance-min 0.25 --distance-max 0.25 --distance-step 0.25 --strategy zenjxl --corpus-manifest benchmarks/corpora/w44_170_varied_corpus.tsv
1531677	cid22	512	512	zenjxl	5	0.5000	120096	120215	90.6586	90.7853	0.813854	0.814778	185.624	259.639	-0.099	-0.1267	-0.113	-28.507	OK	89e3c405809a53c2872179d05bda80a69503b2fb	cargo run -p jxl-encoder --release --features 'parallel butteraugli-loop ssim2-loop' --example w44_170_cjxl_step025_sweep -- --image 1531677 --effort 5 --distance-min 0.5 --distance-max 0.5 --distance-step 0.5 --strategy zenjxl --corpus-manifest benchmarks/corpora/w44_170_varied_corpus.tsv
1531677	cid22	512	512	zenjxl	5	0.7500	98634	99006	88.0968	88.1484	0.995348	1.004402	188.659	191.423	-0.376	-0.0515	-0.901	-1.444	OK	89e3c405809a53c2872179d05bda80a69503b2fb	cargo run -p jxl-encoder --release --features 'parallel butteraugli-loop ssim2-loop' --example w44_170_cjxl_step025_sweep -- --image 1531677 --effort 5 --distance-min 0.75 --distance-max 0.75 --distance-step 0.75 --strategy zenjxl --corpus-manifest benchmarks/corpora/w44_170_varied_corpus.tsv
1531677	cid22	512	512	zenjxl	5	1.0000	82917	83207	85.2131	85.4174	1.265342	1.251395	239.173	234.199	-0.349	-0.2043	1.115	2.124	OK	89e3c405809a53c2872179d05bda80a69503b2fb	cargo run -p jxl-encoder --release --features 'parallel butteraugli-loop ssim2-loop' --example w44_170_cjxl_step025_sweep -- --image 1531677 --effort 5 --distance-min 1 --distance-max 1 --distance-step 1 --strategy zenjxl --corpus-manifest benchmarks/corpora/w44_170_varied_corpus.tsv
1531677	cid22	512	512	zenjxl	5	1.2500	71433	71833	82.4292	82.7346	1.748142	1.752280	172.211	301.952	-0.557	-0.3053	-0.236	-42.967	OK	89e3c405809a53c2872179d05bda80a69503b2fb	cargo run -p jxl-encoder --release --features 'parallel butteraugli-loop ssim2-loop' --example w44_170_cjxl_step025_sweep -- --image 1531677 --effort 5 --distance-min 1.25 --distance-max 1.25 --distance-step 1.25 --strategy zenjxl --corpus-manifest benchmarks/corpora/w44_170_varied_corpus.tsv
1531677	cid22	512	512	zenjxl	5	1.5000	62685	62888	79.4003	79.8884	2.012328	2.006012	179.526	282.518	-0.323	-0.4881	0.315	-36.455	OK	89e3c405809a53c2872179d05bda80a69503b2fb	cargo run -p jxl-encoder --release --features 'parallel butteraugli-loop ssim2-loop' --example w44_170_cjxl_step025_sweep -- --image 1531677 --effort 5 --distance-min 1.5 --distance-max 1.5 --distance-step 1.5 --strategy zenjxl --corpus-manifest benchmarks/corpora/w44_170_varied_corpus.tsv
1531677	cid22	512	512	zenjxl	5	1.7500	55535	55520	76.9020	77.3191	2.099220	2.098441	163.678	303.141	0.027	-0.4171	0.037	-46.006	OK	89e3c405809a53c2872179d05bda80a69503b2fb	cargo run -p jxl-encoder --release --features 'parallel butteraugli-loop ssim2-loop' --example w44_170_cjxl_step025_sweep -- --image 1531677 --effort 5 --distance-min 1.75 --distance-max 1.75 --distance-step 1.75 --strategy zenjxl --corpus-manifest benchmarks/corpora/w44_170_varied_corpus.tsv
1531677	cid22	512	512	zenjxl	5	2.0000	49488	49240	74.2368	74.7250	2.753036	2.743781	193.536	307.834	0.504	-0.4882	0.337	-37.130	OK	89e3c405809a53c2872179d05bda80a69503b2fb	cargo run -p jxl-encoder --release --features 'parallel butteraugli-loop ssim2-loop' --example w44_170_cjxl_step025_sweep -- --image 1531677 --effort 5 --distance-min 2 --distance-max 2 --distance-step 2 --strategy zenjxl --corpus-manifest benchmarks/corpora/w44_170_varied_corpus.tsv
1531677	cid22	512	512	zenjxl	5	2.2500	44220	43640	71.7682	71.7502	2.757508	2.747221	151.827	236.077	1.329	0.0180	0.374	-35.687	OK	89e3c405809a53c2872179d05bda80a69503b2fb	cargo run -p jxl-encoder --release --features 'parallel butteraugli-loop ssim2-loop' --example w44_170_cjxl_step025_sweep -- --image 1531677 --effort 5 --distance-min 2.25 --distance-max 2.25 --distance-step 2.25 --strategy zenjxl --corpus-manifest benchmarks/corpora/w44_170_varied_corpus.tsv
1531677	cid22	512	512	zenjxl	5	2.5000	40389	39062	69.3335	69.5099	2.812438	2.893104	155.675	209.974	3.397	-0.1764	-2.788	-25.860	OK	89e3c405809a53c2872179d05bda80a69503b2fb	cargo run -p jxl-encoder --release --features 'parallel butteraugli-loop ssim2-loop' --example w44_170_cjxl_step025_sweep -- --image 1531677 --effort 5 --distance-min 2.5 --distance-max 2.5 --distance-step 2.5 --strategy zenjxl --corpus-manifest benchmarks/corpora/w44_170_varied_corpus.tsv
1531677	cid22	512	512	zenjxl	5	2.7500	36215	35409	66.2190	66.9920	3.184329	3.206180	150.499	258.886	2.276	-0.7730	-0.682	-41.867	OK	89e3c405809a53c2872179d05bda80a69503b2fb	cargo run -p jxl-encoder --release --features 'parallel butteraugli-loop ssim2-loop' --example w44_170_cjxl_step025_sweep -- --image 1531677 --effort 5 --distance-min 2.75 --distance-max 2.75 --distance-step 2.75 --strategy zenjxl --corpus-manifest benchmarks/corpora/w44_170_varied_corpus.tsv
1531677	cid22	512	512	zenjxl	5	3.0000	32141	32095	63.5476	64.8653	3.378609	3.277554	159.262	384.015	0.143	-1.3177	3.083	-58.527	OK	89e3c405809a53c2872179d05bda80a69503b2fb	cargo run -p jxl-encoder --release --features 'parallel butteraugli-loop ssim2-loop' --example w44_170_cjxl_step025_sweep -- --image 1531677 --effort 5 --distance-min 3 --distance-max 3 --distance-step 3 --strategy zenjxl --corpus-manifest benchmarks/corpora/w44_170_varied_corpus.tsv
1531677	cid22	512	512	zenjxl	5	3.2500	28871	29390	61.3666	62.4924	3.520521	3.553176	157.326	216.595	-1.766	-1.1258	-0.919	-27.364	OK	89e3c405809a53c2872179d05bda80a69503b2fb	cargo run -p jxl-encoder --release --features 'parallel butteraugli-loop ssim2-loop' --example w44_170_cjxl_step025_sweep -- --image 1531677 --effort 5 --distance-min 3.25 --distance-max 3.25 --distance-step 3.25 --strategy zenjxl --corpus-manifest benchmarks/corpora/w44_170_varied_corpus.tsv
1531677	cid22	512	512	zenjxl	5	3.5000	27058	27097	59.5326	60.7084	3.892843	3.717794	134.880	236.595	-0.144	-1.1757	4.708	-42.991	OK	89e3c405809a53c2872179d05bda80a69503b2fb	cargo run -p jxl-encoder --release --features 'parallel butteraugli-loop ssim2-loop' --example w44_170_cjxl_step025_sweep -- --image 1531677 --effort 5 --distance-min 3.5 --distance-max 3.5 --distance-step 3.5 --strategy zenjxl --corpus-manifest benchmarks/corpora/w44_170_varied_corpus.tsv
1531677	cid22	512	512	zenjxl	5	3.7500	25782	25464	57.9099	59.0683	4.263240	4.237746	160.960	235.077	1.249	-1.1584	0.602	-31.529	OK	89e3c405809a53c2872179d05bda80a69503b2fb	cargo run -p jxl-encoder --release --features 'parallel butteraugli-loop ssim2-loop' --example w44_170_cjxl_step025_sweep -- --image 1531677 --effort 5 --distance-min 3.75 --distance-max 3.75 --distance-step 3.75 --strategy zenjxl --corpus-manifest benchmarks/corpora/w44_170_varied_corpus.tsv
1531677	cid22	512	512	zenjxl	5	4.0000	24211	24216	52.8908	54.0598	4.280867	4.215425	134.624	233.535	-0.021	-1.1690	1.552	-42.354	OK	89e3c405809a53c2872179d05bda80a69503b2fb	cargo run -p jxl-encoder --release --features 'parallel butteraugli-loop ssim2-loop' --example w44_170_cjxl_step025_sweep -- --image 1531677 --effort 5 --distance-min 4 --distance-max 4 --distance-step 4 --strategy zenjxl --corpus-manifest benchmarks/corpora/w44_170_varied_corpus.tsv
1531677	cid22	512	512	zenjxl	5	4.2500	24357	23084	51.0184	52.1684	4.309109	4.240118	127.218	208.718	5.515	-1.1501	1.627	-39.048	OK	89e3c405809a53c2872179d05bda80a69503b2fb	cargo run -p jxl-encoder --release --features 'parallel butteraugli-loop ssim2-loop' --example w44_170_cjxl_step025_sweep -- --image 1531677 --effort 5 --distance-min 4.25 --distance-max 4.25 --distance-step 4.25 --strategy zenjxl --corpus-manifest benchmarks/corpora/w44_170_varied_corpus.tsv
1531677	cid22	512	512	zenjxl	5	4.5000	22724	21962	48.8158	50.0921	4.347972	4.337692	132.517	219.199	3.470	-1.2762	0.237	-39.545	OK	89e3c405809a53c2872179d05bda80a69503b2fb	cargo run -p jxl-encoder --release --features 'parallel butteraugli-loop ssim2-loop' --example w44_170_cjxl_step025_sweep -- --image 1531677 --effort 5 --distance-min 4.5 --distance-max 4.5 --distance-step 4.5 --strategy zenjxl --corpus-manifest benchmarks/corpora/w44_170_varied_corpus.tsv
1531677	cid22	512	512	zenjxl	5	4.7500	22049	20949	47.0974	48.2689	4.786078	4.766497	145.013	331.990	5.251	-1.1715	0.411	-56.320	OK	89e3c405809a53c2872179d05bda80a69503b2fb	cargo run -p jxl-encoder --release --features 'parallel butteraugli-loop ssim2-loop' --example w44_170_cjxl_step025_sweep -- --image 1531677 --effort 5 --distance-min 4.75 --distance-max 4.75 --distance-step 4.75 --strategy zenjxl --corpus-manifest benchmarks/corpora/w44_170_varied_corpus.tsv
1531677	cid22	512	512	zenjxl	5	5.0000	21070	20227	45.3560	46.7910	4.919607	4.531577	122.539	228.120	4.168	-1.4350	8.563	-46.283	OK	89e3c405809a53c2872179d05bda80a69503b2fb	cargo run -p jxl-encoder --release --features 'parallel butteraugli-loop ssim2-loop' --example w44_170_cjxl_step025_sweep -- --image 1531677 --effort 5 --distance-min 5 --distance-max 5 --distance-step 5 --strategy zenjxl --corpus-manifest benchmarks/corpora/w44_170_varied_corpus.tsv
1531677	cid22	512	512	zenjxl	6	0.2500	169522	169526	94.0533	94.0199	0.440549	0.447055	237.993	370.803	-0.002	0.0334	-1.455	-35.817	OK	89e3c405809a53c2872179d05bda80a69503b2fb	cargo run -p jxl-encoder --release --features 'parallel butteraugli-loop ssim2-loop' --example w44_170_cjxl_step025_sweep -- --image 1531677 --effort 6 --distance-min 0.25 --distance-max 0.25 --distance-step 0.25 --strategy zenjxl --corpus-manifest benchmarks/corpora/w44_170_varied_corpus.tsv
1531677	cid22	512	512	zenjxl	6	0.5000	120101	120237	90.6739	90.7996	0.813854	0.814778	201.836	271.313	-0.113	-0.1256	-0.113	-25.608	OK	89e3c405809a53c2872179d05bda80a69503b2fb	cargo run -p jxl-encoder --release --features 'parallel butteraugli-loop ssim2-loop' --example w44_170_cjxl_step025_sweep -- --image 1531677 --effort 6 --distance-min 0.5 --distance-max 0.5 --distance-step 0.5 --strategy zenjxl --corpus-manifest benchmarks/corpora/w44_170_varied_corpus.tsv
1531677	cid22	512	512	zenjxl	6	0.7500	98456	99165	88.0720	88.1826	0.995285	1.009501	353.327	607.228	-0.715	-0.1105	-1.408	-41.813	OK	89e3c405809a53c2872179d05bda80a69503b2fb	cargo run -p jxl-encoder --release --features 'parallel butteraugli-loop ssim2-loop' --example w44_170_cjxl_step025_sweep -- --image 1531677 --effort 6 --distance-min 0.75 --distance-max 0.75 --distance-step 0.75 --strategy zenjxl --corpus-manifest benchmarks/corpora/w44_170_varied_corpus.tsv
1531677	cid22	512	512	zenjxl	6	1.0000	82627	83289	85.1233	85.4028	1.265687	1.263211	313.892	626.689	-0.795	-0.2794	0.196	-49.913	OK	89e3c405809a53c2872179d05bda80a69503b2fb	cargo run -p jxl-encoder --release --features 'parallel butteraugli-loop ssim2-loop' --example w44_170_cjxl_step025_sweep -- --image 1531677 --effort 6 --distance-min 1 --distance-max 1 --distance-step 1 --strategy zenjxl --corpus-manifest benchmarks/corpora/w44_170_varied_corpus.tsv
1531677	cid22	512	512	zenjxl	6	1.2500	71227	71879	82.2796	82.6204	1.717811	1.708816	373.410	391.578	-0.907	-0.3408	0.526	-4.640	OK	89e3c405809a53c2872179d05bda80a69503b2fb	cargo run -p jxl-encoder --release --features 'parallel butteraugli-loop ssim2-loop' --example w44_170_cjxl_step025_sweep -- --image 1531677 --effort 6 --distance-min 1.25 --distance-max 1.25 --distance-step 1.25 --strategy zenjxl --corpus-manifest benchmarks/corpora/w44_170_varied_corpus.tsv
1531677	cid22	512	512	zenjxl	6	1.5000	62532	62902	79.3432	79.9548	2.002383	1.991889	263.942	449.314	-0.588	-0.6116	0.527	-41.257	OK	89e3c405809a53c2872179d05bda80a69503b2fb	cargo run -p jxl-encoder --release --features 'parallel butteraugli-loop ssim2-loop' --example w44_170_cjxl_step025_sweep -- --image 1531677 --effort 6 --distance-min 1.5 --distance-max 1.5 --distance-step 1.5 --strategy zenjxl --corpus-manifest benchmarks/corpora/w44_170_varied_corpus.tsv
1531677	cid22	512	512	zenjxl	6	1.7500	55628	55790	76.9028	77.4111	2.095575	2.090323	301.358	413.200	-0.290	-0.5083	0.251	-27.067	OK	89e3c405809a53c2872179d05bda80a69503b2fb	cargo run -p jxl-encoder --release --features 'parallel butteraugli-loop ssim2-loop' --example w44_170_cjxl_step025_sweep -- --image 1531677 --effort 6 --distance-min 1.75 --distance-max 1.75 --distance-step 1.75 --strategy zenjxl --corpus-manifest benchmarks/corpora/w44_170_varied_corpus.tsv
1531677	cid22	512	512	zenjxl	6	2.0000	49685	49650	74.3440	74.7276	2.354126	2.361437	279.451	439.329	0.070	-0.3836	-0.310	-36.392	OK	89e3c405809a53c2872179d05bda80a69503b2fb	cargo run -p jxl-encoder --release --features 'parallel butteraugli-loop ssim2-loop' --example w44_170_cjxl_step025_sweep -- --image 1531677 --effort 6 --distance-min 2 --distance-max 2 --distance-step 2 --strategy zenjxl --corpus-manifest benchmarks/corpora/w44_170_varied_corpus.tsv
1531677	cid22	512	512	zenjxl	6	2.2500	44616	43858	72.0360	72.0413	2.745849	2.736697	257.595	457.664	1.728	-0.0053	0.334	-43.715	OK	89e3c405809a53c2872179d05bda80a69503b2fb	cargo run -p jxl-encoder --release --features 'parallel butteraugli-loop ssim2-loop' --example w44_170_cjxl_step025_sweep -- --image 1531677 --effort 6 --distance-min 2.25 --distance-max 2.25 --distance-step 2.25 --strategy zenjxl --corpus-manifest benchmarks/corpora/w44_170_varied_corpus.tsv
1531677	cid22	512	512	zenjxl	6	2.5000	40726	39533	69.6305	69.9164	2.833642	2.906096	266.937	319.325	3.018	-0.2859	-2.493	-16.406	OK	89e3c405809a53c2872179d05bda80a69503b2fb	cargo run -p jxl-encoder --release --features 'parallel butteraugli-loop ssim2-loop' --example w44_170_cjxl_step025_sweep -- --image 1531677 --effort 6 --distance-min 2.5 --distance-max 2.5 --distance-step 2.5 --strategy zenjxl --corpus-manifest benchmarks/corpora/w44_170_varied_corpus.tsv
1531677	cid22	512	512	zenjxl	6	2.7500	37711	35968	66.6975	67.6079	3.252810	3.288436	294.387	354.440	4.846	-0.9105	-1.083	-16.943	OK	89e3c405809a53c2872179d05bda80a69503b2fb	cargo run -p jxl-encoder --release --features 'parallel butteraugli-loop ssim2-loop' --example w44_170_cjxl_step025_sweep -- --image 1531677 --effort 6 --distance-min 2.75 --distance-max 2.75 --distance-step 2.75 --strategy zenjxl --corpus-manifest benchmarks/corpora/w44_170_varied_corpus.tsv
1531677	cid22	512	512	zenjxl	6	3.0000	32548	32674	63.9492	65.1184	3.346959	3.316137	321.925	439.555	-0.386	-1.1692	0.929	-26.761	OK	89e3c405809a53c2872179d05bda80a69503b2fb	cargo run -p jxl-encoder --release --features 'parallel butteraugli-loop ssim2-loop' --example w44_170_cjxl_step025_sweep -- --image 1531677 --effort 6 --distance-min 3 --distance-max 3 --distance-step 3 --strategy zenjxl --corpus-manifest benchmarks/corpora/w44_170_varied_corpus.tsv
1531677	cid22	512	512	zenjxl	6	3.2500	29078	30086	61.9422	63.0838	3.513440	3.484797	298.146	524.921	-3.350	-1.1416	0.822	-43.202	OK	89e3c405809a53c2872179d05bda80a69503b2fb	cargo run -p jxl-encoder --release --features 'parallel butteraugli-loop ssim2-loop' --example w44_170_cjxl_step025_sweep -- --image 1531677 --effort 6 --distance-min 3.25 --distance-max 3.25 --distance-step 3.25 --strategy zenjxl --corpus-manifest benchmarks/corpora/w44_170_varied_corpus.tsv
1531677	cid22	512	512	zenjxl	6	3.5000	27321	27803	60.3077	61.3708	3.823318	3.680226	314.383	470.467	-1.734	-1.0631	3.888	-33.176	OK	89e3c405809a53c2872179d05bda80a69503b2fb	cargo run -p jxl-encoder --release --features 'parallel butteraugli-loop ssim2-loop' --example w44_170_cjxl_step025_sweep -- --image 1531677 --effort 6 --distance-min 3.5 --distance-max 3.5 --distance-step 3.5 --strategy zenjxl --corpus-manifest benchmarks/corpora/w44_170_varied_corpus.tsv
1531677	cid22	512	512	zenjxl	6	3.7500	27016	26148	58.6796	59.8304	3.974856	4.099417	303.830	520.911	3.320	-1.1508	-3.039	-41.673	OK	89e3c405809a53c2872179d05bda80a69503b2fb	cargo run -p jxl-encoder --release --features 'parallel butteraugli-loop ssim2-loop' --example w44_170_cjxl_step025_sweep -- --image 1531677 --effort 6 --distance-min 3.75 --distance-max 3.75 --distance-step 3.75 --strategy zenjxl --corpus-manifest benchmarks/corpora/w44_170_varied_corpus.tsv
1531677	cid22	512	512	zenjxl	6	4.0000	25534	24881	56.5732	57.8238	4.433307	4.070038	430.935	419.616	2.624	-1.2506	8.925	2.697	OK	89e3c405809a53c2872179d05bda80a69503b2fb	cargo run -p jxl-encoder --release --features 'parallel butteraugli-loop ssim2-loop' --example w44_170_cjxl_step025_sweep -- --image 1531677 --effort 6 --distance-min 4 --distance-max 4 --distance-step 4 --strategy zenjxl --corpus-manifest benchmarks/corpora/w44_170_varied_corpus.tsv
1531677	cid22	512	512	zenjxl	6	4.2500	24615	23700	54.9873	55.9915	4.599131	4.490708	381.181	555.901	3.861	-1.0042	2.414	-31.430	OK	89e3c405809a53c2872179d05bda80a69503b2fb	cargo run -p jxl-encoder --release --features 'parallel butteraugli-loop ssim2-loop' --example w44_170_cjxl_step025_sweep -- --image 1531677 --effort 6 --distance-min 4.25 --distance-max 4.25 --distance-step 4.25 --strategy zenjxl --corpus-manifest benchmarks/corpora/w44_170_varied_corpus.tsv
1531677	cid22	512	512	zenjxl	6	4.5000	23007	22517	53.1031	54.2756	4.667021	4.230068	453.316	457.920	2.176	-1.1725	10.330	-1.005	OK	89e3c405809a53c2872179d05bda80a69503b2fb	cargo run -p jxl-encoder --release --features 'parallel butteraugli-loop ssim2-loop' --example w44_170_cjxl_step025_sweep -- --image 1531677 --effort 6 --distance-min 4.5 --distance-max 4.5 --distance-step 4.5 --strategy zenjxl --corpus-manifest benchmarks/corpora/w44_170_varied_corpus.tsv
1531677	cid22	512	512	zenjxl	6	4.7500	22281	21411	51.7451	53.3180	4.712758	4.624206	416.960	521.877	4.063	-1.5728	1.915	-20.104	OK	89e3c405809a53c2872179d05bda80a69503b2fb	cargo run -p jxl-encoder --release --features 'parallel butteraugli-loop ssim2-loop' --example w44_170_cjxl_step025_sweep -- --image 1531677 --effort 6 --distance-min 4.75 --distance-max 4.75 --distance-step 4.75 --strategy zenjxl --corpus-manifest benchmarks/corpora/w44_170_varied_corpus.tsv
1531677	cid22	512	512	zenjxl	6	5.0000	21314	20560	50.1654	51.9585	4.616327	4.500546	323.058	411.015	3.667	-1.7931	2.573	-21.400	OK	89e3c405809a53c2872179d05bda80a69503b2fb	cargo run -p jxl-encoder --release --features 'parallel butteraugli-loop ssim2-loop' --example w44_170_cjxl_step025_sweep -- --image 1531677 --effort 6 --distance-min 5 --distance-max 5 --distance-step 5 --strategy zenjxl --corpus-manifest benchmarks/corpora/w44_170_varied_corpus.tsv
1531677	cid22	512	512	zenjxl	7	0.2500	169548	169463	94.0180	93.9778	0.440549	0.446266	325.477	341.875	0.050	0.0402	-1.281	-4.796	OK	89e3c405809a53c2872179d05bda80a69503b2fb	cargo run -p jxl-encoder --release --features 'parallel butteraugli-loop ssim2-loop' --example w44_170_cjxl_step025_sweep -- --image 1531677 --effort 7 --distance-min 0.25 --distance-max 0.25 --distance-step 0.25 --strategy zenjxl --corpus-manifest benchmarks/corpora/w44_170_varied_corpus.tsv
1531677	cid22	512	512	zenjxl	7	0.5000	120037	120274	90.6853	90.7934	0.813854	0.814782	234.575	396.361	-0.197	-0.1081	-0.114	-40.818	OK	89e3c405809a53c2872179d05bda80a69503b2fb	cargo run -p jxl-encoder --release --features 'parallel butteraugli-loop ssim2-loop' --example w44_170_cjxl_step025_sweep -- --image 1531677 --effort 7 --distance-min 0.5 --distance-max 0.5 --distance-step 0.5 --strategy zenjxl --corpus-manifest benchmarks/corpora/w44_170_varied_corpus.tsv
1531677	cid22	512	512	zenjxl	7	0.7500	98471	99157	88.0534	88.2158	0.995285	1.009547	365.415	504.581	-0.692	-0.1624	-1.413	-27.581	OK	89e3c405809a53c2872179d05bda80a69503b2fb	cargo run -p jxl-encoder --release --features 'parallel butteraugli-loop ssim2-loop' --example w44_170_cjxl_step025_sweep -- --image 1531677 --effort 7 --distance-min 0.75 --distance-max 0.75 --distance-step 0.75 --strategy zenjxl --corpus-manifest benchmarks/corpora/w44_170_varied_corpus.tsv
1531677	cid22	512	512	zenjxl	7	1.0000	82647	83326	85.1205	85.4008	1.265687	1.263743	329.718	554.194	-0.815	-0.2802	0.154	-40.505	OK	89e3c405809a53c2872179d05bda80a69503b2fb	cargo run -p jxl-encoder --release --features 'parallel butteraugli-loop ssim2-loop' --example w44_170_cjxl_step025_sweep -- --image 1531677 --effort 7 --distance-min 1 --distance-max 1 --distance-step 1 --strategy zenjxl --corpus-manifest benchmarks/corpora/w44_170_varied_corpus.tsv
1531677	cid22	512	512	zenjxl	7	1.2500	71231	71910	82.2923	82.6421	1.717811	1.708816	382.611	575.209	-0.944	-0.3498	0.526	-33.483	OK	89e3c405809a53c2872179d05bda80a69503b2fb	cargo run -p jxl-encoder --release --features 'parallel butteraugli-loop ssim2-loop' --example w44_170_cjxl_step025_sweep -- --image 1531677 --effort 7 --distance-min 1.25 --distance-max 1.25 --distance-step 1.25 --strategy zenjxl --corpus-manifest benchmarks/corpora/w44_170_varied_corpus.tsv
1531677	cid22	512	512	zenjxl	7	1.5000	62511	62861	79.3166	80.0099	2.002383	1.991889	284.779	517.869	-0.557	-0.6934	0.527	-45.009	OK	89e3c405809a53c2872179d05bda80a69503b2fb	cargo run -p jxl-encoder --release --features 'parallel butteraugli-loop ssim2-loop' --example w44_170_cjxl_step025_sweep -- --image 1531677 --effort 7 --distance-min 1.5 --distance-max 1.5 --distance-step 1.5 --strategy zenjxl --corpus-manifest benchmarks/corpora/w44_170_varied_corpus.tsv
1531677	cid22	512	512	zenjxl	7	1.7500	55632	55792	76.8640	77.4017	2.095575	2.090323	296.785	497.453	-0.287	-0.5377	0.251	-40.339	OK	89e3c405809a53c2872179d05bda80a69503b2fb	cargo run -p jxl-encoder --release --features 'parallel butteraugli-loop ssim2-loop' --example w44_170_cjxl_step025_sweep -- --image 1531677 --effort 7 --distance-min 1.75 --distance-max 1.75 --distance-step 1.75 --strategy zenjxl --corpus-manifest benchmarks/corpora/w44_170_varied_corpus.tsv
1531677	cid22	512	512	zenjxl	7	2.0000	50220	49664	74.3794	74.7450	2.353977	2.329872	312.858	653.345	1.120	-0.3656	1.035	-52.114	OK	89e3c405809a53c2872179d05bda80a69503b2fb	cargo run -p jxl-encoder --release --features 'parallel butteraugli-loop ssim2-loop' --example w44_170_cjxl_step025_sweep -- --image 1531677 --effort 7 --distance-min 2 --distance-max 2 --distance-step 2 --strategy zenjxl --corpus-manifest benchmarks/corpora/w44_170_varied_corpus.tsv
1531677	cid22	512	512	zenjxl	7	2.2500	44190	43869	72.0034	72.1484	2.746150	2.737184	486.420	579.964	0.732	-0.1450	0.328	-16.129	OK	89e3c405809a53c2872179d05bda80a69503b2fb	cargo run -p jxl-encoder --release --features 'parallel butteraugli-loop ssim2-loop' --example w44_170_cjxl_step025_sweep -- --image 1531677 --effort 7 --distance-min 2.25 --distance-max 2.25 --distance-step 2.25 --strategy zenjxl --corpus-manifest benchmarks/corpora/w44_170_varied_corpus.tsv
1531677	cid22	512	512	zenjxl	7	2.5000	40644	39504	69.5365	69.9127	2.921043	2.906096	390.568	519.462	2.886	-0.3761	0.514	-24.813	OK	89e3c405809a53c2872179d05bda80a69503b2fb	cargo run -p jxl-encoder --release --features 'parallel butteraugli-loop ssim2-loop' --example w44_170_cjxl_step025_sweep -- --image 1531677 --effort 7 --distance-min 2.5 --distance-max 2.5 --distance-step 2.5 --strategy zenjxl --corpus-manifest benchmarks/corpora/w44_170_varied_corpus.tsv
1531677	cid22	512	512	zenjxl	7	2.7500	37205	35969	66.6282	67.6175	3.312181	3.287836	316.577	336.926	3.436	-0.9892	0.740	-6.040	OK	89e3c405809a53c2872179d05bda80a69503b2fb	cargo run -p jxl-encoder --release --features 'parallel butteraugli-loop ssim2-loop' --example w44_170_cjxl_step025_sweep -- --image 1531677 --effort 7 --distance-min 2.75 --distance-max 2.75 --distance-step 2.75 --strategy zenjxl --corpus-manifest benchmarks/corpora/w44_170_varied_corpus.tsv
1531677	cid22	512	512	zenjxl	7	3.0000	32472	32698	63.9376	65.2641	3.346959	3.261528	332.044	431.552	-0.691	-1.3265	2.619	-23.058	OK	89e3c405809a53c2872179d05bda80a69503b2fb	cargo run -p jxl-encoder --release --features 'parallel butteraugli-loop ssim2-loop' --example w44_170_cjxl_step025_sweep -- --image 1531677 --effort 7 --distance-min 3 --distance-max 3 --distance-step 3 --strategy zenjxl --corpus-manifest benchmarks/corpora/w44_170_varied_corpus.tsv
1531677	cid22	512	512	zenjxl	7	3.2500	29056	30151	61.9262	63.1615	3.511973	3.496032	313.529	402.952	-3.632	-1.2353	0.456	-22.192	OK	89e3c405809a53c2872179d05bda80a69503b2fb	cargo run -p jxl-encoder --release --features 'parallel butteraugli-loop ssim2-loop' --example w44_170_cjxl_step025_sweep -- --image 1531677 --effort 7 --distance-min 3.25 --distance-max 3.25 --distance-step 3.25 --strategy zenjxl --corpus-manifest benchmarks/corpora/w44_170_varied_corpus.tsv
1531677	cid22	512	512	zenjxl	7	3.5000	27103	27823	60.2998	61.3647	3.823270	3.628610	436.412	618.902	-2.588	-1.0648	5.365	-29.486	OK	89e3c405809a53c2872179d05bda80a69503b2fb	cargo run -p jxl-encoder --release --features 'parallel butteraugli-loop ssim2-loop' --example w44_170_cjxl_step025_sweep -- --image 1531677 --effort 7 --distance-min 3.5 --distance-max 3.5 --distance-step 3.5 --strategy zenjxl --corpus-manifest benchmarks/corpora/w44_170_varied_corpus.tsv
1531677	cid22	512	512	zenjxl	7	3.7500	25782	26211	58.6089	59.7330	3.974901	4.149543	341.422	426.509	-1.637	-1.1240	-4.209	-19.950	OK	89e3c405809a53c2872179d05bda80a69503b2fb	cargo run -p jxl-encoder --release --features 'parallel butteraugli-loop ssim2-loop' --example w44_170_cjxl_step025_sweep -- --image 1531677 --effort 7 --distance-min 3.75 --distance-max 3.75 --distance-step 3.75 --strategy zenjxl --corpus-manifest benchmarks/corpora/w44_170_varied_corpus.tsv
1531677	cid22	512	512	zenjxl	7	4.0000	24526	24918	56.5706	57.8301	4.432672	4.064468	466.427	639.916	-1.573	-1.2596	9.059	-27.111	OK	89e3c405809a53c2872179d05bda80a69503b2fb	cargo run -p jxl-encoder --release --features 'parallel butteraugli-loop ssim2-loop' --example w44_170_cjxl_step025_sweep -- --image 1531677 --effort 7 --distance-min 4 --distance-max 4 --distance-step 4 --strategy zenjxl --corpus-manifest benchmarks/corpora/w44_170_varied_corpus.tsv
1531677	cid22	512	512	zenjxl	7	4.2500	24256	23691	54.9832	56.0713	4.599131	4.424093	572.568	379.952	2.385	-1.0880	3.956	50.695	OK	89e3c405809a53c2872179d05bda80a69503b2fb	cargo run -p jxl-encoder --release --features 'parallel butteraugli-loop ssim2-loop' --example w44_170_cjxl_step025_sweep -- --image 1531677 --effort 7 --distance-min 4.25 --distance-max 4.25 --distance-step 4.25 --strategy zenjxl --corpus-manifest benchmarks/corpora/w44_170_varied_corpus.tsv
1531677	cid22	512	512	zenjxl	7	4.5000	23093	22647	53.1080	54.2878	4.667021	4.235520	547.912	427.958	1.969	-1.1798	10.188	28.029	OK	89e3c405809a53c2872179d05bda80a69503b2fb	cargo run -p jxl-encoder --release --features 'parallel butteraugli-loop ssim2-loop' --example w44_170_cjxl_step025_sweep -- --image 1531677 --effort 7 --distance-min 4.5 --distance-max 4.5 --distance-step 4.5 --strategy zenjxl --corpus-manifest benchmarks/corpora/w44_170_varied_corpus.tsv
1531677	cid22	512	512	zenjxl	7	4.7500	22178	21450	51.5791	53.1524	4.712758	4.583351	373.073	452.188	3.394	-1.5733	2.823	-17.496	OK	89e3c405809a53c2872179d05bda80a69503b2fb	cargo run -p jxl-encoder --release --features 'parallel butteraugli-loop ssim2-loop' --example w44_170_cjxl_step025_sweep -- --image 1531677 --effort 7 --distance-min 4.75 --distance-max 4.75 --distance-step 4.75 --strategy zenjxl --corpus-manifest benchmarks/corpora/w44_170_varied_corpus.tsv
1531677	cid22	512	512	zenjxl	7	5.0000	20887	20620	50.1680	51.9966	4.616327	4.498281	449.821	352.953	1.295	-1.8287	2.624	27.445	OK	89e3c405809a53c2872179d05bda80a69503b2fb	cargo run -p jxl-encoder --release --features 'parallel butteraugli-loop ssim2-loop' --example w44_170_cjxl_step025_sweep -- --image 1531677 --effort 7 --distance-min 5 --distance-max 5 --distance-step 5 --strategy zenjxl --corpus-manifest benchmarks/corpora/w44_170_varied_corpus.tsv
1531677	cid22	512	512	zenjxl	8	0.2500	172856	172934	94.2442	94.2197	0.399019	0.373383	1528.593	1353.381	-0.045	0.0245	6.866	12.946	OK	89e3c405809a53c2872179d05bda80a69503b2fb	cargo run -p jxl-encoder --release --features 'parallel butteraugli-loop ssim2-loop' --example w44_170_cjxl_step025_sweep -- --image 1531677 --effort 8 --distance-min 0.25 --distance-max 0.25 --distance-step 0.25 --strategy zenjxl --corpus-manifest benchmarks/corpora/w44_170_varied_corpus.tsv
1531677	cid22	512	512	zenjxl	8	0.5000	122204	122603	91.0964	90.8098	0.708913	0.687075	1682.943	1653.829	-0.325	0.2866	3.178	1.760	OK	89e3c405809a53c2872179d05bda80a69503b2fb	cargo run -p jxl-encoder --release --features 'parallel butteraugli-loop ssim2-loop' --example w44_170_cjxl_step025_sweep -- --image 1531677 --effort 8 --distance-min 0.5 --distance-max 0.5 --distance-step 0.5 --strategy zenjxl --corpus-manifest benchmarks/corpora/w44_170_varied_corpus.tsv
1531677	cid22	512	512	zenjxl	8	0.7500	94771	95563	87.3341	87.5098	0.939234	0.943440	1014.527	1378.437	-0.829	-0.1757	-0.446	-26.400	OK	89e3c405809a53c2872179d05bda80a69503b2fb	cargo run -p jxl-encoder --release --features 'parallel butteraugli-loop ssim2-loop' --example w44_170_cjxl_step025_sweep -- --image 1531677 --effort 8 --distance-min 0.75 --distance-max 0.75 --distance-step 0.75 --strategy zenjxl --corpus-manifest benchmarks/corpora/w44_170_varied_corpus.tsv
1531677	cid22	512	512	zenjxl	8	1.0000	78889	79804	84.5425	84.8113	1.293485	1.253318	1095.617	1772.471	-1.147	-0.2688	3.205	-38.187	OK	89e3c405809a53c2872179d05bda80a69503b2fb	cargo run -p jxl-encoder --release --features 'parallel butteraugli-loop ssim2-loop' --example w44_170_cjxl_step025_sweep -- --image 1531677 --effort 8 --distance-min 1 --distance-max 1 --distance-step 1 --strategy zenjxl --corpus-manifest benchmarks/corpora/w44_170_varied_corpus.tsv
1531677	cid22	512	512	zenjxl	8	1.2500	67376	68184	81.4304	81.6673	1.632846	1.612756	1242.753	1804.561	-1.185	-0.2369	1.246	-31.133	OK	89e3c405809a53c2872179d05bda80a69503b2fb	cargo run -p jxl-encoder --release --features 'parallel butteraugli-loop ssim2-loop' --example w44_170_cjxl_step025_sweep -- --image 1531677 --effort 8 --distance-min 1.25 --distance-max 1.25 --distance-step 1.25 --strategy zenjxl --corpus-manifest benchmarks/corpora/w44_170_varied_corpus.tsv
1531677	cid22	512	512	zenjxl	8	1.5000	58908	59532	78.7727	79.0791	1.909867	1.861448	1810.424	1744.672	-1.048	-0.3065	2.601	3.769	OK	89e3c405809a53c2872179d05bda80a69503b2fb	cargo run -p jxl-encoder --release --features 'parallel butteraugli-loop ssim2-loop' --example w44_170_cjxl_step025_sweep -- --image 1531677 --effort 8 --distance-min 1.5 --distance-max 1.5 --distance-step 1.5 --strategy zenjxl --corpus-manifest benchmarks/corpora/w44_170_varied_corpus.tsv
1531677	cid22	512	512	zenjxl	8	1.7500	51866	52577	75.5570	76.0987	2.134213	2.112837	1724.917	2045.987	-1.352	-0.5417	1.012	-15.693	OK	89e3c405809a53c2872179d05bda80a69503b2fb	cargo run -p jxl-encoder --release --features 'parallel butteraugli-loop ssim2-loop' --example w44_170_cjxl_step025_sweep -- --image 1531677 --effort 8 --distance-min 1.75 --distance-max 1.75 --distance-step 1.75 --strategy zenjxl --corpus-manifest benchmarks/corpora/w44_170_varied_corpus.tsv
1531677	cid22	512	512	zenjxl	8	2.0000	46607	46642	73.0238	73.4123	2.332274	2.347596	1300.685	1391.775	-0.075	-0.3886	-0.653	-6.545	OK	89e3c405809a53c2872179d05bda80a69503b2fb	cargo run -p jxl-encoder --release --features 'parallel butteraugli-loop ssim2-loop' --example w44_170_cjxl_step025_sweep -- --image 1531677 --effort 8 --distance-min 2 --distance-max 2 --distance-step 2 --strategy zenjxl --corpus-manifest benchmarks/corpora/w44_170_varied_corpus.tsv
1531677	cid22	512	512	zenjxl	8	2.2500	40690	41274	70.4082	70.8527	2.915500	2.837220	1619.991	1983.220	-1.415	-0.4446	2.759	-18.315	OK	89e3c405809a53c2872179d05bda80a69503b2fb	cargo run -p jxl-encoder --release --features 'parallel butteraugli-loop ssim2-loop' --example w44_170_cjxl_step025_sweep -- --image 1531677 --effort 8 --distance-min 2.25 --distance-max 2.25 --distance-step 2.25 --strategy zenjxl --corpus-manifest benchmarks/corpora/w44_170_varied_corpus.tsv
1531677	cid22	512	512	zenjxl	8	2.5000	37319	37149	67.6946	67.9700	3.041241	3.075759	1535.702	1225.377	0.458	-0.2754	-1.122	25.325	OK	89e3c405809a53c2872179d05bda80a69503b2fb	cargo run -p jxl-encoder --release --features 'parallel butteraugli-loop ssim2-loop' --example w44_170_cjxl_step025_sweep -- --image 1531677 --effort 8 --distance-min 2.5 --distance-max 2.5 --distance-step 2.5 --strategy zenjxl --corpus-manifest benchmarks/corpora/w44_170_varied_corpus.tsv
1531677	cid22	512	512	zenjxl	8	2.7500	34299	33812	65.4919	66.0678	3.076093	2.984854	1339.236	1708.899	1.440	-0.5759	3.057	-21.632	OK	89e3c405809a53c2872179d05bda80a69503b2fb	cargo run -p jxl-encoder --release --features 'parallel butteraugli-loop ssim2-loop' --example w44_170_cjxl_step025_sweep -- --image 1531677 --effort 8 --distance-min 2.75 --distance-max 2.75 --distance-step 2.75 --strategy zenjxl --corpus-manifest benchmarks/corpora/w44_170_varied_corpus.tsv
1531677	cid22	512	512	zenjxl	8	3.0000	29712	30772	62.8640	63.5696	3.458973	3.406408	1421.251	1464.505	-3.445	-0.7056	1.543	-2.953	OK	89e3c405809a53c2872179d05bda80a69503b2fb	cargo run -p jxl-encoder --release --features 'parallel butteraugli-loop ssim2-loop' --example w44_170_cjxl_step025_sweep -- --image 1531677 --effort 8 --distance-min 3 --distance-max 3 --distance-step 3 --strategy zenjxl --corpus-manifest benchmarks/corpora/w44_170_varied_corpus.tsv
1531677	cid22	512	512	zenjxl	8	3.2500	27335	28208	60.5645	61.3739	3.593194	3.519356	1344.566	1583.128	-3.095	-0.8094	2.098	-15.069	OK	89e3c405809a53c2872179d05bda80a69503b2fb	cargo run -p jxl-encoder --release --features 'parallel butteraugli-loop ssim2-loop' --example w44_170_cjxl_step025_sweep -- --image 1531677 --effort 8 --distance-min 3.25 --distance-max 3.25 --distance-step 3.25 --strategy zenjxl --corpus-manifest benchmarks/corpora/w44_170_varied_corpus.tsv
1531677	cid22	512	512	zenjxl	8	3.5000	25392	26153	58.7343	59.4864	4.011919	3.932817	1303.201	1877.412	-2.910	-0.7522	2.011	-30.585	OK	89e3c405809a53c2872179d05bda80a69503b2fb	cargo run -p jxl-encoder --release --features 'parallel butteraugli-loop ssim2-loop' --example w44_170_cjxl_step025_sweep -- --image 1531677 --effort 8 --distance-min 3.5 --distance-max 3.5 --distance-step 3.5 --strategy zenjxl --corpus-manifest benchmarks/corpora/w44_170_varied_corpus.tsv
1531677	cid22	512	512	zenjxl	8	3.7500	23835	24493	56.3066	57.6790	3.983716	4.062116	1088.597	1537.196	-2.686	-1.3724	-1.930	-29.183	OK	89e3c405809a53c2872179d05bda80a69503b2fb	cargo run -p jxl-encoder --release --features 'parallel butteraugli-loop ssim2-loop' --example w44_170_cjxl_step025_sweep -- --image 1531677 --effort 8 --distance-min 3.75 --distance-max 3.75 --distance-step 3.75 --strategy zenjxl --corpus-manifest benchmarks/corpora/w44_170_varied_corpus.tsv
1531677	cid22	512	512	zenjxl	8	4.0000	22712	23329	54.8632	55.8740	4.259075	4.211393	1558.730	1686.748	-2.645	-1.0108	1.132	-7.590	OK	89e3c405809a53c2872179d05bda80a69503b2fb	cargo run -p jxl-encoder --release --features 'parallel butteraugli-loop ssim2-loop' --example w44_170_cjxl_step025_sweep -- --image 1531677 --effort 8 --distance-min 4 --distance-max 4 --distance-step 4 --strategy zenjxl --corpus-manifest benchmarks/corpora/w44_170_varied_corpus.tsv
1531677	cid22	512	512	zenjxl	8	4.2500	22406	22072	52.4705	53.5833	4.274080	4.259998	1700.874	1763.000	1.513	-1.1128	0.331	-3.524	OK	89e3c405809a53c2872179d05bda80a69503b2fb	cargo run -p jxl-encoder --release --features 'parallel butteraugli-loop ssim2-loop' --example w44_170_cjxl_step025_sweep -- --image 1531677 --effort 8 --distance-min 4.25 --distance-max 4.25 --distance-step 4.25 --strategy zenjxl --corpus-manifest benchmarks/corpora/w44_170_varied_corpus.tsv
1531677	cid22	512	512	zenjxl	8	4.5000	20966	21050	50.6421	51.4658	4.525300	4.441068	1730.137	1870.711	-0.399	-0.8237	1.897	-7.515	OK	89e3c405809a53c2872179d05bda80a69503b2fb	cargo run -p jxl-encoder --release --features 'parallel butteraugli-loop ssim2-loop' --example w44_170_cjxl_step025_sweep -- --image 1531677 --effort 8 --distance-min 4.5 --distance-max 4.5 --distance-step 4.5 --strategy zenjxl --corpus-manifest benchmarks/corpora/w44_170_varied_corpus.tsv
1531677	cid22	512	512	zenjxl	8	4.7500	20121	19752	48.5164	49.9249	4.623186	4.406624	1493.992	1884.992	1.868	-1.4085	4.914	-20.743	OK	89e3c405809a53c2872179d05bda80a69503b2fb	cargo run -p jxl-encoder --release --features 'parallel butteraugli-loop ssim2-loop' --example w44_170_cjxl_step025_sweep -- --image 1531677 --effort 8 --distance-min 4.75 --distance-max 4.75 --distance-step 4.75 --strategy zenjxl --corpus-manifest benchmarks/corpora/w44_170_varied_corpus.tsv
1531677	cid22	512	512	zenjxl	8	5.0000	18993	18838	47.1102	48.2888	4.790294	4.826147	2054.445	1320.868	0.823	-1.1786	-0.743	55.537	OK	89e3c405809a53c2872179d05bda80a69503b2fb	cargo run -p jxl-encoder --release --features 'parallel butteraugli-loop ssim2-loop' --example w44_170_cjxl_step025_sweep -- --image 1531677 --effort 8 --distance-min 5 --distance-max 5 --distance-step 5 --strategy zenjxl --corpus-manifest benchmarks/corpora/w44_170_varied_corpus.tsv
1531677	cid22	512	512	zenjxl	9	0.2500	175387	174576	94.3055	94.3306	0.347940	0.316828	3835.151	2302.562	0.465	-0.0251	9.820	66.560	OK	89e3c405809a53c2872179d05bda80a69503b2fb	cargo run -p jxl-encoder --release --features 'parallel butteraugli-loop ssim2-loop' --example w44_170_cjxl_step025_sweep -- --image 1531677 --effort 9 --distance-min 0.25 --distance-max 0.25 --distance-step 0.25 --strategy zenjxl --corpus-manifest benchmarks/corpora/w44_170_varied_corpus.tsv
1531677	cid22	512	512	zenjxl	9	0.5000	123754	123212	90.8984	91.0401	0.638917	0.569261	2949.521	2593.700	0.440	-0.1417	12.236	13.719	OK	89e3c405809a53c2872179d05bda80a69503b2fb	cargo run -p jxl-encoder --release --features 'parallel butteraugli-loop ssim2-loop' --example w44_170_cjxl_step025_sweep -- --image 1531677 --effort 9 --distance-min 0.5 --distance-max 0.5 --distance-step 0.5 --strategy zenjxl --corpus-manifest benchmarks/corpora/w44_170_varied_corpus.tsv
1531677	cid22	512	512	zenjxl	9	0.7500	95346	95653	87.4526	87.6113	0.836747	0.808011	2796.323	2149.877	-0.321	-0.1587	3.556	30.069	OK	89e3c405809a53c2872179d05bda80a69503b2fb	cargo run -p jxl-encoder --release --features 'parallel butteraugli-loop ssim2-loop' --example w44_170_cjxl_step025_sweep -- --image 1531677 --effort 9 --distance-min 0.75 --distance-max 0.75 --distance-step 0.75 --strategy zenjxl --corpus-manifest benchmarks/corpora/w44_170_varied_corpus.tsv
1531677	cid22	512	512	zenjxl	9	1.0000	79487	79909	84.6627	84.8297	1.212013	1.120157	2402.328	2675.118	-0.528	-0.1670	8.200	-10.197	OK	89e3c405809a53c2872179d05bda80a69503b2fb	cargo run -p jxl-encoder --release --features 'parallel butteraugli-loop ssim2-loop' --example w44_170_cjxl_step025_sweep -- --image 1531677 --effort 9 --distance-min 1 --distance-max 1 --distance-step 1 --strategy zenjxl --corpus-manifest benchmarks/corpora/w44_170_varied_corpus.tsv
1531677	cid22	512	512	zenjxl	9	1.2500	67719	68397	81.4391	81.7722	1.526572	1.536337	2082.816	3242.819	-0.991	-0.3331	-0.636	-35.771	OK	89e3c405809a53c2872179d05bda80a69503b2fb	cargo run -p jxl-encoder --release --features 'parallel butteraugli-loop ssim2-loop' --example w44_170_cjxl_step025_sweep -- --image 1531677 --effort 9 --distance-min 1.25 --distance-max 1.25 --distance-step 1.25 --strategy zenjxl --corpus-manifest benchmarks/corpora/w44_170_varied_corpus.tsv
1531677	cid22	512	512	zenjxl	9	1.5000	59204	59595	78.7712	79.1238	1.732673	1.725965	3100.750	2397.158	-0.656	-0.3525	0.389	29.351	OK	89e3c405809a53c2872179d05bda80a69503b2fb	cargo run -p jxl-encoder --release --features 'parallel butteraugli-loop ssim2-loop' --example w44_170_cjxl_step025_sweep -- --image 1531677 --effort 9 --distance-min 1.5 --distance-max 1.5 --distance-step 1.5 --strategy zenjxl --corpus-manifest benchmarks/corpora/w44_170_varied_corpus.tsv
1531677	cid22	512	512	zenjxl	9	1.7500	52195	52607	75.6622	76.2618	2.034264	2.028349	2345.738	2553.667	-0.783	-0.5996	0.292	-8.142	OK	89e3c405809a53c2872179d05bda80a69503b2fb	cargo run -p jxl-encoder --release --features 'parallel butteraugli-loop ssim2-loop' --example w44_170_cjxl_step025_sweep -- --image 1531677 --effort 9 --distance-min 1.75 --distance-max 1.75 --distance-step 1.75 --strategy zenjxl --corpus-manifest benchmarks/corpora/w44_170_varied_corpus.tsv
1531677	cid22	512	512	zenjxl	9	2.0000	46970	46588	73.0214	73.5326	2.301703	2.288761	2280.889	2644.143	0.820	-0.5112	0.565	-13.738	OK	89e3c405809a53c2872179d05bda80a69503b2fb	cargo run -p jxl-encoder --release --features 'parallel butteraugli-loop ssim2-loop' --example w44_170_cjxl_step025_sweep -- --image 1531677 --effort 9 --distance-min 2 --distance-max 2 --distance-step 2 --strategy zenjxl --corpus-manifest benchmarks/corpora/w44_170_varied_corpus.tsv
1531677	cid22	512	512	zenjxl	9	2.2500	40996	41223	70.4442	70.8823	2.546620	2.636731	1900.383	2840.187	-0.551	-0.4381	-3.418	-33.090	OK	89e3c405809a53c2872179d05bda80a69503b2fb	cargo run -p jxl-encoder --release --features 'parallel butteraugli-loop ssim2-loop' --example w44_170_cjxl_step025_sweep -- --image 1531677 --effort 9 --distance-min 2.25 --distance-max 2.25 --distance-step 2.25 --strategy zenjxl --corpus-manifest benchmarks/corpora/w44_170_varied_corpus.tsv
1531677	cid22	512	512	zenjxl	9	2.5000	37614	37105	67.6976	68.1205	3.041252	3.111737	1947.888	2571.462	1.372	-0.4229	-2.265	-24.250	OK	89e3c405809a53c2872179d05bda80a69503b2fb	cargo run -p jxl-encoder --release --features 'parallel butteraugli-loop ssim2-loop' --example w44_170_cjxl_step025_sweep -- --image 1531677 --effort 9 --distance-min 2.5 --distance-max 2.5 --distance-step 2.5 --strategy zenjxl --corpus-manifest benchmarks/corpora/w44_170_varied_corpus.tsv
1531677	cid22	512	512	zenjxl	9	2.7500	34653	33754	65.4951	66.0694	3.076093	2.984854	2704.559	2281.581	2.663	-0.5744	3.057	18.539	OK	89e3c405809a53c2872179d05bda80a69503b2fb	cargo run -p jxl-encoder --release --features 'parallel butteraugli-loop ssim2-loop' --example w44_170_cjxl_step025_sweep -- --image 1531677 --effort 9 --distance-min 2.75 --distance-max 2.75 --distance-step 2.75 --strategy zenjxl --corpus-manifest benchmarks/corpora/w44_170_varied_corpus.tsv
1531677	cid22	512	512	zenjxl	9	3.0000	30022	30687	62.8644	63.5715	3.373696	3.406408	2160.142	1852.343	-2.167	-0.7071	-0.960	16.617	OK	89e3c405809a53c2872179d05bda80a69503b2fb	cargo run -p jxl-encoder --release --features 'parallel butteraugli-loop ssim2-loop' --example w44_170_cjxl_step025_sweep -- --image 1531677 --effort 9 --distance-min 3 --distance-max 3 --distance-step 3 --strategy zenjxl --corpus-manifest benchmarks/corpora/w44_170_varied_corpus.tsv
1531677	cid22	512	512	zenjxl	9	3.2500	27592	28148	60.5686	61.3862	3.593194	3.519356	2261.623	2316.030	-1.975	-0.8177	2.098	-2.349	OK	89e3c405809a53c2872179d05bda80a69503b2fb	cargo run -p jxl-encoder --release --features 'parallel butteraugli-loop ssim2-loop' --example w44_170_cjxl_step025_sweep -- --image 1531677 --effort 9 --distance-min 3.25 --distance-max 3.25 --distance-step 3.25 --strategy zenjxl --corpus-manifest benchmarks/corpora/w44_170_varied_corpus.tsv
1531677	cid22	512	512	zenjxl	9	3.5000	25569	26133	58.7537	59.5013	4.011779	3.932817	2206.322	2455.731	-2.158	-0.7477	2.008	-10.156	OK	89e3c405809a53c2872179d05bda80a69503b2fb	cargo run -p jxl-encoder --release --features 'parallel butteraugli-loop ssim2-loop' --example w44_170_cjxl_step025_sweep -- --image 1531677 --effort 9 --distance-min 3.5 --distance-max 3.5 --distance-step 3.5 --strategy zenjxl --corpus-manifest benchmarks/corpora/w44_170_varied_corpus.tsv
1531677	cid22	512	512	zenjxl	9	3.7500	23990	24460	56.3066	57.6790	3.983716	4.062116	1771.358	1960.759	-1.922	-1.3724	-1.930	-9.660	OK	89e3c405809a53c2872179d05bda80a69503b2fb	cargo run -p jxl-encoder --release --features 'parallel butteraugli-loop ssim2-loop' --example w44_170_cjxl_step025_sweep -- --image 1531677 --effort 9 --distance-min 3.75 --distance-max 3.75 --distance-step 3.75 --strategy zenjxl --corpus-manifest benchmarks/corpora/w44_170_varied_corpus.tsv
1531677	cid22	512	512	zenjxl	9	4.0000	22865	23293	54.8632	55.8740	4.259075	4.211393	2513.584	2161.978	-1.837	-1.0108	1.132	16.263	OK	89e3c405809a53c2872179d05bda80a69503b2fb	cargo run -p jxl-encoder --release --features 'parallel butteraugli-loop ssim2-loop' --example w44_170_cjxl_step025_sweep -- --image 1531677 --effort 9 --distance-min 4 --distance-max 4 --distance-step 4 --strategy zenjxl --corpus-manifest benchmarks/corpora/w44_170_varied_corpus.tsv
1531677	cid22	512	512	zenjxl	9	4.2500	22591	22041	52.4705	53.5833	4.274080	4.259998	2440.042	3266.759	2.495	-1.1128	0.331	-25.307	OK	89e3c405809a53c2872179d05bda80a69503b2fb	cargo run -p jxl-encoder --release --features 'parallel butteraugli-loop ssim2-loop' --example w44_170_cjxl_step025_sweep -- --image 1531677 --effort 9 --distance-min 4.25 --distance-max 4.25 --distance-step 4.25 --strategy zenjxl --corpus-manifest benchmarks/corpora/w44_170_varied_corpus.tsv
1531677	cid22	512	512	zenjxl	9	4.5000	21147	20994	50.6421	51.4658	4.525300	4.441068	2454.772	2897.897	0.729	-0.8237	1.897	-15.291	OK	89e3c405809a53c2872179d05bda80a69503b2fb	cargo run -p jxl-encoder --release --features 'parallel butteraugli-loop ssim2-loop' --example w44_170_cjxl_step025_sweep -- --image 1531677 --effort 9 --distance-min 4.5 --distance-max 4.5 --distance-step 4.5 --strategy zenjxl --corpus-manifest benchmarks/corpora/w44_170_varied_corpus.tsv
1531677	cid22	512	512	zenjxl	9	4.7500	20267	19717	48.5164	49.9249	4.623186	4.406624	2525.695	3023.435	2.789	-1.4085	4.914	-16.463	OK	89e3c405809a53c2872179d05bda80a69503b2fb	cargo run -p jxl-encoder --release --features 'parallel butteraugli-loop ssim2-loop' --example w44_170_cjxl_step025_sweep -- --image 1531677 --effort 9 --distance-min 4.75 --distance-max 4.75 --distance-step 4.75 --strategy zenjxl --corpus-manifest benchmarks/corpora/w44_170_varied_corpus.tsv
1531677	cid22	512	512	zenjxl	9	5.0000	19166	18802	47.1102	48.2888	4.790294	4.826147	3019.870	2516.224	1.936	-1.1786	-0.743	20.016	OK	89e3c405809a53c2872179d05bda80a69503b2fb	cargo run -p jxl-encoder --release --features 'parallel butteraugli-loop ssim2-loop' --example w44_170_cjxl_step025_sweep -- --image 1531677 --effort 9 --distance-min 5 --distance-max 5 --distance-step 5 --strategy zenjxl --corpus-manifest benchmarks/corpora/w44_170_varied_corpus.tsv
2389166	cid22	512	512	zenjxl	5	0.2500	127811	127538	93.8147	93.7542	0.461336	0.522931	221.982	420.093	0.214	0.0605	-11.779	-47.159	OK	89e3c405809a53c2872179d05bda80a69503b2fb	cargo run -p jxl-encoder --release --features 'parallel butteraugli-loop ssim2-loop' --example w44_170_cjxl_step025_sweep -- --image 2389166 --effort 5 --distance-min 0.25 --distance-max 0.25 --distance-step 0.25 --strategy zenjxl --corpus-manifest benchmarks/corpora/w44_170_varied_corpus.tsv
2389166	cid22	512	512	zenjxl	5	0.5000	86155	86065	90.1058	90.1909	0.802848	0.779340	186.344	329.825	0.105	-0.0851	3.016	-43.502	OK	89e3c405809a53c2872179d05bda80a69503b2fb	cargo run -p jxl-encoder --release --features 'parallel butteraugli-loop ssim2-loop' --example w44_170_cjxl_step025_sweep -- --image 2389166 --effort 5 --distance-min 0.5 --distance-max 0.5 --distance-step 0.5 --strategy zenjxl --corpus-manifest benchmarks/corpora/w44_170_varied_corpus.tsv
2389166	cid22	512	512	zenjxl	5	0.7500	65272	65334	86.8217	86.9312	1.057814	1.058817	299.552	380.018	-0.095	-0.1096	-0.095	-21.174	OK	89e3c405809a53c2872179d05bda80a69503b2fb	cargo run -p jxl-encoder --release --features 'parallel butteraugli-loop ssim2-loop' --example w44_170_cjxl_step025_sweep -- --image 2389166 --effort 5 --distance-min 0.75 --distance-max 0.75 --distance-step 0.75 --strategy zenjxl --corpus-manifest benchmarks/corpora/w44_170_varied_corpus.tsv
2389166	cid22	512	512	zenjxl	5	1.0000	53729	53656	83.8196	83.7669	1.317388	1.304788	167.765	331.883	0.136	0.0527	0.966	-49.450	OK	89e3c405809a53c2872179d05bda80a69503b2fb	cargo run -p jxl-encoder --release --features 'parallel butteraugli-loop ssim2-loop' --example w44_170_cjxl_step025_sweep -- --image 2389166 --effort 5 --distance-min 1 --distance-max 1 --distance-step 1 --strategy zenjxl --corpus-manifest benchmarks/corpora/w44_170_varied_corpus.tsv
2389166	cid22	512	512	zenjxl	5	1.2500	45924	45754	80.4493	80.2695	1.550393	1.845589	176.377	497.769	0.372	0.1798	-15.995	-64.567	OK	89e3c405809a53c2872179d05bda80a69503b2fb	cargo run -p jxl-encoder --release --features 'parallel butteraugli-loop ssim2-loop' --example w44_170_cjxl_step025_sweep -- --image 2389166 --effort 5 --distance-min 1.25 --distance-max 1.25 --distance-step 1.25 --strategy zenjxl --corpus-manifest benchmarks/corpora/w44_170_varied_corpus.tsv
2389166	cid22	512	512	zenjxl	5	1.5000	40504	39961	77.3177	77.0821	2.000071	1.975639	125.553	465.464	1.359	0.2355	1.237	-73.026	OK	89e3c405809a53c2872179d05bda80a69503b2fb	cargo run -p jxl-encoder --release --features 'parallel butteraugli-loop ssim2-loop' --example w44_170_cjxl_step025_sweep -- --image 2389166 --effort 5 --distance-min 1.5 --distance-max 1.5 --distance-step 1.5 --strategy zenjxl --corpus-manifest benchmarks/corpora/w44_170_varied_corpus.tsv
2389166	cid22	512	512	zenjxl	5	1.7500	36131	35478	74.7101	74.5906	2.872365	2.820471	124.177	251.143	1.841	0.1195	1.840	-50.555	OK	89e3c405809a53c2872179d05bda80a69503b2fb	cargo run -p jxl-encoder --release --features 'parallel butteraugli-loop ssim2-loop' --example w44_170_cjxl_step025_sweep -- --image 2389166 --effort 5 --distance-min 1.75 --distance-max 1.75 --distance-step 1.75 --strategy zenjxl --corpus-manifest benchmarks/corpora/w44_170_varied_corpus.tsv
2389166	cid22	512	512	zenjxl	5	2.0000	32344	31847	72.8011	72.3496	2.344264	2.341924	143.302	370.239	1.561	0.4516	0.100	-61.295	OK	89e3c405809a53c2872179d05bda80a69503b2fb	cargo run -p jxl-encoder --release --features 'parallel butteraugli-loop ssim2-loop' --example w44_170_cjxl_step025_sweep -- --image 2389166 --effort 5 --distance-min 2 --distance-max 2 --distance-step 2 --strategy zenjxl --corpus-manifest benchmarks/corpora/w44_170_varied_corpus.tsv
2389166	cid22	512	512	zenjxl	5	2.2500	29457	29208	70.2137	70.0463	2.699154	2.733712	185.843	245.876	0.853	0.1674	-1.264	-24.416	OK	89e3c405809a53c2872179d05bda80a69503b2fb	cargo run -p jxl-encoder --release --features 'parallel butteraugli-loop ssim2-loop' --example w44_170_cjxl_step025_sweep -- --image 2389166 --effort 5 --distance-min 2.25 --distance-max 2.25 --distance-step 2.25 --strategy zenjxl --corpus-manifest benchmarks/corpora/w44_170_varied_corpus.tsv
2389166	cid22	512	512	zenjxl	5	2.5000	27283	26682	67.7238	67.3284	2.682399	2.680021	139.742	608.079	2.252	0.3954	0.089	-77.019	OK	89e3c405809a53c2872179d05bda80a69503b2fb	cargo run -p jxl-encoder --release --features 'parallel butteraugli-loop ssim2-loop' --example w44_170_cjxl_step025_sweep -- --image 2389166 --effort 5 --distance-min 2.5 --distance-max 2.5 --distance-step 2.5 --strategy zenjxl --corpus-manifest benchmarks/corpora/w44_170_varied_corpus.tsv
2389166	cid22	512	512	zenjxl	5	2.7500	25579	24964	65.6586	65.6701	3.012659	3.008889	124.656	228.885	2.464	-0.0115	0.125	-45.538	OK	89e3c405809a53c2872179d05bda80a69503b2fb	cargo run -p jxl-encoder --release --features 'parallel butteraugli-loop ssim2-loop' --example w44_170_cjxl_step025_sweep -- --image 2389166 --effort 5 --distance-min 2.75 --distance-max 2.75 --distance-step 2.75 --strategy zenjxl --corpus-manifest benchmarks/corpora/w44_170_varied_corpus.tsv
2389166	cid22	512	512	zenjxl	5	3.0000	23406	23027	62.4536	62.8964	3.490861	3.507705	115.204	421.329	1.646	-0.4428	-0.480	-72.657	OK	89e3c405809a53c2872179d05bda80a69503b2fb	cargo run -p jxl-encoder --release --features 'parallel butteraugli-loop ssim2-loop' --example w44_170_cjxl_step025_sweep -- --image 2389166 --effort 5 --distance-min 3 --distance-max 3 --distance-step 3 --strategy zenjxl --corpus-manifest benchmarks/corpora/w44_170_varied_corpus.tsv
2389166	cid22	512	512	zenjxl	5	3.2500	21309	21385	60.1808	60.7920	3.769546	3.747813	126.408	303.072	-0.355	-0.6113	0.580	-58.291	OK	89e3c405809a53c2872179d05bda80a69503b2fb	cargo run -p jxl-encoder --release --features 'parallel butteraugli-loop ssim2-loop' --example w44_170_cjxl_step025_sweep -- --image 2389166 --effort 5 --distance-min 3.25 --distance-max 3.25 --distance-step 3.25 --strategy zenjxl --corpus-manifest benchmarks/corpora/w44_170_varied_corpus.tsv
2389166	cid22	512	512	zenjxl	5	3.5000	20002	20119	58.2062	58.7348	3.886047	3.914473	135.717	266.381	-0.582	-0.5286	-0.726	-49.052	OK	89e3c405809a53c2872179d05bda80a69503b2fb	cargo run -p jxl-encoder --release --features 'parallel butteraugli-loop ssim2-loop' --example w44_170_cjxl_step025_sweep -- --image 2389166 --effort 5 --distance-min 3.5 --distance-max 3.5 --distance-step 3.5 --strategy zenjxl --corpus-manifest benchmarks/corpora/w44_170_varied_corpus.tsv
2389166	cid22	512	512	zenjxl	5	3.7500	19043	18984	56.2359	56.6572	4.136447	4.164214	106.718	545.373	0.311	-0.4213	-0.667	-80.432	OK	89e3c405809a53c2872179d05bda80a69503b2fb	cargo run -p jxl-encoder --release --features 'parallel butteraugli-loop ssim2-loop' --example w44_170_cjxl_step025_sweep -- --image 2389166 --effort 5 --distance-min 3.75 --distance-max 3.75 --distance-step 3.75 --strategy zenjxl --corpus-manifest benchmarks/corpora/w44_170_varied_corpus.tsv
2389166	cid22	512	512	zenjxl	5	4.0000	17849	18004	51.7306	51.3821	4.464544	4.390118	113.693	321.715	-0.861	0.3485	1.695	-64.660	OK	89e3c405809a53c2872179d05bda80a69503b2fb	cargo run -p jxl-encoder --release --features 'parallel butteraugli-loop ssim2-loop' --example w44_170_cjxl_step025_sweep -- --image 2389166 --effort 5 --distance-min 4 --distance-max 4 --distance-step 4 --strategy zenjxl --corpus-manifest benchmarks/corpora/w44_170_varied_corpus.tsv
2389166	cid22	512	512	zenjxl	5	4.2500	17425	17300	49.4346	49.5288	4.189508	4.254303	145.503	590.179	0.723	-0.0942	-1.523	-75.346	OK	89e3c405809a53c2872179d05bda80a69503b2fb	cargo run -p jxl-encoder --release --features 'parallel butteraugli-loop ssim2-loop' --example w44_170_cjxl_step025_sweep -- --image 2389166 --effort 5 --distance-min 4.25 --distance-max 4.25 --distance-step 4.25 --strategy zenjxl --corpus-manifest benchmarks/corpora/w44_170_varied_corpus.tsv
2389166	cid22	512	512	zenjxl	5	4.5000	16338	16511	47.4949	46.6131	4.431655	4.250589	124.995	561.641	-1.048	0.8818	4.260	-77.745	OK	89e3c405809a53c2872179d05bda80a69503b2fb	cargo run -p jxl-encoder --release --features 'parallel butteraugli-loop ssim2-loop' --example w44_170_cjxl_step025_sweep -- --image 2389166 --effort 5 --distance-min 4.5 --distance-max 4.5 --distance-step 4.5 --strategy zenjxl --corpus-manifest benchmarks/corpora/w44_170_varied_corpus.tsv
2389166	cid22	512	512	zenjxl	5	4.7500	15277	15726	45.1674	45.4687	4.525719	4.545133	207.904	361.994	-2.855	-0.3013	-0.427	-42.567	OK	89e3c405809a53c2872179d05bda80a69503b2fb	cargo run -p jxl-encoder --release --features 'parallel butteraugli-loop ssim2-loop' --example w44_170_cjxl_step025_sweep -- --image 2389166 --effort 5 --distance-min 4.75 --distance-max 4.75 --distance-step 4.75 --strategy zenjxl --corpus-manifest benchmarks/corpora/w44_170_varied_corpus.tsv
2389166	cid22	512	512	zenjxl	5	5.0000	15132	15197	43.4461	43.6236	4.594868	4.569245	93.675	376.826	-0.428	-0.1775	0.561	-75.141	OK	89e3c405809a53c2872179d05bda80a69503b2fb	cargo run -p jxl-encoder --release --features 'parallel butteraugli-loop ssim2-loop' --example w44_170_cjxl_step025_sweep -- --image 2389166 --effort 5 --distance-min 5 --distance-max 5 --distance-step 5 --strategy zenjxl --corpus-manifest benchmarks/corpora/w44_170_varied_corpus.tsv
2389166	cid22	512	512	zenjxl	6	0.2500	127710	127422	93.8283	93.7061	0.461336	0.522361	283.884	527.912	0.226	0.1222	-11.683	-46.225	OK	89e3c405809a53c2872179d05bda80a69503b2fb	cargo run -p jxl-encoder --release --features 'parallel butteraugli-loop ssim2-loop' --example w44_170_cjxl_step025_sweep -- --image 2389166 --effort 6 --distance-min 0.25 --distance-max 0.25 --distance-step 0.25 --strategy zenjxl --corpus-manifest benchmarks/corpora/w44_170_varied_corpus.tsv
2389166	cid22	512	512	zenjxl	6	0.5000	86080	85992	90.0876	90.1670	0.802848	0.788134	530.232	476.239	0.102	-0.0794	1.867	11.337	OK	89e3c405809a53c2872179d05bda80a69503b2fb	cargo run -p jxl-encoder --release --features 'parallel butteraugli-loop ssim2-loop' --example w44_170_cjxl_step025_sweep -- --image 2389166 --effort 6 --distance-min 0.5 --distance-max 0.5 --distance-step 0.5 --strategy zenjxl --corpus-manifest benchmarks/corpora/w44_170_varied_corpus.tsv
2389166	cid22	512	512	zenjxl	6	0.7500	65586	65717	86.8183	87.0786	1.059058	1.067496	269.448	744.757	-0.199	-0.2603	-0.790	-63.821	OK	89e3c405809a53c2872179d05bda80a69503b2fb	cargo run -p jxl-encoder --release --features 'parallel butteraugli-loop ssim2-loop' --example w44_170_cjxl_step025_sweep -- --image 2389166 --effort 6 --distance-min 0.75 --distance-max 0.75 --distance-step 0.75 --strategy zenjxl --corpus-manifest benchmarks/corpora/w44_170_varied_corpus.tsv
2389166	cid22	512	512	zenjxl	6	1.0000	54137	54099	83.8098	83.6734	1.314289	1.297885	242.423	567.290	0.070	0.1365	1.264	-57.267	OK	89e3c405809a53c2872179d05bda80a69503b2fb	cargo run -p jxl-encoder --release --features 'parallel butteraugli-loop ssim2-loop' --example w44_170_cjxl_step025_sweep -- --image 2389166 --effort 6 --distance-min 1 --distance-max 1 --distance-step 1 --strategy zenjxl --corpus-manifest benchmarks/corpora/w44_170_varied_corpus.tsv
2389166	cid22	512	512	zenjxl	6	1.2500	46288	46139	80.5180	80.3974	1.531930	1.853728	261.571	494.028	0.323	0.1206	-17.360	-47.053	OK	89e3c405809a53c2872179d05bda80a69503b2fb	cargo run -p jxl-encoder --release --features 'parallel butteraugli-loop ssim2-loop' --example w44_170_cjxl_step025_sweep -- --image 2389166 --effort 6 --distance-min 1.25 --distance-max 1.25 --distance-step 1.25 --strategy zenjxl --corpus-manifest benchmarks/corpora/w44_170_varied_corpus.tsv
2389166	cid22	512	512	zenjxl	6	1.5000	40875	40329	77.4436	77.3191	1.967175	1.857806	263.113	375.514	1.354	0.1245	5.887	-29.933	OK	89e3c405809a53c2872179d05bda80a69503b2fb	cargo run -p jxl-encoder --release --features 'parallel butteraugli-loop ssim2-loop' --example w44_170_cjxl_step025_sweep -- --image 2389166 --effort 6 --distance-min 1.5 --distance-max 1.5 --distance-step 1.5 --strategy zenjxl --corpus-manifest benchmarks/corpora/w44_170_varied_corpus.tsv
2389166	cid22	512	512	zenjxl	6	1.7500	36547	36099	74.7954	74.9571	2.705419	2.775573	283.503	383.871	1.241	-0.1618	-2.528	-26.146	OK	89e3c405809a53c2872179d05bda80a69503b2fb	cargo run -p jxl-encoder --release --features 'parallel butteraugli-loop ssim2-loop' --example w44_170_cjxl_step025_sweep -- --image 2389166 --effort 6 --distance-min 1.75 --distance-max 1.75 --distance-step 1.75 --strategy zenjxl --corpus-manifest benchmarks/corpora/w44_170_varied_corpus.tsv
2389166	cid22	512	512	zenjxl	6	2.0000	32775	32549	72.9185	72.9471	2.360178	2.278789	312.749	478.760	0.694	-0.0286	3.572	-34.675	OK	89e3c405809a53c2872179d05bda80a69503b2fb	cargo run -p jxl-encoder --release --features 'parallel butteraugli-loop ssim2-loop' --example w44_170_cjxl_step025_sweep -- --image 2389166 --effort 6 --distance-min 2 --distance-max 2 --distance-step 2 --strategy zenjxl --corpus-manifest benchmarks/corpora/w44_170_varied_corpus.tsv
2389166	cid22	512	512	zenjxl	6	2.2500	29968	29877	70.2936	70.2504	2.651370	2.493609	312.076	322.449	0.305	0.0432	6.327	-3.217	OK	89e3c405809a53c2872179d05bda80a69503b2fb	cargo run -p jxl-encoder --release --features 'parallel butteraugli-loop ssim2-loop' --example w44_170_cjxl_step025_sweep -- --image 2389166 --effort 6 --distance-min 2.25 --distance-max 2.25 --distance-step 2.25 --strategy zenjxl --corpus-manifest benchmarks/corpora/w44_170_varied_corpus.tsv
2389166	cid22	512	512	zenjxl	6	2.5000	27891	27326	68.1318	67.8738	2.645088	2.599664	456.801	548.607	2.068	0.2580	1.747	-16.734	OK	89e3c405809a53c2872179d05bda80a69503b2fb	cargo run -p jxl-encoder --release --features 'parallel butteraugli-loop ssim2-loop' --example w44_170_cjxl_step025_sweep -- --image 2389166 --effort 6 --distance-min 2.5 --distance-max 2.5 --distance-step 2.5 --strategy zenjxl --corpus-manifest benchmarks/corpora/w44_170_varied_corpus.tsv
2389166	cid22	512	512	zenjxl	6	2.7500	26406	25575	66.2248	66.2665	2.984890	3.038871	301.924	427.992	3.249	-0.0417	-1.776	-29.456	OK	89e3c405809a53c2872179d05bda80a69503b2fb	cargo run -p jxl-encoder --release --features 'parallel butteraugli-loop ssim2-loop' --example w44_170_cjxl_step025_sweep -- --image 2389166 --effort 6 --distance-min 2.75 --distance-max 2.75 --distance-step 2.75 --strategy zenjxl --corpus-manifest benchmarks/corpora/w44_170_varied_corpus.tsv
2389166	cid22	512	512	zenjxl	6	3.0000	23991	23711	63.4986	63.4148	3.235969	3.226528	323.636	461.139	1.181	0.0839	0.293	-29.818	OK	89e3c405809a53c2872179d05bda80a69503b2fb	cargo run -p jxl-encoder --release --features 'parallel butteraugli-loop ssim2-loop' --example w44_170_cjxl_step025_sweep -- --image 2389166 --effort 6 --distance-min 3 --distance-max 3 --distance-step 3 --strategy zenjxl --corpus-manifest benchmarks/corpora/w44_170_varied_corpus.tsv
2389166	cid22	512	512	zenjxl	6	3.2500	21973	22023	60.8700	61.3167	3.606202	3.596653	262.797	264.653	-0.227	-0.4468	0.265	-0.702	OK	89e3c405809a53c2872179d05bda80a69503b2fb	cargo run -p jxl-encoder --release --features 'parallel butteraugli-loop ssim2-loop' --example w44_170_cjxl_step025_sweep -- --image 2389166 --effort 6 --distance-min 3.25 --distance-max 3.25 --distance-step 3.25 --strategy zenjxl --corpus-manifest benchmarks/corpora/w44_170_varied_corpus.tsv
2389166	cid22	512	512	zenjxl	6	3.5000	20643	20748	59.1001	59.7082	3.810229	3.760600	259.534	616.645	-0.506	-0.6081	1.320	-57.912	OK	89e3c405809a53c2872179d05bda80a69503b2fb	cargo run -p jxl-encoder --release --features 'parallel butteraugli-loop ssim2-loop' --example w44_170_cjxl_step025_sweep -- --image 2389166 --effort 6 --distance-min 3.5 --distance-max 3.5 --distance-step 3.5 --strategy zenjxl --corpus-manifest benchmarks/corpora/w44_170_varied_corpus.tsv
2389166	cid22	512	512	zenjxl	6	3.7500	19723	19757	57.6107	57.9362	3.935788	3.966090	280.974	376.507	-0.172	-0.3255	-0.764	-25.373	OK	89e3c405809a53c2872179d05bda80a69503b2fb	cargo run -p jxl-encoder --release --features 'parallel butteraugli-loop ssim2-loop' --example w44_170_cjxl_step025_sweep -- --image 2389166 --effort 6 --distance-min 3.75 --distance-max 3.75 --distance-step 3.75 --strategy zenjxl --corpus-manifest benchmarks/corpora/w44_170_varied_corpus.tsv
2389166	cid22	512	512	zenjxl	6	4.0000	19075	18893	55.8836	55.7232	4.332006	4.262263	518.894	702.860	0.963	0.1604	1.636	-26.174	OK	89e3c405809a53c2872179d05bda80a69503b2fb	cargo run -p jxl-encoder --release --features 'parallel butteraugli-loop ssim2-loop' --example w44_170_cjxl_step025_sweep -- --image 2389166 --effort 6 --distance-min 4 --distance-max 4 --distance-step 4 --strategy zenjxl --corpus-manifest benchmarks/corpora/w44_170_varied_corpus.tsv
2389166	cid22	512	512	zenjxl	6	4.2500	18065	17951	53.3686	52.6909	4.329410	4.358006	456.477	456.283	0.635	0.6777	-0.656	0.042	OK	89e3c405809a53c2872179d05bda80a69503b2fb	cargo run -p jxl-encoder --release --features 'parallel butteraugli-loop ssim2-loop' --example w44_170_cjxl_step025_sweep -- --image 2389166 --effort 6 --distance-min 4.25 --distance-max 4.25 --distance-step 4.25 --strategy zenjxl --corpus-manifest benchmarks/corpora/w44_170_varied_corpus.tsv
2389166	cid22	512	512	zenjxl	6	4.5000	16969	17192	51.8440	50.7250	4.428884	4.177313	385.270	450.902	-1.297	1.1190	6.022	-14.556	OK	89e3c405809a53c2872179d05bda80a69503b2fb	cargo run -p jxl-encoder --release --features 'parallel butteraugli-loop ssim2-loop' --example w44_170_cjxl_step025_sweep -- --image 2389166 --effort 6 --distance-min 4.5 --distance-max 4.5 --distance-step 4.5 --strategy zenjxl --corpus-manifest benchmarks/corpora/w44_170_varied_corpus.tsv
2389166	cid22	512	512	zenjxl	6	4.7500	15749	16164	49.9187	49.9467	4.512448	4.485436	383.190	364.219	-2.567	-0.0280	0.602	5.209	OK	89e3c405809a53c2872179d05bda80a69503b2fb	cargo run -p jxl-encoder --release --features 'parallel butteraugli-loop ssim2-loop' --example w44_170_cjxl_step025_sweep -- --image 2389166 --effort 6 --distance-min 4.75 --distance-max 4.75 --distance-step 4.75 --strategy zenjxl --corpus-manifest benchmarks/corpora/w44_170_varied_corpus.tsv
2389166	cid22	512	512	zenjxl	6	5.0000	15603	15659	48.2766	48.2416	4.754632	4.712717	307.514	368.410	-0.358	0.0350	0.889	-16.529	OK	89e3c405809a53c2872179d05bda80a69503b2fb	cargo run -p jxl-encoder --release --features 'parallel butteraugli-loop ssim2-loop' --example w44_170_cjxl_step025_sweep -- --image 2389166 --effort 6 --distance-min 5 --distance-max 5 --distance-step 5 --strategy zenjxl --corpus-manifest benchmarks/corpora/w44_170_varied_corpus.tsv
2389166	cid22	512	512	zenjxl	7	0.2500	127967	127012	93.8189	93.7551	0.463489	0.468207	258.341	368.709	0.752	0.0637	-1.008	-29.934	OK	89e3c405809a53c2872179d05bda80a69503b2fb	cargo run -p jxl-encoder --release --features 'parallel butteraugli-loop ssim2-loop' --example w44_170_cjxl_step025_sweep -- --image 2389166 --effort 7 --distance-min 0.25 --distance-max 0.25 --distance-step 0.25 --strategy zenjxl --corpus-manifest benchmarks/corpora/w44_170_varied_corpus.tsv
2389166	cid22	512	512	zenjxl	7	0.5000	86272	85535	90.0791	90.2431	0.802404	0.809157	300.735	408.238	0.862	-0.1640	-0.835	-26.333	OK	89e3c405809a53c2872179d05bda80a69503b2fb	cargo run -p jxl-encoder --release --features 'parallel butteraugli-loop ssim2-loop' --example w44_170_cjxl_step025_sweep -- --image 2389166 --effort 7 --distance-min 0.5 --distance-max 0.5 --distance-step 0.5 --strategy zenjxl --corpus-manifest benchmarks/corpora/w44_170_varied_corpus.tsv
2389166	cid22	512	512	zenjxl	7	0.7500	65672	65395	86.5859	86.5853	1.055055	1.055808	333.717	466.630	0.424	0.0007	-0.071	-28.483	OK	89e3c405809a53c2872179d05bda80a69503b2fb	cargo run -p jxl-encoder --release --features 'parallel butteraugli-loop ssim2-loop' --example w44_170_cjxl_step025_sweep -- --image 2389166 --effort 7 --distance-min 0.75 --distance-max 0.75 --distance-step 0.75 --strategy zenjxl --corpus-manifest benchmarks/corpora/w44_170_varied_corpus.tsv
2389166	cid22	512	512	zenjxl	7	1.0000	54111	53964	83.6885	83.7969	1.312370	1.298290	293.229	668.980	0.272	-0.1084	1.085	-56.168	OK	89e3c405809a53c2872179d05bda80a69503b2fb	cargo run -p jxl-encoder --release --features 'parallel butteraugli-loop ssim2-loop' --example w44_170_cjxl_step025_sweep -- --image 2389166 --effort 7 --distance-min 1 --distance-max 1 --distance-step 1 --strategy zenjxl --corpus-manifest benchmarks/corpora/w44_170_varied_corpus.tsv
2389166	cid22	512	512	zenjxl	7	1.2500	46244	46012	80.2153	80.4986	1.532879	1.592067	346.379	489.800	0.504	-0.2833	-3.718	-29.282	OK	89e3c405809a53c2872179d05bda80a69503b2fb	cargo run -p jxl-encoder --release --features 'parallel butteraugli-loop ssim2-loop' --example w44_170_cjxl_step025_sweep -- --image 2389166 --effort 7 --distance-min 1.25 --distance-max 1.25 --distance-step 1.25 --strategy zenjxl --corpus-manifest benchmarks/corpora/w44_170_varied_corpus.tsv
2389166	cid22	512	512	zenjxl	7	1.5000	40857	40271	77.3191	77.5452	1.967104	1.804745	315.058	526.980	1.455	-0.2261	8.996	-40.214	OK	89e3c405809a53c2872179d05bda80a69503b2fb	cargo run -p jxl-encoder --release --features 'parallel butteraugli-loop ssim2-loop' --example w44_170_cjxl_step025_sweep -- --image 2389166 --effort 7 --distance-min 1.5 --distance-max 1.5 --distance-step 1.5 --strategy zenjxl --corpus-manifest benchmarks/corpora/w44_170_varied_corpus.tsv
2389166	cid22	512	512	zenjxl	7	1.7500	36491	36041	74.6458	75.1880	2.705339	2.723962	295.943	792.151	1.249	-0.5422	-0.684	-62.641	OK	89e3c405809a53c2872179d05bda80a69503b2fb	cargo run -p jxl-encoder --release --features 'parallel butteraugli-loop ssim2-loop' --example w44_170_cjxl_step025_sweep -- --image 2389166 --effort 7 --distance-min 1.75 --distance-max 1.75 --distance-step 1.75 --strategy zenjxl --corpus-manifest benchmarks/corpora/w44_170_varied_corpus.tsv
2389166	cid22	512	512	zenjxl	7	2.0000	32782	32470	72.7281	73.1423	2.391925	2.366426	304.133	319.915	0.961	-0.4143	1.078	-4.933	OK	89e3c405809a53c2872179d05bda80a69503b2fb	cargo run -p jxl-encoder --release --features 'parallel butteraugli-loop ssim2-loop' --example w44_170_cjxl_step025_sweep -- --image 2389166 --effort 7 --distance-min 2 --distance-max 2 --distance-step 2 --strategy zenjxl --corpus-manifest benchmarks/corpora/w44_170_varied_corpus.tsv
2389166	cid22	512	512	zenjxl	7	2.2500	29890	29736	70.3341	70.5418	2.654154	2.618496	204.575	700.583	0.518	-0.2077	1.362	-70.799	OK	89e3c405809a53c2872179d05bda80a69503b2fb	cargo run -p jxl-encoder --release --features 'parallel butteraugli-loop ssim2-loop' --example w44_170_cjxl_step025_sweep -- --image 2389166 --effort 7 --distance-min 2.25 --distance-max 2.25 --distance-step 2.25 --strategy zenjxl --corpus-manifest benchmarks/corpora/w44_170_varied_corpus.tsv
2389166	cid22	512	512	zenjxl	7	2.5000	27522	27342	67.9563	68.0492	2.776528	2.928668	256.881	417.571	0.658	-0.0929	-5.195	-38.482	OK	89e3c405809a53c2872179d05bda80a69503b2fb	cargo run -p jxl-encoder --release --features 'parallel butteraugli-loop ssim2-loop' --example w44_170_cjxl_step025_sweep -- --image 2389166 --effort 7 --distance-min 2.5 --distance-max 2.5 --distance-step 2.5 --strategy zenjxl --corpus-manifest benchmarks/corpora/w44_170_varied_corpus.tsv
2389166	cid22	512	512	zenjxl	7	2.7500	25217	25584	65.9600	66.3971	2.984924	3.067712	291.338	412.931	-1.434	-0.4371	-2.699	-29.446	OK	89e3c405809a53c2872179d05bda80a69503b2fb	cargo run -p jxl-encoder --release --features 'parallel butteraugli-loop ssim2-loop' --example w44_170_cjxl_step025_sweep -- --image 2389166 --effort 7 --distance-min 2.75 --distance-max 2.75 --distance-step 2.75 --strategy zenjxl --corpus-manifest benchmarks/corpora/w44_170_varied_corpus.tsv
2389166	cid22	512	512	zenjxl	7	3.0000	23603	24002	63.2151	63.7428	3.235773	3.242921	468.811	722.853	-1.662	-0.5277	-0.220	-35.144	OK	89e3c405809a53c2872179d05bda80a69503b2fb	cargo run -p jxl-encoder --release --features 'parallel butteraugli-loop ssim2-loop' --example w44_170_cjxl_step025_sweep -- --image 2389166 --effort 7 --distance-min 3 --distance-max 3 --distance-step 3 --strategy zenjxl --corpus-manifest benchmarks/corpora/w44_170_varied_corpus.tsv
2389166	cid22	512	512	zenjxl	7	3.2500	21884	22300	60.8299	61.6699	3.606116	3.599990	394.083	613.103	-1.865	-0.8400	0.170	-35.723	OK	89e3c405809a53c2872179d05bda80a69503b2fb	cargo run -p jxl-encoder --release --features 'parallel butteraugli-loop ssim2-loop' --example w44_170_cjxl_step025_sweep -- --image 2389166 --effort 7 --distance-min 3.25 --distance-max 3.25 --distance-step 3.25 --strategy zenjxl --corpus-manifest benchmarks/corpora/w44_170_varied_corpus.tsv
2389166	cid22	512	512	zenjxl	7	3.5000	20874	21056	58.7050	59.5230	3.809943	3.768247	392.746	448.144	-0.864	-0.8180	1.107	-12.362	OK	89e3c405809a53c2872179d05bda80a69503b2fb	cargo run -p jxl-encoder --release --features 'parallel butteraugli-loop ssim2-loop' --example w44_170_cjxl_step025_sweep -- --image 2389166 --effort 7 --distance-min 3.5 --distance-max 3.5 --distance-step 3.5 --strategy zenjxl --corpus-manifest benchmarks/corpora/w44_170_varied_corpus.tsv
2389166	cid22	512	512	zenjxl	7	3.7500	19896	20082	57.3113	58.5169	3.936553	3.988787	381.500	574.471	-0.926	-1.2056	-1.310	-33.591	OK	89e3c405809a53c2872179d05bda80a69503b2fb	cargo run -p jxl-encoder --release --features 'parallel butteraugli-loop ssim2-loop' --example w44_170_cjxl_step025_sweep -- --image 2389166 --effort 7 --distance-min 3.75 --distance-max 3.75 --distance-step 3.75 --strategy zenjxl --corpus-manifest benchmarks/corpora/w44_170_varied_corpus.tsv
2389166	cid22	512	512	zenjxl	7	4.0000	19009	19284	55.7164	56.0583	4.333188	4.275710	388.332	518.479	-1.426	-0.3419	1.344	-25.102	OK	89e3c405809a53c2872179d05bda80a69503b2fb	cargo run -p jxl-encoder --release --features 'parallel butteraugli-loop ssim2-loop' --example w44_170_cjxl_step025_sweep -- --image 2389166 --effort 7 --distance-min 4 --distance-max 4 --distance-step 4 --strategy zenjxl --corpus-manifest benchmarks/corpora/w44_170_varied_corpus.tsv
2389166	cid22	512	512	zenjxl	7	4.2500	18109	18446	52.9487	52.8922	4.331428	4.309859	567.506	489.650	-1.827	0.0565	0.500	15.900	OK	89e3c405809a53c2872179d05bda80a69503b2fb	cargo run -p jxl-encoder --release --features 'parallel butteraugli-loop ssim2-loop' --example w44_170_cjxl_step025_sweep -- --image 2389166 --effort 7 --distance-min 4.25 --distance-max 4.25 --distance-step 4.25 --strategy zenjxl --corpus-manifest benchmarks/corpora/w44_170_varied_corpus.tsv
2389166	cid22	512	512	zenjxl	7	4.5000	17239	17561	51.2723	51.0312	4.429927	4.177702	501.044	443.856	-1.834	0.2411	6.037	12.884	OK	89e3c405809a53c2872179d05bda80a69503b2fb	cargo run -p jxl-encoder --release --features 'parallel butteraugli-loop ssim2-loop' --example w44_170_cjxl_step025_sweep -- --image 2389166 --effort 7 --distance-min 4.5 --distance-max 4.5 --distance-step 4.5 --strategy zenjxl --corpus-manifest benchmarks/corpora/w44_170_varied_corpus.tsv
2389166	cid22	512	512	zenjxl	7	4.7500	16507	16527	49.4688	50.2379	4.499611	4.491529	410.468	519.995	-0.121	-0.7691	0.180	-21.063	OK	89e3c405809a53c2872179d05bda80a69503b2fb	cargo run -p jxl-encoder --release --features 'parallel butteraugli-loop ssim2-loop' --example w44_170_cjxl_step025_sweep -- --image 2389166 --effort 7 --distance-min 4.75 --distance-max 4.75 --distance-step 4.75 --strategy zenjxl --corpus-manifest benchmarks/corpora/w44_170_varied_corpus.tsv
2389166	cid22	512	512	zenjxl	7	5.0000	15645	15938	47.7608	48.3333	4.754163	4.721845	366.193	505.915	-1.838	-0.5725	0.684	-27.618	OK	89e3c405809a53c2872179d05bda80a69503b2fb	cargo run -p jxl-encoder --release --features 'parallel butteraugli-loop ssim2-loop' --example w44_170_cjxl_step025_sweep -- --image 2389166 --effort 7 --distance-min 5 --distance-max 5 --distance-step 5 --strategy zenjxl --corpus-manifest benchmarks/corpora/w44_170_varied_corpus.tsv
2389166	cid22	512	512	zenjxl	8	0.2500	132128	131185	94.1161	94.0613	0.374992	0.400575	920.333	1737.429	0.719	0.0548	-6.387	-47.029	OK	89e3c405809a53c2872179d05bda80a69503b2fb	cargo run -p jxl-encoder --release --features 'parallel butteraugli-loop ssim2-loop' --example w44_170_cjxl_step025_sweep -- --image 2389166 --effort 8 --distance-min 0.25 --distance-max 0.25 --distance-step 0.25 --strategy zenjxl --corpus-manifest benchmarks/corpora/w44_170_varied_corpus.tsv
2389166	cid22	512	512	zenjxl	8	0.5000	87679	86602	90.6280	90.6188	0.699070	0.757277	775.844	2395.445	1.244	0.0092	-7.686	-67.612	OK	89e3c405809a53c2872179d05bda80a69503b2fb	cargo run -p jxl-encoder --release --features 'parallel butteraugli-loop ssim2-loop' --example w44_170_cjxl_step025_sweep -- --image 2389166 --effort 8 --distance-min 0.5 --distance-max 0.5 --distance-step 0.5 --strategy zenjxl --corpus-manifest benchmarks/corpora/w44_170_varied_corpus.tsv
2389166	cid22	512	512	zenjxl	8	0.7500	62967	62650	86.1327	86.1624	0.938885	0.977362	913.886	1562.101	0.506	-0.0297	-3.937	-41.496	OK	89e3c405809a53c2872179d05bda80a69503b2fb	cargo run -p jxl-encoder --release --features 'parallel butteraugli-loop ssim2-loop' --example w44_170_cjxl_step025_sweep -- --image 2389166 --effort 8 --distance-min 0.75 --distance-max 0.75 --distance-step 0.75 --strategy zenjxl --corpus-manifest benchmarks/corpora/w44_170_varied_corpus.tsv
2389166	cid22	512	512	zenjxl	8	1.0000	51406	51234	82.8818	82.7332	1.261430	1.258618	665.306	1522.177	0.336	0.1486	0.223	-56.292	OK	89e3c405809a53c2872179d05bda80a69503b2fb	cargo run -p jxl-encoder --release --features 'parallel butteraugli-loop ssim2-loop' --example w44_170_cjxl_step025_sweep -- --image 2389166 --effort 8 --distance-min 1 --distance-max 1 --distance-step 1 --strategy zenjxl --corpus-manifest benchmarks/corpora/w44_170_varied_corpus.tsv
2389166	cid22	512	512	zenjxl	8	1.2500	43615	43561	79.1044	79.2007	1.561455	1.460849	995.911	1893.708	0.124	-0.0964	6.887	-47.409	OK	89e3c405809a53c2872179d05bda80a69503b2fb	cargo run -p jxl-encoder --release --features 'parallel butteraugli-loop ssim2-loop' --example w44_170_cjxl_step025_sweep -- --image 2389166 --effort 8 --distance-min 1.25 --distance-max 1.25 --distance-step 1.25 --strategy zenjxl --corpus-manifest benchmarks/corpora/w44_170_varied_corpus.tsv
2389166	cid22	512	512	zenjxl	8	1.5000	38415	38139	76.1008	76.5200	1.844514	1.678920	818.932	1915.599	0.724	-0.4192	9.863	-57.249	OK	89e3c405809a53c2872179d05bda80a69503b2fb	cargo run -p jxl-encoder --release --features 'parallel butteraugli-loop ssim2-loop' --example w44_170_cjxl_step025_sweep -- --image 2389166 --effort 8 --distance-min 1.5 --distance-max 1.5 --distance-step 1.5 --strategy zenjxl --corpus-manifest benchmarks/corpora/w44_170_varied_corpus.tsv
2389166	cid22	512	512	zenjxl	8	1.7500	33812	33845	73.1779	73.7177	2.768964	2.632674	618.894	2326.479	-0.098	-0.5398	5.177	-73.398	OK	89e3c405809a53c2872179d05bda80a69503b2fb	cargo run -p jxl-encoder --release --features 'parallel butteraugli-loop ssim2-loop' --example w44_170_cjxl_step025_sweep -- --image 2389166 --effort 8 --distance-min 1.75 --distance-max 1.75 --distance-step 1.75 --strategy zenjxl --corpus-manifest benchmarks/corpora/w44_170_varied_corpus.tsv
2389166	cid22	512	512	zenjxl	8	2.0000	30449	30514	71.2363	71.4172	2.550321	2.614756	625.505	2859.227	-0.213	-0.1808	-2.464	-78.123	OK	89e3c405809a53c2872179d05bda80a69503b2fb	cargo run -p jxl-encoder --release --features 'parallel butteraugli-loop ssim2-loop' --example w44_170_cjxl_step025_sweep -- --image 2389166 --effort 8 --distance-min 2 --distance-max 2 --distance-step 2 --strategy zenjxl --corpus-manifest benchmarks/corpora/w44_170_varied_corpus.tsv
2389166	cid22	512	512	zenjxl	8	2.2500	27396	27704	68.2641	68.7855	2.617349	2.596623	978.069	2667.407	-1.112	-0.5214	0.798	-63.333	OK	89e3c405809a53c2872179d05bda80a69503b2fb	cargo run -p jxl-encoder --release --features 'parallel butteraugli-loop ssim2-loop' --example w44_170_cjxl_step025_sweep -- --image 2389166 --effort 8 --distance-min 2.25 --distance-max 2.25 --distance-step 2.25 --strategy zenjxl --corpus-manifest benchmarks/corpora/w44_170_varied_corpus.tsv
2389166	cid22	512	512	zenjxl	8	2.5000	25214	25368	66.2764	66.3101	2.911365	2.859982	965.851	2346.164	-0.607	-0.0337	1.797	-58.833	OK	89e3c405809a53c2872179d05bda80a69503b2fb	cargo run -p jxl-encoder --release --features 'parallel butteraugli-loop ssim2-loop' --example w44_170_cjxl_step025_sweep -- --image 2389166 --effort 8 --distance-min 2.5 --distance-max 2.5 --distance-step 2.5 --strategy zenjxl --corpus-manifest benchmarks/corpora/w44_170_varied_corpus.tsv
2389166	cid22	512	512	zenjxl	8	2.7500	23152	23740	63.9593	64.1756	2.970667	2.929306	816.310	2526.897	-2.477	-0.2163	1.412	-67.695	OK	89e3c405809a53c2872179d05bda80a69503b2fb	cargo run -p jxl-encoder --release --features 'parallel butteraugli-loop ssim2-loop' --example w44_170_cjxl_step025_sweep -- --image 2389166 --effort 8 --distance-min 2.75 --distance-max 2.75 --distance-step 2.75 --strategy zenjxl --corpus-manifest benchmarks/corpora/w44_170_varied_corpus.tsv
2389166	cid22	512	512	zenjxl	8	3.0000	21728	25083	61.6278	62.1196	3.242996	3.505899	907.387	2886.787	-13.376	-0.4918	-7.499	-68.568	OK	89e3c405809a53c2872179d05bda80a69503b2fb	cargo run -p jxl-encoder --release --features 'parallel butteraugli-loop ssim2-loop' --example w44_170_cjxl_step025_sweep -- --image 2389166 --effort 8 --distance-min 3 --distance-max 3 --distance-step 3 --strategy zenjxl --corpus-manifest benchmarks/corpora/w44_170_varied_corpus.tsv
2389166	cid22	512	512	zenjxl	8	3.2500	20241	23418	58.1524	59.7527	3.573881	3.618029	1095.945	1829.953	-13.566	-1.6004	-1.220	-40.111	OK	89e3c405809a53c2872179d05bda80a69503b2fb	cargo run -p jxl-encoder --release --features 'parallel butteraugli-loop ssim2-loop' --example w44_170_cjxl_step025_sweep -- --image 2389166 --effort 8 --distance-min 3.25 --distance-max 3.25 --distance-step 3.25 --strategy zenjxl --corpus-manifest benchmarks/corpora/w44_170_varied_corpus.tsv
2389166	cid22	512	512	zenjxl	8	3.5000	19101	21833	55.9838	57.4686	3.957007	3.890578	1427.629	2492.006	-12.513	-1.4848	1.707	-42.712	OK	89e3c405809a53c2872179d05bda80a69503b2fb	cargo run -p jxl-encoder --release --features 'parallel butteraugli-loop ssim2-loop' --example w44_170_cjxl_step025_sweep -- --image 2389166 --effort 8 --distance-min 3.5 --distance-max 3.5 --distance-step 3.5 --strategy zenjxl --corpus-manifest benchmarks/corpora/w44_170_varied_corpus.tsv
2389166	cid22	512	512	zenjxl	8	3.7500	18204	20589	53.7059	55.5501	4.007427	4.310196	819.697	2431.331	-11.584	-1.8443	-7.024	-66.286	OK	89e3c405809a53c2872179d05bda80a69503b2fb	cargo run -p jxl-encoder --release --features 'parallel butteraugli-loop ssim2-loop' --example w44_170_cjxl_step025_sweep -- --image 2389166 --effort 8 --distance-min 3.75 --distance-max 3.75 --distance-step 3.75 --strategy zenjxl --corpus-manifest benchmarks/corpora/w44_170_varied_corpus.tsv
2389166	cid22	512	512	zenjxl	8	4.0000	17334	19671	52.5325	53.4197	4.216542	4.400678	1237.152	1762.102	-11.880	-0.8872	-4.184	-29.791	OK	89e3c405809a53c2872179d05bda80a69503b2fb	cargo run -p jxl-encoder --release --features 'parallel butteraugli-loop ssim2-loop' --example w44_170_cjxl_step025_sweep -- --image 2389166 --effort 8 --distance-min 4 --distance-max 4 --distance-step 4 --strategy zenjxl --corpus-manifest benchmarks/corpora/w44_170_varied_corpus.tsv
2389166	cid22	512	512	zenjxl	8	4.2500	16399	18545	49.3632	50.7231	4.369565	4.330748	1280.458	1728.544	-11.572	-1.3599	0.896	-25.923	OK	89e3c405809a53c2872179d05bda80a69503b2fb	cargo run -p jxl-encoder --release --features 'parallel butteraugli-loop ssim2-loop' --example w44_170_cjxl_step025_sweep -- --image 2389166 --effort 8 --distance-min 4.25 --distance-max 4.25 --distance-step 4.25 --strategy zenjxl --corpus-manifest benchmarks/corpora/w44_170_varied_corpus.tsv
2389166	cid22	512	512	zenjxl	8	4.5000	15307	17563	47.1502	47.8519	4.752886	4.403062	1461.572	1745.161	-12.845	-0.7018	7.945	-16.250	OK	89e3c405809a53c2872179d05bda80a69503b2fb	cargo run -p jxl-encoder --release --features 'parallel butteraugli-loop ssim2-loop' --example w44_170_cjxl_step025_sweep -- --image 2389166 --effort 8 --distance-min 4.5 --distance-max 4.5 --distance-step 4.5 --strategy zenjxl --corpus-manifest benchmarks/corpora/w44_170_varied_corpus.tsv
2389166	cid22	512	512	zenjxl	8	4.7500	14864	16199	45.7607	45.8421	4.654924	4.759761	1134.555	1539.878	-8.241	-0.0813	-2.203	-26.322	OK	89e3c405809a53c2872179d05bda80a69503b2fb	cargo run -p jxl-encoder --release --features 'parallel butteraugli-loop ssim2-loop' --example w44_170_cjxl_step025_sweep -- --image 2389166 --effort 8 --distance-min 4.75 --distance-max 4.75 --distance-step 4.75 --strategy zenjxl --corpus-manifest benchmarks/corpora/w44_170_varied_corpus.tsv
2389166	cid22	512	512	zenjxl	8	5.0000	13845	15511	43.3261	43.4542	5.128069	4.617066	1270.482	2387.249	-10.741	-0.1281	11.068	-46.781	OK	89e3c405809a53c2872179d05bda80a69503b2fb	cargo run -p jxl-encoder --release --features 'parallel butteraugli-loop ssim2-loop' --example w44_170_cjxl_step025_sweep -- --image 2389166 --effort 8 --distance-min 5 --distance-max 5 --distance-step 5 --strategy zenjxl --corpus-manifest benchmarks/corpora/w44_170_varied_corpus.tsv
2389166	cid22	512	512	zenjxl	9	0.2500	134298	131960	94.1278	94.0777	0.293576	0.301261	2366.288	4791.093	1.772	0.0501	-2.551	-50.611	OK	89e3c405809a53c2872179d05bda80a69503b2fb	cargo run -p jxl-encoder --release --features 'parallel butteraugli-loop ssim2-loop' --example w44_170_cjxl_step025_sweep -- --image 2389166 --effort 9 --distance-min 0.25 --distance-max 0.25 --distance-step 0.25 --strategy zenjxl --corpus-manifest benchmarks/corpora/w44_170_varied_corpus.tsv
2389166	cid22	512	512	zenjxl	9	0.5000	89278	87910	90.7050	91.0307	0.683402	0.638727	1193.320	3003.116	1.556	-0.3257	6.994	-60.264	OK	89e3c405809a53c2872179d05bda80a69503b2fb	cargo run -p jxl-encoder --release --features 'parallel butteraugli-loop ssim2-loop' --example w44_170_cjxl_step025_sweep -- --image 2389166 --effort 9 --distance-min 0.5 --distance-max 0.5 --distance-step 0.5 --strategy zenjxl --corpus-manifest benchmarks/corpora/w44_170_varied_corpus.tsv
2389166	cid22	512	512	zenjxl	9	0.7500	64121	63021	86.3160	86.4803	0.948009	1.032355	1268.773	2426.893	1.745	-0.1643	-8.170	-47.720	OK	89e3c405809a53c2872179d05bda80a69503b2fb	cargo run -p jxl-encoder --release --features 'parallel butteraugli-loop ssim2-loop' --example w44_170_cjxl_step025_sweep -- --image 2389166 --effort 9 --distance-min 0.75 --distance-max 0.75 --distance-step 0.75 --strategy zenjxl --corpus-manifest benchmarks/corpora/w44_170_varied_corpus.tsv
2389166	cid22	512	512	zenjxl	9	1.0000	52153	51421	82.8576	82.6418	1.258882	1.181379	1263.018	3316.902	1.424	0.2159	6.560	-61.922	OK	89e3c405809a53c2872179d05bda80a69503b2fb	cargo run -p jxl-encoder --release --features 'parallel butteraugli-loop ssim2-loop' --example w44_170_cjxl_step025_sweep -- --image 2389166 --effort 9 --distance-min 1 --distance-max 1 --distance-step 1 --strategy zenjxl --corpus-manifest benchmarks/corpora/w44_170_varied_corpus.tsv
2389166	cid22	512	512	zenjxl	9	1.2500	44143	43641	79.1946	79.3923	1.487861	1.392428	1376.167	2674.413	1.150	-0.1977	6.854	-48.543	OK	89e3c405809a53c2872179d05bda80a69503b2fb	cargo run -p jxl-encoder --release --features 'parallel butteraugli-loop ssim2-loop' --example w44_170_cjxl_step025_sweep -- --image 2389166 --effort 9 --distance-min 1.25 --distance-max 1.25 --distance-step 1.25 --strategy zenjxl --corpus-manifest benchmarks/corpora/w44_170_varied_corpus.tsv
297394	cid22	512	512	zenjxl	7	2.7500	44039	43049	72.7191	73.6475	2.835157	2.786666	312.731	522.434	2.300	-0.9284	1.740	-40.140	OK	89e3c405809a53c2872179d05bda80a69503b2fb	cargo run -p jxl-encoder --release --features 'parallel butteraugli-loop ssim2-loop' --example w44_170_cjxl_step025_sweep -- --image 297394 --effort 7 --distance-min 2.75 --distance-max 2.75 --distance-step 2.75 --strategy zenjxl --corpus-manifest benchmarks/corpora/w44_170_varied_corpus.tsv
297394	cid22	512	512	zenjxl	7	3.0000	41048	40181	71.6029	72.1553	3.102827	3.105502	331.278	556.360	2.158	-0.5524	-0.086	-40.456	OK	89e3c405809a53c2872179d05bda80a69503b2fb	cargo run -p jxl-encoder --release --features 'parallel butteraugli-loop ssim2-loop' --example w44_170_cjxl_step025_sweep -- --image 297394 --effort 7 --distance-min 3 --distance-max 3 --distance-step 3 --strategy zenjxl --corpus-manifest benchmarks/corpora/w44_170_varied_corpus.tsv
297394	cid22	512	512	zenjxl	7	3.2500	38616	37618	69.4129	69.7587	4.049335	3.960047	334.677	501.101	2.653	-0.3458	2.255	-33.212	OK	89e3c405809a53c2872179d05bda80a69503b2fb	cargo run -p jxl-encoder --release --features 'parallel butteraugli-loop ssim2-loop' --example w44_170_cjxl_step025_sweep -- --image 297394 --effort 7 --distance-min 3.25 --distance-max 3.25 --distance-step 3.25 --strategy zenjxl --corpus-manifest benchmarks/corpora/w44_170_varied_corpus.tsv
297394	cid22	512	512	zenjxl	7	3.5000	36868	35493	67.9254	68.4030	3.505782	3.522805	276.433	523.693	3.874	-0.4776	-0.483	-47.215	OK	89e3c405809a53c2872179d05bda80a69503b2fb	cargo run -p jxl-encoder --release --features 'parallel butteraugli-loop ssim2-loop' --example w44_170_cjxl_step025_sweep -- --image 297394 --effort 7 --distance-min 3.5 --distance-max 3.5 --distance-step 3.5 --strategy zenjxl --corpus-manifest benchmarks/corpora/w44_170_varied_corpus.tsv
297394	cid22	512	512	zenjxl	7	3.7500	34565	33533	66.5481	66.7197	3.556231	3.619498	364.215	479.702	3.078	-0.1716	-1.748	-24.075	OK	89e3c405809a53c2872179d05bda80a69503b2fb	cargo run -p jxl-encoder --release --features 'parallel butteraugli-loop ssim2-loop' --example w44_170_cjxl_step025_sweep -- --image 297394 --effort 7 --distance-min 3.75 --distance-max 3.75 --distance-step 3.75 --strategy zenjxl --corpus-manifest benchmarks/corpora/w44_170_varied_corpus.tsv
297394	cid22	512	512	zenjxl	7	4.0000	32941	31913	64.9544	65.2776	4.030513	4.009250	435.448	489.849	3.221	-0.3232	0.530	-11.106	OK	89e3c405809a53c2872179d05bda80a69503b2fb	cargo run -p jxl-encoder --release --features 'parallel butteraugli-loop ssim2-loop' --example w44_170_cjxl_step025_sweep -- --image 297394 --effort 7 --distance-min 4 --distance-max 4 --distance-step 4 --strategy zenjxl --corpus-manifest benchmarks/corpora/w44_170_varied_corpus.tsv
297394	cid22	512	512	zenjxl	7	4.2500	31243	30241	63.0230	63.4579	4.096374	3.987587	424.253	475.177	3.313	-0.4349	2.728	-10.717	OK	89e3c405809a53c2872179d05bda80a69503b2fb	cargo run -p jxl-encoder --release --features 'parallel butteraugli-loop ssim2-loop' --example w44_170_cjxl_step025_sweep -- --image 297394 --effort 7 --distance-min 4.25 --distance-max 4.25 --distance-step 4.25 --strategy zenjxl --corpus-manifest benchmarks/corpora/w44_170_varied_corpus.tsv
297394	cid22	512	512	zenjxl	7	4.5000	30005	28818	61.0473	61.5330	4.166732	4.095787	526.070	417.802	4.119	-0.4856	1.732	25.914	OK	89e3c405809a53c2872179d05bda80a69503b2fb	cargo run -p jxl-encoder --release --features 'parallel butteraugli-loop ssim2-loop' --example w44_170_cjxl_step025_sweep -- --image 297394 --effort 7 --distance-min 4.5 --distance-max 4.5 --distance-step 4.5 --strategy zenjxl --corpus-manifest benchmarks/corpora/w44_170_varied_corpus.tsv
297394	cid22	512	512	zenjxl	7	4.7500	28599	27388	59.7447	60.9181	4.301038	4.406130	444.769	524.028	4.422	-1.1734	-2.385	-15.125	OK	89e3c405809a53c2872179d05bda80a69503b2fb	cargo run -p jxl-encoder --release --features 'parallel butteraugli-loop ssim2-loop' --example w44_170_cjxl_step025_sweep -- --image 297394 --effort 7 --distance-min 4.75 --distance-max 4.75 --distance-step 4.75 --strategy zenjxl --corpus-manifest benchmarks/corpora/w44_170_varied_corpus.tsv
297394	cid22	512	512	zenjxl	7	5.0000	26864	26023	58.2828	59.5190	4.404835	4.639399	299.103	488.443	3.232	-1.2362	-5.056	-38.764	OK	89e3c405809a53c2872179d05bda80a69503b2fb	cargo run -p jxl-encoder --release --features 'parallel butteraugli-loop ssim2-loop' --example w44_170_cjxl_step025_sweep -- --image 297394 --effort 7 --distance-min 5 --distance-max 5 --distance-step 5 --strategy zenjxl --corpus-manifest benchmarks/corpora/w44_170_varied_corpus.tsv
297394	cid22	512	512	zenjxl	8	0.2500	202752	201494	94.4628	94.3442	0.385834	0.386854	1128.703	1534.215	0.624	0.1185	-0.264	-26.431	OK	89e3c405809a53c2872179d05bda80a69503b2fb	cargo run -p jxl-encoder --release --features 'parallel butteraugli-loop ssim2-loop' --example w44_170_cjxl_step025_sweep -- --image 297394 --effort 8 --distance-min 0.25 --distance-max 0.25 --distance-step 0.25 --strategy zenjxl --corpus-manifest benchmarks/corpora/w44_170_varied_corpus.tsv
297394	cid22	512	512	zenjxl	8	0.5000	138093	137258	91.7792	91.9159	0.677342	0.678223	1193.817	1400.932	0.608	-0.1367	-0.130	-14.784	OK	89e3c405809a53c2872179d05bda80a69503b2fb	cargo run -p jxl-encoder --release --features 'parallel butteraugli-loop ssim2-loop' --example w44_170_cjxl_step025_sweep -- --image 297394 --effort 8 --distance-min 0.5 --distance-max 0.5 --distance-step 0.5 --strategy zenjxl --corpus-manifest benchmarks/corpora/w44_170_varied_corpus.tsv
297394	cid22	512	512	zenjxl	8	0.7500	104799	104232	89.4352	89.5879	0.973046	0.992075	1003.916	1991.292	0.544	-0.1527	-1.918	-49.585	OK	89e3c405809a53c2872179d05bda80a69503b2fb	cargo run -p jxl-encoder --release --features 'parallel butteraugli-loop ssim2-loop' --example w44_170_cjxl_step025_sweep -- --image 297394 --effort 8 --distance-min 0.75 --distance-max 0.75 --distance-step 0.75 --strategy zenjxl --corpus-manifest benchmarks/corpora/w44_170_varied_corpus.tsv
297394	cid22	512	512	zenjxl	8	1.0000	86228	85659	86.9884	87.4494	1.294943	1.186284	1401.654	1722.065	0.664	-0.4609	9.160	-18.606	OK	89e3c405809a53c2872179d05bda80a69503b2fb	cargo run -p jxl-encoder --release --features 'parallel butteraugli-loop ssim2-loop' --example w44_170_cjxl_step025_sweep -- --image 297394 --effort 8 --distance-min 1 --distance-max 1 --distance-step 1 --strategy zenjxl --corpus-manifest benchmarks/corpora/w44_170_varied_corpus.tsv
297394	cid22	512	512	zenjxl	8	1.2500	74776	73677	84.6908	84.9570	1.447683	1.485950	1493.348	1758.330	1.492	-0.2662	-2.575	-15.070	OK	89e3c405809a53c2872179d05bda80a69503b2fb	cargo run -p jxl-encoder --release --features 'parallel butteraugli-loop ssim2-loop' --example w44_170_cjxl_step025_sweep -- --image 297394 --effort 8 --distance-min 1.25 --distance-max 1.25 --distance-step 1.25 --strategy zenjxl --corpus-manifest benchmarks/corpora/w44_170_varied_corpus.tsv
297394	cid22	512	512	zenjxl	8	1.5000	65196	64862	82.4878	82.7148	1.769881	1.845027	1386.188	1960.025	0.515	-0.2270	-4.073	-29.277	OK	89e3c405809a53c2872179d05bda80a69503b2fb	cargo run -p jxl-encoder --release --features 'parallel butteraugli-loop ssim2-loop' --example w44_170_cjxl_step025_sweep -- --image 297394 --effort 8 --distance-min 1.5 --distance-max 1.5 --distance-step 1.5 --strategy zenjxl --corpus-manifest benchmarks/corpora/w44_170_varied_corpus.tsv
297394	cid22	512	512	zenjxl	8	1.7500	58392	57840	80.5912	80.9510	2.046414	2.006766	1297.805	1901.253	0.954	-0.3598	1.976	-31.739	OK	89e3c405809a53c2872179d05bda80a69503b2fb	cargo run -p jxl-encoder --release --features 'parallel butteraugli-loop ssim2-loop' --example w44_170_cjxl_step025_sweep -- --image 297394 --effort 8 --distance-min 1.75 --distance-max 1.75 --distance-step 1.75 --strategy zenjxl --corpus-manifest benchmarks/corpora/w44_170_varied_corpus.tsv
297394	cid22	512	512	zenjxl	8	2.0000	52776	52292	78.7357	78.6436	2.223413	2.247049	1418.285	1515.504	0.926	0.0921	-1.052	-6.415	OK	89e3c405809a53c2872179d05bda80a69503b2fb	cargo run -p jxl-encoder --release --features 'parallel butteraugli-loop ssim2-loop' --example w44_170_cjxl_step025_sweep -- --image 297394 --effort 8 --distance-min 2 --distance-max 2 --distance-step 2 --strategy zenjxl --corpus-manifest benchmarks/corpora/w44_170_varied_corpus.tsv
297394	cid22	512	512	zenjxl	8	2.2500	48055	47346	76.0567	76.0853	2.548059	2.504414	1328.191	1626.577	1.497	-0.0287	1.743	-18.344	OK	89e3c405809a53c2872179d05bda80a69503b2fb	cargo run -p jxl-encoder --release --features 'parallel butteraugli-loop ssim2-loop' --example w44_170_cjxl_step025_sweep -- --image 297394 --effort 8 --distance-min 2.25 --distance-max 2.25 --distance-step 2.25 --strategy zenjxl --corpus-manifest benchmarks/corpora/w44_170_varied_corpus.tsv
297394	cid22	512	512	zenjxl	8	2.5000	44260	43702	74.2703	74.7587	3.140448	2.865415	1679.795	1667.801	1.277	-0.4884	9.598	0.719	OK	89e3c405809a53c2872179d05bda80a69503b2fb	cargo run -p jxl-encoder --release --features 'parallel butteraugli-loop ssim2-loop' --example w44_170_cjxl_step025_sweep -- --image 297394 --effort 8 --distance-min 2.5 --distance-max 2.5 --distance-step 2.5 --strategy zenjxl --corpus-manifest benchmarks/corpora/w44_170_varied_corpus.tsv
297394	cid22	512	512	zenjxl	8	2.7500	41025	40370	71.5567	72.6303	2.957204	2.786682	1197.428	1877.913	1.622	-1.0736	6.119	-36.236	OK	89e3c405809a53c2872179d05bda80a69503b2fb	cargo run -p jxl-encoder --release --features 'parallel butteraugli-loop ssim2-loop' --example w44_170_cjxl_step025_sweep -- --image 297394 --effort 8 --distance-min 2.75 --distance-max 2.75 --distance-step 2.75 --strategy zenjxl --corpus-manifest benchmarks/corpora/w44_170_varied_corpus.tsv
297394	cid22	512	512	zenjxl	8	3.0000	37868	37380	69.9258	70.4567	3.344902	3.303272	1127.571	1716.503	1.306	-0.5309	1.260	-34.310	OK	89e3c405809a53c2872179d05bda80a69503b2fb	cargo run -p jxl-encoder --release --features 'parallel butteraugli-loop ssim2-loop' --example w44_170_cjxl_step025_sweep -- --image 297394 --effort 8 --distance-min 3 --distance-max 3 --distance-step 3 --strategy zenjxl --corpus-manifest benchmarks/corpora/w44_170_varied_corpus.tsv
297394	cid22	512	512	zenjxl	8	3.2500	35594	34978	68.0041	68.2858	3.544127	3.386702	1919.462	1603.411	1.761	-0.2818	4.648	19.711	OK	89e3c405809a53c2872179d05bda80a69503b2fb	cargo run -p jxl-encoder --release --features 'parallel butteraugli-loop ssim2-loop' --example w44_170_cjxl_step025_sweep -- --image 297394 --effort 8 --distance-min 3.25 --distance-max 3.25 --distance-step 3.25 --strategy zenjxl --corpus-manifest benchmarks/corpora/w44_170_varied_corpus.tsv
297394	cid22	512	512	zenjxl	8	3.5000	33825	32932	66.1475	66.8442	3.597219	3.577865	1478.041	1896.874	2.712	-0.6968	0.541	-22.080	OK	89e3c405809a53c2872179d05bda80a69503b2fb	cargo run -p jxl-encoder --release --features 'parallel butteraugli-loop ssim2-loop' --example w44_170_cjxl_step025_sweep -- --image 297394 --effort 8 --distance-min 3.5 --distance-max 3.5 --distance-step 3.5 --strategy zenjxl --corpus-manifest benchmarks/corpora/w44_170_varied_corpus.tsv
297394	cid22	512	512	zenjxl	8	3.7500	31430	30869	64.2604	64.6911	3.853458	3.578265	1389.982	1689.222	1.817	-0.4307	7.691	-17.715	OK	89e3c405809a53c2872179d05bda80a69503b2fb	cargo run -p jxl-encoder --release --features 'parallel butteraugli-loop ssim2-loop' --example w44_170_cjxl_step025_sweep -- --image 297394 --effort 8 --distance-min 3.75 --distance-max 3.75 --distance-step 3.75 --strategy zenjxl --corpus-manifest benchmarks/corpora/w44_170_varied_corpus.tsv
297394	cid22	512	512	zenjxl	8	4.0000	29616	29186	63.0092	62.7871	4.113961	4.391032	1967.133	1554.389	1.473	0.2221	-6.310	26.553	OK	89e3c405809a53c2872179d05bda80a69503b2fb	cargo run -p jxl-encoder --release --features 'parallel butteraugli-loop ssim2-loop' --example w44_170_cjxl_step025_sweep -- --image 297394 --effort 8 --distance-min 4 --distance-max 4 --distance-step 4 --strategy zenjxl --corpus-manifest benchmarks/corpora/w44_170_varied_corpus.tsv
297394	cid22	512	512	zenjxl	8	4.2500	28226	27793	61.2353	61.7171	4.074250	4.467083	2298.466	1643.256	1.558	-0.4818	-8.794	39.873	OK	89e3c405809a53c2872179d05bda80a69503b2fb	cargo run -p jxl-encoder --release --features 'parallel butteraugli-loop ssim2-loop' --example w44_170_cjxl_step025_sweep -- --image 297394 --effort 8 --distance-min 4.25 --distance-max 4.25 --distance-step 4.25 --strategy zenjxl --corpus-manifest benchmarks/corpora/w44_170_varied_corpus.tsv
297394	cid22	512	512	zenjxl	8	4.5000	26927	26556	58.8633	59.5173	4.823104	4.386855	1579.651	1737.073	1.397	-0.6540	9.944	-9.062	OK	89e3c405809a53c2872179d05bda80a69503b2fb	cargo run -p jxl-encoder --release --features 'parallel butteraugli-loop ssim2-loop' --example w44_170_cjxl_step025_sweep -- --image 297394 --effort 8 --distance-min 4.5 --distance-max 4.5 --distance-step 4.5 --strategy zenjxl --corpus-manifest benchmarks/corpora/w44_170_varied_corpus.tsv
297394	cid22	512	512	zenjxl	8	4.7500	25865	24920	57.8458	58.7965	4.382395	4.172672	1572.099	1685.201	3.792	-0.9507	5.026	-6.711	OK	89e3c405809a53c2872179d05bda80a69503b2fb	cargo run -p jxl-encoder --release --features 'parallel butteraugli-loop ssim2-loop' --example w44_170_cjxl_step025_sweep -- --image 297394 --effort 8 --distance-min 4.75 --distance-max 4.75 --distance-step 4.75 --strategy zenjxl --corpus-manifest benchmarks/corpora/w44_170_varied_corpus.tsv
297394	cid22	512	512	zenjxl	8	5.0000	24154	23615	56.0586	56.9228	4.749294	4.585484	1789.306	1787.060	2.282	-0.8642	3.572	0.126	OK	89e3c405809a53c2872179d05bda80a69503b2fb	cargo run -p jxl-encoder --release --features 'parallel butteraugli-loop ssim2-loop' --example w44_170_cjxl_step025_sweep -- --image 297394 --effort 8 --distance-min 5 --distance-max 5 --distance-step 5 --strategy zenjxl --corpus-manifest benchmarks/corpora/w44_170_varied_corpus.tsv
297394	cid22	512	512	zenjxl	9	0.2500	205191	202669	94.5114	94.3866	0.299069	0.342972	5134.319	2138.316	1.244	0.1247	-12.801	140.110	OK	89e3c405809a53c2872179d05bda80a69503b2fb	cargo run -p jxl-encoder --release --features 'parallel butteraugli-loop ssim2-loop' --example w44_170_cjxl_step025_sweep -- --image 297394 --effort 9 --distance-min 0.25 --distance-max 0.25 --distance-step 0.25 --strategy zenjxl --corpus-manifest benchmarks/corpora/w44_170_varied_corpus.tsv
297394	cid22	512	512	zenjxl	9	0.5000	139888	137999	91.8577	91.9694	0.580046	0.639338	3216.597	2460.659	1.369	-0.1117	-9.274	30.721	OK	89e3c405809a53c2872179d05bda80a69503b2fb	cargo run -p jxl-encoder --release --features 'parallel butteraugli-loop ssim2-loop' --example w44_170_cjxl_step025_sweep -- --image 297394 --effort 9 --distance-min 0.5 --distance-max 0.5 --distance-step 0.5 --strategy zenjxl --corpus-manifest benchmarks/corpora/w44_170_varied_corpus.tsv
297394	cid22	512	512	zenjxl	9	0.7500	106122	104620	89.4970	89.8268	0.892304	0.863348	3275.185	1962.463	1.436	-0.3298	3.354	66.892	OK	89e3c405809a53c2872179d05bda80a69503b2fb	cargo run -p jxl-encoder --release --features 'parallel butteraugli-loop ssim2-loop' --example w44_170_cjxl_step025_sweep -- --image 297394 --effort 9 --distance-min 0.75 --distance-max 0.75 --distance-step 0.75 --strategy zenjxl --corpus-manifest benchmarks/corpora/w44_170_varied_corpus.tsv
297394	cid22	512	512	zenjxl	9	1.0000	86927	85777	87.1671	87.4553	1.194812	1.162457	2782.189	2389.615	1.341	-0.2882	2.783	16.428	OK	89e3c405809a53c2872179d05bda80a69503b2fb	cargo run -p jxl-encoder --release --features 'parallel butteraugli-loop ssim2-loop' --example w44_170_cjxl_step025_sweep -- --image 297394 --effort 9 --distance-min 1 --distance-max 1 --distance-step 1 --strategy zenjxl --corpus-manifest benchmarks/corpora/w44_170_varied_corpus.tsv
297394	cid22	512	512	zenjxl	9	1.2500	75430	73587	84.6730	85.0135	1.461027	1.461683	2635.396	2285.056	2.505	-0.3404	-0.045	15.332	OK	89e3c405809a53c2872179d05bda80a69503b2fb	cargo run -p jxl-encoder --release --features 'parallel butteraugli-loop ssim2-loop' --example w44_170_cjxl_step025_sweep -- --image 297394 --effort 9 --distance-min 1.25 --distance-max 1.25 --distance-step 1.25 --strategy zenjxl --corpus-manifest benchmarks/corpora/w44_170_varied_corpus.tsv
297394	cid22	512	512	zenjxl	9	1.5000	65556	64673	82.4766	82.7568	1.775591	1.841271	2019.004	1978.784	1.365	-0.2802	-3.567	2.033	OK	89e3c405809a53c2872179d05bda80a69503b2fb	cargo run -p jxl-encoder --release --features 'parallel butteraugli-loop ssim2-loop' --example w44_170_cjxl_step025_sweep -- --image 297394 --effort 9 --distance-min 1.5 --distance-max 1.5 --distance-step 1.5 --strategy zenjxl --corpus-manifest benchmarks/corpora/w44_170_varied_corpus.tsv
297394	cid22	512	512	zenjxl	9	1.7500	58748	57892	80.5956	80.9677	1.983116	1.968521	2306.972	2970.168	1.479	-0.3722	0.741	-22.329	OK	89e3c405809a53c2872179d05bda80a69503b2fb	cargo run -p jxl-encoder --release --features 'parallel butteraugli-loop ssim2-loop' --example w44_170_cjxl_step025_sweep -- --image 297394 --effort 9 --distance-min 1.75 --distance-max 1.75 --distance-step 1.75 --strategy zenjxl --corpus-manifest benchmarks/corpora/w44_170_varied_corpus.tsv
297394	cid22	512	512	zenjxl	9	2.0000	53130	52256	78.8677	78.5146	2.173137	2.184585	2067.988	2549.877	1.673	0.3531	-0.524	-18.899	OK	89e3c405809a53c2872179d05bda80a69503b2fb	cargo run -p jxl-encoder --release --features 'parallel butteraugli-loop ssim2-loop' --example w44_170_cjxl_step025_sweep -- --image 297394 --effort 9 --distance-min 2 --distance-max 2 --distance-step 2 --strategy zenjxl --corpus-manifest benchmarks/corpora/w44_170_varied_corpus.tsv
297394	cid22	512	512	zenjxl	9	2.2500	48384	47297	76.0739	76.0982	2.548059	2.504414	3557.405	2448.048	2.298	-0.0243	1.743	45.316	OK	89e3c405809a53c2872179d05bda80a69503b2fb	cargo run -p jxl-encoder --release --features 'parallel butteraugli-loop ssim2-loop' --example w44_170_cjxl_step025_sweep -- --image 297394 --effort 9 --distance-min 2.25 --distance-max 2.25 --distance-step 2.25 --strategy zenjxl --corpus-manifest benchmarks/corpora/w44_170_varied_corpus.tsv
297394	cid22	512	512	zenjxl	9	2.5000	44666	43629	74.2905	74.7597	2.677039	2.561094	2763.777	2564.363	2.377	-0.4692	4.527	7.776	OK	89e3c405809a53c2872179d05bda80a69503b2fb	cargo run -p jxl-encoder --release --features 'parallel butteraugli-loop ssim2-loop' --example w44_170_cjxl_step025_sweep -- --image 297394 --effort 9 --distance-min 2.5 --distance-max 2.5 --distance-step 2.5 --strategy zenjxl --corpus-manifest benchmarks/corpora/w44_170_varied_corpus.tsv
297394	cid22	512	512	zenjxl	9	2.7500	41374	40271	71.5567	72.6303	2.957204	2.786682	2374.519	2939.255	2.739	-1.0736	6.119	-19.214	OK	89e3c405809a53c2872179d05bda80a69503b2fb	cargo run -p jxl-encoder --release --features 'parallel butteraugli-loop ssim2-loop' --example w44_170_cjxl_step025_sweep -- --image 297394 --effort 9 --distance-min 2.75 --distance-max 2.75 --distance-step 2.75 --strategy zenjxl --corpus-manifest benchmarks/corpora/w44_170_varied_corpus.tsv
297394	cid22	512	512	zenjxl	9	3.0000	38240	37311	69.9630	70.4631	3.344908	3.303272	1717.264	2731.248	2.490	-0.5002	1.260	-37.125	OK	89e3c405809a53c2872179d05bda80a69503b2fb	cargo run -p jxl-encoder --release --features 'parallel butteraugli-loop ssim2-loop' --example w44_170_cjxl_step025_sweep -- --image 297394 --effort 9 --distance-min 3 --distance-max 3 --distance-step 3 --strategy zenjxl --corpus-manifest benchmarks/corpora/w44_170_varied_corpus.tsv
297394	cid22	512	512	zenjxl	9	3.2500	35974	34913	68.0104	68.2858	3.433801	3.386702	2709.657	2685.318	3.039	-0.2754	1.391	0.906	OK	89e3c405809a53c2872179d05bda80a69503b2fb	cargo run -p jxl-encoder --release --features 'parallel butteraugli-loop ssim2-loop' --example w44_170_cjxl_step025_sweep -- --image 297394 --effort 9 --distance-min 3.25 --distance-max 3.25 --distance-step 3.25 --strategy zenjxl --corpus-manifest benchmarks/corpora/w44_170_varied_corpus.tsv
297394	cid22	512	512	zenjxl	9	3.5000	34069	32845	66.1475	66.8442	3.597219	3.577865	2165.631	2728.863	3.727	-0.6968	0.541	-20.640	OK	89e3c405809a53c2872179d05bda80a69503b2fb	cargo run -p jxl-encoder --release --features 'parallel butteraugli-loop ssim2-loop' --example w44_170_cjxl_step025_sweep -- --image 297394 --effort 9 --distance-min 3.5 --distance-max 3.5 --distance-step 3.5 --strategy zenjxl --corpus-manifest benchmarks/corpora/w44_170_varied_corpus.tsv
297394	cid22	512	512	zenjxl	9	3.7500	31719	30789	64.2604	64.6911	3.853458	3.578265	1929.712	2499.064	3.021	-0.4307	7.691	-22.783	OK	89e3c405809a53c2872179d05bda80a69503b2fb	cargo run -p jxl-encoder --release --features 'parallel butteraugli-loop ssim2-loop' --example w44_170_cjxl_step025_sweep -- --image 297394 --effort 9 --distance-min 3.75 --distance-max 3.75 --distance-step 3.75 --strategy zenjxl --corpus-manifest benchmarks/corpora/w44_170_varied_corpus.tsv
297394	cid22	512	512	zenjxl	9	4.0000	29889	29093	63.0092	62.7871	4.113961	4.391032	2606.003	2476.225	2.736	0.2221	-6.310	5.241	OK	89e3c405809a53c2872179d05bda80a69503b2fb	cargo run -p jxl-encoder --release --features 'parallel butteraugli-loop ssim2-loop' --example w44_170_cjxl_step025_sweep -- --image 297394 --effort 9 --distance-min 4 --distance-max 4 --distance-step 4 --strategy zenjxl --corpus-manifest benchmarks/corpora/w44_170_varied_corpus.tsv
297394	cid22	512	512	zenjxl	9	4.2500	28607	27732	61.2353	61.7171	4.074250	4.467083	3437.270	2291.433	3.155	-0.4818	-8.794	50.005	OK	89e3c405809a53c2872179d05bda80a69503b2fb	cargo run -p jxl-encoder --release --features 'parallel butteraugli-loop ssim2-loop' --example w44_170_cjxl_step025_sweep -- --image 297394 --effort 9 --distance-min 4.25 --distance-max 4.25 --distance-step 4.25 --strategy zenjxl --corpus-manifest benchmarks/corpora/w44_170_varied_corpus.tsv
297394	cid22	512	512	zenjxl	9	4.5000	27202	26503	58.8633	59.5092	4.823104	4.386855	1866.222	2147.900	2.637	-0.6459	9.944	-13.114	OK	89e3c405809a53c2872179d05bda80a69503b2fb	cargo run -p jxl-encoder --release --features 'parallel butteraugli-loop ssim2-loop' --example w44_170_cjxl_step025_sweep -- --image 297394 --effort 9 --distance-min 4.5 --distance-max 4.5 --distance-step 4.5 --strategy zenjxl --corpus-manifest benchmarks/corpora/w44_170_varied_corpus.tsv
297394	cid22	512	512	zenjxl	9	4.7500	26111	24877	57.8458	58.7965	4.382395	4.172672	1875.236	2564.211	4.960	-0.9507	5.026	-26.869	OK	89e3c405809a53c2872179d05bda80a69503b2fb	cargo run -p jxl-encoder --release --features 'parallel butteraugli-loop ssim2-loop' --example w44_170_cjxl_step025_sweep -- --image 297394 --effort 9 --distance-min 4.75 --distance-max 4.75 --distance-step 4.75 --strategy zenjxl --corpus-manifest benchmarks/corpora/w44_170_varied_corpus.tsv
297394	cid22	512	512	zenjxl	9	5.0000	24399	23556	56.0586	56.9228	4.749294	4.585484	1737.221	2312.110	3.579	-0.8642	3.572	-24.864	OK	89e3c405809a53c2872179d05bda80a69503b2fb	cargo run -p jxl-encoder --release --features 'parallel butteraugli-loop ssim2-loop' --example w44_170_cjxl_step025_sweep -- --image 297394 --effort 9 --distance-min 5 --distance-max 5 --distance-step 5 --strategy zenjxl --corpus-manifest benchmarks/corpora/w44_170_varied_corpus.tsv
3637739	cid22	512	512	zenjxl	5	0.2500	101699	101465	94.0983	94.2770	0.397260	0.403256	173.546	397.754	0.231	-0.1787	-1.487	-56.368	OK	89e3c405809a53c2872179d05bda80a69503b2fb	cargo run -p jxl-encoder --release --features 'parallel butteraugli-loop ssim2-loop' --example w44_170_cjxl_step025_sweep -- --image 3637739 --effort 5 --distance-min 0.25 --distance-max 0.25 --distance-step 0.25 --strategy zenjxl --corpus-manifest benchmarks/corpora/w44_170_varied_corpus.tsv
3637739	cid22	512	512	zenjxl	5	0.5000	67172	67165	92.0196	92.2114	0.730354	0.726671	217.089	280.237	0.010	-0.1918	0.507	-22.534	OK	89e3c405809a53c2872179d05bda80a69503b2fb	cargo run -p jxl-encoder --release --features 'parallel butteraugli-loop ssim2-loop' --example w44_170_cjxl_step025_sweep -- --image 3637739 --effort 5 --distance-min 0.5 --distance-max 0.5 --distance-step 0.5 --strategy zenjxl --corpus-manifest benchmarks/corpora/w44_170_varied_corpus.tsv
3637739	cid22	512	512	zenjxl	5	0.7500	50355	49821	89.8817	90.2077	0.985757	1.008715	180.129	291.257	1.072	-0.3260	-2.276	-38.155	OK	89e3c405809a53c2872179d05bda80a69503b2fb	cargo run -p jxl-encoder --release --features 'parallel butteraugli-loop ssim2-loop' --example w44_170_cjxl_step025_sweep -- --image 3637739 --effort 5 --distance-min 0.75 --distance-max 0.75 --distance-step 0.75 --strategy zenjxl --corpus-manifest benchmarks/corpora/w44_170_varied_corpus.tsv
3637739	cid22	512	512	zenjxl	5	1.0000	40628	40373	87.8665	88.1744	1.350465	1.349583	174.199	428.259	0.632	-0.3079	0.065	-59.324	OK	89e3c405809a53c2872179d05bda80a69503b2fb	cargo run -p jxl-encoder --release --features 'parallel butteraugli-loop ssim2-loop' --example w44_170_cjxl_step025_sweep -- --image 3637739 --effort 5 --distance-min 1 --distance-max 1 --distance-step 1 --strategy zenjxl --corpus-manifest benchmarks/corpora/w44_170_varied_corpus.tsv
3637739	cid22	512	512	zenjxl	5	1.2500	35296	34572	86.1370	86.5027	1.594184	1.580935	158.167	269.715	2.094	-0.3657	0.838	-41.358	OK	89e3c405809a53c2872179d05bda80a69503b2fb	cargo run -p jxl-encoder --release --features 'parallel butteraugli-loop ssim2-loop' --example w44_170_cjxl_step025_sweep -- --image 3637739 --effort 5 --distance-min 1.25 --distance-max 1.25 --distance-step 1.25 --strategy zenjxl --corpus-manifest benchmarks/corpora/w44_170_varied_corpus.tsv
3637739	cid22	512	512	zenjxl	5	1.5000	31045	30536	84.5819	85.0256	1.668043	1.653626	151.811	227.051	1.667	-0.4438	0.872	-33.138	OK	89e3c405809a53c2872179d05bda80a69503b2fb	cargo run -p jxl-encoder --release --features 'parallel butteraugli-loop ssim2-loop' --example w44_170_cjxl_step025_sweep -- --image 3637739 --effort 5 --distance-min 1.5 --distance-max 1.5 --distance-step 1.5 --strategy zenjxl --corpus-manifest benchmarks/corpora/w44_170_varied_corpus.tsv
3637739	cid22	512	512	zenjxl	5	1.7500	28289	27413	83.0965	83.6137	1.810190	1.780685	168.152	181.101	3.196	-0.5173	1.657	-7.150	OK	89e3c405809a53c2872179d05bda80a69503b2fb	cargo run -p jxl-encoder --release --features 'parallel butteraugli-loop ssim2-loop' --example w44_170_cjxl_step025_sweep -- --image 3637739 --effort 5 --distance-min 1.75 --distance-max 1.75 --distance-step 1.75 --strategy zenjxl --corpus-manifest benchmarks/corpora/w44_170_varied_corpus.tsv
3637739	cid22	512	512	zenjxl	5	2.0000	26098	25247	81.5278	82.3052	1.795882	1.876766	152.501	214.500	3.371	-0.7773	-4.310	-28.904	OK	89e3c405809a53c2872179d05bda80a69503b2fb	cargo run -p jxl-encoder --release --features 'parallel butteraugli-loop ssim2-loop' --example w44_170_cjxl_step025_sweep -- --image 3637739 --effort 5 --distance-min 2 --distance-max 2 --distance-step 2 --strategy zenjxl --corpus-manifest benchmarks/corpora/w44_170_varied_corpus.tsv
3637739	cid22	512	512	zenjxl	5	2.2500	24276	23285	80.5462	81.3538	2.398244	2.412256	150.947	469.579	4.256	-0.8076	-0.581	-67.855	OK	89e3c405809a53c2872179d05bda80a69503b2fb	cargo run -p jxl-encoder --release --features 'parallel butteraugli-loop ssim2-loop' --example w44_170_cjxl_step025_sweep -- --image 3637739 --effort 5 --distance-min 2.25 --distance-max 2.25 --distance-step 2.25 --strategy zenjxl --corpus-manifest benchmarks/corpora/w44_170_varied_corpus.tsv
3637739	cid22	512	512	zenjxl	5	2.5000	22376	21666	78.6875	79.8181	2.798138	2.902550	146.104	242.926	3.277	-1.1306	-3.597	-39.857	OK	89e3c405809a53c2872179d05bda80a69503b2fb	cargo run -p jxl-encoder --release --features 'parallel butteraugli-loop ssim2-loop' --example w44_170_cjxl_step025_sweep -- --image 3637739 --effort 5 --distance-min 2.5 --distance-max 2.5 --distance-step 2.5 --strategy zenjxl --corpus-manifest benchmarks/corpora/w44_170_varied_corpus.tsv
3637739	cid22	512	512	zenjxl	5	2.7500	21149	20204	77.3238	78.7484	2.530558	2.592652	133.870	252.239	4.677	-1.4246	-2.395	-46.927	OK	89e3c405809a53c2872179d05bda80a69503b2fb	cargo run -p jxl-encoder --release --features 'parallel butteraugli-loop ssim2-loop' --example w44_170_cjxl_step025_sweep -- --image 3637739 --effort 5 --distance-min 2.75 --distance-max 2.75 --distance-step 2.75 --strategy zenjxl --corpus-manifest benchmarks/corpora/w44_170_varied_corpus.tsv
3637739	cid22	512	512	zenjxl	5	3.0000	20075	19023	75.8654	77.4099	2.777397	2.763681	192.296	220.235	5.530	-1.5445	0.496	-12.686	OK	89e3c405809a53c2872179d05bda80a69503b2fb	cargo run -p jxl-encoder --release --features 'parallel butteraugli-loop ssim2-loop' --example w44_170_cjxl_step025_sweep -- --image 3637739 --effort 5 --distance-min 3 --distance-max 3 --distance-step 3 --strategy zenjxl --corpus-manifest benchmarks/corpora/w44_170_varied_corpus.tsv
3637739	cid22	512	512	zenjxl	5	3.2500	18922	17905	74.5913	76.1479	3.171231	3.142913	160.735	152.463	5.680	-1.5566	0.901	5.426	OK	89e3c405809a53c2872179d05bda80a69503b2fb	cargo run -p jxl-encoder --release --features 'parallel butteraugli-loop ssim2-loop' --example w44_170_cjxl_step025_sweep -- --image 3637739 --effort 5 --distance-min 3.25 --distance-max 3.25 --distance-step 3.25 --strategy zenjxl --corpus-manifest benchmarks/corpora/w44_170_varied_corpus.tsv
3637739	cid22	512	512	zenjxl	5	3.5000	18093	17128	72.7902	74.4169	3.566454	3.572275	110.376	223.537	5.634	-1.6266	-0.163	-50.623	OK	89e3c405809a53c2872179d05bda80a69503b2fb	cargo run -p jxl-encoder --release --features 'parallel butteraugli-loop ssim2-loop' --example w44_170_cjxl_step025_sweep -- --image 3637739 --effort 5 --distance-min 3.5 --distance-max 3.5 --distance-step 3.5 --strategy zenjxl --corpus-manifest benchmarks/corpora/w44_170_varied_corpus.tsv
3637739	cid22	512	512	zenjxl	5	3.7500	17360	16307	71.6701	73.3743	3.711204	3.711064	145.811	316.708	6.457	-1.7041	0.004	-53.960	OK	89e3c405809a53c2872179d05bda80a69503b2fb	cargo run -p jxl-encoder --release --features 'parallel butteraugli-loop ssim2-loop' --example w44_170_cjxl_step025_sweep -- --image 3637739 --effort 5 --distance-min 3.75 --distance-max 3.75 --distance-step 3.75 --strategy zenjxl --corpus-manifest benchmarks/corpora/w44_170_varied_corpus.tsv
3637739	cid22	512	512	zenjxl	5	4.0000	16383	15563	70.2209	71.6853	3.834556	3.813459	176.741	187.026	5.269	-1.4644	0.553	-5.499	OK	89e3c405809a53c2872179d05bda80a69503b2fb	cargo run -p jxl-encoder --release --features 'parallel butteraugli-loop ssim2-loop' --example w44_170_cjxl_step025_sweep -- --image 3637739 --effort 5 --distance-min 4 --distance-max 4 --distance-step 4 --strategy zenjxl --corpus-manifest benchmarks/corpora/w44_170_varied_corpus.tsv
3637739	cid22	512	512	zenjxl	5	4.2500	15817	15092	68.8040	70.6885	3.921172	3.945788	253.982	378.498	4.804	-1.8845	-0.624	-32.897	OK	89e3c405809a53c2872179d05bda80a69503b2fb	cargo run -p jxl-encoder --release --features 'parallel butteraugli-loop ssim2-loop' --example w44_170_cjxl_step025_sweep -- --image 3637739 --effort 5 --distance-min 4.25 --distance-max 4.25 --distance-step 4.25 --strategy zenjxl --corpus-manifest benchmarks/corpora/w44_170_varied_corpus.tsv
3637739	cid22	512	512	zenjxl	5	4.5000	14992	14580	67.7381	69.7490	4.130650	4.110804	146.118	225.426	2.826	-2.0109	0.483	-35.181	OK	89e3c405809a53c2872179d05bda80a69503b2fb	cargo run -p jxl-encoder --release --features 'parallel butteraugli-loop ssim2-loop' --example w44_170_cjxl_step025_sweep -- --image 3637739 --effort 5 --distance-min 4.5 --distance-max 4.5 --distance-step 4.5 --strategy zenjxl --corpus-manifest benchmarks/corpora/w44_170_varied_corpus.tsv
3637739	cid22	512	512	zenjxl	5	4.7500	14839	13963	66.2704	68.6617	4.191860	4.141563	153.988	369.254	6.274	-2.3913	1.214	-58.298	OK	89e3c405809a53c2872179d05bda80a69503b2fb	cargo run -p jxl-encoder --release --features 'parallel butteraugli-loop ssim2-loop' --example w44_170_cjxl_step025_sweep -- --image 3637739 --effort 5 --distance-min 4.75 --distance-max 4.75 --distance-step 4.75 --strategy zenjxl --corpus-manifest benchmarks/corpora/w44_170_varied_corpus.tsv
3637739	cid22	512	512	zenjxl	5	5.0000	14357	13634	65.7505	68.0064	4.755765	4.777697	128.407	158.287	5.303	-2.2559	-0.459	-18.877	OK	89e3c405809a53c2872179d05bda80a69503b2fb	cargo run -p jxl-encoder --release --features 'parallel butteraugli-loop ssim2-loop' --example w44_170_cjxl_step025_sweep -- --image 3637739 --effort 5 --distance-min 5 --distance-max 5 --distance-step 5 --strategy zenjxl --corpus-manifest benchmarks/corpora/w44_170_varied_corpus.tsv
3637739	cid22	512	512	zenjxl	6	0.2500	100352	100229	93.9895	94.2364	0.397252	0.403266	311.103	328.242	0.123	-0.2468	-1.491	-5.221	OK	89e3c405809a53c2872179d05bda80a69503b2fb	cargo run -p jxl-encoder --release --features 'parallel butteraugli-loop ssim2-loop' --example w44_170_cjxl_step025_sweep -- --image 3637739 --effort 6 --distance-min 0.25 --distance-max 0.25 --distance-step 0.25 --strategy zenjxl --corpus-manifest benchmarks/corpora/w44_170_varied_corpus.tsv
3637739	cid22	512	512	zenjxl	6	0.5000	65993	65478	91.9934	92.1153	0.730363	0.734201	233.962	279.165	0.787	-0.1220	-0.523	-16.192	OK	89e3c405809a53c2872179d05bda80a69503b2fb	cargo run -p jxl-encoder --release --features 'parallel butteraugli-loop ssim2-loop' --example w44_170_cjxl_step025_sweep -- --image 3637739 --effort 6 --distance-min 0.5 --distance-max 0.5 --distance-step 0.5 --strategy zenjxl --corpus-manifest benchmarks/corpora/w44_170_varied_corpus.tsv
3637739	cid22	512	512	zenjxl	6	0.7500	49145	48694	89.8032	90.1914	1.001301	1.031700	263.286	507.752	0.926	-0.3882	-2.947	-48.147	OK	89e3c405809a53c2872179d05bda80a69503b2fb	cargo run -p jxl-encoder --release --features 'parallel butteraugli-loop ssim2-loop' --example w44_170_cjxl_step025_sweep -- --image 3637739 --effort 6 --distance-min 0.75 --distance-max 0.75 --distance-step 0.75 --strategy zenjxl --corpus-manifest benchmarks/corpora/w44_170_varied_corpus.tsv
3637739	cid22	512	512	zenjxl	6	1.0000	40270	39764	87.7381	88.1373	1.389549	1.403982	259.827	403.932	1.273	-0.3992	-1.028	-35.675	OK	89e3c405809a53c2872179d05bda80a69503b2fb	cargo run -p jxl-encoder --release --features 'parallel butteraugli-loop ssim2-loop' --example w44_170_cjxl_step025_sweep -- --image 3637739 --effort 6 --distance-min 1 --distance-max 1 --distance-step 1 --strategy zenjxl --corpus-manifest benchmarks/corpora/w44_170_varied_corpus.tsv
3637739	cid22	512	512	zenjxl	6	1.2500	35080	34251	86.0684	86.6332	1.607059	1.554393	238.505	340.558	2.420	-0.5648	3.388	-29.966	OK	89e3c405809a53c2872179d05bda80a69503b2fb	cargo run -p jxl-encoder --release --features 'parallel butteraugli-loop ssim2-loop' --example w44_170_cjxl_step025_sweep -- --image 3637739 --effort 6 --distance-min 1.25 --distance-max 1.25 --distance-step 1.25 --strategy zenjxl --corpus-manifest benchmarks/corpora/w44_170_varied_corpus.tsv
3637739	cid22	512	512	zenjxl	6	1.5000	31210	30394	84.4137	85.0494	1.556542	1.540034	248.721	352.827	2.685	-0.6357	1.072	-29.506	OK	89e3c405809a53c2872179d05bda80a69503b2fb	cargo run -p jxl-encoder --release --features 'parallel butteraugli-loop ssim2-loop' --example w44_170_cjxl_step025_sweep -- --image 3637739 --effort 6 --distance-min 1.5 --distance-max 1.5 --distance-step 1.5 --strategy zenjxl --corpus-manifest benchmarks/corpora/w44_170_varied_corpus.tsv
3637739	cid22	512	512	zenjxl	6	1.7500	28380	27391	82.9458	83.7318	1.869882	1.927522	255.049	485.641	3.611	-0.7860	-2.990	-47.482	OK	89e3c405809a53c2872179d05bda80a69503b2fb	cargo run -p jxl-encoder --release --features 'parallel butteraugli-loop ssim2-loop' --example w44_170_cjxl_step025_sweep -- --image 3637739 --effort 6 --distance-min 1.75 --distance-max 1.75 --distance-step 1.75 --strategy zenjxl --corpus-manifest benchmarks/corpora/w44_170_varied_corpus.tsv
3637739	cid22	512	512	zenjxl	6	2.0000	26150	25270	81.4687	82.5138	1.842213	1.814356	243.710	455.153	3.482	-1.0451	1.535	-46.455	OK	89e3c405809a53c2872179d05bda80a69503b2fb	cargo run -p jxl-encoder --release --features 'parallel butteraugli-loop ssim2-loop' --example w44_170_cjxl_step025_sweep -- --image 3637739 --effort 6 --distance-min 2 --distance-max 2 --distance-step 2 --strategy zenjxl --corpus-manifest benchmarks/corpora/w44_170_varied_corpus.tsv
3637739	cid22	512	512	zenjxl	6	2.2500	24611	23452	80.4093	81.5272	2.404880	2.315624	250.245	614.509	4.942	-1.1179	3.854	-59.277	OK	89e3c405809a53c2872179d05bda80a69503b2fb	cargo run -p jxl-encoder --release --features 'parallel butteraugli-loop ssim2-loop' --example w44_170_cjxl_step025_sweep -- --image 3637739 --effort 6 --distance-min 2.25 --distance-max 2.25 --distance-step 2.25 --strategy zenjxl --corpus-manifest benchmarks/corpora/w44_170_varied_corpus.tsv
3637739	cid22	512	512	zenjxl	6	2.5000	22927	21778	78.6961	80.1078	2.343261	2.404877	265.552	423.567	5.276	-1.4117	-2.562	-37.306	OK	89e3c405809a53c2872179d05bda80a69503b2fb	cargo run -p jxl-encoder --release --features 'parallel butteraugli-loop ssim2-loop' --example w44_170_cjxl_step025_sweep -- --image 3637739 --effort 6 --distance-min 2.5 --distance-max 2.5 --distance-step 2.5 --strategy zenjxl --corpus-manifest benchmarks/corpora/w44_170_varied_corpus.tsv
3637739	cid22	512	512	zenjxl	6	2.7500	21604	20500	77.1944	78.8382	2.471619	2.467355	192.089	380.667	5.385	-1.6438	0.173	-49.539	OK	89e3c405809a53c2872179d05bda80a69503b2fb	cargo run -p jxl-encoder --release --features 'parallel butteraugli-loop ssim2-loop' --example w44_170_cjxl_step025_sweep -- --image 3637739 --effort 6 --distance-min 2.75 --distance-max 2.75 --distance-step 2.75 --strategy zenjxl --corpus-manifest benchmarks/corpora/w44_170_varied_corpus.tsv
3637739	cid22	512	512	zenjxl	6	3.0000	20604	19386	75.9868	77.6352	2.892953	2.847712	241.358	392.179	6.283	-1.6484	1.589	-38.457	OK	89e3c405809a53c2872179d05bda80a69503b2fb	cargo run -p jxl-encoder --release --features 'parallel butteraugli-loop ssim2-loop' --example w44_170_cjxl_step025_sweep -- --image 3637739 --effort 6 --distance-min 3 --distance-max 3 --distance-step 3 --strategy zenjxl --corpus-manifest benchmarks/corpora/w44_170_varied_corpus.tsv
3637739	cid22	512	512	zenjxl	6	3.2500	19424	18441	74.6209	76.3740	2.945012	2.924309	186.004	325.827	5.331	-1.7531	0.708	-42.913	OK	89e3c405809a53c2872179d05bda80a69503b2fb	cargo run -p jxl-encoder --release --features 'parallel butteraugli-loop ssim2-loop' --example w44_170_cjxl_step025_sweep -- --image 3637739 --effort 6 --distance-min 3.25 --distance-max 3.25 --distance-step 3.25 --strategy zenjxl --corpus-manifest benchmarks/corpora/w44_170_varied_corpus.tsv
3637739	cid22	512	512	zenjxl	6	3.5000	18484	17509	72.7853	74.8897	3.238363	3.383889	280.337	460.668	5.569	-2.1044	-4.301	-39.146	OK	89e3c405809a53c2872179d05bda80a69503b2fb	cargo run -p jxl-encoder --release --features 'parallel butteraugli-loop ssim2-loop' --example w44_170_cjxl_step025_sweep -- --image 3637739 --effort 6 --distance-min 3.5 --distance-max 3.5 --distance-step 3.5 --strategy zenjxl --corpus-manifest benchmarks/corpora/w44_170_varied_corpus.tsv
3637739	cid22	512	512	zenjxl	6	3.7500	17960	16769	71.6410	73.7984	3.443299	3.453500	265.860	391.988	7.102	-2.1574	-0.295	-32.177	OK	89e3c405809a53c2872179d05bda80a69503b2fb	cargo run -p jxl-encoder --release --features 'parallel butteraugli-loop ssim2-loop' --example w44_170_cjxl_step025_sweep -- --image 3637739 --effort 6 --distance-min 3.75 --distance-max 3.75 --distance-step 3.75 --strategy zenjxl --corpus-manifest benchmarks/corpora/w44_170_varied_corpus.tsv
3637739	cid22	512	512	zenjxl	6	4.0000	17045	16337	70.5056	72.4576	3.801821	3.947332	349.049	359.835	4.334	-1.9520	-3.686	-2.997	OK	89e3c405809a53c2872179d05bda80a69503b2fb	cargo run -p jxl-encoder --release --features 'parallel butteraugli-loop ssim2-loop' --example w44_170_cjxl_step025_sweep -- --image 3637739 --effort 6 --distance-min 4 --distance-max 4 --distance-step 4 --strategy zenjxl --corpus-manifest benchmarks/corpora/w44_170_varied_corpus.tsv
3637739	cid22	512	512	zenjxl	6	4.2500	16520	15887	68.9812	71.1467	3.993387	3.926773	420.000	495.645	3.984	-2.1655	1.696	-15.262	OK	89e3c405809a53c2872179d05bda80a69503b2fb	cargo run -p jxl-encoder --release --features 'parallel butteraugli-loop ssim2-loop' --example w44_170_cjxl_step025_sweep -- --image 3637739 --effort 6 --distance-min 4.25 --distance-max 4.25 --distance-step 4.25 --strategy zenjxl --corpus-manifest benchmarks/corpora/w44_170_varied_corpus.tsv
3637739	cid22	512	512	zenjxl	6	4.5000	15693	15426	68.0684	70.8065	4.197695	4.190650	350.581	437.199	1.731	-2.7381	0.168	-19.812	OK	89e3c405809a53c2872179d05bda80a69503b2fb	cargo run -p jxl-encoder --release --features 'parallel butteraugli-loop ssim2-loop' --example w44_170_cjxl_step025_sweep -- --image 3637739 --effort 6 --distance-min 4.5 --distance-max 4.5 --distance-step 4.5 --strategy zenjxl --corpus-manifest benchmarks/corpora/w44_170_varied_corpus.tsv
3637739	cid22	512	512	zenjxl	6	4.7500	15345	14419	66.6016	69.5309	4.209312	4.191485	257.826	331.133	6.422	-2.9293	0.425	-22.138	OK	89e3c405809a53c2872179d05bda80a69503b2fb	cargo run -p jxl-encoder --release --features 'parallel butteraugli-loop ssim2-loop' --example w44_170_cjxl_step025_sweep -- --image 3637739 --effort 6 --distance-min 4.75 --distance-max 4.75 --distance-step 4.75 --strategy zenjxl --corpus-manifest benchmarks/corpora/w44_170_varied_corpus.tsv
3637739	cid22	512	512	zenjxl	6	5.0000	14863	13988	66.1451	68.4544	4.682621	4.714557	357.345	401.534	6.255	-2.3092	-0.677	-11.005	OK	89e3c405809a53c2872179d05bda80a69503b2fb	cargo run -p jxl-encoder --release --features 'parallel butteraugli-loop ssim2-loop' --example w44_170_cjxl_step025_sweep -- --image 3637739 --effort 6 --distance-min 5 --distance-max 5 --distance-step 5 --strategy zenjxl --corpus-manifest benchmarks/corpora/w44_170_varied_corpus.tsv
3637739	cid22	512	512	zenjxl	7	0.2500	100351	100282	93.9949	94.1732	0.397252	0.403266	230.837	348.784	0.069	-0.1784	-1.491	-33.817	OK	89e3c405809a53c2872179d05bda80a69503b2fb	cargo run -p jxl-encoder --release --features 'parallel butteraugli-loop ssim2-loop' --example w44_170_cjxl_step025_sweep -- --image 3637739 --effort 7 --distance-min 0.25 --distance-max 0.25 --distance-step 0.25 --strategy zenjxl --corpus-manifest benchmarks/corpora/w44_170_varied_corpus.tsv
3637739	cid22	512	512	zenjxl	7	0.5000	66090	65536	91.9953	92.1395	0.730363	0.734201	308.435	342.282	0.845	-0.1442	-0.523	-9.889	OK	89e3c405809a53c2872179d05bda80a69503b2fb	cargo run -p jxl-encoder --release --features 'parallel butteraugli-loop ssim2-loop' --example w44_170_cjxl_step025_sweep -- --image 3637739 --effort 7 --distance-min 0.5 --distance-max 0.5 --distance-step 0.5 --strategy zenjxl --corpus-manifest benchmarks/corpora/w44_170_varied_corpus.tsv
3637739	cid22	512	512	zenjxl	7	0.7500	49145	48765	89.8066	90.1719	1.001301	1.023406	290.232	613.143	0.779	-0.3652	-2.160	-52.665	OK	89e3c405809a53c2872179d05bda80a69503b2fb	cargo run -p jxl-encoder --release --features 'parallel butteraugli-loop ssim2-loop' --example w44_170_cjxl_step025_sweep -- --image 3637739 --effort 7 --distance-min 0.75 --distance-max 0.75 --distance-step 0.75 --strategy zenjxl --corpus-manifest benchmarks/corpora/w44_170_varied_corpus.tsv
3637739	cid22	512	512	zenjxl	7	1.0000	40264	39779	87.7291	88.1179	1.389549	1.404588	284.171	548.543	1.219	-0.3888	-1.071	-48.195	OK	89e3c405809a53c2872179d05bda80a69503b2fb	cargo run -p jxl-encoder --release --features 'parallel butteraugli-loop ssim2-loop' --example w44_170_cjxl_step025_sweep -- --image 3637739 --effort 7 --distance-min 1 --distance-max 1 --distance-step 1 --strategy zenjxl --corpus-manifest benchmarks/corpora/w44_170_varied_corpus.tsv
3637739	cid22	512	512	zenjxl	7	1.2500	35079	34276	86.0589	86.6385	1.607059	1.554393	312.703	548.531	2.343	-0.5796	3.388	-42.993	OK	89e3c405809a53c2872179d05bda80a69503b2fb	cargo run -p jxl-encoder --release --features 'parallel butteraugli-loop ssim2-loop' --example w44_170_cjxl_step025_sweep -- --image 3637739 --effort 7 --distance-min 1.25 --distance-max 1.25 --distance-step 1.25 --strategy zenjxl --corpus-manifest benchmarks/corpora/w44_170_varied_corpus.tsv
3637739	cid22	512	512	zenjxl	7	1.5000	31213	30407	84.4183	85.0079	1.556542	1.540034	321.294	534.621	2.651	-0.5896	1.072	-39.902	OK	89e3c405809a53c2872179d05bda80a69503b2fb	cargo run -p jxl-encoder --release --features 'parallel butteraugli-loop ssim2-loop' --example w44_170_cjxl_step025_sweep -- --image 3637739 --effort 7 --distance-min 1.5 --distance-max 1.5 --distance-step 1.5 --strategy zenjxl --corpus-manifest benchmarks/corpora/w44_170_varied_corpus.tsv
3637739	cid22	512	512	zenjxl	7	1.7500	28383	27393	82.9544	83.7393	1.869882	1.927522	309.396	493.557	3.614	-0.7848	-2.990	-37.313	OK	89e3c405809a53c2872179d05bda80a69503b2fb	cargo run -p jxl-encoder --release --features 'parallel butteraugli-loop ssim2-loop' --example w44_170_cjxl_step025_sweep -- --image 3637739 --effort 7 --distance-min 1.75 --distance-max 1.75 --distance-step 1.75 --strategy zenjxl --corpus-manifest benchmarks/corpora/w44_170_varied_corpus.tsv
3637739	cid22	512	512	zenjxl	7	2.0000	26331	25264	81.4172	82.5157	1.942610	1.814356	339.831	425.530	4.223	-1.0985	7.069	-20.139	OK	89e3c405809a53c2872179d05bda80a69503b2fb	cargo run -p jxl-encoder --release --features 'parallel butteraugli-loop ssim2-loop' --example w44_170_cjxl_step025_sweep -- --image 3637739 --effort 7 --distance-min 2 --distance-max 2 --distance-step 2 --strategy zenjxl --corpus-manifest benchmarks/corpora/w44_170_varied_corpus.tsv
3637739	cid22	512	512	zenjxl	7	2.2500	24349	23456	80.3069	81.5302	2.404298	2.315624	327.569	631.760	3.807	-1.2233	3.829	-48.150	OK	89e3c405809a53c2872179d05bda80a69503b2fb	cargo run -p jxl-encoder --release --features 'parallel butteraugli-loop ssim2-loop' --example w44_170_cjxl_step025_sweep -- --image 3637739 --effort 7 --distance-min 2.25 --distance-max 2.25 --distance-step 2.25 --strategy zenjxl --corpus-manifest benchmarks/corpora/w44_170_varied_corpus.tsv
3637739	cid22	512	512	zenjxl	7	2.5000	22686	21765	78.5755	80.1076	2.343570	2.404877	304.123	461.740	4.232	-1.5321	-2.549	-34.135	OK	89e3c405809a53c2872179d05bda80a69503b2fb	cargo run -p jxl-encoder --release --features 'parallel butteraugli-loop ssim2-loop' --example w44_170_cjxl_step025_sweep -- --image 3637739 --effort 7 --distance-min 2.5 --distance-max 2.5 --distance-step 2.5 --strategy zenjxl --corpus-manifest benchmarks/corpora/w44_170_varied_corpus.tsv
3637739	cid22	512	512	zenjxl	7	2.7500	21478	20490	77.0785	78.8029	2.471603	2.467355	297.895	510.335	4.822	-1.7243	0.172	-41.628	OK	89e3c405809a53c2872179d05bda80a69503b2fb	cargo run -p jxl-encoder --release --features 'parallel butteraugli-loop ssim2-loop' --example w44_170_cjxl_step025_sweep -- --image 3637739 --effort 7 --distance-min 2.75 --distance-max 2.75 --distance-step 2.75 --strategy zenjxl --corpus-manifest benchmarks/corpora/w44_170_varied_corpus.tsv
3637739	cid22	512	512	zenjxl	7	3.0000	20415	19421	75.7251	77.6955	2.893162	2.847703	356.095	510.112	5.118	-1.9704	1.596	-30.193	OK	89e3c405809a53c2872179d05bda80a69503b2fb	cargo run -p jxl-encoder --release --features 'parallel butteraugli-loop ssim2-loop' --example w44_170_cjxl_step025_sweep -- --image 3637739 --effort 7 --distance-min 3 --distance-max 3 --distance-step 3 --strategy zenjxl --corpus-manifest benchmarks/corpora/w44_170_varied_corpus.tsv
3637739	cid22	512	512	zenjxl	7	3.2500	19305	18484	74.2978	76.5216	2.945012	2.924309	299.797	644.019	4.442	-2.2237	0.708	-53.449	OK	89e3c405809a53c2872179d05bda80a69503b2fb	cargo run -p jxl-encoder --release --features 'parallel butteraugli-loop ssim2-loop' --example w44_170_cjxl_step025_sweep -- --image 3637739 --effort 7 --distance-min 3.25 --distance-max 3.25 --distance-step 3.25 --strategy zenjxl --corpus-manifest benchmarks/corpora/w44_170_varied_corpus.tsv
3637739	cid22	512	512	zenjxl	7	3.5000	18649	17548	72.3052	74.8284	3.338299	3.086510	344.707	549.346	6.274	-2.5232	8.158	-37.251	OK	89e3c405809a53c2872179d05bda80a69503b2fb	cargo run -p jxl-encoder --release --features 'parallel butteraugli-loop ssim2-loop' --example w44_170_cjxl_step025_sweep -- --image 3637739 --effort 7 --distance-min 3.5 --distance-max 3.5 --distance-step 3.5 --strategy zenjxl --corpus-manifest benchmarks/corpora/w44_170_varied_corpus.tsv
3637739	cid22	512	512	zenjxl	7	3.7500	17685	16784	71.1862	73.7521	3.511586	3.471120	332.802	526.266	5.368	-2.5659	1.166	-36.762	OK	89e3c405809a53c2872179d05bda80a69503b2fb	cargo run -p jxl-encoder --release --features 'parallel butteraugli-loop ssim2-loop' --example w44_170_cjxl_step025_sweep -- --image 3637739 --effort 7 --distance-min 3.75 --distance-max 3.75 --distance-step 3.75 --strategy zenjxl --corpus-manifest benchmarks/corpora/w44_170_varied_corpus.tsv
3637739	cid22	512	512	zenjxl	7	4.0000	17337	16318	70.0925	72.4672	3.801817	3.947332	484.866	594.208	6.245	-2.3747	-3.686	-18.401	OK	89e3c405809a53c2872179d05bda80a69503b2fb	cargo run -p jxl-encoder --release --features 'parallel butteraugli-loop ssim2-loop' --example w44_170_cjxl_step025_sweep -- --image 3637739 --effort 7 --distance-min 4 --distance-max 4 --distance-step 4 --strategy zenjxl --corpus-manifest benchmarks/corpora/w44_170_varied_corpus.tsv
3637739	cid22	512	512	zenjxl	7	4.2500	16757	15990	68.7014	71.1485	3.993375	3.928984	351.594	459.070	4.797	-2.4472	1.639	-23.412	OK	89e3c405809a53c2872179d05bda80a69503b2fb	cargo run -p jxl-encoder --release --features 'parallel butteraugli-loop ssim2-loop' --example w44_170_cjxl_step025_sweep -- --image 3637739 --effort 7 --distance-min 4.25 --distance-max 4.25 --distance-step 4.25 --strategy zenjxl --corpus-manifest benchmarks/corpora/w44_170_varied_corpus.tsv
3637739	cid22	512	512	zenjxl	7	4.5000	16212	15376	67.6607	70.4957	4.197683	4.211363	471.628	808.346	5.437	-2.8349	-0.325	-41.655	OK	89e3c405809a53c2872179d05bda80a69503b2fb	cargo run -p jxl-encoder --release --features 'parallel butteraugli-loop ssim2-loop' --example w44_170_cjxl_step025_sweep -- --image 3637739 --effort 7 --distance-min 4.5 --distance-max 4.5 --distance-step 4.5 --strategy zenjxl --corpus-manifest benchmarks/corpora/w44_170_varied_corpus.tsv
3637739	cid22	512	512	zenjxl	7	4.7500	15354	14466	66.1869	69.5524	4.209301	4.196516	341.724	423.277	6.139	-3.3655	0.305	-19.267	OK	89e3c405809a53c2872179d05bda80a69503b2fb	cargo run -p jxl-encoder --release --features 'parallel butteraugli-loop ssim2-loop' --example w44_170_cjxl_step025_sweep -- --image 3637739 --effort 7 --distance-min 4.75 --distance-max 4.75 --distance-step 4.75 --strategy zenjxl --corpus-manifest benchmarks/corpora/w44_170_varied_corpus.tsv
3637739	cid22	512	512	zenjxl	7	5.0000	14733	14079	65.7285	68.5926	4.682621	4.687177	319.447	433.537	4.645	-2.8641	-0.097	-26.316	OK	89e3c405809a53c2872179d05bda80a69503b2fb	cargo run -p jxl-encoder --release --features 'parallel butteraugli-loop ssim2-loop' --example w44_170_cjxl_step025_sweep -- --image 3637739 --effort 7 --distance-min 5 --distance-max 5 --distance-step 5 --strategy zenjxl --corpus-manifest benchmarks/corpora/w44_170_varied_corpus.tsv
3637739	cid22	512	512	zenjxl	8	0.2500	101156	101468	94.1087	94.2569	0.324052	0.331712	1185.783	1732.028	-0.307	-0.1482	-2.309	-31.538	OK	89e3c405809a53c2872179d05bda80a69503b2fb	cargo run -p jxl-encoder --release --features 'parallel butteraugli-loop ssim2-loop' --example w44_170_cjxl_step025_sweep -- --image 3637739 --effort 8 --distance-min 0.25 --distance-max 0.25 --distance-step 0.25 --strategy zenjxl --corpus-manifest benchmarks/corpora/w44_170_varied_corpus.tsv
3637739	cid22	512	512	zenjxl	8	0.5000	64566	64546	91.9007	92.1639	0.638945	0.714547	1284.304	1466.317	0.031	-0.2632	-10.580	-12.413	OK	89e3c405809a53c2872179d05bda80a69503b2fb	cargo run -p jxl-encoder --release --features 'parallel butteraugli-loop ssim2-loop' --example w44_170_cjxl_step025_sweep -- --image 3637739 --effort 8 --distance-min 0.5 --distance-max 0.5 --distance-step 0.5 --strategy zenjxl --corpus-manifest benchmarks/corpora/w44_170_varied_corpus.tsv
3637739	cid22	512	512	zenjxl	8	0.7500	47733	47865	89.9559	90.2306	0.921537	0.891035	1149.776	1377.995	-0.276	-0.2747	3.423	-16.562	OK	89e3c405809a53c2872179d05bda80a69503b2fb	cargo run -p jxl-encoder --release --features 'parallel butteraugli-loop ssim2-loop' --example w44_170_cjxl_step025_sweep -- --image 3637739 --effort 8 --distance-min 0.75 --distance-max 0.75 --distance-step 0.75 --strategy zenjxl --corpus-manifest benchmarks/corpora/w44_170_varied_corpus.tsv
3637739	cid22	512	512	zenjxl	8	1.0000	38704	38552	87.6265	88.1775	1.371379	1.219797	1507.430	1844.287	0.394	-0.5509	12.427	-18.265	OK	89e3c405809a53c2872179d05bda80a69503b2fb	cargo run -p jxl-encoder --release --features 'parallel butteraugli-loop ssim2-loop' --example w44_170_cjxl_step025_sweep -- --image 3637739 --effort 8 --distance-min 1 --distance-max 1 --distance-step 1 --strategy zenjxl --corpus-manifest benchmarks/corpora/w44_170_varied_corpus.tsv
3637739	cid22	512	512	zenjxl	8	1.2500	33160	32863	85.7923	86.4372	1.513255	1.452852	1577.242	1442.368	0.904	-0.6449	4.158	9.351	OK	89e3c405809a53c2872179d05bda80a69503b2fb	cargo run -p jxl-encoder --release --features 'parallel butteraugli-loop ssim2-loop' --example w44_170_cjxl_step025_sweep -- --image 3637739 --effort 8 --distance-min 1.25 --distance-max 1.25 --distance-step 1.25 --strategy zenjxl --corpus-manifest benchmarks/corpora/w44_170_varied_corpus.tsv
3637739	cid22	512	512	zenjxl	8	1.5000	29352	29108	84.2414	84.7579	1.584139	1.594876	1246.175	1763.689	0.838	-0.5165	-0.673	-29.343	OK	89e3c405809a53c2872179d05bda80a69503b2fb	cargo run -p jxl-encoder --release --features 'parallel butteraugli-loop ssim2-loop' --example w44_170_cjxl_step025_sweep -- --image 3637739 --effort 8 --distance-min 1.5 --distance-max 1.5 --distance-step 1.5 --strategy zenjxl --corpus-manifest benchmarks/corpora/w44_170_varied_corpus.tsv
3637739	cid22	512	512	zenjxl	8	1.7500	26496	25974	82.7395	83.2785	1.835198	1.884408	1706.073	1800.617	2.010	-0.5390	-2.611	-5.251	OK	89e3c405809a53c2872179d05bda80a69503b2fb	cargo run -p jxl-encoder --release --features 'parallel butteraugli-loop ssim2-loop' --example w44_170_cjxl_step025_sweep -- --image 3637739 --effort 8 --distance-min 1.75 --distance-max 1.75 --distance-step 1.75 --strategy zenjxl --corpus-manifest benchmarks/corpora/w44_170_varied_corpus.tsv
3637739	cid22	512	512	zenjxl	8	2.0000	24587	23916	81.2281	82.1603	2.105316	2.021725	1371.510	1241.885	2.806	-0.9322	4.135	10.438	OK	89e3c405809a53c2872179d05bda80a69503b2fb	cargo run -p jxl-encoder --release --features 'parallel butteraugli-loop ssim2-loop' --example w44_170_cjxl_step025_sweep -- --image 3637739 --effort 8 --distance-min 2 --distance-max 2 --distance-step 2 --strategy zenjxl --corpus-manifest benchmarks/corpora/w44_170_varied_corpus.tsv
3637739	cid22	512	512	zenjxl	8	2.2500	22213	22050	79.4734	80.5760	2.214377	2.296688	1180.275	1642.311	0.739	-1.1026	-3.584	-28.133	OK	89e3c405809a53c2872179d05bda80a69503b2fb	cargo run -p jxl-encoder --release --features 'parallel butteraugli-loop ssim2-loop' --example w44_170_cjxl_step025_sweep -- --image 3637739 --effort 8 --distance-min 2.25 --distance-max 2.25 --distance-step 2.25 --strategy zenjxl --corpus-manifest benchmarks/corpora/w44_170_varied_corpus.tsv
3637739	cid22	512	512	zenjxl	8	2.5000	20851	20354	77.6907	79.4190	2.531050	2.613998	1094.681	1854.185	2.442	-1.7283	-3.173	-40.962	OK	89e3c405809a53c2872179d05bda80a69503b2fb	cargo run -p jxl-encoder --release --features 'parallel butteraugli-loop ssim2-loop' --example w44_170_cjxl_step025_sweep -- --image 3637739 --effort 8 --distance-min 2.5 --distance-max 2.5 --distance-step 2.5 --strategy zenjxl --corpus-manifest benchmarks/corpora/w44_170_varied_corpus.tsv
3637739	cid22	512	512	zenjxl	8	2.7500	19672	19168	76.2767	77.9127	2.742962	2.858661	1321.124	1638.995	2.629	-1.6360	-4.047	-19.394	OK	89e3c405809a53c2872179d05bda80a69503b2fb	cargo run -p jxl-encoder --release --features 'parallel butteraugli-loop ssim2-loop' --example w44_170_cjxl_step025_sweep -- --image 3637739 --effort 8 --distance-min 2.75 --distance-max 2.75 --distance-step 2.75 --strategy zenjxl --corpus-manifest benchmarks/corpora/w44_170_varied_corpus.tsv
3637739	cid22	512	512	zenjxl	8	3.0000	18613	18088	74.7081	76.7201	2.834216	2.944096	1697.565	1800.963	2.902	-2.0121	-3.732	-5.741	OK	89e3c405809a53c2872179d05bda80a69503b2fb	cargo run -p jxl-encoder --release --features 'parallel butteraugli-loop ssim2-loop' --example w44_170_cjxl_step025_sweep -- --image 3637739 --effort 8 --distance-min 3 --distance-max 3 --distance-step 3 --strategy zenjxl --corpus-manifest benchmarks/corpora/w44_170_varied_corpus.tsv
3637739	cid22	512	512	zenjxl	8	3.2500	17592	17200	73.1636	75.3560	2.996202	2.966443	1952.737	1781.337	2.279	-2.1924	1.003	9.622	OK	89e3c405809a53c2872179d05bda80a69503b2fb	cargo run -p jxl-encoder --release --features 'parallel butteraugli-loop ssim2-loop' --example w44_170_cjxl_step025_sweep -- --image 3637739 --effort 8 --distance-min 3.25 --distance-max 3.25 --distance-step 3.25 --strategy zenjxl --corpus-manifest benchmarks/corpora/w44_170_varied_corpus.tsv
3637739	cid22	512	512	zenjxl	8	3.5000	16723	16273	71.1344	73.7097	3.282278	3.212885	1544.494	1415.431	2.765	-2.5753	2.160	9.118	OK	89e3c405809a53c2872179d05bda80a69503b2fb	cargo run -p jxl-encoder --release --features 'parallel butteraugli-loop ssim2-loop' --example w44_170_cjxl_step025_sweep -- --image 3637739 --effort 8 --distance-min 3.5 --distance-max 3.5 --distance-step 3.5 --strategy zenjxl --corpus-manifest benchmarks/corpora/w44_170_varied_corpus.tsv
3637739	cid22	512	512	zenjxl	8	3.7500	15886	15536	69.8752	72.3568	3.613926	3.661701	1710.130	1924.392	2.253	-2.4816	-1.305	-11.134	OK	89e3c405809a53c2872179d05bda80a69503b2fb	cargo run -p jxl-encoder --release --features 'parallel butteraugli-loop ssim2-loop' --example w44_170_cjxl_step025_sweep -- --image 3637739 --effort 8 --distance-min 3.75 --distance-max 3.75 --distance-step 3.75 --strategy zenjxl --corpus-manifest benchmarks/corpora/w44_170_varied_corpus.tsv
3637739	cid22	512	512	zenjxl	8	4.0000	15516	15004	68.7254	71.1017	4.355218	3.635713	1629.673	1664.770	3.412	-2.3763	19.790	-2.108	OK	89e3c405809a53c2872179d05bda80a69503b2fb	cargo run -p jxl-encoder --release --features 'parallel butteraugli-loop ssim2-loop' --example w44_170_cjxl_step025_sweep -- --image 3637739 --effort 8 --distance-min 4 --distance-max 4 --distance-step 4 --strategy zenjxl --corpus-manifest benchmarks/corpora/w44_170_varied_corpus.tsv
3637739	cid22	512	512	zenjxl	8	4.2500	14982	14604	67.6282	69.7270	4.651623	3.993935	1548.586	1376.533	2.588	-2.0988	16.467	12.499	OK	89e3c405809a53c2872179d05bda80a69503b2fb	cargo run -p jxl-encoder --release --features 'parallel butteraugli-loop ssim2-loop' --example w44_170_cjxl_step025_sweep -- --image 3637739 --effort 8 --distance-min 4.25 --distance-max 4.25 --distance-step 4.25 --strategy zenjxl --corpus-manifest benchmarks/corpora/w44_170_varied_corpus.tsv
3637739	cid22	512	512	zenjxl	8	4.5000	14474	14132	66.1467	69.0020	4.789972	5.081542	1835.847	1686.721	2.420	-2.8554	-5.738	8.841	OK	89e3c405809a53c2872179d05bda80a69503b2fb	cargo run -p jxl-encoder --release --features 'parallel butteraugli-loop ssim2-loop' --example w44_170_cjxl_step025_sweep -- --image 3637739 --effort 8 --distance-min 4.5 --distance-max 4.5 --distance-step 4.5 --strategy zenjxl --corpus-manifest benchmarks/corpora/w44_170_varied_corpus.tsv
3637739	cid22	512	512	zenjxl	8	4.7500	13577	13275	65.1190	67.7526	4.529459	4.469616	2198.007	1950.820	2.275	-2.6336	1.339	12.671	OK	89e3c405809a53c2872179d05bda80a69503b2fb	cargo run -p jxl-encoder --release --features 'parallel butteraugli-loop ssim2-loop' --example w44_170_cjxl_step025_sweep -- --image 3637739 --effort 8 --distance-min 4.75 --distance-max 4.75 --distance-step 4.75 --strategy zenjxl --corpus-manifest benchmarks/corpora/w44_170_varied_corpus.tsv
3637739	cid22	512	512	zenjxl	8	5.0000	13055	12787	64.0800	66.9491	4.884934	4.610849	1305.350	1567.318	2.096	-2.8691	5.944	-16.714	OK	89e3c405809a53c2872179d05bda80a69503b2fb	cargo run -p jxl-encoder --release --features 'parallel butteraugli-loop ssim2-loop' --example w44_170_cjxl_step025_sweep -- --image 3637739 --effort 8 --distance-min 5 --distance-max 5 --distance-step 5 --strategy zenjxl --corpus-manifest benchmarks/corpora/w44_170_varied_corpus.tsv
3637739	cid22	512	512	zenjxl	9	0.2500	102889	102289	94.1872	94.2927	0.318093	0.329326	2658.598	2461.561	0.587	-0.1055	-3.411	8.005	OK	89e3c405809a53c2872179d05bda80a69503b2fb	cargo run -p jxl-encoder --release --features 'parallel butteraugli-loop ssim2-loop' --example w44_170_cjxl_step025_sweep -- --image 3637739 --effort 9 --distance-min 0.25 --distance-max 0.25 --distance-step 0.25 --strategy zenjxl --corpus-manifest benchmarks/corpora/w44_170_varied_corpus.tsv
3637739	cid22	512	512	zenjxl	9	0.5000	65554	64697	92.0066	92.2252	0.596293	0.587751	1756.392	2349.197	1.325	-0.2186	1.453	-25.234	OK	89e3c405809a53c2872179d05bda80a69503b2fb	cargo run -p jxl-encoder --release --features 'parallel butteraugli-loop ssim2-loop' --example w44_170_cjxl_step025_sweep -- --image 3637739 --effort 9 --distance-min 0.5 --distance-max 0.5 --distance-step 0.5 --strategy zenjxl --corpus-manifest benchmarks/corpora/w44_170_varied_corpus.tsv
3637739	cid22	512	512	zenjxl	9	0.7500	48483	47748	89.9628	90.2576	0.924576	0.885596	1780.639	2509.046	1.539	-0.2948	4.402	-29.031	OK	89e3c405809a53c2872179d05bda80a69503b2fb	cargo run -p jxl-encoder --release --features 'parallel butteraugli-loop ssim2-loop' --example w44_170_cjxl_step025_sweep -- --image 3637739 --effort 9 --distance-min 0.75 --distance-max 0.75 --distance-step 0.75 --strategy zenjxl --corpus-manifest benchmarks/corpora/w44_170_varied_corpus.tsv
3637739	cid22	512	512	zenjxl	9	1.0000	39461	38468	87.8747	88.2989	1.211111	1.224739	2385.360	2207.940	2.581	-0.4242	-1.113	8.036	OK	89e3c405809a53c2872179d05bda80a69503b2fb	cargo run -p jxl-encoder --release --features 'parallel butteraugli-loop ssim2-loop' --example w44_170_cjxl_step025_sweep -- --image 3637739 --effort 9 --distance-min 1 --distance-max 1 --distance-step 1 --strategy zenjxl --corpus-manifest benchmarks/corpora/w44_170_varied_corpus.tsv
3637739	cid22	512	512	zenjxl	9	1.2500	33593	32769	85.8341	86.4165	1.532739	1.465111	1971.656	1946.775	2.515	-0.5824	4.616	1.278	OK	89e3c405809a53c2872179d05bda80a69503b2fb	cargo run -p jxl-encoder --release --features 'parallel butteraugli-loop ssim2-loop' --example w44_170_cjxl_step025_sweep -- --image 3637739 --effort 9 --distance-min 1.25 --distance-max 1.25 --distance-step 1.25 --strategy zenjxl --corpus-manifest benchmarks/corpora/w44_170_varied_corpus.tsv
3637739	cid22	512	512	zenjxl	9	1.5000	29850	29002	84.2425	84.7596	1.584139	1.594876	1813.442	2446.534	2.924	-0.5171	-0.673	-25.877	OK	89e3c405809a53c2872179d05bda80a69503b2fb	cargo run -p jxl-encoder --release --features 'parallel butteraugli-loop ssim2-loop' --example w44_170_cjxl_step025_sweep -- --image 3637739 --effort 9 --distance-min 1.5 --distance-max 1.5 --distance-step 1.5 --strategy zenjxl --corpus-manifest benchmarks/corpora/w44_170_varied_corpus.tsv
3637739	cid22	512	512	zenjxl	9	1.7500	26775	25825	82.7435	83.5083	1.731515	1.711760	1922.738	2507.604	3.679	-0.7648	1.154	-23.324	OK	89e3c405809a53c2872179d05bda80a69503b2fb	cargo run -p jxl-encoder --release --features 'parallel butteraugli-loop ssim2-loop' --example w44_170_cjxl_step025_sweep -- --image 3637739 --effort 9 --distance-min 1.75 --distance-max 1.75 --distance-step 1.75 --strategy zenjxl --corpus-manifest benchmarks/corpora/w44_170_varied_corpus.tsv
3637739	cid22	512	512	zenjxl	9	2.0000	24997	23853	81.2199	82.1570	1.993414	1.908254	1617.744	1903.463	4.796	-0.9371	4.463	-15.010	OK	89e3c405809a53c2872179d05bda80a69503b2fb	cargo run -p jxl-encoder --release --features 'parallel butteraugli-loop ssim2-loop' --example w44_170_cjxl_step025_sweep -- --image 3637739 --effort 9 --distance-min 2 --distance-max 2 --distance-step 2 --strategy zenjxl --corpus-manifest benchmarks/corpora/w44_170_varied_corpus.tsv
3637739	cid22	512	512	zenjxl	9	2.2500	22519	21991	79.4734	80.5760	2.214377	2.296688	1804.069	2073.920	2.401	-1.1026	-3.584	-13.012	OK	89e3c405809a53c2872179d05bda80a69503b2fb	cargo run -p jxl-encoder --release --features 'parallel butteraugli-loop ssim2-loop' --example w44_170_cjxl_step025_sweep -- --image 3637739 --effort 9 --distance-min 2.25 --distance-max 2.25 --distance-step 2.25 --strategy zenjxl --corpus-manifest benchmarks/corpora/w44_170_varied_corpus.tsv
3637739	cid22	512	512	zenjxl	9	2.5000	21113	20307	77.6907	79.4298	2.531050	2.334373	2135.431	2055.606	3.969	-1.7391	8.425	3.883	OK	89e3c405809a53c2872179d05bda80a69503b2fb	cargo run -p jxl-encoder --release --features 'parallel butteraugli-loop ssim2-loop' --example w44_170_cjxl_step025_sweep -- --image 3637739 --effort 9 --distance-min 2.5 --distance-max 2.5 --distance-step 2.5 --strategy zenjxl --corpus-manifest benchmarks/corpora/w44_170_varied_corpus.tsv
3637739	cid22	512	512	zenjxl	9	2.7500	19859	19126	76.2767	77.9127	2.742962	2.858661	1621.325	1832.414	3.832	-1.6360	-4.047	-11.520	OK	89e3c405809a53c2872179d05bda80a69503b2fb	cargo run -p jxl-encoder --release --features 'parallel butteraugli-loop ssim2-loop' --example w44_170_cjxl_step025_sweep -- --image 3637739 --effort 9 --distance-min 2.75 --distance-max 2.75 --distance-step 2.75 --strategy zenjxl --corpus-manifest benchmarks/corpora/w44_170_varied_corpus.tsv
3637739	cid22	512	512	zenjxl	9	3.0000	18857	18056	74.7081	76.7266	2.834216	2.944096	1951.000	1957.116	4.436	-2.0185	-3.732	-0.313	OK	89e3c405809a53c2872179d05bda80a69503b2fb	cargo run -p jxl-encoder --release --features 'parallel butteraugli-loop ssim2-loop' --example w44_170_cjxl_step025_sweep -- --image 3637739 --effort 9 --distance-min 3 --distance-max 3 --distance-step 3 --strategy zenjxl --corpus-manifest benchmarks/corpora/w44_170_varied_corpus.tsv
3637739	cid22	512	512	zenjxl	9	3.2500	17804	17149	73.1636	75.3635	2.996202	2.966443	1727.526	2335.884	3.819	-2.1998	1.003	-26.044	OK	89e3c405809a53c2872179d05bda80a69503b2fb	cargo run -p jxl-encoder --release --features 'parallel butteraugli-loop ssim2-loop' --example w44_170_cjxl_step025_sweep -- --image 3637739 --effort 9 --distance-min 3.25 --distance-max 3.25 --distance-step 3.25 --strategy zenjxl --corpus-manifest benchmarks/corpora/w44_170_varied_corpus.tsv
3637739	cid22	512	512	zenjxl	9	3.5000	16889	16242	71.1344	73.7083	3.282278	3.212885	1749.161	2480.352	3.983	-2.5738	2.160	-29.479	OK	89e3c405809a53c2872179d05bda80a69503b2fb	cargo run -p jxl-encoder --release --features 'parallel butteraugli-loop ssim2-loop' --example w44_170_cjxl_step025_sweep -- --image 3637739 --effort 9 --distance-min 3.5 --distance-max 3.5 --distance-step 3.5 --strategy zenjxl --corpus-manifest benchmarks/corpora/w44_170_varied_corpus.tsv
3637739	cid22	512	512	zenjxl	9	3.7500	16076	15475	69.8752	72.3489	3.613926	3.661701	1841.224	2439.001	3.884	-2.4737	-1.305	-24.509	OK	89e3c405809a53c2872179d05bda80a69503b2fb	cargo run -p jxl-encoder --release --features 'parallel butteraugli-loop ssim2-loop' --example w44_170_cjxl_step025_sweep -- --image 3637739 --effort 9 --distance-min 3.75 --distance-max 3.75 --distance-step 3.75 --strategy zenjxl --corpus-manifest benchmarks/corpora/w44_170_varied_corpus.tsv
3637739	cid22	512	512	zenjxl	9	4.0000	15688	14923	68.7254	71.0985	4.355218	3.635713	2773.368	2826.543	5.126	-2.3731	19.790	-1.881	OK	89e3c405809a53c2872179d05bda80a69503b2fb	cargo run -p jxl-encoder --release --features 'parallel butteraugli-loop ssim2-loop' --example w44_170_cjxl_step025_sweep -- --image 3637739 --effort 9 --distance-min 4 --distance-max 4 --distance-step 4 --strategy zenjxl --corpus-manifest benchmarks/corpora/w44_170_varied_corpus.tsv
3637739	cid22	512	512	zenjxl	9	4.2500	15181	14547	67.6282	69.7298	4.651623	3.993935	2526.017	2442.221	4.358	-2.1016	16.467	3.431	OK	89e3c405809a53c2872179d05bda80a69503b2fb	cargo run -p jxl-encoder --release --features 'parallel butteraugli-loop ssim2-loop' --example w44_170_cjxl_step025_sweep -- --image 3637739 --effort 9 --distance-min 4.25 --distance-max 4.25 --distance-step 4.25 --strategy zenjxl --corpus-manifest benchmarks/corpora/w44_170_varied_corpus.tsv
3637739	cid22	512	512	zenjxl	9	4.5000	14620	14059	66.1467	69.0020	4.789972	5.081542	3326.833	2387.138	3.990	-2.8554	-5.738	39.365	OK	89e3c405809a53c2872179d05bda80a69503b2fb	cargo run -p jxl-encoder --release --features 'parallel butteraugli-loop ssim2-loop' --example w44_170_cjxl_step025_sweep -- --image 3637739 --effort 9 --distance-min 4.5 --distance-max 4.5 --distance-step 4.5 --strategy zenjxl --corpus-manifest benchmarks/corpora/w44_170_varied_corpus.tsv
3637739	cid22	512	512	zenjxl	9	4.7500	13700	13196	65.1190	67.7607	4.529459	4.469616	2197.280	2029.958	3.819	-2.6417	1.339	8.243	OK	89e3c405809a53c2872179d05bda80a69503b2fb	cargo run -p jxl-encoder --release --features 'parallel butteraugli-loop ssim2-loop' --example w44_170_cjxl_step025_sweep -- --image 3637739 --effort 9 --distance-min 4.75 --distance-max 4.75 --distance-step 4.75 --strategy zenjxl --corpus-manifest benchmarks/corpora/w44_170_varied_corpus.tsv
3637739	cid22	512	512	zenjxl	9	5.0000	13181	12738	64.0800	66.9456	4.884934	4.610849	2624.904	2604.615	3.478	-2.8655	5.944	0.779	OK	89e3c405809a53c2872179d05bda80a69503b2fb	cargo run -p jxl-encoder --release --features 'parallel butteraugli-loop ssim2-loop' --example w44_170_cjxl_step025_sweep -- --image 3637739 --effort 9 --distance-min 5 --distance-max 5 --distance-step 5 --strategy zenjxl --corpus-manifest benchmarks/corpora/w44_170_varied_corpus.tsv
7062219	cid22	512	512	zenjxl	5	0.2500	165296	164595	94.5804	94.2367	0.522832	0.560585	217.096	303.218	0.426	0.3437	-6.735	-28.402	OK	89e3c405809a53c2872179d05bda80a69503b2fb	cargo run -p jxl-encoder --release --features 'parallel butteraugli-loop ssim2-loop' --example w44_170_cjxl_step025_sweep -- --image 7062219 --effort 5 --distance-min 0.25 --distance-max 0.25 --distance-step 0.25 --strategy zenjxl --corpus-manifest benchmarks/corpora/w44_170_varied_corpus.tsv
7062219	cid22	512	512	zenjxl	5	0.5000	115833	115608	91.5427	91.4081	0.971463	1.001976	209.239	323.082	0.195	0.1346	-3.045	-35.237	OK	89e3c405809a53c2872179d05bda80a69503b2fb	cargo run -p jxl-encoder --release --features 'parallel butteraugli-loop ssim2-loop' --example w44_170_cjxl_step025_sweep -- --image 7062219 --effort 5 --distance-min 0.5 --distance-max 0.5 --distance-step 0.5 --strategy zenjxl --corpus-manifest benchmarks/corpora/w44_170_varied_corpus.tsv
7062219	cid22	512	512	zenjxl	5	0.7500	89039	88508	88.7156	88.6676	1.011919	1.038406	323.629	310.635	0.600	0.0480	-2.551	4.183	OK	89e3c405809a53c2872179d05bda80a69503b2fb	cargo run -p jxl-encoder --release --features 'parallel butteraugli-loop ssim2-loop' --example w44_170_cjxl_step025_sweep -- --image 7062219 --effort 5 --distance-min 0.75 --distance-max 0.75 --distance-step 0.75 --strategy zenjxl --corpus-manifest benchmarks/corpora/w44_170_varied_corpus.tsv
7062219	cid22	512	512	zenjxl	5	1.0000	74251	73735	86.3903	86.3958	1.240418	1.231939	184.340	216.878	0.700	-0.0056	0.688	-15.003	OK	89e3c405809a53c2872179d05bda80a69503b2fb	cargo run -p jxl-encoder --release --features 'parallel butteraugli-loop ssim2-loop' --example w44_170_cjxl_step025_sweep -- --image 7062219 --effort 5 --distance-min 1 --distance-max 1 --distance-step 1 --strategy zenjxl --corpus-manifest benchmarks/corpora/w44_170_varied_corpus.tsv
7062219	cid22	512	512	zenjxl	5	1.2500	64748	63849	83.9443	83.8563	1.566715	1.563967	172.898	315.412	1.408	0.0880	0.176	-45.184	OK	89e3c405809a53c2872179d05bda80a69503b2fb	cargo run -p jxl-encoder --release --features 'parallel butteraugli-loop ssim2-loop' --example w44_170_cjxl_step025_sweep -- --image 7062219 --effort 5 --distance-min 1.25 --distance-max 1.25 --distance-step 1.25 --strategy zenjxl --corpus-manifest benchmarks/corpora/w44_170_varied_corpus.tsv
7062219	cid22	512	512	zenjxl	5	1.5000	56951	55847	81.6220	81.4777	1.720928	1.735864	139.503	301.982	1.977	0.1443	-0.860	-53.804	OK	89e3c405809a53c2872179d05bda80a69503b2fb	cargo run -p jxl-encoder --release --features 'parallel butteraugli-loop ssim2-loop' --example w44_170_cjxl_step025_sweep -- --image 7062219 --effort 5 --distance-min 1.5 --distance-max 1.5 --distance-step 1.5 --strategy zenjxl --corpus-manifest benchmarks/corpora/w44_170_varied_corpus.tsv
7062219	cid22	512	512	zenjxl	5	1.7500	51196	49782	79.3679	79.2710	2.002648	1.997518	159.799	269.486	2.840	0.0969	0.257	-40.702	OK	89e3c405809a53c2872179d05bda80a69503b2fb	cargo run -p jxl-encoder --release --features 'parallel butteraugli-loop ssim2-loop' --example w44_170_cjxl_step025_sweep -- --image 7062219 --effort 5 --distance-min 1.75 --distance-max 1.75 --distance-step 1.75 --strategy zenjxl --corpus-manifest benchmarks/corpora/w44_170_varied_corpus.tsv
7062219	cid22	512	512	zenjxl	5	2.0000	46116	44941	77.2822	77.5178	2.398548	2.410793	153.013	303.236	2.615	-0.2356	-0.508	-49.540	OK	89e3c405809a53c2872179d05bda80a69503b2fb	cargo run -p jxl-encoder --release --features 'parallel butteraugli-loop ssim2-loop' --example w44_170_cjxl_step025_sweep -- --image 7062219 --effort 5 --distance-min 2 --distance-max 2 --distance-step 2 --strategy zenjxl --corpus-manifest benchmarks/corpora/w44_170_varied_corpus.tsv
7062219	cid22	512	512	zenjxl	5	2.2500	42990	40918	75.4340	75.4735	2.551509	2.569795	145.382	259.755	5.064	-0.0395	-0.712	-44.031	OK	89e3c405809a53c2872179d05bda80a69503b2fb	cargo run -p jxl-encoder --release --features 'parallel butteraugli-loop ssim2-loop' --example w44_170_cjxl_step025_sweep -- --image 7062219 --effort 5 --distance-min 2.25 --distance-max 2.25 --distance-step 2.25 --strategy zenjxl --corpus-manifest benchmarks/corpora/w44_170_varied_corpus.tsv
7062219	cid22	512	512	zenjxl	5	2.5000	39193	37848	73.5605	73.6594	2.595682	2.673212	165.825	327.651	3.554	-0.0990	-2.900	-49.390	OK	89e3c405809a53c2872179d05bda80a69503b2fb	cargo run -p jxl-encoder --release --features 'parallel butteraugli-loop ssim2-loop' --example w44_170_cjxl_step025_sweep -- --image 7062219 --effort 5 --distance-min 2.5 --distance-max 2.5 --distance-step 2.5 --strategy zenjxl --corpus-manifest benchmarks/corpora/w44_170_varied_corpus.tsv
7062219	cid22	512	512	zenjxl	5	2.7500	37491	35747	71.7686	71.8566	2.775495	2.815608	164.499	424.279	4.879	-0.0880	-1.425	-61.229	OK	89e3c405809a53c2872179d05bda80a69503b2fb	cargo run -p jxl-encoder --release --features 'parallel butteraugli-loop ssim2-loop' --example w44_170_cjxl_step025_sweep -- --image 7062219 --effort 5 --distance-min 2.75 --distance-max 2.75 --distance-step 2.75 --strategy zenjxl --corpus-manifest benchmarks/corpora/w44_170_varied_corpus.tsv
7062219	cid22	512	512	zenjxl	5	3.0000	34851	33324	70.5733	70.2633	2.770173	3.028394	146.921	454.911	4.582	0.3100	-8.527	-67.703	OK	89e3c405809a53c2872179d05bda80a69503b2fb	cargo run -p jxl-encoder --release --features 'parallel butteraugli-loop ssim2-loop' --example w44_170_cjxl_step025_sweep -- --image 7062219 --effort 5 --distance-min 3 --distance-max 3 --distance-step 3 --strategy zenjxl --corpus-manifest benchmarks/corpora/w44_170_varied_corpus.tsv
7062219	cid22	512	512	zenjxl	5	3.2500	32647	30878	68.7601	68.5582	3.073050	3.062288	174.482	384.596	5.729	0.2019	0.351	-54.632	OK	89e3c405809a53c2872179d05bda80a69503b2fb	cargo run -p jxl-encoder --release --features 'parallel butteraugli-loop ssim2-loop' --example w44_170_cjxl_step025_sweep -- --image 7062219 --effort 5 --distance-min 3.25 --distance-max 3.25 --distance-step 3.25 --strategy zenjxl --corpus-manifest benchmarks/corpora/w44_170_varied_corpus.tsv
7062219	cid22	512	512	zenjxl	5	3.5000	30022	29327	66.9256	67.6566	4.053608	3.969712	145.672	321.197	2.370	-0.7310	2.113	-54.647	OK	89e3c405809a53c2872179d05bda80a69503b2fb	cargo run -p jxl-encoder --release --features 'parallel butteraugli-loop ssim2-loop' --example w44_170_cjxl_step025_sweep -- --image 7062219 --effort 5 --distance-min 3.5 --distance-max 3.5 --distance-step 3.5 --strategy zenjxl --corpus-manifest benchmarks/corpora/w44_170_varied_corpus.tsv
7062219	cid22	512	512	zenjxl	5	3.7500	28358	27664	65.7291	65.8824	3.658067	3.844010	143.563	232.177	2.509	-0.1533	-4.837	-38.167	OK	89e3c405809a53c2872179d05bda80a69503b2fb	cargo run -p jxl-encoder --release --features 'parallel butteraugli-loop ssim2-loop' --example w44_170_cjxl_step025_sweep -- --image 7062219 --effort 5 --distance-min 3.75 --distance-max 3.75 --distance-step 3.75 --strategy zenjxl --corpus-manifest benchmarks/corpora/w44_170_varied_corpus.tsv
7062219	cid22	512	512	zenjxl	5	4.0000	27790	26240	62.9805	63.0050	4.195814	3.863245	149.553	285.974	5.907	-0.0245	8.609	-47.704	OK	89e3c405809a53c2872179d05bda80a69503b2fb	cargo run -p jxl-encoder --release --features 'parallel butteraugli-loop ssim2-loop' --example w44_170_cjxl_step025_sweep -- --image 7062219 --effort 5 --distance-min 4 --distance-max 4 --distance-step 4 --strategy zenjxl --corpus-manifest benchmarks/corpora/w44_170_varied_corpus.tsv
7062219	cid22	512	512	zenjxl	5	4.2500	25928	25088	61.6066	61.6245	4.282700	4.312483	131.803	365.889	3.348	-0.0179	-0.691	-63.977	OK	89e3c405809a53c2872179d05bda80a69503b2fb	cargo run -p jxl-encoder --release --features 'parallel butteraugli-loop ssim2-loop' --example w44_170_cjxl_step025_sweep -- --image 7062219 --effort 5 --distance-min 4.25 --distance-max 4.25 --distance-step 4.25 --strategy zenjxl --corpus-manifest benchmarks/corpora/w44_170_varied_corpus.tsv
7062219	cid22	512	512	zenjxl	5	4.5000	24658	24029	60.1617	60.1706	4.339424	4.177778	126.558	445.345	2.618	-0.0089	3.869	-71.582	OK	89e3c405809a53c2872179d05bda80a69503b2fb	cargo run -p jxl-encoder --release --features 'parallel butteraugli-loop ssim2-loop' --example w44_170_cjxl_step025_sweep -- --image 7062219 --effort 5 --distance-min 4.5 --distance-max 4.5 --distance-step 4.5 --strategy zenjxl --corpus-manifest benchmarks/corpora/w44_170_varied_corpus.tsv
7062219	cid22	512	512	zenjxl	5	4.7500	23565	22991	58.4616	58.9266	4.142198	4.416640	179.289	514.279	2.497	-0.4649	-6.214	-65.138	OK	89e3c405809a53c2872179d05bda80a69503b2fb	cargo run -p jxl-encoder --release --features 'parallel butteraugli-loop ssim2-loop' --example w44_170_cjxl_step025_sweep -- --image 7062219 --effort 5 --distance-min 4.75 --distance-max 4.75 --distance-step 4.75 --strategy zenjxl --corpus-manifest benchmarks/corpora/w44_170_varied_corpus.tsv
7062219	cid22	512	512	zenjxl	5	5.0000	23100	22292	57.5118	57.9139	4.679599	4.797814	175.361	279.259	3.625	-0.4021	-2.464	-37.205	OK	89e3c405809a53c2872179d05bda80a69503b2fb	cargo run -p jxl-encoder --release --features 'parallel butteraugli-loop ssim2-loop' --example w44_170_cjxl_step025_sweep -- --image 7062219 --effort 5 --distance-min 5 --distance-max 5 --distance-step 5 --strategy zenjxl --corpus-manifest benchmarks/corpora/w44_170_varied_corpus.tsv
7062219	cid22	512	512	zenjxl	6	0.2500	163759	162596	94.5486	94.3304	0.522807	0.559684	302.291	460.678	0.715	0.2182	-6.589	-34.381	OK	89e3c405809a53c2872179d05bda80a69503b2fb	cargo run -p jxl-encoder --release --features 'parallel butteraugli-loop ssim2-loop' --example w44_170_cjxl_step025_sweep -- --image 7062219 --effort 6 --distance-min 0.25 --distance-max 0.25 --distance-step 0.25 --strategy zenjxl --corpus-manifest benchmarks/corpora/w44_170_varied_corpus.tsv
7062219	cid22	512	512	zenjxl	6	0.5000	114557	114211	91.5998	91.4311	0.971541	0.995940	257.005	286.586	0.303	0.1687	-2.450	-10.322	OK	89e3c405809a53c2872179d05bda80a69503b2fb	cargo run -p jxl-encoder --release --features 'parallel butteraugli-loop ssim2-loop' --example w44_170_cjxl_step025_sweep -- --image 7062219 --effort 6 --distance-min 0.5 --distance-max 0.5 --distance-step 0.5 --strategy zenjxl --corpus-manifest benchmarks/corpora/w44_170_varied_corpus.tsv
7062219	cid22	512	512	zenjxl	6	0.7500	88274	87326	88.7945	88.7058	1.011982	0.999146	400.929	499.311	1.086	0.0887	1.285	-19.703	OK	89e3c405809a53c2872179d05bda80a69503b2fb	cargo run -p jxl-encoder --release --features 'parallel butteraugli-loop ssim2-loop' --example w44_170_cjxl_step025_sweep -- --image 7062219 --effort 6 --distance-min 0.75 --distance-max 0.75 --distance-step 0.75 --strategy zenjxl --corpus-manifest benchmarks/corpora/w44_170_varied_corpus.tsv
7062219	cid22	512	512	zenjxl	6	1.0000	73690	72615	86.4660	86.2814	1.244299	1.197963	248.019	547.409	1.480	0.1847	3.868	-54.692	OK	89e3c405809a53c2872179d05bda80a69503b2fb	cargo run -p jxl-encoder --release --features 'parallel butteraugli-loop ssim2-loop' --example w44_170_cjxl_step025_sweep -- --image 7062219 --effort 6 --distance-min 1 --distance-max 1 --distance-step 1 --strategy zenjxl --corpus-manifest benchmarks/corpora/w44_170_varied_corpus.tsv
7062219	cid22	512	512	zenjxl	6	1.2500	64056	62870	84.0665	83.8835	1.591206	1.599084	330.811	370.996	1.886	0.1831	-0.493	-10.832	OK	89e3c405809a53c2872179d05bda80a69503b2fb	cargo run -p jxl-encoder --release --features 'parallel butteraugli-loop ssim2-loop' --example w44_170_cjxl_step025_sweep -- --image 7062219 --effort 6 --distance-min 1.25 --distance-max 1.25 --distance-step 1.25 --strategy zenjxl --corpus-manifest benchmarks/corpora/w44_170_varied_corpus.tsv
7062219	cid22	512	512	zenjxl	6	1.5000	56829	55523	81.9329	81.7918	1.729655	1.729972	358.597	384.796	2.352	0.1411	-0.018	-6.808	OK	89e3c405809a53c2872179d05bda80a69503b2fb	cargo run -p jxl-encoder --release --features 'parallel butteraugli-loop ssim2-loop' --example w44_170_cjxl_step025_sweep -- --image 7062219 --effort 6 --distance-min 1.5 --distance-max 1.5 --distance-step 1.5 --strategy zenjxl --corpus-manifest benchmarks/corpora/w44_170_varied_corpus.tsv
7062219	cid22	512	512	zenjxl	6	1.7500	51307	49555	79.3443	79.5150	1.961640	1.987756	308.943	361.037	3.535	-0.1708	-1.314	-14.429	OK	89e3c405809a53c2872179d05bda80a69503b2fb	cargo run -p jxl-encoder --release --features 'parallel butteraugli-loop ssim2-loop' --example w44_170_cjxl_step025_sweep -- --image 7062219 --effort 6 --distance-min 1.75 --distance-max 1.75 --distance-step 1.75 --strategy zenjxl --corpus-manifest benchmarks/corpora/w44_170_varied_corpus.tsv
7062219	cid22	512	512	zenjxl	6	2.0000	46708	45068	77.5542	77.7211	2.425856	2.383119	305.430	492.848	3.639	-0.1669	1.793	-38.027	OK	89e3c405809a53c2872179d05bda80a69503b2fb	cargo run -p jxl-encoder --release --features 'parallel butteraugli-loop ssim2-loop' --example w44_170_cjxl_step025_sweep -- --image 7062219 --effort 6 --distance-min 2 --distance-max 2 --distance-step 2 --strategy zenjxl --corpus-manifest benchmarks/corpora/w44_170_varied_corpus.tsv
7062219	cid22	512	512	zenjxl	6	2.2500	43546	41232	75.6205	75.7773	2.564344	2.464518	280.447	414.600	5.612	-0.1568	4.051	-32.357	OK	89e3c405809a53c2872179d05bda80a69503b2fb	cargo run -p jxl-encoder --release --features 'parallel butteraugli-loop ssim2-loop' --example w44_170_cjxl_step025_sweep -- --image 7062219 --effort 6 --distance-min 2.25 --distance-max 2.25 --distance-step 2.25 --strategy zenjxl --corpus-manifest benchmarks/corpora/w44_170_varied_corpus.tsv
7062219	cid22	512	512	zenjxl	6	2.5000	39390	38008	73.8748	74.2714	2.607003	2.730710	240.789	711.707	3.636	-0.3967	-4.530	-66.167	OK	89e3c405809a53c2872179d05bda80a69503b2fb	cargo run -p jxl-encoder --release --features 'parallel butteraugli-loop ssim2-loop' --example w44_170_cjxl_step025_sweep -- --image 7062219 --effort 6 --distance-min 2.5 --distance-max 2.5 --distance-step 2.5 --strategy zenjxl --corpus-manifest benchmarks/corpora/w44_170_varied_corpus.tsv
7062219	cid22	512	512	zenjxl	6	2.7500	37465	36008	71.9037	72.6452	2.766169	2.838081	258.907	439.042	4.046	-0.7416	-2.534	-41.029	OK	89e3c405809a53c2872179d05bda80a69503b2fb	cargo run -p jxl-encoder --release --features 'parallel butteraugli-loop ssim2-loop' --example w44_170_cjxl_step025_sweep -- --image 7062219 --effort 6 --distance-min 2.75 --distance-max 2.75 --distance-step 2.75 --strategy zenjxl --corpus-manifest benchmarks/corpora/w44_170_varied_corpus.tsv
7062219	cid22	512	512	zenjxl	6	3.0000	34979	33792	70.6993	71.0762	2.943341	2.941087	334.514	654.354	3.513	-0.3769	0.077	-48.879	OK	89e3c405809a53c2872179d05bda80a69503b2fb	cargo run -p jxl-encoder --release --features 'parallel butteraugli-loop ssim2-loop' --example w44_170_cjxl_step025_sweep -- --image 7062219 --effort 6 --distance-min 3 --distance-max 3 --distance-step 3 --strategy zenjxl --corpus-manifest benchmarks/corpora/w44_170_varied_corpus.tsv
7062219	cid22	512	512	zenjxl	6	3.2500	33675	31584	68.7401	69.2462	3.408383	2.994948	229.280	563.654	6.620	-0.5061	13.804	-59.322	OK	89e3c405809a53c2872179d05bda80a69503b2fb	cargo run -p jxl-encoder --release --features 'parallel butteraugli-loop ssim2-loop' --example w44_170_cjxl_step025_sweep -- --image 7062219 --effort 6 --distance-min 3.25 --distance-max 3.25 --distance-step 3.25 --strategy zenjxl --corpus-manifest benchmarks/corpora/w44_170_varied_corpus.tsv
7062219	cid22	512	512	zenjxl	6	3.5000	30978	29742	67.1188	67.7534	3.864142	3.867627	247.975	476.692	4.156	-0.6346	-0.090	-47.980	OK	89e3c405809a53c2872179d05bda80a69503b2fb	cargo run -p jxl-encoder --release --features 'parallel butteraugli-loop ssim2-loop' --example w44_170_cjxl_step025_sweep -- --image 7062219 --effort 6 --distance-min 3.5 --distance-max 3.5 --distance-step 3.5 --strategy zenjxl --corpus-manifest benchmarks/corpora/w44_170_varied_corpus.tsv
7062219	cid22	512	512	zenjxl	6	3.7500	29038	28174	65.7665	66.0847	3.572190	3.865850	264.936	397.430	3.067	-0.3182	-7.596	-33.338	OK	89e3c405809a53c2872179d05bda80a69503b2fb	cargo run -p jxl-encoder --release --features 'parallel butteraugli-loop ssim2-loop' --example w44_170_cjxl_step025_sweep -- --image 7062219 --effort 6 --distance-min 3.75 --distance-max 3.75 --distance-step 3.75 --strategy zenjxl --corpus-manifest benchmarks/corpora/w44_170_varied_corpus.tsv
7062219	cid22	512	512	zenjxl	6	4.0000	28617	27089	64.6992	64.6251	3.818655	3.852662	401.184	298.032	5.641	0.0742	-0.883	34.611	OK	89e3c405809a53c2872179d05bda80a69503b2fb	cargo run -p jxl-encoder --release --features 'parallel butteraugli-loop ssim2-loop' --example w44_170_cjxl_step025_sweep -- --image 7062219 --effort 6 --distance-min 4 --distance-max 4 --distance-step 4 --strategy zenjxl --corpus-manifest benchmarks/corpora/w44_170_varied_corpus.tsv
7062219	cid22	512	512	zenjxl	6	4.2500	26605	25726	63.2787	63.2270	4.172767	4.063662	392.563	548.433	3.417	0.0516	2.685	-28.421	OK	89e3c405809a53c2872179d05bda80a69503b2fb	cargo run -p jxl-encoder --release --features 'parallel butteraugli-loop ssim2-loop' --example w44_170_cjxl_step025_sweep -- --image 7062219 --effort 6 --distance-min 4.25 --distance-max 4.25 --distance-step 4.25 --strategy zenjxl --corpus-manifest benchmarks/corpora/w44_170_varied_corpus.tsv
7062219	cid22	512	512	zenjxl	6	4.5000	25339	24823	61.9420	62.1821	4.220362	4.081204	462.583	735.013	2.079	-0.2401	3.410	-37.065	OK	89e3c405809a53c2872179d05bda80a69503b2fb	cargo run -p jxl-encoder --release --features 'parallel butteraugli-loop ssim2-loop' --example w44_170_cjxl_step025_sweep -- --image 7062219 --effort 6 --distance-min 4.5 --distance-max 4.5 --distance-step 4.5 --strategy zenjxl --corpus-manifest benchmarks/corpora/w44_170_varied_corpus.tsv
7062219	cid22	512	512	zenjxl	6	4.7500	24053	23403	60.4041	61.0053	4.172591	4.139087	329.743	536.651	2.777	-0.6012	0.809	-38.555	OK	89e3c405809a53c2872179d05bda80a69503b2fb	cargo run -p jxl-encoder --release --features 'parallel butteraugli-loop ssim2-loop' --example w44_170_cjxl_step025_sweep -- --image 7062219 --effort 6 --distance-min 4.75 --distance-max 4.75 --distance-step 4.75 --strategy zenjxl --corpus-manifest benchmarks/corpora/w44_170_varied_corpus.tsv
7062219	cid22	512	512	zenjxl	6	5.0000	23575	22712	59.4998	60.2301	4.640811	4.877630	371.406	382.796	3.800	-0.7302	-4.855	-2.976	OK	89e3c405809a53c2872179d05bda80a69503b2fb	cargo run -p jxl-encoder --release --features 'parallel butteraugli-loop ssim2-loop' --example w44_170_cjxl_step025_sweep -- --image 7062219 --effort 6 --distance-min 5 --distance-max 5 --distance-step 5 --strategy zenjxl --corpus-manifest benchmarks/corpora/w44_170_varied_corpus.tsv
7062219	cid22	512	512	zenjxl	7	0.2500	163685	162610	94.4513	94.2307	0.522807	0.557396	419.335	400.004	0.661	0.2206	-6.206	4.833	OK	89e3c405809a53c2872179d05bda80a69503b2fb	cargo run -p jxl-encoder --release --features 'parallel butteraugli-loop ssim2-loop' --example w44_170_cjxl_step025_sweep -- --image 7062219 --effort 7 --distance-min 0.25 --distance-max 0.25 --distance-step 0.25 --strategy zenjxl --corpus-manifest benchmarks/corpora/w44_170_varied_corpus.tsv
7062219	cid22	512	512	zenjxl	7	0.5000	114529	114165	91.4708	91.3378	0.966767	0.978642	270.069	321.837	0.319	0.1330	-1.213	-16.085	OK	89e3c405809a53c2872179d05bda80a69503b2fb	cargo run -p jxl-encoder --release --features 'parallel butteraugli-loop ssim2-loop' --example w44_170_cjxl_step025_sweep -- --image 7062219 --effort 7 --distance-min 0.5 --distance-max 0.5 --distance-step 0.5 --strategy zenjxl --corpus-manifest benchmarks/corpora/w44_170_varied_corpus.tsv
7062219	cid22	512	512	zenjxl	7	0.7500	88244	87477	88.6665	88.9978	1.002093	1.060091	388.536	320.212	0.877	-0.3313	-5.471	21.337	OK	89e3c405809a53c2872179d05bda80a69503b2fb	cargo run -p jxl-encoder --release --features 'parallel butteraugli-loop ssim2-loop' --example w44_170_cjxl_step025_sweep -- --image 7062219 --effort 7 --distance-min 0.75 --distance-max 0.75 --distance-step 0.75 --strategy zenjxl --corpus-manifest benchmarks/corpora/w44_170_varied_corpus.tsv
7062219	cid22	512	512	zenjxl	7	1.0000	73728	72741	86.1033	86.3689	1.244299	1.257462	328.214	535.978	1.357	-0.2656	-1.047	-38.764	OK	89e3c405809a53c2872179d05bda80a69503b2fb	cargo run -p jxl-encoder --release --features 'parallel butteraugli-loop ssim2-loop' --example w44_170_cjxl_step025_sweep -- --image 7062219 --effort 7 --distance-min 1 --distance-max 1 --distance-step 1 --strategy zenjxl --corpus-manifest benchmarks/corpora/w44_170_varied_corpus.tsv
7062219	cid22	512	512	zenjxl	7	1.2500	64033	62971	83.9377	83.8998	1.595521	1.594871	272.275	466.886	1.686	0.0379	0.041	-41.683	OK	89e3c405809a53c2872179d05bda80a69503b2fb	cargo run -p jxl-encoder --release --features 'parallel butteraugli-loop ssim2-loop' --example w44_170_cjxl_step025_sweep -- --image 7062219 --effort 7 --distance-min 1.25 --distance-max 1.25 --distance-step 1.25 --strategy zenjxl --corpus-manifest benchmarks/corpora/w44_170_varied_corpus.tsv
7062219	cid22	512	512	zenjxl	7	1.5000	56808	55405	81.5644	81.6126	1.733674	1.793481	346.288	438.076	2.532	-0.0481	-3.335	-20.953	OK	89e3c405809a53c2872179d05bda80a69503b2fb	cargo run -p jxl-encoder --release --features 'parallel butteraugli-loop ssim2-loop' --example w44_170_cjxl_step025_sweep -- --image 7062219 --effort 7 --distance-min 1.5 --distance-max 1.5 --distance-step 1.5 --strategy zenjxl --corpus-manifest benchmarks/corpora/w44_170_varied_corpus.tsv
7062219	cid22	512	512	zenjxl	7	1.7500	51279	49671	79.2011	79.3140	1.961640	1.986588	343.210	434.210	3.237	-0.1128	-1.256	-20.957	OK	89e3c405809a53c2872179d05bda80a69503b2fb	cargo run -p jxl-encoder --release --features 'parallel butteraugli-loop ssim2-loop' --example w44_170_cjxl_step025_sweep -- --image 7062219 --effort 7 --distance-min 1.75 --distance-max 1.75 --distance-step 1.75 --strategy zenjxl --corpus-manifest benchmarks/corpora/w44_170_varied_corpus.tsv
7062219	cid22	512	512	zenjxl	7	2.0000	46762	45023	77.2711	77.7642	2.425882	2.383099	405.940	402.354	3.862	-0.4930	1.795	0.891	OK	89e3c405809a53c2872179d05bda80a69503b2fb	cargo run -p jxl-encoder --release --features 'parallel butteraugli-loop ssim2-loop' --example w44_170_cjxl_step025_sweep -- --image 7062219 --effort 7 --distance-min 2 --distance-max 2 --distance-step 2 --strategy zenjxl --corpus-manifest benchmarks/corpora/w44_170_varied_corpus.tsv
7062219	cid22	512	512	zenjxl	7	2.2500	42408	41200	75.8331	75.8751	2.610158	2.428853	431.270	744.751	2.932	-0.0419	7.465	-42.092	OK	89e3c405809a53c2872179d05bda80a69503b2fb	cargo run -p jxl-encoder --release --features 'parallel butteraugli-loop ssim2-loop' --example w44_170_cjxl_step025_sweep -- --image 7062219 --effort 7 --distance-min 2.25 --distance-max 2.25 --distance-step 2.25 --strategy zenjxl --corpus-manifest benchmarks/corpora/w44_170_varied_corpus.tsv
7062219	cid22	512	512	zenjxl	7	2.5000	39471	38064	73.7971	74.0326	2.619541	2.579695	327.948	518.859	3.696	-0.2355	1.545	-36.794	OK	89e3c405809a53c2872179d05bda80a69503b2fb	cargo run -p jxl-encoder --release --features 'parallel butteraugli-loop ssim2-loop' --example w44_170_cjxl_step025_sweep -- --image 7062219 --effort 7 --distance-min 2.5 --distance-max 2.5 --distance-step 2.5 --strategy zenjxl --corpus-manifest benchmarks/corpora/w44_170_varied_corpus.tsv
7062219	cid22	512	512	zenjxl	7	2.7500	37369	36021	72.0248	72.7888	2.766185	2.837145	311.119	706.161	3.742	-0.7639	-2.501	-55.942	OK	89e3c405809a53c2872179d05bda80a69503b2fb	cargo run -p jxl-encoder --release --features 'parallel butteraugli-loop ssim2-loop' --example w44_170_cjxl_step025_sweep -- --image 7062219 --effort 7 --distance-min 2.75 --distance-max 2.75 --distance-step 2.75 --strategy zenjxl --corpus-manifest benchmarks/corpora/w44_170_varied_corpus.tsv
7062219	cid22	512	512	zenjxl	7	3.0000	34643	33826	70.3365	70.6945	2.943313	2.940266	351.694	677.677	2.415	-0.3580	0.104	-48.103	OK	89e3c405809a53c2872179d05bda80a69503b2fb	cargo run -p jxl-encoder --release --features 'parallel butteraugli-loop ssim2-loop' --example w44_170_cjxl_step025_sweep -- --image 7062219 --effort 7 --distance-min 3 --distance-max 3 --distance-step 3 --strategy zenjxl --corpus-manifest benchmarks/corpora/w44_170_varied_corpus.tsv
7062219	cid22	512	512	zenjxl	7	3.2500	32544	31519	68.7230	69.3223	3.408383	2.994972	405.897	584.838	3.252	-0.5993	13.803	-30.597	OK	89e3c405809a53c2872179d05bda80a69503b2fb	cargo run -p jxl-encoder --release --features 'parallel butteraugli-loop ssim2-loop' --example w44_170_cjxl_step025_sweep -- --image 7062219 --effort 7 --distance-min 3.25 --distance-max 3.25 --distance-step 3.25 --strategy zenjxl --corpus-manifest benchmarks/corpora/w44_170_varied_corpus.tsv
7062219	cid22	512	512	zenjxl	7	3.5000	30297	29852	66.8829	67.7008	3.348691	3.891851	375.225	627.957	1.491	-0.8179	-13.956	-40.247	OK	89e3c405809a53c2872179d05bda80a69503b2fb	cargo run -p jxl-encoder --release --features 'parallel butteraugli-loop ssim2-loop' --example w44_170_cjxl_step025_sweep -- --image 7062219 --effort 7 --distance-min 3.5 --distance-max 3.5 --distance-step 3.5 --strategy zenjxl --corpus-manifest benchmarks/corpora/w44_170_varied_corpus.tsv
7062219	cid22	512	512	zenjxl	7	3.7500	29044	28301	65.6694	66.4845	3.789843	3.865850	405.448	608.570	2.625	-0.8150	-1.966	-33.377	OK	89e3c405809a53c2872179d05bda80a69503b2fb	cargo run -p jxl-encoder --release --features 'parallel butteraugli-loop ssim2-loop' --example w44_170_cjxl_step025_sweep -- --image 7062219 --effort 7 --distance-min 3.75 --distance-max 3.75 --distance-step 3.75 --strategy zenjxl --corpus-manifest benchmarks/corpora/w44_170_varied_corpus.tsv
7062219	cid22	512	512	zenjxl	7	4.0000	28160	27144	64.7123	65.1546	3.848334	3.852683	597.627	550.588	3.743	-0.4423	-0.113	8.543	OK	89e3c405809a53c2872179d05bda80a69503b2fb	cargo run -p jxl-encoder --release --features 'parallel butteraugli-loop ssim2-loop' --example w44_170_cjxl_step025_sweep -- --image 7062219 --effort 7 --distance-min 4 --distance-max 4 --distance-step 4 --strategy zenjxl --corpus-manifest benchmarks/corpora/w44_170_varied_corpus.tsv
7062219	cid22	512	512	zenjxl	7	4.2500	26350	25766	63.0244	63.6527	4.170466	4.063662	443.344	523.392	2.267	-0.6283	2.628	-15.294	OK	89e3c405809a53c2872179d05bda80a69503b2fb	cargo run -p jxl-encoder --release --features 'parallel butteraugli-loop ssim2-loop' --example w44_170_cjxl_step025_sweep -- --image 7062219 --effort 7 --distance-min 4.25 --distance-max 4.25 --distance-step 4.25 --strategy zenjxl --corpus-manifest benchmarks/corpora/w44_170_varied_corpus.tsv
7062219	cid22	512	512	zenjxl	7	4.5000	25240	24754	61.7324	62.3815	4.220234	3.960354	436.681	670.711	1.963	-0.6491	6.562	-34.893	OK	89e3c405809a53c2872179d05bda80a69503b2fb	cargo run -p jxl-encoder --release --features 'parallel butteraugli-loop ssim2-loop' --example w44_170_cjxl_step025_sweep -- --image 7062219 --effort 7 --distance-min 4.5 --distance-max 4.5 --distance-step 4.5 --strategy zenjxl --corpus-manifest benchmarks/corpora/w44_170_varied_corpus.tsv
7062219	cid22	512	512	zenjxl	7	4.7500	25154	23851	60.3623	61.4053	4.173705	4.139040	468.323	385.924	5.463	-1.0430	0.837	21.351	OK	89e3c405809a53c2872179d05bda80a69503b2fb	cargo run -p jxl-encoder --release --features 'parallel butteraugli-loop ssim2-loop' --example w44_170_cjxl_step025_sweep -- --image 7062219 --effort 7 --distance-min 4.75 --distance-max 4.75 --distance-step 4.75 --strategy zenjxl --corpus-manifest benchmarks/corpora/w44_170_varied_corpus.tsv
7062219	cid22	512	512	zenjxl	7	5.0000	24156	22786	59.4774	60.2764	4.549551	4.641558	347.724	455.043	6.012	-0.7991	-1.982	-23.584	OK	89e3c405809a53c2872179d05bda80a69503b2fb	cargo run -p jxl-encoder --release --features 'parallel butteraugli-loop ssim2-loop' --example w44_170_cjxl_step025_sweep -- --image 7062219 --effort 7 --distance-min 5 --distance-max 5 --distance-step 5 --strategy zenjxl --corpus-manifest benchmarks/corpora/w44_170_varied_corpus.tsv
7062219	cid22	512	512	zenjxl	8	0.2500	160828	160234	94.4220	94.3688	0.316322	0.377897	1926.073	2132.803	0.371	0.0532	-16.294	-9.693	OK	89e3c405809a53c2872179d05bda80a69503b2fb	cargo run -p jxl-encoder --release --features 'parallel butteraugli-loop ssim2-loop' --example w44_170_cjxl_step025_sweep -- --image 7062219 --effort 8 --distance-min 0.25 --distance-max 0.25 --distance-step 0.25 --strategy zenjxl --corpus-manifest benchmarks/corpora/w44_170_varied_corpus.tsv
7062219	cid22	512	512	zenjxl	8	0.5000	111628	111609	91.3339	91.3691	0.752838	0.752791	1005.513	1490.721	0.017	-0.0352	0.006	-32.549	OK	89e3c405809a53c2872179d05bda80a69503b2fb	cargo run -p jxl-encoder --release --features 'parallel butteraugli-loop ssim2-loop' --example w44_170_cjxl_step025_sweep -- --image 7062219 --effort 8 --distance-min 0.5 --distance-max 0.5 --distance-step 0.5 --strategy zenjxl --corpus-manifest benchmarks/corpora/w44_170_varied_corpus.tsv
7062219	cid22	512	512	zenjxl	8	0.7500	84146	83676	88.3788	88.4535	0.896107	0.890099	1263.556	1883.754	0.562	-0.0746	0.675	-32.924	OK	89e3c405809a53c2872179d05bda80a69503b2fb	cargo run -p jxl-encoder --release --features 'parallel butteraugli-loop ssim2-loop' --example w44_170_cjxl_step025_sweep -- --image 7062219 --effort 8 --distance-min 0.75 --distance-max 0.75 --distance-step 0.75 --strategy zenjxl --corpus-manifest benchmarks/corpora/w44_170_varied_corpus.tsv
7062219	cid22	512	512	zenjxl	8	1.0000	69848	69190	85.8593	85.8834	1.192294	1.395952	1455.537	1813.553	0.951	-0.0241	-14.589	-19.741	OK	89e3c405809a53c2872179d05bda80a69503b2fb	cargo run -p jxl-encoder --release --features 'parallel butteraugli-loop ssim2-loop' --example w44_170_cjxl_step025_sweep -- --image 7062219 --effort 8 --distance-min 1 --distance-max 1 --distance-step 1 --strategy zenjxl --corpus-manifest benchmarks/corpora/w44_170_varied_corpus.tsv
7062219	cid22	512	512	zenjxl	8	1.2500	59820	59350	83.2375	82.9012	1.401061	1.522010	1153.171	1741.210	0.792	0.3363	-7.947	-33.772	OK	89e3c405809a53c2872179d05bda80a69503b2fb	cargo run -p jxl-encoder --release --features 'parallel butteraugli-loop ssim2-loop' --example w44_170_cjxl_step025_sweep -- --image 7062219 --effort 8 --distance-min 1.25 --distance-max 1.25 --distance-step 1.25 --strategy zenjxl --corpus-manifest benchmarks/corpora/w44_170_varied_corpus.tsv
7062219	cid22	512	512	zenjxl	8	1.5000	52979	52348	80.6732	81.1094	1.757831	1.874658	1100.763	1703.852	1.205	-0.4362	-6.232	-35.396	OK	89e3c405809a53c2872179d05bda80a69503b2fb	cargo run -p jxl-encoder --release --features 'parallel butteraugli-loop ssim2-loop' --example w44_170_cjxl_step025_sweep -- --image 7062219 --effort 8 --distance-min 1.5 --distance-max 1.5 --distance-step 1.5 --strategy zenjxl --corpus-manifest benchmarks/corpora/w44_170_varied_corpus.tsv
7062219	cid22	512	512	zenjxl	8	1.7500	47613	46439	78.1345	78.7352	1.933771	1.996797	1096.156	1757.749	2.528	-0.6008	-3.156	-37.639	OK	89e3c405809a53c2872179d05bda80a69503b2fb	cargo run -p jxl-encoder --release --features 'parallel butteraugli-loop ssim2-loop' --example w44_170_cjxl_step025_sweep -- --image 7062219 --effort 8 --distance-min 1.75 --distance-max 1.75 --distance-step 1.75 --strategy zenjxl --corpus-manifest benchmarks/corpora/w44_170_varied_corpus.tsv
7062219	cid22	512	512	zenjxl	8	2.0000	42977	42037	75.9940	76.2409	2.280830	2.332092	1053.249	1442.252	2.236	-0.2470	-2.198	-26.972	OK	89e3c405809a53c2872179d05bda80a69503b2fb	cargo run -p jxl-encoder --release --features 'parallel butteraugli-loop ssim2-loop' --example w44_170_cjxl_step025_sweep -- --image 7062219 --effort 8 --distance-min 2 --distance-max 2 --distance-step 2 --strategy zenjxl --corpus-manifest benchmarks/corpora/w44_170_varied_corpus.tsv
7062219	cid22	512	512	zenjxl	8	2.2500	38731	38241	74.1836	74.1469	2.624250	2.575529	1228.074	860.875	1.281	0.0367	1.892	42.654	OK	89e3c405809a53c2872179d05bda80a69503b2fb	cargo run -p jxl-encoder --release --features 'parallel butteraugli-loop ssim2-loop' --example w44_170_cjxl_step025_sweep -- --image 7062219 --effort 8 --distance-min 2.25 --distance-max 2.25 --distance-step 2.25 --strategy zenjxl --corpus-manifest benchmarks/corpora/w44_170_varied_corpus.tsv
7062219	cid22	512	512	zenjxl	8	2.5000	36035	35158	72.2405	72.2527	2.644651	2.773414	912.315	1662.166	2.494	-0.0122	-4.643	-45.113	OK	89e3c405809a53c2872179d05bda80a69503b2fb	cargo run -p jxl-encoder --release --features 'parallel butteraugli-loop ssim2-loop' --example w44_170_cjxl_step025_sweep -- --image 7062219 --effort 8 --distance-min 2.5 --distance-max 2.5 --distance-step 2.5 --strategy zenjxl --corpus-manifest benchmarks/corpora/w44_170_varied_corpus.tsv
7062219	cid22	512	512	zenjxl	8	2.7500	33790	33139	70.5697	71.0779	2.900123	2.826485	1016.162	1489.586	1.964	-0.5082	2.605	-31.782	OK	89e3c405809a53c2872179d05bda80a69503b2fb	cargo run -p jxl-encoder --release --features 'parallel butteraugli-loop ssim2-loop' --example w44_170_cjxl_step025_sweep -- --image 7062219 --effort 8 --distance-min 2.75 --distance-max 2.75 --distance-step 2.75 --strategy zenjxl --corpus-manifest benchmarks/corpora/w44_170_varied_corpus.tsv
7062219	cid22	512	512	zenjxl	8	3.0000	31489	31206	68.7077	68.5078	3.178811	3.179493	1029.959	1917.369	0.907	0.1999	-0.021	-46.283	OK	89e3c405809a53c2872179d05bda80a69503b2fb	cargo run -p jxl-encoder --release --features 'parallel butteraugli-loop ssim2-loop' --example w44_170_cjxl_step025_sweep -- --image 7062219 --effort 8 --distance-min 3 --distance-max 3 --distance-step 3 --strategy zenjxl --corpus-manifest benchmarks/corpora/w44_170_varied_corpus.tsv
7062219	cid22	512	512	zenjxl	8	3.2500	29368	29019	66.2557	67.0814	3.495753	3.362473	1095.852	1759.902	1.203	-0.8257	3.964	-37.732	OK	89e3c405809a53c2872179d05bda80a69503b2fb	cargo run -p jxl-encoder --release --features 'parallel butteraugli-loop ssim2-loop' --example w44_170_cjxl_step025_sweep -- --image 7062219 --effort 8 --distance-min 3.25 --distance-max 3.25 --distance-step 3.25 --strategy zenjxl --corpus-manifest benchmarks/corpora/w44_170_varied_corpus.tsv
7062219	cid22	512	512	zenjxl	8	3.5000	27252	27489	65.0219	65.5702	3.656085	3.656546	1403.509	1708.623	-0.862	-0.5482	-0.013	-17.857	OK	89e3c405809a53c2872179d05bda80a69503b2fb	cargo run -p jxl-encoder --release --features 'parallel butteraugli-loop ssim2-loop' --example w44_170_cjxl_step025_sweep -- --image 7062219 --effort 8 --distance-min 3.5 --distance-max 3.5 --distance-step 3.5 --strategy zenjxl --corpus-manifest benchmarks/corpora/w44_170_varied_corpus.tsv
7062219	cid22	512	512	zenjxl	8	3.7500	26123	25940	63.7421	64.3387	3.727031	3.865564	1107.007	2021.994	0.705	-0.5966	-3.584	-45.252	OK	89e3c405809a53c2872179d05bda80a69503b2fb	cargo run -p jxl-encoder --release --features 'parallel butteraugli-loop ssim2-loop' --example w44_170_cjxl_step025_sweep -- --image 7062219 --effort 8 --distance-min 3.75 --distance-max 3.75 --distance-step 3.75 --strategy zenjxl --corpus-manifest benchmarks/corpora/w44_170_varied_corpus.tsv
7062219	cid22	512	512	zenjxl	8	4.0000	25223	24866	62.2333	62.6609	3.846520	3.820844	1192.838	1976.008	1.436	-0.4277	0.672	-39.634	OK	89e3c405809a53c2872179d05bda80a69503b2fb	cargo run -p jxl-encoder --release --features 'parallel butteraugli-loop ssim2-loop' --example w44_170_cjxl_step025_sweep -- --image 7062219 --effort 8 --distance-min 4 --distance-max 4 --distance-step 4 --strategy zenjxl --corpus-manifest benchmarks/corpora/w44_170_varied_corpus.tsv
7062219	cid22	512	512	zenjxl	8	4.2500	23599	23682	60.8039	61.0943	4.232450	4.117715	1167.765	1548.637	-0.350	-0.2904	2.786	-24.594	OK	89e3c405809a53c2872179d05bda80a69503b2fb	cargo run -p jxl-encoder --release --features 'parallel butteraugli-loop ssim2-loop' --example w44_170_cjxl_step025_sweep -- --image 7062219 --effort 8 --distance-min 4.25 --distance-max 4.25 --distance-step 4.25 --strategy zenjxl --corpus-manifest benchmarks/corpora/w44_170_varied_corpus.tsv
7062219	cid22	512	512	zenjxl	8	4.5000	22470	22644	59.1978	59.7467	4.369141	4.053864	1316.683	1856.966	-0.768	-0.5489	7.777	-29.095	OK	89e3c405809a53c2872179d05bda80a69503b2fb	cargo run -p jxl-encoder --release --features 'parallel butteraugli-loop ssim2-loop' --example w44_170_cjxl_step025_sweep -- --image 7062219 --effort 8 --distance-min 4.5 --distance-max 4.5 --distance-step 4.5 --strategy zenjxl --corpus-manifest benchmarks/corpora/w44_170_varied_corpus.tsv
7062219	cid22	512	512	zenjxl	8	4.7500	22370	21540	58.3421	59.0635	4.221971	4.264479	1064.399	1906.463	3.853	-0.7214	-0.997	-44.169	OK	89e3c405809a53c2872179d05bda80a69503b2fb	cargo run -p jxl-encoder --release --features 'parallel butteraugli-loop ssim2-loop' --example w44_170_cjxl_step025_sweep -- --image 7062219 --effort 8 --distance-min 4.75 --distance-max 4.75 --distance-step 4.75 --strategy zenjxl --corpus-manifest benchmarks/corpora/w44_170_varied_corpus.tsv
7062219	cid22	512	512	zenjxl	8	5.0000	21242	20793	56.7943	57.3567	4.682858	4.643550	941.221	1518.644	2.159	-0.5624	0.846	-38.022	OK	89e3c405809a53c2872179d05bda80a69503b2fb	cargo run -p jxl-encoder --release --features 'parallel butteraugli-loop ssim2-loop' --example w44_170_cjxl_step025_sweep -- --image 7062219 --effort 8 --distance-min 5 --distance-max 5 --distance-step 5 --strategy zenjxl --corpus-manifest benchmarks/corpora/w44_170_varied_corpus.tsv
7062219	cid22	512	512	zenjxl	9	0.2500	162853	160905	94.4297	94.4441	0.289445	0.307982	3314.484	2828.131	1.211	-0.0144	-6.019	17.197	OK	89e3c405809a53c2872179d05bda80a69503b2fb	cargo run -p jxl-encoder --release --features 'parallel butteraugli-loop ssim2-loop' --example w44_170_cjxl_step025_sweep -- --image 7062219 --effort 9 --distance-min 0.25 --distance-max 0.25 --distance-step 0.25 --strategy zenjxl --corpus-manifest benchmarks/corpora/w44_170_varied_corpus.tsv
7062219	cid22	512	512	zenjxl	9	0.5000	112924	111718	91.4179	91.3916	0.542544	0.592943	2136.549	2421.977	1.080	0.0263	-8.500	-11.785	OK	89e3c405809a53c2872179d05bda80a69503b2fb	cargo run -p jxl-encoder --release --features 'parallel butteraugli-loop ssim2-loop' --example w44_170_cjxl_step025_sweep -- --image 7062219 --effort 9 --distance-min 0.5 --distance-max 0.5 --distance-step 0.5 --strategy zenjxl --corpus-manifest benchmarks/corpora/w44_170_varied_corpus.tsv
7062219	cid22	512	512	zenjxl	9	0.7500	85430	83732	88.5494	88.4244	0.834781	0.819312	1726.796	2455.818	2.028	0.1250	1.888	-29.686	OK	89e3c405809a53c2872179d05bda80a69503b2fb	cargo run -p jxl-encoder --release --features 'parallel butteraugli-loop ssim2-loop' --example w44_170_cjxl_step025_sweep -- --image 7062219 --effort 9 --distance-min 0.75 --distance-max 0.75 --distance-step 0.75 --strategy zenjxl --corpus-manifest benchmarks/corpora/w44_170_varied_corpus.tsv
7062219	cid22	512	512	zenjxl	9	1.0000	70832	69175	85.6972	85.7501	1.066177	1.311816	2080.740	2644.880	2.395	-0.0529	-18.725	-21.330	OK	89e3c405809a53c2872179d05bda80a69503b2fb	cargo run -p jxl-encoder --release --features 'parallel butteraugli-loop ssim2-loop' --example w44_170_cjxl_step025_sweep -- --image 7062219 --effort 9 --distance-min 1 --distance-max 1 --distance-step 1 --strategy zenjxl --corpus-manifest benchmarks/corpora/w44_170_varied_corpus.tsv
7062219	cid22	512	512	zenjxl	9	1.2500	60352	59355	83.1754	83.0601	1.407146	1.408590	1697.625	2612.548	1.680	0.1153	-0.102	-35.020	OK	89e3c405809a53c2872179d05bda80a69503b2fb	cargo run -p jxl-encoder --release --features 'parallel butteraugli-loop ssim2-loop' --example w44_170_cjxl_step025_sweep -- --image 7062219 --effort 9 --distance-min 1.25 --distance-max 1.25 --distance-step 1.25 --strategy zenjxl --corpus-manifest benchmarks/corpora/w44_170_varied_corpus.tsv
7062219	cid22	512	512	zenjxl	9	1.5000	53595	52313	80.6961	81.1379	1.696825	1.686413	1686.832	3193.794	2.451	-0.4418	0.617	-47.184	OK	89e3c405809a53c2872179d05bda80a69503b2fb	cargo run -p jxl-encoder --release --features 'parallel butteraugli-loop ssim2-loop' --example w44_170_cjxl_step025_sweep -- --image 7062219 --effort 9 --distance-min 1.5 --distance-max 1.5 --distance-step 1.5 --strategy zenjxl --corpus-manifest benchmarks/corpora/w44_170_varied_corpus.tsv
7062219	cid22	512	512	zenjxl	9	1.7500	48279	46461	78.1365	78.7370	1.893838	1.996797	1402.215	2791.929	3.913	-0.6005	-5.156	-49.776	OK	89e3c405809a53c2872179d05bda80a69503b2fb	cargo run -p jxl-encoder --release --features 'parallel butteraugli-loop ssim2-loop' --example w44_170_cjxl_step025_sweep -- --image 7062219 --effort 9 --distance-min 1.75 --distance-max 1.75 --distance-step 1.75 --strategy zenjxl --corpus-manifest benchmarks/corpora/w44_170_varied_corpus.tsv
7062219	cid22	512	512	zenjxl	9	2.0000	43625	41977	75.9971	76.2577	2.280830	2.332095	1629.050	2414.751	3.926	-0.2606	-2.198	-32.538	OK	89e3c405809a53c2872179d05bda80a69503b2fb	cargo run -p jxl-encoder --release --features 'parallel butteraugli-loop ssim2-loop' --example w44_170_cjxl_step025_sweep -- --image 7062219 --effort 9 --distance-min 2 --distance-max 2 --distance-step 2 --strategy zenjxl --corpus-manifest benchmarks/corpora/w44_170_varied_corpus.tsv
7062219	cid22	512	512	zenjxl	9	2.2500	39245	38178	74.1875	74.1534	2.519507	2.409544	2019.758	2144.511	2.795	0.0341	4.564	-5.817	OK	89e3c405809a53c2872179d05bda80a69503b2fb	cargo run -p jxl-encoder --release --features 'parallel butteraugli-loop ssim2-loop' --example w44_170_cjxl_step025_sweep -- --image 7062219 --effort 9 --distance-min 2.25 --distance-max 2.25 --distance-step 2.25 --strategy zenjxl --corpus-manifest benchmarks/corpora/w44_170_varied_corpus.tsv
7062219	cid22	512	512	zenjxl	9	2.5000	36728	35105	72.4891	72.2527	2.639895	2.773414	1543.159	2514.198	4.623	0.2365	-4.814	-38.622	OK	89e3c405809a53c2872179d05bda80a69503b2fb	cargo run -p jxl-encoder --release --features 'parallel butteraugli-loop ssim2-loop' --example w44_170_cjxl_step025_sweep -- --image 7062219 --effort 9 --distance-min 2.5 --distance-max 2.5 --distance-step 2.5 --strategy zenjxl --corpus-manifest benchmarks/corpora/w44_170_varied_corpus.tsv
7062219	cid22	512	512	zenjxl	9	2.7500	34535	33041	70.5697	71.0779	2.900123	2.826485	1323.225	3021.016	4.522	-0.5082	2.605	-56.199	OK	89e3c405809a53c2872179d05bda80a69503b2fb	cargo run -p jxl-encoder --release --features 'parallel butteraugli-loop ssim2-loop' --example w44_170_cjxl_step025_sweep -- --image 7062219 --effort 9 --distance-min 2.75 --distance-max 2.75 --distance-step 2.75 --strategy zenjxl --corpus-manifest benchmarks/corpora/w44_170_varied_corpus.tsv
7062219	cid22	512	512	zenjxl	9	3.0000	32155	31323	68.7077	68.5843	3.178811	3.179493	1025.789	3958.996	2.656	0.1233	-0.021	-74.090	OK	89e3c405809a53c2872179d05bda80a69503b2fb	cargo run -p jxl-encoder --release --features 'parallel butteraugli-loop ssim2-loop' --example w44_170_cjxl_step025_sweep -- --image 7062219 --effort 9 --distance-min 3 --distance-max 3 --distance-step 3 --strategy zenjxl --corpus-manifest benchmarks/corpora/w44_170_varied_corpus.tsv
7062219	cid22	512	512	zenjxl	9	3.2500	29982	29128	66.2557	67.0916	3.495753	3.362473	2136.002	3022.644	2.932	-0.8359	3.964	-29.333	OK	89e3c405809a53c2872179d05bda80a69503b2fb	cargo run -p jxl-encoder --release --features 'parallel butteraugli-loop ssim2-loop' --example w44_170_cjxl_step025_sweep -- --image 7062219 --effort 9 --distance-min 3.25 --distance-max 3.25 --distance-step 3.25 --strategy zenjxl --corpus-manifest benchmarks/corpora/w44_170_varied_corpus.tsv
7062219	cid22	512	512	zenjxl	9	3.5000	27844	27544	65.0219	65.5827	3.656085	3.656546	1569.371	2993.343	1.089	-0.5608	-0.013	-47.571	OK	89e3c405809a53c2872179d05bda80a69503b2fb	cargo run -p jxl-encoder --release --features 'parallel butteraugli-loop ssim2-loop' --example w44_170_cjxl_step025_sweep -- --image 7062219 --effort 9 --distance-min 3.5 --distance-max 3.5 --distance-step 3.5 --strategy zenjxl --corpus-manifest benchmarks/corpora/w44_170_varied_corpus.tsv
7062219	cid22	512	512	zenjxl	9	3.7500	26638	25965	63.7421	64.3606	3.727031	3.865973	1596.534	3071.436	2.592	-0.6185	-3.594	-48.020	OK	89e3c405809a53c2872179d05bda80a69503b2fb	cargo run -p jxl-encoder --release --features 'parallel butteraugli-loop ssim2-loop' --example w44_170_cjxl_step025_sweep -- --image 7062219 --effort 9 --distance-min 3.75 --distance-max 3.75 --distance-step 3.75 --strategy zenjxl --corpus-manifest benchmarks/corpora/w44_170_varied_corpus.tsv
7062219	cid22	512	512	zenjxl	9	4.0000	25760	24889	62.2333	62.6736	3.846520	3.820844	1871.209	2672.560	3.500	-0.4404	0.672	-29.984	OK	89e3c405809a53c2872179d05bda80a69503b2fb	cargo run -p jxl-encoder --release --features 'parallel butteraugli-loop ssim2-loop' --example w44_170_cjxl_step025_sweep -- --image 7062219 --effort 9 --distance-min 4 --distance-max 4 --distance-step 4 --strategy zenjxl --corpus-manifest benchmarks/corpora/w44_170_varied_corpus.tsv
7062219	cid22	512	512	zenjxl	9	4.2500	24065	23703	60.8039	61.0918	4.232450	4.117715	1447.908	2558.658	1.527	-0.2879	2.786	-43.411	OK	89e3c405809a53c2872179d05bda80a69503b2fb	cargo run -p jxl-encoder --release --features 'parallel butteraugli-loop ssim2-loop' --example w44_170_cjxl_step025_sweep -- --image 7062219 --effort 9 --distance-min 4.25 --distance-max 4.25 --distance-step 4.25 --strategy zenjxl --corpus-manifest benchmarks/corpora/w44_170_varied_corpus.tsv
7062219	cid22	512	512	zenjxl	9	4.5000	23096	22618	59.1978	59.7763	4.369141	4.053864	1718.572	3051.602	2.113	-0.5786	7.777	-43.683	OK	89e3c405809a53c2872179d05bda80a69503b2fb	cargo run -p jxl-encoder --release --features 'parallel butteraugli-loop ssim2-loop' --example w44_170_cjxl_step025_sweep -- --image 7062219 --effort 9 --distance-min 4.5 --distance-max 4.5 --distance-step 4.5 --strategy zenjxl --corpus-manifest benchmarks/corpora/w44_170_varied_corpus.tsv
7062219	cid22	512	512	zenjxl	9	4.7500	22853	21591	58.3421	59.0896	4.221971	4.264479	1829.602	3059.295	5.845	-0.7475	-0.997	-40.195	OK	89e3c405809a53c2872179d05bda80a69503b2fb	cargo run -p jxl-encoder --release --features 'parallel butteraugli-loop ssim2-loop' --example w44_170_cjxl_step025_sweep -- --image 7062219 --effort 9 --distance-min 4.75 --distance-max 4.75 --distance-step 4.75 --strategy zenjxl --corpus-manifest benchmarks/corpora/w44_170_varied_corpus.tsv
7062219	cid22	512	512	zenjxl	9	5.0000	21824	20754	56.7943	57.3716	4.682858	4.643550	1378.751	2453.076	5.156	-0.5773	0.846	-43.795	OK	89e3c405809a53c2872179d05bda80a69503b2fb	cargo run -p jxl-encoder --release --features 'parallel butteraugli-loop ssim2-loop' --example w44_170_cjxl_step025_sweep -- --image 7062219 --effort 9 --distance-min 5 --distance-max 5 --distance-step 5 --strategy zenjxl --corpus-manifest benchmarks/corpora/w44_170_varied_corpus.tsv
clic_0369d229	clic	1024	1024	zenjxl	5	3.5000	40525	38821	62.3951	62.3266	4.821170	4.875033	450.702	964.736	4.389	0.0686	-1.105	-53.282	OK	89e3c405809a53c2872179d05bda80a69503b2fb	cargo run -p jxl-encoder --release --features 'parallel butteraugli-loop ssim2-loop' --example w44_170_cjxl_step025_sweep -- --image clic_0369d229 --effort 5 --distance-min 3.5 --distance-max 3.5 --distance-step 3.5 --strategy zenjxl --corpus-manifest benchmarks/corpora/w44_170_varied_corpus.tsv
clic_0369d229	clic	1024	1024	zenjxl	8	4.0000	34103	34743	59.1833	59.7579	4.306487	4.614224	9795.773	7359.042	-1.842	-0.5746	-6.669	33.112	OK	89e3c405809a53c2872179d05bda80a69503b2fb	cargo run -p jxl-encoder --release --features 'parallel butteraugli-loop ssim2-loop' --example w44_170_cjxl_step025_sweep -- --image clic_0369d229 --effort 8 --distance-min 4 --distance-max 4 --distance-step 4 --strategy zenjxl --corpus-manifest benchmarks/corpora/w44_170_varied_corpus.tsv
clic_0369d229	clic	1024	1024	zenjxl	8	4.2500	31290	33004	56.8678	58.3011	4.716764	5.059749	10397.432	6885.842	-5.193	-1.4333	-6.779	50.997	OK	89e3c405809a53c2872179d05bda80a69503b2fb	cargo run -p jxl-encoder --release --features 'parallel butteraugli-loop ssim2-loop' --example w44_170_cjxl_step025_sweep -- --image clic_0369d229 --effort 8 --distance-min 4.25 --distance-max 4.25 --distance-step 4.25 --strategy zenjxl --corpus-manifest benchmarks/corpora/w44_170_varied_corpus.tsv
clic_0369d229	clic	1024	1024	zenjxl	8	4.5000	29564	31004	55.0387	56.4395	5.540000	5.221402	12032.907	7973.798	-4.645	-1.4008	6.102	50.906	OK	89e3c405809a53c2872179d05bda80a69503b2fb	cargo run -p jxl-encoder --release --features 'parallel butteraugli-loop ssim2-loop' --example w44_170_cjxl_step025_sweep -- --image clic_0369d229 --effort 8 --distance-min 4.5 --distance-max 4.5 --distance-step 4.5 --strategy zenjxl --corpus-manifest benchmarks/corpora/w44_170_varied_corpus.tsv
clic_0369d229	clic	1024	1024	zenjxl	8	4.7500	27571	28877	53.2836	54.9231	5.693396	5.331331	11505.326	7655.621	-4.523	-1.6395	6.791	50.286	OK	89e3c405809a53c2872179d05bda80a69503b2fb	cargo run -p jxl-encoder --release --features 'parallel butteraugli-loop ssim2-loop' --example w44_170_cjxl_step025_sweep -- --image clic_0369d229 --effort 8 --distance-min 4.75 --distance-max 4.75 --distance-step 4.75 --strategy zenjxl --corpus-manifest benchmarks/corpora/w44_170_varied_corpus.tsv
clic_097cb426	clic	1024	1024	zenjxl	7	2.7500	27310	27186	68.8187	71.6541	3.020917	2.854305	2408.602	1441.859	0.456	-2.8353	5.837	67.048	OK	89e3c405809a53c2872179d05bda80a69503b2fb	cargo run -p jxl-encoder --release --features 'parallel butteraugli-loop ssim2-loop' --example w44_170_cjxl_step025_sweep -- --image clic_097cb426 --effort 7 --distance-min 2.75 --distance-max 2.75 --distance-step 2.75 --strategy zenjxl --corpus-manifest benchmarks/corpora/w44_170_varied_corpus.tsv
clic_097cb426	clic	1024	1024	zenjxl	7	3.0000	25344	24469	66.3501	69.8975	3.115800	3.082077	2222.206	1645.952	3.576	-3.5473	1.094	35.010	OK	89e3c405809a53c2872179d05bda80a69503b2fb	cargo run -p jxl-encoder --release --features 'parallel butteraugli-loop ssim2-loop' --example w44_170_cjxl_step025_sweep -- --image clic_097cb426 --effort 7 --distance-min 3 --distance-max 3 --distance-step 3 --strategy zenjxl --corpus-manifest benchmarks/corpora/w44_170_varied_corpus.tsv
clic_097cb426	clic	1024	1024	zenjxl	7	3.2500	22717	21998	64.6907	68.3347	3.435405	3.363395	2047.795	1564.951	3.268	-3.6440	2.141	30.854	OK	89e3c405809a53c2872179d05bda80a69503b2fb	cargo run -p jxl-encoder --release --features 'parallel butteraugli-loop ssim2-loop' --example w44_170_cjxl_step025_sweep -- --image clic_097cb426 --effort 7 --distance-min 3.25 --distance-max 3.25 --distance-step 3.25 --strategy zenjxl --corpus-manifest benchmarks/corpora/w44_170_varied_corpus.tsv
clic_097cb426	clic	1024	1024	zenjxl	7	3.5000	21254	20575	63.8369	66.8508	3.624452	3.326471	2843.029	1953.922	3.300	-3.0139	8.958	45.504	OK	89e3c405809a53c2872179d05bda80a69503b2fb	cargo run -p jxl-encoder --release --features 'parallel butteraugli-loop ssim2-loop' --example w44_170_cjxl_step025_sweep -- --image clic_097cb426 --effort 7 --distance-min 3.5 --distance-max 3.5 --distance-step 3.5 --strategy zenjxl --corpus-manifest benchmarks/corpora/w44_170_varied_corpus.tsv
clic_097cb426	clic	1024	1024	zenjxl	7	3.7500	19973	19494	62.1597	65.6089	3.878732	3.860834	2290.100	1837.460	2.457	-3.4492	0.464	24.634	OK	89e3c405809a53c2872179d05bda80a69503b2fb	cargo run -p jxl-encoder --release --features 'parallel butteraugli-loop ssim2-loop' --example w44_170_cjxl_step025_sweep -- --image clic_097cb426 --effort 7 --distance-min 3.75 --distance-max 3.75 --distance-step 3.75 --strategy zenjxl --corpus-manifest benchmarks/corpora/w44_170_varied_corpus.tsv
clic_097cb426	clic	1024	1024	zenjxl	7	4.0000	19322	18707	61.6286	64.5480	3.936577	3.914888	2966.883	1791.640	3.288	-2.9194	0.554	65.596	OK	89e3c405809a53c2872179d05bda80a69503b2fb	cargo run -p jxl-encoder --release --features 'parallel butteraugli-loop ssim2-loop' --example w44_170_cjxl_step025_sweep -- --image clic_097cb426 --effort 7 --distance-min 4 --distance-max 4 --distance-step 4 --strategy zenjxl --corpus-manifest benchmarks/corpora/w44_170_varied_corpus.tsv
clic_097cb426	clic	1024	1024	zenjxl	7	4.2500	17901	17895	60.3602	63.5360	4.344721	4.311453	3189.517	1969.134	0.034	-3.1758	0.772	61.976	OK	89e3c405809a53c2872179d05bda80a69503b2fb	cargo run -p jxl-encoder --release --features 'parallel butteraugli-loop ssim2-loop' --example w44_170_cjxl_step025_sweep -- --image clic_097cb426 --effort 7 --distance-min 4.25 --distance-max 4.25 --distance-step 4.25 --strategy zenjxl --corpus-manifest benchmarks/corpora/w44_170_varied_corpus.tsv
clic_097cb426	clic	1024	1024	zenjxl	7	4.5000	16605	17136	59.0211	62.3289	4.134044	4.106118	3061.922	1707.368	-3.099	-3.3078	0.680	79.336	OK	89e3c405809a53c2872179d05bda80a69503b2fb	cargo run -p jxl-encoder --release --features 'parallel butteraugli-loop ssim2-loop' --example w44_170_cjxl_step025_sweep -- --image clic_097cb426 --effort 7 --distance-min 4.5 --distance-max 4.5 --distance-step 4.5 --strategy zenjxl --corpus-manifest benchmarks/corpora/w44_170_varied_corpus.tsv
clic_097cb426	clic	1024	1024	zenjxl	7	4.7500	16076	16156	56.7370	60.7879	4.903217	4.690002	2682.148	2247.226	-0.495	-4.0509	4.546	19.354	OK	89e3c405809a53c2872179d05bda80a69503b2fb	cargo run -p jxl-encoder --release --features 'parallel butteraugli-loop ssim2-loop' --example w44_170_cjxl_step025_sweep -- --image clic_097cb426 --effort 7 --distance-min 4.75 --distance-max 4.75 --distance-step 4.75 --strategy zenjxl --corpus-manifest benchmarks/corpora/w44_170_varied_corpus.tsv
clic_097cb426	clic	1024	1024	zenjxl	7	5.0000	15581	15610	55.7962	59.8645	4.803147	4.264348	2098.105	1724.558	-0.186	-4.0683	12.635	21.660	OK	89e3c405809a53c2872179d05bda80a69503b2fb	cargo run -p jxl-encoder --release --features 'parallel butteraugli-loop ssim2-loop' --example w44_170_cjxl_step025_sweep -- --image clic_097cb426 --effort 7 --distance-min 5 --distance-max 5 --distance-step 5 --strategy zenjxl --corpus-manifest benchmarks/corpora/w44_170_varied_corpus.tsv
clic_097cb426	clic	1024	1024	zenjxl	8	0.2500	270348	253311	94.4636	94.4109	0.345183	0.478377	7220.641	1195.357	6.726	0.0528	-27.843	504.057	OK	89e3c405809a53c2872179d05bda80a69503b2fb	cargo run -p jxl-encoder --release --features 'parallel butteraugli-loop ssim2-loop' --example w44_170_cjxl_step025_sweep -- --image clic_097cb426 --effort 8 --distance-min 0.25 --distance-max 0.25 --distance-step 0.25 --strategy zenjxl --corpus-manifest benchmarks/corpora/w44_170_varied_corpus.tsv
clic_097cb426	clic	1024	1024	zenjxl	8	0.5000	148362	144502	91.7073	91.3081	0.755064	0.826968	6505.525	1224.868	2.671	0.3992	-8.695	431.120	OK	89e3c405809a53c2872179d05bda80a69503b2fb	cargo run -p jxl-encoder --release --features 'parallel butteraugli-loop ssim2-loop' --example w44_170_cjxl_step025_sweep -- --image clic_097cb426 --effort 8 --distance-min 0.5 --distance-max 0.5 --distance-step 0.5 --strategy zenjxl --corpus-manifest benchmarks/corpora/w44_170_varied_corpus.tsv
clic_097cb426	clic	1024	1024	zenjxl	8	0.7500	97579	100567	88.4032	88.6308	1.017464	1.010666	8498.381	7521.581	-2.971	-0.2276	0.673	12.987	OK	89e3c405809a53c2872179d05bda80a69503b2fb	cargo run -p jxl-encoder --release --features 'parallel butteraugli-loop ssim2-loop' --example w44_170_cjxl_step025_sweep -- --image clic_097cb426 --effort 8 --distance-min 0.75 --distance-max 0.75 --distance-step 0.75 --strategy zenjxl --corpus-manifest benchmarks/corpora/w44_170_varied_corpus.tsv
clic_097cb426	clic	1024	1024	zenjxl	8	1.0000	74450	76629	85.5780	85.8219	1.297118	1.293789	7855.771	7349.192	-2.844	-0.2438	0.257	6.893	OK	89e3c405809a53c2872179d05bda80a69503b2fb	cargo run -p jxl-encoder --release --features 'parallel butteraugli-loop ssim2-loop' --example w44_170_cjxl_step025_sweep -- --image clic_097cb426 --effort 8 --distance-min 1 --distance-max 1 --distance-step 1 --strategy zenjxl --corpus-manifest benchmarks/corpora/w44_170_varied_corpus.tsv
clic_097cb426	clic	1024	1024	zenjxl	8	1.2500	60088	60624	82.4801	83.3470	1.613072	1.685494	7964.095	7358.615	-0.884	-0.8669	-4.297	8.228	OK	89e3c405809a53c2872179d05bda80a69503b2fb	cargo run -p jxl-encoder --release --features 'parallel butteraugli-loop ssim2-loop' --example w44_170_cjxl_step025_sweep -- --image clic_097cb426 --effort 8 --distance-min 1.25 --distance-max 1.25 --distance-step 1.25 --strategy zenjxl --corpus-manifest benchmarks/corpora/w44_170_varied_corpus.tsv
codec_wiki	screenshot	2560	1664	zenjxl	5	0.2500	141563	183555	93.7015	93.7025	0.268256	0.417816	8340.232	1856.752	-22.877	-0.0010	-35.796	349.184	OK	89e3c405809a53c2872179d05bda80a69503b2fb	cargo run -p jxl-encoder --release --features 'parallel butteraugli-loop ssim2-loop' --example w44_170_cjxl_step025_sweep -- --image codec_wiki --effort 5 --distance-min 0.25 --distance-max 0.25 --distance-step 0.25 --strategy zenjxl --corpus-manifest benchmarks/corpora/w44_170_varied_corpus.tsv
codec_wiki	screenshot	2560	1664	zenjxl	5	0.5000	113585	146716	92.7946	92.6940	0.593057	0.852705	3320.744	2403.344	-22.582	0.1005	-30.450	38.172	OK	89e3c405809a53c2872179d05bda80a69503b2fb	cargo run -p jxl-encoder --release --features 'parallel butteraugli-loop ssim2-loop' --example w44_170_cjxl_step025_sweep -- --image codec_wiki --effort 5 --distance-min 0.5 --distance-max 0.5 --distance-step 0.5 --strategy zenjxl --corpus-manifest benchmarks/corpora/w44_170_varied_corpus.tsv
codec_wiki	screenshot	2560	1664	zenjxl	5	0.7500	113679	146768	91.1781	91.8640	0.918932	1.156292	3354.858	2269.626	-22.545	-0.6859	-20.528	47.815	OK	89e3c405809a53c2872179d05bda80a69503b2fb	cargo run -p jxl-encoder --release --features 'parallel butteraugli-loop ssim2-loop' --example w44_170_cjxl_step025_sweep -- --image codec_wiki --effort 5 --distance-min 0.75 --distance-max 0.75 --distance-step 0.75 --strategy zenjxl --corpus-manifest benchmarks/corpora/w44_170_varied_corpus.tsv
codec_wiki	screenshot	2560	1664	zenjxl	5	1.0000	102228	131602	90.5302	91.1645	1.020177	1.367672	3369.812	2055.542	-22.320	-0.6343	-25.408	63.938	OK	89e3c405809a53c2872179d05bda80a69503b2fb	cargo run -p jxl-encoder --release --features 'parallel butteraugli-loop ssim2-loop' --example w44_170_cjxl_step025_sweep -- --image codec_wiki --effort 5 --distance-min 1 --distance-max 1 --distance-step 1 --strategy zenjxl --corpus-manifest benchmarks/corpora/w44_170_varied_corpus.tsv
codec_wiki	screenshot	2560	1664	zenjxl	5	1.2500	94692	120723	90.4095	90.4221	1.373220	1.396623	3503.477	2533.164	-21.563	-0.0126	-1.676	38.304	OK	89e3c405809a53c2872179d05bda80a69503b2fb	cargo run -p jxl-encoder --release --features 'parallel butteraugli-loop ssim2-loop' --example w44_170_cjxl_step025_sweep -- --image codec_wiki --effort 5 --distance-min 1.25 --distance-max 1.25 --distance-step 1.25 --strategy zenjxl --corpus-manifest benchmarks/corpora/w44_170_varied_corpus.tsv
codec_wiki	screenshot	2560	1664	zenjxl	5	1.5000	90646	112507	89.9739	89.5016	1.435949	1.386107	3487.169	2713.976	-19.431	0.4723	3.596	28.489	OK	89e3c405809a53c2872179d05bda80a69503b2fb	cargo run -p jxl-encoder --release --features 'parallel butteraugli-loop ssim2-loop' --example w44_170_cjxl_step025_sweep -- --image codec_wiki --effort 5 --distance-min 1.5 --distance-max 1.5 --distance-step 1.5 --strategy zenjxl --corpus-manifest benchmarks/corpora/w44_170_varied_corpus.tsv
codec_wiki	screenshot	2560	1664	zenjxl	5	1.7500	85596	106319	88.3299	88.7038	1.434605	1.474474	3552.353	2706.185	-19.491	-0.3739	-2.704	31.268	OK	89e3c405809a53c2872179d05bda80a69503b2fb	cargo run -p jxl-encoder --release --features 'parallel butteraugli-loop ssim2-loop' --example w44_170_cjxl_step025_sweep -- --image codec_wiki --effort 5 --distance-min 1.75 --distance-max 1.75 --distance-step 1.75 --strategy zenjxl --corpus-manifest benchmarks/corpora/w44_170_varied_corpus.tsv
codec_wiki	screenshot	2560	1664	zenjxl	5	2.0000	81122	100135	87.2950	87.9478	1.880716	1.906564	3657.966	1951.000	-18.987	-0.6527	-1.356	87.492	OK	89e3c405809a53c2872179d05bda80a69503b2fb	cargo run -p jxl-encoder --release --features 'parallel butteraugli-loop ssim2-loop' --example w44_170_cjxl_step025_sweep -- --image codec_wiki --effort 5 --distance-min 2 --distance-max 2 --distance-step 2 --strategy zenjxl --corpus-manifest benchmarks/corpora/w44_170_varied_corpus.tsv
codec_wiki	screenshot	2560	1664	zenjxl	5	2.2500	77412	96844	86.8051	87.6762	1.929730	1.843454	3366.905	2402.935	-20.065	-0.8711	4.680	40.116	OK	89e3c405809a53c2872179d05bda80a69503b2fb	cargo run -p jxl-encoder --release --features 'parallel butteraugli-loop ssim2-loop' --example w44_170_cjxl_step025_sweep -- --image codec_wiki --effort 5 --distance-min 2.25 --distance-max 2.25 --distance-step 2.25 --strategy zenjxl --corpus-manifest benchmarks/corpora/w44_170_varied_corpus.tsv
codec_wiki	screenshot	2560	1664	zenjxl	5	2.5000	74554	91924	86.8200	86.7607	2.200667	2.261159	4157.876	2472.676	-18.896	0.0593	-2.675	68.153	OK	89e3c405809a53c2872179d05bda80a69503b2fb	cargo run -p jxl-encoder --release --features 'parallel butteraugli-loop ssim2-loop' --example w44_170_cjxl_step025_sweep -- --image codec_wiki --effort 5 --distance-min 2.5 --distance-max 2.5 --distance-step 2.5 --strategy zenjxl --corpus-manifest benchmarks/corpora/w44_170_varied_corpus.tsv
codec_wiki	screenshot	2560	1664	zenjxl	5	2.7500	72124	88983	85.1318	86.1403	3.110817	2.335597	3454.404	2257.385	-18.946	-1.0084	33.192	53.027	OK	89e3c405809a53c2872179d05bda80a69503b2fb	cargo run -p jxl-encoder --release --features 'parallel butteraugli-loop ssim2-loop' --example w44_170_cjxl_step025_sweep -- --image codec_wiki --effort 5 --distance-min 2.75 --distance-max 2.75 --distance-step 2.75 --strategy zenjxl --corpus-manifest benchmarks/corpora/w44_170_varied_corpus.tsv
codec_wiki	screenshot	2560	1664	zenjxl	5	3.0000	69786	85177	83.8179	85.7781	2.334760	2.397897	4180.564	2170.608	-18.069	-1.9602	-2.633	92.599	OK	89e3c405809a53c2872179d05bda80a69503b2fb	cargo run -p jxl-encoder --release --features 'parallel butteraugli-loop ssim2-loop' --example w44_170_cjxl_step025_sweep -- --image codec_wiki --effort 5 --distance-min 3 --distance-max 3 --distance-step 3 --strategy zenjxl --corpus-manifest benchmarks/corpora/w44_170_varied_corpus.tsv
codec_wiki	screenshot	2560	1664	zenjxl	5	3.2500	68091	82142	84.5936	84.8028	2.787166	2.705086	3499.207	2045.493	-17.106	-0.2093	3.034	71.069	OK	89e3c405809a53c2872179d05bda80a69503b2fb	cargo run -p jxl-encoder --release --features 'parallel butteraugli-loop ssim2-loop' --example w44_170_cjxl_step025_sweep -- --image codec_wiki --effort 5 --distance-min 3.25 --distance-max 3.25 --distance-step 3.25 --strategy zenjxl --corpus-manifest benchmarks/corpora/w44_170_varied_corpus.tsv
codec_wiki	screenshot	2560	1664	zenjxl	5	3.5000	84006	78212	85.0656	85.0097	2.844463	3.262607	6134.946	2344.669	7.408	0.0559	-12.816	161.655	OK	89e3c405809a53c2872179d05bda80a69503b2fb	cargo run -p jxl-encoder --release --features 'parallel butteraugli-loop ssim2-loop' --example w44_170_cjxl_step025_sweep -- --image codec_wiki --effort 5 --distance-min 3.5 --distance-max 3.5 --distance-step 3.5 --strategy zenjxl --corpus-manifest benchmarks/corpora/w44_170_varied_corpus.tsv
codec_wiki	screenshot	2560	1664	zenjxl	5	3.7500	77942	76843	84.5723	83.7638	2.791103	3.243593	5118.472	2190.677	1.430	0.8084	-13.950	133.648	OK	89e3c405809a53c2872179d05bda80a69503b2fb	cargo run -p jxl-encoder --release --features 'parallel butteraugli-loop ssim2-loop' --example w44_170_cjxl_step025_sweep -- --image codec_wiki --effort 5 --distance-min 3.75 --distance-max 3.75 --distance-step 3.75 --strategy zenjxl --corpus-manifest benchmarks/corpora/w44_170_varied_corpus.tsv
codec_wiki	screenshot	2560	1664	zenjxl	5	4.0000	75754	72551	84.5446	84.3697	3.212569	3.504391	4012.027	2155.058	4.415	0.1750	-8.327	86.168	OK	89e3c405809a53c2872179d05bda80a69503b2fb	cargo run -p jxl-encoder --release --features 'parallel butteraugli-loop ssim2-loop' --example w44_170_cjxl_step025_sweep -- --image codec_wiki --effort 5 --distance-min 4 --distance-max 4 --distance-step 4 --strategy zenjxl --corpus-manifest benchmarks/corpora/w44_170_varied_corpus.tsv
codec_wiki	screenshot	2560	1664	zenjxl	5	4.2500	73251	70330	83.8233	83.7057	2.623184	3.423674	5063.087	2297.677	4.153	0.1177	-23.381	120.357	OK	89e3c405809a53c2872179d05bda80a69503b2fb	cargo run -p jxl-encoder --release --features 'parallel butteraugli-loop ssim2-loop' --example w44_170_cjxl_step025_sweep -- --image codec_wiki --effort 5 --distance-min 4.25 --distance-max 4.25 --distance-step 4.25 --strategy zenjxl --corpus-manifest benchmarks/corpora/w44_170_varied_corpus.tsv
codec_wiki	screenshot	2560	1664	zenjxl	5	4.5000	71385	67849	84.4725	83.0137	2.776109	3.476842	6298.413	1990.039	5.212	1.4589	-20.154	216.497	OK	89e3c405809a53c2872179d05bda80a69503b2fb	cargo run -p jxl-encoder --release --features 'parallel butteraugli-loop ssim2-loop' --example w44_170_cjxl_step025_sweep -- --image codec_wiki --effort 5 --distance-min 4.5 --distance-max 4.5 --distance-step 4.5 --strategy zenjxl --corpus-manifest benchmarks/corpora/w44_170_varied_corpus.tsv
codec_wiki	screenshot	2560	1664	zenjxl	5	4.7500	69135	66219	84.1500	82.7817	2.994784	3.685789	5906.357	2306.531	4.404	1.3684	-18.748	156.071	OK	89e3c405809a53c2872179d05bda80a69503b2fb	cargo run -p jxl-encoder --release --features 'parallel butteraugli-loop ssim2-loop' --example w44_170_cjxl_step025_sweep -- --image codec_wiki --effort 5 --distance-min 4.75 --distance-max 4.75 --distance-step 4.75 --strategy zenjxl --corpus-manifest benchmarks/corpora/w44_170_varied_corpus.tsv
codec_wiki	screenshot	2560	1664	zenjxl	5	5.0000	67685	66517	82.6194	81.9552	3.006957	3.580087	3409.611	2424.742	1.756	0.6642	-16.009	40.617	OK	89e3c405809a53c2872179d05bda80a69503b2fb	cargo run -p jxl-encoder --release --features 'parallel butteraugli-loop ssim2-loop' --example w44_170_cjxl_step025_sweep -- --image codec_wiki --effort 5 --distance-min 5 --distance-max 5 --distance-step 5 --strategy zenjxl --corpus-manifest benchmarks/corpora/w44_170_varied_corpus.tsv
codec_wiki	screenshot	2560	1664	zenjxl	6	0.2500	140816	182292	93.7773	93.7309	0.267895	0.417817	4166.235	2743.597	-22.753	0.0464	-35.882	51.853	OK	89e3c405809a53c2872179d05bda80a69503b2fb	cargo run -p jxl-encoder --release --features 'parallel butteraugli-loop ssim2-loop' --example w44_170_cjxl_step025_sweep -- --image codec_wiki --effort 6 --distance-min 0.25 --distance-max 0.25 --distance-step 0.25 --strategy zenjxl --corpus-manifest benchmarks/corpora/w44_170_varied_corpus.tsv
codec_wiki	screenshot	2560	1664	zenjxl	6	0.5000	112317	145955	92.8115	92.7458	0.606784	0.852413	3912.411	2833.222	-23.047	0.0657	-28.816	38.091	OK	89e3c405809a53c2872179d05bda80a69503b2fb	cargo run -p jxl-encoder --release --features 'parallel butteraugli-loop ssim2-loop' --example w44_170_cjxl_step025_sweep -- --image codec_wiki --effort 6 --distance-min 0.5 --distance-max 0.5 --distance-step 0.5 --strategy zenjxl --corpus-manifest benchmarks/corpora/w44_170_varied_corpus.tsv
codec_wiki	screenshot	2560	1664	zenjxl	6	0.7500	116049	148062	91.2847	91.8998	0.918795	1.114210	6283.035	4135.909	-21.621	-0.6152	-17.538	51.914	OK	89e3c405809a53c2872179d05bda80a69503b2fb	cargo run -p jxl-encoder --release --features 'parallel butteraugli-loop ssim2-loop' --example w44_170_cjxl_step025_sweep -- --image codec_wiki --effort 6 --distance-min 0.75 --distance-max 0.75 --distance-step 0.75 --strategy zenjxl --corpus-manifest benchmarks/corpora/w44_170_varied_corpus.tsv
codec_wiki	screenshot	2560	1664	zenjxl	6	1.0000	103898	132285	90.3517	91.0961	0.954502	1.179236	10692.955	4034.911	-21.459	-0.7445	-19.058	165.011	OK	89e3c405809a53c2872179d05bda80a69503b2fb	cargo run -p jxl-encoder --release --features 'parallel butteraugli-loop ssim2-loop' --example w44_170_cjxl_step025_sweep -- --image codec_wiki --effort 6 --distance-min 1 --distance-max 1 --distance-step 1 --strategy zenjxl --corpus-manifest benchmarks/corpora/w44_170_varied_corpus.tsv
codec_wiki	screenshot	2560	1664	zenjxl	6	1.2500	96205	120531	90.4059	90.4583	1.098301	1.109350	6026.166	3788.206	-20.182	-0.0525	-0.996	59.077	OK	89e3c405809a53c2872179d05bda80a69503b2fb	cargo run -p jxl-encoder --release --features 'parallel butteraugli-loop ssim2-loop' --example w44_170_cjxl_step025_sweep -- --image codec_wiki --effort 6 --distance-min 1.25 --distance-max 1.25 --distance-step 1.25 --strategy zenjxl --corpus-manifest benchmarks/corpora/w44_170_varied_corpus.tsv
codec_wiki	screenshot	2560	1664	zenjxl	6	1.5000	93082	111985	89.9427	89.6814	1.444300	1.339268	8113.913	4392.342	-16.880	0.2614	7.843	84.729	OK	89e3c405809a53c2872179d05bda80a69503b2fb	cargo run -p jxl-encoder --release --features 'parallel butteraugli-loop ssim2-loop' --example w44_170_cjxl_step025_sweep -- --image codec_wiki --effort 6 --distance-min 1.5 --distance-max 1.5 --distance-step 1.5 --strategy zenjxl --corpus-manifest benchmarks/corpora/w44_170_varied_corpus.tsv
codec_wiki	screenshot	2560	1664	zenjxl	6	1.7500	87913	106440	88.2589	88.8417	1.498994	1.393490	6036.368	4860.937	-17.406	-0.5827	7.571	24.181	OK	89e3c405809a53c2872179d05bda80a69503b2fb	cargo run -p jxl-encoder --release --features 'parallel butteraugli-loop ssim2-loop' --example w44_170_cjxl_step025_sweep -- --image codec_wiki --effort 6 --distance-min 1.75 --distance-max 1.75 --distance-step 1.75 --strategy zenjxl --corpus-manifest benchmarks/corpora/w44_170_varied_corpus.tsv
codec_wiki	screenshot	2560	1664	zenjxl	6	2.0000	84399	100839	87.1560	88.2234	1.644997	1.825474	6624.838	4426.854	-16.303	-1.0674	-9.887	49.651	OK	89e3c405809a53c2872179d05bda80a69503b2fb	cargo run -p jxl-encoder --release --features 'parallel butteraugli-loop ssim2-loop' --example w44_170_cjxl_step025_sweep -- --image codec_wiki --effort 6 --distance-min 2 --distance-max 2 --distance-step 2 --strategy zenjxl --corpus-manifest benchmarks/corpora/w44_170_varied_corpus.tsv
codec_wiki	screenshot	2560	1664	zenjxl	6	2.2500	80432	97410	86.9376	88.0861	1.902589	1.864177	6503.852	4558.005	-17.429	-1.1485	2.061	42.691	OK	89e3c405809a53c2872179d05bda80a69503b2fb	cargo run -p jxl-encoder --release --features 'parallel butteraugli-loop ssim2-loop' --example w44_170_cjxl_step025_sweep -- --image codec_wiki --effort 6 --distance-min 2.25 --distance-max 2.25 --distance-step 2.25 --strategy zenjxl --corpus-manifest benchmarks/corpora/w44_170_varied_corpus.tsv
codec_wiki	screenshot	2560	1664	zenjxl	6	2.5000	77474	93317	86.8941	87.2059	2.291877	2.041208	6669.640	4994.592	-16.978	-0.3118	12.280	33.537	OK	89e3c405809a53c2872179d05bda80a69503b2fb	cargo run -p jxl-encoder --release --features 'parallel butteraugli-loop ssim2-loop' --example w44_170_cjxl_step025_sweep -- --image codec_wiki --effort 6 --distance-min 2.5 --distance-max 2.5 --distance-step 2.5 --strategy zenjxl --corpus-manifest benchmarks/corpora/w44_170_varied_corpus.tsv
codec_wiki	screenshot	2560	1664	zenjxl	6	2.7500	75617	89702	85.1774	86.9576	3.109965	2.293401	8614.461	5947.294	-15.702	-1.7803	35.605	44.847	OK	89e3c405809a53c2872179d05bda80a69503b2fb	cargo run -p jxl-encoder --release --features 'parallel butteraugli-loop ssim2-loop' --example w44_170_cjxl_step025_sweep -- --image codec_wiki --effort 6 --distance-min 2.75 --distance-max 2.75 --distance-step 2.75 --strategy zenjxl --corpus-manifest benchmarks/corpora/w44_170_varied_corpus.tsv
codec_wiki	screenshot	2560	1664	zenjxl	6	3.0000	72749	85999	83.9046	86.3605	2.378679	2.342638	12517.970	3736.881	-15.407	-2.4560	1.538	234.984	OK	89e3c405809a53c2872179d05bda80a69503b2fb	cargo run -p jxl-encoder --release --features 'parallel butteraugli-loop ssim2-loop' --example w44_170_cjxl_step025_sweep -- --image codec_wiki --effort 6 --distance-min 3 --distance-max 3 --distance-step 3 --strategy zenjxl --corpus-manifest benchmarks/corpora/w44_170_varied_corpus.tsv
codec_wiki	screenshot	2560	1664	zenjxl	6	3.2500	71138	82809	84.7850	85.5119	2.365021	2.557027	6488.495	4268.144	-14.094	-0.7270	-7.509	52.021	OK	89e3c405809a53c2872179d05bda80a69503b2fb	cargo run -p jxl-encoder --release --features 'parallel butteraugli-loop ssim2-loop' --example w44_170_cjxl_step025_sweep -- --image codec_wiki --effort 6 --distance-min 3.25 --distance-max 3.25 --distance-step 3.25 --strategy zenjxl --corpus-manifest benchmarks/corpora/w44_170_varied_corpus.tsv
codec_wiki	screenshot	2560	1664	zenjxl	6	3.5000	86447	80006	85.1973	85.6942	2.844921	2.567081	5950.393	4549.497	8.051	-0.4970	10.823	30.792	OK	89e3c405809a53c2872179d05bda80a69503b2fb	cargo run -p jxl-encoder --release --features 'parallel butteraugli-loop ssim2-loop' --example w44_170_cjxl_step025_sweep -- --image codec_wiki --effort 6 --distance-min 3.5 --distance-max 3.5 --distance-step 3.5 --strategy zenjxl --corpus-manifest benchmarks/corpora/w44_170_varied_corpus.tsv
codec_wiki	screenshot	2560	1664	zenjxl	6	3.7500	79358	78309	84.6536	84.2568	2.791520	2.932211	6364.030	4272.751	1.340	0.3969	-4.798	48.945	OK	89e3c405809a53c2872179d05bda80a69503b2fb	cargo run -p jxl-encoder --release --features 'parallel butteraugli-loop ssim2-loop' --example w44_170_cjxl_step025_sweep -- --image codec_wiki --effort 6 --distance-min 3.75 --distance-max 3.75 --distance-step 3.75 --strategy zenjxl --corpus-manifest benchmarks/corpora/w44_170_varied_corpus.tsv
codec_wiki	screenshot	2560	1664	zenjxl	6	4.0000	79245	74416	84.4234	84.5033	3.211064	2.978101	9513.537	4815.777	6.489	-0.0799	7.823	97.549	OK	89e3c405809a53c2872179d05bda80a69503b2fb	cargo run -p jxl-encoder --release --features 'parallel butteraugli-loop ssim2-loop' --example w44_170_cjxl_step025_sweep -- --image codec_wiki --effort 6 --distance-min 4 --distance-max 4 --distance-step 4 --strategy zenjxl --corpus-manifest benchmarks/corpora/w44_170_varied_corpus.tsv
codec_wiki	screenshot	2560	1664	zenjxl	6	4.2500	77391	72936	83.5715	83.8292	2.623431	3.308953	8373.781	4766.555	6.108	-0.2577	-20.717	75.678	OK	89e3c405809a53c2872179d05bda80a69503b2fb	cargo run -p jxl-encoder --release --features 'parallel butteraugli-loop ssim2-loop' --example w44_170_cjxl_step025_sweep -- --image codec_wiki --effort 6 --distance-min 4.25 --distance-max 4.25 --distance-step 4.25 --strategy zenjxl --corpus-manifest benchmarks/corpora/w44_170_varied_corpus.tsv
codec_wiki	screenshot	2560	1664	zenjxl	6	4.5000	74997	70695	84.2050	83.0408	2.775169	3.799899	9537.315	4868.332	6.085	1.1642	-26.967	95.905	OK	89e3c405809a53c2872179d05bda80a69503b2fb	cargo run -p jxl-encoder --release --features 'parallel butteraugli-loop ssim2-loop' --example w44_170_cjxl_step025_sweep -- --image codec_wiki --effort 6 --distance-min 4.5 --distance-max 4.5 --distance-step 4.5 --strategy zenjxl --corpus-manifest benchmarks/corpora/w44_170_varied_corpus.tsv
codec_wiki	screenshot	2560	1664	zenjxl	6	4.7500	72017	67426	83.5313	82.6245	2.994408	3.774970	7243.632	4798.844	6.809	0.9068	-20.677	50.945	OK	89e3c405809a53c2872179d05bda80a69503b2fb	cargo run -p jxl-encoder --release --features 'parallel butteraugli-loop ssim2-loop' --example w44_170_cjxl_step025_sweep -- --image codec_wiki --effort 6 --distance-min 4.75 --distance-max 4.75 --distance-step 4.75 --strategy zenjxl --corpus-manifest benchmarks/corpora/w44_170_varied_corpus.tsv
codec_wiki	screenshot	2560	1664	zenjxl	6	5.0000	70631	66736	82.1429	82.0767	3.006547	3.772695	9460.626	5317.080	5.836	0.0662	-20.308	77.929	OK	89e3c405809a53c2872179d05bda80a69503b2fb	cargo run -p jxl-encoder --release --features 'parallel butteraugli-loop ssim2-loop' --example w44_170_cjxl_step025_sweep -- --image codec_wiki --effort 6 --distance-min 5 --distance-max 5 --distance-step 5 --strategy zenjxl --corpus-manifest benchmarks/corpora/w44_170_varied_corpus.tsv
codec_wiki	screenshot	2560	1664	zenjxl	7	0.2500	148637	189914	93.7216	93.6038	0.269578	0.411130	5393.589	3549.364	-21.735	0.1178	-34.430	51.959	OK	89e3c405809a53c2872179d05bda80a69503b2fb	cargo run -p jxl-encoder --release --features 'parallel butteraugli-loop ssim2-loop' --example w44_170_cjxl_step025_sweep -- --image codec_wiki --effort 7 --distance-min 0.25 --distance-max 0.25 --distance-step 0.25 --strategy zenjxl --corpus-manifest benchmarks/corpora/w44_170_varied_corpus.tsv
codec_wiki	screenshot	2560	1664	zenjxl	7	2.0000	86012	103821	87.3352	88.2151	1.998011	2.023521	8927.204	6191.509	-17.154	-0.8799	-1.261	44.185	OK	89e3c405809a53c2872179d05bda80a69503b2fb	cargo run -p jxl-encoder --release --features 'parallel butteraugli-loop ssim2-loop' --example w44_170_cjxl_step025_sweep -- --image codec_wiki --effort 7 --distance-min 2 --distance-max 2 --distance-step 2 --strategy zenjxl --corpus-manifest benchmarks/corpora/w44_170_varied_corpus.tsv
codec_wiki	screenshot	2560	1664	zenjxl	8	1.0000	98962	129681	90.5877	91.3030	0.916663	1.052056	28877.671	24495.304	-23.688	-0.7152	-12.869	17.891	OK	89e3c405809a53c2872179d05bda80a69503b2fb	cargo run -p jxl-encoder --release --features 'parallel butteraugli-loop ssim2-loop' --example w44_170_cjxl_step025_sweep -- --image codec_wiki --effort 8 --distance-min 1 --distance-max 1 --distance-step 1 --strategy zenjxl --corpus-manifest benchmarks/corpora/w44_170_varied_corpus.tsv
codec_wiki	screenshot	2560	1664	zenjxl	8	1.2500	90292	120284	89.3115	90.0887	1.249403	1.105403	29375.527	25839.550	-24.934	-0.7772	13.027	13.684	OK	89e3c405809a53c2872179d05bda80a69503b2fb	cargo run -p jxl-encoder --release --features 'parallel butteraugli-loop ssim2-loop' --example w44_170_cjxl_step025_sweep -- --image codec_wiki --effort 8 --distance-min 1.25 --distance-max 1.25 --distance-step 1.25 --strategy zenjxl --corpus-manifest benchmarks/corpora/w44_170_varied_corpus.tsv
codec_wiki	screenshot	2560	1664	zenjxl	8	1.5000	87584	110920	89.2861	89.7758	1.331187	1.337274	30482.891	27312.828	-21.039	-0.4897	-0.455	11.606	OK	89e3c405809a53c2872179d05bda80a69503b2fb	cargo run -p jxl-encoder --release --features 'parallel butteraugli-loop ssim2-loop' --example w44_170_cjxl_step025_sweep -- --image codec_wiki --effort 8 --distance-min 1.5 --distance-max 1.5 --distance-step 1.5 --strategy zenjxl --corpus-manifest benchmarks/corpora/w44_170_varied_corpus.tsv
codec_wiki	screenshot	2560	1664	zenjxl	8	1.7500	81359	104246	87.4992	89.4722	1.684300	1.582816	30412.841	33044.598	-21.955	-1.9730	6.412	-7.964	OK	89e3c405809a53c2872179d05bda80a69503b2fb	cargo run -p jxl-encoder --release --features 'parallel butteraugli-loop ssim2-loop' --example w44_170_cjxl_step025_sweep -- --image codec_wiki --effort 8 --distance-min 1.75 --distance-max 1.75 --distance-step 1.75 --strategy zenjxl --corpus-manifest benchmarks/corpora/w44_170_varied_corpus.tsv
graph	screenshot	796	481	zenjxl	5	3.5000	19609	15066	86.1533	80.9650	1.761586	3.171857	217.951	250.073	30.154	5.1883	-44.462	-12.845	OK	89e3c405809a53c2872179d05bda80a69503b2fb	cargo run -p jxl-encoder --release --features 'parallel butteraugli-loop ssim2-loop' --example w44_170_cjxl_step025_sweep -- --image graph --effort 5 --distance-min 3.5 --distance-max 3.5 --distance-step 3.5 --strategy zenjxl --corpus-manifest benchmarks/corpora/w44_170_varied_corpus.tsv
graph	screenshot	796	481	zenjxl	5	3.7500	18982	14572	84.5965	81.2299	2.109149	3.282845	223.113	433.546	30.264	3.3666	-35.752	-48.538	OK	89e3c405809a53c2872179d05bda80a69503b2fb	cargo run -p jxl-encoder --release --features 'parallel butteraugli-loop ssim2-loop' --example w44_170_cjxl_step025_sweep -- --image graph --effort 5 --distance-min 3.75 --distance-max 3.75 --distance-step 3.75 --strategy zenjxl --corpus-manifest benchmarks/corpora/w44_170_varied_corpus.tsv
graph	screenshot	796	481	zenjxl	5	4.0000	18491	14295	84.7386	80.6322	2.137023	2.816644	241.580	420.041	29.353	4.1064	-24.129	-42.487	OK	89e3c405809a53c2872179d05bda80a69503b2fb	cargo run -p jxl-encoder --release --features 'parallel butteraugli-loop ssim2-loop' --example w44_170_cjxl_step025_sweep -- --image graph --effort 5 --distance-min 4 --distance-max 4 --distance-step 4 --strategy zenjxl --corpus-manifest benchmarks/corpora/w44_170_varied_corpus.tsv
graph	screenshot	796	481	zenjxl	5	4.2500	17828	14075	83.2630	80.3014	2.280972	3.368665	238.326	416.719	26.664	2.9616	-32.289	-42.809	OK	89e3c405809a53c2872179d05bda80a69503b2fb	cargo run -p jxl-encoder --release --features 'parallel butteraugli-loop ssim2-loop' --example w44_170_cjxl_step025_sweep -- --image graph --effort 5 --distance-min 4.25 --distance-max 4.25 --distance-step 4.25 --strategy zenjxl --corpus-manifest benchmarks/corpora/w44_170_varied_corpus.tsv
graph	screenshot	796	481	zenjxl	5	4.5000	17581	13526	83.8603	72.8115	2.151793	3.652032	262.534	207.938	29.979	11.0488	-41.080	26.256	OK	89e3c405809a53c2872179d05bda80a69503b2fb	cargo run -p jxl-encoder --release --features 'parallel butteraugli-loop ssim2-loop' --example w44_170_cjxl_step025_sweep -- --image graph --effort 5 --distance-min 4.5 --distance-max 4.5 --distance-step 4.5 --strategy zenjxl --corpus-manifest benchmarks/corpora/w44_170_varied_corpus.tsv
graph	screenshot	796	481	zenjxl	5	4.7500	17258	13216	82.2386	74.1922	2.285111	3.530308	260.442	402.712	30.584	8.0464	-35.272	-35.328	OK	89e3c405809a53c2872179d05bda80a69503b2fb	cargo run -p jxl-encoder --release --features 'parallel butteraugli-loop ssim2-loop' --example w44_170_cjxl_step025_sweep -- --image graph --effort 5 --distance-min 4.75 --distance-max 4.75 --distance-step 4.75 --strategy zenjxl --corpus-manifest benchmarks/corpora/w44_170_varied_corpus.tsv
graph	screenshot	796	481	zenjxl	5	5.0000	16793	13178	81.5550	75.6815	2.758240	3.836208	232.549	320.927	27.432	5.8735	-28.100	-27.538	OK	89e3c405809a53c2872179d05bda80a69503b2fb	cargo run -p jxl-encoder --release --features 'parallel butteraugli-loop ssim2-loop' --example w44_170_cjxl_step025_sweep -- --image graph --effort 5 --distance-min 5 --distance-max 5 --distance-step 5 --strategy zenjxl --corpus-manifest benchmarks/corpora/w44_170_varied_corpus.tsv
graph	screenshot	796	481	zenjxl	6	0.2500	35904	34972	96.5181	96.5144	0.218638	0.219693	343.970	243.288	2.665	0.0037	-0.480	41.384	OK	89e3c405809a53c2872179d05bda80a69503b2fb	cargo run -p jxl-encoder --release --features 'parallel butteraugli-loop ssim2-loop' --example w44_170_cjxl_step025_sweep -- --image graph --effort 6 --distance-min 0.25 --distance-max 0.25 --distance-step 0.25 --strategy zenjxl --corpus-manifest benchmarks/corpora/w44_170_varied_corpus.tsv
graph	screenshot	796	481	zenjxl	6	0.5000	28291	27993	94.7690	95.0728	0.346949	0.389995	273.546	350.983	1.065	-0.3038	-11.038	-22.063	OK	89e3c405809a53c2872179d05bda80a69503b2fb	cargo run -p jxl-encoder --release --features 'parallel butteraugli-loop ssim2-loop' --example w44_170_cjxl_step025_sweep -- --image graph --effort 6 --distance-min 0.5 --distance-max 0.5 --distance-step 0.5 --strategy zenjxl --corpus-manifest benchmarks/corpora/w44_170_varied_corpus.tsv
graph	screenshot	796	481	zenjxl	6	0.7500	28356	27524	92.5940	93.2853	0.744804	0.913589	459.087	570.153	3.023	-0.6913	-18.475	-19.480	OK	89e3c405809a53c2872179d05bda80a69503b2fb	cargo run -p jxl-encoder --release --features 'parallel butteraugli-loop ssim2-loop' --example w44_170_cjxl_step025_sweep -- --image graph --effort 6 --distance-min 0.75 --distance-max 0.75 --distance-step 0.75 --strategy zenjxl --corpus-manifest benchmarks/corpora/w44_170_varied_corpus.tsv
graph	screenshot	796	481	zenjxl	6	1.0000	25247	24729	91.7339	91.9424	0.856128	1.159427	468.742	608.745	2.095	-0.2085	-26.159	-22.999	OK	89e3c405809a53c2872179d05bda80a69503b2fb	cargo run -p jxl-encoder --release --features 'parallel butteraugli-loop ssim2-loop' --example w44_170_cjxl_step025_sweep -- --image graph --effort 6 --distance-min 1 --distance-max 1 --distance-step 1 --strategy zenjxl --corpus-manifest benchmarks/corpora/w44_170_varied_corpus.tsv
graph	screenshot	796	481	zenjxl	6	1.2500	23236	22588	89.8165	90.9355	1.135757	1.121764	376.818	599.236	2.869	-1.1191	1.247	-37.117	OK	89e3c405809a53c2872179d05bda80a69503b2fb	cargo run -p jxl-encoder --release --features 'parallel butteraugli-loop ssim2-loop' --example w44_170_cjxl_step025_sweep -- --image graph --effort 6 --distance-min 1.25 --distance-max 1.25 --distance-step 1.25 --strategy zenjxl --corpus-manifest benchmarks/corpora/w44_170_varied_corpus.tsv
graph	screenshot	796	481	zenjxl	6	1.5000	21893	21281	89.2266	89.6931	1.306629	1.269574	503.660	541.799	2.876	-0.4664	2.919	-7.039	OK	89e3c405809a53c2872179d05bda80a69503b2fb	cargo run -p jxl-encoder --release --features 'parallel butteraugli-loop ssim2-loop' --example w44_170_cjxl_step025_sweep -- --image graph --effort 6 --distance-min 1.5 --distance-max 1.5 --distance-step 1.5 --strategy zenjxl --corpus-manifest benchmarks/corpora/w44_170_varied_corpus.tsv
graph	screenshot	796	481	zenjxl	6	1.7500	20560	20186	88.1684	88.9962	1.820752	1.797783	408.252	658.480	1.853	-0.8278	1.278	-38.001	OK	89e3c405809a53c2872179d05bda80a69503b2fb	cargo run -p jxl-encoder --release --features 'parallel butteraugli-loop ssim2-loop' --example w44_170_cjxl_step025_sweep -- --image graph --effort 6 --distance-min 1.75 --distance-max 1.75 --distance-step 1.75 --strategy zenjxl --corpus-manifest benchmarks/corpora/w44_170_varied_corpus.tsv
graph	screenshot	796	481	zenjxl	6	2.0000	24853	19047	89.7544	87.0901	1.031724	1.766314	464.875	569.435	30.482	2.6643	-41.589	-18.362	OK	89e3c405809a53c2872179d05bda80a69503b2fb	cargo run -p jxl-encoder --release --features 'parallel butteraugli-loop ssim2-loop' --example w44_170_cjxl_step025_sweep -- --image graph --effort 6 --distance-min 2 --distance-max 2 --distance-step 2 --strategy zenjxl --corpus-manifest benchmarks/corpora/w44_170_varied_corpus.tsv
graph	screenshot	796	481	zenjxl	6	2.2500	23639	18251	87.5027	87.4178	1.246216	1.924103	370.109	653.582	29.522	0.0849	-35.231	-43.372	OK	89e3c405809a53c2872179d05bda80a69503b2fb	cargo run -p jxl-encoder --release --features 'parallel butteraugli-loop ssim2-loop' --example w44_170_cjxl_step025_sweep -- --image graph --effort 6 --distance-min 2.25 --distance-max 2.25 --distance-step 2.25 --strategy zenjxl --corpus-manifest benchmarks/corpora/w44_170_varied_corpus.tsv
graph	screenshot	796	481	zenjxl	6	2.5000	22660	17634	89.0233	86.2782	1.281840	2.109467	528.529	571.213	28.502	2.7451	-39.234	-7.473	OK	89e3c405809a53c2872179d05bda80a69503b2fb	cargo run -p jxl-encoder --release --features 'parallel butteraugli-loop ssim2-loop' --example w44_170_cjxl_step025_sweep -- --image graph --effort 6 --distance-min 2.5 --distance-max 2.5 --distance-step 2.5 --strategy zenjxl --corpus-manifest benchmarks/corpora/w44_170_varied_corpus.tsv
graph	screenshot	796	481	zenjxl	6	2.7500	21854	17512	88.4023	83.1464	1.326957	2.168494	473.864	670.944	24.794	5.2559	-38.807	-29.374	OK	89e3c405809a53c2872179d05bda80a69503b2fb	cargo run -p jxl-encoder --release --features 'parallel butteraugli-loop ssim2-loop' --example w44_170_cjxl_step025_sweep -- --image graph --effort 6 --distance-min 2.75 --distance-max 2.75 --distance-step 2.75 --strategy zenjxl --corpus-manifest benchmarks/corpora/w44_170_varied_corpus.tsv
graph	screenshot	796	481	zenjxl	6	3.0000	21127	16701	88.1204	83.2419	1.464257	3.184392	506.011	746.924	26.501	4.8784	-54.018	-32.254	OK	89e3c405809a53c2872179d05bda80a69503b2fb	cargo run -p jxl-encoder --release --features 'parallel butteraugli-loop ssim2-loop' --example w44_170_cjxl_step025_sweep -- --image graph --effort 6 --distance-min 3 --distance-max 3 --distance-step 3 --strategy zenjxl --corpus-manifest benchmarks/corpora/w44_170_varied_corpus.tsv
graph	screenshot	796	481	zenjxl	6	3.2500	20383	15761	86.6257	83.6047	1.507509	2.678461	439.240	600.749	29.326	3.0209	-43.717	-26.885	OK	89e3c405809a53c2872179d05bda80a69503b2fb	cargo run -p jxl-encoder --release --features 'parallel butteraugli-loop ssim2-loop' --example w44_170_cjxl_step025_sweep -- --image graph --effort 6 --distance-min 3.25 --distance-max 3.25 --distance-step 3.25 --strategy zenjxl --corpus-manifest benchmarks/corpora/w44_170_varied_corpus.tsv
graph	screenshot	796	481	zenjxl	6	3.5000	19801	15341	86.9347	82.0421	1.795483	2.922003	443.518	618.839	29.072	4.8926	-38.553	-28.331	OK	89e3c405809a53c2872179d05bda80a69503b2fb	cargo run -p jxl-encoder --release --features 'parallel butteraugli-loop ssim2-loop' --example w44_170_cjxl_step025_sweep -- --image graph --effort 6 --distance-min 3.5 --distance-max 3.5 --distance-step 3.5 --strategy zenjxl --corpus-manifest benchmarks/corpora/w44_170_varied_corpus.tsv
graph	screenshot	796	481	zenjxl	6	3.7500	19155	14921	85.1414	81.8232	2.230680	3.097912	442.288	731.842	28.376	3.3182	-27.994	-39.565	OK	89e3c405809a53c2872179d05bda80a69503b2fb	cargo run -p jxl-encoder --release --features 'parallel butteraugli-loop ssim2-loop' --example w44_170_cjxl_step025_sweep -- --image graph --effort 6 --distance-min 3.75 --distance-max 3.75 --distance-step 3.75 --strategy zenjxl --corpus-manifest benchmarks/corpora/w44_170_varied_corpus.tsv
graph	screenshot	796	481	zenjxl	6	4.0000	18594	14780	85.5799	80.9967	1.946131	3.231909	618.576	735.388	25.805	4.5832	-39.784	-15.884	OK	89e3c405809a53c2872179d05bda80a69503b2fb	cargo run -p jxl-encoder --release --features 'parallel butteraugli-loop ssim2-loop' --example w44_170_cjxl_step025_sweep -- --image graph --effort 6 --distance-min 4 --distance-max 4 --distance-step 4 --strategy zenjxl --corpus-manifest benchmarks/corpora/w44_170_varied_corpus.tsv
graph	screenshot	796	481	zenjxl	6	4.2500	18402	14596	83.0947	80.1037	2.392681	3.204625	690.030	511.987	26.076	2.9910	-25.337	34.775	OK	89e3c405809a53c2872179d05bda80a69503b2fb	cargo run -p jxl-encoder --release --features 'parallel butteraugli-loop ssim2-loop' --example w44_170_cjxl_step025_sweep -- --image graph --effort 6 --distance-min 4.25 --distance-max 4.25 --distance-step 4.25 --strategy zenjxl --corpus-manifest benchmarks/corpora/w44_170_varied_corpus.tsv
graph	screenshot	796	481	zenjxl	6	4.5000	18031	14257	83.7069	72.5920	2.187606	3.920802	621.072	551.365	26.471	11.1149	-44.205	12.643	OK	89e3c405809a53c2872179d05bda80a69503b2fb	cargo run -p jxl-encoder --release --features 'parallel butteraugli-loop ssim2-loop' --example w44_170_cjxl_step025_sweep -- --image graph --effort 6 --distance-min 4.5 --distance-max 4.5 --distance-step 4.5 --strategy zenjxl --corpus-manifest benchmarks/corpora/w44_170_varied_corpus.tsv
graph	screenshot	796	481	zenjxl	6	4.7500	17657	13552	81.4650	74.0642	2.431231	3.475939	465.293	644.617	30.291	7.4007	-30.055	-27.819	OK	89e3c405809a53c2872179d05bda80a69503b2fb	cargo run -p jxl-encoder --release --features 'parallel butteraugli-loop ssim2-loop' --example w44_170_cjxl_step025_sweep -- --image graph --effort 6 --distance-min 4.75 --distance-max 4.75 --distance-step 4.75 --strategy zenjxl --corpus-manifest benchmarks/corpora/w44_170_varied_corpus.tsv
graph	screenshot	796	481	zenjxl	6	5.0000	17069	13516	80.6197	75.2953	2.803279	3.795282	475.785	483.680	26.287	5.3244	-26.138	-1.632	OK	89e3c405809a53c2872179d05bda80a69503b2fb	cargo run -p jxl-encoder --release --features 'parallel butteraugli-loop ssim2-loop' --example w44_170_cjxl_step025_sweep -- --image graph --effort 6 --distance-min 5 --distance-max 5 --distance-step 5 --strategy zenjxl --corpus-manifest benchmarks/corpora/w44_170_varied_corpus.tsv
graph	screenshot	796	481	zenjxl	7	0.2500	38575	33003	96.5389	96.4354	0.218638	0.200046	303.607	489.930	16.883	0.1036	9.294	-38.031	OK	89e3c405809a53c2872179d05bda80a69503b2fb	cargo run -p jxl-encoder --release --features 'parallel butteraugli-loop ssim2-loop' --example w44_170_cjxl_step025_sweep -- --image graph --effort 7 --distance-min 0.25 --distance-max 0.25 --distance-step 0.25 --strategy zenjxl --corpus-manifest benchmarks/corpora/w44_170_varied_corpus.tsv
graph	screenshot	796	481	zenjxl	7	0.5000	29466	26250	94.8105	94.6348	0.346943	0.706952	325.961	524.591	12.251	0.1757	-50.924	-37.864	OK	89e3c405809a53c2872179d05bda80a69503b2fb	cargo run -p jxl-encoder --release --features 'parallel butteraugli-loop ssim2-loop' --example w44_170_cjxl_step025_sweep -- --image graph --effort 7 --distance-min 0.5 --distance-max 0.5 --distance-step 0.5 --strategy zenjxl --corpus-manifest benchmarks/corpora/w44_170_varied_corpus.tsv
graph	screenshot	796	481	zenjxl	7	0.7500	28650	25927	92.5011	93.2377	0.742754	0.913589	423.368	706.689	10.503	-0.7366	-18.699	-40.091	OK	89e3c405809a53c2872179d05bda80a69503b2fb	cargo run -p jxl-encoder --release --features 'parallel butteraugli-loop ssim2-loop' --example w44_170_cjxl_step025_sweep -- --image graph --effort 7 --distance-min 0.75 --distance-max 0.75 --distance-step 0.75 --strategy zenjxl --corpus-manifest benchmarks/corpora/w44_170_varied_corpus.tsv
graph	screenshot	796	481	zenjxl	7	1.0000	25781	23484	91.7454	92.1061	0.847083	1.141968	408.597	514.839	9.781	-0.3606	-25.823	-20.636	OK	89e3c405809a53c2872179d05bda80a69503b2fb	cargo run -p jxl-encoder --release --features 'parallel butteraugli-loop ssim2-loop' --example w44_170_cjxl_step025_sweep -- --image graph --effort 7 --distance-min 1 --distance-max 1 --distance-step 1 --strategy zenjxl --corpus-manifest benchmarks/corpora/w44_170_varied_corpus.tsv
graph	screenshot	796	481	zenjxl	7	1.2500	23405	21495	89.7171	91.3708	1.139535	1.201788	416.539	623.865	8.886	-1.6537	-5.180	-33.233	OK	89e3c405809a53c2872179d05bda80a69503b2fb	cargo run -p jxl-encoder --release --features 'parallel butteraugli-loop ssim2-loop' --example w44_170_cjxl_step025_sweep -- --image graph --effort 7 --distance-min 1.25 --distance-max 1.25 --distance-step 1.25 --strategy zenjxl --corpus-manifest benchmarks/corpora/w44_170_varied_corpus.tsv
graph	screenshot	796	481	zenjxl	7	1.5000	22169	20377	89.9401	90.0871	1.286612	1.358217	479.776	676.159	8.794	-0.1469	-5.272	-29.044	OK	89e3c405809a53c2872179d05bda80a69503b2fb	cargo run -p jxl-encoder --release --features 'parallel butteraugli-loop ssim2-loop' --example w44_170_cjxl_step025_sweep -- --image graph --effort 7 --distance-min 1.5 --distance-max 1.5 --distance-step 1.5 --strategy zenjxl --corpus-manifest benchmarks/corpora/w44_170_varied_corpus.tsv
graph	screenshot	796	481	zenjxl	7	1.7500	20809	19413	88.4691	89.4879	1.820750	1.831733	486.942	528.390	7.191	-1.0188	-0.600	-7.844	OK	89e3c405809a53c2872179d05bda80a69503b2fb	cargo run -p jxl-encoder --release --features 'parallel butteraugli-loop ssim2-loop' --example w44_170_cjxl_step025_sweep -- --image graph --effort 7 --distance-min 1.75 --distance-max 1.75 --distance-step 1.75 --strategy zenjxl --corpus-manifest benchmarks/corpora/w44_170_varied_corpus.tsv
graph	screenshot	796	481	zenjxl	7	2.0000	28790	18263	91.0138	87.9955	0.851863	1.808926	414.418	720.020	57.641	3.0183	-52.908	-42.444	OK	89e3c405809a53c2872179d05bda80a69503b2fb	cargo run -p jxl-encoder --release --features 'parallel butteraugli-loop ssim2-loop' --example w44_170_cjxl_step025_sweep -- --image graph --effort 7 --distance-min 2 --distance-max 2 --distance-step 2 --strategy zenjxl --corpus-manifest benchmarks/corpora/w44_170_varied_corpus.tsv
graph	screenshot	796	481	zenjxl	7	2.2500	27452	17420	88.6440	87.5869	1.064214	1.900811	465.420	658.099	57.589	1.0571	-44.013	-29.278	OK	89e3c405809a53c2872179d05bda80a69503b2fb	cargo run -p jxl-encoder --release --features 'parallel butteraugli-loop ssim2-loop' --example w44_170_cjxl_step025_sweep -- --image graph --effort 7 --distance-min 2.25 --distance-max 2.25 --distance-step 2.25 --strategy zenjxl --corpus-manifest benchmarks/corpora/w44_170_varied_corpus.tsv
graph	screenshot	796	481	zenjxl	7	2.5000	25968	16791	89.9658	85.1819	1.036532	2.927344	396.156	594.323	54.654	4.7839	-64.591	-33.343	OK	89e3c405809a53c2872179d05bda80a69503b2fb	cargo run -p jxl-encoder --release --features 'parallel butteraugli-loop ssim2-loop' --example w44_170_cjxl_step025_sweep -- --image graph --effort 7 --distance-min 2.5 --distance-max 2.5 --distance-step 2.5 --strategy zenjxl --corpus-manifest benchmarks/corpora/w44_170_varied_corpus.tsv
graph	screenshot	796	481	zenjxl	7	2.7500	25144	16662	90.1843	82.3547	0.936042	2.170039	398.467	590.317	50.906	7.8295	-56.865	-32.500	OK	89e3c405809a53c2872179d05bda80a69503b2fb	cargo run -p jxl-encoder --release --features 'parallel butteraugli-loop ssim2-loop' --example w44_170_cjxl_step025_sweep -- --image graph --effort 7 --distance-min 2.75 --distance-max 2.75 --distance-step 2.75 --strategy zenjxl --corpus-manifest benchmarks/corpora/w44_170_varied_corpus.tsv
graph	screenshot	796	481	zenjxl	7	3.0000	24282	15751	89.8433	83.1403	1.040530	2.950247	411.742	1118.738	54.162	6.7030	-64.731	-63.196	OK	89e3c405809a53c2872179d05bda80a69503b2fb	cargo run -p jxl-encoder --release --features 'parallel butteraugli-loop ssim2-loop' --example w44_170_cjxl_step025_sweep -- --image graph --effort 7 --distance-min 3 --distance-max 3 --distance-step 3 --strategy zenjxl --corpus-manifest benchmarks/corpora/w44_170_varied_corpus.tsv
graph	screenshot	796	481	zenjxl	7	3.2500	23654	15137	88.9083	83.3579	1.131601	2.664609	487.830	591.470	56.266	5.5504	-57.532	-17.522	OK	89e3c405809a53c2872179d05bda80a69503b2fb	cargo run -p jxl-encoder --release --features 'parallel butteraugli-loop ssim2-loop' --example w44_170_cjxl_step025_sweep -- --image graph --effort 7 --distance-min 3.25 --distance-max 3.25 --distance-step 3.25 --strategy zenjxl --corpus-manifest benchmarks/corpora/w44_170_varied_corpus.tsv
graph	screenshot	796	481	zenjxl	7	3.5000	23256	14527	88.7814	82.1418	1.142694	3.053268	507.335	627.466	60.088	6.6396	-62.575	-19.146	OK	89e3c405809a53c2872179d05bda80a69503b2fb	cargo run -p jxl-encoder --release --features 'parallel butteraugli-loop ssim2-loop' --example w44_170_cjxl_step025_sweep -- --image graph --effort 7 --distance-min 3.5 --distance-max 3.5 --distance-step 3.5 --strategy zenjxl --corpus-manifest benchmarks/corpora/w44_170_varied_corpus.tsv
graph	screenshot	796	481	zenjxl	7	3.7500	22543	14184	88.7063	81.6631	1.175180	3.109044	474.377	588.406	58.933	7.0432	-62.201	-19.379	OK	89e3c405809a53c2872179d05bda80a69503b2fb	cargo run -p jxl-encoder --release --features 'parallel butteraugli-loop ssim2-loop' --example w44_170_cjxl_step025_sweep -- --image graph --effort 7 --distance-min 3.75 --distance-max 3.75 --distance-step 3.75 --strategy zenjxl --corpus-manifest benchmarks/corpora/w44_170_varied_corpus.tsv
graph	screenshot	796	481	zenjxl	7	4.0000	22023	14102	88.0501	80.7459	1.322880	3.293194	709.325	975.953	56.169	7.3043	-59.830	-27.320	OK	89e3c405809a53c2872179d05bda80a69503b2fb	cargo run -p jxl-encoder --release --features 'parallel butteraugli-loop ssim2-loop' --example w44_170_cjxl_step025_sweep -- --image graph --effort 7 --distance-min 4 --distance-max 4 --distance-step 4 --strategy zenjxl --corpus-manifest benchmarks/corpora/w44_170_varied_corpus.tsv
graph	screenshot	796	481	zenjxl	7	4.2500	21593	13808	86.2647	79.3928	1.604736	3.231732	802.892	760.755	56.380	6.8720	-50.344	5.539	OK	89e3c405809a53c2872179d05bda80a69503b2fb	cargo run -p jxl-encoder --release --features 'parallel butteraugli-loop ssim2-loop' --example w44_170_cjxl_step025_sweep -- --image graph --effort 7 --distance-min 4.25 --distance-max 4.25 --distance-step 4.25 --strategy zenjxl --corpus-manifest benchmarks/corpora/w44_170_varied_corpus.tsv
graph	screenshot	796	481	zenjxl	7	4.5000	21058	13533	86.2786	76.9209	1.808040	3.906930	735.839	752.547	55.605	9.3576	-53.722	-2.220	OK	89e3c405809a53c2872179d05bda80a69503b2fb	cargo run -p jxl-encoder --release --features 'parallel butteraugli-loop ssim2-loop' --example w44_170_cjxl_step025_sweep -- --image graph --effort 7 --distance-min 4.5 --distance-max 4.5 --distance-step 4.5 --strategy zenjxl --corpus-manifest benchmarks/corpora/w44_170_varied_corpus.tsv
graph	screenshot	796	481	zenjxl	7	4.7500	20503	12849	84.5320	76.0565	1.745614	3.475379	691.888	526.394	59.569	8.4755	-49.772	31.439	OK	89e3c405809a53c2872179d05bda80a69503b2fb	cargo run -p jxl-encoder --release --features 'parallel butteraugli-loop ssim2-loop' --example w44_170_cjxl_step025_sweep -- --image graph --effort 7 --distance-min 4.75 --distance-max 4.75 --distance-step 4.75 --strategy zenjxl --corpus-manifest benchmarks/corpora/w44_170_varied_corpus.tsv
graph	screenshot	796	481	zenjxl	7	5.0000	20055	12903	84.0754	72.3481	1.836992	3.724365	664.698	674.235	55.429	11.7274	-50.676	-1.415	OK	89e3c405809a53c2872179d05bda80a69503b2fb	cargo run -p jxl-encoder --release --features 'parallel butteraugli-loop ssim2-loop' --example w44_170_cjxl_step025_sweep -- --image graph --effort 7 --distance-min 5 --distance-max 5 --distance-step 5 --strategy zenjxl --corpus-manifest benchmarks/corpora/w44_170_varied_corpus.tsv
graph	screenshot	796	481	zenjxl	8	0.2500	35689	38414	96.0746	96.3181	0.222493	0.249272	2817.670	2162.110	-7.094	-0.2435	-10.743	30.320	OK	89e3c405809a53c2872179d05bda80a69503b2fb	cargo run -p jxl-encoder --release --features 'parallel butteraugli-loop ssim2-loop' --example w44_170_cjxl_step025_sweep -- --image graph --effort 8 --distance-min 0.25 --distance-max 0.25 --distance-step 0.25 --strategy zenjxl --corpus-manifest benchmarks/corpora/w44_170_varied_corpus.tsv
graph	screenshot	796	481	zenjxl	8	0.5000	26745	30268	94.5458	94.6115	0.445134	0.409686	1399.177	2396.516	-11.639	-0.0657	8.652	-41.616	OK	89e3c405809a53c2872179d05bda80a69503b2fb	cargo run -p jxl-encoder --release --features 'parallel butteraugli-loop ssim2-loop' --example w44_170_cjxl_step025_sweep -- --image graph --effort 8 --distance-min 0.5 --distance-max 0.5 --distance-step 0.5 --strategy zenjxl --corpus-manifest benchmarks/corpora/w44_170_varied_corpus.tsv
graph	screenshot	796	481	zenjxl	8	0.7500	26040	30187	92.7690	92.6455	0.863500	0.628951	1845.147	2256.426	-13.738	0.1235	37.292	-18.227	OK	89e3c405809a53c2872179d05bda80a69503b2fb	cargo run -p jxl-encoder --release --features 'parallel butteraugli-loop ssim2-loop' --example w44_170_cjxl_step025_sweep -- --image graph --effort 8 --distance-min 0.75 --distance-max 0.75 --distance-step 0.75 --strategy zenjxl --corpus-manifest benchmarks/corpora/w44_170_varied_corpus.tsv
graph	screenshot	796	481	zenjxl	8	1.0000	23403	26855	90.5231	91.5645	0.910698	0.948340	3197.959	2481.052	-12.854	-1.0414	-3.969	28.895	OK	89e3c405809a53c2872179d05bda80a69503b2fb	cargo run -p jxl-encoder --release --features 'parallel butteraugli-loop ssim2-loop' --example w44_170_cjxl_step025_sweep -- --image graph --effort 8 --distance-min 1 --distance-max 1 --distance-step 1 --strategy zenjxl --corpus-manifest benchmarks/corpora/w44_170_varied_corpus.tsv
graph	screenshot	796	481	zenjxl	8	1.2500	21278	24784	89.2299	90.6900	1.087012	1.402466	4003.043	2319.512	-14.146	-1.4601	-22.493	72.581	OK	89e3c405809a53c2872179d05bda80a69503b2fb	cargo run -p jxl-encoder --release --features 'parallel butteraugli-loop ssim2-loop' --example w44_170_cjxl_step025_sweep -- --image graph --effort 8 --distance-min 1.25 --distance-max 1.25 --distance-step 1.25 --strategy zenjxl --corpus-manifest benchmarks/corpora/w44_170_varied_corpus.tsv
graph	screenshot	796	481	zenjxl	8	1.5000	19739	22915	88.8495	89.9864	1.301147	1.160416	3348.602	2345.371	-13.860	-1.1368	12.128	42.775	OK	89e3c405809a53c2872179d05bda80a69503b2fb	cargo run -p jxl-encoder --release --features 'parallel butteraugli-loop ssim2-loop' --example w44_170_cjxl_step025_sweep -- --image graph --effort 8 --distance-min 1.5 --distance-max 1.5 --distance-step 1.5 --strategy zenjxl --corpus-manifest benchmarks/corpora/w44_170_varied_corpus.tsv
graph	screenshot	796	481	zenjxl	8	1.7500	18482	21843	87.6688	88.8422	1.674326	1.661003	3420.432	2725.881	-15.387	-1.1734	0.802	25.480	OK	89e3c405809a53c2872179d05bda80a69503b2fb	cargo run -p jxl-encoder --release --features 'parallel butteraugli-loop ssim2-loop' --example w44_170_cjxl_step025_sweep -- --image graph --effort 8 --distance-min 1.75 --distance-max 1.75 --distance-step 1.75 --strategy zenjxl --corpus-manifest benchmarks/corpora/w44_170_varied_corpus.tsv
graph	screenshot	796	481	zenjxl	8	2.0000	24353	20783	89.3683	87.0975	0.874890	2.080961	2467.081	2212.070	17.178	2.2708	-57.957	11.528	OK	89e3c405809a53c2872179d05bda80a69503b2fb	cargo run -p jxl-encoder --release --features 'parallel butteraugli-loop ssim2-loop' --example w44_170_cjxl_step025_sweep -- --image graph --effort 8 --distance-min 2 --distance-max 2 --distance-step 2 --strategy zenjxl --corpus-manifest benchmarks/corpora/w44_170_varied_corpus.tsv
graph	screenshot	796	481	zenjxl	8	2.2500	23798	19724	87.6183	85.0613	1.232046	2.112520	3258.202	2563.675	20.655	2.5570	-41.679	27.091	OK	89e3c405809a53c2872179d05bda80a69503b2fb	cargo run -p jxl-encoder --release --features 'parallel butteraugli-loop ssim2-loop' --example w44_170_cjxl_step025_sweep -- --image graph --effort 8 --distance-min 2.25 --distance-max 2.25 --distance-step 2.25 --strategy zenjxl --corpus-manifest benchmarks/corpora/w44_170_varied_corpus.tsv
graph	screenshot	796	481	zenjxl	8	2.5000	22712	19033	83.5675	82.9266	1.259594	2.919565	2502.498	2497.444	19.330	0.6409	-56.857	0.202	OK	89e3c405809a53c2872179d05bda80a69503b2fb	cargo run -p jxl-encoder --release --features 'parallel butteraugli-loop ssim2-loop' --example w44_170_cjxl_step025_sweep -- --image graph --effort 8 --distance-min 2.5 --distance-max 2.5 --distance-step 2.5 --strategy zenjxl --corpus-manifest benchmarks/corpora/w44_170_varied_corpus.tsv
graph	screenshot	796	481	zenjxl	8	2.7500	21140	18608	89.0951	82.1174	1.234832	2.509522	2740.147	2374.750	13.607	6.9777	-50.794	15.387	OK	89e3c405809a53c2872179d05bda80a69503b2fb	cargo run -p jxl-encoder --release --features 'parallel butteraugli-loop ssim2-loop' --example w44_170_cjxl_step025_sweep -- --image graph --effort 8 --distance-min 2.75 --distance-max 2.75 --distance-step 2.75 --strategy zenjxl --corpus-manifest benchmarks/corpora/w44_170_varied_corpus.tsv
graph	screenshot	796	481	zenjxl	8	3.0000	20830	17838	87.3770	80.2052	1.344774	2.441972	3045.514	2444.386	16.773	7.1718	-44.931	24.592	OK	89e3c405809a53c2872179d05bda80a69503b2fb	cargo run -p jxl-encoder --release --features 'parallel butteraugli-loop ssim2-loop' --example w44_170_cjxl_step025_sweep -- --image graph --effort 8 --distance-min 3 --distance-max 3 --distance-step 3 --strategy zenjxl --corpus-manifest benchmarks/corpora/w44_170_varied_corpus.tsv
graph	screenshot	796	481	zenjxl	8	3.2500	19468	17105	87.0201	80.7205	1.513761	2.913277	2791.383	2195.473	13.815	6.2997	-48.039	27.143	OK	89e3c405809a53c2872179d05bda80a69503b2fb	cargo run -p jxl-encoder --release --features 'parallel butteraugli-loop ssim2-loop' --example w44_170_cjxl_step025_sweep -- --image graph --effort 8 --distance-min 3.25 --distance-max 3.25 --distance-step 3.25 --strategy zenjxl --corpus-manifest benchmarks/corpora/w44_170_varied_corpus.tsv
graph	screenshot	796	481	zenjxl	8	3.5000	19108	16426	86.6920	80.4287	1.411217	3.394273	2841.662	2767.147	16.328	6.2633	-58.424	2.693	OK	89e3c405809a53c2872179d05bda80a69503b2fb	cargo run -p jxl-encoder --release --features 'parallel butteraugli-loop ssim2-loop' --example w44_170_cjxl_step025_sweep -- --image graph --effort 8 --distance-min 3.5 --distance-max 3.5 --distance-step 3.5 --strategy zenjxl --corpus-manifest benchmarks/corpora/w44_170_varied_corpus.tsv
graph	screenshot	796	481	zenjxl	8	3.7500	19019	15952	85.6026	78.6988	1.691299	3.224269	2488.464	2456.762	19.226	6.9039	-47.545	1.290	OK	89e3c405809a53c2872179d05bda80a69503b2fb	cargo run -p jxl-encoder --release --features 'parallel butteraugli-loop ssim2-loop' --example w44_170_cjxl_step025_sweep -- --image graph --effort 8 --distance-min 3.75 --distance-max 3.75 --distance-step 3.75 --strategy zenjxl --corpus-manifest benchmarks/corpora/w44_170_varied_corpus.tsv
graph	screenshot	796	481	zenjxl	8	4.0000	21092	15596	87.0342	78.2187	1.366834	3.468910	4023.699	2430.477	35.240	8.8154	-60.598	65.552	OK	89e3c405809a53c2872179d05bda80a69503b2fb	cargo run -p jxl-encoder --release --features 'parallel butteraugli-loop ssim2-loop' --example w44_170_cjxl_step025_sweep -- --image graph --effort 8 --distance-min 4 --distance-max 4 --distance-step 4 --strategy zenjxl --corpus-manifest benchmarks/corpora/w44_170_varied_corpus.tsv
graph	screenshot	796	481	zenjxl	8	4.2500	20399	15070	87.0061	70.8088	1.547240	3.998265	2925.655	2308.356	35.362	16.1972	-61.302	26.742	OK	89e3c405809a53c2872179d05bda80a69503b2fb	cargo run -p jxl-encoder --release --features 'parallel butteraugli-loop ssim2-loop' --example w44_170_cjxl_step025_sweep -- --image graph --effort 8 --distance-min 4.25 --distance-max 4.25 --distance-step 4.25 --strategy zenjxl --corpus-manifest benchmarks/corpora/w44_170_varied_corpus.tsv
graph	screenshot	796	481	zenjxl	8	4.5000	20246	14835	86.3392	69.7827	1.782081	4.376858	3203.344	2240.580	36.475	16.5565	-59.284	42.969	OK	89e3c405809a53c2872179d05bda80a69503b2fb	cargo run -p jxl-encoder --release --features 'parallel butteraugli-loop ssim2-loop' --example w44_170_cjxl_step025_sweep -- --image graph --effort 8 --distance-min 4.5 --distance-max 4.5 --distance-step 4.5 --strategy zenjxl --corpus-manifest benchmarks/corpora/w44_170_varied_corpus.tsv
graph	screenshot	796	481	zenjxl	8	4.7500	19413	14138	84.2903	69.9986	1.838983	3.623853	2640.927	2475.391	37.311	14.2917	-49.253	6.687	OK	89e3c405809a53c2872179d05bda80a69503b2fb	cargo run -p jxl-encoder --release --features 'parallel butteraugli-loop ssim2-loop' --example w44_170_cjxl_step025_sweep -- --image graph --effort 8 --distance-min 4.75 --distance-max 4.75 --distance-step 4.75 --strategy zenjxl --corpus-manifest benchmarks/corpora/w44_170_varied_corpus.tsv
graph	screenshot	796	481	zenjxl	8	5.0000	19259	14001	83.2486	67.5959	1.902813	3.845450	2769.701	2168.224	37.554	15.6527	-50.518	27.741	OK	89e3c405809a53c2872179d05bda80a69503b2fb	cargo run -p jxl-encoder --release --features 'parallel butteraugli-loop ssim2-loop' --example w44_170_cjxl_step025_sweep -- --image graph --effort 8 --distance-min 5 --distance-max 5 --distance-step 5 --strategy zenjxl --corpus-manifest benchmarks/corpora/w44_170_varied_corpus.tsv
graph	screenshot	796	481	zenjxl	9	0.2500	33852	37948	96.0746	96.2989	0.222493	0.249272	3397.133	2916.524	-10.794	-0.2243	-10.743	16.479	OK	89e3c405809a53c2872179d05bda80a69503b2fb	cargo run -p jxl-encoder --release --features 'parallel butteraugli-loop ssim2-loop' --example w44_170_cjxl_step025_sweep -- --image graph --effort 9 --distance-min 0.25 --distance-max 0.25 --distance-step 0.25 --strategy zenjxl --corpus-manifest benchmarks/corpora/w44_170_varied_corpus.tsv
graph	screenshot	796	481	zenjxl	9	0.5000	25261	30093	94.5458	94.6317	0.445134	0.409686	3351.864	2732.092	-16.057	-0.0859	8.652	22.685	OK	89e3c405809a53c2872179d05bda80a69503b2fb	cargo run -p jxl-encoder --release --features 'parallel butteraugli-loop ssim2-loop' --example w44_170_cjxl_step025_sweep -- --image graph --effort 9 --distance-min 0.5 --distance-max 0.5 --distance-step 0.5 --strategy zenjxl --corpus-manifest benchmarks/corpora/w44_170_varied_corpus.tsv
graph	screenshot	796	481	zenjxl	9	0.7500	26146	30217	92.7720	92.6348	0.825078	0.628951	3646.558	2925.835	-13.473	0.1372	31.183	24.633	OK	89e3c405809a53c2872179d05bda80a69503b2fb	cargo run -p jxl-encoder --release --features 'parallel butteraugli-loop ssim2-loop' --example w44_170_cjxl_step025_sweep -- --image graph --effort 9 --distance-min 0.75 --distance-max 0.75 --distance-step 0.75 --strategy zenjxl --corpus-manifest benchmarks/corpora/w44_170_varied_corpus.tsv
graph	screenshot	796	481	zenjxl	9	1.0000	23461	26870	90.5231	91.5662	0.910698	0.948340	3311.563	3251.523	-12.687	-1.0430	-3.969	1.847	OK	89e3c405809a53c2872179d05bda80a69503b2fb	cargo run -p jxl-encoder --release --features 'parallel butteraugli-loop ssim2-loop' --example w44_170_cjxl_step025_sweep -- --image graph --effort 9 --distance-min 1 --distance-max 1 --distance-step 1 --strategy zenjxl --corpus-manifest benchmarks/corpora/w44_170_varied_corpus.tsv
graph	screenshot	796	481	zenjxl	9	1.2500	21134	24814	89.2299	90.7224	1.087012	1.055948	4055.070	2878.082	-14.830	-1.4925	2.942	40.895	OK	89e3c405809a53c2872179d05bda80a69503b2fb	cargo run -p jxl-encoder --release --features 'parallel butteraugli-loop ssim2-loop' --example w44_170_cjxl_step025_sweep -- --image graph --effort 9 --distance-min 1.25 --distance-max 1.25 --distance-step 1.25 --strategy zenjxl --corpus-manifest benchmarks/corpora/w44_170_varied_corpus.tsv
graph	screenshot	796	481	zenjxl	9	1.5000	19547	22993	88.8495	89.9888	1.301147	1.160416	4627.505	2769.654	-14.987	-1.1393	12.128	67.079	OK	89e3c405809a53c2872179d05bda80a69503b2fb	cargo run -p jxl-encoder --release --features 'parallel butteraugli-loop ssim2-loop' --example w44_170_cjxl_step025_sweep -- --image graph --effort 9 --distance-min 1.5 --distance-max 1.5 --distance-step 1.5 --strategy zenjxl --corpus-manifest benchmarks/corpora/w44_170_varied_corpus.tsv
graph	screenshot	796	481	zenjxl	9	1.7500	18390	21939	87.6688	88.8510	1.674326	1.661003	4696.091	3040.103	-16.177	-1.1821	0.802	54.471	OK	89e3c405809a53c2872179d05bda80a69503b2fb	cargo run -p jxl-encoder --release --features 'parallel butteraugli-loop ssim2-loop' --example w44_170_cjxl_step025_sweep -- --image graph --effort 9 --distance-min 1.75 --distance-max 1.75 --distance-step 1.75 --strategy zenjxl --corpus-manifest benchmarks/corpora/w44_170_varied_corpus.tsv
graph	screenshot	796	481	zenjxl	9	2.0000	24403	20828	89.3683	87.0888	0.874890	2.080961	3270.292	2941.285	17.164	2.2795	-57.957	11.186	OK	89e3c405809a53c2872179d05bda80a69503b2fb	cargo run -p jxl-encoder --release --features 'parallel butteraugli-loop ssim2-loop' --example w44_170_cjxl_step025_sweep -- --image graph --effort 9 --distance-min 2 --distance-max 2 --distance-step 2 --strategy zenjxl --corpus-manifest benchmarks/corpora/w44_170_varied_corpus.tsv
graph	screenshot	796	481	zenjxl	9	2.2500	23908	19677	87.6183	85.0844	1.232046	2.112520	4572.103	3290.420	21.502	2.5339	-41.679	38.952	OK	89e3c405809a53c2872179d05bda80a69503b2fb	cargo run -p jxl-encoder --release --features 'parallel butteraugli-loop ssim2-loop' --example w44_170_cjxl_step025_sweep -- --image graph --effort 9 --distance-min 2.25 --distance-max 2.25 --distance-step 2.25 --strategy zenjxl --corpus-manifest benchmarks/corpora/w44_170_varied_corpus.tsv
graph	screenshot	796	481	zenjxl	9	2.5000	22662	19122	83.5675	83.0394	1.259594	2.496278	4565.482	3264.635	18.513	0.5281	-49.541	39.847	OK	89e3c405809a53c2872179d05bda80a69503b2fb	cargo run -p jxl-encoder --release --features 'parallel butteraugli-loop ssim2-loop' --example w44_170_cjxl_step025_sweep -- --image graph --effort 9 --distance-min 2.5 --distance-max 2.5 --distance-step 2.5 --strategy zenjxl --corpus-manifest benchmarks/corpora/w44_170_varied_corpus.tsv
graph	screenshot	796	481	zenjxl	9	2.7500	21112	18657	89.0951	82.1333	1.234832	2.509522	3894.513	2712.479	13.159	6.9618	-50.794	43.578	OK	89e3c405809a53c2872179d05bda80a69503b2fb	cargo run -p jxl-encoder --release --features 'parallel butteraugli-loop ssim2-loop' --example w44_170_cjxl_step025_sweep -- --image graph --effort 9 --distance-min 2.75 --distance-max 2.75 --distance-step 2.75 --strategy zenjxl --corpus-manifest benchmarks/corpora/w44_170_varied_corpus.tsv
graph	screenshot	796	481	zenjxl	9	3.0000	20748	17960	87.3770	80.1972	1.344774	2.441972	4146.548	3547.580	15.523	7.1798	-44.931	16.884	OK	89e3c405809a53c2872179d05bda80a69503b2fb	cargo run -p jxl-encoder --release --features 'parallel butteraugli-loop ssim2-loop' --example w44_170_cjxl_step025_sweep -- --image graph --effort 9 --distance-min 3 --distance-max 3 --distance-step 3 --strategy zenjxl --corpus-manifest benchmarks/corpora/w44_170_varied_corpus.tsv
graph	screenshot	796	481	zenjxl	9	3.2500	19575	17091	87.0201	80.7344	1.513761	2.913277	4376.929	3778.648	14.534	6.2858	-48.039	15.833	OK	89e3c405809a53c2872179d05bda80a69503b2fb	cargo run -p jxl-encoder --release --features 'parallel butteraugli-loop ssim2-loop' --example w44_170_cjxl_step025_sweep -- --image graph --effort 9 --distance-min 3.25 --distance-max 3.25 --distance-step 3.25 --strategy zenjxl --corpus-manifest benchmarks/corpora/w44_170_varied_corpus.tsv
graph	screenshot	796	481	zenjxl	9	3.5000	19128	16548	86.6920	80.4317	1.411217	3.394273	4332.213	3603.870	15.591	6.2603	-58.424	20.210	OK	89e3c405809a53c2872179d05bda80a69503b2fb	cargo run -p jxl-encoder --release --features 'parallel butteraugli-loop ssim2-loop' --example w44_170_cjxl_step025_sweep -- --image graph --effort 9 --distance-min 3.5 --distance-max 3.5 --distance-step 3.5 --strategy zenjxl --corpus-manifest benchmarks/corpora/w44_170_varied_corpus.tsv
graph	screenshot	796	481	zenjxl	9	3.7500	19000	16037	85.6026	78.7150	1.691299	3.224269	3663.943	3237.309	18.476	6.8876	-47.545	13.179	OK	89e3c405809a53c2872179d05bda80a69503b2fb	cargo run -p jxl-encoder --release --features 'parallel butteraugli-loop ssim2-loop' --example w44_170_cjxl_step025_sweep -- --image graph --effort 9 --distance-min 3.75 --distance-max 3.75 --distance-step 3.75 --strategy zenjxl --corpus-manifest benchmarks/corpora/w44_170_varied_corpus.tsv
graph	screenshot	796	481	zenjxl	9	4.0000	18537	15706	85.7145	78.2177	1.672123	3.468910	3753.224	3492.684	18.025	7.4968	-51.797	7.460	OK	89e3c405809a53c2872179d05bda80a69503b2fb	cargo run -p jxl-encoder --release --features 'parallel butteraugli-loop ssim2-loop' --example w44_170_cjxl_step025_sweep -- --image graph --effort 9 --distance-min 4 --distance-max 4 --distance-step 4 --strategy zenjxl --corpus-manifest benchmarks/corpora/w44_170_varied_corpus.tsv
graph	screenshot	796	481	zenjxl	9	4.2500	18014	15218	84.6736	70.8153	1.633977	3.998265	4482.188	3513.111	18.373	13.8583	-59.133	27.585	OK	89e3c405809a53c2872179d05bda80a69503b2fb	cargo run -p jxl-encoder --release --features 'parallel butteraugli-loop ssim2-loop' --example w44_170_cjxl_step025_sweep -- --image graph --effort 9 --distance-min 4.25 --distance-max 4.25 --distance-step 4.25 --strategy zenjxl --corpus-manifest benchmarks/corpora/w44_170_varied_corpus.tsv
graph	screenshot	796	481	zenjxl	9	4.5000	17814	14890	84.5492	69.7934	1.969192	4.376858	4747.929	2987.366	19.637	14.7558	-55.009	58.934	OK	89e3c405809a53c2872179d05bda80a69503b2fb	cargo run -p jxl-encoder --release --features 'parallel butteraugli-loop ssim2-loop' --example w44_170_cjxl_step025_sweep -- --image graph --effort 9 --distance-min 4.5 --distance-max 4.5 --distance-step 4.5 --strategy zenjxl --corpus-manifest benchmarks/corpora/w44_170_varied_corpus.tsv
graph	screenshot	796	481	zenjxl	9	4.7500	17195	14307	82.0426	70.0214	2.491886	3.623853	3392.467	3372.529	20.186	12.0212	-31.237	0.591	OK	89e3c405809a53c2872179d05bda80a69503b2fb	cargo run -p jxl-encoder --release --features 'parallel butteraugli-loop ssim2-loop' --example w44_170_cjxl_step025_sweep -- --image graph --effort 9 --distance-min 4.75 --distance-max 4.75 --distance-step 4.75 --strategy zenjxl --corpus-manifest benchmarks/corpora/w44_170_varied_corpus.tsv
graph	screenshot	796	481	zenjxl	9	5.0000	17156	14178	80.9649	67.6069	2.527888	3.845450	3405.500	3594.488	21.004	13.3580	-34.263	-5.258	OK	89e3c405809a53c2872179d05bda80a69503b2fb	cargo run -p jxl-encoder --release --features 'parallel butteraugli-loop ssim2-loop' --example w44_170_cjxl_step025_sweep -- --image graph --effort 9 --distance-min 5 --distance-max 5 --distance-step 5 --strategy zenjxl --corpus-manifest benchmarks/corpora/w44_170_varied_corpus.tsv
imac_dark	screenshot	2940	1912	zenjxl	6	1.5000	232135	517183	87.0413	87.5091	1.701542	1.682958	17593.777	4938.535	-55.116	-0.4677	1.104	256.255	OK	89e3c405809a53c2872179d05bda80a69503b2fb	cargo run -p jxl-encoder --release --features 'parallel butteraugli-loop ssim2-loop' --example w44_170_cjxl_step025_sweep -- --image imac_dark --effort 6 --distance-min 1.5 --distance-max 1.5 --distance-step 1.5 --strategy zenjxl --corpus-manifest benchmarks/corpora/w44_170_varied_corpus.tsv
imac_dark	screenshot	2940	1912	zenjxl	6	1.7500	218508	485357	86.6592	86.1715	1.822417	1.781947	9408.864	5532.776	-54.980	0.4876	2.271	70.057	OK	89e3c405809a53c2872179d05bda80a69503b2fb	cargo run -p jxl-encoder --release --features 'parallel butteraugli-loop ssim2-loop' --example w44_170_cjxl_step025_sweep -- --image imac_dark --effort 6 --distance-min 1.75 --distance-max 1.75 --distance-step 1.75 --strategy zenjxl --corpus-manifest benchmarks/corpora/w44_170_varied_corpus.tsv
imac_dark	screenshot	2940	1912	zenjxl	6	2.0000	255622	462719	89.8463	84.9035	1.339358	2.371800	9919.966	4990.944	-44.757	4.9428	-43.530	98.759	OK	89e3c405809a53c2872179d05bda80a69503b2fb	cargo run -p jxl-encoder --release --features 'parallel butteraugli-loop ssim2-loop' --example w44_170_cjxl_step025_sweep -- --image imac_dark --effort 6 --distance-min 2 --distance-max 2 --distance-step 2 --strategy zenjxl --corpus-manifest benchmarks/corpora/w44_170_varied_corpus.tsv
imac_dark	screenshot	2940	1912	zenjxl	6	2.2500	245154	438994	89.0661	83.5687	1.396339	2.452425	10950.200	6187.754	-44.156	5.4974	-43.063	76.966	OK	89e3c405809a53c2872179d05bda80a69503b2fb	cargo run -p jxl-encoder --release --features 'parallel butteraugli-loop ssim2-loop' --example w44_170_cjxl_step025_sweep -- --image imac_dark --effort 6 --distance-min 2.25 --distance-max 2.25 --distance-step 2.25 --strategy zenjxl --corpus-manifest benchmarks/corpora/w44_170_varied_corpus.tsv
imac_dark	screenshot	2940	1912	zenjxl	6	2.5000	232668	418138	88.1406	82.5548	1.677754	2.280166	9875.221	5802.578	-44.356	5.5857	-26.420	70.187	OK	89e3c405809a53c2872179d05bda80a69503b2fb	cargo run -p jxl-encoder --release --features 'parallel butteraugli-loop ssim2-loop' --example w44_170_cjxl_step025_sweep -- --image imac_dark --effort 6 --distance-min 2.5 --distance-max 2.5 --distance-step 2.5 --strategy zenjxl --corpus-manifest benchmarks/corpora/w44_170_varied_corpus.tsv
imac_dark	screenshot	2940	1912	zenjxl	6	2.7500	225217	399865	87.5125	81.0546	1.904979	2.831843	8437.649	5948.165	-43.677	6.4579	-32.730	41.853	OK	89e3c405809a53c2872179d05bda80a69503b2fb	cargo run -p jxl-encoder --release --features 'parallel butteraugli-loop ssim2-loop' --example w44_170_cjxl_step025_sweep -- --image imac_dark --effort 6 --distance-min 2.75 --distance-max 2.75 --distance-step 2.75 --strategy zenjxl --corpus-manifest benchmarks/corpora/w44_170_varied_corpus.tsv
imac_dark	screenshot	2940	1912	zenjxl	6	3.0000	218262	385649	86.7442	79.4222	2.010592	2.861141	9994.558	5915.145	-43.404	7.3221	-29.728	68.966	OK	89e3c405809a53c2872179d05bda80a69503b2fb	cargo run -p jxl-encoder --release --features 'parallel butteraugli-loop ssim2-loop' --example w44_170_cjxl_step025_sweep -- --image imac_dark --effort 6 --distance-min 3 --distance-max 3 --distance-step 3 --strategy zenjxl --corpus-manifest benchmarks/corpora/w44_170_varied_corpus.tsv
imac_dark	screenshot	2940	1912	zenjxl	6	3.2500	210741	371955	85.9044	78.5990	1.813946	3.083296	10348.402	6075.351	-43.342	7.3054	-41.169	70.334	OK	89e3c405809a53c2872179d05bda80a69503b2fb	cargo run -p jxl-encoder --release --features 'parallel butteraugli-loop ssim2-loop' --example w44_170_cjxl_step025_sweep -- --image imac_dark --effort 6 --distance-min 3.25 --distance-max 3.25 --distance-step 3.25 --strategy zenjxl --corpus-manifest benchmarks/corpora/w44_170_varied_corpus.tsv
imac_dark	screenshot	2940	1912	zenjxl	7	4.2500	217329	155276	84.7461	77.0743	1.906647	4.972309	21505.441	9050.679	39.963	7.6718	-61.655	137.611	OK	89e3c405809a53c2872179d05bda80a69503b2fb	cargo run -p jxl-encoder --release --features 'parallel butteraugli-loop ssim2-loop' --example w44_170_cjxl_step025_sweep -- --image imac_dark --effort 7 --distance-min 4.25 --distance-max 4.25 --distance-step 4.25 --strategy zenjxl --corpus-manifest benchmarks/corpora/w44_170_varied_corpus.tsv
imac_dark	screenshot	2940	1912	zenjxl	7	4.5000	212309	149909	82.5257	76.7816	1.882255	4.166098	17014.013	8457.458	41.625	5.7442	-54.820	101.172	OK	89e3c405809a53c2872179d05bda80a69503b2fb	cargo run -p jxl-encoder --release --features 'parallel butteraugli-loop ssim2-loop' --example w44_170_cjxl_step025_sweep -- --image imac_dark --effort 7 --distance-min 4.5 --distance-max 4.5 --distance-step 4.5 --strategy zenjxl --corpus-manifest benchmarks/corpora/w44_170_varied_corpus.tsv
imac_dark	screenshot	2940	1912	zenjxl	7	4.7500	207501	142138	80.6213	76.5417	2.004796	4.500744	15260.520	7353.472	45.986	4.0796	-55.456	107.528	OK	89e3c405809a53c2872179d05bda80a69503b2fb	cargo run -p jxl-encoder --release --features 'parallel butteraugli-loop ssim2-loop' --example w44_170_cjxl_step025_sweep -- --image imac_dark --effort 7 --distance-min 4.75 --distance-max 4.75 --distance-step 4.75 --strategy zenjxl --corpus-manifest benchmarks/corpora/w44_170_varied_corpus.tsv
imac_dark	screenshot	2940	1912	zenjxl	7	5.0000	207792	138024	78.3312	75.7733	2.359625	4.675808	11300.580	8088.008	50.548	2.5579	-49.535	39.720	OK	89e3c405809a53c2872179d05bda80a69503b2fb	cargo run -p jxl-encoder --release --features 'parallel butteraugli-loop ssim2-loop' --example w44_170_cjxl_step025_sweep -- --image imac_dark --effort 7 --distance-min 5 --distance-max 5 --distance-step 5 --strategy zenjxl --corpus-manifest benchmarks/corpora/w44_170_varied_corpus.tsv
imac_dark	screenshot	2940	1912	zenjxl	8	0.2500	383550	806081	94.7329	94.9708	0.388260	0.503025	35374.494	3118.168	-52.418	-0.2379	-22.815	1034.464	OK	89e3c405809a53c2872179d05bda80a69503b2fb	cargo run -p jxl-encoder --release --features 'parallel butteraugli-loop ssim2-loop' --example w44_170_cjxl_step025_sweep -- --image imac_dark --effort 8 --distance-min 0.25 --distance-max 0.25 --distance-step 0.25 --strategy zenjxl --corpus-manifest benchmarks/corpora/w44_170_varied_corpus.tsv
imac_dark	screenshot	2940	1912	zenjxl	8	0.5000	296023	660951	93.3506	93.6804	0.650953	0.890062	33681.241	3328.130	-55.213	-0.3298	-26.864	912.017	OK	89e3c405809a53c2872179d05bda80a69503b2fb	cargo run -p jxl-encoder --release --features 'parallel butteraugli-loop ssim2-loop' --example w44_170_cjxl_step025_sweep -- --image imac_dark --effort 8 --distance-min 0.5 --distance-max 0.5 --distance-step 0.5 --strategy zenjxl --corpus-manifest benchmarks/corpora/w44_170_varied_corpus.tsv
imac_dark	screenshot	2940	1912	zenjxl	8	0.7500	280222	406400	91.7267	92.9435	0.961489	0.951311	40216.755	35659.254	-31.048	-1.2168	1.070	12.781	OK	89e3c405809a53c2872179d05bda80a69503b2fb	cargo run -p jxl-encoder --release --features 'parallel butteraugli-loop ssim2-loop' --example w44_170_cjxl_step025_sweep -- --image imac_dark --effort 8 --distance-min 0.75 --distance-max 0.75 --distance-step 0.75 --strategy zenjxl --corpus-manifest benchmarks/corpora/w44_170_varied_corpus.tsv
imac_dark	screenshot	2940	1912	zenjxl	8	1.0000	246161	367048	89.8130	91.7906	1.216922	1.315581	45214.436	34050.844	-32.935	-1.9776	-7.499	32.785	OK	89e3c405809a53c2872179d05bda80a69503b2fb	cargo run -p jxl-encoder --release --features 'parallel butteraugli-loop ssim2-loop' --example w44_170_cjxl_step025_sweep -- --image imac_dark --effort 8 --distance-min 1 --distance-max 1 --distance-step 1 --strategy zenjxl --corpus-manifest benchmarks/corpora/w44_170_varied_corpus.tsv
imac_dark	screenshot	2940	1912	zenjxl	8	1.2500	225482	339216	88.9429	90.3703	1.516141	1.598501	46476.486	34210.985	-33.528	-1.4274	-5.152	35.853	OK	89e3c405809a53c2872179d05bda80a69503b2fb	cargo run -p jxl-encoder --release --features 'parallel butteraugli-loop ssim2-loop' --example w44_170_cjxl_step025_sweep -- --image imac_dark --effort 8 --distance-min 1.25 --distance-max 1.25 --distance-step 1.25 --strategy zenjxl --corpus-manifest benchmarks/corpora/w44_170_varied_corpus.tsv
imac_dark	screenshot	2940	1912	zenjxl	8	1.5000	208379	303905	87.4471	89.0475	1.669766	1.794338	40892.859	35599.139	-31.433	-1.6004	-6.943	14.870	OK	89e3c405809a53c2872179d05bda80a69503b2fb	cargo run -p jxl-encoder --release --features 'parallel butteraugli-loop ssim2-loop' --example w44_170_cjxl_step025_sweep -- --image imac_dark --effort 8 --distance-min 1.5 --distance-max 1.5 --distance-step 1.5 --strategy zenjxl --corpus-manifest benchmarks/corpora/w44_170_varied_corpus.tsv
imac_dark	screenshot	2940	1912	zenjxl	8	1.7500	195843	291200	85.6999	87.4645	1.956095	1.938614	44049.572	37996.473	-32.746	-1.7647	0.902	15.931	OK	89e3c405809a53c2872179d05bda80a69503b2fb	cargo run -p jxl-encoder --release --features 'parallel butteraugli-loop ssim2-loop' --example w44_170_cjxl_step025_sweep -- --image imac_dark --effort 8 --distance-min 1.75 --distance-max 1.75 --distance-step 1.75 --strategy zenjxl --corpus-manifest benchmarks/corpora/w44_170_varied_corpus.tsv
imac_dark	screenshot	2940	1912	zenjxl	8	2.0000	256216	277852	89.6536	86.8452	1.056942	2.249790	42618.752	33958.170	-7.787	2.8084	-53.020	25.504	OK	89e3c405809a53c2872179d05bda80a69503b2fb	cargo run -p jxl-encoder --release --features 'parallel butteraugli-loop ssim2-loop' --example w44_170_cjxl_step025_sweep -- --image imac_dark --effort 8 --distance-min 2 --distance-max 2 --distance-step 2 --strategy zenjxl --corpus-manifest benchmarks/corpora/w44_170_varied_corpus.tsv
imac_dark	screenshot	2940	1912	zenjxl	8	2.2500	238333	265305	89.3070	84.6318	1.293528	2.824005	41724.082	35182.602	-10.166	4.6752	-54.195	18.593	OK	89e3c405809a53c2872179d05bda80a69503b2fb	cargo run -p jxl-encoder --release --features 'parallel butteraugli-loop ssim2-loop' --example w44_170_cjxl_step025_sweep -- --image imac_dark --effort 8 --distance-min 2.25 --distance-max 2.25 --distance-step 2.25 --strategy zenjxl --corpus-manifest benchmarks/corpora/w44_170_varied_corpus.tsv
imac_dark	screenshot	2940	1912	zenjxl	8	3.2500	208801	226183	86.2740	80.7113	1.691348	3.575818	44078.100	32718.126	-7.685	5.5627	-52.700	34.721	OK	89e3c405809a53c2872179d05bda80a69503b2fb	cargo run -p jxl-encoder --release --features 'parallel butteraugli-loop ssim2-loop' --example w44_170_cjxl_step025_sweep -- --image imac_dark --effort 8 --distance-min 3.25 --distance-max 3.25 --distance-step 3.25 --strategy zenjxl --corpus-manifest benchmarks/corpora/w44_170_varied_corpus.tsv
imac_dark	screenshot	2940	1912	zenjxl	8	3.5000	202673	223334	85.7588	79.4699	2.079621	3.403560	42744.330	38021.889	-9.251	6.2888	-38.899	12.420	OK	89e3c405809a53c2872179d05bda80a69503b2fb	cargo run -p jxl-encoder --release --features 'parallel butteraugli-loop ssim2-loop' --example w44_170_cjxl_step025_sweep -- --image imac_dark --effort 8 --distance-min 3.5 --distance-max 3.5 --distance-step 3.5 --strategy zenjxl --corpus-manifest benchmarks/corpora/w44_170_varied_corpus.tsv
imac_dark	screenshot	2940	1912	zenjxl	9	0.2500	383997	805513	94.7318	94.9708	0.283330	0.503025	63881.913	4521.552	-52.329	-0.2389	-43.675	1312.832	OK	89e3c405809a53c2872179d05bda80a69503b2fb	cargo run -p jxl-encoder --release --features 'parallel butteraugli-loop ssim2-loop' --example w44_170_cjxl_step025_sweep -- --image imac_dark --effort 9 --distance-min 0.25 --distance-max 0.25 --distance-step 0.25 --strategy zenjxl --corpus-manifest benchmarks/corpora/w44_170_varied_corpus.tsv
imac_dark	screenshot	2940	1912	zenjxl	9	0.5000	296980	660080	93.3504	93.6804	0.559269	0.890062	64839.758	3937.214	-55.008	-0.3300	-37.165	1546.844	OK	89e3c405809a53c2872179d05bda80a69503b2fb	cargo run -p jxl-encoder --release --features 'parallel butteraugli-loop ssim2-loop' --example w44_170_cjxl_step025_sweep -- --image imac_dark --effort 9 --distance-min 0.5 --distance-max 0.5 --distance-step 0.5 --strategy zenjxl --corpus-manifest benchmarks/corpora/w44_170_varied_corpus.tsv
imac_dark	screenshot	2940	1912	zenjxl	9	2.2500	238953	265976	89.3070	84.6696	1.293528	2.354031	67720.665	47494.380	-10.160	4.6374	-45.051	42.587	OK	89e3c405809a53c2872179d05bda80a69503b2fb	cargo run -p jxl-encoder --release --features 'parallel butteraugli-loop ssim2-loop' --example w44_170_cjxl_step025_sweep -- --image imac_dark --effort 9 --distance-min 2.25 --distance-max 2.25 --distance-step 2.25 --strategy zenjxl --corpus-manifest benchmarks/corpora/w44_170_varied_corpus.tsv
imac_dark	screenshot	2940	1912	zenjxl	9	2.5000	230261	260445	87.3068	83.8811	1.346139	2.539872	68130.979	57205.338	-11.589	3.4257	-47.000	19.099	OK	89e3c405809a53c2872179d05bda80a69503b2fb	cargo run -p jxl-encoder --release --features 'parallel butteraugli-loop ssim2-loop' --example w44_170_cjxl_step025_sweep -- --image imac_dark --effort 9 --distance-min 2.5 --distance-max 2.5 --distance-step 2.5 --strategy zenjxl --corpus-manifest benchmarks/corpora/w44_170_varied_corpus.tsv
imac_g3	screenshot	2940	1912	zenjxl	5	5.0000	140942	267332	82.9338	74.1750	2.676325	4.691537	5433.774	2479.934	-47.278	8.7588	-42.954	119.110	OK	89e3c405809a53c2872179d05bda80a69503b2fb	cargo run -p jxl-encoder --release --features 'parallel butteraugli-loop ssim2-loop' --example w44_170_cjxl_step025_sweep -- --image imac_g3 --effort 5 --distance-min 5 --distance-max 5 --distance-step 5 --strategy zenjxl --corpus-manifest benchmarks/corpora/w44_170_varied_corpus.tsv
imac_g3	screenshot	2940	1912	zenjxl	6	0.2500	301688	718343	90.9151	90.5649	0.381900	0.383536	5928.388	3141.460	-58.002	0.3502	-0.427	88.714	OK	89e3c405809a53c2872179d05bda80a69503b2fb	cargo run -p jxl-encoder --release --features 'parallel butteraugli-loop ssim2-loop' --example w44_170_cjxl_step025_sweep -- --image imac_g3 --effort 6 --distance-min 0.25 --distance-max 0.25 --distance-step 0.25 --strategy zenjxl --corpus-manifest benchmarks/corpora/w44_170_varied_corpus.tsv
imac_g3	screenshot	2940	1912	zenjxl	6	0.5000	243291	598028	90.2343	89.4861	0.708173	0.714167	6475.473	3541.546	-59.318	0.7482	-0.839	82.843	OK	89e3c405809a53c2872179d05bda80a69503b2fb	cargo run -p jxl-encoder --release --features 'parallel butteraugli-loop ssim2-loop' --example w44_170_cjxl_step025_sweep -- --image imac_g3 --effort 6 --distance-min 0.5 --distance-max 0.5 --distance-step 0.5 --strategy zenjxl --corpus-manifest benchmarks/corpora/w44_170_varied_corpus.tsv
imac_g3	screenshot	2940	1912	zenjxl	6	0.7500	243527	608925	89.2366	88.0809	1.239384	1.144574	8570.729	5332.921	-60.007	1.1556	8.283	60.714	OK	89e3c405809a53c2872179d05bda80a69503b2fb	cargo run -p jxl-encoder --release --features 'parallel butteraugli-loop ssim2-loop' --example w44_170_cjxl_step025_sweep -- --image imac_g3 --effort 6 --distance-min 0.75 --distance-max 0.75 --distance-step 0.75 --strategy zenjxl --corpus-manifest benchmarks/corpora/w44_170_varied_corpus.tsv
imac_g3	screenshot	2940	1912	zenjxl	6	1.0000	220983	546020	88.4183	86.8346	1.124181	1.311112	10017.801	5860.676	-59.528	1.5837	-14.257	70.933	OK	89e3c405809a53c2872179d05bda80a69503b2fb	cargo run -p jxl-encoder --release --features 'parallel butteraugli-loop ssim2-loop' --example w44_170_cjxl_step025_sweep -- --image imac_g3 --effort 6 --distance-min 1 --distance-max 1 --distance-step 1 --strategy zenjxl --corpus-manifest benchmarks/corpora/w44_170_varied_corpus.tsv
imac_g3	screenshot	2940	1912	zenjxl	6	1.2500	201832	502712	87.8832	85.8962	1.376557	1.355157	9353.481	6426.310	-59.851	1.9870	1.579	45.550	OK	89e3c405809a53c2872179d05bda80a69503b2fb	cargo run -p jxl-encoder --release --features 'parallel butteraugli-loop ssim2-loop' --example w44_170_cjxl_step025_sweep -- --image imac_g3 --effort 6 --distance-min 1.25 --distance-max 1.25 --distance-step 1.25 --strategy zenjxl --corpus-manifest benchmarks/corpora/w44_170_varied_corpus.tsv
imac_g3	screenshot	2940	1912	zenjxl	6	1.5000	189043	469718	86.7483	84.9544	1.613489	1.566028	11340.694	6335.888	-59.754	1.7939	3.031	78.991	OK	89e3c405809a53c2872179d05bda80a69503b2fb	cargo run -p jxl-encoder --release --features 'parallel butteraugli-loop ssim2-loop' --example w44_170_cjxl_step025_sweep -- --image imac_g3 --effort 6 --distance-min 1.5 --distance-max 1.5 --distance-step 1.5 --strategy zenjxl --corpus-manifest benchmarks/corpora/w44_170_varied_corpus.tsv
imac_g3	screenshot	2940	1912	zenjxl	7	2.7500	216542	364253	85.8576	82.5444	2.389926	2.447183	14072.145	5389.631	-40.552	3.3132	-2.340	161.097	OK	89e3c405809a53c2872179d05bda80a69503b2fb	cargo run -p jxl-encoder --release --features 'parallel butteraugli-loop ssim2-loop' --example w44_170_cjxl_step025_sweep -- --image imac_g3 --effort 7 --distance-min 2.75 --distance-max 2.75 --distance-step 2.75 --strategy zenjxl --corpus-manifest benchmarks/corpora/w44_170_varied_corpus.tsv
imac_g3	screenshot	2940	1912	zenjxl	7	3.0000	210169	161648	85.5980	83.4072	2.555951	2.727096	8871.998	8748.655	30.016	2.1908	-6.276	1.410	OK	89e3c405809a53c2872179d05bda80a69503b2fb	cargo run -p jxl-encoder --release --features 'parallel butteraugli-loop ssim2-loop' --example w44_170_cjxl_step025_sweep -- --image imac_g3 --effort 7 --distance-min 3 --distance-max 3 --distance-step 3 --strategy zenjxl --corpus-manifest benchmarks/corpora/w44_170_varied_corpus.tsv
imac_g3	screenshot	2940	1912	zenjxl	7	3.2500	203599	158117	86.2951	82.9438	2.516792	2.690390	9713.266	6919.079	28.765	3.3513	-6.453	40.384	OK	89e3c405809a53c2872179d05bda80a69503b2fb	cargo run -p jxl-encoder --release --features 'parallel butteraugli-loop ssim2-loop' --example w44_170_cjxl_step025_sweep -- --image imac_g3 --effort 7 --distance-min 3.25 --distance-max 3.25 --distance-step 3.25 --strategy zenjxl --corpus-manifest benchmarks/corpora/w44_170_varied_corpus.tsv
imac_g3	screenshot	2940	1912	zenjxl	7	3.5000	199922	151718	83.0728	82.1597	3.416984	3.051502	9662.417	9197.875	31.772	0.9131	11.977	5.051	OK	89e3c405809a53c2872179d05bda80a69503b2fb	cargo run -p jxl-encoder --release --features 'parallel butteraugli-loop ssim2-loop' --example w44_170_cjxl_step025_sweep -- --image imac_g3 --effort 7 --distance-min 3.5 --distance-max 3.5 --distance-step 3.5 --strategy zenjxl --corpus-manifest benchmarks/corpora/w44_170_varied_corpus.tsv
imac_g3	screenshot	2940	1912	zenjxl	7	3.7500	191660	151878	86.0296	80.8339	2.154906	3.084280	8728.179	9205.010	26.193	5.1956	-30.133	-5.180	OK	89e3c405809a53c2872179d05bda80a69503b2fb	cargo run -p jxl-encoder --release --features 'parallel butteraugli-loop ssim2-loop' --example w44_170_cjxl_step025_sweep -- --image imac_g3 --effort 7 --distance-min 3.75 --distance-max 3.75 --distance-step 3.75 --strategy zenjxl --corpus-manifest benchmarks/corpora/w44_170_varied_corpus.tsv
imac_g3	screenshot	2940	1912	zenjxl	7	4.0000	190064	146832	86.0038	81.2636	2.255854	3.236752	13596.264	8842.505	29.443	4.7402	-30.305	53.760	OK	89e3c405809a53c2872179d05bda80a69503b2fb	cargo run -p jxl-encoder --release --features 'parallel butteraugli-loop ssim2-loop' --example w44_170_cjxl_step025_sweep -- --image imac_g3 --effort 7 --distance-min 4 --distance-max 4 --distance-step 4 --strategy zenjxl --corpus-manifest benchmarks/corpora/w44_170_varied_corpus.tsv
imac_g3	screenshot	2940	1912	zenjxl	7	4.2500	184043	144208	85.3388	79.5223	2.123153	3.508194	13192.437	10101.189	27.623	5.8165	-39.480	30.603	OK	89e3c405809a53c2872179d05bda80a69503b2fb	cargo run -p jxl-encoder --release --features 'parallel butteraugli-loop ssim2-loop' --example w44_170_cjxl_step025_sweep -- --image imac_g3 --effort 7 --distance-min 4.25 --distance-max 4.25 --distance-step 4.25 --strategy zenjxl --corpus-manifest benchmarks/corpora/w44_170_varied_corpus.tsv
imac_g3	screenshot	2940	1912	zenjxl	8	1.7500	165117	279936	85.1941	86.8440	2.332041	1.918052	44817.959	35263.844	-41.016	-1.6499	21.584	27.093	OK	89e3c405809a53c2872179d05bda80a69503b2fb	cargo run -p jxl-encoder --release --features 'parallel butteraugli-loop ssim2-loop' --example w44_170_cjxl_step025_sweep -- --image imac_g3 --effort 8 --distance-min 1.75 --distance-max 1.75 --distance-step 1.75 --strategy zenjxl --corpus-manifest benchmarks/corpora/w44_170_varied_corpus.tsv
imac_g3	screenshot	2940	1912	zenjxl	8	2.0000	212777	290090	87.0229	86.1258	1.337534	2.041082	44534.503	41944.060	-26.651	0.8971	-34.469	6.176	OK	89e3c405809a53c2872179d05bda80a69503b2fb	cargo run -p jxl-encoder --release --features 'parallel butteraugli-loop ssim2-loop' --example w44_170_cjxl_step025_sweep -- --image imac_g3 --effort 8 --distance-min 2 --distance-max 2 --distance-step 2 --strategy zenjxl --corpus-manifest benchmarks/corpora/w44_170_varied_corpus.tsv
imac_g3	screenshot	2940	1912	zenjxl	9	0.5000	229292	592259	89.8513	89.9843	0.550367	0.710297	62731.059	3507.491	-61.285	-0.1331	-22.516	1688.488	OK	89e3c405809a53c2872179d05bda80a69503b2fb	cargo run -p jxl-encoder --release --features 'parallel butteraugli-loop ssim2-loop' --example w44_170_cjxl_step025_sweep -- --image imac_g3 --effort 9 --distance-min 0.5 --distance-max 0.5 --distance-step 0.5 --strategy zenjxl --corpus-manifest benchmarks/corpora/w44_170_varied_corpus.tsv
imac_g3	screenshot	2940	1912	zenjxl	9	0.7500	230978	399991	88.7847	89.6603	0.823257	0.932395	64152.219	51125.862	-42.254	-0.8756	-11.705	25.479	OK	89e3c405809a53c2872179d05bda80a69503b2fb	cargo run -p jxl-encoder --release --features 'parallel butteraugli-loop ssim2-loop' --example w44_170_cjxl_step025_sweep -- --image imac_g3 --effort 9 --distance-min 0.75 --distance-max 0.75 --distance-step 0.75 --strategy zenjxl --corpus-manifest benchmarks/corpora/w44_170_varied_corpus.tsv
imac_g3	screenshot	2940	1912	zenjxl	9	4.5000	0	213112	0.0000	79.6408	0.000000	4.539021	0.000	50484.823	-100.000	-79.6408	-100.000	-100.000	FAILED	89e3c405809a53c2872179d05bda80a69503b2fb	cargo run -p jxl-encoder --release --features 'parallel butteraugli-loop ssim2-loop' --example w44_170_cjxl_step025_sweep -- --image imac_g3 --effort 9 --distance-min 4.5 --distance-max 4.5 --distance-step 4.5 --strategy zenjxl --corpus-manifest benchmarks/corpora/w44_170_varied_corpus.tsv
imac_g3	screenshot	2940	1912	zenjxl	9	4.7500	0	195074	0.0000	78.9515	0.000000	3.873308	0.000	56687.646	-100.000	-78.9515	-100.000	-100.000	FAILED	89e3c405809a53c2872179d05bda80a69503b2fb	cargo run -p jxl-encoder --release --features 'parallel butteraugli-loop ssim2-loop' --example w44_170_cjxl_step025_sweep -- --image imac_g3 --effort 9 --distance-min 4.75 --distance-max 4.75 --distance-step 4.75 --strategy zenjxl --corpus-manifest benchmarks/corpora/w44_170_varied_corpus.tsv
terminal	screenshot	1646	1062	zenjxl	5	0.2500	61726	186503	96.2730	95.8713	0.240646	0.256219	1353.437	1082.827	-66.903	0.4017	-6.078	24.991	OK	89e3c405809a53c2872179d05bda80a69503b2fb	cargo run -p jxl-encoder --release --features 'parallel butteraugli-loop ssim2-loop' --example w44_170_cjxl_step025_sweep -- --image terminal --effort 5 --distance-min 0.25 --distance-max 0.25 --distance-step 0.25 --strategy zenjxl --corpus-manifest benchmarks/corpora/w44_170_varied_corpus.tsv
terminal	screenshot	1646	1062	zenjxl	5	0.5000	49759	147952	94.7670	94.6774	0.398856	0.428858	1468.170	887.450	-66.368	0.0896	-6.996	65.437	OK	89e3c405809a53c2872179d05bda80a69503b2fb	cargo run -p jxl-encoder --release --features 'parallel butteraugli-loop ssim2-loop' --example w44_170_cjxl_step025_sweep -- --image terminal --effort 5 --distance-min 0.5 --distance-max 0.5 --distance-step 0.5 --strategy zenjxl --corpus-manifest benchmarks/corpora/w44_170_varied_corpus.tsv
terminal	screenshot	1646	1062	zenjxl	5	0.7500	56874	149616	92.0941	93.4683	0.591076	0.652776	1651.437	1137.143	-61.987	-1.3742	-9.452	45.227	OK	89e3c405809a53c2872179d05bda80a69503b2fb	cargo run -p jxl-encoder --release --features 'parallel butteraugli-loop ssim2-loop' --example w44_170_cjxl_step025_sweep -- --image terminal --effort 5 --distance-min 0.75 --distance-max 0.75 --distance-step 0.75 --strategy zenjxl --corpus-manifest benchmarks/corpora/w44_170_varied_corpus.tsv
terminal	screenshot	1646	1062	zenjxl	5	1.0000	51835	133671	92.4419	92.2658	0.742616	0.755738	1618.320	1293.213	-61.222	0.1761	-1.736	25.140	OK	89e3c405809a53c2872179d05bda80a69503b2fb	cargo run -p jxl-encoder --release --features 'parallel butteraugli-loop ssim2-loop' --example w44_170_cjxl_step025_sweep -- --image terminal --effort 5 --distance-min 1 --distance-max 1 --distance-step 1 --strategy zenjxl --corpus-manifest benchmarks/corpora/w44_170_varied_corpus.tsv
terminal	screenshot	1646	1062	zenjxl	5	1.2500	47009	121597	91.0379	90.8395	0.766060	0.964202	1463.861	1200.534	-61.340	0.1984	-20.550	21.934	OK	89e3c405809a53c2872179d05bda80a69503b2fb	cargo run -p jxl-encoder --release --features 'parallel butteraugli-loop ssim2-loop' --example w44_170_cjxl_step025_sweep -- --image terminal --effort 5 --distance-min 1.25 --distance-max 1.25 --distance-step 1.25 --strategy zenjxl --corpus-manifest benchmarks/corpora/w44_170_varied_corpus.tsv
terminal	screenshot	1646	1062	zenjxl	5	1.5000	43919	111615	92.4011	90.1675	0.976698	1.212887	1971.335	1237.589	-60.651	2.2336	-19.473	59.288	OK	89e3c405809a53c2872179d05bda80a69503b2fb	cargo run -p jxl-encoder --release --features 'parallel butteraugli-loop ssim2-loop' --example w44_170_cjxl_step025_sweep -- --image terminal --effort 5 --distance-min 1.5 --distance-max 1.5 --distance-step 1.5 --strategy zenjxl --corpus-manifest benchmarks/corpora/w44_170_varied_corpus.tsv
terminal	screenshot	1646	1062	zenjxl	5	1.7500	40775	105081	90.2975	88.6861	1.205145	1.381797	1278.207	1413.607	-61.197	1.6114	-12.784	-9.578	OK	89e3c405809a53c2872179d05bda80a69503b2fb	cargo run -p jxl-encoder --release --features 'parallel butteraugli-loop ssim2-loop' --example w44_170_cjxl_step025_sweep -- --image terminal --effort 5 --distance-min 1.75 --distance-max 1.75 --distance-step 1.75 --strategy zenjxl --corpus-manifest benchmarks/corpora/w44_170_varied_corpus.tsv
terminal	screenshot	1646	1062	zenjxl	5	2.0000	40040	99694	88.9834	88.3996	1.255116	1.417875	1310.103	1411.647	-59.837	0.5837	-11.479	-7.193	OK	89e3c405809a53c2872179d05bda80a69503b2fb	cargo run -p jxl-encoder --release --features 'parallel butteraugli-loop ssim2-loop' --example w44_170_cjxl_step025_sweep -- --image terminal --effort 5 --distance-min 2 --distance-max 2 --distance-step 2 --strategy zenjxl --corpus-manifest benchmarks/corpora/w44_170_varied_corpus.tsv
terminal	screenshot	1646	1062	zenjxl	5	2.2500	38620	93872	84.1636	87.0406	1.425299	1.456415	1336.116	847.546	-58.859	-2.8770	-2.136	57.645	OK	89e3c405809a53c2872179d05bda80a69503b2fb	cargo run -p jxl-encoder --release --features 'parallel butteraugli-loop ssim2-loop' --example w44_170_cjxl_step025_sweep -- --image terminal --effort 5 --distance-min 2.25 --distance-max 2.25 --distance-step 2.25 --strategy zenjxl --corpus-manifest benchmarks/corpora/w44_170_varied_corpus.tsv
terminal	screenshot	1646	1062	zenjxl	5	2.5000	35915	88741	88.3965	86.8631	1.573333	1.639219	1227.423	1618.485	-59.528	1.5333	-4.019	-24.162	OK	89e3c405809a53c2872179d05bda80a69503b2fb	cargo run -p jxl-encoder --release --features 'parallel butteraugli-loop ssim2-loop' --example w44_170_cjxl_step025_sweep -- --image terminal --effort 5 --distance-min 2.5 --distance-max 2.5 --distance-step 2.5 --strategy zenjxl --corpus-manifest benchmarks/corpora/w44_170_varied_corpus.tsv
terminal	screenshot	1646	1062	zenjxl	5	2.7500	33848	86154	87.5674	85.8069	1.637260	2.076889	1627.154	2285.257	-60.712	1.7604	-21.168	-28.798	OK	89e3c405809a53c2872179d05bda80a69503b2fb	cargo run -p jxl-encoder --release --features 'parallel butteraugli-loop ssim2-loop' --example w44_170_cjxl_step025_sweep -- --image terminal --effort 5 --distance-min 2.75 --distance-max 2.75 --distance-step 2.75 --strategy zenjxl --corpus-manifest benchmarks/corpora/w44_170_varied_corpus.tsv
terminal	screenshot	1646	1062	zenjxl	5	3.0000	32283	82452	86.8574	84.7672	1.834775	1.953553	1335.981	1568.220	-60.846	2.0903	-6.080	-14.809	OK	89e3c405809a53c2872179d05bda80a69503b2fb	cargo run -p jxl-encoder --release --features 'parallel butteraugli-loop ssim2-loop' --example w44_170_cjxl_step025_sweep -- --image terminal --effort 5 --distance-min 3 --distance-max 3 --distance-step 3 --strategy zenjxl --corpus-manifest benchmarks/corpora/w44_170_varied_corpus.tsv
terminal	screenshot	1646	1062	zenjxl	5	3.2500	31431	77949	84.4933	83.9562	1.948733	1.987651	1300.498	1752.375	-59.677	0.5370	-1.958	-25.787	OK	89e3c405809a53c2872179d05bda80a69503b2fb	cargo run -p jxl-encoder --release --features 'parallel butteraugli-loop ssim2-loop' --example w44_170_cjxl_step025_sweep -- --image terminal --effort 5 --distance-min 3.25 --distance-max 3.25 --distance-step 3.25 --strategy zenjxl --corpus-manifest benchmarks/corpora/w44_170_varied_corpus.tsv
terminal	screenshot	1646	1062	zenjxl	5	3.5000	30776	74533	83.4885	83.6113	1.989421	2.196364	1429.614	958.776	-58.708	-0.1228	-9.422	49.108	OK	89e3c405809a53c2872179d05bda80a69503b2fb	cargo run -p jxl-encoder --release --features 'parallel butteraugli-loop ssim2-loop' --example w44_170_cjxl_step025_sweep -- --image terminal --effort 5 --distance-min 3.5 --distance-max 3.5 --distance-step 3.5 --strategy zenjxl --corpus-manifest benchmarks/corpora/w44_170_varied_corpus.tsv
terminal	screenshot	1646	1062	zenjxl	6	4.7500	28316	64808	84.3797	80.6170	3.072119	3.705313	4113.853	1884.951	-56.308	3.7627	-17.089	118.247	OK	89e3c405809a53c2872179d05bda80a69503b2fb	cargo run -p jxl-encoder --release --features 'parallel butteraugli-loop ssim2-loop' --example w44_170_cjxl_step025_sweep -- --image terminal --effort 6 --distance-min 4.75 --distance-max 4.75 --distance-step 4.75 --strategy zenjxl --corpus-manifest benchmarks/corpora/w44_170_varied_corpus.tsv
terminal	screenshot	1646	1062	zenjxl	6	5.0000	27832	62724	80.7919	79.8971	3.167504	3.964364	5158.308	1973.794	-55.628	0.8948	-20.101	161.340	OK	89e3c405809a53c2872179d05bda80a69503b2fb	cargo run -p jxl-encoder --release --features 'parallel butteraugli-loop ssim2-loop' --example w44_170_cjxl_step025_sweep -- --image terminal --effort 6 --distance-min 5 --distance-max 5 --distance-step 5 --strategy zenjxl --corpus-manifest benchmarks/corpora/w44_170_varied_corpus.tsv
terminal	screenshot	1646	1062	zenjxl	7	0.2500	61901	186607	96.2851	95.8354	0.239351	0.243906	2004.235	1282.669	-66.828	0.4496	-1.867	56.255	OK	89e3c405809a53c2872179d05bda80a69503b2fb	cargo run -p jxl-encoder --release --features 'parallel butteraugli-loop ssim2-loop' --example w44_170_cjxl_step025_sweep -- --image terminal --effort 7 --distance-min 0.25 --distance-max 0.25 --distance-step 0.25 --strategy zenjxl --corpus-manifest benchmarks/corpora/w44_170_varied_corpus.tsv
terminal	screenshot	1646	1062	zenjxl	7	0.5000	49897	148111	94.7649	94.7699	0.395789	0.428185	2177.797	1232.643	-66.311	-0.0049	-7.566	76.677	OK	89e3c405809a53c2872179d05bda80a69503b2fb	cargo run -p jxl-encoder --release --features 'parallel butteraugli-loop ssim2-loop' --example w44_170_cjxl_step025_sweep -- --image terminal --effort 7 --distance-min 0.5 --distance-max 0.5 --distance-step 0.5 --strategy zenjxl --corpus-manifest benchmarks/corpora/w44_170_varied_corpus.tsv
terminal	screenshot	1646	1062	zenjxl	7	0.7500	58913	150405	92.1355	93.5681	0.530141	0.645120	3711.682	2438.485	-60.830	-1.4326	-17.823	52.213	OK	89e3c405809a53c2872179d05bda80a69503b2fb	cargo run -p jxl-encoder --release --features 'parallel butteraugli-loop ssim2-loop' --example w44_170_cjxl_step025_sweep -- --image terminal --effort 7 --distance-min 0.75 --distance-max 0.75 --distance-step 0.75 --strategy zenjxl --corpus-manifest benchmarks/corpora/w44_170_varied_corpus.tsv
terminal	screenshot	1646	1062	zenjxl	7	1.0000	54143	134040	92.3529	92.4770	0.729747	0.758720	3945.863	2455.926	-59.607	-0.1241	-3.819	60.667	OK	89e3c405809a53c2872179d05bda80a69503b2fb	cargo run -p jxl-encoder --release --features 'parallel butteraugli-loop ssim2-loop' --example w44_170_cjxl_step025_sweep -- --image terminal --effort 7 --distance-min 1 --distance-max 1 --distance-step 1 --strategy zenjxl --corpus-manifest benchmarks/corpora/w44_170_varied_corpus.tsv
terminal	screenshot	1646	1062	zenjxl	7	1.2500	49845	121508	91.0346	91.0493	0.857459	1.068818	3545.126	1956.364	-58.978	-0.0147	-19.775	81.210	OK	89e3c405809a53c2872179d05bda80a69503b2fb	cargo run -p jxl-encoder --release --features 'parallel butteraugli-loop ssim2-loop' --example w44_170_cjxl_step025_sweep -- --image terminal --effort 7 --distance-min 1.25 --distance-max 1.25 --distance-step 1.25 --strategy zenjxl --corpus-manifest benchmarks/corpora/w44_170_varied_corpus.tsv
terminal	screenshot	1646	1062	zenjxl	7	1.5000	46726	111641	92.2438	90.5891	0.966173	1.042205	2973.084	2104.431	-58.146	1.6547	-7.295	41.277	OK	89e3c405809a53c2872179d05bda80a69503b2fb	cargo run -p jxl-encoder --release --features 'parallel butteraugli-loop ssim2-loop' --example w44_170_cjxl_step025_sweep -- --image terminal --effort 7 --distance-min 1.5 --distance-max 1.5 --distance-step 1.5 --strategy zenjxl --corpus-manifest benchmarks/corpora/w44_170_varied_corpus.tsv
terminal	screenshot	1646	1062	zenjxl	7	1.7500	43246	105511	89.9533	89.3464	1.135164	1.159543	2565.816	3148.721	-59.013	0.6069	-2.102	-18.512	OK	89e3c405809a53c2872179d05bda80a69503b2fb	cargo run -p jxl-encoder --release --features 'parallel butteraugli-loop ssim2-loop' --example w44_170_cjxl_step025_sweep -- --image terminal --effort 7 --distance-min 1.75 --distance-max 1.75 --distance-step 1.75 --strategy zenjxl --corpus-manifest benchmarks/corpora/w44_170_varied_corpus.tsv
terminal	screenshot	1646	1062	zenjxl	7	2.0000	42816	100048	89.4942	88.8941	1.296544	1.400561	2793.562	1970.464	-57.205	0.6000	-7.427	41.772	OK	89e3c405809a53c2872179d05bda80a69503b2fb	cargo run -p jxl-encoder --release --features 'parallel butteraugli-loop ssim2-loop' --example w44_170_cjxl_step025_sweep -- --image terminal --effort 7 --distance-min 2 --distance-max 2 --distance-step 2 --strategy zenjxl --corpus-manifest benchmarks/corpora/w44_170_varied_corpus.tsv
terminal	screenshot	1646	1062	zenjxl	7	2.2500	41850	94750	84.0559	87.5466	1.391183	1.369793	2691.717	2423.604	-55.831	-3.4907	1.562	11.063	OK	89e3c405809a53c2872179d05bda80a69503b2fb	cargo run -p jxl-encoder --release --features 'parallel butteraugli-loop ssim2-loop' --example w44_170_cjxl_step025_sweep -- --image terminal --effort 7 --distance-min 2.25 --distance-max 2.25 --distance-step 2.25 --strategy zenjxl --corpus-manifest benchmarks/corpora/w44_170_varied_corpus.tsv
terminal	screenshot	1646	1062	zenjxl	7	2.5000	38639	89652	88.4058	87.1855	1.589477	1.623809	2785.783	2076.257	-56.901	1.2203	-2.114	34.173	OK	89e3c405809a53c2872179d05bda80a69503b2fb	cargo run -p jxl-encoder --release --features 'parallel butteraugli-loop ssim2-loop' --example w44_170_cjxl_step025_sweep -- --image terminal --effort 7 --distance-min 2.5 --distance-max 2.5 --distance-step 2.5 --strategy zenjxl --corpus-manifest benchmarks/corpora/w44_170_varied_corpus.tsv
terminal	screenshot	1646	1062	zenjxl	7	2.7500	36805	86504	87.7357	86.4612	1.570885	1.619109	2910.951	2127.925	-57.453	1.2745	-2.978	36.798	OK	89e3c405809a53c2872179d05bda80a69503b2fb	cargo run -p jxl-encoder --release --features 'parallel butteraugli-loop ssim2-loop' --example w44_170_cjxl_step025_sweep -- --image terminal --effort 7 --distance-min 2.75 --distance-max 2.75 --distance-step 2.75 --strategy zenjxl --corpus-manifest benchmarks/corpora/w44_170_varied_corpus.tsv
terminal	screenshot	1646	1062	zenjxl	7	3.0000	35698	37645	86.9118	88.1171	2.016101	1.871070	2426.764	2778.528	-5.172	-1.2052	7.751	-12.660	OK	89e3c405809a53c2872179d05bda80a69503b2fb	cargo run -p jxl-encoder --release --features 'parallel butteraugli-loop ssim2-loop' --example w44_170_cjxl_step025_sweep -- --image terminal --effort 7 --distance-min 3 --distance-max 3 --distance-step 3 --strategy zenjxl --corpus-manifest benchmarks/corpora/w44_170_varied_corpus.tsv
terminal	screenshot	1646	1062	zenjxl	7	3.2500	34705	35697	84.6443	87.8457	1.928492	1.909951	2512.798	3266.506	-2.779	-3.2013	0.971	-23.074	OK	89e3c405809a53c2872179d05bda80a69503b2fb	cargo run -p jxl-encoder --release --features 'parallel butteraugli-loop ssim2-loop' --example w44_170_cjxl_step025_sweep -- --image terminal --effort 7 --distance-min 3.25 --distance-max 3.25 --distance-step 3.25 --strategy zenjxl --corpus-manifest benchmarks/corpora/w44_170_varied_corpus.tsv
terminal	screenshot	1646	1062	zenjxl	7	3.5000	33837	34542	83.2840	87.6973	1.921747	1.883796	2292.474	2415.586	-2.041	-4.4133	2.015	-5.097	OK	89e3c405809a53c2872179d05bda80a69503b2fb	cargo run -p jxl-encoder --release --features 'parallel butteraugli-loop ssim2-loop' --example w44_170_cjxl_step025_sweep -- --image terminal --effort 7 --distance-min 3.5 --distance-max 3.5 --distance-step 3.5 --strategy zenjxl --corpus-manifest benchmarks/corpora/w44_170_varied_corpus.tsv
terminal	screenshot	1646	1062	zenjxl	7	3.7500	32681	33678	83.3968	86.7856	2.188555	2.140112	2326.957	2522.975	-2.960	-3.3888	2.264	-7.769	OK	89e3c405809a53c2872179d05bda80a69503b2fb	cargo run -p jxl-encoder --release --features 'parallel butteraugli-loop ssim2-loop' --example w44_170_cjxl_step025_sweep -- --image terminal --effort 7 --distance-min 3.75 --distance-max 3.75 --distance-step 3.75 --strategy zenjxl --corpus-manifest benchmarks/corpora/w44_170_varied_corpus.tsv
terminal	screenshot	1646	1062	zenjxl	7	4.0000	32286	33536	82.9886	87.6210	2.073075	2.169539	4012.436	2834.182	-3.727	-4.6323	-4.446	41.573	OK	89e3c405809a53c2872179d05bda80a69503b2fb	cargo run -p jxl-encoder --release --features 'parallel butteraugli-loop ssim2-loop' --example w44_170_cjxl_step025_sweep -- --image terminal --effort 7 --distance-min 4 --distance-max 4 --distance-step 4 --strategy zenjxl --corpus-manifest benchmarks/corpora/w44_170_varied_corpus.tsv
terminal	screenshot	1646	1062	zenjxl	7	4.2500	30355	32732	85.4289	87.1188	2.471756	2.584949	3505.870	2974.452	-7.262	-1.6899	-4.379	17.866	OK	89e3c405809a53c2872179d05bda80a69503b2fb	cargo run -p jxl-encoder --release --features 'parallel butteraugli-loop ssim2-loop' --example w44_170_cjxl_step025_sweep -- --image terminal --effort 7 --distance-min 4.25 --distance-max 4.25 --distance-step 4.25 --strategy zenjxl --corpus-manifest benchmarks/corpora/w44_170_varied_corpus.tsv
terminal	screenshot	1646	1062	zenjxl	7	4.5000	30343	32476	81.0684	84.4858	2.330818	2.349819	3479.764	2955.385	-6.568	-3.4174	-0.809	17.743	OK	89e3c405809a53c2872179d05bda80a69503b2fb	cargo run -p jxl-encoder --release --features 'parallel butteraugli-loop ssim2-loop' --example w44_170_cjxl_step025_sweep -- --image terminal --effort 7 --distance-min 4.5 --distance-max 4.5 --distance-step 4.5 --strategy zenjxl --corpus-manifest benchmarks/corpora/w44_170_varied_corpus.tsv
terminal	screenshot	1646	1062	zenjxl	7	4.7500	28298	30475	84.1214	85.8523	3.072108	2.902626	2832.998	2497.602	-7.144	-1.7310	5.839	13.429	OK	89e3c405809a53c2872179d05bda80a69503b2fb	cargo run -p jxl-encoder --release --features 'parallel butteraugli-loop ssim2-loop' --example w44_170_cjxl_step025_sweep -- --image terminal --effort 7 --distance-min 4.75 --distance-max 4.75 --distance-step 4.75 --strategy zenjxl --corpus-manifest benchmarks/corpora/w44_170_varied_corpus.tsv
terminal	screenshot	1646	1062	zenjxl	7	5.0000	27838	29707	81.0020	84.3561	3.167504	2.892457	3193.141	1982.437	-6.291	-3.3541	9.509	61.072	OK	89e3c405809a53c2872179d05bda80a69503b2fb	cargo run -p jxl-encoder --release --features 'parallel butteraugli-loop ssim2-loop' --example w44_170_cjxl_step025_sweep -- --image terminal --effort 7 --distance-min 5 --distance-max 5 --distance-step 5 --strategy zenjxl --corpus-manifest benchmarks/corpora/w44_170_varied_corpus.tsv
terminal	screenshot	1646	1062	zenjxl	8	0.2500	55305	186691	95.6478	95.8354	0.232506	0.243906	9479.452	1429.754	-70.376	-0.1876	-4.674	563.013	OK	89e3c405809a53c2872179d05bda80a69503b2fb	cargo run -p jxl-encoder --release --features 'parallel butteraugli-loop ssim2-loop' --example w44_170_cjxl_step025_sweep -- --image terminal --effort 8 --distance-min 0.25 --distance-max 0.25 --distance-step 0.25 --strategy zenjxl --corpus-manifest benchmarks/corpora/w44_170_varied_corpus.tsv
terminal	screenshot	1646	1062	zenjxl	8	0.5000	45314	148145	94.6806	94.7699	0.394596	0.428185	11184.256	1332.824	-69.412	-0.0892	-7.844	739.140	OK	89e3c405809a53c2872179d05bda80a69503b2fb	cargo run -p jxl-encoder --release --features 'parallel butteraugli-loop ssim2-loop' --example w44_170_cjxl_step025_sweep -- --image terminal --effort 8 --distance-min 0.5 --distance-max 0.5 --distance-step 0.5 --strategy zenjxl --corpus-manifest benchmarks/corpora/w44_170_varied_corpus.tsv
terminal	screenshot	1646	1062	zenjxl	8	0.7500	52053	62571	92.2044	94.9841	0.751997	0.635311	12136.906	13471.381	-16.810	-2.7797	18.367	-9.906	OK	89e3c405809a53c2872179d05bda80a69503b2fb	cargo run -p jxl-encoder --release --features 'parallel butteraugli-loop ssim2-loop' --example w44_170_cjxl_step025_sweep -- --image terminal --effort 8 --distance-min 0.75 --distance-max 0.75 --distance-step 0.75 --strategy zenjxl --corpus-manifest benchmarks/corpora/w44_170_varied_corpus.tsv
terminal	screenshot	1646	1062	zenjxl	8	1.0000	47468	93240	91.5674	94.3070	0.775142	0.752878	20445.331	12579.210	-49.091	-2.7396	2.957	62.533	OK	89e3c405809a53c2872179d05bda80a69503b2fb	cargo run -p jxl-encoder --release --features 'parallel butteraugli-loop ssim2-loop' --example w44_170_cjxl_step025_sweep -- --image terminal --effort 8 --distance-min 1 --distance-max 1 --distance-step 1 --strategy zenjxl --corpus-manifest benchmarks/corpora/w44_170_varied_corpus.tsv
terminal	screenshot	1646	1062	zenjxl	8	1.2500	45221	87430	90.6764	94.0148	0.988609	0.995642	18053.730	13258.165	-48.277	-3.3384	-0.706	36.171	OK	89e3c405809a53c2872179d05bda80a69503b2fb	cargo run -p jxl-encoder --release --features 'parallel butteraugli-loop ssim2-loop' --example w44_170_cjxl_step025_sweep -- --image terminal --effort 8 --distance-min 1.25 --distance-max 1.25 --distance-step 1.25 --strategy zenjxl --corpus-manifest benchmarks/corpora/w44_170_varied_corpus.tsv
terminal	screenshot	1646	1062	zenjxl	8	2.5000	44185	66882	89.3220	90.6235	1.069788	1.768235	11729.124	10392.601	-33.936	-1.3015	-39.500	12.860	OK	89e3c405809a53c2872179d05bda80a69503b2fb	cargo run -p jxl-encoder --release --features 'parallel butteraugli-loop ssim2-loop' --example w44_170_cjxl_step025_sweep -- --image terminal --effort 8 --distance-min 2.5 --distance-max 2.5 --distance-step 2.5 --strategy zenjxl --corpus-manifest benchmarks/corpora/w44_170_varied_corpus.tsv
terminal	screenshot	1646	1062	zenjxl	8	2.7500	42255	64208	89.1807	89.8052	1.045198	1.946708	11663.607	10613.458	-34.190	-0.6245	-46.309	9.895	OK	89e3c405809a53c2872179d05bda80a69503b2fb	cargo run -p jxl-encoder --release --features 'parallel butteraugli-loop ssim2-loop' --example w44_170_cjxl_step025_sweep -- --image terminal --effort 8 --distance-min 2.75 --distance-max 2.75 --distance-step 2.75 --strategy zenjxl --corpus-manifest benchmarks/corpora/w44_170_varied_corpus.tsv
terminal	screenshot	1646	1062	zenjxl	8	3.0000	41139	63243	88.7886	88.1755	1.322282	1.911429	13275.055	11638.043	-34.951	0.6132	-30.822	14.066	OK	89e3c405809a53c2872179d05bda80a69503b2fb	cargo run -p jxl-encoder --release --features 'parallel butteraugli-loop ssim2-loop' --example w44_170_cjxl_step025_sweep -- --image terminal --effort 8 --distance-min 3 --distance-max 3 --distance-step 3 --strategy zenjxl --corpus-manifest benchmarks/corpora/w44_170_varied_corpus.tsv
terminal	screenshot	1646	1062	zenjxl	8	3.2500	40250	60395	85.0677	86.6818	1.359275	2.127484	13440.459	13265.438	-33.355	-1.6141	-36.109	1.319	OK	89e3c405809a53c2872179d05bda80a69503b2fb	cargo run -p jxl-encoder --release --features 'parallel butteraugli-loop ssim2-loop' --example w44_170_cjxl_step025_sweep -- --image terminal --effort 8 --distance-min 3.25 --distance-max 3.25 --distance-step 3.25 --strategy zenjxl --corpus-manifest benchmarks/corpora/w44_170_varied_corpus.tsv
terminal	screenshot	1646	1062	zenjxl	8	3.5000	39744	56764	85.2347	86.9010	1.306892	2.343567	15635.329	13365.485	-29.984	-1.6663	-44.235	16.983	OK	89e3c405809a53c2872179d05bda80a69503b2fb	cargo run -p jxl-encoder --release --features 'parallel butteraugli-loop ssim2-loop' --example w44_170_cjxl_step025_sweep -- --image terminal --effort 8 --distance-min 3.5 --distance-max 3.5 --distance-step 3.5 --strategy zenjxl --corpus-manifest benchmarks/corpora/w44_170_varied_corpus.tsv
windows95	screenshot	640	480	zenjxl	5	0.2500	51132	71880	95.2341	95.1147	0.225708	0.214595	286.801	160.623	-28.865	0.1194	5.179	78.555	OK	89e3c405809a53c2872179d05bda80a69503b2fb	cargo run -p jxl-encoder --release --features 'parallel butteraugli-loop ssim2-loop' --example w44_170_cjxl_step025_sweep -- --image windows95 --effort 5 --distance-min 0.25 --distance-max 0.25 --distance-step 0.25 --strategy zenjxl --corpus-manifest benchmarks/corpora/w44_170_varied_corpus.tsv
windows95	screenshot	640	480	zenjxl	5	0.5000	45855	63838	93.3758	92.9436	0.755736	0.801253	251.782	400.101	-28.170	0.4323	-5.681	-37.070	OK	89e3c405809a53c2872179d05bda80a69503b2fb	cargo run -p jxl-encoder --release --features 'parallel butteraugli-loop ssim2-loop' --example w44_170_cjxl_step025_sweep -- --image windows95 --effort 5 --distance-min 0.5 --distance-max 0.5 --distance-step 0.5 --strategy zenjxl --corpus-manifest benchmarks/corpora/w44_170_varied_corpus.tsv
windows95	screenshot	640	480	zenjxl	5	0.7500	54008	88016	91.0984	90.6539	1.175615	0.942736	250.051	492.809	-38.638	0.4445	24.702	-49.260	OK	89e3c405809a53c2872179d05bda80a69503b2fb	cargo run -p jxl-encoder --release --features 'parallel butteraugli-loop ssim2-loop' --example w44_170_cjxl_step025_sweep -- --image windows95 --effort 5 --distance-min 0.75 --distance-max 0.75 --distance-step 0.75 --strategy zenjxl --corpus-manifest benchmarks/corpora/w44_170_varied_corpus.tsv
windows95	screenshot	640	480	zenjxl	5	1.0000	49049	80098	89.5255	88.0681	1.282487	1.286894	313.176	358.353	-38.764	1.4574	-0.343	-12.607	OK	89e3c405809a53c2872179d05bda80a69503b2fb	cargo run -p jxl-encoder --release --features 'parallel butteraugli-loop ssim2-loop' --example w44_170_cjxl_step025_sweep -- --image windows95 --effort 5 --distance-min 1 --distance-max 1 --distance-step 1 --strategy zenjxl --corpus-manifest benchmarks/corpora/w44_170_varied_corpus.tsv
windows95	screenshot	640	480	zenjxl	5	1.2500	45602	74349	87.9249	87.0201	1.427502	1.431369	259.593	330.245	-38.665	0.9048	-0.270	-21.394	OK	89e3c405809a53c2872179d05bda80a69503b2fb	cargo run -p jxl-encoder --release --features 'parallel butteraugli-loop ssim2-loop' --example w44_170_cjxl_step025_sweep -- --image windows95 --effort 5 --distance-min 1.25 --distance-max 1.25 --distance-step 1.25 --strategy zenjxl --corpus-manifest benchmarks/corpora/w44_170_varied_corpus.tsv
windows95	screenshot	640	480	zenjxl	5	1.5000	43100	69526	85.6396	84.6900	1.665995	1.676672	279.604	284.064	-38.009	0.9496	-0.637	-1.570	OK	89e3c405809a53c2872179d05bda80a69503b2fb	cargo run -p jxl-encoder --release --features 'parallel butteraugli-loop ssim2-loop' --example w44_170_cjxl_step025_sweep -- --image windows95 --effort 5 --distance-min 1.5 --distance-max 1.5 --distance-step 1.5 --strategy zenjxl --corpus-manifest benchmarks/corpora/w44_170_varied_corpus.tsv
windows95	screenshot	640	480	zenjxl	5	1.7500	41092	64971	83.8906	82.6353	1.774124	1.812727	237.501	302.927	-36.753	1.2553	-2.130	-21.598	OK	89e3c405809a53c2872179d05bda80a69503b2fb	cargo run -p jxl-encoder --release --features 'parallel butteraugli-loop ssim2-loop' --example w44_170_cjxl_step025_sweep -- --image windows95 --effort 5 --distance-min 1.75 --distance-max 1.75 --distance-step 1.75 --strategy zenjxl --corpus-manifest benchmarks/corpora/w44_170_varied_corpus.tsv
windows95	screenshot	640	480	zenjxl	5	2.0000	47891	61657	88.0078	80.6419	1.278437	2.265735	308.232	361.548	-22.327	7.3659	-43.575	-14.747	OK	89e3c405809a53c2872179d05bda80a69503b2fb	cargo run -p jxl-encoder --release --features 'parallel butteraugli-loop ssim2-loop' --example w44_170_cjxl_step025_sweep -- --image windows95 --effort 5 --distance-min 2 --distance-max 2 --distance-step 2 --strategy zenjxl --corpus-manifest benchmarks/corpora/w44_170_varied_corpus.tsv
windows95	screenshot	640	480	zenjxl	5	2.2500	45846	58952	87.3100	78.5007	1.374585	2.581627	237.123	291.915	-22.232	8.8094	-46.755	-18.770	OK	89e3c405809a53c2872179d05bda80a69503b2fb	cargo run -p jxl-encoder --release --features 'parallel butteraugli-loop ssim2-loop' --example w44_170_cjxl_step025_sweep -- --image windows95 --effort 5 --distance-min 2.25 --distance-max 2.25 --distance-step 2.25 --strategy zenjxl --corpus-manifest benchmarks/corpora/w44_170_varied_corpus.tsv
windows95	screenshot	640	480	zenjxl	5	2.5000	44193	55897	85.9019	76.4155	1.515419	2.728710	226.792	196.538	-20.939	9.4864	-44.464	15.394	OK	89e3c405809a53c2872179d05bda80a69503b2fb	cargo run -p jxl-encoder --release --features 'parallel butteraugli-loop ssim2-loop' --example w44_170_cjxl_step025_sweep -- --image windows95 --effort 5 --distance-min 2.5 --distance-max 2.5 --distance-step 2.5 --strategy zenjxl --corpus-manifest benchmarks/corpora/w44_170_varied_corpus.tsv
windows95	screenshot	640	480	zenjxl	5	2.7500	43188	54077	85.8574	74.6798	1.792849	2.864709	228.529	212.296	-20.136	11.1776	-37.416	7.646	OK	89e3c405809a53c2872179d05bda80a69503b2fb	cargo run -p jxl-encoder --release --features 'parallel butteraugli-loop ssim2-loop' --example w44_170_cjxl_step025_sweep -- --image windows95 --effort 5 --distance-min 2.75 --distance-max 2.75 --distance-step 2.75 --strategy zenjxl --corpus-manifest benchmarks/corpora/w44_170_varied_corpus.tsv
windows95	screenshot	640	480	zenjxl	5	3.0000	41713	51456	84.8514	72.2194	1.688843	3.296352	243.343	267.866	-18.935	12.6319	-48.766	-9.155	OK	89e3c405809a53c2872179d05bda80a69503b2fb	cargo run -p jxl-encoder --release --features 'parallel butteraugli-loop ssim2-loop' --example w44_170_cjxl_step025_sweep -- --image windows95 --effort 5 --distance-min 3 --distance-max 3 --distance-step 3 --strategy zenjxl --corpus-manifest benchmarks/corpora/w44_170_varied_corpus.tsv
windows95	screenshot	640	480	zenjxl	5	3.2500	40566	50065	83.4971	67.9146	1.748403	3.801375	276.146	255.307	-18.973	15.5826	-54.006	8.162	OK	89e3c405809a53c2872179d05bda80a69503b2fb	cargo run -p jxl-encoder --release --features 'parallel butteraugli-loop ssim2-loop' --example w44_170_cjxl_step025_sweep -- --image windows95 --effort 5 --distance-min 3.25 --distance-max 3.25 --distance-step 3.25 --strategy zenjxl --corpus-manifest benchmarks/corpora/w44_170_varied_corpus.tsv
windows95	screenshot	640	480	zenjxl	5	3.5000	39231	47964	81.0370	65.2379	2.059633	4.434619	201.061	238.656	-18.207	15.7991	-53.556	-15.753	OK	89e3c405809a53c2872179d05bda80a69503b2fb	cargo run -p jxl-encoder --release --features 'parallel butteraugli-loop ssim2-loop' --example w44_170_cjxl_step025_sweep -- --image windows95 --effort 5 --distance-min 3.5 --distance-max 3.5 --distance-step 3.5 --strategy zenjxl --corpus-manifest benchmarks/corpora/w44_170_varied_corpus.tsv
windows95	screenshot	640	480	zenjxl	5	3.7500	38188	46248	80.2343	65.9566	2.318883	4.417483	193.805	381.463	-17.428	14.2777	-47.507	-49.194	OK	89e3c405809a53c2872179d05bda80a69503b2fb	cargo run -p jxl-encoder --release --features 'parallel butteraugli-loop ssim2-loop' --example w44_170_cjxl_step025_sweep -- --image windows95 --effort 5 --distance-min 3.75 --distance-max 3.75 --distance-step 3.75 --strategy zenjxl --corpus-manifest benchmarks/corpora/w44_170_varied_corpus.tsv
windows95	screenshot	640	480	zenjxl	5	4.0000	37121	45199	77.8924	62.6742	2.612578	4.339459	345.389	490.900	-17.872	15.2182	-39.795	-29.642	OK	89e3c405809a53c2872179d05bda80a69503b2fb	cargo run -p jxl-encoder --release --features 'parallel butteraugli-loop ssim2-loop' --example w44_170_cjxl_step025_sweep -- --image windows95 --effort 5 --distance-min 4 --distance-max 4 --distance-step 4 --strategy zenjxl --corpus-manifest benchmarks/corpora/w44_170_varied_corpus.tsv
windows95	screenshot	640	480	zenjxl	5	4.2500	36180	43221	78.5200	60.7363	2.610662	4.376962	235.911	311.887	-16.291	17.7837	-40.354	-24.360	OK	89e3c405809a53c2872179d05bda80a69503b2fb	cargo run -p jxl-encoder --release --features 'parallel butteraugli-loop ssim2-loop' --example w44_170_cjxl_step025_sweep -- --image windows95 --effort 5 --distance-min 4.25 --distance-max 4.25 --distance-step 4.25 --strategy zenjxl --corpus-manifest benchmarks/corpora/w44_170_varied_corpus.tsv
windows95	screenshot	640	480	zenjxl	5	4.5000	35332	42293	77.0637	62.1664	2.731812	4.345753	267.859	246.115	-16.459	14.8972	-37.138	8.835	OK	89e3c405809a53c2872179d05bda80a69503b2fb	cargo run -p jxl-encoder --release --features 'parallel butteraugli-loop ssim2-loop' --example w44_170_cjxl_step025_sweep -- --image windows95 --effort 5 --distance-min 4.5 --distance-max 4.5 --distance-step 4.5 --strategy zenjxl --corpus-manifest benchmarks/corpora/w44_170_varied_corpus.tsv
windows95	screenshot	640	480	zenjxl	5	4.7500	34482	41317	76.8653	60.9912	2.864741	4.251373	345.209	237.592	-16.543	15.8741	-32.616	45.295	OK	89e3c405809a53c2872179d05bda80a69503b2fb	cargo run -p jxl-encoder --release --features 'parallel butteraugli-loop ssim2-loop' --example w44_170_cjxl_step025_sweep -- --image windows95 --effort 5 --distance-min 4.75 --distance-max 4.75 --distance-step 4.75 --strategy zenjxl --corpus-manifest benchmarks/corpora/w44_170_varied_corpus.tsv
windows95	screenshot	640	480	zenjxl	5	5.0000	33686	39995	76.0341	59.5747	2.943256	4.631609	262.335	402.040	-15.774	16.4594	-36.453	-34.749	OK	89e3c405809a53c2872179d05bda80a69503b2fb	cargo run -p jxl-encoder --release --features 'parallel butteraugli-loop ssim2-loop' --example w44_170_cjxl_step025_sweep -- --image windows95 --effort 5 --distance-min 5 --distance-max 5 --distance-step 5 --strategy zenjxl --corpus-manifest benchmarks/corpora/w44_170_varied_corpus.tsv
windows95	screenshot	640	480	zenjxl	6	0.2500	51628	72402	95.0837	95.0642	0.226745	0.225867	331.153	400.287	-28.693	0.0195	0.389	-17.271	OK	89e3c405809a53c2872179d05bda80a69503b2fb	cargo run -p jxl-encoder --release --features 'parallel butteraugli-loop ssim2-loop' --example w44_170_cjxl_step025_sweep -- --image windows95 --effort 6 --distance-min 0.25 --distance-max 0.25 --distance-step 0.25 --strategy zenjxl --corpus-manifest benchmarks/corpora/w44_170_varied_corpus.tsv
windows95	screenshot	640	480	zenjxl	6	0.5000	45962	64422	93.1969	92.4615	0.753055	0.801190	353.868	266.311	-28.655	0.7354	-6.008	32.878	OK	89e3c405809a53c2872179d05bda80a69503b2fb	cargo run -p jxl-encoder --release --features 'parallel butteraugli-loop ssim2-loop' --example w44_170_cjxl_step025_sweep -- --image windows95 --effort 6 --distance-min 0.5 --distance-max 0.5 --distance-step 0.5 --strategy zenjxl --corpus-manifest benchmarks/corpora/w44_170_varied_corpus.tsv
windows95	screenshot	640	480	zenjxl	6	0.7500	53819	87451	90.4476	90.0745	1.173663	1.166387	359.824	497.216	-38.458	0.3730	0.624	-27.632	OK	89e3c405809a53c2872179d05bda80a69503b2fb	cargo run -p jxl-encoder --release --features 'parallel butteraugli-loop ssim2-loop' --example w44_170_cjxl_step025_sweep -- --image windows95 --effort 6 --distance-min 0.75 --distance-max 0.75 --distance-step 0.75 --strategy zenjxl --corpus-manifest benchmarks/corpora/w44_170_varied_corpus.tsv
windows95	screenshot	640	480	zenjxl	6	1.0000	48864	79494	88.4695	87.3639	1.247277	1.280862	377.111	478.208	-38.531	1.1056	-2.622	-21.141	OK	89e3c405809a53c2872179d05bda80a69503b2fb	cargo run -p jxl-encoder --release --features 'parallel butteraugli-loop ssim2-loop' --example w44_170_cjxl_step025_sweep -- --image windows95 --effort 6 --distance-min 1 --distance-max 1 --distance-step 1 --strategy zenjxl --corpus-manifest benchmarks/corpora/w44_170_varied_corpus.tsv
windows95	screenshot	640	480	zenjxl	6	1.2500	45330	73225	87.4140	86.7371	1.439924	1.531288	342.608	476.275	-38.095	0.6769	-5.967	-28.065	OK	89e3c405809a53c2872179d05bda80a69503b2fb	cargo run -p jxl-encoder --release --features 'parallel butteraugli-loop ssim2-loop' --example w44_170_cjxl_step025_sweep -- --image windows95 --effort 6 --distance-min 1.25 --distance-max 1.25 --distance-step 1.25 --strategy zenjxl --corpus-manifest benchmarks/corpora/w44_170_varied_corpus.tsv
windows95	screenshot	640	480	zenjxl	6	1.5000	42977	68661	85.1855	84.5689	1.726009	1.820373	401.659	505.098	-37.407	0.6167	-5.184	-20.479	OK	89e3c405809a53c2872179d05bda80a69503b2fb	cargo run -p jxl-encoder --release --features 'parallel butteraugli-loop ssim2-loop' --example w44_170_cjxl_step025_sweep -- --image windows95 --effort 6 --distance-min 1.5 --distance-max 1.5 --distance-step 1.5 --strategy zenjxl --corpus-manifest benchmarks/corpora/w44_170_varied_corpus.tsv
windows95	screenshot	640	480	zenjxl	6	1.7500	40917	65004	83.7634	82.5736	2.346094	2.296590	433.877	475.871	-37.055	1.1898	2.156	-8.825	OK	89e3c405809a53c2872179d05bda80a69503b2fb	cargo run -p jxl-encoder --release --features 'parallel butteraugli-loop ssim2-loop' --example w44_170_cjxl_step025_sweep -- --image windows95 --effort 6 --distance-min 1.75 --distance-max 1.75 --distance-step 1.75 --strategy zenjxl --corpus-manifest benchmarks/corpora/w44_170_varied_corpus.tsv
windows95	screenshot	640	480	zenjxl	6	2.0000	47232	61699	87.4411	80.9303	1.301221	2.291980	445.015	530.643	-23.448	6.5108	-43.227	-16.137	OK	89e3c405809a53c2872179d05bda80a69503b2fb	cargo run -p jxl-encoder --release --features 'parallel butteraugli-loop ssim2-loop' --example w44_170_cjxl_step025_sweep -- --image windows95 --effort 6 --distance-min 2 --distance-max 2 --distance-step 2 --strategy zenjxl --corpus-manifest benchmarks/corpora/w44_170_varied_corpus.tsv
windows95	screenshot	640	480	zenjxl	6	2.2500	45497	59683	87.1436	78.6093	1.513394	2.572919	427.194	418.974	-23.769	8.5343	-41.180	1.962	OK	89e3c405809a53c2872179d05bda80a69503b2fb	cargo run -p jxl-encoder --release --features 'parallel butteraugli-loop ssim2-loop' --example w44_170_cjxl_step025_sweep -- --image windows95 --effort 6 --distance-min 2.25 --distance-max 2.25 --distance-step 2.25 --strategy zenjxl --corpus-manifest benchmarks/corpora/w44_170_varied_corpus.tsv
windows95	screenshot	640	480	zenjxl	6	2.5000	44049	55889	85.6297	74.9699	1.552778	3.097809	438.069	461.497	-21.185	10.6598	-49.875	-5.077	OK	89e3c405809a53c2872179d05bda80a69503b2fb	cargo run -p jxl-encoder --release --features 'parallel butteraugli-loop ssim2-loop' --example w44_170_cjxl_step025_sweep -- --image windows95 --effort 6 --distance-min 2.5 --distance-max 2.5 --distance-step 2.5 --strategy zenjxl --corpus-manifest benchmarks/corpora/w44_170_varied_corpus.tsv
windows95	screenshot	640	480	zenjxl	6	2.7500	42950	54124	85.5684	75.5978	1.638980	2.996930	475.523	481.894	-20.645	9.9706	-45.311	-1.322	OK	89e3c405809a53c2872179d05bda80a69503b2fb	cargo run -p jxl-encoder --release --features 'parallel butteraugli-loop ssim2-loop' --example w44_170_cjxl_step025_sweep -- --image windows95 --effort 6 --distance-min 2.75 --distance-max 2.75 --distance-step 2.75 --strategy zenjxl --corpus-manifest benchmarks/corpora/w44_170_varied_corpus.tsv
windows95	screenshot	640	480	zenjxl	6	3.0000	41598	52015	84.8656	72.8198	1.710761	3.252741	450.573	502.342	-20.027	12.0457	-47.406	-10.306	OK	89e3c405809a53c2872179d05bda80a69503b2fb	cargo run -p jxl-encoder --release --features 'parallel butteraugli-loop ssim2-loop' --example w44_170_cjxl_step025_sweep -- --image windows95 --effort 6 --distance-min 3 --distance-max 3 --distance-step 3 --strategy zenjxl --corpus-manifest benchmarks/corpora/w44_170_varied_corpus.tsv
windows95	screenshot	640	480	zenjxl	6	3.2500	40691	50599	83.4752	68.0159	1.921074	3.790740	424.858	619.040	-19.581	15.4593	-49.322	-31.368	OK	89e3c405809a53c2872179d05bda80a69503b2fb	cargo run -p jxl-encoder --release --features 'parallel butteraugli-loop ssim2-loop' --example w44_170_cjxl_step025_sweep -- --image windows95 --effort 6 --distance-min 3.25 --distance-max 3.25 --distance-step 3.25 --strategy zenjxl --corpus-manifest benchmarks/corpora/w44_170_varied_corpus.tsv
windows95	screenshot	640	480	zenjxl	6	3.5000	39156	48738	81.3341	66.1983	2.057303	4.353014	550.294	536.692	-19.660	15.1357	-52.738	2.534	OK	89e3c405809a53c2872179d05bda80a69503b2fb	cargo run -p jxl-encoder --release --features 'parallel butteraugli-loop ssim2-loop' --example w44_170_cjxl_step025_sweep -- --image windows95 --effort 6 --distance-min 3.5 --distance-max 3.5 --distance-step 3.5 --strategy zenjxl --corpus-manifest benchmarks/corpora/w44_170_varied_corpus.tsv
windows95	screenshot	640	480	zenjxl	6	3.7500	38341	47348	81.1440	67.0468	2.318589	4.097054	380.708	335.134	-19.023	14.0972	-43.408	13.599	OK	89e3c405809a53c2872179d05bda80a69503b2fb	cargo run -p jxl-encoder --release --features 'parallel butteraugli-loop ssim2-loop' --example w44_170_cjxl_step025_sweep -- --image windows95 --effort 6 --distance-min 3.75 --distance-max 3.75 --distance-step 3.75 --strategy zenjxl --corpus-manifest benchmarks/corpora/w44_170_varied_corpus.tsv
windows95	screenshot	640	480	zenjxl	6	4.0000	37347	46216	78.2457	63.2006	2.625555	4.080546	594.998	615.188	-19.190	15.0451	-35.657	-3.282	OK	89e3c405809a53c2872179d05bda80a69503b2fb	cargo run -p jxl-encoder --release --features 'parallel butteraugli-loop ssim2-loop' --example w44_170_cjxl_step025_sweep -- --image windows95 --effort 6 --distance-min 4 --distance-max 4 --distance-step 4 --strategy zenjxl --corpus-manifest benchmarks/corpora/w44_170_varied_corpus.tsv
windows95	screenshot	640	480	zenjxl	6	4.2500	36661	43197	78.1334	59.7734	2.603534	4.252508	713.280	419.266	-15.131	18.3601	-38.777	70.126	OK	89e3c405809a53c2872179d05bda80a69503b2fb	cargo run -p jxl-encoder --release --features 'parallel butteraugli-loop ssim2-loop' --example w44_170_cjxl_step025_sweep -- --image windows95 --effort 6 --distance-min 4.25 --distance-max 4.25 --distance-step 4.25 --strategy zenjxl --corpus-manifest benchmarks/corpora/w44_170_varied_corpus.tsv
windows95	screenshot	640	480	zenjxl	6	4.5000	35936	42974	76.7743	60.1112	2.724845	4.318862	647.153	580.919	-16.377	16.6631	-36.908	11.402	OK	89e3c405809a53c2872179d05bda80a69503b2fb	cargo run -p jxl-encoder --release --features 'parallel butteraugli-loop ssim2-loop' --example w44_170_cjxl_step025_sweep -- --image windows95 --effort 6 --distance-min 4.5 --distance-max 4.5 --distance-step 4.5 --strategy zenjxl --corpus-manifest benchmarks/corpora/w44_170_varied_corpus.tsv
windows95	screenshot	640	480	zenjxl	6	4.7500	34963	41542	76.5303	61.9380	2.858770	4.310173	508.549	570.007	-15.837	14.5923	-33.674	-10.782	OK	89e3c405809a53c2872179d05bda80a69503b2fb	cargo run -p jxl-encoder --release --features 'parallel butteraugli-loop ssim2-loop' --example w44_170_cjxl_step025_sweep -- --image windows95 --effort 6 --distance-min 4.75 --distance-max 4.75 --distance-step 4.75 --strategy zenjxl --corpus-manifest benchmarks/corpora/w44_170_varied_corpus.tsv
windows95	screenshot	640	480	zenjxl	6	5.0000	33984	40254	75.6411	60.5860	3.081884	4.650333	383.174	451.548	-15.576	15.0551	-33.728	-15.142	OK	89e3c405809a53c2872179d05bda80a69503b2fb	cargo run -p jxl-encoder --release --features 'parallel butteraugli-loop ssim2-loop' --example w44_170_cjxl_step025_sweep -- --image windows95 --effort 6 --distance-min 5 --distance-max 5 --distance-step 5 --strategy zenjxl --corpus-manifest benchmarks/corpora/w44_170_varied_corpus.tsv
windows95	screenshot	640	480	zenjxl	7	0.2500	54278	51663	95.3255	95.4589	0.183331	0.182793	264.020	449.453	5.062	-0.1334	0.294	-41.257	OK	89e3c405809a53c2872179d05bda80a69503b2fb	cargo run -p jxl-encoder --release --features 'parallel butteraugli-loop ssim2-loop' --example w44_170_cjxl_step025_sweep -- --image windows95 --effort 7 --distance-min 0.25 --distance-max 0.25 --distance-step 0.25 --strategy zenjxl --corpus-manifest benchmarks/corpora/w44_170_varied_corpus.tsv
windows95	screenshot	640	480	zenjxl	7	0.5000	48553	45869	94.0908	93.9787	0.552731	0.748572	415.906	353.834	5.851	0.1120	-26.162	17.543	OK	89e3c405809a53c2872179d05bda80a69503b2fb	cargo run -p jxl-encoder --release --features 'parallel butteraugli-loop ssim2-loop' --example w44_170_cjxl_step025_sweep -- --image windows95 --effort 7 --distance-min 0.5 --distance-max 0.5 --distance-step 0.5 --strategy zenjxl --corpus-manifest benchmarks/corpora/w44_170_varied_corpus.tsv
windows95	screenshot	640	480	zenjxl	7	0.7500	55811	53969	91.8918	91.8878	1.173612	0.942384	480.604	681.437	3.413	0.0040	24.536	-29.472	OK	89e3c405809a53c2872179d05bda80a69503b2fb	cargo run -p jxl-encoder --release --features 'parallel butteraugli-loop ssim2-loop' --example w44_170_cjxl_step025_sweep -- --image windows95 --effort 7 --distance-min 0.75 --distance-max 0.75 --distance-step 0.75 --strategy zenjxl --corpus-manifest benchmarks/corpora/w44_170_varied_corpus.tsv
windows95	screenshot	640	480	zenjxl	7	1.0000	50660	49468	90.3974	89.9275	1.184073	1.203257	564.804	669.026	2.410	0.4699	-1.594	-15.578	OK	89e3c405809a53c2872179d05bda80a69503b2fb	cargo run -p jxl-encoder --release --features 'parallel butteraugli-loop ssim2-loop' --example w44_170_cjxl_step025_sweep -- --image windows95 --effort 7 --distance-min 1 --distance-max 1 --distance-step 1 --strategy zenjxl --corpus-manifest benchmarks/corpora/w44_170_varied_corpus.tsv
windows95	screenshot	640	480	zenjxl	7	1.2500	47390	46068	88.7084	88.4137	1.350935	1.498428	401.575	674.949	2.870	0.2947	-9.843	-40.503	OK	89e3c405809a53c2872179d05bda80a69503b2fb	cargo run -p jxl-encoder --release --features 'parallel butteraugli-loop ssim2-loop' --example w44_170_cjxl_step025_sweep -- --image windows95 --effort 7 --distance-min 1.25 --distance-max 1.25 --distance-step 1.25 --strategy zenjxl --corpus-manifest benchmarks/corpora/w44_170_varied_corpus.tsv
windows95	screenshot	640	480	zenjxl	7	1.5000	44800	43210	86.6827	86.4295	1.634223	2.042932	353.452	617.683	3.680	0.2532	-20.006	-42.778	OK	89e3c405809a53c2872179d05bda80a69503b2fb	cargo run -p jxl-encoder --release --features 'parallel butteraugli-loop ssim2-loop' --example w44_170_cjxl_step025_sweep -- --image windows95 --effort 7 --distance-min 1.5 --distance-max 1.5 --distance-step 1.5 --strategy zenjxl --corpus-manifest benchmarks/corpora/w44_170_varied_corpus.tsv
windows95	screenshot	640	480	zenjxl	7	1.7500	42678	40780	84.8871	84.9985	1.999149	2.006278	412.982	630.219	4.654	-0.1114	-0.355	-34.470	OK	89e3c405809a53c2872179d05bda80a69503b2fb	cargo run -p jxl-encoder --release --features 'parallel butteraugli-loop ssim2-loop' --example w44_170_cjxl_step025_sweep -- --image windows95 --effort 7 --distance-min 1.75 --distance-max 1.75 --distance-step 1.75 --strategy zenjxl --corpus-manifest benchmarks/corpora/w44_170_varied_corpus.tsv
windows95	screenshot	640	480	zenjxl	7	2.0000	55558	39088	91.5677	83.3650	1.206949	2.092393	539.452	642.355	42.136	8.2027	-42.317	-16.020	OK	89e3c405809a53c2872179d05bda80a69503b2fb	cargo run -p jxl-encoder --release --features 'parallel butteraugli-loop ssim2-loop' --example w44_170_cjxl_step025_sweep -- --image windows95 --effort 7 --distance-min 2 --distance-max 2 --distance-step 2 --strategy zenjxl --corpus-manifest benchmarks/corpora/w44_170_varied_corpus.tsv
windows95	screenshot	640	480	zenjxl	7	2.2500	53432	38060	90.4852	82.5407	1.047969	2.491663	565.742	493.336	40.389	7.9445	-57.941	14.677	OK	89e3c405809a53c2872179d05bda80a69503b2fb	cargo run -p jxl-encoder --release --features 'parallel butteraugli-loop ssim2-loop' --example w44_170_cjxl_step025_sweep -- --image windows95 --effort 7 --distance-min 2.25 --distance-max 2.25 --distance-step 2.25 --strategy zenjxl --corpus-manifest benchmarks/corpora/w44_170_varied_corpus.tsv
windows95	screenshot	640	480	zenjxl	7	2.5000	51752	35726	90.4506	79.4292	1.145121	2.743227	513.827	921.684	44.858	11.0213	-58.256	-44.251	OK	89e3c405809a53c2872179d05bda80a69503b2fb	cargo run -p jxl-encoder --release --features 'parallel butteraugli-loop ssim2-loop' --example w44_170_cjxl_step025_sweep -- --image windows95 --effort 7 --distance-min 2.5 --distance-max 2.5 --distance-step 2.5 --strategy zenjxl --corpus-manifest benchmarks/corpora/w44_170_varied_corpus.tsv
windows95	screenshot	640	480	zenjxl	7	2.7500	50238	33769	89.2482	78.0437	1.207313	2.895179	490.796	849.216	48.770	11.2045	-58.299	-42.206	OK	89e3c405809a53c2872179d05bda80a69503b2fb	cargo run -p jxl-encoder --release --features 'parallel butteraugli-loop ssim2-loop' --example w44_170_cjxl_step025_sweep -- --image windows95 --effort 7 --distance-min 2.75 --distance-max 2.75 --distance-step 2.75 --strategy zenjxl --corpus-manifest benchmarks/corpora/w44_170_varied_corpus.tsv
windows95	screenshot	640	480	zenjxl	7	3.0000	48587	32839	87.5187	76.1529	1.558833	3.252730	517.420	664.914	47.955	11.3658	-52.076	-22.182	OK	89e3c405809a53c2872179d05bda80a69503b2fb	cargo run -p jxl-encoder --release --features 'parallel butteraugli-loop ssim2-loop' --example w44_170_cjxl_step025_sweep -- --image windows95 --effort 7 --distance-min 3 --distance-max 3 --distance-step 3 --strategy zenjxl --corpus-manifest benchmarks/corpora/w44_170_varied_corpus.tsv
windows95	screenshot	640	480	zenjxl	7	3.2500	47313	32211	86.9014	73.9457	1.478544	3.436434	381.673	680.806	46.885	12.9556	-56.974	-43.938	OK	89e3c405809a53c2872179d05bda80a69503b2fb	cargo run -p jxl-encoder --release --features 'parallel butteraugli-loop ssim2-loop' --example w44_170_cjxl_step025_sweep -- --image windows95 --effort 7 --distance-min 3.25 --distance-max 3.25 --distance-step 3.25 --strategy zenjxl --corpus-manifest benchmarks/corpora/w44_170_varied_corpus.tsv
windows95	screenshot	640	480	zenjxl	7	3.5000	46343	30636	85.9090	72.1243	1.514591	3.464418	561.072	653.256	51.270	13.7847	-56.282	-14.111	OK	89e3c405809a53c2872179d05bda80a69503b2fb	cargo run -p jxl-encoder --release --features 'parallel butteraugli-loop ssim2-loop' --example w44_170_cjxl_step025_sweep -- --image windows95 --effort 7 --distance-min 3.5 --distance-max 3.5 --distance-step 3.5 --strategy zenjxl --corpus-manifest benchmarks/corpora/w44_170_varied_corpus.tsv
windows95	screenshot	640	480	zenjxl	7	3.7500	45326	29958	86.4422	72.6538	1.834336	4.187925	500.308	683.520	51.298	13.7884	-56.199	-26.804	OK	89e3c405809a53c2872179d05bda80a69503b2fb	cargo run -p jxl-encoder --release --features 'parallel butteraugli-loop ssim2-loop' --example w44_170_cjxl_step025_sweep -- --image windows95 --effort 7 --distance-min 3.75 --distance-max 3.75 --distance-step 3.75 --strategy zenjxl --corpus-manifest benchmarks/corpora/w44_170_varied_corpus.tsv
windows95	screenshot	640	480	zenjxl	7	4.0000	43894	29083	83.4862	66.7629	1.895776	4.097602	587.927	614.913	50.927	16.7233	-53.735	-4.389	OK	89e3c405809a53c2872179d05bda80a69503b2fb	cargo run -p jxl-encoder --release --features 'parallel butteraugli-loop ssim2-loop' --example w44_170_cjxl_step025_sweep -- --image windows95 --effort 7 --distance-min 4 --distance-max 4 --distance-step 4 --strategy zenjxl --corpus-manifest benchmarks/corpora/w44_170_varied_corpus.tsv
windows95	screenshot	640	480	zenjxl	7	4.2500	42972	27713	83.8381	63.8022	1.944285	4.770876	661.943	758.615	55.061	20.0359	-59.247	-12.743	OK	89e3c405809a53c2872179d05bda80a69503b2fb	cargo run -p jxl-encoder --release --features 'parallel butteraugli-loop ssim2-loop' --example w44_170_cjxl_step025_sweep -- --image windows95 --effort 7 --distance-min 4.25 --distance-max 4.25 --distance-step 4.25 --strategy zenjxl --corpus-manifest benchmarks/corpora/w44_170_varied_corpus.tsv
windows95	screenshot	640	480	zenjxl	7	4.5000	41993	27240	83.0055	64.1285	1.882305	4.309259	634.467	530.417	54.159	18.8770	-56.320	19.617	OK	89e3c405809a53c2872179d05bda80a69503b2fb	cargo run -p jxl-encoder --release --features 'parallel butteraugli-loop ssim2-loop' --example w44_170_cjxl_step025_sweep -- --image windows95 --effort 7 --distance-min 4.5 --distance-max 4.5 --distance-step 4.5 --strategy zenjxl --corpus-manifest benchmarks/corpora/w44_170_varied_corpus.tsv
windows95	screenshot	640	480	zenjxl	7	4.7500	41035	26785	82.5554	66.9290	1.934994	4.409330	551.393	622.087	53.201	15.6264	-56.116	-11.364	OK	89e3c405809a53c2872179d05bda80a69503b2fb	cargo run -p jxl-encoder --release --features 'parallel butteraugli-loop ssim2-loop' --example w44_170_cjxl_step025_sweep -- --image windows95 --effort 7 --distance-min 4.75 --distance-max 4.75 --distance-step 4.75 --strategy zenjxl --corpus-manifest benchmarks/corpora/w44_170_varied_corpus.tsv
windows95	screenshot	640	480	zenjxl	7	5.0000	40576	26163	82.1613	65.0972	1.994532	4.636072	528.537	485.922	55.089	17.0641	-56.978	8.770	OK	89e3c405809a53c2872179d05bda80a69503b2fb	cargo run -p jxl-encoder --release --features 'parallel butteraugli-loop ssim2-loop' --example w44_170_cjxl_step025_sweep -- --image windows95 --effort 7 --distance-min 5 --distance-max 5 --distance-step 5 --strategy zenjxl --corpus-manifest benchmarks/corpora/w44_170_varied_corpus.tsv
windows95	screenshot	640	480	zenjxl	8	0.2500	50979	61959	95.0257	95.6527	0.258113	0.200893	2260.424	1506.894	-17.721	-0.6270	28.483	50.005	OK	89e3c405809a53c2872179d05bda80a69503b2fb	cargo run -p jxl-encoder --release --features 'parallel butteraugli-loop ssim2-loop' --example w44_170_cjxl_step025_sweep -- --image windows95 --effort 8 --distance-min 0.25 --distance-max 0.25 --distance-step 0.25 --strategy zenjxl --corpus-manifest benchmarks/corpora/w44_170_varied_corpus.tsv
windows95	screenshot	640	480	zenjxl	8	0.5000	46141	53534	93.7581	94.1815	0.551814	0.623475	1111.336	2089.558	-13.810	-0.4234	-11.494	-46.815	OK	89e3c405809a53c2872179d05bda80a69503b2fb	cargo run -p jxl-encoder --release --features 'parallel butteraugli-loop ssim2-loop' --example w44_170_cjxl_step025_sweep -- --image windows95 --effort 8 --distance-min 0.5 --distance-max 0.5 --distance-step 0.5 --strategy zenjxl --corpus-manifest benchmarks/corpora/w44_170_varied_corpus.tsv
windows95	screenshot	640	480	zenjxl	8	0.7500	53069	66868	91.5554	92.6311	1.067563	0.902210	1744.696	2165.763	-20.636	-1.0757	18.328	-19.442	OK	89e3c405809a53c2872179d05bda80a69503b2fb	cargo run -p jxl-encoder --release --features 'parallel butteraugli-loop ssim2-loop' --example w44_170_cjxl_step025_sweep -- --image windows95 --effort 8 --distance-min 0.75 --distance-max 0.75 --distance-step 0.75 --strategy zenjxl --corpus-manifest benchmarks/corpora/w44_170_varied_corpus.tsv
windows95	screenshot	640	480	zenjxl	8	1.0000	47609	59890	89.5822	90.9376	1.127113	1.585219	1531.406	2125.852	-20.506	-1.3554	-28.899	-27.963	OK	89e3c405809a53c2872179d05bda80a69503b2fb	cargo run -p jxl-encoder --release --features 'parallel butteraugli-loop ssim2-loop' --example w44_170_cjxl_step025_sweep -- --image windows95 --effort 8 --distance-min 1 --distance-max 1 --distance-step 1 --strategy zenjxl --corpus-manifest benchmarks/corpora/w44_170_varied_corpus.tsv
windows95	screenshot	640	480	zenjxl	8	1.2500	44197	53865	87.5006	88.1574	1.580667	1.823218	1623.876	2365.069	-17.949	-0.6567	-13.303	-31.339	OK	89e3c405809a53c2872179d05bda80a69503b2fb	cargo run -p jxl-encoder --release --features 'parallel butteraugli-loop ssim2-loop' --example w44_170_cjxl_step025_sweep -- --image windows95 --effort 8 --distance-min 1.25 --distance-max 1.25 --distance-step 1.25 --strategy zenjxl --corpus-manifest benchmarks/corpora/w44_170_varied_corpus.tsv
windows95	screenshot	640	480	zenjxl	8	1.5000	41835	49953	85.9144	86.2767	1.760085	1.924005	2760.517	1810.624	-16.251	-0.3623	-8.520	52.462	OK	89e3c405809a53c2872179d05bda80a69503b2fb	cargo run -p jxl-encoder --release --features 'parallel butteraugli-loop ssim2-loop' --example w44_170_cjxl_step025_sweep -- --image windows95 --effort 8 --distance-min 1.5 --distance-max 1.5 --distance-step 1.5 --strategy zenjxl --corpus-manifest benchmarks/corpora/w44_170_varied_corpus.tsv
windows95	screenshot	640	480	zenjxl	8	1.7500	39349	46815	84.2721	83.9624	2.191227	2.351449	2138.125	2213.627	-15.948	0.3096	-6.814	-3.411	OK	89e3c405809a53c2872179d05bda80a69503b2fb	cargo run -p jxl-encoder --release --features 'parallel butteraugli-loop ssim2-loop' --example w44_170_cjxl_step025_sweep -- --image windows95 --effort 8 --distance-min 1.75 --distance-max 1.75 --distance-step 1.75 --strategy zenjxl --corpus-manifest benchmarks/corpora/w44_170_varied_corpus.tsv
windows95	screenshot	640	480	zenjxl	8	2.0000	50064	44807	89.2894	82.1035	1.312332	2.552326	1969.412	2589.159	11.733	7.1860	-48.583	-23.936	OK	89e3c405809a53c2872179d05bda80a69503b2fb	cargo run -p jxl-encoder --release --features 'parallel butteraugli-loop ssim2-loop' --example w44_170_cjxl_step025_sweep -- --image windows95 --effort 8 --distance-min 2 --distance-max 2 --distance-step 2 --strategy zenjxl --corpus-manifest benchmarks/corpora/w44_170_varied_corpus.tsv
windows95	screenshot	640	480	zenjxl	8	2.2500	48617	43435	89.6358	81.9491	1.130708	2.881781	2085.555	1987.622	11.930	7.6866	-60.764	4.927	OK	89e3c405809a53c2872179d05bda80a69503b2fb	cargo run -p jxl-encoder --release --features 'parallel butteraugli-loop ssim2-loop' --example w44_170_cjxl_step025_sweep -- --image windows95 --effort 8 --distance-min 2.25 --distance-max 2.25 --distance-step 2.25 --strategy zenjxl --corpus-manifest benchmarks/corpora/w44_170_varied_corpus.tsv
windows95	screenshot	640	480	zenjxl	8	2.5000	46322	40725	86.9309	78.4244	1.307760	3.181775	2365.530	1770.619	13.743	8.5065	-58.898	33.599	OK	89e3c405809a53c2872179d05bda80a69503b2fb	cargo run -p jxl-encoder --release --features 'parallel butteraugli-loop ssim2-loop' --example w44_170_cjxl_step025_sweep -- --image windows95 --effort 8 --distance-min 2.5 --distance-max 2.5 --distance-step 2.5 --strategy zenjxl --corpus-manifest benchmarks/corpora/w44_170_varied_corpus.tsv
windows95	screenshot	640	480	zenjxl	8	2.7500	44489	37711	86.1595	77.0446	1.376672	3.510948	2466.266	2591.992	17.974	9.1149	-60.789	-4.851	OK	89e3c405809a53c2872179d05bda80a69503b2fb	cargo run -p jxl-encoder --release --features 'parallel butteraugli-loop ssim2-loop' --example w44_170_cjxl_step025_sweep -- --image windows95 --effort 8 --distance-min 2.75 --distance-max 2.75 --distance-step 2.75 --strategy zenjxl --corpus-manifest benchmarks/corpora/w44_170_varied_corpus.tsv
windows95	screenshot	640	480	zenjxl	8	3.0000	43457	37665	85.9003	75.1901	1.501004	3.285387	2860.281	2008.593	15.378	10.7102	-54.313	42.402	OK	89e3c405809a53c2872179d05bda80a69503b2fb	cargo run -p jxl-encoder --release --features 'parallel butteraugli-loop ssim2-loop' --example w44_170_cjxl_step025_sweep -- --image windows95 --effort 8 --distance-min 3 --distance-max 3 --distance-step 3 --strategy zenjxl --corpus-manifest benchmarks/corpora/w44_170_varied_corpus.tsv
windows95	screenshot	640	480	zenjxl	8	3.2500	42233	35948	85.1247	72.1532	1.527377	3.508366	1577.423	2068.266	17.484	12.9715	-56.465	-23.732	OK	89e3c405809a53c2872179d05bda80a69503b2fb	cargo run -p jxl-encoder --release --features 'parallel butteraugli-loop ssim2-loop' --example w44_170_cjxl_step025_sweep -- --image windows95 --effort 8 --distance-min 3.25 --distance-max 3.25 --distance-step 3.25 --strategy zenjxl --corpus-manifest benchmarks/corpora/w44_170_varied_corpus.tsv
windows95	screenshot	640	480	zenjxl	8	3.5000	40765	34527	84.5616	70.9800	1.784781	3.973416	1693.422	2469.345	18.067	13.5816	-55.082	-31.422	OK	89e3c405809a53c2872179d05bda80a69503b2fb	cargo run -p jxl-encoder --release --features 'parallel butteraugli-loop ssim2-loop' --example w44_170_cjxl_step025_sweep -- --image windows95 --effort 8 --distance-min 3.5 --distance-max 3.5 --distance-step 3.5 --strategy zenjxl --corpus-manifest benchmarks/corpora/w44_170_varied_corpus.tsv
windows95	screenshot	640	480	zenjxl	8	3.7500	40296	33248	82.7376	70.6561	1.885873	4.689222	2890.888	2059.410	21.198	12.0815	-59.783	40.375	OK	89e3c405809a53c2872179d05bda80a69503b2fb	cargo run -p jxl-encoder --release --features 'parallel butteraugli-loop ssim2-loop' --example w44_170_cjxl_step025_sweep -- --image windows95 --effort 8 --distance-min 3.75 --distance-max 3.75 --distance-step 3.75 --strategy zenjxl --corpus-manifest benchmarks/corpora/w44_170_varied_corpus.tsv
windows95	screenshot	640	480	zenjxl	8	4.0000	43258	32098	84.0002	66.2369	1.714201	4.138937	1855.723	1908.005	34.769	17.7633	-58.584	-2.740	OK	89e3c405809a53c2872179d05bda80a69503b2fb	cargo run -p jxl-encoder --release --features 'parallel butteraugli-loop ssim2-loop' --example w44_170_cjxl_step025_sweep -- --image windows95 --effort 8 --distance-min 4 --distance-max 4 --distance-step 4 --strategy zenjxl --corpus-manifest benchmarks/corpora/w44_170_varied_corpus.tsv
windows95	screenshot	640	480	zenjxl	8	4.2500	41912	30547	83.2976	62.3329	1.838596	4.528544	2100.499	2386.460	37.205	20.9647	-59.400	-11.983	OK	89e3c405809a53c2872179d05bda80a69503b2fb	cargo run -p jxl-encoder --release --features 'parallel butteraugli-loop ssim2-loop' --example w44_170_cjxl_step025_sweep -- --image windows95 --effort 8 --distance-min 4.25 --distance-max 4.25 --distance-step 4.25 --strategy zenjxl --corpus-manifest benchmarks/corpora/w44_170_varied_corpus.tsv
windows95	screenshot	640	480	zenjxl	8	4.5000	41509	29556	84.0916	63.2252	2.035622	4.876518	1483.065	2159.084	40.442	20.8664	-58.257	-31.310	OK	89e3c405809a53c2872179d05bda80a69503b2fb	cargo run -p jxl-encoder --release --features 'parallel butteraugli-loop ssim2-loop' --example w44_170_cjxl_step025_sweep -- --image windows95 --effort 8 --distance-min 4.5 --distance-max 4.5 --distance-step 4.5 --strategy zenjxl --corpus-manifest benchmarks/corpora/w44_170_varied_corpus.tsv
windows95	screenshot	640	480	zenjxl	8	4.7500	40663	28563	82.2576	63.6779	2.276009	5.326468	1820.179	2513.032	42.362	18.5797	-57.270	-27.570	OK	89e3c405809a53c2872179d05bda80a69503b2fb	cargo run -p jxl-encoder --release --features 'parallel butteraugli-loop ssim2-loop' --example w44_170_cjxl_step025_sweep -- --image windows95 --effort 8 --distance-min 4.75 --distance-max 4.75 --distance-step 4.75 --strategy zenjxl --corpus-manifest benchmarks/corpora/w44_170_varied_corpus.tsv
windows95	screenshot	640	480	zenjxl	8	5.0000	40333	28114	81.8335	62.0756	2.176954	5.094805	1488.374	2032.487	43.462	19.7580	-57.271	-26.771	OK	89e3c405809a53c2872179d05bda80a69503b2fb	cargo run -p jxl-encoder --release --features 'parallel butteraugli-loop ssim2-loop' --example w44_170_cjxl_step025_sweep -- --image windows95 --effort 8 --distance-min 5 --distance-max 5 --distance-step 5 --strategy zenjxl --corpus-manifest benchmarks/corpora/w44_170_varied_corpus.tsv
windows95	screenshot	640	480	zenjxl	9	0.2500	45790	60877	95.0396	95.7157	0.230186	0.200889	2864.289	2896.078	-24.783	-0.6761	14.583	-1.098	OK	89e3c405809a53c2872179d05bda80a69503b2fb	cargo run -p jxl-encoder --release --features 'parallel butteraugli-loop ssim2-loop' --example w44_170_cjxl_step025_sweep -- --image windows95 --effort 9 --distance-min 0.25 --distance-max 0.25 --distance-step 0.25 --strategy zenjxl --corpus-manifest benchmarks/corpora/w44_170_varied_corpus.tsv
windows95	screenshot	640	480	zenjxl	9	0.5000	43074	53403	93.7424	94.1362	0.505159	0.505317	3042.569	2427.974	-19.342	-0.3938	-0.031	25.313	OK	89e3c405809a53c2872179d05bda80a69503b2fb	cargo run -p jxl-encoder --release --features 'parallel butteraugli-loop ssim2-loop' --example w44_170_cjxl_step025_sweep -- --image windows95 --effort 9 --distance-min 0.5 --distance-max 0.5 --distance-step 0.5 --strategy zenjxl --corpus-manifest benchmarks/corpora/w44_170_varied_corpus.tsv
windows95	screenshot	640	480	zenjxl	9	0.7500	54195	68093	91.8451	92.7198	1.053105	0.920750	2881.154	2999.338	-20.410	-0.8746	14.375	-3.940	OK	89e3c405809a53c2872179d05bda80a69503b2fb	cargo run -p jxl-encoder --release --features 'parallel butteraugli-loop ssim2-loop' --example w44_170_cjxl_step025_sweep -- --image windows95 --effort 9 --distance-min 0.75 --distance-max 0.75 --distance-step 0.75 --strategy zenjxl --corpus-manifest benchmarks/corpora/w44_170_varied_corpus.tsv
windows95	screenshot	640	480	zenjxl	9	1.0000	48162	62129	89.8881	91.0861	1.116466	0.996182	2525.047	3295.473	-22.481	-1.1979	12.074	-23.378	OK	89e3c405809a53c2872179d05bda80a69503b2fb	cargo run -p jxl-encoder --release --features 'parallel butteraugli-loop ssim2-loop' --example w44_170_cjxl_step025_sweep -- --image windows95 --effort 9 --distance-min 1 --distance-max 1 --distance-step 1 --strategy zenjxl --corpus-manifest benchmarks/corpora/w44_170_varied_corpus.tsv
windows95	screenshot	640	480	zenjxl	9	1.2500	44499	57034	87.7482	90.0062	1.268670	1.255807	2222.777	3058.183	-21.978	-2.2580	1.024	-27.317	OK	89e3c405809a53c2872179d05bda80a69503b2fb	cargo run -p jxl-encoder --release --features 'parallel butteraugli-loop ssim2-loop' --example w44_170_cjxl_step025_sweep -- --image windows95 --effort 9 --distance-min 1.25 --distance-max 1.25 --distance-step 1.25 --strategy zenjxl --corpus-manifest benchmarks/corpora/w44_170_varied_corpus.tsv
windows95	screenshot	640	480	zenjxl	9	1.5000	42224	51754	86.1628	86.8681	1.558265	1.822344	3043.396	3110.336	-18.414	-0.7053	-14.491	-2.152	OK	89e3c405809a53c2872179d05bda80a69503b2fb	cargo run -p jxl-encoder --release --features 'parallel butteraugli-loop ssim2-loop' --example w44_170_cjxl_step025_sweep -- --image windows95 --effort 9 --distance-min 1.5 --distance-max 1.5 --distance-step 1.5 --strategy zenjxl --corpus-manifest benchmarks/corpora/w44_170_varied_corpus.tsv
windows95	screenshot	640	480	zenjxl	9	1.7500	39854	48037	84.5457	85.3185	1.729370	2.098309	2687.720	3412.934	-17.035	-0.7728	-17.583	-21.249	OK	89e3c405809a53c2872179d05bda80a69503b2fb	cargo run -p jxl-encoder --release --features 'parallel butteraugli-loop ssim2-loop' --example w44_170_cjxl_step025_sweep -- --image windows95 --effort 9 --distance-min 1.75 --distance-max 1.75 --distance-step 1.75 --strategy zenjxl --corpus-manifest benchmarks/corpora/w44_170_varied_corpus.tsv
windows95	screenshot	640	480	zenjxl	9	2.0000	50885	45911	89.2894	83.2384	1.312332	2.353524	2952.949	3394.203	10.834	6.0511	-44.240	-13.000	OK	89e3c405809a53c2872179d05bda80a69503b2fb	cargo run -p jxl-encoder --release --features 'parallel butteraugli-loop ssim2-loop' --example w44_170_cjxl_step025_sweep -- --image windows95 --effort 9 --distance-min 2 --distance-max 2 --distance-step 2 --strategy zenjxl --corpus-manifest benchmarks/corpora/w44_170_varied_corpus.tsv
windows95	screenshot	640	480	zenjxl	9	2.2500	49269	44396	89.6358	81.9972	1.130708	2.307857	2405.357	3528.508	10.976	7.6386	-51.006	-31.831	OK	89e3c405809a53c2872179d05bda80a69503b2fb	cargo run -p jxl-encoder --release --features 'parallel butteraugli-loop ssim2-loop' --example w44_170_cjxl_step025_sweep -- --image windows95 --effort 9 --distance-min 2.25 --distance-max 2.25 --distance-step 2.25 --strategy zenjxl --corpus-manifest benchmarks/corpora/w44_170_varied_corpus.tsv
windows95	screenshot	640	480	zenjxl	9	2.5000	46981	41618	86.9309	78.9263	1.307760	2.797130	3111.280	3440.557	12.886	8.0046	-53.246	-9.570	OK	89e3c405809a53c2872179d05bda80a69503b2fb	cargo run -p jxl-encoder --release --features 'parallel butteraugli-loop ssim2-loop' --example w44_170_cjxl_step025_sweep -- --image windows95 --effort 9 --distance-min 2.5 --distance-max 2.5 --distance-step 2.5 --strategy zenjxl --corpus-manifest benchmarks/corpora/w44_170_varied_corpus.tsv
windows95	screenshot	640	480	zenjxl	9	2.7500	45128	38582	86.1595	77.0867	1.376672	3.063998	2600.359	3494.440	16.966	9.0728	-55.069	-25.586	OK	89e3c405809a53c2872179d05bda80a69503b2fb	cargo run -p jxl-encoder --release --features 'parallel butteraugli-loop ssim2-loop' --example w44_170_cjxl_step025_sweep -- --image windows95 --effort 9 --distance-min 2.75 --distance-max 2.75 --distance-step 2.75 --strategy zenjxl --corpus-manifest benchmarks/corpora/w44_170_varied_corpus.tsv
windows95	screenshot	640	480	zenjxl	9	3.0000	44050	38248	85.9003	75.2622	1.501004	3.121769	3658.504	3737.475	15.169	10.6381	-51.918	-2.113	OK	89e3c405809a53c2872179d05bda80a69503b2fb	cargo run -p jxl-encoder --release --features 'parallel butteraugli-loop ssim2-loop' --example w44_170_cjxl_step025_sweep -- --image windows95 --effort 9 --distance-min 3 --distance-max 3 --distance-step 3 --strategy zenjxl --corpus-manifest benchmarks/corpora/w44_170_varied_corpus.tsv
windows95	screenshot	640	480	zenjxl	9	3.2500	42804	36635	85.1247	71.9937	1.527377	3.613052	2909.491	2873.612	16.839	13.1310	-57.726	1.249	OK	89e3c405809a53c2872179d05bda80a69503b2fb	cargo run -p jxl-encoder --release --features 'parallel butteraugli-loop ssim2-loop' --example w44_170_cjxl_step025_sweep -- --image windows95 --effort 9 --distance-min 3.25 --distance-max 3.25 --distance-step 3.25 --strategy zenjxl --corpus-manifest benchmarks/corpora/w44_170_varied_corpus.tsv
windows95	screenshot	640	480	zenjxl	9	3.5000	41253	35378	84.5616	69.7273	1.784781	3.844091	2178.456	3495.807	16.606	14.8342	-53.571	-37.684	OK	89e3c405809a53c2872179d05bda80a69503b2fb	cargo run -p jxl-encoder --release --features 'parallel butteraugli-loop ssim2-loop' --example w44_170_cjxl_step025_sweep -- --image windows95 --effort 9 --distance-min 3.5 --distance-max 3.5 --distance-step 3.5 --strategy zenjxl --corpus-manifest benchmarks/corpora/w44_170_varied_corpus.tsv
windows95	screenshot	640	480	zenjxl	9	3.7500	40856	33813	82.7376	70.3260	1.885873	3.722266	2611.963	4221.539	20.829	12.4116	-49.335	-38.128	OK	89e3c405809a53c2872179d05bda80a69503b2fb	cargo run -p jxl-encoder --release --features 'parallel butteraugli-loop ssim2-loop' --example w44_170_cjxl_step025_sweep -- --image windows95 --effort 9 --distance-min 3.75 --distance-max 3.75 --distance-step 3.75 --strategy zenjxl --corpus-manifest benchmarks/corpora/w44_170_varied_corpus.tsv
windows95	screenshot	640	480	zenjxl	9	4.0000	39370	32824	81.9272	69.1109	2.330594	3.790632	3866.208	3773.818	19.943	12.8163	-38.517	2.448	OK	89e3c405809a53c2872179d05bda80a69503b2fb	cargo run -p jxl-encoder --release --features 'parallel butteraugli-loop ssim2-loop' --example w44_170_cjxl_step025_sweep -- --image windows95 --effort 9 --distance-min 4 --distance-max 4 --distance-step 4 --strategy zenjxl --corpus-manifest benchmarks/corpora/w44_170_varied_corpus.tsv
windows95	screenshot	640	480	zenjxl	9	4.2500	38205	31360	81.2874	62.3975	2.170469	4.340985	3537.591	3720.472	21.827	18.8899	-50.001	-4.916	OK	89e3c405809a53c2872179d05bda80a69503b2fb	cargo run -p jxl-encoder --release --features 'parallel butteraugli-loop ssim2-loop' --example w44_170_cjxl_step025_sweep -- --image windows95 --effort 9 --distance-min 4.25 --distance-max 4.25 --distance-step 4.25 --strategy zenjxl --corpus-manifest benchmarks/corpora/w44_170_varied_corpus.tsv
