image	class	width	height	strategy	effort	distance	ours_bytes	cjxl_bytes	ours_ssim2	cjxl_ssim2	ours_bfly	cjxl_bfly	ours_ms	cjxl_ms	delta_bytes_pct	delta_ssim2	delta_bfly_pct	delta_ms_pct	status	commit	reproducer
1025469	cid22	512	512	libjxl	5	0.2500	105091	105188	95.0033	95.0106	0.456436	0.474602	219.233	102.717	-0.092	-0.0073	-3.828	113.434	OK	89e3c405809a53c2872179d05bda80a69503b2fb	cargo run -p jxl-encoder --release --features 'parallel butteraugli-loop ssim2-loop' --example w44_170_cjxl_step025_sweep -- --image 1025469 --effort 5 --distance-min 0.25 --distance-max 0.25 --distance-step 0.25 --strategy libjxl --corpus-manifest benchmarks/corpora/w44_170_varied_corpus.tsv
1025469	cid22	512	512	libjxl	5	0.5000	65048	64925	92.3609	92.6115	0.788362	0.782454	209.111	200.332	0.189	-0.2505	0.755	4.382	OK	89e3c405809a53c2872179d05bda80a69503b2fb	cargo run -p jxl-encoder --release --features 'parallel butteraugli-loop ssim2-loop' --example w44_170_cjxl_step025_sweep -- --image 1025469 --effort 5 --distance-min 0.5 --distance-max 0.5 --distance-step 0.5 --strategy libjxl --corpus-manifest benchmarks/corpora/w44_170_varied_corpus.tsv
1025469	cid22	512	512	libjxl	5	0.7500	47384	46861	90.0215	90.0620	1.047718	1.065347	282.352	211.026	1.116	-0.0405	-1.655	33.800	OK	89e3c405809a53c2872179d05bda80a69503b2fb	cargo run -p jxl-encoder --release --features 'parallel butteraugli-loop ssim2-loop' --example w44_170_cjxl_step025_sweep -- --image 1025469 --effort 5 --distance-min 0.75 --distance-max 0.75 --distance-step 0.75 --strategy libjxl --corpus-manifest benchmarks/corpora/w44_170_varied_corpus.tsv
1025469	cid22	512	512	libjxl	5	1.0000	38843	38010	87.8516	88.1120	1.364915	1.408793	266.904	211.066	2.192	-0.2605	-3.115	26.456	OK	89e3c405809a53c2872179d05bda80a69503b2fb	cargo run -p jxl-encoder --release --features 'parallel butteraugli-loop ssim2-loop' --example w44_170_cjxl_step025_sweep -- --image 1025469 --effort 5 --distance-min 1 --distance-max 1 --distance-step 1 --strategy libjxl --corpus-manifest benchmarks/corpora/w44_170_varied_corpus.tsv
1025469	cid22	512	512	libjxl	5	1.2500	33192	32392	84.9702	85.2468	1.747198	1.744497	268.624	361.934	2.470	-0.2766	0.155	-25.781	OK	89e3c405809a53c2872179d05bda80a69503b2fb	cargo run -p jxl-encoder --release --features 'parallel butteraugli-loop ssim2-loop' --example w44_170_cjxl_step025_sweep -- --image 1025469 --effort 5 --distance-min 1.25 --distance-max 1.25 --distance-step 1.25 --strategy libjxl --corpus-manifest benchmarks/corpora/w44_170_varied_corpus.tsv
1025469	cid22	512	512	libjxl	5	1.5000	28914	28125	82.8829	82.9948	1.812298	1.917103	234.598	321.837	2.805	-0.1119	-5.467	-27.106	OK	89e3c405809a53c2872179d05bda80a69503b2fb	cargo run -p jxl-encoder --release --features 'parallel butteraugli-loop ssim2-loop' --example w44_170_cjxl_step025_sweep -- --image 1025469 --effort 5 --distance-min 1.5 --distance-max 1.5 --distance-step 1.5 --strategy libjxl --corpus-manifest benchmarks/corpora/w44_170_varied_corpus.tsv
1025469	cid22	512	512	libjxl	5	1.7500	25869	24982	80.5166	80.6089	2.073352	2.150725	233.741	274.988	3.551	-0.0922	-3.598	-14.999	OK	89e3c405809a53c2872179d05bda80a69503b2fb	cargo run -p jxl-encoder --release --features 'parallel butteraugli-loop ssim2-loop' --example w44_170_cjxl_step025_sweep -- --image 1025469 --effort 5 --distance-min 1.75 --distance-max 1.75 --distance-step 1.75 --strategy libjxl --corpus-manifest benchmarks/corpora/w44_170_varied_corpus.tsv
1025469	cid22	512	512	libjxl	5	2.0000	23454	22414	78.5765	78.4570	2.189135	2.011266	292.235	128.841	4.640	0.1196	8.844	126.818	OK	89e3c405809a53c2872179d05bda80a69503b2fb	cargo run -p jxl-encoder --release --features 'parallel butteraugli-loop ssim2-loop' --example w44_170_cjxl_step025_sweep -- --image 1025469 --effort 5 --distance-min 2 --distance-max 2 --distance-step 2 --strategy libjxl --corpus-manifest benchmarks/corpora/w44_170_varied_corpus.tsv
1025469	cid22	512	512	libjxl	5	2.2500	21228	20345	76.8982	76.5707	2.099968	2.348611	255.724	176.444	4.340	0.3275	-10.587	44.932	OK	89e3c405809a53c2872179d05bda80a69503b2fb	cargo run -p jxl-encoder --release --features 'parallel butteraugli-loop ssim2-loop' --example w44_170_cjxl_step025_sweep -- --image 1025469 --effort 5 --distance-min 2.25 --distance-max 2.25 --distance-step 2.25 --strategy libjxl --corpus-manifest benchmarks/corpora/w44_170_varied_corpus.tsv
1025469	cid22	512	512	libjxl	5	2.5000	19545	18758	74.7735	74.5766	2.492074	2.610239	237.686	288.188	4.196	0.1970	-4.527	-17.524	OK	89e3c405809a53c2872179d05bda80a69503b2fb	cargo run -p jxl-encoder --release --features 'parallel butteraugli-loop ssim2-loop' --example w44_170_cjxl_step025_sweep -- --image 1025469 --effort 5 --distance-min 2.5 --distance-max 2.5 --distance-step 2.5 --strategy libjxl --corpus-manifest benchmarks/corpora/w44_170_varied_corpus.tsv
1025469	cid22	512	512	libjxl	5	2.7500	17981	17361	73.2191	73.1971	2.583628	2.653853	383.346	252.924	3.571	0.0221	-2.646	51.565	OK	89e3c405809a53c2872179d05bda80a69503b2fb	cargo run -p jxl-encoder --release --features 'parallel butteraugli-loop ssim2-loop' --example w44_170_cjxl_step025_sweep -- --image 1025469 --effort 5 --distance-min 2.75 --distance-max 2.75 --distance-step 2.75 --strategy libjxl --corpus-manifest benchmarks/corpora/w44_170_varied_corpus.tsv
1025469	cid22	512	512	libjxl	5	3.0000	16882	16129	71.3038	70.9480	2.882305	2.784935	305.876	261.709	4.669	0.3558	3.496	16.876	OK	89e3c405809a53c2872179d05bda80a69503b2fb	cargo run -p jxl-encoder --release --features 'parallel butteraugli-loop ssim2-loop' --example w44_170_cjxl_step025_sweep -- --image 1025469 --effort 5 --distance-min 3 --distance-max 3 --distance-step 3 --strategy libjxl --corpus-manifest benchmarks/corpora/w44_170_varied_corpus.tsv
1025469	cid22	512	512	libjxl	5	3.2500	15764	15027	69.8366	69.6711	3.027325	3.073701	262.723	263.073	4.905	0.1655	-1.509	-0.133	OK	89e3c405809a53c2872179d05bda80a69503b2fb	cargo run -p jxl-encoder --release --features 'parallel butteraugli-loop ssim2-loop' --example w44_170_cjxl_step025_sweep -- --image 1025469 --effort 5 --distance-min 3.25 --distance-max 3.25 --distance-step 3.25 --strategy libjxl --corpus-manifest benchmarks/corpora/w44_170_varied_corpus.tsv
1025469	cid22	512	512	libjxl	5	3.5000	14735	14022	67.6503	67.3118	3.337471	3.364668	272.889	403.243	5.085	0.3385	-0.808	-32.326	OK	89e3c405809a53c2872179d05bda80a69503b2fb	cargo run -p jxl-encoder --release --features 'parallel butteraugli-loop ssim2-loop' --example w44_170_cjxl_step025_sweep -- --image 1025469 --effort 5 --distance-min 3.5 --distance-max 3.5 --distance-step 3.5 --strategy libjxl --corpus-manifest benchmarks/corpora/w44_170_varied_corpus.tsv
1025469	cid22	512	512	libjxl	5	3.7500	14081	13345	65.9691	65.7148	3.957724	4.058726	355.694	321.696	5.515	0.2543	-2.489	10.568	OK	89e3c405809a53c2872179d05bda80a69503b2fb	cargo run -p jxl-encoder --release --features 'parallel butteraugli-loop ssim2-loop' --example w44_170_cjxl_step025_sweep -- --image 1025469 --effort 5 --distance-min 3.75 --distance-max 3.75 --distance-step 3.75 --strategy libjxl --corpus-manifest benchmarks/corpora/w44_170_varied_corpus.tsv
1025469	cid22	512	512	libjxl	5	4.0000	13608	12579	64.5967	61.6473	3.910190	4.092271	390.233	81.164	8.180	2.9494	-4.449	380.797	OK	89e3c405809a53c2872179d05bda80a69503b2fb	cargo run -p jxl-encoder --release --features 'parallel butteraugli-loop ssim2-loop' --example w44_170_cjxl_step025_sweep -- --image 1025469 --effort 5 --distance-min 4 --distance-max 4 --distance-step 4 --strategy libjxl --corpus-manifest benchmarks/corpora/w44_170_varied_corpus.tsv
1025469	cid22	512	512	libjxl	5	4.2500	12834	12165	62.4528	58.4967	3.911761	4.215300	443.896	171.290	5.499	3.9561	-7.201	159.149	OK	89e3c405809a53c2872179d05bda80a69503b2fb	cargo run -p jxl-encoder --release --features 'parallel butteraugli-loop ssim2-loop' --example w44_170_cjxl_step025_sweep -- --image 1025469 --effort 5 --distance-min 4.25 --distance-max 4.25 --distance-step 4.25 --strategy libjxl --corpus-manifest benchmarks/corpora/w44_170_varied_corpus.tsv
1025469	cid22	512	512	libjxl	5	4.5000	12431	11494	60.8226	57.1050	3.964743	4.584764	428.337	345.027	8.152	3.7176	-13.523	24.146	OK	89e3c405809a53c2872179d05bda80a69503b2fb	cargo run -p jxl-encoder --release --features 'parallel butteraugli-loop ssim2-loop' --example w44_170_cjxl_step025_sweep -- --image 1025469 --effort 5 --distance-min 4.5 --distance-max 4.5 --distance-step 4.5 --strategy libjxl --corpus-manifest benchmarks/corpora/w44_170_varied_corpus.tsv
1025469	cid22	512	512	libjxl	5	4.7500	11887	11069	59.0952	55.5459	3.853397	4.245601	365.999	194.036	7.390	3.5494	-9.238	88.624	OK	89e3c405809a53c2872179d05bda80a69503b2fb	cargo run -p jxl-encoder --release --features 'parallel butteraugli-loop ssim2-loop' --example w44_170_cjxl_step025_sweep -- --image 1025469 --effort 5 --distance-min 4.75 --distance-max 4.75 --distance-step 4.75 --strategy libjxl --corpus-manifest benchmarks/corpora/w44_170_varied_corpus.tsv
1025469	cid22	512	512	libjxl	5	5.0000	11281	10602	57.8954	54.1524	4.496130	4.276909	346.762	325.725	6.404	3.7430	5.126	6.459	OK	89e3c405809a53c2872179d05bda80a69503b2fb	cargo run -p jxl-encoder --release --features 'parallel butteraugli-loop ssim2-loop' --example w44_170_cjxl_step025_sweep -- --image 1025469 --effort 5 --distance-min 5 --distance-max 5 --distance-step 5 --strategy libjxl --corpus-manifest benchmarks/corpora/w44_170_varied_corpus.tsv
1025469	cid22	512	512	libjxl	6	0.2500	104201	104549	94.9599	95.0520	0.456343	0.476807	265.193	349.368	-0.333	-0.0922	-4.292	-24.093	OK	89e3c405809a53c2872179d05bda80a69503b2fb	cargo run -p jxl-encoder --release --features 'parallel butteraugli-loop ssim2-loop' --example w44_170_cjxl_step025_sweep -- --image 1025469 --effort 6 --distance-min 0.25 --distance-max 0.25 --distance-step 0.25 --strategy libjxl --corpus-manifest benchmarks/corpora/w44_170_varied_corpus.tsv
1025469	cid22	512	512	libjxl	6	0.5000	64092	64270	92.4596	92.6206	0.789511	0.793367	225.599	374.342	-0.277	-0.1609	-0.486	-39.734	OK	89e3c405809a53c2872179d05bda80a69503b2fb	cargo run -p jxl-encoder --release --features 'parallel butteraugli-loop ssim2-loop' --example w44_170_cjxl_step025_sweep -- --image 1025469 --effort 6 --distance-min 0.5 --distance-max 0.5 --distance-step 0.5 --strategy libjxl --corpus-manifest benchmarks/corpora/w44_170_varied_corpus.tsv
1025469	cid22	512	512	libjxl	6	0.7500	46655	46493	90.1095	90.1102	1.047901	1.059710	372.750	375.750	0.348	-0.0007	-1.114	-0.798	OK	89e3c405809a53c2872179d05bda80a69503b2fb	cargo run -p jxl-encoder --release --features 'parallel butteraugli-loop ssim2-loop' --example w44_170_cjxl_step025_sweep -- --image 1025469 --effort 6 --distance-min 0.75 --distance-max 0.75 --distance-step 0.75 --strategy libjxl --corpus-manifest benchmarks/corpora/w44_170_varied_corpus.tsv
1025469	cid22	512	512	libjxl	6	1.0000	37998	37712	87.7718	87.9762	1.364797	1.366720	279.983	169.739	0.758	-0.2044	-0.141	64.949	OK	89e3c405809a53c2872179d05bda80a69503b2fb	cargo run -p jxl-encoder --release --features 'parallel butteraugli-loop ssim2-loop' --example w44_170_cjxl_step025_sweep -- --image 1025469 --effort 6 --distance-min 1 --distance-max 1 --distance-step 1 --strategy libjxl --corpus-manifest benchmarks/corpora/w44_170_varied_corpus.tsv
1025469	cid22	512	512	libjxl	6	1.2500	33123	32053	85.3722	85.8598	1.740816	1.713493	284.918	442.108	3.338	-0.4876	1.595	-35.555	OK	89e3c405809a53c2872179d05bda80a69503b2fb	cargo run -p jxl-encoder --release --features 'parallel butteraugli-loop ssim2-loop' --example w44_170_cjxl_step025_sweep -- --image 1025469 --effort 6 --distance-min 1.25 --distance-max 1.25 --distance-step 1.25 --strategy libjxl --corpus-manifest benchmarks/corpora/w44_170_varied_corpus.tsv
1025469	cid22	512	512	libjxl	6	1.5000	28276	27950	83.2298	83.6026	1.812796	1.820519	345.904	487.104	1.166	-0.3728	-0.424	-28.988	OK	89e3c405809a53c2872179d05bda80a69503b2fb	cargo run -p jxl-encoder --release --features 'parallel butteraugli-loop ssim2-loop' --example w44_170_cjxl_step025_sweep -- --image 1025469 --effort 6 --distance-min 1.5 --distance-max 1.5 --distance-step 1.5 --strategy libjxl --corpus-manifest benchmarks/corpora/w44_170_varied_corpus.tsv
1025469	cid22	512	512	libjxl	6	1.7500	25099	25104	81.1295	81.1703	2.041013	1.949419	361.833	445.215	-0.020	-0.0408	4.699	-18.729	OK	89e3c405809a53c2872179d05bda80a69503b2fb	cargo run -p jxl-encoder --release --features 'parallel butteraugli-loop ssim2-loop' --example w44_170_cjxl_step025_sweep -- --image 1025469 --effort 6 --distance-min 1.75 --distance-max 1.75 --distance-step 1.75 --strategy libjxl --corpus-manifest benchmarks/corpora/w44_170_varied_corpus.tsv
1025469	cid22	512	512	libjxl	6	2.0000	23243	22757	79.1592	79.4072	2.189215	2.086534	352.820	455.606	2.136	-0.2480	4.921	-22.560	OK	89e3c405809a53c2872179d05bda80a69503b2fb	cargo run -p jxl-encoder --release --features 'parallel butteraugli-loop ssim2-loop' --example w44_170_cjxl_step025_sweep -- --image 1025469 --effort 6 --distance-min 2 --distance-max 2 --distance-step 2 --strategy libjxl --corpus-manifest benchmarks/corpora/w44_170_varied_corpus.tsv
1025469	cid22	512	512	libjxl	6	2.2500	20672	20707	77.4693	77.2829	2.146094	2.282180	317.368	359.658	-0.169	0.1865	-5.963	-11.758	OK	89e3c405809a53c2872179d05bda80a69503b2fb	cargo run -p jxl-encoder --release --features 'parallel butteraugli-loop ssim2-loop' --example w44_170_cjxl_step025_sweep -- --image 1025469 --effort 6 --distance-min 2.25 --distance-max 2.25 --distance-step 2.25 --strategy libjxl --corpus-manifest benchmarks/corpora/w44_170_varied_corpus.tsv
1025469	cid22	512	512	libjxl	6	2.5000	19028	19166	75.5077	75.8907	2.491939	2.577095	294.953	549.054	-0.720	-0.3830	-3.304	-46.280	OK	89e3c405809a53c2872179d05bda80a69503b2fb	cargo run -p jxl-encoder --release --features 'parallel butteraugli-loop ssim2-loop' --example w44_170_cjxl_step025_sweep -- --image 1025469 --effort 6 --distance-min 2.5 --distance-max 2.5 --distance-step 2.5 --strategy libjxl --corpus-manifest benchmarks/corpora/w44_170_varied_corpus.tsv
1025469	cid22	512	512	libjxl	6	2.7500	17722	17703	73.6835	74.0126	2.594133	2.861882	330.448	488.426	0.107	-0.3291	-9.356	-32.344	OK	89e3c405809a53c2872179d05bda80a69503b2fb	cargo run -p jxl-encoder --release --features 'parallel butteraugli-loop ssim2-loop' --example w44_170_cjxl_step025_sweep -- --image 1025469 --effort 6 --distance-min 2.75 --distance-max 2.75 --distance-step 2.75 --strategy libjxl --corpus-manifest benchmarks/corpora/w44_170_varied_corpus.tsv
1025469	cid22	512	512	libjxl	6	3.0000	16610	16590	71.8237	72.4091	2.946118	2.817091	247.140	220.807	0.121	-0.5854	4.580	11.926	OK	89e3c405809a53c2872179d05bda80a69503b2fb	cargo run -p jxl-encoder --release --features 'parallel butteraugli-loop ssim2-loop' --example w44_170_cjxl_step025_sweep -- --image 1025469 --effort 6 --distance-min 3 --distance-max 3 --distance-step 3 --strategy libjxl --corpus-manifest benchmarks/corpora/w44_170_varied_corpus.tsv
1025469	cid22	512	512	libjxl	6	3.2500	15492	15468	70.1197	70.7780	3.163485	3.091045	288.467	302.997	0.155	-0.6583	2.344	-4.796	OK	89e3c405809a53c2872179d05bda80a69503b2fb	cargo run -p jxl-encoder --release --features 'parallel butteraugli-loop ssim2-loop' --example w44_170_cjxl_step025_sweep -- --image 1025469 --effort 6 --distance-min 3.25 --distance-max 3.25 --distance-step 3.25 --strategy libjxl --corpus-manifest benchmarks/corpora/w44_170_varied_corpus.tsv
1025469	cid22	512	512	libjxl	6	3.5000	14500	14629	68.1855	68.5716	3.337041	3.282840	276.642	318.867	-0.882	-0.3861	1.651	-13.242	OK	89e3c405809a53c2872179d05bda80a69503b2fb	cargo run -p jxl-encoder --release --features 'parallel butteraugli-loop ssim2-loop' --example w44_170_cjxl_step025_sweep -- --image 1025469 --effort 6 --distance-min 3.5 --distance-max 3.5 --distance-step 3.5 --strategy libjxl --corpus-manifest benchmarks/corpora/w44_170_varied_corpus.tsv
1025469	cid22	512	512	libjxl	6	3.7500	13938	13858	66.4081	67.1739	3.957930	4.042705	334.526	138.775	0.577	-0.7658	-2.097	141.056	OK	89e3c405809a53c2872179d05bda80a69503b2fb	cargo run -p jxl-encoder --release --features 'parallel butteraugli-loop ssim2-loop' --example w44_170_cjxl_step025_sweep -- --image 1025469 --effort 6 --distance-min 3.75 --distance-max 3.75 --distance-step 3.75 --strategy libjxl --corpus-manifest benchmarks/corpora/w44_170_varied_corpus.tsv
1025469	cid22	512	512	libjxl	6	4.0000	13370	13362	65.0372	65.5965	3.909730	3.258872	450.485	460.938	0.060	-0.5593	19.972	-2.268	OK	89e3c405809a53c2872179d05bda80a69503b2fb	cargo run -p jxl-encoder --release --features 'parallel butteraugli-loop ssim2-loop' --example w44_170_cjxl_step025_sweep -- --image 1025469 --effort 6 --distance-min 4 --distance-max 4 --distance-step 4 --strategy libjxl --corpus-manifest benchmarks/corpora/w44_170_varied_corpus.tsv
1025469	cid22	512	512	libjxl	6	4.2500	12977	12962	62.4344	62.4246	3.911761	3.848171	445.004	337.236	0.116	0.0098	1.652	31.956	OK	89e3c405809a53c2872179d05bda80a69503b2fb	cargo run -p jxl-encoder --release --features 'parallel butteraugli-loop ssim2-loop' --example w44_170_cjxl_step025_sweep -- --image 1025469 --effort 6 --distance-min 4.25 --distance-max 4.25 --distance-step 4.25 --strategy libjxl --corpus-manifest benchmarks/corpora/w44_170_varied_corpus.tsv
1025469	cid22	512	512	libjxl	6	4.5000	12922	12256	60.7725	61.2129	3.964747	4.013964	581.626	518.449	5.434	-0.4404	-1.226	12.186	OK	89e3c405809a53c2872179d05bda80a69503b2fb	cargo run -p jxl-encoder --release --features 'parallel butteraugli-loop ssim2-loop' --example w44_170_cjxl_step025_sweep -- --image 1025469 --effort 6 --distance-min 4.5 --distance-max 4.5 --distance-step 4.5 --strategy libjxl --corpus-manifest benchmarks/corpora/w44_170_varied_corpus.tsv
1025469	cid22	512	512	libjxl	6	4.7500	11859	11538	59.1038	59.4798	3.853397	4.094131	494.539	194.857	2.782	-0.3761	-5.880	153.795	OK	89e3c405809a53c2872179d05bda80a69503b2fb	cargo run -p jxl-encoder --release --features 'parallel butteraugli-loop ssim2-loop' --example w44_170_cjxl_step025_sweep -- --image 1025469 --effort 6 --distance-min 4.75 --distance-max 4.75 --distance-step 4.75 --strategy libjxl --corpus-manifest benchmarks/corpora/w44_170_varied_corpus.tsv
1025469	cid22	512	512	libjxl	6	5.0000	11334	11043	57.7910	58.0897	4.499226	4.378831	383.340	359.461	2.635	-0.2987	2.749	6.643	OK	89e3c405809a53c2872179d05bda80a69503b2fb	cargo run -p jxl-encoder --release --features 'parallel butteraugli-loop ssim2-loop' --example w44_170_cjxl_step025_sweep -- --image 1025469 --effort 6 --distance-min 5 --distance-max 5 --distance-step 5 --strategy libjxl --corpus-manifest benchmarks/corpora/w44_170_varied_corpus.tsv
1025469	cid22	512	512	libjxl	7	0.2500	105460	103804	95.0034	95.1515	0.456097	0.448282	282.373	313.150	1.595	-0.1481	1.743	-9.828	OK	89e3c405809a53c2872179d05bda80a69503b2fb	cargo run -p jxl-encoder --release --features 'parallel butteraugli-loop ssim2-loop' --example w44_170_cjxl_step025_sweep -- --image 1025469 --effort 7 --distance-min 0.25 --distance-max 0.25 --distance-step 0.25 --strategy libjxl --corpus-manifest benchmarks/corpora/w44_170_varied_corpus.tsv
1025469	cid22	512	512	libjxl	7	0.5000	65015	63906	92.5692	92.8241	0.788275	0.796255	234.649	289.854	1.735	-0.2549	-1.002	-19.046	OK	89e3c405809a53c2872179d05bda80a69503b2fb	cargo run -p jxl-encoder --release --features 'parallel butteraugli-loop ssim2-loop' --example w44_170_cjxl_step025_sweep -- --image 1025469 --effort 7 --distance-min 0.5 --distance-max 0.5 --distance-step 0.5 --strategy libjxl --corpus-manifest benchmarks/corpora/w44_170_varied_corpus.tsv
1025469	cid22	512	512	libjxl	7	0.7500	49155	46246	90.1511	90.4790	1.079382	1.040991	370.974	466.870	6.290	-0.3279	3.688	-20.540	OK	89e3c405809a53c2872179d05bda80a69503b2fb	cargo run -p jxl-encoder --release --features 'parallel butteraugli-loop ssim2-loop' --example w44_170_cjxl_step025_sweep -- --image 1025469 --effort 7 --distance-min 0.75 --distance-max 0.75 --distance-step 0.75 --strategy libjxl --corpus-manifest benchmarks/corpora/w44_170_varied_corpus.tsv
1025469	cid22	512	512	libjxl	7	1.0000	40282	37644	87.4417	88.3883	1.393565	1.369062	339.048	481.597	7.008	-0.9466	1.790	-29.599	OK	89e3c405809a53c2872179d05bda80a69503b2fb	cargo run -p jxl-encoder --release --features 'parallel butteraugli-loop ssim2-loop' --example w44_170_cjxl_step025_sweep -- --image 1025469 --effort 7 --distance-min 1 --distance-max 1 --distance-step 1 --strategy libjxl --corpus-manifest benchmarks/corpora/w44_170_varied_corpus.tsv
1025469	cid22	512	512	libjxl	7	1.2500	35560	31976	84.8434	85.9675	1.913792	1.713011	338.742	413.612	11.208	-1.1241	11.721	-18.101	OK	89e3c405809a53c2872179d05bda80a69503b2fb	cargo run -p jxl-encoder --release --features 'parallel butteraugli-loop ssim2-loop' --example w44_170_cjxl_step025_sweep -- --image 1025469 --effort 7 --distance-min 1.25 --distance-max 1.25 --distance-step 1.25 --strategy libjxl --corpus-manifest benchmarks/corpora/w44_170_varied_corpus.tsv
1025469	cid22	512	512	libjxl	7	1.5000	30999	27917	82.1950	83.4741	2.140412	1.820959	244.461	403.973	11.040	-1.2791	17.543	-39.486	OK	89e3c405809a53c2872179d05bda80a69503b2fb	cargo run -p jxl-encoder --release --features 'parallel butteraugli-loop ssim2-loop' --example w44_170_cjxl_step025_sweep -- --image 1025469 --effort 7 --distance-min 1.5 --distance-max 1.5 --distance-step 1.5 --strategy libjxl --corpus-manifest benchmarks/corpora/w44_170_varied_corpus.tsv
1025469	cid22	512	512	libjxl	7	1.7500	28059	25098	79.6626	81.5178	2.302287	2.001911	327.301	236.864	11.798	-1.8552	15.004	38.181	OK	89e3c405809a53c2872179d05bda80a69503b2fb	cargo run -p jxl-encoder --release --features 'parallel butteraugli-loop ssim2-loop' --example w44_170_cjxl_step025_sweep -- --image 1025469 --effort 7 --distance-min 1.75 --distance-max 1.75 --distance-step 1.75 --strategy libjxl --corpus-manifest benchmarks/corpora/w44_170_varied_corpus.tsv
1025469	cid22	512	512	libjxl	7	2.0000	26085	22752	77.8432	79.7261	3.141843	2.113868	313.407	336.354	14.649	-1.8829	48.630	-6.822	OK	89e3c405809a53c2872179d05bda80a69503b2fb	cargo run -p jxl-encoder --release --features 'parallel butteraugli-loop ssim2-loop' --example w44_170_cjxl_step025_sweep -- --image 1025469 --effort 7 --distance-min 2 --distance-max 2 --distance-step 2 --strategy libjxl --corpus-manifest benchmarks/corpora/w44_170_varied_corpus.tsv
1025469	cid22	512	512	libjxl	7	2.2500	23667	20739	75.4340	77.9982	2.584584	2.301748	371.004	309.233	14.118	-2.5641	12.288	19.976	OK	89e3c405809a53c2872179d05bda80a69503b2fb	cargo run -p jxl-encoder --release --features 'parallel butteraugli-loop ssim2-loop' --example w44_170_cjxl_step025_sweep -- --image 1025469 --effort 7 --distance-min 2.25 --distance-max 2.25 --distance-step 2.25 --strategy libjxl --corpus-manifest benchmarks/corpora/w44_170_varied_corpus.tsv
1025469	cid22	512	512	libjxl	7	2.5000	22031	19133	73.4335	76.4092	3.111584	2.577596	306.197	518.526	15.147	-2.9757	20.717	-40.949	OK	89e3c405809a53c2872179d05bda80a69503b2fb	cargo run -p jxl-encoder --release --features 'parallel butteraugli-loop ssim2-loop' --example w44_170_cjxl_step025_sweep -- --image 1025469 --effort 7 --distance-min 2.5 --distance-max 2.5 --distance-step 2.5 --strategy libjxl --corpus-manifest benchmarks/corpora/w44_170_varied_corpus.tsv
1025469	cid22	512	512	libjxl	7	2.7500	20976	17660	71.4781	74.3796	3.074463	2.931927	310.410	255.524	18.777	-2.9015	4.862	21.480	OK	89e3c405809a53c2872179d05bda80a69503b2fb	cargo run -p jxl-encoder --release --features 'parallel butteraugli-loop ssim2-loop' --example w44_170_cjxl_step025_sweep -- --image 1025469 --effort 7 --distance-min 2.75 --distance-max 2.75 --distance-step 2.75 --strategy libjxl --corpus-manifest benchmarks/corpora/w44_170_varied_corpus.tsv
1025469	cid22	512	512	libjxl	7	3.0000	19782	16641	68.6727	72.7496	3.051455	2.811516	362.638	332.592	18.875	-4.0769	8.534	9.034	OK	89e3c405809a53c2872179d05bda80a69503b2fb	cargo run -p jxl-encoder --release --features 'parallel butteraugli-loop ssim2-loop' --example w44_170_cjxl_step025_sweep -- --image 1025469 --effort 7 --distance-min 3 --distance-max 3 --distance-step 3 --strategy libjxl --corpus-manifest benchmarks/corpora/w44_170_varied_corpus.tsv
1025469	cid22	512	512	libjxl	7	3.2500	18330	15506	67.7840	70.8765	3.653628	3.008577	441.952	443.225	18.212	-3.0925	21.440	-0.287	OK	89e3c405809a53c2872179d05bda80a69503b2fb	cargo run -p jxl-encoder --release --features 'parallel butteraugli-loop ssim2-loop' --example w44_170_cjxl_step025_sweep -- --image 1025469 --effort 7 --distance-min 3.25 --distance-max 3.25 --distance-step 3.25 --strategy libjxl --corpus-manifest benchmarks/corpora/w44_170_varied_corpus.tsv
1025469	cid22	512	512	libjxl	7	3.5000	17021	14611	65.4149	68.7400	3.554850	3.408317	330.465	372.943	16.494	-3.3250	4.299	-11.390	OK	89e3c405809a53c2872179d05bda80a69503b2fb	cargo run -p jxl-encoder --release --features 'parallel butteraugli-loop ssim2-loop' --example w44_170_cjxl_step025_sweep -- --image 1025469 --effort 7 --distance-min 3.5 --distance-max 3.5 --distance-step 3.5 --strategy libjxl --corpus-manifest benchmarks/corpora/w44_170_varied_corpus.tsv
1025469	cid22	512	512	libjxl	7	3.7500	16546	13912	62.7254	67.5486	3.961240	4.043383	357.768	285.685	18.933	-4.8232	-2.032	25.232	OK	89e3c405809a53c2872179d05bda80a69503b2fb	cargo run -p jxl-encoder --release --features 'parallel butteraugli-loop ssim2-loop' --example w44_170_cjxl_step025_sweep -- --image 1025469 --effort 7 --distance-min 3.75 --distance-max 3.75 --distance-step 3.75 --strategy libjxl --corpus-manifest benchmarks/corpora/w44_170_varied_corpus.tsv
1025469	cid22	512	512	libjxl	7	4.0000	15913	13468	61.6474	65.9966	3.908771	3.258871	633.567	383.862	18.154	-4.3492	19.942	65.051	OK	89e3c405809a53c2872179d05bda80a69503b2fb	cargo run -p jxl-encoder --release --features 'parallel butteraugli-loop ssim2-loop' --example w44_170_cjxl_step025_sweep -- --image 1025469 --effort 7 --distance-min 4 --distance-max 4 --distance-step 4 --strategy libjxl --corpus-manifest benchmarks/corpora/w44_170_varied_corpus.tsv
1025469	cid22	512	512	libjxl	7	4.2500	15475	13006	58.9212	62.8993	3.951122	3.848166	513.736	421.263	18.984	-3.9781	2.675	21.951	OK	89e3c405809a53c2872179d05bda80a69503b2fb	cargo run -p jxl-encoder --release --features 'parallel butteraugli-loop ssim2-loop' --example w44_170_cjxl_step025_sweep -- --image 1025469 --effort 7 --distance-min 4.25 --distance-max 4.25 --distance-step 4.25 --strategy libjxl --corpus-manifest benchmarks/corpora/w44_170_varied_corpus.tsv
1025469	cid22	512	512	libjxl	7	4.5000	15386	12317	56.4932	61.3462	4.194731	4.013973	621.574	561.480	24.917	-4.8530	4.503	10.703	OK	89e3c405809a53c2872179d05bda80a69503b2fb	cargo run -p jxl-encoder --release --features 'parallel butteraugli-loop ssim2-loop' --example w44_170_cjxl_step025_sweep -- --image 1025469 --effort 7 --distance-min 4.5 --distance-max 4.5 --distance-step 4.5 --strategy libjxl --corpus-manifest benchmarks/corpora/w44_170_varied_corpus.tsv
1025469	cid22	512	512	libjxl	7	4.7500	13844	11602	54.5464	59.7920	4.706617	4.086818	468.065	439.082	19.324	-5.2455	15.166	6.601	OK	89e3c405809a53c2872179d05bda80a69503b2fb	cargo run -p jxl-encoder --release --features 'parallel butteraugli-loop ssim2-loop' --example w44_170_cjxl_step025_sweep -- --image 1025469 --effort 7 --distance-min 4.75 --distance-max 4.75 --distance-step 4.75 --strategy libjxl --corpus-manifest benchmarks/corpora/w44_170_varied_corpus.tsv
1025469	cid22	512	512	libjxl	7	5.0000	13255	11126	54.0756	58.4299	4.587926	4.378831	463.899	462.719	19.135	-4.3543	4.775	0.255	OK	89e3c405809a53c2872179d05bda80a69503b2fb	cargo run -p jxl-encoder --release --features 'parallel butteraugli-loop ssim2-loop' --example w44_170_cjxl_step025_sweep -- --image 1025469 --effort 7 --distance-min 5 --distance-max 5 --distance-step 5 --strategy libjxl --corpus-manifest benchmarks/corpora/w44_170_varied_corpus.tsv
1025469	cid22	512	512	libjxl	8	0.2500	105596	104045	94.8863	95.0203	0.374669	0.351855	1281.645	1185.683	1.491	-0.1339	6.484	8.093	OK	89e3c405809a53c2872179d05bda80a69503b2fb	cargo run -p jxl-encoder --release --features 'parallel butteraugli-loop ssim2-loop' --example w44_170_cjxl_step025_sweep -- --image 1025469 --effort 8 --distance-min 0.25 --distance-max 0.25 --distance-step 0.25 --strategy libjxl --corpus-manifest benchmarks/corpora/w44_170_varied_corpus.tsv
1025469	cid22	512	512	libjxl	8	0.5000	63037	62520	92.2928	92.5854	0.724726	0.736082	1122.948	1588.177	0.827	-0.2926	-1.543	-29.293	OK	89e3c405809a53c2872179d05bda80a69503b2fb	cargo run -p jxl-encoder --release --features 'parallel butteraugli-loop ssim2-loop' --example w44_170_cjxl_step025_sweep -- --image 1025469 --effort 8 --distance-min 0.5 --distance-max 0.5 --distance-step 0.5 --strategy libjxl --corpus-manifest benchmarks/corpora/w44_170_varied_corpus.tsv
1025469	cid22	512	512	libjxl	8	0.7500	46954	44473	89.6584	90.1579	0.972503	0.968725	1221.408	1168.844	5.579	-0.4995	0.390	4.497	OK	89e3c405809a53c2872179d05bda80a69503b2fb	cargo run -p jxl-encoder --release --features 'parallel butteraugli-loop ssim2-loop' --example w44_170_cjxl_step025_sweep -- --image 1025469 --effort 8 --distance-min 0.75 --distance-max 0.75 --distance-step 0.75 --strategy libjxl --corpus-manifest benchmarks/corpora/w44_170_varied_corpus.tsv
1025469	cid22	512	512	libjxl	8	1.0000	38092	35747	87.3050	87.9377	1.281280	1.187872	1276.806	1664.074	6.560	-0.6327	7.863	-23.272	OK	89e3c405809a53c2872179d05bda80a69503b2fb	cargo run -p jxl-encoder --release --features 'parallel butteraugli-loop ssim2-loop' --example w44_170_cjxl_step025_sweep -- --image 1025469 --effort 8 --distance-min 1 --distance-max 1 --distance-step 1 --strategy libjxl --corpus-manifest benchmarks/corpora/w44_170_varied_corpus.tsv
1025469	cid22	512	512	libjxl	8	1.2500	33217	30251	84.0870	85.2604	1.581158	1.533757	1365.608	1499.970	9.805	-1.1734	3.091	-8.958	OK	89e3c405809a53c2872179d05bda80a69503b2fb	cargo run -p jxl-encoder --release --features 'parallel butteraugli-loop ssim2-loop' --example w44_170_cjxl_step025_sweep -- --image 1025469 --effort 8 --distance-min 1.25 --distance-max 1.25 --distance-step 1.25 --strategy libjxl --corpus-manifest benchmarks/corpora/w44_170_varied_corpus.tsv
1025469	cid22	512	512	libjxl	8	1.5000	29093	26398	81.5099	82.5557	1.971940	1.827328	1408.224	1635.464	10.209	-1.0459	7.914	-13.895	OK	89e3c405809a53c2872179d05bda80a69503b2fb	cargo run -p jxl-encoder --release --features 'parallel butteraugli-loop ssim2-loop' --example w44_170_cjxl_step025_sweep -- --image 1025469 --effort 8 --distance-min 1.5 --distance-max 1.5 --distance-step 1.5 --strategy libjxl --corpus-manifest benchmarks/corpora/w44_170_varied_corpus.tsv
1025469	cid22	512	512	libjxl	8	1.7500	26099	23565	78.9941	80.7589	2.174347	1.894651	1192.244	1629.285	10.753	-1.7648	14.762	-26.824	OK	89e3c405809a53c2872179d05bda80a69503b2fb	cargo run -p jxl-encoder --release --features 'parallel butteraugli-loop ssim2-loop' --example w44_170_cjxl_step025_sweep -- --image 1025469 --effort 8 --distance-min 1.75 --distance-max 1.75 --distance-step 1.75 --strategy libjxl --corpus-manifest benchmarks/corpora/w44_170_varied_corpus.tsv
1025469	cid22	512	512	libjxl	8	2.0000	23851	21120	76.3336	78.8512	2.576306	2.080526	1290.468	1312.017	12.931	-2.5176	23.830	-1.642	OK	89e3c405809a53c2872179d05bda80a69503b2fb	cargo run -p jxl-encoder --release --features 'parallel butteraugli-loop ssim2-loop' --example w44_170_cjxl_step025_sweep -- --image 1025469 --effort 8 --distance-min 2 --distance-max 2 --distance-step 2 --strategy libjxl --corpus-manifest benchmarks/corpora/w44_170_varied_corpus.tsv
1025469	cid22	512	512	libjxl	8	2.2500	21410	19201	74.1231	76.5175	2.382885	2.495846	1057.896	1519.918	11.505	-2.3944	-4.526	-30.398	OK	89e3c405809a53c2872179d05bda80a69503b2fb	cargo run -p jxl-encoder --release --features 'parallel butteraugli-loop ssim2-loop' --example w44_170_cjxl_step025_sweep -- --image 1025469 --effort 8 --distance-min 2.25 --distance-max 2.25 --distance-step 2.25 --strategy libjxl --corpus-manifest benchmarks/corpora/w44_170_varied_corpus.tsv
1025469	cid22	512	512	libjxl	8	2.5000	20124	17763	72.1662	74.6049	3.310801	2.604743	1150.114	1657.413	13.292	-2.4387	27.107	-30.608	OK	89e3c405809a53c2872179d05bda80a69503b2fb	cargo run -p jxl-encoder --release --features 'parallel butteraugli-loop ssim2-loop' --example w44_170_cjxl_step025_sweep -- --image 1025469 --effort 8 --distance-min 2.5 --distance-max 2.5 --distance-step 2.5 --strategy libjxl --corpus-manifest benchmarks/corpora/w44_170_varied_corpus.tsv
1025469	cid22	512	512	libjxl	8	2.7500	18883	16371	69.6438	73.0236	3.425359	2.741898	1107.107	1601.101	15.344	-3.3799	24.927	-30.853	OK	89e3c405809a53c2872179d05bda80a69503b2fb	cargo run -p jxl-encoder --release --features 'parallel butteraugli-loop ssim2-loop' --example w44_170_cjxl_step025_sweep -- --image 1025469 --effort 8 --distance-min 2.75 --distance-max 2.75 --distance-step 2.75 --strategy libjxl --corpus-manifest benchmarks/corpora/w44_170_varied_corpus.tsv
1025469	cid22	512	512	libjxl	8	3.0000	17832	15328	66.8318	70.2919	3.248953	2.912284	1111.345	1796.003	16.336	-3.4600	11.560	-38.121	OK	89e3c405809a53c2872179d05bda80a69503b2fb	cargo run -p jxl-encoder --release --features 'parallel butteraugli-loop ssim2-loop' --example w44_170_cjxl_step025_sweep -- --image 1025469 --effort 8 --distance-min 3 --distance-max 3 --distance-step 3 --strategy libjxl --corpus-manifest benchmarks/corpora/w44_170_varied_corpus.tsv
1025469	cid22	512	512	libjxl	8	3.2500	16543	14400	65.4532	68.5847	3.391108	3.018332	1531.955	1463.714	14.882	-3.1315	12.350	4.662	OK	89e3c405809a53c2872179d05bda80a69503b2fb	cargo run -p jxl-encoder --release --features 'parallel butteraugli-loop ssim2-loop' --example w44_170_cjxl_step025_sweep -- --image 1025469 --effort 8 --distance-min 3.25 --distance-max 3.25 --distance-step 3.25 --strategy libjxl --corpus-manifest benchmarks/corpora/w44_170_varied_corpus.tsv
1025469	cid22	512	512	libjxl	8	3.5000	15291	13496	63.6527	66.8476	3.804195	4.081243	1660.826	1565.134	13.300	-3.1949	-6.788	6.114	OK	89e3c405809a53c2872179d05bda80a69503b2fb	cargo run -p jxl-encoder --release --features 'parallel butteraugli-loop ssim2-loop' --example w44_170_cjxl_step025_sweep -- --image 1025469 --effort 8 --distance-min 3.5 --distance-max 3.5 --distance-step 3.5 --strategy libjxl --corpus-manifest benchmarks/corpora/w44_170_varied_corpus.tsv
1025469	cid22	512	512	libjxl	8	3.7500	14758	12772	60.1228	64.5859	4.244241	4.077169	1067.623	1630.546	15.550	-4.4630	4.098	-34.524	OK	89e3c405809a53c2872179d05bda80a69503b2fb	cargo run -p jxl-encoder --release --features 'parallel butteraugli-loop ssim2-loop' --example w44_170_cjxl_step025_sweep -- --image 1025469 --effort 8 --distance-min 3.75 --distance-max 3.75 --distance-step 3.75 --strategy libjxl --corpus-manifest benchmarks/corpora/w44_170_varied_corpus.tsv
1025469	cid22	512	512	libjxl	8	4.0000	14016	12256	58.6936	63.2345	4.119909	4.090178	1446.562	1596.370	14.360	-4.5409	0.727	-9.384	OK	89e3c405809a53c2872179d05bda80a69503b2fb	cargo run -p jxl-encoder --release --features 'parallel butteraugli-loop ssim2-loop' --example w44_170_cjxl_step025_sweep -- --image 1025469 --effort 8 --distance-min 4 --distance-max 4 --distance-step 4 --strategy libjxl --corpus-manifest benchmarks/corpora/w44_170_varied_corpus.tsv
1025469	cid22	512	512	libjxl	8	4.2500	13565	11975	56.4701	60.7758	4.256347	4.150997	1813.116	1738.805	13.278	-4.3057	2.538	4.274	OK	89e3c405809a53c2872179d05bda80a69503b2fb	cargo run -p jxl-encoder --release --features 'parallel butteraugli-loop ssim2-loop' --example w44_170_cjxl_step025_sweep -- --image 1025469 --effort 8 --distance-min 4.25 --distance-max 4.25 --distance-step 4.25 --strategy libjxl --corpus-manifest benchmarks/corpora/w44_170_varied_corpus.tsv
1025469	cid22	512	512	libjxl	8	4.5000	13571	11491	54.4303	58.7454	4.273188	4.343229	1440.511	1675.086	18.101	-4.3151	-1.613	-14.004	OK	89e3c405809a53c2872179d05bda80a69503b2fb	cargo run -p jxl-encoder --release --features 'parallel butteraugli-loop ssim2-loop' --example w44_170_cjxl_step025_sweep -- --image 1025469 --effort 8 --distance-min 4.5 --distance-max 4.5 --distance-step 4.5 --strategy libjxl --corpus-manifest benchmarks/corpora/w44_170_varied_corpus.tsv
1025469	cid22	512	512	libjxl	8	4.7500	12127	10508	52.0962	57.0361	5.176053	4.592836	1390.535	2040.193	15.407	-4.9398	12.698	-31.843	OK	89e3c405809a53c2872179d05bda80a69503b2fb	cargo run -p jxl-encoder --release --features 'parallel butteraugli-loop ssim2-loop' --example w44_170_cjxl_step025_sweep -- --image 1025469 --effort 8 --distance-min 4.75 --distance-max 4.75 --distance-step 4.75 --strategy libjxl --corpus-manifest benchmarks/corpora/w44_170_varied_corpus.tsv
1025469	cid22	512	512	libjxl	8	5.0000	11579	10157	50.5910	55.1601	4.743723	4.571290	1846.415	2110.778	14.000	-4.5691	3.772	-12.524	OK	89e3c405809a53c2872179d05bda80a69503b2fb	cargo run -p jxl-encoder --release --features 'parallel butteraugli-loop ssim2-loop' --example w44_170_cjxl_step025_sweep -- --image 1025469 --effort 8 --distance-min 5 --distance-max 5 --distance-step 5 --strategy libjxl --corpus-manifest benchmarks/corpora/w44_170_varied_corpus.tsv
1025469	cid22	512	512	libjxl	9	0.2500	107425	104325	94.8731	95.0311	0.303047	0.298905	2154.378	2291.776	2.971	-0.1580	1.386	-5.995	OK	89e3c405809a53c2872179d05bda80a69503b2fb	cargo run -p jxl-encoder --release --features 'parallel butteraugli-loop ssim2-loop' --example w44_170_cjxl_step025_sweep -- --image 1025469 --effort 9 --distance-min 0.25 --distance-max 0.25 --distance-step 0.25 --strategy libjxl --corpus-manifest benchmarks/corpora/w44_170_varied_corpus.tsv
1025469	cid22	512	512	libjxl	9	0.5000	64030	62716	92.3331	92.5823	0.666078	0.666956	2039.628	2046.681	2.095	-0.2492	-0.132	-0.345	OK	89e3c405809a53c2872179d05bda80a69503b2fb	cargo run -p jxl-encoder --release --features 'parallel butteraugli-loop ssim2-loop' --example w44_170_cjxl_step025_sweep -- --image 1025469 --effort 9 --distance-min 0.5 --distance-max 0.5 --distance-step 0.5 --strategy libjxl --corpus-manifest benchmarks/corpora/w44_170_varied_corpus.tsv
1025469	cid22	512	512	libjxl	9	0.7500	47517	44573	89.7394	90.3089	0.905679	0.913588	2195.595	2322.465	6.605	-0.5695	-0.866	-5.463	OK	89e3c405809a53c2872179d05bda80a69503b2fb	cargo run -p jxl-encoder --release --features 'parallel butteraugli-loop ssim2-loop' --example w44_170_cjxl_step025_sweep -- --image 1025469 --effort 9 --distance-min 0.75 --distance-max 0.75 --distance-step 0.75 --strategy libjxl --corpus-manifest benchmarks/corpora/w44_170_varied_corpus.tsv
1025469	cid22	512	512	libjxl	9	1.0000	38552	35656	87.3257	87.9311	1.191685	1.187872	2295.342	2454.636	8.122	-0.6054	0.321	-6.489	OK	89e3c405809a53c2872179d05bda80a69503b2fb	cargo run -p jxl-encoder --release --features 'parallel butteraugli-loop ssim2-loop' --example w44_170_cjxl_step025_sweep -- --image 1025469 --effort 9 --distance-min 1 --distance-max 1 --distance-step 1 --strategy libjxl --corpus-manifest benchmarks/corpora/w44_170_varied_corpus.tsv
1025469	cid22	512	512	libjxl	9	1.2500	33612	30159	84.0913	85.2589	1.581158	1.533757	2018.959	2215.074	11.449	-1.1676	3.091	-8.854	OK	89e3c405809a53c2872179d05bda80a69503b2fb	cargo run -p jxl-encoder --release --features 'parallel butteraugli-loop ssim2-loop' --example w44_170_cjxl_step025_sweep -- --image 1025469 --effort 9 --distance-min 1.25 --distance-max 1.25 --distance-step 1.25 --strategy libjxl --corpus-manifest benchmarks/corpora/w44_170_varied_corpus.tsv
1025469	cid22	512	512	libjxl	9	1.5000	29323	26284	81.5155	82.5756	1.816232	1.827328	2845.019	2530.251	11.562	-1.0601	-0.607	12.440	OK	89e3c405809a53c2872179d05bda80a69503b2fb	cargo run -p jxl-encoder --release --features 'parallel butteraugli-loop ssim2-loop' --example w44_170_cjxl_step025_sweep -- --image 1025469 --effort 9 --distance-min 1.5 --distance-max 1.5 --distance-step 1.5 --strategy libjxl --corpus-manifest benchmarks/corpora/w44_170_varied_corpus.tsv
1025469	cid22	512	512	libjxl	9	1.7500	26288	23483	79.0216	80.7589	2.058278	1.894651	2410.130	2441.383	11.945	-1.7373	8.636	-1.280	OK	89e3c405809a53c2872179d05bda80a69503b2fb	cargo run -p jxl-encoder --release --features 'parallel butteraugli-loop ssim2-loop' --example w44_170_cjxl_step025_sweep -- --image 1025469 --effort 9 --distance-min 1.75 --distance-max 1.75 --distance-step 1.75 --strategy libjxl --corpus-manifest benchmarks/corpora/w44_170_varied_corpus.tsv
1025469	cid22	512	512	libjxl	9	2.0000	23870	21008	76.3244	78.8558	2.338484	2.075254	2554.045	2323.021	13.623	-2.5314	12.684	9.945	OK	89e3c405809a53c2872179d05bda80a69503b2fb	cargo run -p jxl-encoder --release --features 'parallel butteraugli-loop ssim2-loop' --example w44_170_cjxl_step025_sweep -- --image 1025469 --effort 9 --distance-min 2 --distance-max 2 --distance-step 2 --strategy libjxl --corpus-manifest benchmarks/corpora/w44_170_varied_corpus.tsv
1025469	cid22	512	512	libjxl	9	2.2500	21483	19108	74.1231	76.5175	2.382885	2.495846	2053.002	1485.250	12.429	-2.3944	-4.526	38.226	OK	89e3c405809a53c2872179d05bda80a69503b2fb	cargo run -p jxl-encoder --release --features 'parallel butteraugli-loop ssim2-loop' --example w44_170_cjxl_step025_sweep -- --image 1025469 --effort 9 --distance-min 2.25 --distance-max 2.25 --distance-step 2.25 --strategy libjxl --corpus-manifest benchmarks/corpora/w44_170_varied_corpus.tsv
1025469	cid22	512	512	libjxl	9	2.5000	20206	17694	72.1735	74.6049	2.811648	2.604743	1770.205	2195.948	14.197	-2.4314	7.943	-19.388	OK	89e3c405809a53c2872179d05bda80a69503b2fb	cargo run -p jxl-encoder --release --features 'parallel butteraugli-loop ssim2-loop' --example w44_170_cjxl_step025_sweep -- --image 1025469 --effort 9 --distance-min 2.5 --distance-max 2.5 --distance-step 2.5 --strategy libjxl --corpus-manifest benchmarks/corpora/w44_170_varied_corpus.tsv
1025469	cid22	512	512	libjxl	9	2.7500	18970	16272	69.6526	73.0236	2.977186	2.741898	2213.392	2384.834	16.581	-3.3711	8.581	-7.189	OK	89e3c405809a53c2872179d05bda80a69503b2fb	cargo run -p jxl-encoder --release --features 'parallel butteraugli-loop ssim2-loop' --example w44_170_cjxl_step025_sweep -- --image 1025469 --effort 9 --distance-min 2.75 --distance-max 2.75 --distance-step 2.75 --strategy libjxl --corpus-manifest benchmarks/corpora/w44_170_varied_corpus.tsv
1025469	cid22	512	512	libjxl	9	3.0000	17908	15346	66.8318	70.3009	3.248953	2.912284	2405.343	2352.187	16.695	-3.4691	11.560	2.260	OK	89e3c405809a53c2872179d05bda80a69503b2fb	cargo run -p jxl-encoder --release --features 'parallel butteraugli-loop ssim2-loop' --example w44_170_cjxl_step025_sweep -- --image 1025469 --effort 9 --distance-min 3 --distance-max 3 --distance-step 3 --strategy libjxl --corpus-manifest benchmarks/corpora/w44_170_varied_corpus.tsv
1025469	cid22	512	512	libjxl	9	3.2500	16545	14399	65.4532	68.5831	3.391108	3.018332	2643.523	2271.413	14.904	-3.1300	12.350	16.382	OK	89e3c405809a53c2872179d05bda80a69503b2fb	cargo run -p jxl-encoder --release --features 'parallel butteraugli-loop ssim2-loop' --example w44_170_cjxl_step025_sweep -- --image 1025469 --effort 9 --distance-min 3.25 --distance-max 3.25 --distance-step 3.25 --strategy libjxl --corpus-manifest benchmarks/corpora/w44_170_varied_corpus.tsv
1025469	cid22	512	512	libjxl	9	3.5000	15232	13495	63.6527	66.8500	3.804195	4.081243	1885.402	2313.930	12.871	-3.1973	-6.788	-18.519	OK	89e3c405809a53c2872179d05bda80a69503b2fb	cargo run -p jxl-encoder --release --features 'parallel butteraugli-loop ssim2-loop' --example w44_170_cjxl_step025_sweep -- --image 1025469 --effort 9 --distance-min 3.5 --distance-max 3.5 --distance-step 3.5 --strategy libjxl --corpus-manifest benchmarks/corpora/w44_170_varied_corpus.tsv
1025469	cid22	512	512	libjxl	9	3.7500	14758	12736	60.1228	64.5752	4.244241	4.077169	2232.213	2375.335	15.876	-4.4524	4.098	-6.025	OK	89e3c405809a53c2872179d05bda80a69503b2fb	cargo run -p jxl-encoder --release --features 'parallel butteraugli-loop ssim2-loop' --example w44_170_cjxl_step025_sweep -- --image 1025469 --effort 9 --distance-min 3.75 --distance-max 3.75 --distance-step 3.75 --strategy libjxl --corpus-manifest benchmarks/corpora/w44_170_varied_corpus.tsv
1025469	cid22	512	512	libjxl	9	4.0000	13945	12219	58.6936	63.2392	4.119909	4.090178	2573.833	2647.490	14.126	-4.5456	0.727	-2.782	OK	89e3c405809a53c2872179d05bda80a69503b2fb	cargo run -p jxl-encoder --release --features 'parallel butteraugli-loop ssim2-loop' --example w44_170_cjxl_step025_sweep -- --image 1025469 --effort 9 --distance-min 4 --distance-max 4 --distance-step 4 --strategy libjxl --corpus-manifest benchmarks/corpora/w44_170_varied_corpus.tsv
1025469	cid22	512	512	libjxl	9	4.2500	13581	11932	56.4701	60.7851	4.256347	4.150997	2867.536	2270.651	13.820	-4.3150	2.538	26.287	OK	89e3c405809a53c2872179d05bda80a69503b2fb	cargo run -p jxl-encoder --release --features 'parallel butteraugli-loop ssim2-loop' --example w44_170_cjxl_step025_sweep -- --image 1025469 --effort 9 --distance-min 4.25 --distance-max 4.25 --distance-step 4.25 --strategy libjxl --corpus-manifest benchmarks/corpora/w44_170_varied_corpus.tsv
1025469	cid22	512	512	libjxl	9	4.5000	13561	11458	54.4303	58.7528	4.273188	4.343229	2415.578	2651.519	18.354	-4.3225	-1.613	-8.898	OK	89e3c405809a53c2872179d05bda80a69503b2fb	cargo run -p jxl-encoder --release --features 'parallel butteraugli-loop ssim2-loop' --example w44_170_cjxl_step025_sweep -- --image 1025469 --effort 9 --distance-min 4.5 --distance-max 4.5 --distance-step 4.5 --strategy libjxl --corpus-manifest benchmarks/corpora/w44_170_varied_corpus.tsv
1025469	cid22	512	512	libjxl	9	4.7500	12110	10465	52.0962	57.0351	5.176053	4.592836	2277.272	2180.296	15.719	-4.9389	12.698	4.448	OK	89e3c405809a53c2872179d05bda80a69503b2fb	cargo run -p jxl-encoder --release --features 'parallel butteraugli-loop ssim2-loop' --example w44_170_cjxl_step025_sweep -- --image 1025469 --effort 9 --distance-min 4.75 --distance-max 4.75 --distance-step 4.75 --strategy libjxl --corpus-manifest benchmarks/corpora/w44_170_varied_corpus.tsv
1025469	cid22	512	512	libjxl	9	5.0000	11521	10139	50.5910	55.1609	4.743723	4.571290	2174.045	2455.982	13.631	-4.5699	3.772	-11.480	OK	89e3c405809a53c2872179d05bda80a69503b2fb	cargo run -p jxl-encoder --release --features 'parallel butteraugli-loop ssim2-loop' --example w44_170_cjxl_step025_sweep -- --image 1025469 --effort 9 --distance-min 5 --distance-max 5 --distance-step 5 --strategy libjxl --corpus-manifest benchmarks/corpora/w44_170_varied_corpus.tsv
1189261	cid22	512	512	libjxl	5	0.2500	156925	156106	94.0120	93.8851	0.461694	0.543957	253.271	319.358	0.525	0.1269	-15.123	-20.694	OK	89e3c405809a53c2872179d05bda80a69503b2fb	cargo run -p jxl-encoder --release --features 'parallel butteraugli-loop ssim2-loop' --example w44_170_cjxl_step025_sweep -- --image 1189261 --effort 5 --distance-min 0.25 --distance-max 0.25 --distance-step 0.25 --strategy libjxl --corpus-manifest benchmarks/corpora/w44_170_varied_corpus.tsv
1189261	cid22	512	512	libjxl	5	0.5000	104840	104752	91.6756	91.6778	0.802101	0.822214	183.109	215.681	0.084	-0.0022	-2.446	-15.102	OK	89e3c405809a53c2872179d05bda80a69503b2fb	cargo run -p jxl-encoder --release --features 'parallel butteraugli-loop ssim2-loop' --example w44_170_cjxl_step025_sweep -- --image 1189261 --effort 5 --distance-min 0.5 --distance-max 0.5 --distance-step 0.5 --strategy libjxl --corpus-manifest benchmarks/corpora/w44_170_varied_corpus.tsv
1189261	cid22	512	512	libjxl	5	0.7500	78687	78544	88.9878	88.9492	1.097138	1.098248	346.315	265.299	0.182	0.0386	-0.101	30.538	OK	89e3c405809a53c2872179d05bda80a69503b2fb	cargo run -p jxl-encoder --release --features 'parallel butteraugli-loop ssim2-loop' --example w44_170_cjxl_step025_sweep -- --image 1189261 --effort 5 --distance-min 0.75 --distance-max 0.75 --distance-step 0.75 --strategy libjxl --corpus-manifest benchmarks/corpora/w44_170_varied_corpus.tsv
1189261	cid22	512	512	libjxl	5	1.0000	65147	64584	86.6190	86.6134	1.333242	1.324982	285.493	292.077	0.872	0.0056	0.623	-2.254	OK	89e3c405809a53c2872179d05bda80a69503b2fb	cargo run -p jxl-encoder --release --features 'parallel butteraugli-loop ssim2-loop' --example w44_170_cjxl_step025_sweep -- --image 1189261 --effort 5 --distance-min 1 --distance-max 1 --distance-step 1 --strategy libjxl --corpus-manifest benchmarks/corpora/w44_170_varied_corpus.tsv
1189261	cid22	512	512	libjxl	5	1.2500	55996	55217	84.4103	84.4580	1.638437	1.659015	286.961	249.107	1.411	-0.0477	-1.240	15.196	OK	89e3c405809a53c2872179d05bda80a69503b2fb	cargo run -p jxl-encoder --release --features 'parallel butteraugli-loop ssim2-loop' --example w44_170_cjxl_step025_sweep -- --image 1189261 --effort 5 --distance-min 1.25 --distance-max 1.25 --distance-step 1.25 --strategy libjxl --corpus-manifest benchmarks/corpora/w44_170_varied_corpus.tsv
1189261	cid22	512	512	libjxl	5	1.5000	49057	48201	82.5337	82.4307	2.322334	2.326470	403.876	260.087	1.776	0.1030	-0.178	55.285	OK	89e3c405809a53c2872179d05bda80a69503b2fb	cargo run -p jxl-encoder --release --features 'parallel butteraugli-loop ssim2-loop' --example w44_170_cjxl_step025_sweep -- --image 1189261 --effort 5 --distance-min 1.5 --distance-max 1.5 --distance-step 1.5 --strategy libjxl --corpus-manifest benchmarks/corpora/w44_170_varied_corpus.tsv
1189261	cid22	512	512	libjxl	5	1.7500	44557	43146	80.5072	80.6362	2.205609	2.264630	197.639	333.914	3.270	-0.1290	-2.606	-40.811	OK	89e3c405809a53c2872179d05bda80a69503b2fb	cargo run -p jxl-encoder --release --features 'parallel butteraugli-loop ssim2-loop' --example w44_170_cjxl_step025_sweep -- --image 1189261 --effort 5 --distance-min 1.75 --distance-max 1.75 --distance-step 1.75 --strategy libjxl --corpus-manifest benchmarks/corpora/w44_170_varied_corpus.tsv
1189261	cid22	512	512	libjxl	5	2.0000	40449	39009	78.6990	78.7477	2.345674	2.567533	295.195	251.946	3.691	-0.0487	-8.641	17.166	OK	89e3c405809a53c2872179d05bda80a69503b2fb	cargo run -p jxl-encoder --release --features 'parallel butteraugli-loop ssim2-loop' --example w44_170_cjxl_step025_sweep -- --image 1189261 --effort 5 --distance-min 2 --distance-max 2 --distance-step 2 --strategy libjxl --corpus-manifest benchmarks/corpora/w44_170_varied_corpus.tsv
1189261	cid22	512	512	libjxl	5	2.2500	36763	35760	76.4880	76.4878	2.776572	2.777297	252.825	396.275	2.805	0.0003	-0.026	-36.200	OK	89e3c405809a53c2872179d05bda80a69503b2fb	cargo run -p jxl-encoder --release --features 'parallel butteraugli-loop ssim2-loop' --example w44_170_cjxl_step025_sweep -- --image 1189261 --effort 5 --distance-min 2.25 --distance-max 2.25 --distance-step 2.25 --strategy libjxl --corpus-manifest benchmarks/corpora/w44_170_varied_corpus.tsv
1189261	cid22	512	512	libjxl	5	2.5000	33846	32793	74.7418	74.3765	2.812496	2.977139	360.191	352.805	3.211	0.3653	-5.530	2.094	OK	89e3c405809a53c2872179d05bda80a69503b2fb	cargo run -p jxl-encoder --release --features 'parallel butteraugli-loop ssim2-loop' --example w44_170_cjxl_step025_sweep -- --image 1189261 --effort 5 --distance-min 2.5 --distance-max 2.5 --distance-step 2.5 --strategy libjxl --corpus-manifest benchmarks/corpora/w44_170_varied_corpus.tsv
1189261	cid22	512	512	libjxl	5	2.7500	32293	30891	72.8768	72.4617	2.993209	2.963587	258.380	300.364	4.539	0.4151	1.000	-13.978	OK	89e3c405809a53c2872179d05bda80a69503b2fb	cargo run -p jxl-encoder --release --features 'parallel butteraugli-loop ssim2-loop' --example w44_170_cjxl_step025_sweep -- --image 1189261 --effort 5 --distance-min 2.75 --distance-max 2.75 --distance-step 2.75 --strategy libjxl --corpus-manifest benchmarks/corpora/w44_170_varied_corpus.tsv
1189261	cid22	512	512	libjxl	5	3.0000	30397	28859	71.4708	71.0663	3.206153	3.223667	287.915	206.020	5.329	0.4045	-0.543	39.751	OK	89e3c405809a53c2872179d05bda80a69503b2fb	cargo run -p jxl-encoder --release --features 'parallel butteraugli-loop ssim2-loop' --example w44_170_cjxl_step025_sweep -- --image 1189261 --effort 5 --distance-min 3 --distance-max 3 --distance-step 3 --strategy libjxl --corpus-manifest benchmarks/corpora/w44_170_varied_corpus.tsv
1189261	cid22	512	512	libjxl	5	3.2500	28755	26778	69.4990	68.7621	3.192430	3.122637	426.910	319.452	7.383	0.7369	2.235	33.638	OK	89e3c405809a53c2872179d05bda80a69503b2fb	cargo run -p jxl-encoder --release --features 'parallel butteraugli-loop ssim2-loop' --example w44_170_cjxl_step025_sweep -- --image 1189261 --effort 5 --distance-min 3.25 --distance-max 3.25 --distance-step 3.25 --strategy libjxl --corpus-manifest benchmarks/corpora/w44_170_varied_corpus.tsv
1189261	cid22	512	512	libjxl	5	3.5000	26852	25371	67.7826	66.9577	3.496973	3.292117	316.693	164.100	5.837	0.8249	6.223	92.988	OK	89e3c405809a53c2872179d05bda80a69503b2fb	cargo run -p jxl-encoder --release --features 'parallel butteraugli-loop ssim2-loop' --example w44_170_cjxl_step025_sweep -- --image 1189261 --effort 5 --distance-min 3.5 --distance-max 3.5 --distance-step 3.5 --strategy libjxl --corpus-manifest benchmarks/corpora/w44_170_varied_corpus.tsv
1189261	cid22	512	512	libjxl	5	3.7500	25712	24082	66.7872	66.2088	3.414565	3.847719	249.617	407.955	6.769	0.5784	-11.257	-38.813	OK	89e3c405809a53c2872179d05bda80a69503b2fb	cargo run -p jxl-encoder --release --features 'parallel butteraugli-loop ssim2-loop' --example w44_170_cjxl_step025_sweep -- --image 1189261 --effort 5 --distance-min 3.75 --distance-max 3.75 --distance-step 3.75 --strategy libjxl --corpus-manifest benchmarks/corpora/w44_170_varied_corpus.tsv
1189261	cid22	512	512	libjxl	5	4.0000	24117	22811	65.1399	60.8805	4.073910	3.916037	404.676	224.132	5.725	4.2594	4.031	80.553	OK	89e3c405809a53c2872179d05bda80a69503b2fb	cargo run -p jxl-encoder --release --features 'parallel butteraugli-loop ssim2-loop' --example w44_170_cjxl_step025_sweep -- --image 1189261 --effort 5 --distance-min 4 --distance-max 4 --distance-step 4 --strategy libjxl --corpus-manifest benchmarks/corpora/w44_170_varied_corpus.tsv
1189261	cid22	512	512	libjxl	5	4.2500	22969	21773	63.2092	58.9448	4.596897	4.041475	522.800	307.145	5.493	4.2645	13.743	70.213	OK	89e3c405809a53c2872179d05bda80a69503b2fb	cargo run -p jxl-encoder --release --features 'parallel butteraugli-loop ssim2-loop' --example w44_170_cjxl_step025_sweep -- --image 1189261 --effort 5 --distance-min 4.25 --distance-max 4.25 --distance-step 4.25 --strategy libjxl --corpus-manifest benchmarks/corpora/w44_170_varied_corpus.tsv
1189261	cid22	512	512	libjxl	5	4.5000	22252	20783	62.1655	57.5373	4.204281	4.069977	483.193	214.462	7.068	4.6283	3.300	125.304	OK	89e3c405809a53c2872179d05bda80a69503b2fb	cargo run -p jxl-encoder --release --features 'parallel butteraugli-loop ssim2-loop' --example w44_170_cjxl_step025_sweep -- --image 1189261 --effort 5 --distance-min 4.5 --distance-max 4.5 --distance-step 4.5 --strategy libjxl --corpus-manifest benchmarks/corpora/w44_170_varied_corpus.tsv
1189261	cid22	512	512	libjxl	5	4.7500	21119	19899	60.4719	55.5400	4.413512	5.123033	251.257	242.453	6.131	4.9319	-13.850	3.631	OK	89e3c405809a53c2872179d05bda80a69503b2fb	cargo run -p jxl-encoder --release --features 'parallel butteraugli-loop ssim2-loop' --example w44_170_cjxl_step025_sweep -- --image 1189261 --effort 5 --distance-min 4.75 --distance-max 4.75 --distance-step 4.75 --strategy libjxl --corpus-manifest benchmarks/corpora/w44_170_varied_corpus.tsv
1189261	cid22	512	512	libjxl	5	5.0000	20088	19021	59.5610	54.5609	4.827563	4.982890	374.799	382.513	5.610	5.0001	-3.117	-2.017	OK	89e3c405809a53c2872179d05bda80a69503b2fb	cargo run -p jxl-encoder --release --features 'parallel butteraugli-loop ssim2-loop' --example w44_170_cjxl_step025_sweep -- --image 1189261 --effort 5 --distance-min 5 --distance-max 5 --distance-step 5 --strategy libjxl --corpus-manifest benchmarks/corpora/w44_170_varied_corpus.tsv
1189261	cid22	512	512	libjxl	6	0.2500	156526	155682	94.0490	93.8620	0.461235	0.544073	351.164	466.265	0.542	0.1870	-15.225	-24.686	OK	89e3c405809a53c2872179d05bda80a69503b2fb	cargo run -p jxl-encoder --release --features 'parallel butteraugli-loop ssim2-loop' --example w44_170_cjxl_step025_sweep -- --image 1189261 --effort 6 --distance-min 0.25 --distance-max 0.25 --distance-step 0.25 --strategy libjxl --corpus-manifest benchmarks/corpora/w44_170_varied_corpus.tsv
1189261	cid22	512	512	libjxl	6	0.5000	104461	104058	91.6389	91.5303	0.802388	0.823767	278.731	325.031	0.387	0.1086	-2.595	-14.245	OK	89e3c405809a53c2872179d05bda80a69503b2fb	cargo run -p jxl-encoder --release --features 'parallel butteraugli-loop ssim2-loop' --example w44_170_cjxl_step025_sweep -- --image 1189261 --effort 6 --distance-min 0.5 --distance-max 0.5 --distance-step 0.5 --strategy libjxl --corpus-manifest benchmarks/corpora/w44_170_varied_corpus.tsv
1189261	cid22	512	512	libjxl	6	0.7500	78436	78303	89.0870	89.0429	1.100170	1.105418	397.838	570.872	0.170	0.0442	-0.475	-30.311	OK	89e3c405809a53c2872179d05bda80a69503b2fb	cargo run -p jxl-encoder --release --features 'parallel butteraugli-loop ssim2-loop' --example w44_170_cjxl_step025_sweep -- --image 1189261 --effort 6 --distance-min 0.75 --distance-max 0.75 --distance-step 0.75 --strategy libjxl --corpus-manifest benchmarks/corpora/w44_170_varied_corpus.tsv
1189261	cid22	512	512	libjxl	6	1.0000	64459	64371	86.5671	86.6801	1.334060	1.206728	280.116	354.405	0.137	-0.1130	10.552	-20.962	OK	89e3c405809a53c2872179d05bda80a69503b2fb	cargo run -p jxl-encoder --release --features 'parallel butteraugli-loop ssim2-loop' --example w44_170_cjxl_step025_sweep -- --image 1189261 --effort 6 --distance-min 1 --distance-max 1 --distance-step 1 --strategy libjxl --corpus-manifest benchmarks/corpora/w44_170_varied_corpus.tsv
1189261	cid22	512	512	libjxl	6	1.2500	55497	54942	84.4001	84.5604	1.639667	1.671652	346.138	302.446	1.010	-0.1603	-1.913	14.446	OK	89e3c405809a53c2872179d05bda80a69503b2fb	cargo run -p jxl-encoder --release --features 'parallel butteraugli-loop ssim2-loop' --example w44_170_cjxl_step025_sweep -- --image 1189261 --effort 6 --distance-min 1.25 --distance-max 1.25 --distance-step 1.25 --strategy libjxl --corpus-manifest benchmarks/corpora/w44_170_varied_corpus.tsv
1189261	cid22	512	512	libjxl	6	1.5000	48815	48207	82.4623	82.5816	2.321959	2.312575	363.550	195.850	1.261	-0.1193	0.406	85.627	OK	89e3c405809a53c2872179d05bda80a69503b2fb	cargo run -p jxl-encoder --release --features 'parallel butteraugli-loop ssim2-loop' --example w44_170_cjxl_step025_sweep -- --image 1189261 --effort 6 --distance-min 1.5 --distance-max 1.5 --distance-step 1.5 --strategy libjxl --corpus-manifest benchmarks/corpora/w44_170_varied_corpus.tsv
1189261	cid22	512	512	libjxl	6	1.7500	43830	43377	80.6387	80.7792	2.205745	2.074194	321.376	369.218	1.044	-0.1405	6.342	-12.958	OK	89e3c405809a53c2872179d05bda80a69503b2fb	cargo run -p jxl-encoder --release --features 'parallel butteraugli-loop ssim2-loop' --example w44_170_cjxl_step025_sweep -- --image 1189261 --effort 6 --distance-min 1.75 --distance-max 1.75 --distance-step 1.75 --strategy libjxl --corpus-manifest benchmarks/corpora/w44_170_varied_corpus.tsv
1189261	cid22	512	512	libjxl	6	2.0000	40238	39338	78.6188	78.9832	2.346745	2.329523	296.022	363.929	2.288	-0.3644	0.739	-18.659	OK	89e3c405809a53c2872179d05bda80a69503b2fb	cargo run -p jxl-encoder --release --features 'parallel butteraugli-loop ssim2-loop' --example w44_170_cjxl_step025_sweep -- --image 1189261 --effort 6 --distance-min 2 --distance-max 2 --distance-step 2 --strategy libjxl --corpus-manifest benchmarks/corpora/w44_170_varied_corpus.tsv
1189261	cid22	512	512	libjxl	6	2.2500	36932	35947	76.3135	76.6457	2.777860	2.767292	368.552	374.258	2.740	-0.3322	0.382	-1.525	OK	89e3c405809a53c2872179d05bda80a69503b2fb	cargo run -p jxl-encoder --release --features 'parallel butteraugli-loop ssim2-loop' --example w44_170_cjxl_step025_sweep -- --image 1189261 --effort 6 --distance-min 2.25 --distance-max 2.25 --distance-step 2.25 --strategy libjxl --corpus-manifest benchmarks/corpora/w44_170_varied_corpus.tsv
1189261	cid22	512	512	libjxl	6	2.5000	34077	33149	74.7264	74.9359	2.812872	2.840825	300.244	375.670	2.799	-0.2095	-0.984	-20.078	OK	89e3c405809a53c2872179d05bda80a69503b2fb	cargo run -p jxl-encoder --release --features 'parallel butteraugli-loop ssim2-loop' --example w44_170_cjxl_step025_sweep -- --image 1189261 --effort 6 --distance-min 2.5 --distance-max 2.5 --distance-step 2.5 --strategy libjxl --corpus-manifest benchmarks/corpora/w44_170_varied_corpus.tsv
1189261	cid22	512	512	libjxl	6	2.7500	31877	31085	73.0501	73.4804	2.942716	3.158810	285.877	334.494	2.548	-0.4303	-6.841	-14.535	OK	89e3c405809a53c2872179d05bda80a69503b2fb	cargo run -p jxl-encoder --release --features 'parallel butteraugli-loop ssim2-loop' --example w44_170_cjxl_step025_sweep -- --image 1189261 --effort 6 --distance-min 2.75 --distance-max 2.75 --distance-step 2.75 --strategy libjxl --corpus-manifest benchmarks/corpora/w44_170_varied_corpus.tsv
1189261	cid22	512	512	libjxl	6	3.0000	30507	29331	71.5115	72.0091	3.102151	3.187688	342.046	571.834	4.009	-0.4975	-2.683	-40.184	OK	89e3c405809a53c2872179d05bda80a69503b2fb	cargo run -p jxl-encoder --release --features 'parallel butteraugli-loop ssim2-loop' --example w44_170_cjxl_step025_sweep -- --image 1189261 --effort 6 --distance-min 3 --distance-max 3 --distance-step 3 --strategy libjxl --corpus-manifest benchmarks/corpora/w44_170_varied_corpus.tsv
1189261	cid22	512	512	libjxl	6	3.2500	28771	27425	69.7166	70.0843	3.756088	3.379906	409.220	332.616	4.908	-0.3677	11.130	23.030	OK	89e3c405809a53c2872179d05bda80a69503b2fb	cargo run -p jxl-encoder --release --features 'parallel butteraugli-loop ssim2-loop' --example w44_170_cjxl_step025_sweep -- --image 1189261 --effort 6 --distance-min 3.25 --distance-max 3.25 --distance-step 3.25 --strategy libjxl --corpus-manifest benchmarks/corpora/w44_170_varied_corpus.tsv
1189261	cid22	512	512	libjxl	6	3.5000	27006	25901	67.7170	67.9456	3.551910	3.423316	349.153	335.897	4.266	-0.2286	3.756	3.946	OK	89e3c405809a53c2872179d05bda80a69503b2fb	cargo run -p jxl-encoder --release --features 'parallel butteraugli-loop ssim2-loop' --example w44_170_cjxl_step025_sweep -- --image 1189261 --effort 6 --distance-min 3.5 --distance-max 3.5 --distance-step 3.5 --strategy libjxl --corpus-manifest benchmarks/corpora/w44_170_varied_corpus.tsv
1189261	cid22	512	512	libjxl	6	3.7500	25718	24730	66.7392	67.2635	3.672604	3.535205	278.150	488.471	3.995	-0.5243	3.887	-43.057	OK	89e3c405809a53c2872179d05bda80a69503b2fb	cargo run -p jxl-encoder --release --features 'parallel butteraugli-loop ssim2-loop' --example w44_170_cjxl_step025_sweep -- --image 1189261 --effort 6 --distance-min 3.75 --distance-max 3.75 --distance-step 3.75 --strategy libjxl --corpus-manifest benchmarks/corpora/w44_170_varied_corpus.tsv
1189261	cid22	512	512	libjxl	6	4.0000	24081	23729	65.2622	65.4771	4.071445	4.387672	414.620	380.749	1.483	-0.2149	-7.207	8.896	OK	89e3c405809a53c2872179d05bda80a69503b2fb	cargo run -p jxl-encoder --release --features 'parallel butteraugli-loop ssim2-loop' --example w44_170_cjxl_step025_sweep -- --image 1189261 --effort 6 --distance-min 4 --distance-max 4 --distance-step 4 --strategy libjxl --corpus-manifest benchmarks/corpora/w44_170_varied_corpus.tsv
1189261	cid22	512	512	libjxl	6	4.2500	22554	22383	62.3605	62.8542	4.597434	4.638182	453.005	420.549	0.764	-0.4936	-0.879	7.717	OK	89e3c405809a53c2872179d05bda80a69503b2fb	cargo run -p jxl-encoder --release --features 'parallel butteraugli-loop ssim2-loop' --example w44_170_cjxl_step025_sweep -- --image 1189261 --effort 6 --distance-min 4.25 --distance-max 4.25 --distance-step 4.25 --strategy libjxl --corpus-manifest benchmarks/corpora/w44_170_varied_corpus.tsv
1189261	cid22	512	512	libjxl	6	4.5000	22015	21363	62.0093	62.1011	4.503082	4.699029	492.642	378.746	3.052	-0.0918	-4.170	30.072	OK	89e3c405809a53c2872179d05bda80a69503b2fb	cargo run -p jxl-encoder --release --features 'parallel butteraugli-loop ssim2-loop' --example w44_170_cjxl_step025_sweep -- --image 1189261 --effort 6 --distance-min 4.5 --distance-max 4.5 --distance-step 4.5 --strategy libjxl --corpus-manifest benchmarks/corpora/w44_170_varied_corpus.tsv
1189261	cid22	512	512	libjxl	6	4.7500	20329	20220	60.4374	60.5687	4.420210	4.826694	363.188	529.798	0.539	-0.1313	-8.422	-31.448	OK	89e3c405809a53c2872179d05bda80a69503b2fb	cargo run -p jxl-encoder --release --features 'parallel butteraugli-loop ssim2-loop' --example w44_170_cjxl_step025_sweep -- --image 1189261 --effort 6 --distance-min 4.75 --distance-max 4.75 --distance-step 4.75 --strategy libjxl --corpus-manifest benchmarks/corpora/w44_170_varied_corpus.tsv
1189261	cid22	512	512	libjxl	6	5.0000	19882	19457	59.4925	59.8905	4.826823	4.851011	334.192	386.868	2.184	-0.3980	-0.499	-13.616	OK	89e3c405809a53c2872179d05bda80a69503b2fb	cargo run -p jxl-encoder --release --features 'parallel butteraugli-loop ssim2-loop' --example w44_170_cjxl_step025_sweep -- --image 1189261 --effort 6 --distance-min 5 --distance-max 5 --distance-step 5 --strategy libjxl --corpus-manifest benchmarks/corpora/w44_170_varied_corpus.tsv
1189261	cid22	512	512	libjxl	7	0.2500	162806	160169	94.0245	94.0047	0.464414	0.528268	322.276	419.164	1.646	0.0198	-12.087	-23.115	OK	89e3c405809a53c2872179d05bda80a69503b2fb	cargo run -p jxl-encoder --release --features 'parallel butteraugli-loop ssim2-loop' --example w44_170_cjxl_step025_sweep -- --image 1189261 --effort 7 --distance-min 0.25 --distance-max 0.25 --distance-step 0.25 --strategy libjxl --corpus-manifest benchmarks/corpora/w44_170_varied_corpus.tsv
1189261	cid22	512	512	libjxl	7	0.5000	108116	106894	91.3603	91.3892	0.777496	0.778297	318.548	338.331	1.143	-0.0289	-0.103	-5.847	OK	89e3c405809a53c2872179d05bda80a69503b2fb	cargo run -p jxl-encoder --release --features 'parallel butteraugli-loop ssim2-loop' --example w44_170_cjxl_step025_sweep -- --image 1189261 --effort 7 --distance-min 0.5 --distance-max 0.5 --distance-step 0.5 --strategy libjxl --corpus-manifest benchmarks/corpora/w44_170_varied_corpus.tsv
1189261	cid22	512	512	libjxl	7	0.7500	81043	80133	88.9068	89.2681	1.122364	1.145560	385.652	448.466	1.136	-0.3614	-2.025	-14.006	OK	89e3c405809a53c2872179d05bda80a69503b2fb	cargo run -p jxl-encoder --release --features 'parallel butteraugli-loop ssim2-loop' --example w44_170_cjxl_step025_sweep -- --image 1189261 --effort 7 --distance-min 0.75 --distance-max 0.75 --distance-step 0.75 --strategy libjxl --corpus-manifest benchmarks/corpora/w44_170_varied_corpus.tsv
1189261	cid22	512	512	libjxl	7	1.0000	67748	65994	86.2557	87.0541	1.342716	1.257007	366.176	408.985	2.658	-0.7984	6.818	-10.467	OK	89e3c405809a53c2872179d05bda80a69503b2fb	cargo run -p jxl-encoder --release --features 'parallel butteraugli-loop ssim2-loop' --example w44_170_cjxl_step025_sweep -- --image 1189261 --effort 7 --distance-min 1 --distance-max 1 --distance-step 1 --strategy libjxl --corpus-manifest benchmarks/corpora/w44_170_varied_corpus.tsv
1189261	cid22	512	512	libjxl	7	1.2500	57462	56087	83.8421	84.8539	1.646967	1.646195	386.232	562.909	2.452	-1.0119	0.047	-31.387	OK	89e3c405809a53c2872179d05bda80a69503b2fb	cargo run -p jxl-encoder --release --features 'parallel butteraugli-loop ssim2-loop' --example w44_170_cjxl_step025_sweep -- --image 1189261 --effort 7 --distance-min 1.25 --distance-max 1.25 --distance-step 1.25 --strategy libjxl --corpus-manifest benchmarks/corpora/w44_170_varied_corpus.tsv
1189261	cid22	512	512	libjxl	7	1.5000	50305	49276	81.3829	82.5757	2.323423	2.310601	334.748	561.322	2.088	-1.1928	0.555	-40.364	OK	89e3c405809a53c2872179d05bda80a69503b2fb	cargo run -p jxl-encoder --release --features 'parallel butteraugli-loop ssim2-loop' --example w44_170_cjxl_step025_sweep -- --image 1189261 --effort 7 --distance-min 1.5 --distance-max 1.5 --distance-step 1.5 --strategy libjxl --corpus-manifest benchmarks/corpora/w44_170_varied_corpus.tsv
1189261	cid22	512	512	libjxl	7	1.7500	45498	44150	79.8308	80.9983	2.208344	2.072364	331.544	585.667	3.053	-1.1675	6.562	-43.390	OK	89e3c405809a53c2872179d05bda80a69503b2fb	cargo run -p jxl-encoder --release --features 'parallel butteraugli-loop ssim2-loop' --example w44_170_cjxl_step025_sweep -- --image 1189261 --effort 7 --distance-min 1.75 --distance-max 1.75 --distance-step 1.75 --strategy libjxl --corpus-manifest benchmarks/corpora/w44_170_varied_corpus.tsv
1189261	cid22	512	512	libjxl	7	2.0000	41336	40101	77.8777	79.2778	2.349606	2.328590	356.491	411.224	3.080	-1.4000	0.902	-13.310	OK	89e3c405809a53c2872179d05bda80a69503b2fb	cargo run -p jxl-encoder --release --features 'parallel butteraugli-loop ssim2-loop' --example w44_170_cjxl_step025_sweep -- --image 1189261 --effort 7 --distance-min 2 --distance-max 2 --distance-step 2 --strategy libjxl --corpus-manifest benchmarks/corpora/w44_170_varied_corpus.tsv
1189261	cid22	512	512	libjxl	7	2.2500	38895	36606	75.7267	77.0110	2.782382	2.767582	422.273	386.868	6.253	-1.2843	0.535	9.152	OK	89e3c405809a53c2872179d05bda80a69503b2fb	cargo run -p jxl-encoder --release --features 'parallel butteraugli-loop ssim2-loop' --example w44_170_cjxl_step025_sweep -- --image 1189261 --effort 7 --distance-min 2.25 --distance-max 2.25 --distance-step 2.25 --strategy libjxl --corpus-manifest benchmarks/corpora/w44_170_varied_corpus.tsv
1189261	cid22	512	512	libjxl	7	2.5000	35223	33849	74.2207	75.0126	2.817225	2.844416	364.716	438.390	4.059	-0.7919	-0.956	-16.806	OK	89e3c405809a53c2872179d05bda80a69503b2fb	cargo run -p jxl-encoder --release --features 'parallel butteraugli-loop ssim2-loop' --example w44_170_cjxl_step025_sweep -- --image 1189261 --effort 7 --distance-min 2.5 --distance-max 2.5 --distance-step 2.5 --strategy libjxl --corpus-manifest benchmarks/corpora/w44_170_varied_corpus.tsv
1189261	cid22	512	512	libjxl	7	2.7500	32094	31111	72.3846	73.4982	2.937151	3.155940	337.078	502.633	3.160	-1.1135	-6.933	-32.937	OK	89e3c405809a53c2872179d05bda80a69503b2fb	cargo run -p jxl-encoder --release --features 'parallel butteraugli-loop ssim2-loop' --example w44_170_cjxl_step025_sweep -- --image 1189261 --effort 7 --distance-min 2.75 --distance-max 2.75 --distance-step 2.75 --strategy libjxl --corpus-manifest benchmarks/corpora/w44_170_varied_corpus.tsv
1189261	cid22	512	512	libjxl	7	3.0000	30903	29197	70.2776	71.8181	3.102112	3.141826	323.213	582.198	5.843	-1.5405	-1.264	-44.484	OK	89e3c405809a53c2872179d05bda80a69503b2fb	cargo run -p jxl-encoder --release --features 'parallel butteraugli-loop ssim2-loop' --example w44_170_cjxl_step025_sweep -- --image 1189261 --effort 7 --distance-min 3 --distance-max 3 --distance-step 3 --strategy libjxl --corpus-manifest benchmarks/corpora/w44_170_varied_corpus.tsv
1189261	cid22	512	512	libjxl	7	3.2500	29584	27327	68.0280	70.2115	3.756456	3.329569	402.098	587.760	8.259	-2.1835	12.821	-31.588	OK	89e3c405809a53c2872179d05bda80a69503b2fb	cargo run -p jxl-encoder --release --features 'parallel butteraugli-loop ssim2-loop' --example w44_170_cjxl_step025_sweep -- --image 1189261 --effort 7 --distance-min 3.25 --distance-max 3.25 --distance-step 3.25 --strategy libjxl --corpus-manifest benchmarks/corpora/w44_170_varied_corpus.tsv
1189261	cid22	512	512	libjxl	7	3.5000	27514	25950	66.2710	67.9631	3.551017	3.422648	293.730	556.266	6.027	-1.6922	3.751	-47.196	OK	89e3c405809a53c2872179d05bda80a69503b2fb	cargo run -p jxl-encoder --release --features 'parallel butteraugli-loop ssim2-loop' --example w44_170_cjxl_step025_sweep -- --image 1189261 --effort 7 --distance-min 3.5 --distance-max 3.5 --distance-step 3.5 --strategy libjxl --corpus-manifest benchmarks/corpora/w44_170_varied_corpus.tsv
1189261	cid22	512	512	libjxl	7	3.7500	26301	24770	65.4602	66.9803	3.658858	3.485435	365.058	427.794	6.181	-1.5201	4.976	-14.665	OK	89e3c405809a53c2872179d05bda80a69503b2fb	cargo run -p jxl-encoder --release --features 'parallel butteraugli-loop ssim2-loop' --example w44_170_cjxl_step025_sweep -- --image 1189261 --effort 7 --distance-min 3.75 --distance-max 3.75 --distance-step 3.75 --strategy libjxl --corpus-manifest benchmarks/corpora/w44_170_varied_corpus.tsv
1189261	cid22	512	512	libjxl	7	4.0000	24441	23751	63.6348	65.4949	4.069434	3.739074	526.996	479.317	2.905	-1.8601	8.835	9.947	OK	89e3c405809a53c2872179d05bda80a69503b2fb	cargo run -p jxl-encoder --release --features 'parallel butteraugli-loop ssim2-loop' --example w44_170_cjxl_step025_sweep -- --image 1189261 --effort 7 --distance-min 4 --distance-max 4 --distance-step 4 --strategy libjxl --corpus-manifest benchmarks/corpora/w44_170_varied_corpus.tsv
1189261	cid22	512	512	libjxl	7	4.2500	23088	22298	60.4419	62.9831	4.630229	4.743655	488.272	233.078	3.543	-2.5411	-2.391	109.489	OK	89e3c405809a53c2872179d05bda80a69503b2fb	cargo run -p jxl-encoder --release --features 'parallel butteraugli-loop ssim2-loop' --example w44_170_cjxl_step025_sweep -- --image 1189261 --effort 7 --distance-min 4.25 --distance-max 4.25 --distance-step 4.25 --strategy libjxl --corpus-manifest benchmarks/corpora/w44_170_varied_corpus.tsv
1189261	cid22	512	512	libjxl	7	4.5000	22912	21439	60.4954	62.1254	4.495341	4.720907	524.421	507.395	6.871	-1.6300	-4.778	3.356	OK	89e3c405809a53c2872179d05bda80a69503b2fb	cargo run -p jxl-encoder --release --features 'parallel butteraugli-loop ssim2-loop' --example w44_170_cjxl_step025_sweep -- --image 1189261 --effort 7 --distance-min 4.5 --distance-max 4.5 --distance-step 4.5 --strategy libjxl --corpus-manifest benchmarks/corpora/w44_170_varied_corpus.tsv
1189261	cid22	512	512	libjxl	7	4.7500	21179	20148	58.7685	60.6514	4.574185	4.826694	435.188	376.555	5.117	-1.8830	-5.232	15.571	OK	89e3c405809a53c2872179d05bda80a69503b2fb	cargo run -p jxl-encoder --release --features 'parallel butteraugli-loop ssim2-loop' --example w44_170_cjxl_step025_sweep -- --image 1189261 --effort 7 --distance-min 4.75 --distance-max 4.75 --distance-step 4.75 --strategy libjxl --corpus-manifest benchmarks/corpora/w44_170_varied_corpus.tsv
1189261	cid22	512	512	libjxl	7	5.0000	20165	19385	58.5152	59.3950	4.828796	4.851021	436.031	449.395	4.024	-0.8798	-0.458	-2.974	OK	89e3c405809a53c2872179d05bda80a69503b2fb	cargo run -p jxl-encoder --release --features 'parallel butteraugli-loop ssim2-loop' --example w44_170_cjxl_step025_sweep -- --image 1189261 --effort 7 --distance-min 5 --distance-max 5 --distance-step 5 --strategy libjxl --corpus-manifest benchmarks/corpora/w44_170_varied_corpus.tsv
1189261	cid22	512	512	libjxl	8	0.2500	167619	165393	94.1958	94.4101	0.321557	0.361159	1550.867	1556.869	1.346	-0.2142	-10.965	-0.386	OK	89e3c405809a53c2872179d05bda80a69503b2fb	cargo run -p jxl-encoder --release --features 'parallel butteraugli-loop ssim2-loop' --example w44_170_cjxl_step025_sweep -- --image 1189261 --effort 8 --distance-min 0.25 --distance-max 0.25 --distance-step 0.25 --strategy libjxl --corpus-manifest benchmarks/corpora/w44_170_varied_corpus.tsv
1189261	cid22	512	512	libjxl	8	0.5000	107491	106708	91.3939	91.6024	0.753775	0.745802	1161.133	1454.929	0.734	-0.2085	1.069	-20.193	OK	89e3c405809a53c2872179d05bda80a69503b2fb	cargo run -p jxl-encoder --release --features 'parallel butteraugli-loop ssim2-loop' --example w44_170_cjxl_step025_sweep -- --image 1189261 --effort 8 --distance-min 0.5 --distance-max 0.5 --distance-step 0.5 --strategy libjxl --corpus-manifest benchmarks/corpora/w44_170_varied_corpus.tsv
1189261	cid22	512	512	libjxl	8	0.7500	79571	78856	88.7488	89.4826	0.944579	0.864825	1485.273	1693.738	0.907	-0.7338	9.222	-12.308	OK	89e3c405809a53c2872179d05bda80a69503b2fb	cargo run -p jxl-encoder --release --features 'parallel butteraugli-loop ssim2-loop' --example w44_170_cjxl_step025_sweep -- --image 1189261 --effort 8 --distance-min 0.75 --distance-max 0.75 --distance-step 0.75 --strategy libjxl --corpus-manifest benchmarks/corpora/w44_170_varied_corpus.tsv
1189261	cid22	512	512	libjxl	8	1.0000	65760	64415	86.7434	87.1009	1.235586	1.195247	1200.477	1536.155	2.088	-0.3575	3.375	-21.852	OK	89e3c405809a53c2872179d05bda80a69503b2fb	cargo run -p jxl-encoder --release --features 'parallel butteraugli-loop ssim2-loop' --example w44_170_cjxl_step025_sweep -- --image 1189261 --effort 8 --distance-min 1 --distance-max 1 --distance-step 1 --strategy libjxl --corpus-manifest benchmarks/corpora/w44_170_varied_corpus.tsv
1189261	cid22	512	512	libjxl	8	1.2500	55251	54225	83.9098	84.7111	1.444490	1.482548	1175.231	1576.773	1.892	-0.8013	-2.567	-25.466	OK	89e3c405809a53c2872179d05bda80a69503b2fb	cargo run -p jxl-encoder --release --features 'parallel butteraugli-loop ssim2-loop' --example w44_170_cjxl_step025_sweep -- --image 1189261 --effort 8 --distance-min 1.25 --distance-max 1.25 --distance-step 1.25 --strategy libjxl --corpus-manifest benchmarks/corpora/w44_170_varied_corpus.tsv
1189261	cid22	512	512	libjxl	8	1.5000	48451	47719	81.8830	82.9904	1.661121	1.698012	1315.393	1547.139	1.534	-1.1074	-2.173	-14.979	OK	89e3c405809a53c2872179d05bda80a69503b2fb	cargo run -p jxl-encoder --release --features 'parallel butteraugli-loop ssim2-loop' --example w44_170_cjxl_step025_sweep -- --image 1189261 --effort 8 --distance-min 1.5 --distance-max 1.5 --distance-step 1.5 --strategy libjxl --corpus-manifest benchmarks/corpora/w44_170_varied_corpus.tsv
1189261	cid22	512	512	libjxl	8	1.7500	43821	42825	80.1182	81.3006	1.857773	1.880088	1414.100	1629.231	2.326	-1.1825	-1.187	-13.204	OK	89e3c405809a53c2872179d05bda80a69503b2fb	cargo run -p jxl-encoder --release --features 'parallel butteraugli-loop ssim2-loop' --example w44_170_cjxl_step025_sweep -- --image 1189261 --effort 8 --distance-min 1.75 --distance-max 1.75 --distance-step 1.75 --strategy libjxl --corpus-manifest benchmarks/corpora/w44_170_varied_corpus.tsv
1189261	cid22	512	512	libjxl	8	2.0000	39601	38685	78.3963	79.0877	2.179189	2.284333	1244.251	1823.839	2.368	-0.6914	-4.603	-31.778	OK	89e3c405809a53c2872179d05bda80a69503b2fb	cargo run -p jxl-encoder --release --features 'parallel butteraugli-loop ssim2-loop' --example w44_170_cjxl_step025_sweep -- --image 1189261 --effort 8 --distance-min 2 --distance-max 2 --distance-step 2 --strategy libjxl --corpus-manifest benchmarks/corpora/w44_170_varied_corpus.tsv
1189261	cid22	512	512	libjxl	8	2.2500	36864	35094	76.0188	77.5082	2.307297	2.299364	1458.396	1507.511	5.044	-1.4894	0.345	-3.258	OK	89e3c405809a53c2872179d05bda80a69503b2fb	cargo run -p jxl-encoder --release --features 'parallel butteraugli-loop ssim2-loop' --example w44_170_cjxl_step025_sweep -- --image 1189261 --effort 8 --distance-min 2.25 --distance-max 2.25 --distance-step 2.25 --strategy libjxl --corpus-manifest benchmarks/corpora/w44_170_varied_corpus.tsv
1189261	cid22	512	512	libjxl	8	2.5000	33351	32211	74.2408	74.8922	2.768675	2.579384	1127.957	1572.215	3.539	-0.6515	7.339	-28.257	OK	89e3c405809a53c2872179d05bda80a69503b2fb	cargo run -p jxl-encoder --release --features 'parallel butteraugli-loop ssim2-loop' --example w44_170_cjxl_step025_sweep -- --image 1189261 --effort 8 --distance-min 2.5 --distance-max 2.5 --distance-step 2.5 --strategy libjxl --corpus-manifest benchmarks/corpora/w44_170_varied_corpus.tsv
1189261	cid22	512	512	libjxl	8	2.7500	30288	29405	72.1896	73.4910	2.867941	2.851950	1263.439	1595.186	3.003	-1.3013	0.561	-20.797	OK	89e3c405809a53c2872179d05bda80a69503b2fb	cargo run -p jxl-encoder --release --features 'parallel butteraugli-loop ssim2-loop' --example w44_170_cjxl_step025_sweep -- --image 1189261 --effort 8 --distance-min 2.75 --distance-max 2.75 --distance-step 2.75 --strategy libjxl --corpus-manifest benchmarks/corpora/w44_170_varied_corpus.tsv
1189261	cid22	512	512	libjxl	8	3.0000	28877	27462	69.3143	71.1025	3.060058	2.858675	1239.705	1148.610	5.153	-1.7882	7.045	7.931	OK	89e3c405809a53c2872179d05bda80a69503b2fb	cargo run -p jxl-encoder --release --features 'parallel butteraugli-loop ssim2-loop' --example w44_170_cjxl_step025_sweep -- --image 1189261 --effort 8 --distance-min 3 --distance-max 3 --distance-step 3 --strategy libjxl --corpus-manifest benchmarks/corpora/w44_170_varied_corpus.tsv
1189261	cid22	512	512	libjxl	8	3.2500	27609	25598	67.3176	69.5799	3.257684	3.531365	973.571	1563.767	7.856	-2.2623	-7.750	-37.742	OK	89e3c405809a53c2872179d05bda80a69503b2fb	cargo run -p jxl-encoder --release --features 'parallel butteraugli-loop ssim2-loop' --example w44_170_cjxl_step025_sweep -- --image 1189261 --effort 8 --distance-min 3.25 --distance-max 3.25 --distance-step 3.25 --strategy libjxl --corpus-manifest benchmarks/corpora/w44_170_varied_corpus.tsv
1189261	cid22	512	512	libjxl	8	3.5000	25482	24319	65.8301	67.6505	3.439526	3.667070	1528.420	1698.862	4.782	-1.8204	-6.205	-10.033	OK	89e3c405809a53c2872179d05bda80a69503b2fb	cargo run -p jxl-encoder --release --features 'parallel butteraugli-loop ssim2-loop' --example w44_170_cjxl_step025_sweep -- --image 1189261 --effort 8 --distance-min 3.5 --distance-max 3.5 --distance-step 3.5 --strategy libjxl --corpus-manifest benchmarks/corpora/w44_170_varied_corpus.tsv
1189261	cid22	512	512	libjxl	8	3.7500	24148	23025	63.6270	65.4068	3.937826	3.531980	1345.326	1852.938	4.877	-1.7798	11.491	-27.395	OK	89e3c405809a53c2872179d05bda80a69503b2fb	cargo run -p jxl-encoder --release --features 'parallel butteraugli-loop ssim2-loop' --example w44_170_cjxl_step025_sweep -- --image 1189261 --effort 8 --distance-min 3.75 --distance-max 3.75 --distance-step 3.75 --strategy libjxl --corpus-manifest benchmarks/corpora/w44_170_varied_corpus.tsv
1189261	cid22	512	512	libjxl	8	4.0000	22200	22019	61.9297	63.8344	3.851779	3.840046	1549.457	1607.261	0.822	-1.9047	0.306	-3.596	OK	89e3c405809a53c2872179d05bda80a69503b2fb	cargo run -p jxl-encoder --release --features 'parallel butteraugli-loop ssim2-loop' --example w44_170_cjxl_step025_sweep -- --image 1189261 --effort 8 --distance-min 4 --distance-max 4 --distance-step 4 --strategy libjxl --corpus-manifest benchmarks/corpora/w44_170_varied_corpus.tsv
1189261	cid22	512	512	libjxl	8	4.2500	21056	20740	59.6191	61.5128	4.627604	3.999708	1279.394	1565.727	1.524	-1.8937	15.699	-18.288	OK	89e3c405809a53c2872179d05bda80a69503b2fb	cargo run -p jxl-encoder --release --features 'parallel butteraugli-loop ssim2-loop' --example w44_170_cjxl_step025_sweep -- --image 1189261 --effort 8 --distance-min 4.25 --distance-max 4.25 --distance-step 4.25 --strategy libjxl --corpus-manifest benchmarks/corpora/w44_170_varied_corpus.tsv
1189261	cid22	512	512	libjxl	8	4.5000	20871	19757	58.2803	60.3257	4.121821	4.192434	1813.696	1660.118	5.639	-2.0454	-1.684	9.251	OK	89e3c405809a53c2872179d05bda80a69503b2fb	cargo run -p jxl-encoder --release --features 'parallel butteraugli-loop ssim2-loop' --example w44_170_cjxl_step025_sweep -- --image 1189261 --effort 8 --distance-min 4.5 --distance-max 4.5 --distance-step 4.5 --strategy libjxl --corpus-manifest benchmarks/corpora/w44_170_varied_corpus.tsv
1189261	cid22	512	512	libjxl	8	4.7500	19249	18535	57.2830	58.7231	4.612089	4.563388	2200.097	1692.833	3.852	-1.4401	1.067	29.965	OK	89e3c405809a53c2872179d05bda80a69503b2fb	cargo run -p jxl-encoder --release --features 'parallel butteraugli-loop ssim2-loop' --example w44_170_cjxl_step025_sweep -- --image 1189261 --effort 8 --distance-min 4.75 --distance-max 4.75 --distance-step 4.75 --strategy libjxl --corpus-manifest benchmarks/corpora/w44_170_varied_corpus.tsv
1189261	cid22	512	512	libjxl	8	5.0000	18193	17868	56.0446	57.3972	4.981952	4.974682	1868.647	1895.952	1.819	-1.3526	0.146	-1.440	OK	89e3c405809a53c2872179d05bda80a69503b2fb	cargo run -p jxl-encoder --release --features 'parallel butteraugli-loop ssim2-loop' --example w44_170_cjxl_step025_sweep -- --image 1189261 --effort 8 --distance-min 5 --distance-max 5 --distance-step 5 --strategy libjxl --corpus-manifest benchmarks/corpora/w44_170_varied_corpus.tsv
1189261	cid22	512	512	libjxl	9	0.2500	170269	166891	94.2165	94.4224	0.297444	0.300233	3515.449	2270.166	2.024	-0.2060	-0.929	54.854	OK	89e3c405809a53c2872179d05bda80a69503b2fb	cargo run -p jxl-encoder --release --features 'parallel butteraugli-loop ssim2-loop' --example w44_170_cjxl_step025_sweep -- --image 1189261 --effort 9 --distance-min 0.25 --distance-max 0.25 --distance-step 0.25 --strategy libjxl --corpus-manifest benchmarks/corpora/w44_170_varied_corpus.tsv
1189261	cid22	512	512	libjxl	9	0.5000	108801	107128	91.4369	91.6369	0.607854	0.602089	2635.901	2355.529	1.562	-0.2000	0.958	11.903	OK	89e3c405809a53c2872179d05bda80a69503b2fb	cargo run -p jxl-encoder --release --features 'parallel butteraugli-loop ssim2-loop' --example w44_170_cjxl_step025_sweep -- --image 1189261 --effort 9 --distance-min 0.5 --distance-max 0.5 --distance-step 0.5 --strategy libjxl --corpus-manifest benchmarks/corpora/w44_170_varied_corpus.tsv
1189261	cid22	512	512	libjxl	9	0.7500	80441	78899	88.8803	89.4706	0.846399	0.827355	2181.342	2366.716	1.954	-0.5903	2.302	-7.833	OK	89e3c405809a53c2872179d05bda80a69503b2fb	cargo run -p jxl-encoder --release --features 'parallel butteraugli-loop ssim2-loop' --example w44_170_cjxl_step025_sweep -- --image 1189261 --effort 9 --distance-min 0.75 --distance-max 0.75 --distance-step 0.75 --strategy libjxl --corpus-manifest benchmarks/corpora/w44_170_varied_corpus.tsv
1189261	cid22	512	512	libjxl	9	1.0000	66370	64417	86.6809	87.1692	1.215253	1.134560	1907.861	2145.933	3.032	-0.4883	7.112	-11.094	OK	89e3c405809a53c2872179d05bda80a69503b2fb	cargo run -p jxl-encoder --release --features 'parallel butteraugli-loop ssim2-loop' --example w44_170_cjxl_step025_sweep -- --image 1189261 --effort 9 --distance-min 1 --distance-max 1 --distance-step 1 --strategy libjxl --corpus-manifest benchmarks/corpora/w44_170_varied_corpus.tsv
1189261	cid22	512	512	libjxl	9	1.2500	55823	54192	83.9865	84.7504	1.338713	1.344386	1754.369	2265.142	3.010	-0.7639	-0.422	-22.549	OK	89e3c405809a53c2872179d05bda80a69503b2fb	cargo run -p jxl-encoder --release --features 'parallel butteraugli-loop ssim2-loop' --example w44_170_cjxl_step025_sweep -- --image 1189261 --effort 9 --distance-min 1.25 --distance-max 1.25 --distance-step 1.25 --strategy libjxl --corpus-manifest benchmarks/corpora/w44_170_varied_corpus.tsv
1189261	cid22	512	512	libjxl	9	1.5000	48824	47742	81.8924	82.9303	1.656519	1.702636	2255.337	2513.752	2.266	-1.0378	-2.709	-10.280	OK	89e3c405809a53c2872179d05bda80a69503b2fb	cargo run -p jxl-encoder --release --features 'parallel butteraugli-loop ssim2-loop' --example w44_170_cjxl_step025_sweep -- --image 1189261 --effort 9 --distance-min 1.5 --distance-max 1.5 --distance-step 1.5 --strategy libjxl --corpus-manifest benchmarks/corpora/w44_170_varied_corpus.tsv
1189261	cid22	512	512	libjxl	9	1.7500	44162	42748	80.1213	81.2965	1.857773	1.880088	2092.360	2702.879	3.308	-1.1752	-1.187	-22.588	OK	89e3c405809a53c2872179d05bda80a69503b2fb	cargo run -p jxl-encoder --release --features 'parallel butteraugli-loop ssim2-loop' --example w44_170_cjxl_step025_sweep -- --image 1189261 --effort 9 --distance-min 1.75 --distance-max 1.75 --distance-step 1.75 --strategy libjxl --corpus-manifest benchmarks/corpora/w44_170_varied_corpus.tsv
1189261	cid22	512	512	libjxl	9	2.0000	39919	38643	78.3981	78.9298	2.179189	2.290541	1859.033	1912.834	3.302	-0.5318	-4.861	-2.813	OK	89e3c405809a53c2872179d05bda80a69503b2fb	cargo run -p jxl-encoder --release --features 'parallel butteraugli-loop ssim2-loop' --example w44_170_cjxl_step025_sweep -- --image 1189261 --effort 9 --distance-min 2 --distance-max 2 --distance-step 2 --strategy libjxl --corpus-manifest benchmarks/corpora/w44_170_varied_corpus.tsv
1189261	cid22	512	512	libjxl	9	2.2500	37213	35053	76.0188	77.5082	2.307297	2.299364	1521.607	2543.594	6.162	-1.4894	0.345	-40.179	OK	89e3c405809a53c2872179d05bda80a69503b2fb	cargo run -p jxl-encoder --release --features 'parallel butteraugli-loop ssim2-loop' --example w44_170_cjxl_step025_sweep -- --image 1189261 --effort 9 --distance-min 2.25 --distance-max 2.25 --distance-step 2.25 --strategy libjxl --corpus-manifest benchmarks/corpora/w44_170_varied_corpus.tsv
1189261	cid22	512	512	libjxl	9	2.5000	33781	32172	74.2558	74.8922	2.605635	2.579384	1451.443	2253.944	5.001	-0.6364	1.018	-35.604	OK	89e3c405809a53c2872179d05bda80a69503b2fb	cargo run -p jxl-encoder --release --features 'parallel butteraugli-loop ssim2-loop' --example w44_170_cjxl_step025_sweep -- --image 1189261 --effort 9 --distance-min 2.5 --distance-max 2.5 --distance-step 2.5 --strategy libjxl --corpus-manifest benchmarks/corpora/w44_170_varied_corpus.tsv
1189261	cid22	512	512	libjxl	9	2.7500	30572	29339	72.1893	73.4898	2.867941	2.851950	1204.164	2224.542	4.203	-1.3005	0.561	-45.869	OK	89e3c405809a53c2872179d05bda80a69503b2fb	cargo run -p jxl-encoder --release --features 'parallel butteraugli-loop ssim2-loop' --example w44_170_cjxl_step025_sweep -- --image 1189261 --effort 9 --distance-min 2.75 --distance-max 2.75 --distance-step 2.75 --strategy libjxl --corpus-manifest benchmarks/corpora/w44_170_varied_corpus.tsv
1189261	cid22	512	512	libjxl	9	3.0000	29161	27351	69.3143	71.1025	3.060058	2.858675	1418.012	2005.936	6.618	-1.7882	7.045	-29.309	OK	89e3c405809a53c2872179d05bda80a69503b2fb	cargo run -p jxl-encoder --release --features 'parallel butteraugli-loop ssim2-loop' --example w44_170_cjxl_step025_sweep -- --image 1189261 --effort 9 --distance-min 3 --distance-max 3 --distance-step 3 --strategy libjxl --corpus-manifest benchmarks/corpora/w44_170_varied_corpus.tsv
1189261	cid22	512	512	libjxl	9	3.2500	27775	25540	67.3176	69.5799	3.257684	3.531365	1221.394	2149.421	8.751	-2.2623	-7.750	-43.176	OK	89e3c405809a53c2872179d05bda80a69503b2fb	cargo run -p jxl-encoder --release --features 'parallel butteraugli-loop ssim2-loop' --example w44_170_cjxl_step025_sweep -- --image 1189261 --effort 9 --distance-min 3.25 --distance-max 3.25 --distance-step 3.25 --strategy libjxl --corpus-manifest benchmarks/corpora/w44_170_varied_corpus.tsv
1189261	cid22	512	512	libjxl	9	3.5000	25702	24246	65.8301	67.6546	3.439526	3.240040	1353.157	2429.334	6.005	-1.8245	6.157	-44.299	OK	89e3c405809a53c2872179d05bda80a69503b2fb	cargo run -p jxl-encoder --release --features 'parallel butteraugli-loop ssim2-loop' --example w44_170_cjxl_step025_sweep -- --image 1189261 --effort 9 --distance-min 3.5 --distance-max 3.5 --distance-step 3.5 --strategy libjxl --corpus-manifest benchmarks/corpora/w44_170_varied_corpus.tsv
1189261	cid22	512	512	libjxl	9	3.7500	24373	22969	63.6270	65.4068	3.937826	3.531980	1319.167	1903.009	6.113	-1.7798	11.491	-30.680	OK	89e3c405809a53c2872179d05bda80a69503b2fb	cargo run -p jxl-encoder --release --features 'parallel butteraugli-loop ssim2-loop' --example w44_170_cjxl_step025_sweep -- --image 1189261 --effort 9 --distance-min 3.75 --distance-max 3.75 --distance-step 3.75 --strategy libjxl --corpus-manifest benchmarks/corpora/w44_170_varied_corpus.tsv
1189261	cid22	512	512	libjxl	9	4.0000	22474	21945	61.9297	63.8344	3.851779	3.840046	1629.808	2318.630	2.411	-1.9047	0.306	-29.708	OK	89e3c405809a53c2872179d05bda80a69503b2fb	cargo run -p jxl-encoder --release --features 'parallel butteraugli-loop ssim2-loop' --example w44_170_cjxl_step025_sweep -- --image 1189261 --effort 9 --distance-min 4 --distance-max 4 --distance-step 4 --strategy libjxl --corpus-manifest benchmarks/corpora/w44_170_varied_corpus.tsv
1189261	cid22	512	512	libjxl	9	4.2500	21206	20670	59.6191	61.5128	4.627604	3.999708	1522.577	2390.026	2.593	-1.8937	15.699	-36.295	OK	89e3c405809a53c2872179d05bda80a69503b2fb	cargo run -p jxl-encoder --release --features 'parallel butteraugli-loop ssim2-loop' --example w44_170_cjxl_step025_sweep -- --image 1189261 --effort 9 --distance-min 4.25 --distance-max 4.25 --distance-step 4.25 --strategy libjxl --corpus-manifest benchmarks/corpora/w44_170_varied_corpus.tsv
1189261	cid22	512	512	libjxl	9	4.5000	21033	19683	58.2803	60.3257	4.121821	4.192434	1784.311	2301.560	6.859	-2.0454	-1.684	-22.474	OK	89e3c405809a53c2872179d05bda80a69503b2fb	cargo run -p jxl-encoder --release --features 'parallel butteraugli-loop ssim2-loop' --example w44_170_cjxl_step025_sweep -- --image 1189261 --effort 9 --distance-min 4.5 --distance-max 4.5 --distance-step 4.5 --strategy libjxl --corpus-manifest benchmarks/corpora/w44_170_varied_corpus.tsv
1189261	cid22	512	512	libjxl	9	4.7500	19400	18498	57.2830	58.7231	4.612089	4.563388	1812.253	2364.211	4.876	-1.4401	1.067	-23.346	OK	89e3c405809a53c2872179d05bda80a69503b2fb	cargo run -p jxl-encoder --release --features 'parallel butteraugli-loop ssim2-loop' --example w44_170_cjxl_step025_sweep -- --image 1189261 --effort 9 --distance-min 4.75 --distance-max 4.75 --distance-step 4.75 --strategy libjxl --corpus-manifest benchmarks/corpora/w44_170_varied_corpus.tsv
1189261	cid22	512	512	libjxl	9	5.0000	18368	17806	56.0446	57.3972	4.981952	4.974682	2573.163	2557.848	3.156	-1.3526	0.146	0.599	OK	89e3c405809a53c2872179d05bda80a69503b2fb	cargo run -p jxl-encoder --release --features 'parallel butteraugli-loop ssim2-loop' --example w44_170_cjxl_step025_sweep -- --image 1189261 --effort 9 --distance-min 5 --distance-max 5 --distance-step 5 --strategy libjxl --corpus-manifest benchmarks/corpora/w44_170_varied_corpus.tsv
1418519	cid22	512	512	libjxl	5	0.2500	59794	58408	93.0059	92.7787	0.533014	0.531464	213.812	274.962	2.373	0.2272	0.292	-22.239	OK	89e3c405809a53c2872179d05bda80a69503b2fb	cargo run -p jxl-encoder --release --features 'parallel butteraugli-loop ssim2-loop' --example w44_170_cjxl_step025_sweep -- --image 1418519 --effort 5 --distance-min 0.25 --distance-max 0.25 --distance-step 0.25 --strategy libjxl --corpus-manifest benchmarks/corpora/w44_170_varied_corpus.tsv
1418519	cid22	512	512	libjxl	5	0.5000	37921	37161	90.9795	91.0600	0.698595	0.703297	190.646	367.789	2.045	-0.0804	-0.669	-48.164	OK	89e3c405809a53c2872179d05bda80a69503b2fb	cargo run -p jxl-encoder --release --features 'parallel butteraugli-loop ssim2-loop' --example w44_170_cjxl_step025_sweep -- --image 1418519 --effort 5 --distance-min 0.5 --distance-max 0.5 --distance-step 0.5 --strategy libjxl --corpus-manifest benchmarks/corpora/w44_170_varied_corpus.tsv
1418519	cid22	512	512	libjxl	5	0.7500	26381	25922	89.0385	89.3042	0.960970	0.956281	204.696	208.968	1.771	-0.2657	0.490	-2.044	OK	89e3c405809a53c2872179d05bda80a69503b2fb	cargo run -p jxl-encoder --release --features 'parallel butteraugli-loop ssim2-loop' --example w44_170_cjxl_step025_sweep -- --image 1418519 --effort 5 --distance-min 0.75 --distance-max 0.75 --distance-step 0.75 --strategy libjxl --corpus-manifest benchmarks/corpora/w44_170_varied_corpus.tsv
1418519	cid22	512	512	libjxl	5	1.0000	21853	21649	87.7726	87.9929	1.140442	1.142482	172.934	218.064	0.942	-0.2203	-0.179	-20.696	OK	89e3c405809a53c2872179d05bda80a69503b2fb	cargo run -p jxl-encoder --release --features 'parallel butteraugli-loop ssim2-loop' --example w44_170_cjxl_step025_sweep -- --image 1418519 --effort 5 --distance-min 1 --distance-max 1 --distance-step 1 --strategy libjxl --corpus-manifest benchmarks/corpora/w44_170_varied_corpus.tsv
1418519	cid22	512	512	libjxl	5	1.2500	18931	18803	85.8933	86.5487	1.475792	1.475274	221.457	310.569	0.681	-0.6555	0.035	-28.693	OK	89e3c405809a53c2872179d05bda80a69503b2fb	cargo run -p jxl-encoder --release --features 'parallel butteraugli-loop ssim2-loop' --example w44_170_cjxl_step025_sweep -- --image 1418519 --effort 5 --distance-min 1.25 --distance-max 1.25 --distance-step 1.25 --strategy libjxl --corpus-manifest benchmarks/corpora/w44_170_varied_corpus.tsv
1418519	cid22	512	512	libjxl	5	1.5000	16923	16707	84.8701	85.3776	1.777609	1.833988	201.825	227.035	1.293	-0.5075	-3.074	-11.104	OK	89e3c405809a53c2872179d05bda80a69503b2fb	cargo run -p jxl-encoder --release --features 'parallel butteraugli-loop ssim2-loop' --example w44_170_cjxl_step025_sweep -- --image 1418519 --effort 5 --distance-min 1.5 --distance-max 1.5 --distance-step 1.5 --strategy libjxl --corpus-manifest benchmarks/corpora/w44_170_varied_corpus.tsv
1418519	cid22	512	512	libjxl	5	1.7500	15392	15188	83.0693	83.3285	1.852318	1.845507	169.155	486.384	1.343	-0.2592	0.369	-65.222	OK	89e3c405809a53c2872179d05bda80a69503b2fb	cargo run -p jxl-encoder --release --features 'parallel butteraugli-loop ssim2-loop' --example w44_170_cjxl_step025_sweep -- --image 1418519 --effort 5 --distance-min 1.75 --distance-max 1.75 --distance-step 1.75 --strategy libjxl --corpus-manifest benchmarks/corpora/w44_170_varied_corpus.tsv
1418519	cid22	512	512	libjxl	5	2.0000	14098	13825	82.0027	82.1161	2.151419	2.151351	219.092	279.112	1.975	-0.1134	0.003	-21.504	OK	89e3c405809a53c2872179d05bda80a69503b2fb	cargo run -p jxl-encoder --release --features 'parallel butteraugli-loop ssim2-loop' --example w44_170_cjxl_step025_sweep -- --image 1418519 --effort 5 --distance-min 2 --distance-max 2 --distance-step 2 --strategy libjxl --corpus-manifest benchmarks/corpora/w44_170_varied_corpus.tsv
1418519	cid22	512	512	libjxl	5	2.2500	13155	12817	80.4809	80.9139	2.395640	2.327267	200.200	276.763	2.637	-0.4330	2.938	-27.664	OK	89e3c405809a53c2872179d05bda80a69503b2fb	cargo run -p jxl-encoder --release --features 'parallel butteraugli-loop ssim2-loop' --example w44_170_cjxl_step025_sweep -- --image 1418519 --effort 5 --distance-min 2.25 --distance-max 2.25 --distance-step 2.25 --strategy libjxl --corpus-manifest benchmarks/corpora/w44_170_varied_corpus.tsv
1418519	cid22	512	512	libjxl	5	2.5000	12214	11854	78.9504	79.6271	2.541779	2.395874	293.996	257.687	3.037	-0.6767	6.090	14.090	OK	89e3c405809a53c2872179d05bda80a69503b2fb	cargo run -p jxl-encoder --release --features 'parallel butteraugli-loop ssim2-loop' --example w44_170_cjxl_step025_sweep -- --image 1418519 --effort 5 --distance-min 2.5 --distance-max 2.5 --distance-step 2.5 --strategy libjxl --corpus-manifest benchmarks/corpora/w44_170_varied_corpus.tsv
1418519	cid22	512	512	libjxl	5	2.7500	11636	11206	77.8200	78.2321	2.534350	2.670665	223.968	273.611	3.837	-0.4122	-5.104	-18.143	OK	89e3c405809a53c2872179d05bda80a69503b2fb	cargo run -p jxl-encoder --release --features 'parallel butteraugli-loop ssim2-loop' --example w44_170_cjxl_step025_sweep -- --image 1418519 --effort 5 --distance-min 2.75 --distance-max 2.75 --distance-step 2.75 --strategy libjxl --corpus-manifest benchmarks/corpora/w44_170_varied_corpus.tsv
1418519	cid22	512	512	libjxl	5	3.0000	10967	10681	76.1577	77.2090	2.862315	2.821595	252.085	265.819	2.678	-1.0513	1.443	-5.167	OK	89e3c405809a53c2872179d05bda80a69503b2fb	cargo run -p jxl-encoder --release --features 'parallel butteraugli-loop ssim2-loop' --example w44_170_cjxl_step025_sweep -- --image 1418519 --effort 5 --distance-min 3 --distance-max 3 --distance-step 3 --strategy libjxl --corpus-manifest benchmarks/corpora/w44_170_varied_corpus.tsv
1418519	cid22	512	512	libjxl	5	3.2500	10193	9971	74.9873	76.1715	3.182915	2.835871	269.928	262.146	2.226	-1.1842	12.238	2.968	OK	89e3c405809a53c2872179d05bda80a69503b2fb	cargo run -p jxl-encoder --release --features 'parallel butteraugli-loop ssim2-loop' --example w44_170_cjxl_step025_sweep -- --image 1418519 --effort 5 --distance-min 3.25 --distance-max 3.25 --distance-step 3.25 --strategy libjxl --corpus-manifest benchmarks/corpora/w44_170_varied_corpus.tsv
1418519	cid22	512	512	libjxl	5	3.5000	9829	9450	73.2122	74.5846	3.327896	3.356124	231.576	263.722	4.011	-1.3725	-0.841	-12.190	OK	89e3c405809a53c2872179d05bda80a69503b2fb	cargo run -p jxl-encoder --release --features 'parallel butteraugli-loop ssim2-loop' --example w44_170_cjxl_step025_sweep -- --image 1418519 --effort 5 --distance-min 3.5 --distance-max 3.5 --distance-step 3.5 --strategy libjxl --corpus-manifest benchmarks/corpora/w44_170_varied_corpus.tsv
1418519	cid22	512	512	libjxl	5	3.7500	9427	9020	72.3246	73.7081	3.778001	3.649014	295.037	254.948	4.512	-1.3835	3.535	15.724	OK	89e3c405809a53c2872179d05bda80a69503b2fb	cargo run -p jxl-encoder --release --features 'parallel butteraugli-loop ssim2-loop' --example w44_170_cjxl_step025_sweep -- --image 1418519 --effort 5 --distance-min 3.75 --distance-max 3.75 --distance-step 3.75 --strategy libjxl --corpus-manifest benchmarks/corpora/w44_170_varied_corpus.tsv
1418519	cid22	512	512	libjxl	5	4.0000	8877	8564	71.6010	72.1796	3.812242	3.935837	503.227	331.036	3.655	-0.5786	-3.140	52.016	OK	89e3c405809a53c2872179d05bda80a69503b2fb	cargo run -p jxl-encoder --release --features 'parallel butteraugli-loop ssim2-loop' --example w44_170_cjxl_step025_sweep -- --image 1418519 --effort 5 --distance-min 4 --distance-max 4 --distance-step 4 --strategy libjxl --corpus-manifest benchmarks/corpora/w44_170_varied_corpus.tsv
1418519	cid22	512	512	libjxl	5	4.2500	8926	8472	70.1663	70.8352	4.048857	3.985266	398.528	131.873	5.359	-0.6689	1.596	202.207	OK	89e3c405809a53c2872179d05bda80a69503b2fb	cargo run -p jxl-encoder --release --features 'parallel butteraugli-loop ssim2-loop' --example w44_170_cjxl_step025_sweep -- --image 1418519 --effort 5 --distance-min 4.25 --distance-max 4.25 --distance-step 4.25 --strategy libjxl --corpus-manifest benchmarks/corpora/w44_170_varied_corpus.tsv
1418519	cid22	512	512	libjxl	5	4.5000	8479	8134	69.1899	69.6704	4.024404	4.119631	364.508	231.367	4.241	-0.4805	-2.312	57.546	OK	89e3c405809a53c2872179d05bda80a69503b2fb	cargo run -p jxl-encoder --release --features 'parallel butteraugli-loop ssim2-loop' --example w44_170_cjxl_step025_sweep -- --image 1418519 --effort 5 --distance-min 4.5 --distance-max 4.5 --distance-step 4.5 --strategy libjxl --corpus-manifest benchmarks/corpora/w44_170_varied_corpus.tsv
1418519	cid22	512	512	libjxl	5	4.7500	8172	7962	68.0417	68.7954	4.232026	4.225729	280.304	167.729	2.638	-0.7537	0.149	67.117	OK	89e3c405809a53c2872179d05bda80a69503b2fb	cargo run -p jxl-encoder --release --features 'parallel butteraugli-loop ssim2-loop' --example w44_170_cjxl_step025_sweep -- --image 1418519 --effort 5 --distance-min 4.75 --distance-max 4.75 --distance-step 4.75 --strategy libjxl --corpus-manifest benchmarks/corpora/w44_170_varied_corpus.tsv
1418519	cid22	512	512	libjxl	5	5.0000	7866	7697	66.9335	67.2293	4.741054	4.562566	280.674	212.506	2.196	-0.2958	3.912	32.078	OK	89e3c405809a53c2872179d05bda80a69503b2fb	cargo run -p jxl-encoder --release --features 'parallel butteraugli-loop ssim2-loop' --example w44_170_cjxl_step025_sweep -- --image 1418519 --effort 5 --distance-min 5 --distance-max 5 --distance-step 5 --strategy libjxl --corpus-manifest benchmarks/corpora/w44_170_varied_corpus.tsv
1418519	cid22	512	512	libjxl	6	0.2500	59544	58307	92.9714	92.9510	0.532913	0.530417	217.056	341.359	2.122	0.0204	0.471	-36.414	OK	89e3c405809a53c2872179d05bda80a69503b2fb	cargo run -p jxl-encoder --release --features 'parallel butteraugli-loop ssim2-loop' --example w44_170_cjxl_step025_sweep -- --image 1418519 --effort 6 --distance-min 0.25 --distance-max 0.25 --distance-step 0.25 --strategy libjxl --corpus-manifest benchmarks/corpora/w44_170_varied_corpus.tsv
1418519	cid22	512	512	libjxl	6	0.5000	37695	37048	91.0153	91.0467	0.754510	0.753129	239.810	214.514	1.746	-0.0314	0.183	11.792	OK	89e3c405809a53c2872179d05bda80a69503b2fb	cargo run -p jxl-encoder --release --features 'parallel butteraugli-loop ssim2-loop' --example w44_170_cjxl_step025_sweep -- --image 1418519 --effort 6 --distance-min 0.5 --distance-max 0.5 --distance-step 0.5 --strategy libjxl --corpus-manifest benchmarks/corpora/w44_170_varied_corpus.tsv
1418519	cid22	512	512	libjxl	6	0.7500	26251	26273	89.3323	89.2557	0.952284	0.932040	342.623	377.912	-0.084	0.0766	2.172	-9.338	OK	89e3c405809a53c2872179d05bda80a69503b2fb	cargo run -p jxl-encoder --release --features 'parallel butteraugli-loop ssim2-loop' --example w44_170_cjxl_step025_sweep -- --image 1418519 --effort 6 --distance-min 0.75 --distance-max 0.75 --distance-step 0.75 --strategy libjxl --corpus-manifest benchmarks/corpora/w44_170_varied_corpus.tsv
1418519	cid22	512	512	libjxl	6	1.0000	21685	21954	87.3345	87.6355	1.140542	1.109438	237.871	354.474	-1.225	-0.3010	2.804	-32.895	OK	89e3c405809a53c2872179d05bda80a69503b2fb	cargo run -p jxl-encoder --release --features 'parallel butteraugli-loop ssim2-loop' --example w44_170_cjxl_step025_sweep -- --image 1418519 --effort 6 --distance-min 1 --distance-max 1 --distance-step 1 --strategy libjxl --corpus-manifest benchmarks/corpora/w44_170_varied_corpus.tsv
1418519	cid22	512	512	libjxl	6	1.2500	19228	19153	85.8835	86.1407	1.471693	1.550025	255.619	435.581	0.392	-0.2572	-5.054	-41.315	OK	89e3c405809a53c2872179d05bda80a69503b2fb	cargo run -p jxl-encoder --release --features 'parallel butteraugli-loop ssim2-loop' --example w44_170_cjxl_step025_sweep -- --image 1418519 --effort 6 --distance-min 1.25 --distance-max 1.25 --distance-step 1.25 --strategy libjxl --corpus-manifest benchmarks/corpora/w44_170_varied_corpus.tsv
1418519	cid22	512	512	libjxl	6	1.5000	16853	17077	84.4821	84.9107	1.810629	1.812122	257.632	476.753	-1.312	-0.4286	-0.082	-45.961	OK	89e3c405809a53c2872179d05bda80a69503b2fb	cargo run -p jxl-encoder --release --features 'parallel butteraugli-loop ssim2-loop' --example w44_170_cjxl_step025_sweep -- --image 1418519 --effort 6 --distance-min 1.5 --distance-max 1.5 --distance-step 1.5 --strategy libjxl --corpus-manifest benchmarks/corpora/w44_170_varied_corpus.tsv
1418519	cid22	512	512	libjxl	6	1.7500	15239	15658	82.9339	83.2545	1.882387	1.880004	303.468	422.824	-2.676	-0.3206	0.127	-28.228	OK	89e3c405809a53c2872179d05bda80a69503b2fb	cargo run -p jxl-encoder --release --features 'parallel butteraugli-loop ssim2-loop' --example w44_170_cjxl_step025_sweep -- --image 1418519 --effort 6 --distance-min 1.75 --distance-max 1.75 --distance-step 1.75 --strategy libjxl --corpus-manifest benchmarks/corpora/w44_170_varied_corpus.tsv
1418519	cid22	512	512	libjxl	6	2.0000	13993	14404	81.6565	81.9194	2.151673	2.150974	321.159	354.694	-2.853	-0.2629	0.033	-9.454	OK	89e3c405809a53c2872179d05bda80a69503b2fb	cargo run -p jxl-encoder --release --features 'parallel butteraugli-loop ssim2-loop' --example w44_170_cjxl_step025_sweep -- --image 1418519 --effort 6 --distance-min 2 --distance-max 2 --distance-step 2 --strategy libjxl --corpus-manifest benchmarks/corpora/w44_170_varied_corpus.tsv
1418519	cid22	512	512	libjxl	6	2.2500	13040	13374	80.0539	80.6548	2.439679	2.387192	430.083	381.239	-2.497	-0.6009	2.199	12.812	OK	89e3c405809a53c2872179d05bda80a69503b2fb	cargo run -p jxl-encoder --release --features 'parallel butteraugli-loop ssim2-loop' --example w44_170_cjxl_step025_sweep -- --image 1418519 --effort 6 --distance-min 2.25 --distance-max 2.25 --distance-step 2.25 --strategy libjxl --corpus-manifest benchmarks/corpora/w44_170_varied_corpus.tsv
1418519	cid22	512	512	libjxl	6	2.5000	12147	12444	78.5135	79.3812	2.438383	2.433161	296.791	331.001	-2.387	-0.8677	0.215	-10.335	OK	89e3c405809a53c2872179d05bda80a69503b2fb	cargo run -p jxl-encoder --release --features 'parallel butteraugli-loop ssim2-loop' --example w44_170_cjxl_step025_sweep -- --image 1418519 --effort 6 --distance-min 2.5 --distance-max 2.5 --distance-step 2.5 --strategy libjxl --corpus-manifest benchmarks/corpora/w44_170_varied_corpus.tsv
1418519	cid22	512	512	libjxl	6	2.7500	11642	11853	77.3341	77.9297	2.674885	2.665776	205.279	551.161	-1.780	-0.5956	0.342	-62.755	OK	89e3c405809a53c2872179d05bda80a69503b2fb	cargo run -p jxl-encoder --release --features 'parallel butteraugli-loop ssim2-loop' --example w44_170_cjxl_step025_sweep -- --image 1418519 --effort 6 --distance-min 2.75 --distance-max 2.75 --distance-step 2.75 --strategy libjxl --corpus-manifest benchmarks/corpora/w44_170_varied_corpus.tsv
1418519	cid22	512	512	libjxl	6	3.0000	10959	11221	75.7236	77.2345	2.696968	2.965509	275.085	398.178	-2.335	-1.5108	-9.055	-30.914	OK	89e3c405809a53c2872179d05bda80a69503b2fb	cargo run -p jxl-encoder --release --features 'parallel butteraugli-loop ssim2-loop' --example w44_170_cjxl_step025_sweep -- --image 1418519 --effort 6 --distance-min 3 --distance-max 3 --distance-step 3 --strategy libjxl --corpus-manifest benchmarks/corpora/w44_170_varied_corpus.tsv
1418519	cid22	512	512	libjxl	6	3.2500	10136	10562	74.5388	75.8490	2.955877	2.917485	288.176	533.157	-4.033	-1.3102	1.316	-45.949	OK	89e3c405809a53c2872179d05bda80a69503b2fb	cargo run -p jxl-encoder --release --features 'parallel butteraugli-loop ssim2-loop' --example w44_170_cjxl_step025_sweep -- --image 1418519 --effort 6 --distance-min 3.25 --distance-max 3.25 --distance-step 3.25 --strategy libjxl --corpus-manifest benchmarks/corpora/w44_170_varied_corpus.tsv
1418519	cid22	512	512	libjxl	6	3.5000	9808	10120	73.0924	74.6975	3.301020	3.219443	281.785	479.808	-3.083	-1.6051	2.534	-41.271	OK	89e3c405809a53c2872179d05bda80a69503b2fb	cargo run -p jxl-encoder --release --features 'parallel butteraugli-loop ssim2-loop' --example w44_170_cjxl_step025_sweep -- --image 1418519 --effort 6 --distance-min 3.5 --distance-max 3.5 --distance-step 3.5 --strategy libjxl --corpus-manifest benchmarks/corpora/w44_170_varied_corpus.tsv
1418519	cid22	512	512	libjxl	6	3.7500	9415	9684	71.9715	73.3391	3.450246	3.433758	301.006	339.563	-2.778	-1.3676	0.480	-11.355	OK	89e3c405809a53c2872179d05bda80a69503b2fb	cargo run -p jxl-encoder --release --features 'parallel butteraugli-loop ssim2-loop' --example w44_170_cjxl_step025_sweep -- --image 1418519 --effort 6 --distance-min 3.75 --distance-max 3.75 --distance-step 3.75 --strategy libjxl --corpus-manifest benchmarks/corpora/w44_170_varied_corpus.tsv
1418519	cid22	512	512	libjxl	6	4.0000	9061	9294	71.2483	72.8907	3.947662	4.175093	341.587	326.685	-2.507	-1.6424	-5.447	4.562	OK	89e3c405809a53c2872179d05bda80a69503b2fb	cargo run -p jxl-encoder --release --features 'parallel butteraugli-loop ssim2-loop' --example w44_170_cjxl_step025_sweep -- --image 1418519 --effort 6 --distance-min 4 --distance-max 4 --distance-step 4 --strategy libjxl --corpus-manifest benchmarks/corpora/w44_170_varied_corpus.tsv
1418519	cid22	512	512	libjxl	6	4.2500	8794	9223	70.0327	71.8573	3.926115	3.970496	353.380	502.011	-4.651	-1.8246	-1.118	-29.607	OK	89e3c405809a53c2872179d05bda80a69503b2fb	cargo run -p jxl-encoder --release --features 'parallel butteraugli-loop ssim2-loop' --example w44_170_cjxl_step025_sweep -- --image 1418519 --effort 6 --distance-min 4.25 --distance-max 4.25 --distance-step 4.25 --strategy libjxl --corpus-manifest benchmarks/corpora/w44_170_varied_corpus.tsv
1418519	cid22	512	512	libjxl	6	4.5000	8416	8777	69.1692	70.8014	4.024404	3.931125	465.314	407.106	-4.113	-1.6322	2.373	14.298	OK	89e3c405809a53c2872179d05bda80a69503b2fb	cargo run -p jxl-encoder --release --features 'parallel butteraugli-loop ssim2-loop' --example w44_170_cjxl_step025_sweep -- --image 1418519 --effort 6 --distance-min 4.5 --distance-max 4.5 --distance-step 4.5 --strategy libjxl --corpus-manifest benchmarks/corpora/w44_170_varied_corpus.tsv
1418519	cid22	512	512	libjxl	6	4.7500	8172	8373	67.9781	70.2228	4.312348	4.224888	367.210	420.181	-2.401	-2.2447	2.070	-12.607	OK	89e3c405809a53c2872179d05bda80a69503b2fb	cargo run -p jxl-encoder --release --features 'parallel butteraugli-loop ssim2-loop' --example w44_170_cjxl_step025_sweep -- --image 1418519 --effort 6 --distance-min 4.75 --distance-max 4.75 --distance-step 4.75 --strategy libjxl --corpus-manifest benchmarks/corpora/w44_170_varied_corpus.tsv
1418519	cid22	512	512	libjxl	6	5.0000	7865	8155	66.8647	68.8877	4.741018	4.727833	329.883	323.822	-3.556	-2.0231	0.279	1.871	OK	89e3c405809a53c2872179d05bda80a69503b2fb	cargo run -p jxl-encoder --release --features 'parallel butteraugli-loop ssim2-loop' --example w44_170_cjxl_step025_sweep -- --image 1418519 --effort 6 --distance-min 5 --distance-max 5 --distance-step 5 --strategy libjxl --corpus-manifest benchmarks/corpora/w44_170_varied_corpus.tsv
1418519	cid22	512	512	libjxl	7	0.2500	59976	58129	93.0424	92.9746	0.533122	0.530277	261.905	464.286	3.177	0.0679	0.537	-43.590	OK	89e3c405809a53c2872179d05bda80a69503b2fb	cargo run -p jxl-encoder --release --features 'parallel butteraugli-loop ssim2-loop' --example w44_170_cjxl_step025_sweep -- --image 1418519 --effort 7 --distance-min 0.25 --distance-max 0.25 --distance-step 0.25 --strategy libjxl --corpus-manifest benchmarks/corpora/w44_170_varied_corpus.tsv
1418519	cid22	512	512	libjxl	7	0.5000	37898	36914	91.1674	91.2657	0.754898	0.746955	307.481	351.516	2.666	-0.0983	1.063	-12.527	OK	89e3c405809a53c2872179d05bda80a69503b2fb	cargo run -p jxl-encoder --release --features 'parallel butteraugli-loop ssim2-loop' --example w44_170_cjxl_step025_sweep -- --image 1418519 --effort 7 --distance-min 0.5 --distance-max 0.5 --distance-step 0.5 --strategy libjxl --corpus-manifest benchmarks/corpora/w44_170_varied_corpus.tsv
1418519	cid22	512	512	libjxl	7	0.7500	26531	26257	89.1406	89.5502	0.950158	0.934532	293.572	375.724	1.044	-0.4096	1.672	-21.865	OK	89e3c405809a53c2872179d05bda80a69503b2fb	cargo run -p jxl-encoder --release --features 'parallel butteraugli-loop ssim2-loop' --example w44_170_cjxl_step025_sweep -- --image 1418519 --effort 7 --distance-min 0.75 --distance-max 0.75 --distance-step 0.75 --strategy libjxl --corpus-manifest benchmarks/corpora/w44_170_varied_corpus.tsv
1418519	cid22	512	512	libjxl	7	1.0000	21989	21947	87.3407	88.2853	1.137099	1.111072	252.430	489.875	0.191	-0.9445	2.342	-48.470	OK	89e3c405809a53c2872179d05bda80a69503b2fb	cargo run -p jxl-encoder --release --features 'parallel butteraugli-loop ssim2-loop' --example w44_170_cjxl_step025_sweep -- --image 1418519 --effort 7 --distance-min 1 --distance-max 1 --distance-step 1 --strategy libjxl --corpus-manifest benchmarks/corpora/w44_170_varied_corpus.tsv
1418519	cid22	512	512	libjxl	7	1.2500	19493	19125	85.7074	86.6339	1.471851	1.550154	412.293	312.163	1.924	-0.9265	-5.051	32.076	OK	89e3c405809a53c2872179d05bda80a69503b2fb	cargo run -p jxl-encoder --release --features 'parallel butteraugli-loop ssim2-loop' --example w44_170_cjxl_step025_sweep -- --image 1418519 --effort 7 --distance-min 1.25 --distance-max 1.25 --distance-step 1.25 --strategy libjxl --corpus-manifest benchmarks/corpora/w44_170_varied_corpus.tsv
1418519	cid22	512	512	libjxl	7	1.5000	17174	17048	84.4434	85.1410	1.810704	1.805905	277.020	426.165	0.739	-0.6975	0.266	-34.997	OK	89e3c405809a53c2872179d05bda80a69503b2fb	cargo run -p jxl-encoder --release --features 'parallel butteraugli-loop ssim2-loop' --example w44_170_cjxl_step025_sweep -- --image 1418519 --effort 7 --distance-min 1.5 --distance-max 1.5 --distance-step 1.5 --strategy libjxl --corpus-manifest benchmarks/corpora/w44_170_varied_corpus.tsv
1418519	cid22	512	512	libjxl	7	1.7500	15391	15645	82.8396	83.9370	1.882402	1.883491	328.174	435.280	-1.624	-1.0974	-0.058	-24.606	OK	89e3c405809a53c2872179d05bda80a69503b2fb	cargo run -p jxl-encoder --release --features 'parallel butteraugli-loop ssim2-loop' --example w44_170_cjxl_step025_sweep -- --image 1418519 --effort 7 --distance-min 1.75 --distance-max 1.75 --distance-step 1.75 --strategy libjxl --corpus-manifest benchmarks/corpora/w44_170_varied_corpus.tsv
1418519	cid22	512	512	libjxl	7	2.0000	14630	14410	81.4136	81.9265	2.262436	2.150204	394.310	499.375	1.527	-0.5130	5.220	-21.039	OK	89e3c405809a53c2872179d05bda80a69503b2fb	cargo run -p jxl-encoder --release --features 'parallel butteraugli-loop ssim2-loop' --example w44_170_cjxl_step025_sweep -- --image 1418519 --effort 7 --distance-min 2 --distance-max 2 --distance-step 2 --strategy libjxl --corpus-manifest benchmarks/corpora/w44_170_varied_corpus.tsv
1418519	cid22	512	512	libjxl	7	2.2500	13636	13372	79.6167	80.9535	2.620345	2.387192	415.018	665.727	1.974	-1.3368	9.767	-37.659	OK	89e3c405809a53c2872179d05bda80a69503b2fb	cargo run -p jxl-encoder --release --features 'parallel butteraugli-loop ssim2-loop' --example w44_170_cjxl_step025_sweep -- --image 1418519 --effort 7 --distance-min 2.25 --distance-max 2.25 --distance-step 2.25 --strategy libjxl --corpus-manifest benchmarks/corpora/w44_170_varied_corpus.tsv
1418519	cid22	512	512	libjxl	7	2.5000	12631	12463	77.8669	79.5477	2.438383	2.433027	331.445	456.879	1.348	-1.6808	0.220	-27.454	OK	89e3c405809a53c2872179d05bda80a69503b2fb	cargo run -p jxl-encoder --release --features 'parallel butteraugli-loop ssim2-loop' --example w44_170_cjxl_step025_sweep -- --image 1418519 --effort 7 --distance-min 2.5 --distance-max 2.5 --distance-step 2.5 --strategy libjxl --corpus-manifest benchmarks/corpora/w44_170_varied_corpus.tsv
1418519	cid22	512	512	libjxl	7	2.7500	12390	11857	76.8959	78.1114	2.671465	2.665741	273.874	189.078	4.495	-1.2155	0.215	44.847	OK	89e3c405809a53c2872179d05bda80a69503b2fb	cargo run -p jxl-encoder --release --features 'parallel butteraugli-loop ssim2-loop' --example w44_170_cjxl_step025_sweep -- --image 1418519 --effort 7 --distance-min 2.75 --distance-max 2.75 --distance-step 2.75 --strategy libjxl --corpus-manifest benchmarks/corpora/w44_170_varied_corpus.tsv
1418519	cid22	512	512	libjxl	7	3.0000	11646	11256	75.1201	77.0655	2.693510	2.882906	273.162	398.982	3.465	-1.9454	-6.570	-31.535	OK	89e3c405809a53c2872179d05bda80a69503b2fb	cargo run -p jxl-encoder --release --features 'parallel butteraugli-loop ssim2-loop' --example w44_170_cjxl_step025_sweep -- --image 1418519 --effort 7 --distance-min 3 --distance-max 3 --distance-step 3 --strategy libjxl --corpus-manifest benchmarks/corpora/w44_170_varied_corpus.tsv
1418519	cid22	512	512	libjxl	7	3.2500	10879	10589	71.5962	75.9012	3.633030	2.980910	311.590	468.480	2.739	-4.3050	21.877	-33.489	OK	89e3c405809a53c2872179d05bda80a69503b2fb	cargo run -p jxl-encoder --release --features 'parallel butteraugli-loop ssim2-loop' --example w44_170_cjxl_step025_sweep -- --image 1418519 --effort 7 --distance-min 3.25 --distance-max 3.25 --distance-step 3.25 --strategy libjxl --corpus-manifest benchmarks/corpora/w44_170_varied_corpus.tsv
1418519	cid22	512	512	libjxl	7	3.5000	10553	10167	71.3635	74.5814	3.414613	3.360585	391.059	511.313	3.797	-3.2179	1.608	-23.519	OK	89e3c405809a53c2872179d05bda80a69503b2fb	cargo run -p jxl-encoder --release --features 'parallel butteraugli-loop ssim2-loop' --example w44_170_cjxl_step025_sweep -- --image 1418519 --effort 7 --distance-min 3.5 --distance-max 3.5 --distance-step 3.5 --strategy libjxl --corpus-manifest benchmarks/corpora/w44_170_varied_corpus.tsv
1418519	cid22	512	512	libjxl	7	3.7500	10039	9752	68.4530	73.9209	4.225910	3.416892	383.786	554.460	2.943	-5.4679	23.677	-30.782	OK	89e3c405809a53c2872179d05bda80a69503b2fb	cargo run -p jxl-encoder --release --features 'parallel butteraugli-loop ssim2-loop' --example w44_170_cjxl_step025_sweep -- --image 1418519 --effort 7 --distance-min 3.75 --distance-max 3.75 --distance-step 3.75 --strategy libjxl --corpus-manifest benchmarks/corpora/w44_170_varied_corpus.tsv
1418519	cid22	512	512	libjxl	7	4.0000	9376	9351	69.7678	72.9955	3.947043	4.175093	515.659	491.807	0.267	-3.2277	-5.462	4.850	OK	89e3c405809a53c2872179d05bda80a69503b2fb	cargo run -p jxl-encoder --release --features 'parallel butteraugli-loop ssim2-loop' --example w44_170_cjxl_step025_sweep -- --image 1418519 --effort 7 --distance-min 4 --distance-max 4 --distance-step 4 --strategy libjxl --corpus-manifest benchmarks/corpora/w44_170_varied_corpus.tsv
1418519	cid22	512	512	libjxl	7	4.2500	9545	9185	65.7927	72.0421	4.080028	3.970496	396.198	431.606	3.919	-6.2494	2.759	-8.204	OK	89e3c405809a53c2872179d05bda80a69503b2fb	cargo run -p jxl-encoder --release --features 'parallel butteraugli-loop ssim2-loop' --example w44_170_cjxl_step025_sweep -- --image 1418519 --effort 7 --distance-min 4.25 --distance-max 4.25 --distance-step 4.25 --strategy libjxl --corpus-manifest benchmarks/corpora/w44_170_varied_corpus.tsv
1418519	cid22	512	512	libjxl	7	4.5000	8840	8843	65.4633	70.9706	4.016383	3.931125	523.421	481.582	-0.034	-5.5073	2.169	8.688	OK	89e3c405809a53c2872179d05bda80a69503b2fb	cargo run -p jxl-encoder --release --features 'parallel butteraugli-loop ssim2-loop' --example w44_170_cjxl_step025_sweep -- --image 1418519 --effort 7 --distance-min 4.5 --distance-max 4.5 --distance-step 4.5 --strategy libjxl --corpus-manifest benchmarks/corpora/w44_170_varied_corpus.tsv
1418519	cid22	512	512	libjxl	7	4.7500	8606	8424	64.5532	70.2241	4.317060	4.224888	410.199	474.360	2.160	-5.6709	2.182	-13.526	OK	89e3c405809a53c2872179d05bda80a69503b2fb	cargo run -p jxl-encoder --release --features 'parallel butteraugli-loop ssim2-loop' --example w44_170_cjxl_step025_sweep -- --image 1418519 --effort 7 --distance-min 4.75 --distance-max 4.75 --distance-step 4.75 --strategy libjxl --corpus-manifest benchmarks/corpora/w44_170_varied_corpus.tsv
1418519	cid22	512	512	libjxl	7	5.0000	8383	8185	61.4064	69.2771	5.325855	4.721256	448.103	473.155	2.419	-7.8707	12.806	-5.295	OK	89e3c405809a53c2872179d05bda80a69503b2fb	cargo run -p jxl-encoder --release --features 'parallel butteraugli-loop ssim2-loop' --example w44_170_cjxl_step025_sweep -- --image 1418519 --effort 7 --distance-min 5 --distance-max 5 --distance-step 5 --strategy libjxl --corpus-manifest benchmarks/corpora/w44_170_varied_corpus.tsv
1418519	cid22	512	512	libjxl	8	0.2500	60700	58820	92.7664	92.8762	0.316159	0.378264	1189.762	1648.085	3.196	-0.1097	-16.418	-27.809	OK	89e3c405809a53c2872179d05bda80a69503b2fb	cargo run -p jxl-encoder --release --features 'parallel butteraugli-loop ssim2-loop' --example w44_170_cjxl_step025_sweep -- --image 1418519 --effort 8 --distance-min 0.25 --distance-max 0.25 --distance-step 0.25 --strategy libjxl --corpus-manifest benchmarks/corpora/w44_170_varied_corpus.tsv
1418519	cid22	512	512	libjxl	8	0.5000	37117	36339	91.2211	91.5822	0.728349	0.695994	990.332	1380.568	2.141	-0.3612	4.649	-28.266	OK	89e3c405809a53c2872179d05bda80a69503b2fb	cargo run -p jxl-encoder --release --features 'parallel butteraugli-loop ssim2-loop' --example w44_170_cjxl_step025_sweep -- --image 1418519 --effort 8 --distance-min 0.5 --distance-max 0.5 --distance-step 0.5 --strategy libjxl --corpus-manifest benchmarks/corpora/w44_170_varied_corpus.tsv
1418519	cid22	512	512	libjxl	8	0.7500	26352	26095	89.9549	90.1013	0.851151	0.831267	1446.337	1610.505	0.985	-0.1465	2.392	-10.194	OK	89e3c405809a53c2872179d05bda80a69503b2fb	cargo run -p jxl-encoder --release --features 'parallel butteraugli-loop ssim2-loop' --example w44_170_cjxl_step025_sweep -- --image 1418519 --effort 8 --distance-min 0.75 --distance-max 0.75 --distance-step 0.75 --strategy libjxl --corpus-manifest benchmarks/corpora/w44_170_varied_corpus.tsv
1418519	cid22	512	512	libjxl	8	1.0000	21781	21826	87.9975	88.7117	1.235366	1.167616	1263.020	1571.275	-0.206	-0.7141	5.802	-19.618	OK	89e3c405809a53c2872179d05bda80a69503b2fb	cargo run -p jxl-encoder --release --features 'parallel butteraugli-loop ssim2-loop' --example w44_170_cjxl_step025_sweep -- --image 1418519 --effort 8 --distance-min 1 --distance-max 1 --distance-step 1 --strategy libjxl --corpus-manifest benchmarks/corpora/w44_170_varied_corpus.tsv
1418519	cid22	512	512	libjxl	8	1.2500	19079	18852	86.2123	87.0752	1.742407	1.778855	1055.906	1400.504	1.204	-0.8629	-2.049	-24.605	OK	89e3c405809a53c2872179d05bda80a69503b2fb	cargo run -p jxl-encoder --release --features 'parallel butteraugli-loop ssim2-loop' --example w44_170_cjxl_step025_sweep -- --image 1418519 --effort 8 --distance-min 1.25 --distance-max 1.25 --distance-step 1.25 --strategy libjxl --corpus-manifest benchmarks/corpora/w44_170_varied_corpus.tsv
1418519	cid22	512	512	libjxl	8	1.5000	16719	16867	84.6296	85.4617	1.802776	1.649745	1139.358	1202.491	-0.877	-0.8320	9.276	-5.250	OK	89e3c405809a53c2872179d05bda80a69503b2fb	cargo run -p jxl-encoder --release --features 'parallel butteraugli-loop ssim2-loop' --example w44_170_cjxl_step025_sweep -- --image 1418519 --effort 8 --distance-min 1.5 --distance-max 1.5 --distance-step 1.5 --strategy libjxl --corpus-manifest benchmarks/corpora/w44_170_varied_corpus.tsv
1418519	cid22	512	512	libjxl	8	1.7500	14909	15435	82.9815	83.9736	1.910260	1.900079	1036.885	1418.640	-3.408	-0.9921	0.536	-26.910	OK	89e3c405809a53c2872179d05bda80a69503b2fb	cargo run -p jxl-encoder --release --features 'parallel butteraugli-loop ssim2-loop' --example w44_170_cjxl_step025_sweep -- --image 1418519 --effort 8 --distance-min 1.75 --distance-max 1.75 --distance-step 1.75 --strategy libjxl --corpus-manifest benchmarks/corpora/w44_170_varied_corpus.tsv
1418519	cid22	512	512	libjxl	8	2.0000	14141	14033	81.5072	82.4427	2.100394	2.188739	1161.545	1784.077	0.770	-0.9355	-4.036	-34.894	OK	89e3c405809a53c2872179d05bda80a69503b2fb	cargo run -p jxl-encoder --release --features 'parallel butteraugli-loop ssim2-loop' --example w44_170_cjxl_step025_sweep -- --image 1418519 --effort 8 --distance-min 2 --distance-max 2 --distance-step 2 --strategy libjxl --corpus-manifest benchmarks/corpora/w44_170_varied_corpus.tsv
1418519	cid22	512	512	libjxl	8	2.2500	13043	13117	79.1596	80.9743	2.564211	2.287498	1546.676	1667.349	-0.564	-1.8147	12.097	-7.237	OK	89e3c405809a53c2872179d05bda80a69503b2fb	cargo run -p jxl-encoder --release --features 'parallel butteraugli-loop ssim2-loop' --example w44_170_cjxl_step025_sweep -- --image 1418519 --effort 8 --distance-min 2.25 --distance-max 2.25 --distance-step 2.25 --strategy libjxl --corpus-manifest benchmarks/corpora/w44_170_varied_corpus.tsv
1418519	cid22	512	512	libjxl	8	2.5000	12080	12163	77.7985	79.5784	2.576415	2.747586	1193.273	1708.771	-0.682	-1.7799	-6.230	-30.168	OK	89e3c405809a53c2872179d05bda80a69503b2fb	cargo run -p jxl-encoder --release --features 'parallel butteraugli-loop ssim2-loop' --example w44_170_cjxl_step025_sweep -- --image 1418519 --effort 8 --distance-min 2.5 --distance-max 2.5 --distance-step 2.5 --strategy libjxl --corpus-manifest benchmarks/corpora/w44_170_varied_corpus.tsv
1418519	cid22	512	512	libjxl	8	2.7500	11737	11438	76.7118	78.0498	2.642387	2.778131	834.037	1688.883	2.614	-1.3380	-4.886	-50.616	OK	89e3c405809a53c2872179d05bda80a69503b2fb	cargo run -p jxl-encoder --release --features 'parallel butteraugli-loop ssim2-loop' --example w44_170_cjxl_step025_sweep -- --image 1418519 --effort 8 --distance-min 2.75 --distance-max 2.75 --distance-step 2.75 --strategy libjxl --corpus-manifest benchmarks/corpora/w44_170_varied_corpus.tsv
1418519	cid22	512	512	libjxl	8	3.0000	11053	10788	74.9701	76.6440	2.982671	2.857833	1080.704	1596.079	2.456	-1.6739	4.368	-32.290	OK	89e3c405809a53c2872179d05bda80a69503b2fb	cargo run -p jxl-encoder --release --features 'parallel butteraugli-loop ssim2-loop' --example w44_170_cjxl_step025_sweep -- --image 1418519 --effort 8 --distance-min 3 --distance-max 3 --distance-step 3 --strategy libjxl --corpus-manifest benchmarks/corpora/w44_170_varied_corpus.tsv
1418519	cid22	512	512	libjxl	8	3.2500	10218	10271	71.4875	75.6674	3.597833	3.102920	1021.164	1484.796	-0.516	-4.1799	15.950	-31.225	OK	89e3c405809a53c2872179d05bda80a69503b2fb	cargo run -p jxl-encoder --release --features 'parallel butteraugli-loop ssim2-loop' --example w44_170_cjxl_step025_sweep -- --image 1418519 --effort 8 --distance-min 3.25 --distance-max 3.25 --distance-step 3.25 --strategy libjxl --corpus-manifest benchmarks/corpora/w44_170_varied_corpus.tsv
1418519	cid22	512	512	libjxl	8	3.5000	9929	9722	71.2886	74.5244	3.308452	3.352241	1426.303	1766.349	2.129	-3.2358	-1.306	-19.251	OK	89e3c405809a53c2872179d05bda80a69503b2fb	cargo run -p jxl-encoder --release --features 'parallel butteraugli-loop ssim2-loop' --example w44_170_cjxl_step025_sweep -- --image 1418519 --effort 8 --distance-min 3.5 --distance-max 3.5 --distance-step 3.5 --strategy libjxl --corpus-manifest benchmarks/corpora/w44_170_varied_corpus.tsv
1418519	cid22	512	512	libjxl	8	3.7500	9244	9277	68.6727	73.6620	4.100740	3.315987	1269.728	1669.258	-0.356	-4.9893	23.666	-23.935	OK	89e3c405809a53c2872179d05bda80a69503b2fb	cargo run -p jxl-encoder --release --features 'parallel butteraugli-loop ssim2-loop' --example w44_170_cjxl_step025_sweep -- --image 1418519 --effort 8 --distance-min 3.75 --distance-max 3.75 --distance-step 3.75 --strategy libjxl --corpus-manifest benchmarks/corpora/w44_170_varied_corpus.tsv
1418519	cid22	512	512	libjxl	8	4.0000	8679	8932	68.9942	72.3045	3.969500	3.544480	1380.980	1483.810	-2.833	-3.3103	11.991	-6.930	OK	89e3c405809a53c2872179d05bda80a69503b2fb	cargo run -p jxl-encoder --release --features 'parallel butteraugli-loop ssim2-loop' --example w44_170_cjxl_step025_sweep -- --image 1418519 --effort 8 --distance-min 4 --distance-max 4 --distance-step 4 --strategy libjxl --corpus-manifest benchmarks/corpora/w44_170_varied_corpus.tsv
1418519	cid22	512	512	libjxl	8	4.2500	8955	8880	66.0831	71.3028	4.155295	4.150731	1900.459	1610.389	0.845	-5.2197	0.110	18.012	OK	89e3c405809a53c2872179d05bda80a69503b2fb	cargo run -p jxl-encoder --release --features 'parallel butteraugli-loop ssim2-loop' --example w44_170_cjxl_step025_sweep -- --image 1418519 --effort 8 --distance-min 4.25 --distance-max 4.25 --distance-step 4.25 --strategy libjxl --corpus-manifest benchmarks/corpora/w44_170_varied_corpus.tsv
1418519	cid22	512	512	libjxl	8	4.5000	8321	8492	65.1810	70.3958	3.935962	4.091115	1768.570	1619.696	-2.014	-5.2148	-3.792	9.191	OK	89e3c405809a53c2872179d05bda80a69503b2fb	cargo run -p jxl-encoder --release --features 'parallel butteraugli-loop ssim2-loop' --example w44_170_cjxl_step025_sweep -- --image 1418519 --effort 8 --distance-min 4.5 --distance-max 4.5 --distance-step 4.5 --strategy libjxl --corpus-manifest benchmarks/corpora/w44_170_varied_corpus.tsv
1418519	cid22	512	512	libjxl	8	4.7500	7748	8048	63.5256	69.7259	4.309741	4.342392	1698.205	1228.790	-3.728	-6.2003	-0.752	38.201	OK	89e3c405809a53c2872179d05bda80a69503b2fb	cargo run -p jxl-encoder --release --features 'parallel butteraugli-loop ssim2-loop' --example w44_170_cjxl_step025_sweep -- --image 1418519 --effort 8 --distance-min 4.75 --distance-max 4.75 --distance-step 4.75 --strategy libjxl --corpus-manifest benchmarks/corpora/w44_170_varied_corpus.tsv
1418519	cid22	512	512	libjxl	8	5.0000	7780	7766	60.3620	67.9760	5.401620	4.694778	1681.690	1726.573	0.180	-7.6141	15.056	-2.600	OK	89e3c405809a53c2872179d05bda80a69503b2fb	cargo run -p jxl-encoder --release --features 'parallel butteraugli-loop ssim2-loop' --example w44_170_cjxl_step025_sweep -- --image 1418519 --effort 8 --distance-min 5 --distance-max 5 --distance-step 5 --strategy libjxl --corpus-manifest benchmarks/corpora/w44_170_varied_corpus.tsv
1418519	cid22	512	512	libjxl	9	0.2500	62086	59130	92.8443	92.8517	0.304402	0.306868	2222.951	2160.263	4.999	-0.0075	-0.804	2.902	OK	89e3c405809a53c2872179d05bda80a69503b2fb	cargo run -p jxl-encoder --release --features 'parallel butteraugli-loop ssim2-loop' --example w44_170_cjxl_step025_sweep -- --image 1418519 --effort 9 --distance-min 0.25 --distance-max 0.25 --distance-step 0.25 --strategy libjxl --corpus-manifest benchmarks/corpora/w44_170_varied_corpus.tsv
1418519	cid22	512	512	libjxl	9	0.5000	37828	36443	91.1395	91.5666	0.567391	0.592916	1383.162	1840.827	3.800	-0.4271	-4.305	-24.862	OK	89e3c405809a53c2872179d05bda80a69503b2fb	cargo run -p jxl-encoder --release --features 'parallel butteraugli-loop ssim2-loop' --example w44_170_cjxl_step025_sweep -- --image 1418519 --effort 9 --distance-min 0.5 --distance-max 0.5 --distance-step 0.5 --strategy libjxl --corpus-manifest benchmarks/corpora/w44_170_varied_corpus.tsv
1418519	cid22	512	512	libjxl	9	0.7500	26698	26127	89.9229	90.0782	0.836682	0.849487	2000.204	2446.585	2.185	-0.1553	-1.507	-18.245	OK	89e3c405809a53c2872179d05bda80a69503b2fb	cargo run -p jxl-encoder --release --features 'parallel butteraugli-loop ssim2-loop' --example w44_170_cjxl_step025_sweep -- --image 1418519 --effort 9 --distance-min 0.75 --distance-max 0.75 --distance-step 0.75 --strategy libjxl --corpus-manifest benchmarks/corpora/w44_170_varied_corpus.tsv
1418519	cid22	512	512	libjxl	9	1.0000	22074	21811	88.0196	88.7416	1.099750	1.086164	1354.228	2533.772	1.206	-0.7220	1.251	-46.553	OK	89e3c405809a53c2872179d05bda80a69503b2fb	cargo run -p jxl-encoder --release --features 'parallel butteraugli-loop ssim2-loop' --example w44_170_cjxl_step025_sweep -- --image 1418519 --effort 9 --distance-min 1 --distance-max 1 --distance-step 1 --strategy libjxl --corpus-manifest benchmarks/corpora/w44_170_varied_corpus.tsv
1418519	cid22	512	512	libjxl	9	1.2500	19374	18835	86.2199	87.0880	1.365981	1.329233	1521.509	2373.524	2.862	-0.8682	2.765	-35.897	OK	89e3c405809a53c2872179d05bda80a69503b2fb	cargo run -p jxl-encoder --release --features 'parallel butteraugli-loop ssim2-loop' --example w44_170_cjxl_step025_sweep -- --image 1418519 --effort 9 --distance-min 1.25 --distance-max 1.25 --distance-step 1.25 --strategy libjxl --corpus-manifest benchmarks/corpora/w44_170_varied_corpus.tsv
1418519	cid22	512	512	libjxl	9	1.5000	17018	16856	84.7351	85.5312	1.493761	1.567261	1400.779	2141.798	0.961	-0.7962	-4.690	-34.598	OK	89e3c405809a53c2872179d05bda80a69503b2fb	cargo run -p jxl-encoder --release --features 'parallel butteraugli-loop ssim2-loop' --example w44_170_cjxl_step025_sweep -- --image 1418519 --effort 9 --distance-min 1.5 --distance-max 1.5 --distance-step 1.5 --strategy libjxl --corpus-manifest benchmarks/corpora/w44_170_varied_corpus.tsv
1418519	cid22	512	512	libjxl	9	1.7500	15025	15393	82.9324	83.9736	1.910238	1.900079	1559.254	2272.985	-2.391	-1.0412	0.535	-31.401	OK	89e3c405809a53c2872179d05bda80a69503b2fb	cargo run -p jxl-encoder --release --features 'parallel butteraugli-loop ssim2-loop' --example w44_170_cjxl_step025_sweep -- --image 1418519 --effort 9 --distance-min 1.75 --distance-max 1.75 --distance-step 1.75 --strategy libjxl --corpus-manifest benchmarks/corpora/w44_170_varied_corpus.tsv
1418519	cid22	512	512	libjxl	9	2.0000	14300	14031	81.5098	82.4380	2.100387	2.007027	1145.506	2010.263	1.917	-0.9282	4.652	-43.017	OK	89e3c405809a53c2872179d05bda80a69503b2fb	cargo run -p jxl-encoder --release --features 'parallel butteraugli-loop ssim2-loop' --example w44_170_cjxl_step025_sweep -- --image 1418519 --effort 9 --distance-min 2 --distance-max 2 --distance-step 2 --strategy libjxl --corpus-manifest benchmarks/corpora/w44_170_varied_corpus.tsv
1418519	cid22	512	512	libjxl	9	2.2500	13229	13074	79.1596	80.9743	2.564211	2.287498	1544.980	2326.718	1.186	-1.8147	12.097	-33.598	OK	89e3c405809a53c2872179d05bda80a69503b2fb	cargo run -p jxl-encoder --release --features 'parallel butteraugli-loop ssim2-loop' --example w44_170_cjxl_step025_sweep -- --image 1418519 --effort 9 --distance-min 2.25 --distance-max 2.25 --distance-step 2.25 --strategy libjxl --corpus-manifest benchmarks/corpora/w44_170_varied_corpus.tsv
1418519	cid22	512	512	libjxl	9	2.5000	12204	12147	77.7985	79.5673	2.576415	2.593042	2485.195	2226.162	0.469	-1.7687	-0.641	11.636	OK	89e3c405809a53c2872179d05bda80a69503b2fb	cargo run -p jxl-encoder --release --features 'parallel butteraugli-loop ssim2-loop' --example w44_170_cjxl_step025_sweep -- --image 1418519 --effort 9 --distance-min 2.5 --distance-max 2.5 --distance-step 2.5 --strategy libjxl --corpus-manifest benchmarks/corpora/w44_170_varied_corpus.tsv
1418519	cid22	512	512	libjxl	9	2.7500	11858	11382	76.7118	78.0498	2.642387	2.778131	1714.286	2109.006	4.182	-1.3380	-4.886	-18.716	OK	89e3c405809a53c2872179d05bda80a69503b2fb	cargo run -p jxl-encoder --release --features 'parallel butteraugli-loop ssim2-loop' --example w44_170_cjxl_step025_sweep -- --image 1418519 --effort 9 --distance-min 2.75 --distance-max 2.75 --distance-step 2.75 --strategy libjxl --corpus-manifest benchmarks/corpora/w44_170_varied_corpus.tsv
1418519	cid22	512	512	libjxl	9	3.0000	11162	10772	74.9701	76.6541	2.982671	2.857833	1832.804	2089.034	3.620	-1.6840	4.368	-12.265	OK	89e3c405809a53c2872179d05bda80a69503b2fb	cargo run -p jxl-encoder --release --features 'parallel butteraugli-loop ssim2-loop' --example w44_170_cjxl_step025_sweep -- --image 1418519 --effort 9 --distance-min 3 --distance-max 3 --distance-step 3 --strategy libjxl --corpus-manifest benchmarks/corpora/w44_170_varied_corpus.tsv
1418519	cid22	512	512	libjxl	9	3.2500	10366	10243	71.7712	75.6789	3.327919	3.102920	1992.495	2461.850	1.201	-3.9076	7.251	-19.065	OK	89e3c405809a53c2872179d05bda80a69503b2fb	cargo run -p jxl-encoder --release --features 'parallel butteraugli-loop ssim2-loop' --example w44_170_cjxl_step025_sweep -- --image 1418519 --effort 9 --distance-min 3.25 --distance-max 3.25 --distance-step 3.25 --strategy libjxl --corpus-manifest benchmarks/corpora/w44_170_varied_corpus.tsv
1418519	cid22	512	512	libjxl	9	3.5000	10049	9699	71.2886	74.5244	3.308452	3.352241	1959.045	2268.932	3.609	-3.2358	-1.306	-13.658	OK	89e3c405809a53c2872179d05bda80a69503b2fb	cargo run -p jxl-encoder --release --features 'parallel butteraugli-loop ssim2-loop' --example w44_170_cjxl_step025_sweep -- --image 1418519 --effort 9 --distance-min 3.5 --distance-max 3.5 --distance-step 3.5 --strategy libjxl --corpus-manifest benchmarks/corpora/w44_170_varied_corpus.tsv
1418519	cid22	512	512	libjxl	9	3.7500	9317	9269	68.6727	73.7442	4.100740	3.316303	1981.585	2276.559	0.518	-5.0714	23.654	-12.957	OK	89e3c405809a53c2872179d05bda80a69503b2fb	cargo run -p jxl-encoder --release --features 'parallel butteraugli-loop ssim2-loop' --example w44_170_cjxl_step025_sweep -- --image 1418519 --effort 9 --distance-min 3.75 --distance-max 3.75 --distance-step 3.75 --strategy libjxl --corpus-manifest benchmarks/corpora/w44_170_varied_corpus.tsv
1418519	cid22	512	512	libjxl	9	4.0000	8857	8939	68.9878	72.3082	3.808275	3.472333	2373.307	2673.069	-0.917	-3.3204	9.675	-11.214	OK	89e3c405809a53c2872179d05bda80a69503b2fb	cargo run -p jxl-encoder --release --features 'parallel butteraugli-loop ssim2-loop' --example w44_170_cjxl_step025_sweep -- --image 1418519 --effort 9 --distance-min 4 --distance-max 4 --distance-step 4 --strategy libjxl --corpus-manifest benchmarks/corpora/w44_170_varied_corpus.tsv
1418519	cid22	512	512	libjxl	9	4.2500	9085	8846	66.0831	71.3028	4.155295	4.150731	2367.143	2437.876	2.702	-5.2197	0.110	-2.901	OK	89e3c405809a53c2872179d05bda80a69503b2fb	cargo run -p jxl-encoder --release --features 'parallel butteraugli-loop ssim2-loop' --example w44_170_cjxl_step025_sweep -- --image 1418519 --effort 9 --distance-min 4.25 --distance-max 4.25 --distance-step 4.25 --strategy libjxl --corpus-manifest benchmarks/corpora/w44_170_varied_corpus.tsv
1418519	cid22	512	512	libjxl	9	4.5000	8364	8446	65.1810	70.3958	3.935962	4.091115	2527.012	2578.196	-0.971	-5.2148	-3.792	-1.985	OK	89e3c405809a53c2872179d05bda80a69503b2fb	cargo run -p jxl-encoder --release --features 'parallel butteraugli-loop ssim2-loop' --example w44_170_cjxl_step025_sweep -- --image 1418519 --effort 9 --distance-min 4.5 --distance-max 4.5 --distance-step 4.5 --strategy libjxl --corpus-manifest benchmarks/corpora/w44_170_varied_corpus.tsv
1418519	cid22	512	512	libjxl	9	4.7500	7791	8023	63.5256	69.7259	4.309741	4.342392	2492.621	2384.805	-2.892	-6.2003	-0.752	4.521	OK	89e3c405809a53c2872179d05bda80a69503b2fb	cargo run -p jxl-encoder --release --features 'parallel butteraugli-loop ssim2-loop' --example w44_170_cjxl_step025_sweep -- --image 1418519 --effort 9 --distance-min 4.75 --distance-max 4.75 --distance-step 4.75 --strategy libjxl --corpus-manifest benchmarks/corpora/w44_170_varied_corpus.tsv
1418519	cid22	512	512	libjxl	9	5.0000	7854	7767	60.3620	67.9760	5.401620	4.694778	2206.892	2332.390	1.120	-7.6141	15.056	-5.381	OK	89e3c405809a53c2872179d05bda80a69503b2fb	cargo run -p jxl-encoder --release --features 'parallel butteraugli-loop ssim2-loop' --example w44_170_cjxl_step025_sweep -- --image 1418519 --effort 9 --distance-min 5 --distance-max 5 --distance-step 5 --strategy libjxl --corpus-manifest benchmarks/corpora/w44_170_varied_corpus.tsv
1420710	cid22	512	512	libjxl	5	0.2500	184049	183569	94.1370	94.1362	0.498971	0.500593	188.496	292.779	0.261	0.0008	-0.324	-35.618	OK	89e3c405809a53c2872179d05bda80a69503b2fb	cargo run -p jxl-encoder --release --features 'parallel butteraugli-loop ssim2-loop' --example w44_170_cjxl_step025_sweep -- --image 1420710 --effort 5 --distance-min 0.25 --distance-max 0.25 --distance-step 0.25 --strategy libjxl --corpus-manifest benchmarks/corpora/w44_170_varied_corpus.tsv
1420710	cid22	512	512	libjxl	5	0.5000	134712	134658	91.5233	91.5475	0.778299	0.773514	230.090	498.466	0.040	-0.0242	0.619	-53.840	OK	89e3c405809a53c2872179d05bda80a69503b2fb	cargo run -p jxl-encoder --release --features 'parallel butteraugli-loop ssim2-loop' --example w44_170_cjxl_step025_sweep -- --image 1420710 --effort 5 --distance-min 0.5 --distance-max 0.5 --distance-step 0.5 --strategy libjxl --corpus-manifest benchmarks/corpora/w44_170_varied_corpus.tsv
1420710	cid22	512	512	libjxl	5	0.7500	109361	109373	89.0130	89.0550	0.931327	0.938263	236.567	291.476	-0.011	-0.0420	-0.739	-18.838	OK	89e3c405809a53c2872179d05bda80a69503b2fb	cargo run -p jxl-encoder --release --features 'parallel butteraugli-loop ssim2-loop' --example w44_170_cjxl_step025_sweep -- --image 1420710 --effort 5 --distance-min 0.75 --distance-max 0.75 --distance-step 0.75 --strategy libjxl --corpus-manifest benchmarks/corpora/w44_170_varied_corpus.tsv
1420710	cid22	512	512	libjxl	5	1.0000	92060	92164	86.6528	86.7811	1.203377	1.198212	256.120	213.148	-0.113	-0.1283	0.431	20.161	OK	89e3c405809a53c2872179d05bda80a69503b2fb	cargo run -p jxl-encoder --release --features 'parallel butteraugli-loop ssim2-loop' --example w44_170_cjxl_step025_sweep -- --image 1420710 --effort 5 --distance-min 1 --distance-max 1 --distance-step 1 --strategy libjxl --corpus-manifest benchmarks/corpora/w44_170_varied_corpus.tsv
1420710	cid22	512	512	libjxl	5	1.2500	79561	79722	84.1807	84.2615	1.505116	1.549901	230.534	417.234	-0.202	-0.0808	-2.890	-44.747	OK	89e3c405809a53c2872179d05bda80a69503b2fb	cargo run -p jxl-encoder --release --features 'parallel butteraugli-loop ssim2-loop' --example w44_170_cjxl_step025_sweep -- --image 1420710 --effort 5 --distance-min 1.25 --distance-max 1.25 --distance-step 1.25 --strategy libjxl --corpus-manifest benchmarks/corpora/w44_170_varied_corpus.tsv
1420710	cid22	512	512	libjxl	5	1.5000	69992	70155	81.9336	82.1666	1.766932	1.767006	376.477	276.070	-0.232	-0.2331	-0.004	36.370	OK	89e3c405809a53c2872179d05bda80a69503b2fb	cargo run -p jxl-encoder --release --features 'parallel butteraugli-loop ssim2-loop' --example w44_170_cjxl_step025_sweep -- --image 1420710 --effort 5 --distance-min 1.5 --distance-max 1.5 --distance-step 1.5 --strategy libjxl --corpus-manifest benchmarks/corpora/w44_170_varied_corpus.tsv
1420710	cid22	512	512	libjxl	5	1.7500	62376	62474	79.8273	80.0298	1.960320	2.001183	278.649	252.385	-0.157	-0.2026	-2.042	10.406	OK	89e3c405809a53c2872179d05bda80a69503b2fb	cargo run -p jxl-encoder --release --features 'parallel butteraugli-loop ssim2-loop' --example w44_170_cjxl_step025_sweep -- --image 1420710 --effort 5 --distance-min 1.75 --distance-max 1.75 --distance-step 1.75 --strategy libjxl --corpus-manifest benchmarks/corpora/w44_170_varied_corpus.tsv
1420710	cid22	512	512	libjxl	5	2.0000	55722	55662	77.4473	77.7805	2.470270	2.430695	348.984	204.242	0.108	-0.3332	1.628	70.868	OK	89e3c405809a53c2872179d05bda80a69503b2fb	cargo run -p jxl-encoder --release --features 'parallel butteraugli-loop ssim2-loop' --example w44_170_cjxl_step025_sweep -- --image 1420710 --effort 5 --distance-min 2 --distance-max 2 --distance-step 2 --strategy libjxl --corpus-manifest benchmarks/corpora/w44_170_varied_corpus.tsv
1420710	cid22	512	512	libjxl	5	2.2500	50457	49508	75.5978	75.8494	2.522412	2.579849	324.134	300.430	1.917	-0.2516	-2.226	7.890	OK	89e3c405809a53c2872179d05bda80a69503b2fb	cargo run -p jxl-encoder --release --features 'parallel butteraugli-loop ssim2-loop' --example w44_170_cjxl_step025_sweep -- --image 1420710 --effort 5 --distance-min 2.25 --distance-max 2.25 --distance-step 2.25 --strategy libjxl --corpus-manifest benchmarks/corpora/w44_170_varied_corpus.tsv
1420710	cid22	512	512	libjxl	5	2.5000	44799	44056	73.8856	73.8547	2.805989	2.977906	306.541	192.367	1.686	0.0309	-5.773	59.352	OK	89e3c405809a53c2872179d05bda80a69503b2fb	cargo run -p jxl-encoder --release --features 'parallel butteraugli-loop ssim2-loop' --example w44_170_cjxl_step025_sweep -- --image 1420710 --effort 5 --distance-min 2.5 --distance-max 2.5 --distance-step 2.5 --strategy libjxl --corpus-manifest benchmarks/corpora/w44_170_varied_corpus.tsv
1420710	cid22	512	512	libjxl	5	2.7500	41788	39532	71.9663	72.1667	3.123534	3.289352	304.593	207.550	5.707	-0.2004	-5.041	46.756	OK	89e3c405809a53c2872179d05bda80a69503b2fb	cargo run -p jxl-encoder --release --features 'parallel butteraugli-loop ssim2-loop' --example w44_170_cjxl_step025_sweep -- --image 1420710 --effort 5 --distance-min 2.75 --distance-max 2.75 --distance-step 2.75 --strategy libjxl --corpus-manifest benchmarks/corpora/w44_170_varied_corpus.tsv
1420710	cid22	512	512	libjxl	5	3.0000	36048	35879	69.8967	70.2656	3.462348	3.321720	281.406	200.612	0.471	-0.3689	4.234	40.274	OK	89e3c405809a53c2872179d05bda80a69503b2fb	cargo run -p jxl-encoder --release --features 'parallel butteraugli-loop ssim2-loop' --example w44_170_cjxl_step025_sweep -- --image 1420710 --effort 5 --distance-min 3 --distance-max 3 --distance-step 3 --strategy libjxl --corpus-manifest benchmarks/corpora/w44_170_varied_corpus.tsv
1420710	cid22	512	512	libjxl	5	3.2500	33354	32504	68.1990	68.6650	3.724435	3.668725	239.805	152.860	2.615	-0.4660	1.518	56.880	OK	89e3c405809a53c2872179d05bda80a69503b2fb	cargo run -p jxl-encoder --release --features 'parallel butteraugli-loop ssim2-loop' --example w44_170_cjxl_step025_sweep -- --image 1420710 --effort 5 --distance-min 3.25 --distance-max 3.25 --distance-step 3.25 --strategy libjxl --corpus-manifest benchmarks/corpora/w44_170_varied_corpus.tsv
1420710	cid22	512	512	libjxl	5	3.5000	32918	30422	66.7251	67.2939	3.773786	3.693478	240.932	219.181	8.205	-0.5688	2.174	9.924	OK	89e3c405809a53c2872179d05bda80a69503b2fb	cargo run -p jxl-encoder --release --features 'parallel butteraugli-loop ssim2-loop' --example w44_170_cjxl_step025_sweep -- --image 1420710 --effort 5 --distance-min 3.5 --distance-max 3.5 --distance-step 3.5 --strategy libjxl --corpus-manifest benchmarks/corpora/w44_170_varied_corpus.tsv
1420710	cid22	512	512	libjxl	5	3.7500	30664	28599	65.6324	65.9572	3.989748	3.987480	205.051	187.174	7.221	-0.3248	0.057	9.551	OK	89e3c405809a53c2872179d05bda80a69503b2fb	cargo run -p jxl-encoder --release --features 'parallel butteraugli-loop ssim2-loop' --example w44_170_cjxl_step025_sweep -- --image 1420710 --effort 5 --distance-min 3.75 --distance-max 3.75 --distance-step 3.75 --strategy libjxl --corpus-manifest benchmarks/corpora/w44_170_varied_corpus.tsv
1420710	cid22	512	512	libjxl	5	4.0000	29240	27191	64.2386	63.1105	4.050539	4.134878	480.306	259.167	7.536	1.1282	-2.040	85.327	OK	89e3c405809a53c2872179d05bda80a69503b2fb	cargo run -p jxl-encoder --release --features 'parallel butteraugli-loop ssim2-loop' --example w44_170_cjxl_step025_sweep -- --image 1420710 --effort 5 --distance-min 4 --distance-max 4 --distance-step 4 --strategy libjxl --corpus-manifest benchmarks/corpora/w44_170_varied_corpus.tsv
1420710	cid22	512	512	libjxl	5	4.2500	27902	26305	62.6640	61.6915	4.666504	4.619252	486.182	238.243	6.071	0.9725	1.023	104.070	OK	89e3c405809a53c2872179d05bda80a69503b2fb	cargo run -p jxl-encoder --release --features 'parallel butteraugli-loop ssim2-loop' --example w44_170_cjxl_step025_sweep -- --image 1420710 --effort 5 --distance-min 4.25 --distance-max 4.25 --distance-step 4.25 --strategy libjxl --corpus-manifest benchmarks/corpora/w44_170_varied_corpus.tsv
1420710	cid22	512	512	libjxl	5	4.5000	26922	25193	61.3637	60.6320	4.453164	4.334537	521.455	324.296	6.863	0.7317	2.737	60.796	OK	89e3c405809a53c2872179d05bda80a69503b2fb	cargo run -p jxl-encoder --release --features 'parallel butteraugli-loop ssim2-loop' --example w44_170_cjxl_step025_sweep -- --image 1420710 --effort 5 --distance-min 4.5 --distance-max 4.5 --distance-step 4.5 --strategy libjxl --corpus-manifest benchmarks/corpora/w44_170_varied_corpus.tsv
1420710	cid22	512	512	libjxl	5	4.7500	25856	24194	60.2591	59.3198	4.504937	4.696537	367.654	454.014	6.869	0.9393	-4.080	-19.021	OK	89e3c405809a53c2872179d05bda80a69503b2fb	cargo run -p jxl-encoder --release --features 'parallel butteraugli-loop ssim2-loop' --example w44_170_cjxl_step025_sweep -- --image 1420710 --effort 5 --distance-min 4.75 --distance-max 4.75 --distance-step 4.75 --strategy libjxl --corpus-manifest benchmarks/corpora/w44_170_varied_corpus.tsv
1420710	cid22	512	512	libjxl	5	5.0000	24951	23261	59.4827	58.0268	5.079207	4.443818	385.267	206.348	7.265	1.4559	14.298	86.707	OK	89e3c405809a53c2872179d05bda80a69503b2fb	cargo run -p jxl-encoder --release --features 'parallel butteraugli-loop ssim2-loop' --example w44_170_cjxl_step025_sweep -- --image 1420710 --effort 5 --distance-min 5 --distance-max 5 --distance-step 5 --strategy libjxl --corpus-manifest benchmarks/corpora/w44_170_varied_corpus.tsv
1420710	cid22	512	512	libjxl	6	0.2500	184051	183561	94.1329	94.1379	0.498971	0.500593	339.048	336.061	0.267	-0.0049	-0.324	0.889	OK	89e3c405809a53c2872179d05bda80a69503b2fb	cargo run -p jxl-encoder --release --features 'parallel butteraugli-loop ssim2-loop' --example w44_170_cjxl_step025_sweep -- --image 1420710 --effort 6 --distance-min 0.25 --distance-max 0.25 --distance-step 0.25 --strategy libjxl --corpus-manifest benchmarks/corpora/w44_170_varied_corpus.tsv
1420710	cid22	512	512	libjxl	6	0.5000	134779	134672	91.4890	91.5530	0.778299	0.773514	296.028	329.438	0.079	-0.0640	0.619	-10.141	OK	89e3c405809a53c2872179d05bda80a69503b2fb	cargo run -p jxl-encoder --release --features 'parallel butteraugli-loop ssim2-loop' --example w44_170_cjxl_step025_sweep -- --image 1420710 --effort 6 --distance-min 0.5 --distance-max 0.5 --distance-step 0.5 --strategy libjxl --corpus-manifest benchmarks/corpora/w44_170_varied_corpus.tsv
1420710	cid22	512	512	libjxl	6	0.7500	109312	109626	89.0351	89.0361	0.932298	0.942133	354.466	623.893	-0.286	-0.0010	-1.044	-43.185	OK	89e3c405809a53c2872179d05bda80a69503b2fb	cargo run -p jxl-encoder --release --features 'parallel butteraugli-loop ssim2-loop' --example w44_170_cjxl_step025_sweep -- --image 1420710 --effort 6 --distance-min 0.75 --distance-max 0.75 --distance-step 0.75 --strategy libjxl --corpus-manifest benchmarks/corpora/w44_170_varied_corpus.tsv
1420710	cid22	512	512	libjxl	6	1.0000	91991	92416	86.6119	86.7442	1.203190	1.211805	403.305	469.635	-0.460	-0.1323	-0.711	-14.124	OK	89e3c405809a53c2872179d05bda80a69503b2fb	cargo run -p jxl-encoder --release --features 'parallel butteraugli-loop ssim2-loop' --example w44_170_cjxl_step025_sweep -- --image 1420710 --effort 6 --distance-min 1 --distance-max 1 --distance-step 1 --strategy libjxl --corpus-manifest benchmarks/corpora/w44_170_varied_corpus.tsv
1420710	cid22	512	512	libjxl	6	1.2500	79332	79796	84.1121	84.3606	1.505815	1.525527	320.595	391.202	-0.581	-0.2486	-1.292	-18.049	OK	89e3c405809a53c2872179d05bda80a69503b2fb	cargo run -p jxl-encoder --release --features 'parallel butteraugli-loop ssim2-loop' --example w44_170_cjxl_step025_sweep -- --image 1420710 --effort 6 --distance-min 1.25 --distance-max 1.25 --distance-step 1.25 --strategy libjxl --corpus-manifest benchmarks/corpora/w44_170_varied_corpus.tsv
1420710	cid22	512	512	libjxl	6	1.5000	69826	70316	81.9571	82.2518	1.769625	1.784778	370.568	330.520	-0.697	-0.2947	-0.849	12.117	OK	89e3c405809a53c2872179d05bda80a69503b2fb	cargo run -p jxl-encoder --release --features 'parallel butteraugli-loop ssim2-loop' --example w44_170_cjxl_step025_sweep -- --image 1420710 --effort 6 --distance-min 1.5 --distance-max 1.5 --distance-step 1.5 --strategy libjxl --corpus-manifest benchmarks/corpora/w44_170_varied_corpus.tsv
1420710	cid22	512	512	libjxl	6	1.7500	62241	62540	79.7127	80.0106	2.002382	2.022210	320.532	429.137	-0.478	-0.2979	-0.981	-25.308	OK	89e3c405809a53c2872179d05bda80a69503b2fb	cargo run -p jxl-encoder --release --features 'parallel butteraugli-loop ssim2-loop' --example w44_170_cjxl_step025_sweep -- --image 1420710 --effort 6 --distance-min 1.75 --distance-max 1.75 --distance-step 1.75 --strategy libjxl --corpus-manifest benchmarks/corpora/w44_170_varied_corpus.tsv
1420710	cid22	512	512	libjxl	6	2.0000	55781	55940	77.4717	77.8710	2.310382	2.336734	323.805	382.265	-0.284	-0.3993	-1.128	-15.293	OK	89e3c405809a53c2872179d05bda80a69503b2fb	cargo run -p jxl-encoder --release --features 'parallel butteraugli-loop ssim2-loop' --example w44_170_cjxl_step025_sweep -- --image 1420710 --effort 6 --distance-min 2 --distance-max 2 --distance-step 2 --strategy libjxl --corpus-manifest benchmarks/corpora/w44_170_varied_corpus.tsv
1420710	cid22	512	512	libjxl	6	2.2500	50465	49800	75.5642	75.9539	2.519142	2.584845	324.715	392.580	1.335	-0.3897	-2.542	-17.287	OK	89e3c405809a53c2872179d05bda80a69503b2fb	cargo run -p jxl-encoder --release --features 'parallel butteraugli-loop ssim2-loop' --example w44_170_cjxl_step025_sweep -- --image 1420710 --effort 6 --distance-min 2.25 --distance-max 2.25 --distance-step 2.25 --strategy libjxl --corpus-manifest benchmarks/corpora/w44_170_varied_corpus.tsv
1420710	cid22	512	512	libjxl	6	2.5000	44948	44313	73.9663	73.8801	2.806531	2.824249	315.370	367.030	1.433	0.0862	-0.627	-14.075	OK	89e3c405809a53c2872179d05bda80a69503b2fb	cargo run -p jxl-encoder --release --features 'parallel butteraugli-loop ssim2-loop' --example w44_170_cjxl_step025_sweep -- --image 1420710 --effort 6 --distance-min 2.5 --distance-max 2.5 --distance-step 2.5 --strategy libjxl --corpus-manifest benchmarks/corpora/w44_170_varied_corpus.tsv
1420710	cid22	512	512	libjxl	6	2.7500	41414	40162	72.1118	72.6379	3.123791	3.148883	223.929	371.917	3.117	-0.5262	-0.797	-39.791	OK	89e3c405809a53c2872179d05bda80a69503b2fb	cargo run -p jxl-encoder --release --features 'parallel butteraugli-loop ssim2-loop' --example w44_170_cjxl_step025_sweep -- --image 1420710 --effort 6 --distance-min 2.75 --distance-max 2.75 --distance-step 2.75 --strategy libjxl --corpus-manifest benchmarks/corpora/w44_170_varied_corpus.tsv
1420710	cid22	512	512	libjxl	6	3.0000	38178	36567	70.0007	70.6345	3.452166	3.524226	366.507	490.971	4.406	-0.6338	-2.045	-25.351	OK	89e3c405809a53c2872179d05bda80a69503b2fb	cargo run -p jxl-encoder --release --features 'parallel butteraugli-loop ssim2-loop' --example w44_170_cjxl_step025_sweep -- --image 1420710 --effort 6 --distance-min 3 --distance-max 3 --distance-step 3 --strategy libjxl --corpus-manifest benchmarks/corpora/w44_170_varied_corpus.tsv
1420710	cid22	512	512	libjxl	6	3.2500	33654	33252	68.2474	69.1466	3.724431	3.445857	291.821	397.228	1.209	-0.8992	8.084	-26.536	OK	89e3c405809a53c2872179d05bda80a69503b2fb	cargo run -p jxl-encoder --release --features 'parallel butteraugli-loop ssim2-loop' --example w44_170_cjxl_step025_sweep -- --image 1420710 --effort 6 --distance-min 3.25 --distance-max 3.25 --distance-step 3.25 --strategy libjxl --corpus-manifest benchmarks/corpora/w44_170_varied_corpus.tsv
1420710	cid22	512	512	libjxl	6	3.5000	32156	31055	66.7678	67.5926	3.773590	3.541120	347.320	347.229	3.545	-0.8248	6.565	0.026	OK	89e3c405809a53c2872179d05bda80a69503b2fb	cargo run -p jxl-encoder --release --features 'parallel butteraugli-loop ssim2-loop' --example w44_170_cjxl_step025_sweep -- --image 1420710 --effort 6 --distance-min 3.5 --distance-max 3.5 --distance-step 3.5 --strategy libjxl --corpus-manifest benchmarks/corpora/w44_170_varied_corpus.tsv
1420710	cid22	512	512	libjxl	6	3.7500	30764	29215	65.6405	66.5052	3.991089	3.984661	322.537	549.207	5.302	-0.8647	0.161	-41.272	OK	89e3c405809a53c2872179d05bda80a69503b2fb	cargo run -p jxl-encoder --release --features 'parallel butteraugli-loop ssim2-loop' --example w44_170_cjxl_step025_sweep -- --image 1420710 --effort 6 --distance-min 3.75 --distance-max 3.75 --distance-step 3.75 --strategy libjxl --corpus-manifest benchmarks/corpora/w44_170_varied_corpus.tsv
1420710	cid22	512	512	libjxl	6	4.0000	29320	27931	64.2201	65.1915	4.051125	3.956807	485.503	484.190	4.973	-0.9714	2.384	0.271	OK	89e3c405809a53c2872179d05bda80a69503b2fb	cargo run -p jxl-encoder --release --features 'parallel butteraugli-loop ssim2-loop' --example w44_170_cjxl_step025_sweep -- --image 1420710 --effort 6 --distance-min 4 --distance-max 4 --distance-step 4 --strategy libjxl --corpus-manifest benchmarks/corpora/w44_170_varied_corpus.tsv
1420710	cid22	512	512	libjxl	6	4.2500	28112	26795	62.7029	63.7753	4.666504	4.314613	366.725	361.519	4.915	-1.0724	8.156	1.440	OK	89e3c405809a53c2872179d05bda80a69503b2fb	cargo run -p jxl-encoder --release --features 'parallel butteraugli-loop ssim2-loop' --example w44_170_cjxl_step025_sweep -- --image 1420710 --effort 6 --distance-min 4.25 --distance-max 4.25 --distance-step 4.25 --strategy libjxl --corpus-manifest benchmarks/corpora/w44_170_varied_corpus.tsv
1420710	cid22	512	512	libjxl	6	4.5000	26801	25735	61.3986	62.5868	4.453164	4.516955	490.442	373.647	4.142	-1.1883	-1.412	31.258	OK	89e3c405809a53c2872179d05bda80a69503b2fb	cargo run -p jxl-encoder --release --features 'parallel butteraugli-loop ssim2-loop' --example w44_170_cjxl_step025_sweep -- --image 1420710 --effort 6 --distance-min 4.5 --distance-max 4.5 --distance-step 4.5 --strategy libjxl --corpus-manifest benchmarks/corpora/w44_170_varied_corpus.tsv
1420710	cid22	512	512	libjxl	6	4.7500	25935	24642	60.2757	61.8352	4.504937	4.245632	388.262	406.608	5.247	-1.5595	6.108	-4.512	OK	89e3c405809a53c2872179d05bda80a69503b2fb	cargo run -p jxl-encoder --release --features 'parallel butteraugli-loop ssim2-loop' --example w44_170_cjxl_step025_sweep -- --image 1420710 --effort 6 --distance-min 4.75 --distance-max 4.75 --distance-step 4.75 --strategy libjxl --corpus-manifest benchmarks/corpora/w44_170_varied_corpus.tsv
1420710	cid22	512	512	libjxl	6	5.0000	25167	23643	59.4934	60.8768	5.079207	4.526969	361.991	379.065	6.446	-1.3834	12.199	-4.504	OK	89e3c405809a53c2872179d05bda80a69503b2fb	cargo run -p jxl-encoder --release --features 'parallel butteraugli-loop ssim2-loop' --example w44_170_cjxl_step025_sweep -- --image 1420710 --effort 6 --distance-min 5 --distance-max 5 --distance-step 5 --strategy libjxl --corpus-manifest benchmarks/corpora/w44_170_varied_corpus.tsv
1420710	cid22	512	512	libjxl	7	0.2500	185455	183612	93.9280	94.0970	0.498971	0.500593	298.757	297.569	1.004	-0.1690	-0.324	0.399	OK	89e3c405809a53c2872179d05bda80a69503b2fb	cargo run -p jxl-encoder --release --features 'parallel butteraugli-loop ssim2-loop' --example w44_170_cjxl_step025_sweep -- --image 1420710 --effort 7 --distance-min 0.25 --distance-max 0.25 --distance-step 0.25 --strategy libjxl --corpus-manifest benchmarks/corpora/w44_170_varied_corpus.tsv
1420710	cid22	512	512	libjxl	7	0.5000	135967	134670	91.1693	91.5814	0.777757	0.773057	339.560	373.243	0.963	-0.4121	0.608	-9.024	OK	89e3c405809a53c2872179d05bda80a69503b2fb	cargo run -p jxl-encoder --release --features 'parallel butteraugli-loop ssim2-loop' --example w44_170_cjxl_step025_sweep -- --image 1420710 --effort 7 --distance-min 0.5 --distance-max 0.5 --distance-step 0.5 --strategy libjxl --corpus-manifest benchmarks/corpora/w44_170_varied_corpus.tsv
1420710	cid22	512	512	libjxl	7	0.7500	109819	109648	88.7032	89.0469	0.932298	0.942133	370.674	443.539	0.156	-0.3437	-1.044	-16.428	OK	89e3c405809a53c2872179d05bda80a69503b2fb	cargo run -p jxl-encoder --release --features 'parallel butteraugli-loop ssim2-loop' --example w44_170_cjxl_step025_sweep -- --image 1420710 --effort 7 --distance-min 0.75 --distance-max 0.75 --distance-step 0.75 --strategy libjxl --corpus-manifest benchmarks/corpora/w44_170_varied_corpus.tsv
1420710	cid22	512	512	libjxl	7	1.0000	93538	92420	85.7988	86.7500	1.232441	1.211805	431.410	482.576	1.210	-0.9512	1.703	-10.603	OK	89e3c405809a53c2872179d05bda80a69503b2fb	cargo run -p jxl-encoder --release --features 'parallel butteraugli-loop ssim2-loop' --example w44_170_cjxl_step025_sweep -- --image 1420710 --effort 7 --distance-min 1 --distance-max 1 --distance-step 1 --strategy libjxl --corpus-manifest benchmarks/corpora/w44_170_varied_corpus.tsv
1420710	cid22	512	512	libjxl	7	1.2500	79892	79798	83.2476	84.3695	1.505096	1.525527	403.428	430.525	0.118	-1.1219	-1.339	-6.294	OK	89e3c405809a53c2872179d05bda80a69503b2fb	cargo run -p jxl-encoder --release --features 'parallel butteraugli-loop ssim2-loop' --example w44_170_cjxl_step025_sweep -- --image 1420710 --effort 7 --distance-min 1.25 --distance-max 1.25 --distance-step 1.25 --strategy libjxl --corpus-manifest benchmarks/corpora/w44_170_varied_corpus.tsv
1420710	cid22	512	512	libjxl	7	1.5000	70441	70295	80.6405	82.2420	1.769682	1.784778	400.800	560.722	0.208	-1.6015	-0.846	-28.521	OK	89e3c405809a53c2872179d05bda80a69503b2fb	cargo run -p jxl-encoder --release --features 'parallel butteraugli-loop ssim2-loop' --example w44_170_cjxl_step025_sweep -- --image 1420710 --effort 7 --distance-min 1.5 --distance-max 1.5 --distance-step 1.5 --strategy libjxl --corpus-manifest benchmarks/corpora/w44_170_varied_corpus.tsv
1420710	cid22	512	512	libjxl	7	1.7500	62920	62534	78.0826	80.0234	2.017322	2.022210	382.011	697.659	0.617	-1.9408	-0.242	-45.244	OK	89e3c405809a53c2872179d05bda80a69503b2fb	cargo run -p jxl-encoder --release --features 'parallel butteraugli-loop ssim2-loop' --example w44_170_cjxl_step025_sweep -- --image 1420710 --effort 7 --distance-min 1.75 --distance-max 1.75 --distance-step 1.75 --strategy libjxl --corpus-manifest benchmarks/corpora/w44_170_varied_corpus.tsv
1420710	cid22	512	512	libjxl	7	2.0000	57457	55869	75.2536	77.8999	2.318490	2.336734	356.446	464.620	2.842	-2.6463	-0.781	-23.282	OK	89e3c405809a53c2872179d05bda80a69503b2fb	cargo run -p jxl-encoder --release --features 'parallel butteraugli-loop ssim2-loop' --example w44_170_cjxl_step025_sweep -- --image 1420710 --effort 7 --distance-min 2 --distance-max 2 --distance-step 2 --strategy libjxl --corpus-manifest benchmarks/corpora/w44_170_varied_corpus.tsv
1420710	cid22	512	512	libjxl	7	2.2500	51386	49788	73.3507	75.9542	2.519364	2.584845	398.833	449.536	3.210	-2.6034	-2.533	-11.279	OK	89e3c405809a53c2872179d05bda80a69503b2fb	cargo run -p jxl-encoder --release --features 'parallel butteraugli-loop ssim2-loop' --example w44_170_cjxl_step025_sweep -- --image 1420710 --effort 7 --distance-min 2.25 --distance-max 2.25 --distance-step 2.25 --strategy libjxl --corpus-manifest benchmarks/corpora/w44_170_varied_corpus.tsv
1420710	cid22	512	512	libjxl	7	2.5000	46806	44315	69.7819	73.8919	3.436361	2.824249	364.406	404.800	5.621	-4.1100	21.673	-9.979	OK	89e3c405809a53c2872179d05bda80a69503b2fb	cargo run -p jxl-encoder --release --features 'parallel butteraugli-loop ssim2-loop' --example w44_170_cjxl_step025_sweep -- --image 1420710 --effort 7 --distance-min 2.5 --distance-max 2.5 --distance-step 2.5 --strategy libjxl --corpus-manifest benchmarks/corpora/w44_170_varied_corpus.tsv
1420710	cid22	512	512	libjxl	7	2.7500	43898	40193	67.4466	72.6327	3.540681	3.148883	313.027	565.323	9.218	-5.1862	12.442	-44.629	OK	89e3c405809a53c2872179d05bda80a69503b2fb	cargo run -p jxl-encoder --release --features 'parallel butteraugli-loop ssim2-loop' --example w44_170_cjxl_step025_sweep -- --image 1420710 --effort 7 --distance-min 2.75 --distance-max 2.75 --distance-step 2.75 --strategy libjxl --corpus-manifest benchmarks/corpora/w44_170_varied_corpus.tsv
1420710	cid22	512	512	libjxl	7	3.0000	39884	36567	65.3933	70.6436	3.597054	3.524226	436.466	466.503	9.071	-5.2503	2.067	-6.439	OK	89e3c405809a53c2872179d05bda80a69503b2fb	cargo run -p jxl-encoder --release --features 'parallel butteraugli-loop ssim2-loop' --example w44_170_cjxl_step025_sweep -- --image 1420710 --effort 7 --distance-min 3 --distance-max 3 --distance-step 3 --strategy libjxl --corpus-manifest benchmarks/corpora/w44_170_varied_corpus.tsv
1420710	cid22	512	512	libjxl	7	3.2500	35947	33238	60.7832	69.1099	4.364094	3.445857	332.587	486.658	8.150	-8.3267	26.648	-31.659	OK	89e3c405809a53c2872179d05bda80a69503b2fb	cargo run -p jxl-encoder --release --features 'parallel butteraugli-loop ssim2-loop' --example w44_170_cjxl_step025_sweep -- --image 1420710 --effort 7 --distance-min 3.25 --distance-max 3.25 --distance-step 3.25 --strategy libjxl --corpus-manifest benchmarks/corpora/w44_170_varied_corpus.tsv
1420710	cid22	512	512	libjxl	7	3.5000	34787	31055	58.5741	67.5926	4.763315	3.541120	349.227	374.515	12.017	-9.0185	34.514	-6.752	OK	89e3c405809a53c2872179d05bda80a69503b2fb	cargo run -p jxl-encoder --release --features 'parallel butteraugli-loop ssim2-loop' --example w44_170_cjxl_step025_sweep -- --image 1420710 --effort 7 --distance-min 3.5 --distance-max 3.5 --distance-step 3.5 --strategy libjxl --corpus-manifest benchmarks/corpora/w44_170_varied_corpus.tsv
1420710	cid22	512	512	libjxl	7	3.7500	33657	29213	56.5607	66.4818	4.827367	3.984661	334.557	615.474	15.212	-9.9210	21.149	-45.642	OK	89e3c405809a53c2872179d05bda80a69503b2fb	cargo run -p jxl-encoder --release --features 'parallel butteraugli-loop ssim2-loop' --example w44_170_cjxl_step025_sweep -- --image 1420710 --effort 7 --distance-min 3.75 --distance-max 3.75 --distance-step 3.75 --strategy libjxl --corpus-manifest benchmarks/corpora/w44_170_varied_corpus.tsv
1420710	cid22	512	512	libjxl	7	4.0000	32357	27929	54.7291	65.1841	4.815988	3.956807	460.857	464.929	15.854	-10.4550	21.714	-0.876	OK	89e3c405809a53c2872179d05bda80a69503b2fb	cargo run -p jxl-encoder --release --features 'parallel butteraugli-loop ssim2-loop' --example w44_170_cjxl_step025_sweep -- --image 1420710 --effort 7 --distance-min 4 --distance-max 4 --distance-step 4 --strategy libjxl --corpus-manifest benchmarks/corpora/w44_170_varied_corpus.tsv
1420710	cid22	512	512	libjxl	7	4.2500	31597	26795	52.6970	63.7753	4.774445	4.314613	504.506	463.263	17.921	-11.0783	10.658	8.903	OK	89e3c405809a53c2872179d05bda80a69503b2fb	cargo run -p jxl-encoder --release --features 'parallel butteraugli-loop ssim2-loop' --example w44_170_cjxl_step025_sweep -- --image 1420710 --effort 7 --distance-min 4.25 --distance-max 4.25 --distance-step 4.25 --strategy libjxl --corpus-manifest benchmarks/corpora/w44_170_varied_corpus.tsv
1420710	cid22	512	512	libjxl	7	4.5000	30191	25734	51.0921	62.5757	4.825093	4.516955	480.109	295.868	17.319	-11.4835	6.822	62.271	OK	89e3c405809a53c2872179d05bda80a69503b2fb	cargo run -p jxl-encoder --release --features 'parallel butteraugli-loop ssim2-loop' --example w44_170_cjxl_step025_sweep -- --image 1420710 --effort 7 --distance-min 4.5 --distance-max 4.5 --distance-step 4.5 --strategy libjxl --corpus-manifest benchmarks/corpora/w44_170_varied_corpus.tsv
1420710	cid22	512	512	libjxl	7	4.7500	29242	24642	49.2170	61.8352	5.093436	4.245632	417.883	338.806	18.667	-12.6182	19.969	23.340	OK	89e3c405809a53c2872179d05bda80a69503b2fb	cargo run -p jxl-encoder --release --features 'parallel butteraugli-loop ssim2-loop' --example w44_170_cjxl_step025_sweep -- --image 1420710 --effort 7 --distance-min 4.75 --distance-max 4.75 --distance-step 4.75 --strategy libjxl --corpus-manifest benchmarks/corpora/w44_170_varied_corpus.tsv
1420710	cid22	512	512	libjxl	7	5.0000	28478	23643	48.3532	60.8768	6.140336	4.526969	364.469	479.102	20.450	-12.5236	35.639	-23.927	OK	89e3c405809a53c2872179d05bda80a69503b2fb	cargo run -p jxl-encoder --release --features 'parallel butteraugli-loop ssim2-loop' --example w44_170_cjxl_step025_sweep -- --image 1420710 --effort 7 --distance-min 5 --distance-max 5 --distance-step 5 --strategy libjxl --corpus-manifest benchmarks/corpora/w44_170_varied_corpus.tsv
1420710	cid22	512	512	libjxl	8	0.2500	195763	193955	94.3653	94.4701	0.392974	0.365015	1355.965	1729.984	0.932	-0.1048	7.660	-21.620	OK	89e3c405809a53c2872179d05bda80a69503b2fb	cargo run -p jxl-encoder --release --features 'parallel butteraugli-loop ssim2-loop' --example w44_170_cjxl_step025_sweep -- --image 1420710 --effort 8 --distance-min 0.25 --distance-max 0.25 --distance-step 0.25 --strategy libjxl --corpus-manifest benchmarks/corpora/w44_170_varied_corpus.tsv
1420710	cid22	512	512	libjxl	8	0.5000	139374	137953	91.4689	91.7494	0.704030	0.697580	1144.611	1366.208	1.030	-0.2805	0.925	-16.220	OK	89e3c405809a53c2872179d05bda80a69503b2fb	cargo run -p jxl-encoder --release --features 'parallel butteraugli-loop ssim2-loop' --example w44_170_cjxl_step025_sweep -- --image 1420710 --effort 8 --distance-min 0.5 --distance-max 0.5 --distance-step 0.5 --strategy libjxl --corpus-manifest benchmarks/corpora/w44_170_varied_corpus.tsv
1420710	cid22	512	512	libjxl	8	0.7500	106035	106003	88.1157	88.6881	0.940935	0.938008	1588.796	1623.347	0.030	-0.5724	0.312	-2.128	OK	89e3c405809a53c2872179d05bda80a69503b2fb	cargo run -p jxl-encoder --release --features 'parallel butteraugli-loop ssim2-loop' --example w44_170_cjxl_step025_sweep -- --image 1420710 --effort 8 --distance-min 0.75 --distance-max 0.75 --distance-step 0.75 --strategy libjxl --corpus-manifest benchmarks/corpora/w44_170_varied_corpus.tsv
1420710	cid22	512	512	libjxl	8	1.0000	89533	88485	85.2705	86.1693	1.302866	1.335591	1475.797	1749.656	1.184	-0.8988	-2.450	-15.652	OK	89e3c405809a53c2872179d05bda80a69503b2fb	cargo run -p jxl-encoder --release --features 'parallel butteraugli-loop ssim2-loop' --example w44_170_cjxl_step025_sweep -- --image 1420710 --effort 8 --distance-min 1 --distance-max 1 --distance-step 1 --strategy libjxl --corpus-manifest benchmarks/corpora/w44_170_varied_corpus.tsv
1420710	cid22	512	512	libjxl	8	1.2500	75821	75801	82.5037	83.5073	1.674684	1.675465	1483.438	1975.813	0.026	-1.0036	-0.047	-24.920	OK	89e3c405809a53c2872179d05bda80a69503b2fb	cargo run -p jxl-encoder --release --features 'parallel butteraugli-loop ssim2-loop' --example w44_170_cjxl_step025_sweep -- --image 1420710 --effort 8 --distance-min 1.25 --distance-max 1.25 --distance-step 1.25 --strategy libjxl --corpus-manifest benchmarks/corpora/w44_170_varied_corpus.tsv
1420710	cid22	512	512	libjxl	8	1.5000	66485	66535	79.7087	81.2347	1.749126	1.762561	1250.263	1846.832	-0.075	-1.5260	-0.762	-32.302	OK	89e3c405809a53c2872179d05bda80a69503b2fb	cargo run -p jxl-encoder --release --features 'parallel butteraugli-loop ssim2-loop' --example w44_170_cjxl_step025_sweep -- --image 1420710 --effort 8 --distance-min 1.5 --distance-max 1.5 --distance-step 1.5 --strategy libjxl --corpus-manifest benchmarks/corpora/w44_170_varied_corpus.tsv
1420710	cid22	512	512	libjxl	8	1.7500	58979	58868	76.7956	79.0781	2.030534	1.923471	1596.149	1767.733	0.189	-2.2825	5.566	-9.706	OK	89e3c405809a53c2872179d05bda80a69503b2fb	cargo run -p jxl-encoder --release --features 'parallel butteraugli-loop ssim2-loop' --example w44_170_cjxl_step025_sweep -- --image 1420710 --effort 8 --distance-min 1.75 --distance-max 1.75 --distance-step 1.75 --strategy libjxl --corpus-manifest benchmarks/corpora/w44_170_varied_corpus.tsv
1420710	cid22	512	512	libjxl	8	2.0000	53705	52481	74.2937	77.0121	2.321538	2.495016	1746.054	1827.897	2.332	-2.7184	-6.953	-4.477	OK	89e3c405809a53c2872179d05bda80a69503b2fb	cargo run -p jxl-encoder --release --features 'parallel butteraugli-loop ssim2-loop' --example w44_170_cjxl_step025_sweep -- --image 1420710 --effort 8 --distance-min 2 --distance-max 2 --distance-step 2 --strategy libjxl --corpus-manifest benchmarks/corpora/w44_170_varied_corpus.tsv
1420710	cid22	512	512	libjxl	8	2.2500	48191	47006	72.0814	74.9406	2.656465	2.504970	1507.040	1471.145	2.521	-2.8591	6.048	2.440	OK	89e3c405809a53c2872179d05bda80a69503b2fb	cargo run -p jxl-encoder --release --features 'parallel butteraugli-loop ssim2-loop' --example w44_170_cjxl_step025_sweep -- --image 1420710 --effort 8 --distance-min 2.25 --distance-max 2.25 --distance-step 2.25 --strategy libjxl --corpus-manifest benchmarks/corpora/w44_170_varied_corpus.tsv
1420710	cid22	512	512	libjxl	8	2.5000	43609	41773	68.4998	72.9656	3.071801	2.975180	1519.728	1400.885	4.395	-4.4658	3.248	8.483	OK	89e3c405809a53c2872179d05bda80a69503b2fb	cargo run -p jxl-encoder --release --features 'parallel butteraugli-loop ssim2-loop' --example w44_170_cjxl_step025_sweep -- --image 1420710 --effort 8 --distance-min 2.5 --distance-max 2.5 --distance-step 2.5 --strategy libjxl --corpus-manifest benchmarks/corpora/w44_170_varied_corpus.tsv
1420710	cid22	512	512	libjxl	8	2.7500	41115	37662	66.3928	71.1771	3.372736	3.195005	1215.115	1310.773	9.168	-4.7843	5.563	-7.298	OK	89e3c405809a53c2872179d05bda80a69503b2fb	cargo run -p jxl-encoder --release --features 'parallel butteraugli-loop ssim2-loop' --example w44_170_cjxl_step025_sweep -- --image 1420710 --effort 8 --distance-min 2.75 --distance-max 2.75 --distance-step 2.75 --strategy libjxl --corpus-manifest benchmarks/corpora/w44_170_varied_corpus.tsv
1420710	cid22	512	512	libjxl	8	3.0000	37483	34454	64.3620	69.4006	3.288696	3.360425	1775.835	1638.836	8.791	-5.0386	-2.135	8.360	OK	89e3c405809a53c2872179d05bda80a69503b2fb	cargo run -p jxl-encoder --release --features 'parallel butteraugli-loop ssim2-loop' --example w44_170_cjxl_step025_sweep -- --image 1420710 --effort 8 --distance-min 3 --distance-max 3 --distance-step 3 --strategy libjxl --corpus-manifest benchmarks/corpora/w44_170_varied_corpus.tsv
1420710	cid22	512	512	libjxl	8	3.2500	35182	31485	60.6968	67.9636	3.738178	3.601276	2150.294	1868.821	11.742	-7.2668	3.801	15.062	OK	89e3c405809a53c2872179d05bda80a69503b2fb	cargo run -p jxl-encoder --release --features 'parallel butteraugli-loop ssim2-loop' --example w44_170_cjxl_step025_sweep -- --image 1420710 --effort 8 --distance-min 3.25 --distance-max 3.25 --distance-step 3.25 --strategy libjxl --corpus-manifest benchmarks/corpora/w44_170_varied_corpus.tsv
1420710	cid22	512	512	libjxl	8	3.5000	33171	29285	58.3388	66.3792	4.421965	3.861942	1581.275	1793.447	13.270	-8.0404	14.501	-11.830	OK	89e3c405809a53c2872179d05bda80a69503b2fb	cargo run -p jxl-encoder --release --features 'parallel butteraugli-loop ssim2-loop' --example w44_170_cjxl_step025_sweep -- --image 1420710 --effort 8 --distance-min 3.5 --distance-max 3.5 --distance-step 3.5 --strategy libjxl --corpus-manifest benchmarks/corpora/w44_170_varied_corpus.tsv
1420710	cid22	512	512	libjxl	8	3.7500	32540	27562	56.3660	65.2067	4.248943	4.242418	1361.849	1829.318	18.061	-8.8407	0.154	-25.554	OK	89e3c405809a53c2872179d05bda80a69503b2fb	cargo run -p jxl-encoder --release --features 'parallel butteraugli-loop ssim2-loop' --example w44_170_cjxl_step025_sweep -- --image 1420710 --effort 8 --distance-min 3.75 --distance-max 3.75 --distance-step 3.75 --strategy libjxl --corpus-manifest benchmarks/corpora/w44_170_varied_corpus.tsv
1420710	cid22	512	512	libjxl	8	4.0000	30488	26257	53.6531	63.4660	4.570578	4.322836	1308.682	1388.988	16.114	-9.8129	5.731	-5.782	OK	89e3c405809a53c2872179d05bda80a69503b2fb	cargo run -p jxl-encoder --release --features 'parallel butteraugli-loop ssim2-loop' --example w44_170_cjxl_step025_sweep -- --image 1420710 --effort 8 --distance-min 4 --distance-max 4 --distance-step 4 --strategy libjxl --corpus-manifest benchmarks/corpora/w44_170_varied_corpus.tsv
1420710	cid22	512	512	libjxl	8	4.2500	29465	25098	51.8696	62.2145	4.675095	4.526469	1280.791	1833.974	17.400	-10.3449	3.283	-30.163	OK	89e3c405809a53c2872179d05bda80a69503b2fb	cargo run -p jxl-encoder --release --features 'parallel butteraugli-loop ssim2-loop' --example w44_170_cjxl_step025_sweep -- --image 1420710 --effort 8 --distance-min 4.25 --distance-max 4.25 --distance-step 4.25 --strategy libjxl --corpus-manifest benchmarks/corpora/w44_170_varied_corpus.tsv
1420710	cid22	512	512	libjxl	8	4.5000	28673	24058	49.6041	61.0818	5.007269	4.614526	1644.697	1575.369	19.183	-11.4777	8.511	4.401	OK	89e3c405809a53c2872179d05bda80a69503b2fb	cargo run -p jxl-encoder --release --features 'parallel butteraugli-loop ssim2-loop' --example w44_170_cjxl_step025_sweep -- --image 1420710 --effort 8 --distance-min 4.5 --distance-max 4.5 --distance-step 4.5 --strategy libjxl --corpus-manifest benchmarks/corpora/w44_170_varied_corpus.tsv
1420710	cid22	512	512	libjxl	8	4.7500	27018	22854	47.7343	59.7848	5.542870	4.742850	1343.811	1289.417	18.220	-12.0506	16.868	4.218	OK	89e3c405809a53c2872179d05bda80a69503b2fb	cargo run -p jxl-encoder --release --features 'parallel butteraugli-loop ssim2-loop' --example w44_170_cjxl_step025_sweep -- --image 1420710 --effort 8 --distance-min 4.75 --distance-max 4.75 --distance-step 4.75 --strategy libjxl --corpus-manifest benchmarks/corpora/w44_170_varied_corpus.tsv
1420710	cid22	512	512	libjxl	8	5.0000	26270	21814	46.3153	58.8165	5.867476	5.255217	1170.816	1704.526	20.427	-12.5011	11.650	-31.311	OK	89e3c405809a53c2872179d05bda80a69503b2fb	cargo run -p jxl-encoder --release --features 'parallel butteraugli-loop ssim2-loop' --example w44_170_cjxl_step025_sweep -- --image 1420710 --effort 8 --distance-min 5 --distance-max 5 --distance-step 5 --strategy libjxl --corpus-manifest benchmarks/corpora/w44_170_varied_corpus.tsv
1420710	cid22	512	512	libjxl	9	0.2500	199065	196279	94.4758	94.5321	0.291195	0.330995	3816.801	2544.247	1.419	-0.0563	-12.024	50.017	OK	89e3c405809a53c2872179d05bda80a69503b2fb	cargo run -p jxl-encoder --release --features 'parallel butteraugli-loop ssim2-loop' --example w44_170_cjxl_step025_sweep -- --image 1420710 --effort 9 --distance-min 0.25 --distance-max 0.25 --distance-step 0.25 --strategy libjxl --corpus-manifest benchmarks/corpora/w44_170_varied_corpus.tsv
1420710	cid22	512	512	libjxl	9	0.5000	141180	138885	91.5671	91.8564	0.590063	0.614729	2843.218	2252.104	1.652	-0.2893	-4.013	26.247	OK	89e3c405809a53c2872179d05bda80a69503b2fb	cargo run -p jxl-encoder --release --features 'parallel butteraugli-loop ssim2-loop' --example w44_170_cjxl_step025_sweep -- --image 1420710 --effort 9 --distance-min 0.5 --distance-max 0.5 --distance-step 0.5 --strategy libjxl --corpus-manifest benchmarks/corpora/w44_170_varied_corpus.tsv
1420710	cid22	512	512	libjxl	9	0.7500	106684	106104	88.1859	88.6333	0.807223	0.806565	2083.008	2422.250	0.547	-0.4474	0.082	-14.005	OK	89e3c405809a53c2872179d05bda80a69503b2fb	cargo run -p jxl-encoder --release --features 'parallel butteraugli-loop ssim2-loop' --example w44_170_cjxl_step025_sweep -- --image 1420710 --effort 9 --distance-min 0.75 --distance-max 0.75 --distance-step 0.75 --strategy libjxl --corpus-manifest benchmarks/corpora/w44_170_varied_corpus.tsv
1420710	cid22	512	512	libjxl	9	1.0000	90105	88544	85.3338	86.1200	1.105390	1.097700	2001.961	2618.821	1.763	-0.7862	0.700	-23.555	OK	89e3c405809a53c2872179d05bda80a69503b2fb	cargo run -p jxl-encoder --release --features 'parallel butteraugli-loop ssim2-loop' --example w44_170_cjxl_step025_sweep -- --image 1420710 --effort 9 --distance-min 1 --distance-max 1 --distance-step 1 --strategy libjxl --corpus-manifest benchmarks/corpora/w44_170_varied_corpus.tsv
1420710	cid22	512	512	libjxl	9	1.2500	76188	75878	82.5914	83.4324	1.349844	1.336839	1678.328	2221.841	0.409	-0.8410	0.973	-24.462	OK	89e3c405809a53c2872179d05bda80a69503b2fb	cargo run -p jxl-encoder --release --features 'parallel butteraugli-loop ssim2-loop' --example w44_170_cjxl_step025_sweep -- --image 1420710 --effort 9 --distance-min 1.25 --distance-max 1.25 --distance-step 1.25 --strategy libjxl --corpus-manifest benchmarks/corpora/w44_170_varied_corpus.tsv
1420710	cid22	512	512	libjxl	9	1.5000	66777	66499	79.7592	81.2951	1.640663	1.610354	2196.674	2918.102	0.418	-1.5359	1.882	-24.722	OK	89e3c405809a53c2872179d05bda80a69503b2fb	cargo run -p jxl-encoder --release --features 'parallel butteraugli-loop ssim2-loop' --example w44_170_cjxl_step025_sweep -- --image 1420710 --effort 9 --distance-min 1.5 --distance-max 1.5 --distance-step 1.5 --strategy libjxl --corpus-manifest benchmarks/corpora/w44_170_varied_corpus.tsv
1420710	cid22	512	512	libjxl	9	1.7500	59340	58748	77.0816	79.1548	1.936723	1.970013	2447.962	2773.961	1.008	-2.0733	-1.690	-11.752	OK	89e3c405809a53c2872179d05bda80a69503b2fb	cargo run -p jxl-encoder --release --features 'parallel butteraugli-loop ssim2-loop' --example w44_170_cjxl_step025_sweep -- --image 1420710 --effort 9 --distance-min 1.75 --distance-max 1.75 --distance-step 1.75 --strategy libjxl --corpus-manifest benchmarks/corpora/w44_170_varied_corpus.tsv
1420710	cid22	512	512	libjxl	9	2.0000	54035	52473	74.3198	77.0824	2.321539	2.495016	2329.000	2635.438	2.977	-2.7626	-6.953	-11.628	OK	89e3c405809a53c2872179d05bda80a69503b2fb	cargo run -p jxl-encoder --release --features 'parallel butteraugli-loop ssim2-loop' --example w44_170_cjxl_step025_sweep -- --image 1420710 --effort 9 --distance-min 2 --distance-max 2 --distance-step 2 --strategy libjxl --corpus-manifest benchmarks/corpora/w44_170_varied_corpus.tsv
1420710	cid22	512	512	libjxl	9	2.2500	48627	46969	72.1211	74.9608	2.510893	2.501426	1878.380	2572.794	3.530	-2.8397	0.378	-26.991	OK	89e3c405809a53c2872179d05bda80a69503b2fb	cargo run -p jxl-encoder --release --features 'parallel butteraugli-loop ssim2-loop' --example w44_170_cjxl_step025_sweep -- --image 1420710 --effort 9 --distance-min 2.25 --distance-max 2.25 --distance-step 2.25 --strategy libjxl --corpus-manifest benchmarks/corpora/w44_170_varied_corpus.tsv
1420710	cid22	512	512	libjxl	9	2.5000	44098	41675	69.0148	73.0076	2.912015	2.865612	1841.926	1916.161	5.814	-3.9928	1.619	-3.874	OK	89e3c405809a53c2872179d05bda80a69503b2fb	cargo run -p jxl-encoder --release --features 'parallel butteraugli-loop ssim2-loop' --example w44_170_cjxl_step025_sweep -- --image 1420710 --effort 9 --distance-min 2.5 --distance-max 2.5 --distance-step 2.5 --strategy libjxl --corpus-manifest benchmarks/corpora/w44_170_varied_corpus.tsv
1420710	cid22	512	512	libjxl	9	2.7500	41588	37585	66.4375	71.1859	3.195542	3.195140	1818.973	2080.647	10.651	-4.7484	0.013	-12.577	OK	89e3c405809a53c2872179d05bda80a69503b2fb	cargo run -p jxl-encoder --release --features 'parallel butteraugli-loop ssim2-loop' --example w44_170_cjxl_step025_sweep -- --image 1420710 --effort 9 --distance-min 2.75 --distance-max 2.75 --distance-step 2.75 --strategy libjxl --corpus-manifest benchmarks/corpora/w44_170_varied_corpus.tsv
1420710	cid22	512	512	libjxl	9	3.0000	37894	34414	64.3667	69.4030	3.288703	3.360425	1619.712	2704.886	10.112	-5.0363	-2.134	-40.119	OK	89e3c405809a53c2872179d05bda80a69503b2fb	cargo run -p jxl-encoder --release --features 'parallel butteraugli-loop ssim2-loop' --example w44_170_cjxl_step025_sweep -- --image 1420710 --effort 9 --distance-min 3 --distance-max 3 --distance-step 3 --strategy libjxl --corpus-manifest benchmarks/corpora/w44_170_varied_corpus.tsv
1420710	cid22	512	512	libjxl	9	3.2500	35371	31454	60.6959	67.9583	3.738178	3.441803	1966.878	2146.889	12.453	-7.2624	8.611	-8.385	OK	89e3c405809a53c2872179d05bda80a69503b2fb	cargo run -p jxl-encoder --release --features 'parallel butteraugli-loop ssim2-loop' --example w44_170_cjxl_step025_sweep -- --image 1420710 --effort 9 --distance-min 3.25 --distance-max 3.25 --distance-step 3.25 --strategy libjxl --corpus-manifest benchmarks/corpora/w44_170_varied_corpus.tsv
1420710	cid22	512	512	libjxl	9	3.5000	33412	29258	58.5469	66.3792	4.000194	3.861942	1702.557	2560.612	14.198	-7.8324	3.580	-33.510	OK	89e3c405809a53c2872179d05bda80a69503b2fb	cargo run -p jxl-encoder --release --features 'parallel butteraugli-loop ssim2-loop' --example w44_170_cjxl_step025_sweep -- --image 1420710 --effort 9 --distance-min 3.5 --distance-max 3.5 --distance-step 3.5 --strategy libjxl --corpus-manifest benchmarks/corpora/w44_170_varied_corpus.tsv
1420710	cid22	512	512	libjxl	9	3.7500	32739	27522	56.3700	65.2051	4.248943	3.983106	2583.688	2123.904	18.956	-8.8351	6.674	21.648	OK	89e3c405809a53c2872179d05bda80a69503b2fb	cargo run -p jxl-encoder --release --features 'parallel butteraugli-loop ssim2-loop' --example w44_170_cjxl_step025_sweep -- --image 1420710 --effort 9 --distance-min 3.75 --distance-max 3.75 --distance-step 3.75 --strategy libjxl --corpus-manifest benchmarks/corpora/w44_170_varied_corpus.tsv
1420710	cid22	512	512	libjxl	9	4.0000	30717	26229	53.7830	63.4660	4.570578	4.322836	2387.234	2237.400	17.111	-9.6830	5.731	6.697	OK	89e3c405809a53c2872179d05bda80a69503b2fb	cargo run -p jxl-encoder --release --features 'parallel butteraugli-loop ssim2-loop' --example w44_170_cjxl_step025_sweep -- --image 1420710 --effort 9 --distance-min 4 --distance-max 4 --distance-step 4 --strategy libjxl --corpus-manifest benchmarks/corpora/w44_170_varied_corpus.tsv
1420710	cid22	512	512	libjxl	9	4.2500	29505	25047	51.8696	62.2145	4.675095	4.526469	2260.421	1577.977	17.799	-10.3449	3.283	43.248	OK	89e3c405809a53c2872179d05bda80a69503b2fb	cargo run -p jxl-encoder --release --features 'parallel butteraugli-loop ssim2-loop' --example w44_170_cjxl_step025_sweep -- --image 1420710 --effort 9 --distance-min 4.25 --distance-max 4.25 --distance-step 4.25 --strategy libjxl --corpus-manifest benchmarks/corpora/w44_170_varied_corpus.tsv
1420710	cid22	512	512	libjxl	9	4.5000	28707	24044	49.6705	61.0818	5.007269	4.614526	2372.759	2522.605	19.394	-11.4113	8.511	-5.940	OK	89e3c405809a53c2872179d05bda80a69503b2fb	cargo run -p jxl-encoder --release --features 'parallel butteraugli-loop ssim2-loop' --example w44_170_cjxl_step025_sweep -- --image 1420710 --effort 9 --distance-min 4.5 --distance-max 4.5 --distance-step 4.5 --strategy libjxl --corpus-manifest benchmarks/corpora/w44_170_varied_corpus.tsv
1420710	cid22	512	512	libjxl	9	4.7500	27009	22835	47.7343	59.7848	5.542870	4.742850	2407.797	2051.824	18.279	-12.0506	16.868	17.349	OK	89e3c405809a53c2872179d05bda80a69503b2fb	cargo run -p jxl-encoder --release --features 'parallel butteraugli-loop ssim2-loop' --example w44_170_cjxl_step025_sweep -- --image 1420710 --effort 9 --distance-min 4.75 --distance-max 4.75 --distance-step 4.75 --strategy libjxl --corpus-manifest benchmarks/corpora/w44_170_varied_corpus.tsv
1420710	cid22	512	512	libjxl	9	5.0000	26284	21814	46.3153	58.8165	5.867476	5.255217	2195.864	2574.849	20.491	-12.5011	11.650	-14.719	OK	89e3c405809a53c2872179d05bda80a69503b2fb	cargo run -p jxl-encoder --release --features 'parallel butteraugli-loop ssim2-loop' --example w44_170_cjxl_step025_sweep -- --image 1420710 --effort 9 --distance-min 5 --distance-max 5 --distance-step 5 --strategy libjxl --corpus-manifest benchmarks/corpora/w44_170_varied_corpus.tsv
1475938	cid22	512	512	libjxl	5	0.2500	84141	84216	92.8131	93.0435	0.403749	0.399167	215.064	420.870	-0.089	-0.2305	1.148	-48.900	OK	89e3c405809a53c2872179d05bda80a69503b2fb	cargo run -p jxl-encoder --release --features 'parallel butteraugli-loop ssim2-loop' --example w44_170_cjxl_step025_sweep -- --image 1475938 --effort 5 --distance-min 0.25 --distance-max 0.25 --distance-step 0.25 --strategy libjxl --corpus-manifest benchmarks/corpora/w44_170_varied_corpus.tsv
1475938	cid22	512	512	libjxl	5	0.5000	55748	55194	91.2527	91.1613	0.645127	0.947806	138.134	216.559	1.004	0.0914	-31.935	-36.214	OK	89e3c405809a53c2872179d05bda80a69503b2fb	cargo run -p jxl-encoder --release --features 'parallel butteraugli-loop ssim2-loop' --example w44_170_cjxl_step025_sweep -- --image 1475938 --effort 5 --distance-min 0.5 --distance-max 0.5 --distance-step 0.5 --strategy libjxl --corpus-manifest benchmarks/corpora/w44_170_varied_corpus.tsv
1475938	cid22	512	512	libjxl	5	0.7500	40632	40245	89.3498	89.3867	0.905285	0.962334	226.628	365.620	0.962	-0.0369	-5.928	-38.016	OK	89e3c405809a53c2872179d05bda80a69503b2fb	cargo run -p jxl-encoder --release --features 'parallel butteraugli-loop ssim2-loop' --example w44_170_cjxl_step025_sweep -- --image 1475938 --effort 5 --distance-min 0.75 --distance-max 0.75 --distance-step 0.75 --strategy libjxl --corpus-manifest benchmarks/corpora/w44_170_varied_corpus.tsv
1475938	cid22	512	512	libjxl	5	1.0000	33672	33387	87.5845	87.3941	1.148532	1.191149	207.882	427.102	0.854	0.1904	-3.578	-51.327	OK	89e3c405809a53c2872179d05bda80a69503b2fb	cargo run -p jxl-encoder --release --features 'parallel butteraugli-loop ssim2-loop' --example w44_170_cjxl_step025_sweep -- --image 1475938 --effort 5 --distance-min 1 --distance-max 1 --distance-step 1 --strategy libjxl --corpus-manifest benchmarks/corpora/w44_170_varied_corpus.tsv
1475938	cid22	512	512	libjxl	5	1.2500	29211	29017	85.6649	86.0228	1.511416	1.421197	248.093	382.928	0.669	-0.3579	6.348	-35.212	OK	89e3c405809a53c2872179d05bda80a69503b2fb	cargo run -p jxl-encoder --release --features 'parallel butteraugli-loop ssim2-loop' --example w44_170_cjxl_step025_sweep -- --image 1475938 --effort 5 --distance-min 1.25 --distance-max 1.25 --distance-step 1.25 --strategy libjxl --corpus-manifest benchmarks/corpora/w44_170_varied_corpus.tsv
1475938	cid22	512	512	libjxl	5	1.5000	26595	25630	83.9826	84.3782	1.647736	1.590228	196.436	223.149	3.765	-0.3956	3.616	-11.971	OK	89e3c405809a53c2872179d05bda80a69503b2fb	cargo run -p jxl-encoder --release --features 'parallel butteraugli-loop ssim2-loop' --example w44_170_cjxl_step025_sweep -- --image 1475938 --effort 5 --distance-min 1.5 --distance-max 1.5 --distance-step 1.5 --strategy libjxl --corpus-manifest benchmarks/corpora/w44_170_varied_corpus.tsv
1475938	cid22	512	512	libjxl	5	1.7500	23626	23006	82.0139	82.3059	2.001710	1.951744	241.007	120.817	2.695	-0.2920	2.560	99.481	OK	89e3c405809a53c2872179d05bda80a69503b2fb	cargo run -p jxl-encoder --release --features 'parallel butteraugli-loop ssim2-loop' --example w44_170_cjxl_step025_sweep -- --image 1475938 --effort 5 --distance-min 1.75 --distance-max 1.75 --distance-step 1.75 --strategy libjxl --corpus-manifest benchmarks/corpora/w44_170_varied_corpus.tsv
1475938	cid22	512	512	libjxl	5	2.0000	21716	20963	80.2417	81.0359	2.109666	2.094776	249.949	199.536	3.592	-0.7942	0.711	25.265	OK	89e3c405809a53c2872179d05bda80a69503b2fb	cargo run -p jxl-encoder --release --features 'parallel butteraugli-loop ssim2-loop' --example w44_170_cjxl_step025_sweep -- --image 1475938 --effort 5 --distance-min 2 --distance-max 2 --distance-step 2 --strategy libjxl --corpus-manifest benchmarks/corpora/w44_170_varied_corpus.tsv
1475938	cid22	512	512	libjxl	5	2.2500	20032	19330	79.0092	79.7561	2.488657	2.490233	243.595	235.420	3.632	-0.7469	-0.063	3.473	OK	89e3c405809a53c2872179d05bda80a69503b2fb	cargo run -p jxl-encoder --release --features 'parallel butteraugli-loop ssim2-loop' --example w44_170_cjxl_step025_sweep -- --image 1475938 --effort 5 --distance-min 2.25 --distance-max 2.25 --distance-step 2.25 --strategy libjxl --corpus-manifest benchmarks/corpora/w44_170_varied_corpus.tsv
1475938	cid22	512	512	libjxl	5	2.5000	18472	17875	76.9344	78.0607	2.797260	2.759650	279.894	259.804	3.340	-1.1263	1.363	7.733	OK	89e3c405809a53c2872179d05bda80a69503b2fb	cargo run -p jxl-encoder --release --features 'parallel butteraugli-loop ssim2-loop' --example w44_170_cjxl_step025_sweep -- --image 1475938 --effort 5 --distance-min 2.5 --distance-max 2.5 --distance-step 2.5 --strategy libjxl --corpus-manifest benchmarks/corpora/w44_170_varied_corpus.tsv
1475938	cid22	512	512	libjxl	5	2.7500	17449	16667	75.1481	76.9322	2.675895	2.671693	276.540	166.505	4.692	-1.7841	0.157	66.085	OK	89e3c405809a53c2872179d05bda80a69503b2fb	cargo run -p jxl-encoder --release --features 'parallel butteraugli-loop ssim2-loop' --example w44_170_cjxl_step025_sweep -- --image 1475938 --effort 5 --distance-min 2.75 --distance-max 2.75 --distance-step 2.75 --strategy libjxl --corpus-manifest benchmarks/corpora/w44_170_varied_corpus.tsv
1475938	cid22	512	512	libjxl	5	3.0000	16302	15611	74.0965	74.7955	2.857846	2.830792	245.462	274.257	4.426	-0.6990	0.956	-10.499	OK	89e3c405809a53c2872179d05bda80a69503b2fb	cargo run -p jxl-encoder --release --features 'parallel butteraugli-loop ssim2-loop' --example w44_170_cjxl_step025_sweep -- --image 1475938 --effort 5 --distance-min 3 --distance-max 3 --distance-step 3 --strategy libjxl --corpus-manifest benchmarks/corpora/w44_170_varied_corpus.tsv
1475938	cid22	512	512	libjxl	5	3.2500	15068	14598	72.0281	73.5335	3.225754	3.307912	317.552	160.239	3.220	-1.5055	-2.484	98.174	OK	89e3c405809a53c2872179d05bda80a69503b2fb	cargo run -p jxl-encoder --release --features 'parallel butteraugli-loop ssim2-loop' --example w44_170_cjxl_step025_sweep -- --image 1475938 --effort 5 --distance-min 3.25 --distance-max 3.25 --distance-step 3.25 --strategy libjxl --corpus-manifest benchmarks/corpora/w44_170_varied_corpus.tsv
1475938	cid22	512	512	libjxl	5	3.5000	14019	13636	70.0917	71.0796	4.179780	4.597976	286.189	189.727	2.809	-0.9879	-9.095	50.843	OK	89e3c405809a53c2872179d05bda80a69503b2fb	cargo run -p jxl-encoder --release --features 'parallel butteraugli-loop ssim2-loop' --example w44_170_cjxl_step025_sweep -- --image 1475938 --effort 5 --distance-min 3.5 --distance-max 3.5 --distance-step 3.5 --strategy libjxl --corpus-manifest benchmarks/corpora/w44_170_varied_corpus.tsv
1475938	cid22	512	512	libjxl	5	3.7500	13342	12937	68.7840	69.9795	3.749646	3.481439	293.284	336.449	3.131	-1.1955	7.704	-12.829	OK	89e3c405809a53c2872179d05bda80a69503b2fb	cargo run -p jxl-encoder --release --features 'parallel butteraugli-loop ssim2-loop' --example w44_170_cjxl_step025_sweep -- --image 1475938 --effort 5 --distance-min 3.75 --distance-max 3.75 --distance-step 3.75 --strategy libjxl --corpus-manifest benchmarks/corpora/w44_170_varied_corpus.tsv
1475938	cid22	512	512	libjxl	5	4.0000	12877	12243	67.5572	67.6432	3.527758	3.678538	464.364	341.704	5.178	-0.0860	-4.099	35.897	OK	89e3c405809a53c2872179d05bda80a69503b2fb	cargo run -p jxl-encoder --release --features 'parallel butteraugli-loop ssim2-loop' --example w44_170_cjxl_step025_sweep -- --image 1475938 --effort 5 --distance-min 4 --distance-max 4 --distance-step 4 --strategy libjxl --corpus-manifest benchmarks/corpora/w44_170_varied_corpus.tsv
1475938	cid22	512	512	libjxl	5	4.2500	12536	11976	66.0784	66.5882	3.968200	4.408535	413.053	209.314	4.676	-0.5098	-9.988	97.336	OK	89e3c405809a53c2872179d05bda80a69503b2fb	cargo run -p jxl-encoder --release --features 'parallel butteraugli-loop ssim2-loop' --example w44_170_cjxl_step025_sweep -- --image 1475938 --effort 5 --distance-min 4.25 --distance-max 4.25 --distance-step 4.25 --strategy libjxl --corpus-manifest benchmarks/corpora/w44_170_varied_corpus.tsv
1475938	cid22	512	512	libjxl	5	4.5000	12066	11337	64.4014	65.2605	3.818738	3.869821	451.656	418.681	6.430	-0.8591	-1.320	7.876	OK	89e3c405809a53c2872179d05bda80a69503b2fb	cargo run -p jxl-encoder --release --features 'parallel butteraugli-loop ssim2-loop' --example w44_170_cjxl_step025_sweep -- --image 1475938 --effort 5 --distance-min 4.5 --distance-max 4.5 --distance-step 4.5 --strategy libjxl --corpus-manifest benchmarks/corpora/w44_170_varied_corpus.tsv
1475938	cid22	512	512	libjxl	5	4.7500	11296	10877	63.4180	64.0329	4.280455	4.529480	343.498	192.677	3.852	-0.6149	-5.498	78.276	OK	89e3c405809a53c2872179d05bda80a69503b2fb	cargo run -p jxl-encoder --release --features 'parallel butteraugli-loop ssim2-loop' --example w44_170_cjxl_step025_sweep -- --image 1475938 --effort 5 --distance-min 4.75 --distance-max 4.75 --distance-step 4.75 --strategy libjxl --corpus-manifest benchmarks/corpora/w44_170_varied_corpus.tsv
1475938	cid22	512	512	libjxl	5	5.0000	10880	10380	61.7634	62.7598	4.413068	4.295939	270.197	312.531	4.817	-0.9964	2.726	-13.546	OK	89e3c405809a53c2872179d05bda80a69503b2fb	cargo run -p jxl-encoder --release --features 'parallel butteraugli-loop ssim2-loop' --example w44_170_cjxl_step025_sweep -- --image 1475938 --effort 5 --distance-min 5 --distance-max 5 --distance-step 5 --strategy libjxl --corpus-manifest benchmarks/corpora/w44_170_varied_corpus.tsv
1475938	cid22	512	512	libjxl	6	0.2500	83813	84046	92.9777	92.9235	0.403749	0.392290	203.994	259.657	-0.277	0.0542	2.921	-21.437	OK	89e3c405809a53c2872179d05bda80a69503b2fb	cargo run -p jxl-encoder --release --features 'parallel butteraugli-loop ssim2-loop' --example w44_170_cjxl_step025_sweep -- --image 1475938 --effort 6 --distance-min 0.25 --distance-max 0.25 --distance-step 0.25 --strategy libjxl --corpus-manifest benchmarks/corpora/w44_170_varied_corpus.tsv
1475938	cid22	512	512	libjxl	6	0.5000	55339	54622	91.2199	91.1933	0.645112	0.946091	193.467	333.164	1.313	0.0266	-31.813	-41.930	OK	89e3c405809a53c2872179d05bda80a69503b2fb	cargo run -p jxl-encoder --release --features 'parallel butteraugli-loop ssim2-loop' --example w44_170_cjxl_step025_sweep -- --image 1475938 --effort 6 --distance-min 0.5 --distance-max 0.5 --distance-step 0.5 --strategy libjxl --corpus-manifest benchmarks/corpora/w44_170_varied_corpus.tsv
1475938	cid22	512	512	libjxl	6	0.7500	40241	40393	89.3822	89.6233	0.905177	0.945845	315.103	352.908	-0.376	-0.2410	-4.300	-10.712	OK	89e3c405809a53c2872179d05bda80a69503b2fb	cargo run -p jxl-encoder --release --features 'parallel butteraugli-loop ssim2-loop' --example w44_170_cjxl_step025_sweep -- --image 1475938 --effort 6 --distance-min 0.75 --distance-max 0.75 --distance-step 0.75 --strategy libjxl --corpus-manifest benchmarks/corpora/w44_170_varied_corpus.tsv
1475938	cid22	512	512	libjxl	6	1.0000	33399	33556	87.5656	87.7288	1.152177	1.145028	314.963	365.901	-0.468	-0.1632	0.624	-13.921	OK	89e3c405809a53c2872179d05bda80a69503b2fb	cargo run -p jxl-encoder --release --features 'parallel butteraugli-loop ssim2-loop' --example w44_170_cjxl_step025_sweep -- --image 1475938 --effort 6 --distance-min 1 --distance-max 1 --distance-step 1 --strategy libjxl --corpus-manifest benchmarks/corpora/w44_170_varied_corpus.tsv
1475938	cid22	512	512	libjxl	6	1.2500	29029	29171	85.3415	85.8752	1.510193	1.405448	291.124	329.321	-0.487	-0.5337	7.453	-11.599	OK	89e3c405809a53c2872179d05bda80a69503b2fb	cargo run -p jxl-encoder --release --features 'parallel butteraugli-loop ssim2-loop' --example w44_170_cjxl_step025_sweep -- --image 1475938 --effort 6 --distance-min 1.25 --distance-max 1.25 --distance-step 1.25 --strategy libjxl --corpus-manifest benchmarks/corpora/w44_170_varied_corpus.tsv
1475938	cid22	512	512	libjxl	6	1.5000	25808	25843	83.9611	84.3327	1.599640	1.575689	286.420	416.108	-0.135	-0.3715	1.520	-31.167	OK	89e3c405809a53c2872179d05bda80a69503b2fb	cargo run -p jxl-encoder --release --features 'parallel butteraugli-loop ssim2-loop' --example w44_170_cjxl_step025_sweep -- --image 1475938 --effort 6 --distance-min 1.5 --distance-max 1.5 --distance-step 1.5 --strategy libjxl --corpus-manifest benchmarks/corpora/w44_170_varied_corpus.tsv
1475938	cid22	512	512	libjxl	6	1.7500	23324	23381	82.2968	82.9548	2.115423	2.058741	326.885	466.988	-0.244	-0.6580	2.753	-30.001	OK	89e3c405809a53c2872179d05bda80a69503b2fb	cargo run -p jxl-encoder --release --features 'parallel butteraugli-loop ssim2-loop' --example w44_170_cjxl_step025_sweep -- --image 1475938 --effort 6 --distance-min 1.75 --distance-max 1.75 --distance-step 1.75 --strategy libjxl --corpus-manifest benchmarks/corpora/w44_170_varied_corpus.tsv
1475938	cid22	512	512	libjxl	6	2.0000	21426	21348	80.1751	81.1613	2.041138	2.060662	222.145	549.688	0.365	-0.9862	-0.947	-59.587	OK	89e3c405809a53c2872179d05bda80a69503b2fb	cargo run -p jxl-encoder --release --features 'parallel butteraugli-loop ssim2-loop' --example w44_170_cjxl_step025_sweep -- --image 1475938 --effort 6 --distance-min 2 --distance-max 2 --distance-step 2 --strategy libjxl --corpus-manifest benchmarks/corpora/w44_170_varied_corpus.tsv
1475938	cid22	512	512	libjxl	6	2.2500	19647	19572	78.7985	79.4258	2.528592	2.567677	318.128	390.375	0.383	-0.6273	-1.522	-18.507	OK	89e3c405809a53c2872179d05bda80a69503b2fb	cargo run -p jxl-encoder --release --features 'parallel butteraugli-loop ssim2-loop' --example w44_170_cjxl_step025_sweep -- --image 1475938 --effort 6 --distance-min 2.25 --distance-max 2.25 --distance-step 2.25 --strategy libjxl --corpus-manifest benchmarks/corpora/w44_170_varied_corpus.tsv
1475938	cid22	512	512	libjxl	6	2.5000	18287	18285	77.1323	77.9667	2.787469	2.695844	331.124	404.392	0.011	-0.8344	3.399	-18.118	OK	89e3c405809a53c2872179d05bda80a69503b2fb	cargo run -p jxl-encoder --release --features 'parallel butteraugli-loop ssim2-loop' --example w44_170_cjxl_step025_sweep -- --image 1475938 --effort 6 --distance-min 2.5 --distance-max 2.5 --distance-step 2.5 --strategy libjxl --corpus-manifest benchmarks/corpora/w44_170_varied_corpus.tsv
1475938	cid22	512	512	libjxl	6	2.7500	17234	17106	75.6768	76.8987	3.046433	3.165815	262.168	396.065	0.748	-1.2219	-3.771	-33.807	OK	89e3c405809a53c2872179d05bda80a69503b2fb	cargo run -p jxl-encoder --release --features 'parallel butteraugli-loop ssim2-loop' --example w44_170_cjxl_step025_sweep -- --image 1475938 --effort 6 --distance-min 2.75 --distance-max 2.75 --distance-step 2.75 --strategy libjxl --corpus-manifest benchmarks/corpora/w44_170_varied_corpus.tsv
1475938	cid22	512	512	libjxl	6	3.0000	16067	15983	73.8984	75.0362	2.921106	2.829264	306.296	411.192	0.526	-1.1378	3.246	-25.510	OK	89e3c405809a53c2872179d05bda80a69503b2fb	cargo run -p jxl-encoder --release --features 'parallel butteraugli-loop ssim2-loop' --example w44_170_cjxl_step025_sweep -- --image 1475938 --effort 6 --distance-min 3 --distance-max 3 --distance-step 3 --strategy libjxl --corpus-manifest benchmarks/corpora/w44_170_varied_corpus.tsv
1475938	cid22	512	512	libjxl	6	3.2500	14901	15039	72.0204	73.6036	3.202026	3.033673	298.524	382.857	-0.918	-1.5832	5.549	-22.027	OK	89e3c405809a53c2872179d05bda80a69503b2fb	cargo run -p jxl-encoder --release --features 'parallel butteraugli-loop ssim2-loop' --example w44_170_cjxl_step025_sweep -- --image 1475938 --effort 6 --distance-min 3.25 --distance-max 3.25 --distance-step 3.25 --strategy libjxl --corpus-manifest benchmarks/corpora/w44_170_varied_corpus.tsv
1475938	cid22	512	512	libjxl	6	3.5000	14153	14227	70.2176	71.2878	3.719066	3.947219	323.240	389.574	-0.520	-1.0703	-5.780	-17.027	OK	89e3c405809a53c2872179d05bda80a69503b2fb	cargo run -p jxl-encoder --release --features 'parallel butteraugli-loop ssim2-loop' --example w44_170_cjxl_step025_sweep -- --image 1475938 --effort 6 --distance-min 3.5 --distance-max 3.5 --distance-step 3.5 --strategy libjxl --corpus-manifest benchmarks/corpora/w44_170_varied_corpus.tsv
1475938	cid22	512	512	libjxl	6	3.7500	13474	13476	68.9278	70.4585	3.662790	3.481304	272.735	280.153	-0.015	-1.5307	5.213	-2.648	OK	89e3c405809a53c2872179d05bda80a69503b2fb	cargo run -p jxl-encoder --release --features 'parallel butteraugli-loop ssim2-loop' --example w44_170_cjxl_step025_sweep -- --image 1475938 --effort 6 --distance-min 3.75 --distance-max 3.75 --distance-step 3.75 --strategy libjxl --corpus-manifest benchmarks/corpora/w44_170_varied_corpus.tsv
1475938	cid22	512	512	libjxl	6	4.0000	12940	12981	67.9504	69.5924	4.425231	3.969178	499.253	540.708	-0.316	-1.6421	11.490	-7.667	OK	89e3c405809a53c2872179d05bda80a69503b2fb	cargo run -p jxl-encoder --release --features 'parallel butteraugli-loop ssim2-loop' --example w44_170_cjxl_step025_sweep -- --image 1475938 --effort 6 --distance-min 4 --distance-max 4 --distance-step 4 --strategy libjxl --corpus-manifest benchmarks/corpora/w44_170_varied_corpus.tsv
1475938	cid22	512	512	libjxl	6	4.2500	12414	12435	66.0722	67.8811	3.968200	3.948730	459.435	360.405	-0.169	-1.8089	0.493	27.477	OK	89e3c405809a53c2872179d05bda80a69503b2fb	cargo run -p jxl-encoder --release --features 'parallel butteraugli-loop ssim2-loop' --example w44_170_cjxl_step025_sweep -- --image 1475938 --effort 6 --distance-min 4.25 --distance-max 4.25 --distance-step 4.25 --strategy libjxl --corpus-manifest benchmarks/corpora/w44_170_varied_corpus.tsv
1475938	cid22	512	512	libjxl	6	4.5000	11953	11907	64.3056	66.4652	3.912305	3.791292	403.065	224.910	0.386	-2.1597	3.192	79.212	OK	89e3c405809a53c2872179d05bda80a69503b2fb	cargo run -p jxl-encoder --release --features 'parallel butteraugli-loop ssim2-loop' --example w44_170_cjxl_step025_sweep -- --image 1475938 --effort 6 --distance-min 4.5 --distance-max 4.5 --distance-step 4.5 --strategy libjxl --corpus-manifest benchmarks/corpora/w44_170_varied_corpus.tsv
1475938	cid22	512	512	libjxl	6	4.7500	11213	11187	63.4072	65.6517	4.266131	3.933114	323.465	317.106	0.232	-2.2445	8.467	2.005	OK	89e3c405809a53c2872179d05bda80a69503b2fb	cargo run -p jxl-encoder --release --features 'parallel butteraugli-loop ssim2-loop' --example w44_170_cjxl_step025_sweep -- --image 1475938 --effort 6 --distance-min 4.75 --distance-max 4.75 --distance-step 4.75 --strategy libjxl --corpus-manifest benchmarks/corpora/w44_170_varied_corpus.tsv
1475938	cid22	512	512	libjxl	6	5.0000	10774	10677	61.7351	64.0700	4.411837	4.261415	289.720	413.672	0.908	-2.3349	3.530	-29.964	OK	89e3c405809a53c2872179d05bda80a69503b2fb	cargo run -p jxl-encoder --release --features 'parallel butteraugli-loop ssim2-loop' --example w44_170_cjxl_step025_sweep -- --image 1475938 --effort 6 --distance-min 5 --distance-max 5 --distance-step 5 --strategy libjxl --corpus-manifest benchmarks/corpora/w44_170_varied_corpus.tsv
1475938	cid22	512	512	libjxl	7	0.2500	84230	84175	92.9102	92.9914	0.405889	0.421271	303.238	574.351	0.065	-0.0813	-3.651	-47.203	OK	89e3c405809a53c2872179d05bda80a69503b2fb	cargo run -p jxl-encoder --release --features 'parallel butteraugli-loop ssim2-loop' --example w44_170_cjxl_step025_sweep -- --image 1475938 --effort 7 --distance-min 0.25 --distance-max 0.25 --distance-step 0.25 --strategy libjxl --corpus-manifest benchmarks/corpora/w44_170_varied_corpus.tsv
1475938	cid22	512	512	libjxl	7	0.5000	56181	55115	91.0168	91.4141	0.645105	0.657826	290.129	383.940	1.934	-0.3973	-1.934	-24.434	OK	89e3c405809a53c2872179d05bda80a69503b2fb	cargo run -p jxl-encoder --release --features 'parallel butteraugli-loop ssim2-loop' --example w44_170_cjxl_step025_sweep -- --image 1475938 --effort 7 --distance-min 0.5 --distance-max 0.5 --distance-step 0.5 --strategy libjxl --corpus-manifest benchmarks/corpora/w44_170_varied_corpus.tsv
1475938	cid22	512	512	libjxl	7	0.7500	40676	40518	89.4491	89.8392	0.905152	0.938710	298.836	457.929	0.390	-0.3901	-3.575	-34.742	OK	89e3c405809a53c2872179d05bda80a69503b2fb	cargo run -p jxl-encoder --release --features 'parallel butteraugli-loop ssim2-loop' --example w44_170_cjxl_step025_sweep -- --image 1475938 --effort 7 --distance-min 0.75 --distance-max 0.75 --distance-step 0.75 --strategy libjxl --corpus-manifest benchmarks/corpora/w44_170_varied_corpus.tsv
1475938	cid22	512	512	libjxl	7	1.0000	33922	33599	87.5497	87.8418	1.163777	1.153485	282.588	451.503	0.961	-0.2921	0.892	-37.412	OK	89e3c405809a53c2872179d05bda80a69503b2fb	cargo run -p jxl-encoder --release --features 'parallel butteraugli-loop ssim2-loop' --example w44_170_cjxl_step025_sweep -- --image 1475938 --effort 7 --distance-min 1 --distance-max 1 --distance-step 1 --strategy libjxl --corpus-manifest benchmarks/corpora/w44_170_varied_corpus.tsv
1475938	cid22	512	512	libjxl	7	1.2500	29541	29145	85.6071	86.0775	1.511233	1.406412	290.354	570.511	1.359	-0.4703	7.453	-49.106	OK	89e3c405809a53c2872179d05bda80a69503b2fb	cargo run -p jxl-encoder --release --features 'parallel butteraugli-loop ssim2-loop' --example w44_170_cjxl_step025_sweep -- --image 1475938 --effort 7 --distance-min 1.25 --distance-max 1.25 --distance-step 1.25 --strategy libjxl --corpus-manifest benchmarks/corpora/w44_170_varied_corpus.tsv
1475938	cid22	512	512	libjxl	7	1.5000	26353	25823	83.6991	84.5260	1.602268	1.579513	325.700	539.596	2.052	-0.8269	1.441	-39.640	OK	89e3c405809a53c2872179d05bda80a69503b2fb	cargo run -p jxl-encoder --release --features 'parallel butteraugli-loop ssim2-loop' --example w44_170_cjxl_step025_sweep -- --image 1475938 --effort 7 --distance-min 1.5 --distance-max 1.5 --distance-step 1.5 --strategy libjxl --corpus-manifest benchmarks/corpora/w44_170_varied_corpus.tsv
1475938	cid22	512	512	libjxl	7	1.7500	23818	23346	81.8617	83.0273	2.115999	2.092397	309.582	420.519	2.022	-1.1656	1.128	-26.381	OK	89e3c405809a53c2872179d05bda80a69503b2fb	cargo run -p jxl-encoder --release --features 'parallel butteraugli-loop ssim2-loop' --example w44_170_cjxl_step025_sweep -- --image 1475938 --effort 7 --distance-min 1.75 --distance-max 1.75 --distance-step 1.75 --strategy libjxl --corpus-manifest benchmarks/corpora/w44_170_varied_corpus.tsv
1475938	cid22	512	512	libjxl	7	2.0000	21940	21305	79.6752	81.2734	2.035889	2.060642	303.428	408.289	2.981	-1.5981	-1.201	-25.683	OK	89e3c405809a53c2872179d05bda80a69503b2fb	cargo run -p jxl-encoder --release --features 'parallel butteraugli-loop ssim2-loop' --example w44_170_cjxl_step025_sweep -- --image 1475938 --effort 7 --distance-min 2 --distance-max 2 --distance-step 2 --strategy libjxl --corpus-manifest benchmarks/corpora/w44_170_varied_corpus.tsv
1475938	cid22	512	512	libjxl	7	2.2500	20120	19546	78.1863	79.9545	2.528807	2.548652	300.092	353.680	2.937	-1.7682	-0.779	-15.152	OK	89e3c405809a53c2872179d05bda80a69503b2fb	cargo run -p jxl-encoder --release --features 'parallel butteraugli-loop ssim2-loop' --example w44_170_cjxl_step025_sweep -- --image 1475938 --effort 7 --distance-min 2.25 --distance-max 2.25 --distance-step 2.25 --strategy libjxl --corpus-manifest benchmarks/corpora/w44_170_varied_corpus.tsv
1475938	cid22	512	512	libjxl	7	2.5000	18746	18266	75.9309	78.3586	2.792280	2.695970	308.727	528.831	2.628	-2.4277	3.572	-41.621	OK	89e3c405809a53c2872179d05bda80a69503b2fb	cargo run -p jxl-encoder --release --features 'parallel butteraugli-loop ssim2-loop' --example w44_170_cjxl_step025_sweep -- --image 1475938 --effort 7 --distance-min 2.5 --distance-max 2.5 --distance-step 2.5 --strategy libjxl --corpus-manifest benchmarks/corpora/w44_170_varied_corpus.tsv
1475938	cid22	512	512	libjxl	7	2.7500	17703	17107	74.9683	77.1046	3.047969	3.165870	249.257	454.927	3.484	-2.1363	-3.724	-45.209	OK	89e3c405809a53c2872179d05bda80a69503b2fb	cargo run -p jxl-encoder --release --features 'parallel butteraugli-loop ssim2-loop' --example w44_170_cjxl_step025_sweep -- --image 1475938 --effort 7 --distance-min 2.75 --distance-max 2.75 --distance-step 2.75 --strategy libjxl --corpus-manifest benchmarks/corpora/w44_170_varied_corpus.tsv
1475938	cid22	512	512	libjxl	7	3.0000	16638	16039	73.1471	75.4887	2.915325	2.829264	345.424	391.683	3.735	-2.3416	3.042	-11.810	OK	89e3c405809a53c2872179d05bda80a69503b2fb	cargo run -p jxl-encoder --release --features 'parallel butteraugli-loop ssim2-loop' --example w44_170_cjxl_step025_sweep -- --image 1475938 --effort 7 --distance-min 3 --distance-max 3 --distance-step 3 --strategy libjxl --corpus-manifest benchmarks/corpora/w44_170_varied_corpus.tsv
1475938	cid22	512	512	libjxl	7	3.2500	15298	15107	70.8882	73.8345	3.199345	3.106890	317.015	502.446	1.264	-2.9462	2.976	-36.906	OK	89e3c405809a53c2872179d05bda80a69503b2fb	cargo run -p jxl-encoder --release --features 'parallel butteraugli-loop ssim2-loop' --example w44_170_cjxl_step025_sweep -- --image 1475938 --effort 7 --distance-min 3.25 --distance-max 3.25 --distance-step 3.25 --strategy libjxl --corpus-manifest benchmarks/corpora/w44_170_varied_corpus.tsv
1475938	cid22	512	512	libjxl	7	3.5000	14507	14336	69.4503	71.6111	3.717798	3.954763	366.794	503.797	1.193	-2.1608	-5.992	-27.194	OK	89e3c405809a53c2872179d05bda80a69503b2fb	cargo run -p jxl-encoder --release --features 'parallel butteraugli-loop ssim2-loop' --example w44_170_cjxl_step025_sweep -- --image 1475938 --effort 7 --distance-min 3.5 --distance-max 3.5 --distance-step 3.5 --strategy libjxl --corpus-manifest benchmarks/corpora/w44_170_varied_corpus.tsv
1475938	cid22	512	512	libjxl	7	3.7500	13759	13513	67.7130	70.5197	3.661982	3.398487	273.443	539.624	1.820	-2.8067	7.753	-49.327	OK	89e3c405809a53c2872179d05bda80a69503b2fb	cargo run -p jxl-encoder --release --features 'parallel butteraugli-loop ssim2-loop' --example w44_170_cjxl_step025_sweep -- --image 1475938 --effort 7 --distance-min 3.75 --distance-max 3.75 --distance-step 3.75 --strategy libjxl --corpus-manifest benchmarks/corpora/w44_170_varied_corpus.tsv
1475938	cid22	512	512	libjxl	7	4.0000	13291	13033	66.6288	69.6607	4.421244	3.971872	458.090	460.417	1.980	-3.0319	11.314	-0.505	OK	89e3c405809a53c2872179d05bda80a69503b2fb	cargo run -p jxl-encoder --release --features 'parallel butteraugli-loop ssim2-loop' --example w44_170_cjxl_step025_sweep -- --image 1475938 --effort 7 --distance-min 4 --distance-max 4 --distance-step 4 --strategy libjxl --corpus-manifest benchmarks/corpora/w44_170_varied_corpus.tsv
1475938	cid22	512	512	libjxl	7	4.2500	12769	12491	64.9691	67.6687	3.969086	3.936654	381.944	514.047	2.226	-2.6996	0.824	-25.699	OK	89e3c405809a53c2872179d05bda80a69503b2fb	cargo run -p jxl-encoder --release --features 'parallel butteraugli-loop ssim2-loop' --example w44_170_cjxl_step025_sweep -- --image 1475938 --effort 7 --distance-min 4.25 --distance-max 4.25 --distance-step 4.25 --strategy libjxl --corpus-manifest benchmarks/corpora/w44_170_varied_corpus.tsv
1475938	cid22	512	512	libjxl	7	4.5000	12275	11935	62.9305	66.1676	3.913635	3.717012	487.410	553.031	2.849	-3.2371	5.290	-11.866	OK	89e3c405809a53c2872179d05bda80a69503b2fb	cargo run -p jxl-encoder --release --features 'parallel butteraugli-loop ssim2-loop' --example w44_170_cjxl_step025_sweep -- --image 1475938 --effort 7 --distance-min 4.5 --distance-max 4.5 --distance-step 4.5 --strategy libjxl --corpus-manifest benchmarks/corpora/w44_170_varied_corpus.tsv
1475938	cid22	512	512	libjxl	7	4.7500	11500	11256	61.6239	65.4820	4.267769	4.117961	438.157	493.359	2.168	-3.8581	3.638	-11.189	OK	89e3c405809a53c2872179d05bda80a69503b2fb	cargo run -p jxl-encoder --release --features 'parallel butteraugli-loop ssim2-loop' --example w44_170_cjxl_step025_sweep -- --image 1475938 --effort 7 --distance-min 4.75 --distance-max 4.75 --distance-step 4.75 --strategy libjxl --corpus-manifest benchmarks/corpora/w44_170_varied_corpus.tsv
1475938	cid22	512	512	libjxl	7	5.0000	11064	10768	59.8221	64.2574	4.411377	4.370249	389.517	438.411	2.749	-4.4353	0.941	-11.153	OK	89e3c405809a53c2872179d05bda80a69503b2fb	cargo run -p jxl-encoder --release --features 'parallel butteraugli-loop ssim2-loop' --example w44_170_cjxl_step025_sweep -- --image 1475938 --effort 7 --distance-min 5 --distance-max 5 --distance-step 5 --strategy libjxl --corpus-manifest benchmarks/corpora/w44_170_varied_corpus.tsv
1475938	cid22	512	512	libjxl	8	0.2500	83794	83343	93.0569	92.9836	0.334956	0.343382	1015.542	1493.333	0.541	0.0733	-2.454	-31.995	OK	89e3c405809a53c2872179d05bda80a69503b2fb	cargo run -p jxl-encoder --release --features 'parallel butteraugli-loop ssim2-loop' --example w44_170_cjxl_step025_sweep -- --image 1475938 --effort 8 --distance-min 0.25 --distance-max 0.25 --distance-step 0.25 --strategy libjxl --corpus-manifest benchmarks/corpora/w44_170_varied_corpus.tsv
1475938	cid22	512	512	libjxl	8	0.5000	54383	53335	91.0279	91.0670	0.597349	0.624378	1197.356	1631.091	1.965	-0.0391	-4.329	-26.592	OK	89e3c405809a53c2872179d05bda80a69503b2fb	cargo run -p jxl-encoder --release --features 'parallel butteraugli-loop ssim2-loop' --example w44_170_cjxl_step025_sweep -- --image 1475938 --effort 8 --distance-min 0.5 --distance-max 0.5 --distance-step 0.5 --strategy libjxl --corpus-manifest benchmarks/corpora/w44_170_varied_corpus.tsv
1475938	cid22	512	512	libjxl	8	0.7500	39341	39203	89.4640	89.4731	0.892079	0.858041	1263.219	1789.126	0.352	-0.0091	3.967	-29.395	OK	89e3c405809a53c2872179d05bda80a69503b2fb	cargo run -p jxl-encoder --release --features 'parallel butteraugli-loop ssim2-loop' --example w44_170_cjxl_step025_sweep -- --image 1475938 --effort 8 --distance-min 0.75 --distance-max 0.75 --distance-step 0.75 --strategy libjxl --corpus-manifest benchmarks/corpora/w44_170_varied_corpus.tsv
1475938	cid22	512	512	libjxl	8	1.0000	32585	32358	87.5102	87.9242	1.229702	1.101691	1459.182	1681.035	0.702	-0.4140	11.619	-13.197	OK	89e3c405809a53c2872179d05bda80a69503b2fb	cargo run -p jxl-encoder --release --features 'parallel butteraugli-loop ssim2-loop' --example w44_170_cjxl_step025_sweep -- --image 1475938 --effort 8 --distance-min 1 --distance-max 1 --distance-step 1 --strategy libjxl --corpus-manifest benchmarks/corpora/w44_170_varied_corpus.tsv
1475938	cid22	512	512	libjxl	8	1.2500	28126	27904	85.4107	85.9572	1.333516	1.340239	1461.061	1905.171	0.796	-0.5465	-0.502	-23.311	OK	89e3c405809a53c2872179d05bda80a69503b2fb	cargo run -p jxl-encoder --release --features 'parallel butteraugli-loop ssim2-loop' --example w44_170_cjxl_step025_sweep -- --image 1475938 --effort 8 --distance-min 1.25 --distance-max 1.25 --distance-step 1.25 --strategy libjxl --corpus-manifest benchmarks/corpora/w44_170_varied_corpus.tsv
1475938	cid22	512	512	libjxl	8	1.5000	25010	24838	83.4434	84.2888	1.736030	1.730670	1263.452	1826.294	0.692	-0.8453	0.310	-30.819	OK	89e3c405809a53c2872179d05bda80a69503b2fb	cargo run -p jxl-encoder --release --features 'parallel butteraugli-loop ssim2-loop' --example w44_170_cjxl_step025_sweep -- --image 1475938 --effort 8 --distance-min 1.5 --distance-max 1.5 --distance-step 1.5 --strategy libjxl --corpus-manifest benchmarks/corpora/w44_170_varied_corpus.tsv
1475938	cid22	512	512	libjxl	8	1.7500	22497	22268	81.4100	82.4095	1.901207	1.794275	1548.223	1480.795	1.028	-0.9995	5.960	4.553	OK	89e3c405809a53c2872179d05bda80a69503b2fb	cargo run -p jxl-encoder --release --features 'parallel butteraugli-loop ssim2-loop' --example w44_170_cjxl_step025_sweep -- --image 1475938 --effort 8 --distance-min 1.75 --distance-max 1.75 --distance-step 1.75 --strategy libjxl --corpus-manifest benchmarks/corpora/w44_170_varied_corpus.tsv
1475938	cid22	512	512	libjxl	8	2.0000	20611	20464	79.3509	81.0677	2.127520	2.094538	1367.160	1545.071	0.718	-1.7168	1.575	-11.515	OK	89e3c405809a53c2872179d05bda80a69503b2fb	cargo run -p jxl-encoder --release --features 'parallel butteraugli-loop ssim2-loop' --example w44_170_cjxl_step025_sweep -- --image 1475938 --effort 8 --distance-min 2 --distance-max 2 --distance-step 2 --strategy libjxl --corpus-manifest benchmarks/corpora/w44_170_varied_corpus.tsv
1475938	cid22	512	512	libjxl	8	2.2500	18730	18643	78.0090	79.3821	2.522174	2.273550	1921.865	1583.111	0.467	-1.3731	10.935	21.398	OK	89e3c405809a53c2872179d05bda80a69503b2fb	cargo run -p jxl-encoder --release --features 'parallel butteraugli-loop ssim2-loop' --example w44_170_cjxl_step025_sweep -- --image 1475938 --effort 8 --distance-min 2.25 --distance-max 2.25 --distance-step 2.25 --strategy libjxl --corpus-manifest benchmarks/corpora/w44_170_varied_corpus.tsv
1475938	cid22	512	512	libjxl	8	2.5000	17444	17306	75.2249	77.3869	2.934041	2.576334	1234.108	1323.795	0.797	-2.1620	13.884	-6.775	OK	89e3c405809a53c2872179d05bda80a69503b2fb	cargo run -p jxl-encoder --release --features 'parallel butteraugli-loop ssim2-loop' --example w44_170_cjxl_step025_sweep -- --image 1475938 --effort 8 --distance-min 2.5 --distance-max 2.5 --distance-step 2.5 --strategy libjxl --corpus-manifest benchmarks/corpora/w44_170_varied_corpus.tsv
1475938	cid22	512	512	libjxl	8	2.7500	16376	16111	73.8296	75.7029	2.807950	2.847406	1542.015	1377.407	1.645	-1.8733	-1.386	11.951	OK	89e3c405809a53c2872179d05bda80a69503b2fb	cargo run -p jxl-encoder --release --features 'parallel butteraugli-loop ssim2-loop' --example w44_170_cjxl_step025_sweep -- --image 1475938 --effort 8 --distance-min 2.75 --distance-max 2.75 --distance-step 2.75 --strategy libjxl --corpus-manifest benchmarks/corpora/w44_170_varied_corpus.tsv
1475938	cid22	512	512	libjxl	8	3.0000	15318	15111	72.1683	74.0920	2.973850	2.984537	1138.811	1650.433	1.370	-1.9237	-0.358	-30.999	OK	89e3c405809a53c2872179d05bda80a69503b2fb	cargo run -p jxl-encoder --release --features 'parallel butteraugli-loop ssim2-loop' --example w44_170_cjxl_step025_sweep -- --image 1475938 --effort 8 --distance-min 3 --distance-max 3 --distance-step 3 --strategy libjxl --corpus-manifest benchmarks/corpora/w44_170_varied_corpus.tsv
1475938	cid22	512	512	libjxl	8	3.2500	14089	14225	69.5899	72.2115	3.451362	3.246150	1381.629	1567.706	-0.956	-2.6216	6.322	-11.869	OK	89e3c405809a53c2872179d05bda80a69503b2fb	cargo run -p jxl-encoder --release --features 'parallel butteraugli-loop ssim2-loop' --example w44_170_cjxl_step025_sweep -- --image 1475938 --effort 8 --distance-min 3.25 --distance-max 3.25 --distance-step 3.25 --strategy libjxl --corpus-manifest benchmarks/corpora/w44_170_varied_corpus.tsv
1475938	cid22	512	512	libjxl	8	3.5000	13338	13363	68.2937	70.0976	3.362680	3.683844	1314.752	1352.076	-0.187	-1.8039	-8.718	-2.761	OK	89e3c405809a53c2872179d05bda80a69503b2fb	cargo run -p jxl-encoder --release --features 'parallel butteraugli-loop ssim2-loop' --example w44_170_cjxl_step025_sweep -- --image 1475938 --effort 8 --distance-min 3.5 --distance-max 3.5 --distance-step 3.5 --strategy libjxl --corpus-manifest benchmarks/corpora/w44_170_varied_corpus.tsv
1475938	cid22	512	512	libjxl	8	3.7500	12526	12468	65.7343	68.5743	3.656928	3.820514	1552.976	1801.614	0.465	-2.8400	-4.282	-13.801	OK	89e3c405809a53c2872179d05bda80a69503b2fb	cargo run -p jxl-encoder --release --features 'parallel butteraugli-loop ssim2-loop' --example w44_170_cjxl_step025_sweep -- --image 1475938 --effort 8 --distance-min 3.75 --distance-max 3.75 --distance-step 3.75 --strategy libjxl --corpus-manifest benchmarks/corpora/w44_170_varied_corpus.tsv
1475938	cid22	512	512	libjxl	8	4.0000	12095	12021	64.8116	67.4128	4.267397	4.848214	1998.448	1619.595	0.616	-2.6012	-11.980	23.392	OK	89e3c405809a53c2872179d05bda80a69503b2fb	cargo run -p jxl-encoder --release --features 'parallel butteraugli-loop ssim2-loop' --example w44_170_cjxl_step025_sweep -- --image 1475938 --effort 8 --distance-min 4 --distance-max 4 --distance-step 4 --strategy libjxl --corpus-manifest benchmarks/corpora/w44_170_varied_corpus.tsv
1475938	cid22	512	512	libjxl	8	4.2500	11605	11696	62.7906	66.2373	4.113441	4.405343	2016.164	1573.045	-0.778	-3.4467	-6.626	28.169	OK	89e3c405809a53c2872179d05bda80a69503b2fb	cargo run -p jxl-encoder --release --features 'parallel butteraugli-loop ssim2-loop' --example w44_170_cjxl_step025_sweep -- --image 1475938 --effort 8 --distance-min 4.25 --distance-max 4.25 --distance-step 4.25 --strategy libjxl --corpus-manifest benchmarks/corpora/w44_170_varied_corpus.tsv
1475938	cid22	512	512	libjxl	8	4.5000	11300	11266	61.0925	64.4321	4.289129	4.718859	1287.821	1601.685	0.302	-3.3395	-9.107	-19.596	OK	89e3c405809a53c2872179d05bda80a69503b2fb	cargo run -p jxl-encoder --release --features 'parallel butteraugli-loop ssim2-loop' --example w44_170_cjxl_step025_sweep -- --image 1475938 --effort 8 --distance-min 4.5 --distance-max 4.5 --distance-step 4.5 --strategy libjxl --corpus-manifest benchmarks/corpora/w44_170_varied_corpus.tsv
1475938	cid22	512	512	libjxl	8	4.7500	10438	10456	59.6199	63.0307	4.297891	5.266240	1395.753	2026.982	-0.172	-3.4108	-18.388	-31.141	OK	89e3c405809a53c2872179d05bda80a69503b2fb	cargo run -p jxl-encoder --release --features 'parallel butteraugli-loop ssim2-loop' --example w44_170_cjxl_step025_sweep -- --image 1475938 --effort 8 --distance-min 4.75 --distance-max 4.75 --distance-step 4.75 --strategy libjxl --corpus-manifest benchmarks/corpora/w44_170_varied_corpus.tsv
1475938	cid22	512	512	libjxl	8	5.0000	9907	9974	58.0494	62.2026	4.610391	4.767897	1608.228	1512.456	-0.672	-4.1533	-3.303	6.332	OK	89e3c405809a53c2872179d05bda80a69503b2fb	cargo run -p jxl-encoder --release --features 'parallel butteraugli-loop ssim2-loop' --example w44_170_cjxl_step025_sweep -- --image 1475938 --effort 8 --distance-min 5 --distance-max 5 --distance-step 5 --strategy libjxl --corpus-manifest benchmarks/corpora/w44_170_varied_corpus.tsv
1475938	cid22	512	512	libjxl	9	0.2500	85237	83423	92.9847	93.0113	0.326757	0.310211	2237.022	1940.754	2.174	-0.0266	5.334	15.266	OK	89e3c405809a53c2872179d05bda80a69503b2fb	cargo run -p jxl-encoder --release --features 'parallel butteraugli-loop ssim2-loop' --example w44_170_cjxl_step025_sweep -- --image 1475938 --effort 9 --distance-min 0.25 --distance-max 0.25 --distance-step 0.25 --strategy libjxl --corpus-manifest benchmarks/corpora/w44_170_varied_corpus.tsv
1475938	cid22	512	512	libjxl	9	0.5000	55344	53386	91.0539	91.1202	0.594929	0.616680	1829.377	2185.355	3.668	-0.0663	-3.527	-16.289	OK	89e3c405809a53c2872179d05bda80a69503b2fb	cargo run -p jxl-encoder --release --features 'parallel butteraugli-loop ssim2-loop' --example w44_170_cjxl_step025_sweep -- --image 1475938 --effort 9 --distance-min 0.5 --distance-max 0.5 --distance-step 0.5 --strategy libjxl --corpus-manifest benchmarks/corpora/w44_170_varied_corpus.tsv
1475938	cid22	512	512	libjxl	9	0.7500	39776	39172	89.4652	89.4610	0.892079	0.858041	1755.853	2060.948	1.542	0.0041	3.967	-14.804	OK	89e3c405809a53c2872179d05bda80a69503b2fb	cargo run -p jxl-encoder --release --features 'parallel butteraugli-loop ssim2-loop' --example w44_170_cjxl_step025_sweep -- --image 1475938 --effort 9 --distance-min 0.75 --distance-max 0.75 --distance-step 0.75 --strategy libjxl --corpus-manifest benchmarks/corpora/w44_170_varied_corpus.tsv
1475938	cid22	512	512	libjxl	9	1.0000	32906	32355	87.4803	87.9583	1.229702	1.101691	1927.708	2720.962	1.703	-0.4780	11.619	-29.153	OK	89e3c405809a53c2872179d05bda80a69503b2fb	cargo run -p jxl-encoder --release --features 'parallel butteraugli-loop ssim2-loop' --example w44_170_cjxl_step025_sweep -- --image 1475938 --effort 9 --distance-min 1 --distance-max 1 --distance-step 1 --strategy libjxl --corpus-manifest benchmarks/corpora/w44_170_varied_corpus.tsv
1475938	cid22	512	512	libjxl	9	1.2500	28320	27845	85.4084	85.9636	1.333516	1.340239	2171.826	2205.304	1.706	-0.5552	-0.502	-1.518	OK	89e3c405809a53c2872179d05bda80a69503b2fb	cargo run -p jxl-encoder --release --features 'parallel butteraugli-loop ssim2-loop' --example w44_170_cjxl_step025_sweep -- --image 1475938 --effort 9 --distance-min 1.25 --distance-max 1.25 --distance-step 1.25 --strategy libjxl --corpus-manifest benchmarks/corpora/w44_170_varied_corpus.tsv
1475938	cid22	512	512	libjxl	9	1.5000	25242	24820	83.4907	84.3064	1.736030	1.585492	1473.880	1807.882	1.700	-0.8158	9.495	-18.475	OK	89e3c405809a53c2872179d05bda80a69503b2fb	cargo run -p jxl-encoder --release --features 'parallel butteraugli-loop ssim2-loop' --example w44_170_cjxl_step025_sweep -- --image 1475938 --effort 9 --distance-min 1.5 --distance-max 1.5 --distance-step 1.5 --strategy libjxl --corpus-manifest benchmarks/corpora/w44_170_varied_corpus.tsv
1475938	cid22	512	512	libjxl	9	1.7500	22709	22231	81.4064	82.4294	1.901207	1.784561	2136.584	1925.720	2.150	-1.0230	6.536	10.950	OK	89e3c405809a53c2872179d05bda80a69503b2fb	cargo run -p jxl-encoder --release --features 'parallel butteraugli-loop ssim2-loop' --example w44_170_cjxl_step025_sweep -- --image 1475938 --effort 9 --distance-min 1.75 --distance-max 1.75 --distance-step 1.75 --strategy libjxl --corpus-manifest benchmarks/corpora/w44_170_varied_corpus.tsv
1475938	cid22	512	512	libjxl	9	2.0000	20800	20378	79.3503	81.0748	1.994093	2.094538	1918.235	2894.491	2.071	-1.7245	-4.796	-33.728	OK	89e3c405809a53c2872179d05bda80a69503b2fb	cargo run -p jxl-encoder --release --features 'parallel butteraugli-loop ssim2-loop' --example w44_170_cjxl_step025_sweep -- --image 1475938 --effort 9 --distance-min 2 --distance-max 2 --distance-step 2 --strategy libjxl --corpus-manifest benchmarks/corpora/w44_170_varied_corpus.tsv
1475938	cid22	512	512	libjxl	9	2.2500	18884	18583	78.0444	79.3821	2.283754	2.273550	2025.358	2404.001	1.620	-1.3376	0.449	-15.751	OK	89e3c405809a53c2872179d05bda80a69503b2fb	cargo run -p jxl-encoder --release --features 'parallel butteraugli-loop ssim2-loop' --example w44_170_cjxl_step025_sweep -- --image 1475938 --effort 9 --distance-min 2.25 --distance-max 2.25 --distance-step 2.25 --strategy libjxl --corpus-manifest benchmarks/corpora/w44_170_varied_corpus.tsv
1475938	cid22	512	512	libjxl	9	2.5000	17584	17245	75.2249	77.4108	2.934041	2.576334	2066.943	2199.359	1.966	-2.1860	13.884	-6.021	OK	89e3c405809a53c2872179d05bda80a69503b2fb	cargo run -p jxl-encoder --release --features 'parallel butteraugli-loop ssim2-loop' --example w44_170_cjxl_step025_sweep -- --image 1475938 --effort 9 --distance-min 2.5 --distance-max 2.5 --distance-step 2.5 --strategy libjxl --corpus-manifest benchmarks/corpora/w44_170_varied_corpus.tsv
1475938	cid22	512	512	libjxl	9	2.7500	16520	16052	73.8296	75.7132	2.807950	2.602637	2209.081	2195.897	2.916	-1.8836	7.889	0.600	OK	89e3c405809a53c2872179d05bda80a69503b2fb	cargo run -p jxl-encoder --release --features 'parallel butteraugli-loop ssim2-loop' --example w44_170_cjxl_step025_sweep -- --image 1475938 --effort 9 --distance-min 2.75 --distance-max 2.75 --distance-step 2.75 --strategy libjxl --corpus-manifest benchmarks/corpora/w44_170_varied_corpus.tsv
1475938	cid22	512	512	libjxl	9	3.0000	15437	15116	72.1683	74.1002	2.973850	2.984537	1930.208	2782.164	2.124	-1.9319	-0.358	-30.622	OK	89e3c405809a53c2872179d05bda80a69503b2fb	cargo run -p jxl-encoder --release --features 'parallel butteraugli-loop ssim2-loop' --example w44_170_cjxl_step025_sweep -- --image 1475938 --effort 9 --distance-min 3 --distance-max 3 --distance-step 3 --strategy libjxl --corpus-manifest benchmarks/corpora/w44_170_varied_corpus.tsv
1475938	cid22	512	512	libjxl	9	3.2500	14218	14181	69.5899	72.2135	3.451362	3.246150	1795.099	2906.830	0.261	-2.6236	6.322	-38.245	OK	89e3c405809a53c2872179d05bda80a69503b2fb	cargo run -p jxl-encoder --release --features 'parallel butteraugli-loop ssim2-loop' --example w44_170_cjxl_step025_sweep -- --image 1475938 --effort 9 --distance-min 3.25 --distance-max 3.25 --distance-step 3.25 --strategy libjxl --corpus-manifest benchmarks/corpora/w44_170_varied_corpus.tsv
1475938	cid22	512	512	libjxl	9	3.5000	13402	13341	68.2937	70.1160	3.362680	3.683844	2016.589	2348.795	0.457	-1.8223	-8.718	-14.144	OK	89e3c405809a53c2872179d05bda80a69503b2fb	cargo run -p jxl-encoder --release --features 'parallel butteraugli-loop ssim2-loop' --example w44_170_cjxl_step025_sweep -- --image 1475938 --effort 9 --distance-min 3.5 --distance-max 3.5 --distance-step 3.5 --strategy libjxl --corpus-manifest benchmarks/corpora/w44_170_varied_corpus.tsv
1475938	cid22	512	512	libjxl	9	3.7500	12642	12460	65.7343	68.5727	3.656928	3.660307	1509.486	2622.296	1.461	-2.8384	-0.092	-42.436	OK	89e3c405809a53c2872179d05bda80a69503b2fb	cargo run -p jxl-encoder --release --features 'parallel butteraugli-loop ssim2-loop' --example w44_170_cjxl_step025_sweep -- --image 1475938 --effort 9 --distance-min 3.75 --distance-max 3.75 --distance-step 3.75 --strategy libjxl --corpus-manifest benchmarks/corpora/w44_170_varied_corpus.tsv
1475938	cid22	512	512	libjxl	9	4.0000	12166	12044	64.8250	67.3928	4.113903	4.848214	2157.391	2613.175	1.013	-2.5678	-15.146	-17.442	OK	89e3c405809a53c2872179d05bda80a69503b2fb	cargo run -p jxl-encoder --release --features 'parallel butteraugli-loop ssim2-loop' --example w44_170_cjxl_step025_sweep -- --image 1475938 --effort 9 --distance-min 4 --distance-max 4 --distance-step 4 --strategy libjxl --corpus-manifest benchmarks/corpora/w44_170_varied_corpus.tsv
1475938	cid22	512	512	libjxl	9	4.2500	11746	11809	62.7906	66.2833	4.113441	3.938940	2711.039	2216.576	-0.533	-3.4928	4.430	22.308	OK	89e3c405809a53c2872179d05bda80a69503b2fb	cargo run -p jxl-encoder --release --features 'parallel butteraugli-loop ssim2-loop' --example w44_170_cjxl_step025_sweep -- --image 1475938 --effort 9 --distance-min 4.25 --distance-max 4.25 --distance-step 4.25 --strategy libjxl --corpus-manifest benchmarks/corpora/w44_170_varied_corpus.tsv
1475938	cid22	512	512	libjxl	9	4.5000	11368	11401	61.0925	64.4620	4.289129	4.611429	2182.384	2662.193	-0.289	-3.3694	-6.989	-18.023	OK	89e3c405809a53c2872179d05bda80a69503b2fb	cargo run -p jxl-encoder --release --features 'parallel butteraugli-loop ssim2-loop' --example w44_170_cjxl_step025_sweep -- --image 1475938 --effort 9 --distance-min 4.5 --distance-max 4.5 --distance-step 4.5 --strategy libjxl --corpus-manifest benchmarks/corpora/w44_170_varied_corpus.tsv
1475938	cid22	512	512	libjxl	9	4.7500	10549	10584	59.6199	63.0664	4.297891	5.128305	2297.913	2387.243	-0.331	-3.4465	-16.193	-3.742	OK	89e3c405809a53c2872179d05bda80a69503b2fb	cargo run -p jxl-encoder --release --features 'parallel butteraugli-loop ssim2-loop' --example w44_170_cjxl_step025_sweep -- --image 1475938 --effort 9 --distance-min 4.75 --distance-max 4.75 --distance-step 4.75 --strategy libjxl --corpus-manifest benchmarks/corpora/w44_170_varied_corpus.tsv
1475938	cid22	512	512	libjxl	9	5.0000	10052	10063	58.0494	62.1734	4.610391	4.767897	2122.255	2686.191	-0.109	-4.1240	-3.303	-20.994	OK	89e3c405809a53c2872179d05bda80a69503b2fb	cargo run -p jxl-encoder --release --features 'parallel butteraugli-loop ssim2-loop' --example w44_170_cjxl_step025_sweep -- --image 1475938 --effort 9 --distance-min 5 --distance-max 5 --distance-step 5 --strategy libjxl --corpus-manifest benchmarks/corpora/w44_170_varied_corpus.tsv
1531677	cid22	512	512	libjxl	5	0.2500	169510	169440	94.0243	94.0208	0.440549	0.447055	194.409	109.678	0.041	0.0035	-1.455	77.254	OK	89e3c405809a53c2872179d05bda80a69503b2fb	cargo run -p jxl-encoder --release --features 'parallel butteraugli-loop ssim2-loop' --example w44_170_cjxl_step025_sweep -- --image 1531677 --effort 5 --distance-min 0.25 --distance-max 0.25 --distance-step 0.25 --strategy libjxl --corpus-manifest benchmarks/corpora/w44_170_varied_corpus.tsv
1531677	cid22	512	512	libjxl	5	0.5000	120047	120215	90.6727	90.7853	0.813854	0.814778	236.154	259.639	-0.140	-0.1126	-0.113	-9.045	OK	89e3c405809a53c2872179d05bda80a69503b2fb	cargo run -p jxl-encoder --release --features 'parallel butteraugli-loop ssim2-loop' --example w44_170_cjxl_step025_sweep -- --image 1531677 --effort 5 --distance-min 0.5 --distance-max 0.5 --distance-step 0.5 --strategy libjxl --corpus-manifest benchmarks/corpora/w44_170_varied_corpus.tsv
1531677	cid22	512	512	libjxl	5	0.7500	98697	99006	88.0790	88.1484	0.995342	1.004402	302.485	191.423	-0.312	-0.0694	-0.902	58.019	OK	89e3c405809a53c2872179d05bda80a69503b2fb	cargo run -p jxl-encoder --release --features 'parallel butteraugli-loop ssim2-loop' --example w44_170_cjxl_step025_sweep -- --image 1531677 --effort 5 --distance-min 0.75 --distance-max 0.75 --distance-step 0.75 --strategy libjxl --corpus-manifest benchmarks/corpora/w44_170_varied_corpus.tsv
1531677	cid22	512	512	libjxl	5	1.0000	82977	83207	85.1925	85.4174	1.276017	1.251395	288.733	234.199	-0.276	-0.2249	1.968	23.286	OK	89e3c405809a53c2872179d05bda80a69503b2fb	cargo run -p jxl-encoder --release --features 'parallel butteraugli-loop ssim2-loop' --example w44_170_cjxl_step025_sweep -- --image 1531677 --effort 5 --distance-min 1 --distance-max 1 --distance-step 1 --strategy libjxl --corpus-manifest benchmarks/corpora/w44_170_varied_corpus.tsv
1531677	cid22	512	512	libjxl	5	1.2500	71523	71833	82.4393	82.7346	1.717965	1.752280	332.984	301.952	-0.432	-0.2953	-1.958	10.277	OK	89e3c405809a53c2872179d05bda80a69503b2fb	cargo run -p jxl-encoder --release --features 'parallel butteraugli-loop ssim2-loop' --example w44_170_cjxl_step025_sweep -- --image 1531677 --effort 5 --distance-min 1.25 --distance-max 1.25 --distance-step 1.25 --strategy libjxl --corpus-manifest benchmarks/corpora/w44_170_varied_corpus.tsv
1531677	cid22	512	512	libjxl	5	1.5000	62784	62888	79.4337	79.8884	2.002252	2.006012	347.052	282.518	-0.165	-0.4547	-0.187	22.842	OK	89e3c405809a53c2872179d05bda80a69503b2fb	cargo run -p jxl-encoder --release --features 'parallel butteraugli-loop ssim2-loop' --example w44_170_cjxl_step025_sweep -- --image 1531677 --effort 5 --distance-min 1.5 --distance-max 1.5 --distance-step 1.5 --strategy libjxl --corpus-manifest benchmarks/corpora/w44_170_varied_corpus.tsv
1531677	cid22	512	512	libjxl	5	1.7500	55659	55520	76.9960	77.3191	2.095486	2.098441	339.075	303.141	0.250	-0.3232	-0.141	11.854	OK	89e3c405809a53c2872179d05bda80a69503b2fb	cargo run -p jxl-encoder --release --features 'parallel butteraugli-loop ssim2-loop' --example w44_170_cjxl_step025_sweep -- --image 1531677 --effort 5 --distance-min 1.75 --distance-max 1.75 --distance-step 1.75 --strategy libjxl --corpus-manifest benchmarks/corpora/w44_170_varied_corpus.tsv
1531677	cid22	512	512	libjxl	5	2.0000	49612	49240	74.3650	74.7250	2.789727	2.743781	233.459	307.834	0.755	-0.3600	1.675	-24.161	OK	89e3c405809a53c2872179d05bda80a69503b2fb	cargo run -p jxl-encoder --release --features 'parallel butteraugli-loop ssim2-loop' --example w44_170_cjxl_step025_sweep -- --image 1531677 --effort 5 --distance-min 2 --distance-max 2 --distance-step 2 --strategy libjxl --corpus-manifest benchmarks/corpora/w44_170_varied_corpus.tsv
1531677	cid22	512	512	libjxl	5	2.2500	44351	43640	72.0627	71.7502	2.745317	2.747221	287.518	236.077	1.629	0.3125	-0.069	21.790	OK	89e3c405809a53c2872179d05bda80a69503b2fb	cargo run -p jxl-encoder --release --features 'parallel butteraugli-loop ssim2-loop' --example w44_170_cjxl_step025_sweep -- --image 1531677 --effort 5 --distance-min 2.25 --distance-max 2.25 --distance-step 2.25 --strategy libjxl --corpus-manifest benchmarks/corpora/w44_170_varied_corpus.tsv
1531677	cid22	512	512	libjxl	5	2.5000	40569	39062	69.5804	69.5099	2.834092	2.893104	317.075	209.974	3.858	0.0705	-2.040	51.007	OK	89e3c405809a53c2872179d05bda80a69503b2fb	cargo run -p jxl-encoder --release --features 'parallel butteraugli-loop ssim2-loop' --example w44_170_cjxl_step025_sweep -- --image 1531677 --effort 5 --distance-min 2.5 --distance-max 2.5 --distance-step 2.5 --strategy libjxl --corpus-manifest benchmarks/corpora/w44_170_varied_corpus.tsv
1531677	cid22	512	512	libjxl	5	2.7500	36401	35409	66.7399	66.9920	3.230971	3.206180	284.323	258.886	2.802	-0.2521	0.773	9.825	OK	89e3c405809a53c2872179d05bda80a69503b2fb	cargo run -p jxl-encoder --release --features 'parallel butteraugli-loop ssim2-loop' --example w44_170_cjxl_step025_sweep -- --image 1531677 --effort 5 --distance-min 2.75 --distance-max 2.75 --distance-step 2.75 --strategy libjxl --corpus-manifest benchmarks/corpora/w44_170_varied_corpus.tsv
1531677	cid22	512	512	libjxl	5	3.0000	33424	32095	64.3600	64.8653	3.343379	3.277554	285.536	384.015	4.141	-0.5053	2.008	-25.645	OK	89e3c405809a53c2872179d05bda80a69503b2fb	cargo run -p jxl-encoder --release --features 'parallel butteraugli-loop ssim2-loop' --example w44_170_cjxl_step025_sweep -- --image 1531677 --effort 5 --distance-min 3 --distance-max 3 --distance-step 3 --strategy libjxl --corpus-manifest benchmarks/corpora/w44_170_varied_corpus.tsv
1531677	cid22	512	512	libjxl	5	3.2500	30304	29390	62.1763	62.4924	3.512689	3.553176	283.497	216.595	3.110	-0.3161	-1.139	30.888	OK	89e3c405809a53c2872179d05bda80a69503b2fb	cargo run -p jxl-encoder --release --features 'parallel butteraugli-loop ssim2-loop' --example w44_170_cjxl_step025_sweep -- --image 1531677 --effort 5 --distance-min 3.25 --distance-max 3.25 --distance-step 3.25 --strategy libjxl --corpus-manifest benchmarks/corpora/w44_170_varied_corpus.tsv
1531677	cid22	512	512	libjxl	5	3.5000	29470	27097	60.4217	60.7084	3.823446	3.717794	263.356	236.595	8.757	-0.2866	2.842	11.311	OK	89e3c405809a53c2872179d05bda80a69503b2fb	cargo run -p jxl-encoder --release --features 'parallel butteraugli-loop ssim2-loop' --example w44_170_cjxl_step025_sweep -- --image 1531677 --effort 5 --distance-min 3.5 --distance-max 3.5 --distance-step 3.5 --strategy libjxl --corpus-manifest benchmarks/corpora/w44_170_varied_corpus.tsv
1531677	cid22	512	512	libjxl	5	3.7500	27520	25464	58.6743	59.0683	3.978556	4.237746	274.684	235.077	8.074	-0.3940	-6.116	16.849	OK	89e3c405809a53c2872179d05bda80a69503b2fb	cargo run -p jxl-encoder --release --features 'parallel butteraugli-loop ssim2-loop' --example w44_170_cjxl_step025_sweep -- --image 1531677 --effort 5 --distance-min 3.75 --distance-max 3.75 --distance-step 3.75 --strategy libjxl --corpus-manifest benchmarks/corpora/w44_170_varied_corpus.tsv
1531677	cid22	512	512	libjxl	5	4.0000	26036	24216	56.6643	54.0598	4.431508	4.215425	495.848	233.535	7.516	2.6046	5.126	112.323	OK	89e3c405809a53c2872179d05bda80a69503b2fb	cargo run -p jxl-encoder --release --features 'parallel butteraugli-loop ssim2-loop' --example w44_170_cjxl_step025_sweep -- --image 1531677 --effort 5 --distance-min 4 --distance-max 4 --distance-step 4 --strategy libjxl --corpus-manifest benchmarks/corpora/w44_170_varied_corpus.tsv
1531677	cid22	512	512	libjxl	5	4.2500	23946	23084	55.0548	52.1684	4.600490	4.240118	502.952	208.718	3.734	2.8863	8.499	140.972	OK	89e3c405809a53c2872179d05bda80a69503b2fb	cargo run -p jxl-encoder --release --features 'parallel butteraugli-loop ssim2-loop' --example w44_170_cjxl_step025_sweep -- --image 1531677 --effort 5 --distance-min 4.25 --distance-max 4.25 --distance-step 4.25 --strategy libjxl --corpus-manifest benchmarks/corpora/w44_170_varied_corpus.tsv
1531677	cid22	512	512	libjxl	5	4.5000	22603	21962	53.2096	50.0921	4.478327	4.337692	424.770	219.199	2.919	3.1175	3.242	93.783	OK	89e3c405809a53c2872179d05bda80a69503b2fb	cargo run -p jxl-encoder --release --features 'parallel butteraugli-loop ssim2-loop' --example w44_170_cjxl_step025_sweep -- --image 1531677 --effort 5 --distance-min 4.5 --distance-max 4.5 --distance-step 4.5 --strategy libjxl --corpus-manifest benchmarks/corpora/w44_170_varied_corpus.tsv
1531677	cid22	512	512	libjxl	5	4.7500	22887	20949	51.8185	48.2689	4.712800	4.766497	253.951	331.990	9.251	3.5496	-1.127	-23.507	OK	89e3c405809a53c2872179d05bda80a69503b2fb	cargo run -p jxl-encoder --release --features 'parallel butteraugli-loop ssim2-loop' --example w44_170_cjxl_step025_sweep -- --image 1531677 --effort 5 --distance-min 4.75 --distance-max 4.75 --distance-step 4.75 --strategy libjxl --corpus-manifest benchmarks/corpora/w44_170_varied_corpus.tsv
1531677	cid22	512	512	libjxl	5	5.0000	21878	20227	50.1904	46.7910	4.616361	4.531577	342.465	228.120	8.162	3.3994	1.871	50.125	OK	89e3c405809a53c2872179d05bda80a69503b2fb	cargo run -p jxl-encoder --release --features 'parallel butteraugli-loop ssim2-loop' --example w44_170_cjxl_step025_sweep -- --image 1531677 --effort 5 --distance-min 5 --distance-max 5 --distance-step 5 --strategy libjxl --corpus-manifest benchmarks/corpora/w44_170_varied_corpus.tsv
1531677	cid22	512	512	libjxl	6	0.2500	169537	169526	94.0260	94.0199	0.440549	0.447055	267.222	370.803	0.006	0.0061	-1.455	-27.934	OK	89e3c405809a53c2872179d05bda80a69503b2fb	cargo run -p jxl-encoder --release --features 'parallel butteraugli-loop ssim2-loop' --example w44_170_cjxl_step025_sweep -- --image 1531677 --effort 6 --distance-min 0.25 --distance-max 0.25 --distance-step 0.25 --strategy libjxl --corpus-manifest benchmarks/corpora/w44_170_varied_corpus.tsv
1531677	cid22	512	512	libjxl	6	0.5000	120063	120237	90.7132	90.7996	0.813854	0.814778	277.304	271.313	-0.145	-0.0863	-0.113	2.208	OK	89e3c405809a53c2872179d05bda80a69503b2fb	cargo run -p jxl-encoder --release --features 'parallel butteraugli-loop ssim2-loop' --example w44_170_cjxl_step025_sweep -- --image 1531677 --effort 6 --distance-min 0.5 --distance-max 0.5 --distance-step 0.5 --strategy libjxl --corpus-manifest benchmarks/corpora/w44_170_varied_corpus.tsv
1531677	cid22	512	512	libjxl	6	0.7500	98444	99165	88.0280	88.1826	0.995285	1.009501	343.582	607.228	-0.727	-0.1546	-1.408	-43.418	OK	89e3c405809a53c2872179d05bda80a69503b2fb	cargo run -p jxl-encoder --release --features 'parallel butteraugli-loop ssim2-loop' --example w44_170_cjxl_step025_sweep -- --image 1531677 --effort 6 --distance-min 0.75 --distance-max 0.75 --distance-step 0.75 --strategy libjxl --corpus-manifest benchmarks/corpora/w44_170_varied_corpus.tsv
1531677	cid22	512	512	libjxl	6	1.0000	82617	83289	85.1265	85.4028	1.265687	1.263211	363.245	626.689	-0.807	-0.2763	0.196	-42.037	OK	89e3c405809a53c2872179d05bda80a69503b2fb	cargo run -p jxl-encoder --release --features 'parallel butteraugli-loop ssim2-loop' --example w44_170_cjxl_step025_sweep -- --image 1531677 --effort 6 --distance-min 1 --distance-max 1 --distance-step 1 --strategy libjxl --corpus-manifest benchmarks/corpora/w44_170_varied_corpus.tsv
1531677	cid22	512	512	libjxl	6	1.2500	71239	71879	82.2664	82.6204	1.717808	1.708816	303.913	391.578	-0.890	-0.3541	0.526	-22.388	OK	89e3c405809a53c2872179d05bda80a69503b2fb	cargo run -p jxl-encoder --release --features 'parallel butteraugli-loop ssim2-loop' --example w44_170_cjxl_step025_sweep -- --image 1531677 --effort 6 --distance-min 1.25 --distance-max 1.25 --distance-step 1.25 --strategy libjxl --corpus-manifest benchmarks/corpora/w44_170_varied_corpus.tsv
1531677	cid22	512	512	libjxl	6	1.5000	62438	62902	79.3446	79.9548	2.002349	1.991889	191.438	449.314	-0.738	-0.6102	0.525	-57.393	OK	89e3c405809a53c2872179d05bda80a69503b2fb	cargo run -p jxl-encoder --release --features 'parallel butteraugli-loop ssim2-loop' --example w44_170_cjxl_step025_sweep -- --image 1531677 --effort 6 --distance-min 1.5 --distance-max 1.5 --distance-step 1.5 --strategy libjxl --corpus-manifest benchmarks/corpora/w44_170_varied_corpus.tsv
1531677	cid22	512	512	libjxl	6	1.7500	55465	55790	76.8888	77.4111	2.096844	2.090323	316.165	413.200	-0.583	-0.5223	0.312	-23.484	OK	89e3c405809a53c2872179d05bda80a69503b2fb	cargo run -p jxl-encoder --release --features 'parallel butteraugli-loop ssim2-loop' --example w44_170_cjxl_step025_sweep -- --image 1531677 --effort 6 --distance-min 1.75 --distance-max 1.75 --distance-step 1.75 --strategy libjxl --corpus-manifest benchmarks/corpora/w44_170_varied_corpus.tsv
1531677	cid22	512	512	libjxl	6	2.0000	50218	49650	74.3733	74.7276	2.353977	2.361437	267.053	439.329	1.144	-0.3543	-0.316	-39.213	OK	89e3c405809a53c2872179d05bda80a69503b2fb	cargo run -p jxl-encoder --release --features 'parallel butteraugli-loop ssim2-loop' --example w44_170_cjxl_step025_sweep -- --image 1531677 --effort 6 --distance-min 2 --distance-max 2 --distance-step 2 --strategy libjxl --corpus-manifest benchmarks/corpora/w44_170_varied_corpus.tsv
1531677	cid22	512	512	libjxl	6	2.2500	44188	43858	71.9984	72.0413	2.746150	2.736697	278.376	457.664	0.752	-0.0428	0.345	-39.174	OK	89e3c405809a53c2872179d05bda80a69503b2fb	cargo run -p jxl-encoder --release --features 'parallel butteraugli-loop ssim2-loop' --example w44_170_cjxl_step025_sweep -- --image 1531677 --effort 6 --distance-min 2.25 --distance-max 2.25 --distance-step 2.25 --strategy libjxl --corpus-manifest benchmarks/corpora/w44_170_varied_corpus.tsv
1531677	cid22	512	512	libjxl	6	2.5000	40644	39533	69.5350	69.9164	2.921043	2.906096	277.369	319.325	2.810	-0.3814	0.514	-13.139	OK	89e3c405809a53c2872179d05bda80a69503b2fb	cargo run -p jxl-encoder --release --features 'parallel butteraugli-loop ssim2-loop' --example w44_170_cjxl_step025_sweep -- --image 1531677 --effort 6 --distance-min 2.5 --distance-max 2.5 --distance-step 2.5 --strategy libjxl --corpus-manifest benchmarks/corpora/w44_170_varied_corpus.tsv
1531677	cid22	512	512	libjxl	6	2.7500	37205	35968	66.6335	67.6079	3.313222	3.288436	344.716	354.440	3.439	-0.9744	0.754	-2.744	OK	89e3c405809a53c2872179d05bda80a69503b2fb	cargo run -p jxl-encoder --release --features 'parallel butteraugli-loop ssim2-loop' --example w44_170_cjxl_step025_sweep -- --image 1531677 --effort 6 --distance-min 2.75 --distance-max 2.75 --distance-step 2.75 --strategy libjxl --corpus-manifest benchmarks/corpora/w44_170_varied_corpus.tsv
1531677	cid22	512	512	libjxl	6	3.0000	32187	32674	64.3585	65.1184	3.337681	3.316137	370.165	439.555	-1.490	-0.7599	0.650	-15.786	OK	89e3c405809a53c2872179d05bda80a69503b2fb	cargo run -p jxl-encoder --release --features 'parallel butteraugli-loop ssim2-loop' --example w44_170_cjxl_step025_sweep -- --image 1531677 --effort 6 --distance-min 3 --distance-max 3 --distance-step 3 --strategy libjxl --corpus-manifest benchmarks/corpora/w44_170_varied_corpus.tsv
1531677	cid22	512	512	libjxl	6	3.2500	30641	30086	62.2285	63.0838	3.512689	3.484797	348.667	524.921	1.845	-0.8553	0.800	-33.577	OK	89e3c405809a53c2872179d05bda80a69503b2fb	cargo run -p jxl-encoder --release --features 'parallel butteraugli-loop ssim2-loop' --example w44_170_cjxl_step025_sweep -- --image 1531677 --effort 6 --distance-min 3.25 --distance-max 3.25 --distance-step 3.25 --strategy libjxl --corpus-manifest benchmarks/corpora/w44_170_varied_corpus.tsv
1531677	cid22	512	512	libjxl	6	3.5000	29247	27803	60.4912	61.3708	3.823354	3.680226	346.037	470.467	5.194	-0.8796	3.889	-26.448	OK	89e3c405809a53c2872179d05bda80a69503b2fb	cargo run -p jxl-encoder --release --features 'parallel butteraugli-loop ssim2-loop' --example w44_170_cjxl_step025_sweep -- --image 1531677 --effort 6 --distance-min 3.5 --distance-max 3.5 --distance-step 3.5 --strategy libjxl --corpus-manifest benchmarks/corpora/w44_170_varied_corpus.tsv
1531677	cid22	512	512	libjxl	6	3.7500	27417	26148	58.7265	59.8304	4.114996	4.099417	402.615	520.911	4.853	-1.1039	0.380	-22.709	OK	89e3c405809a53c2872179d05bda80a69503b2fb	cargo run -p jxl-encoder --release --features 'parallel butteraugli-loop ssim2-loop' --example w44_170_cjxl_step025_sweep -- --image 1531677 --effort 6 --distance-min 3.75 --distance-max 3.75 --distance-step 3.75 --strategy libjxl --corpus-manifest benchmarks/corpora/w44_170_varied_corpus.tsv
1531677	cid22	512	512	libjxl	6	4.0000	25728	24881	56.7333	57.8238	4.433140	4.070038	424.065	419.616	3.404	-1.0905	8.921	1.060	OK	89e3c405809a53c2872179d05bda80a69503b2fb	cargo run -p jxl-encoder --release --features 'parallel butteraugli-loop ssim2-loop' --example w44_170_cjxl_step025_sweep -- --image 1531677 --effort 6 --distance-min 4 --distance-max 4 --distance-step 4 --strategy libjxl --corpus-manifest benchmarks/corpora/w44_170_varied_corpus.tsv
1531677	cid22	512	512	libjxl	6	4.2500	25167	23700	55.0879	55.9915	4.600490	4.490708	437.354	555.901	6.190	-0.9036	2.445	-21.325	OK	89e3c405809a53c2872179d05bda80a69503b2fb	cargo run -p jxl-encoder --release --features 'parallel butteraugli-loop ssim2-loop' --example w44_170_cjxl_step025_sweep -- --image 1531677 --effort 6 --distance-min 4.25 --distance-max 4.25 --distance-step 4.25 --strategy libjxl --corpus-manifest benchmarks/corpora/w44_170_varied_corpus.tsv
1531677	cid22	512	512	libjxl	6	4.5000	23934	22517	53.1447	54.2756	4.478327	4.230068	483.676	457.920	6.293	-1.1309	5.869	5.624	OK	89e3c405809a53c2872179d05bda80a69503b2fb	cargo run -p jxl-encoder --release --features 'parallel butteraugli-loop ssim2-loop' --example w44_170_cjxl_step025_sweep -- --image 1531677 --effort 6 --distance-min 4.5 --distance-max 4.5 --distance-step 4.5 --strategy libjxl --corpus-manifest benchmarks/corpora/w44_170_varied_corpus.tsv
1531677	cid22	512	512	libjxl	6	4.7500	22654	21411	51.7261	53.3180	4.712800	4.624206	376.536	521.877	5.805	-1.5919	1.916	-27.850	OK	89e3c405809a53c2872179d05bda80a69503b2fb	cargo run -p jxl-encoder --release --features 'parallel butteraugli-loop ssim2-loop' --example w44_170_cjxl_step025_sweep -- --image 1531677 --effort 6 --distance-min 4.75 --distance-max 4.75 --distance-step 4.75 --strategy libjxl --corpus-manifest benchmarks/corpora/w44_170_varied_corpus.tsv
1531677	cid22	512	512	libjxl	6	5.0000	21693	20560	50.1277	51.9585	4.616361	4.500546	370.962	411.015	5.511	-1.8307	2.573	-9.745	OK	89e3c405809a53c2872179d05bda80a69503b2fb	cargo run -p jxl-encoder --release --features 'parallel butteraugli-loop ssim2-loop' --example w44_170_cjxl_step025_sweep -- --image 1531677 --effort 6 --distance-min 5 --distance-max 5 --distance-step 5 --strategy libjxl --corpus-manifest benchmarks/corpora/w44_170_varied_corpus.tsv
1531677	cid22	512	512	libjxl	7	0.2500	170737	169463	93.8552	93.9778	0.440549	0.446266	254.584	341.875	0.752	-0.1226	-1.281	-25.533	OK	89e3c405809a53c2872179d05bda80a69503b2fb	cargo run -p jxl-encoder --release --features 'parallel butteraugli-loop ssim2-loop' --example w44_170_cjxl_step025_sweep -- --image 1531677 --effort 7 --distance-min 0.25 --distance-max 0.25 --distance-step 0.25 --strategy libjxl --corpus-manifest benchmarks/corpora/w44_170_varied_corpus.tsv
1531677	cid22	512	512	libjxl	7	0.5000	120834	120274	90.0914	90.7934	0.814145	0.814782	450.092	396.361	0.466	-0.7020	-0.078	13.556	OK	89e3c405809a53c2872179d05bda80a69503b2fb	cargo run -p jxl-encoder --release --features 'parallel butteraugli-loop ssim2-loop' --example w44_170_cjxl_step025_sweep -- --image 1531677 --effort 7 --distance-min 0.5 --distance-max 0.5 --distance-step 0.5 --strategy libjxl --corpus-manifest benchmarks/corpora/w44_170_varied_corpus.tsv
1531677	cid22	512	512	libjxl	7	0.7500	99159	99157	86.1778	88.2158	0.995296	1.009547	403.645	504.581	0.002	-2.0380	-1.412	-20.004	OK	89e3c405809a53c2872179d05bda80a69503b2fb	cargo run -p jxl-encoder --release --features 'parallel butteraugli-loop ssim2-loop' --example w44_170_cjxl_step025_sweep -- --image 1531677 --effort 7 --distance-min 0.75 --distance-max 0.75 --distance-step 0.75 --strategy libjxl --corpus-manifest benchmarks/corpora/w44_170_varied_corpus.tsv
1531677	cid22	512	512	libjxl	7	1.0000	83177	83326	84.1630	85.4008	1.271949	1.263743	295.188	554.194	-0.179	-1.2378	0.649	-46.736	OK	89e3c405809a53c2872179d05bda80a69503b2fb	cargo run -p jxl-encoder --release --features 'parallel butteraugli-loop ssim2-loop' --example w44_170_cjxl_step025_sweep -- --image 1531677 --effort 7 --distance-min 1 --distance-max 1 --distance-step 1 --strategy libjxl --corpus-manifest benchmarks/corpora/w44_170_varied_corpus.tsv
1531677	cid22	512	512	libjxl	7	1.2500	74274	71910	80.2432	82.6421	1.853776	1.708816	392.135	575.209	3.287	-2.3988	8.483	-31.827	OK	89e3c405809a53c2872179d05bda80a69503b2fb	cargo run -p jxl-encoder --release --features 'parallel butteraugli-loop ssim2-loop' --example w44_170_cjxl_step025_sweep -- --image 1531677 --effort 7 --distance-min 1.25 --distance-max 1.25 --distance-step 1.25 --strategy libjxl --corpus-manifest benchmarks/corpora/w44_170_varied_corpus.tsv
1531677	cid22	512	512	libjxl	7	1.5000	66113	62861	75.0748	80.0099	2.695119	1.991889	392.556	517.869	5.173	-4.9351	35.305	-24.198	OK	89e3c405809a53c2872179d05bda80a69503b2fb	cargo run -p jxl-encoder --release --features 'parallel butteraugli-loop ssim2-loop' --example w44_170_cjxl_step025_sweep -- --image 1531677 --effort 7 --distance-min 1.5 --distance-max 1.5 --distance-step 1.5 --strategy libjxl --corpus-manifest benchmarks/corpora/w44_170_varied_corpus.tsv
1531677	cid22	512	512	libjxl	7	1.7500	58056	55792	71.1458	77.4017	3.490676	2.090323	398.610	497.453	4.058	-6.2558	66.992	-19.870	OK	89e3c405809a53c2872179d05bda80a69503b2fb	cargo run -p jxl-encoder --release --features 'parallel butteraugli-loop ssim2-loop' --example w44_170_cjxl_step025_sweep -- --image 1531677 --effort 7 --distance-min 1.75 --distance-max 1.75 --distance-step 1.75 --strategy libjxl --corpus-manifest benchmarks/corpora/w44_170_varied_corpus.tsv
1531677	cid22	512	512	libjxl	7	2.0000	54479	49664	68.4443	74.7450	3.499120	2.329872	347.579	653.345	9.695	-6.3007	50.185	-46.800	OK	89e3c405809a53c2872179d05bda80a69503b2fb	cargo run -p jxl-encoder --release --features 'parallel butteraugli-loop ssim2-loop' --example w44_170_cjxl_step025_sweep -- --image 1531677 --effort 7 --distance-min 2 --distance-max 2 --distance-step 2 --strategy libjxl --corpus-manifest benchmarks/corpora/w44_170_varied_corpus.tsv
1531677	cid22	512	512	libjxl	7	2.2500	49033	43869	64.9356	72.1484	3.189174	2.737184	363.873	579.964	11.771	-7.2128	16.513	-37.259	OK	89e3c405809a53c2872179d05bda80a69503b2fb	cargo run -p jxl-encoder --release --features 'parallel butteraugli-loop ssim2-loop' --example w44_170_cjxl_step025_sweep -- --image 1531677 --effort 7 --distance-min 2.25 --distance-max 2.25 --distance-step 2.25 --strategy libjxl --corpus-manifest benchmarks/corpora/w44_170_varied_corpus.tsv
1531677	cid22	512	512	libjxl	7	2.5000	44665	39504	61.5974	69.9127	4.093742	2.906096	248.753	519.462	13.064	-8.3153	40.867	-52.113	OK	89e3c405809a53c2872179d05bda80a69503b2fb	cargo run -p jxl-encoder --release --features 'parallel butteraugli-loop ssim2-loop' --example w44_170_cjxl_step025_sweep -- --image 1531677 --effort 7 --distance-min 2.5 --distance-max 2.5 --distance-step 2.5 --strategy libjxl --corpus-manifest benchmarks/corpora/w44_170_varied_corpus.tsv
1531677	cid22	512	512	libjxl	7	2.7500	42738	35969	57.0792	67.6175	3.895025	3.287836	371.140	336.926	18.819	-10.5383	18.468	10.155	OK	89e3c405809a53c2872179d05bda80a69503b2fb	cargo run -p jxl-encoder --release --features 'parallel butteraugli-loop ssim2-loop' --example w44_170_cjxl_step025_sweep -- --image 1531677 --effort 7 --distance-min 2.75 --distance-max 2.75 --distance-step 2.75 --strategy libjxl --corpus-manifest benchmarks/corpora/w44_170_varied_corpus.tsv
1531677	cid22	512	512	libjxl	7	3.0000	38346	32698	55.1068	65.2641	4.605295	3.261528	396.905	431.552	17.273	-10.1572	41.201	-8.028	OK	89e3c405809a53c2872179d05bda80a69503b2fb	cargo run -p jxl-encoder --release --features 'parallel butteraugli-loop ssim2-loop' --example w44_170_cjxl_step025_sweep -- --image 1531677 --effort 7 --distance-min 3 --distance-max 3 --distance-step 3 --strategy libjxl --corpus-manifest benchmarks/corpora/w44_170_varied_corpus.tsv
1531677	cid22	512	512	libjxl	7	3.2500	36096	30151	51.5275	63.1615	4.751079	3.496032	433.694	402.952	19.717	-11.6340	35.899	7.629	OK	89e3c405809a53c2872179d05bda80a69503b2fb	cargo run -p jxl-encoder --release --features 'parallel butteraugli-loop ssim2-loop' --example w44_170_cjxl_step025_sweep -- --image 1531677 --effort 7 --distance-min 3.25 --distance-max 3.25 --distance-step 3.25 --strategy libjxl --corpus-manifest benchmarks/corpora/w44_170_varied_corpus.tsv
1531677	cid22	512	512	libjxl	7	3.5000	35855	27823	48.5874	61.3647	5.114310	3.628610	241.779	618.902	28.868	-12.7773	40.944	-60.934	OK	89e3c405809a53c2872179d05bda80a69503b2fb	cargo run -p jxl-encoder --release --features 'parallel butteraugli-loop ssim2-loop' --example w44_170_cjxl_step025_sweep -- --image 1531677 --effort 7 --distance-min 3.5 --distance-max 3.5 --distance-step 3.5 --strategy libjxl --corpus-manifest benchmarks/corpora/w44_170_varied_corpus.tsv
1531677	cid22	512	512	libjxl	7	3.7500	32369	26211	47.9305	59.7330	5.340861	4.149543	369.083	426.509	23.494	-11.8025	28.710	-13.464	OK	89e3c405809a53c2872179d05bda80a69503b2fb	cargo run -p jxl-encoder --release --features 'parallel butteraugli-loop ssim2-loop' --example w44_170_cjxl_step025_sweep -- --image 1531677 --effort 7 --distance-min 3.75 --distance-max 3.75 --distance-step 3.75 --strategy libjxl --corpus-manifest benchmarks/corpora/w44_170_varied_corpus.tsv
1531677	cid22	512	512	libjxl	7	4.0000	31548	24918	44.8724	57.8301	6.661409	4.064468	342.494	639.916	26.607	-12.9577	63.894	-46.478	OK	89e3c405809a53c2872179d05bda80a69503b2fb	cargo run -p jxl-encoder --release --features 'parallel butteraugli-loop ssim2-loop' --example w44_170_cjxl_step025_sweep -- --image 1531677 --effort 7 --distance-min 4 --distance-max 4 --distance-step 4 --strategy libjxl --corpus-manifest benchmarks/corpora/w44_170_varied_corpus.tsv
1531677	cid22	512	512	libjxl	7	4.2500	30823	23691	43.4387	56.0713	6.858850	4.424093	513.040	379.952	30.104	-12.6326	55.034	35.027	OK	89e3c405809a53c2872179d05bda80a69503b2fb	cargo run -p jxl-encoder --release --features 'parallel butteraugli-loop ssim2-loop' --example w44_170_cjxl_step025_sweep -- --image 1531677 --effort 7 --distance-min 4.25 --distance-max 4.25 --distance-step 4.25 --strategy libjxl --corpus-manifest benchmarks/corpora/w44_170_varied_corpus.tsv
1531677	cid22	512	512	libjxl	7	4.5000	29479	22647	40.9485	54.2878	6.329857	4.235520	526.088	427.958	30.167	-13.3393	49.447	22.930	OK	89e3c405809a53c2872179d05bda80a69503b2fb	cargo run -p jxl-encoder --release --features 'parallel butteraugli-loop ssim2-loop' --example w44_170_cjxl_step025_sweep -- --image 1531677 --effort 7 --distance-min 4.5 --distance-max 4.5 --distance-step 4.5 --strategy libjxl --corpus-manifest benchmarks/corpora/w44_170_varied_corpus.tsv
1531677	cid22	512	512	libjxl	7	4.7500	28081	21450	38.9494	53.1524	6.541285	4.583351	286.867	452.188	30.914	-14.2029	42.718	-36.560	OK	89e3c405809a53c2872179d05bda80a69503b2fb	cargo run -p jxl-encoder --release --features 'parallel butteraugli-loop ssim2-loop' --example w44_170_cjxl_step025_sweep -- --image 1531677 --effort 7 --distance-min 4.75 --distance-max 4.75 --distance-step 4.75 --strategy libjxl --corpus-manifest benchmarks/corpora/w44_170_varied_corpus.tsv
1531677	cid22	512	512	libjxl	7	5.0000	27138	20620	37.3416	51.9966	6.603628	4.498281	406.887	352.953	31.610	-14.6551	46.803	15.281	OK	89e3c405809a53c2872179d05bda80a69503b2fb	cargo run -p jxl-encoder --release --features 'parallel butteraugli-loop ssim2-loop' --example w44_170_cjxl_step025_sweep -- --image 1531677 --effort 7 --distance-min 5 --distance-max 5 --distance-step 5 --strategy libjxl --corpus-manifest benchmarks/corpora/w44_170_varied_corpus.tsv
1531677	cid22	512	512	libjxl	8	0.2500	174536	172934	94.1333	94.2197	0.377338	0.373383	941.301	1353.381	0.926	-0.0864	1.059	-30.448	OK	89e3c405809a53c2872179d05bda80a69503b2fb	cargo run -p jxl-encoder --release --features 'parallel butteraugli-loop ssim2-loop' --example w44_170_cjxl_step025_sweep -- --image 1531677 --effort 8 --distance-min 0.25 --distance-max 0.25 --distance-step 0.25 --strategy libjxl --corpus-manifest benchmarks/corpora/w44_170_varied_corpus.tsv
1531677	cid22	512	512	libjxl	8	0.5000	123108	122603	90.6379	90.8098	0.686013	0.687075	919.936	1653.829	0.412	-0.1719	-0.155	-44.375	OK	89e3c405809a53c2872179d05bda80a69503b2fb	cargo run -p jxl-encoder --release --features 'parallel butteraugli-loop ssim2-loop' --example w44_170_cjxl_step025_sweep -- --image 1531677 --effort 8 --distance-min 0.5 --distance-max 0.5 --distance-step 0.5 --strategy libjxl --corpus-manifest benchmarks/corpora/w44_170_varied_corpus.tsv
1531677	cid22	512	512	libjxl	8	0.7500	95557	95563	85.5548	87.5098	0.966175	0.943440	1267.025	1378.437	-0.006	-1.9550	2.410	-8.082	OK	89e3c405809a53c2872179d05bda80a69503b2fb	cargo run -p jxl-encoder --release --features 'parallel butteraugli-loop ssim2-loop' --example w44_170_cjxl_step025_sweep -- --image 1531677 --effort 8 --distance-min 0.75 --distance-max 0.75 --distance-step 0.75 --strategy libjxl --corpus-manifest benchmarks/corpora/w44_170_varied_corpus.tsv
1531677	cid22	512	512	libjxl	8	1.0000	79391	79804	83.4677	84.8113	1.273308	1.253318	1091.262	1772.471	-0.518	-1.3436	1.595	-38.433	OK	89e3c405809a53c2872179d05bda80a69503b2fb	cargo run -p jxl-encoder --release --features 'parallel butteraugli-loop ssim2-loop' --example w44_170_cjxl_step025_sweep -- --image 1531677 --effort 8 --distance-min 1 --distance-max 1 --distance-step 1 --strategy libjxl --corpus-manifest benchmarks/corpora/w44_170_varied_corpus.tsv
1531677	cid22	512	512	libjxl	8	1.2500	70579	68184	79.7392	81.6673	1.632972	1.612756	1079.977	1804.561	3.513	-1.9281	1.253	-40.153	OK	89e3c405809a53c2872179d05bda80a69503b2fb	cargo run -p jxl-encoder --release --features 'parallel butteraugli-loop ssim2-loop' --example w44_170_cjxl_step025_sweep -- --image 1531677 --effort 8 --distance-min 1.25 --distance-max 1.25 --distance-step 1.25 --strategy libjxl --corpus-manifest benchmarks/corpora/w44_170_varied_corpus.tsv
1531677	cid22	512	512	libjxl	8	1.5000	62806	59532	74.4575	79.0791	1.902618	1.861448	1468.015	1744.672	5.500	-4.6217	2.212	-15.857	OK	89e3c405809a53c2872179d05bda80a69503b2fb	cargo run -p jxl-encoder --release --features 'parallel butteraugli-loop ssim2-loop' --example w44_170_cjxl_step025_sweep -- --image 1531677 --effort 8 --distance-min 1.5 --distance-max 1.5 --distance-step 1.5 --strategy libjxl --corpus-manifest benchmarks/corpora/w44_170_varied_corpus.tsv
1531677	cid22	512	512	libjxl	8	1.7500	54887	52577	71.3121	76.0987	2.320326	2.112837	1507.250	2045.987	4.394	-4.7866	9.820	-26.331	OK	89e3c405809a53c2872179d05bda80a69503b2fb	cargo run -p jxl-encoder --release --features 'parallel butteraugli-loop ssim2-loop' --example w44_170_cjxl_step025_sweep -- --image 1531677 --effort 8 --distance-min 1.75 --distance-max 1.75 --distance-step 1.75 --strategy libjxl --corpus-manifest benchmarks/corpora/w44_170_varied_corpus.tsv
1531677	cid22	512	512	libjxl	8	2.0000	51041	46642	67.9804	73.4123	2.562430	2.347596	1558.640	1391.775	9.431	-5.4320	9.151	11.989	OK	89e3c405809a53c2872179d05bda80a69503b2fb	cargo run -p jxl-encoder --release --features 'parallel butteraugli-loop ssim2-loop' --example w44_170_cjxl_step025_sweep -- --image 1531677 --effort 8 --distance-min 2 --distance-max 2 --distance-step 2 --strategy libjxl --corpus-manifest benchmarks/corpora/w44_170_varied_corpus.tsv
1531677	cid22	512	512	libjxl	8	2.2500	45622	41274	63.0586	70.8527	2.898432	2.837220	1235.204	1983.220	10.534	-7.7941	2.157	-37.717	OK	89e3c405809a53c2872179d05bda80a69503b2fb	cargo run -p jxl-encoder --release --features 'parallel butteraugli-loop ssim2-loop' --example w44_170_cjxl_step025_sweep -- --image 1531677 --effort 8 --distance-min 2.25 --distance-max 2.25 --distance-step 2.25 --strategy libjxl --corpus-manifest benchmarks/corpora/w44_170_varied_corpus.tsv
1531677	cid22	512	512	libjxl	8	2.5000	42998	37149	61.7232	67.9700	3.471077	3.075759	1842.595	1225.377	15.745	-6.2468	12.853	50.370	OK	89e3c405809a53c2872179d05bda80a69503b2fb	cargo run -p jxl-encoder --release --features 'parallel butteraugli-loop ssim2-loop' --example w44_170_cjxl_step025_sweep -- --image 1531677 --effort 8 --distance-min 2.5 --distance-max 2.5 --distance-step 2.5 --strategy libjxl --corpus-manifest benchmarks/corpora/w44_170_varied_corpus.tsv
1531677	cid22	512	512	libjxl	8	2.7500	41802	33812	57.4041	66.0678	3.900514	2.984854	1196.426	1708.899	23.631	-8.6637	30.677	-29.988	OK	89e3c405809a53c2872179d05bda80a69503b2fb	cargo run -p jxl-encoder --release --features 'parallel butteraugli-loop ssim2-loop' --example w44_170_cjxl_step025_sweep -- --image 1531677 --effort 8 --distance-min 2.75 --distance-max 2.75 --distance-step 2.75 --strategy libjxl --corpus-manifest benchmarks/corpora/w44_170_varied_corpus.tsv
1531677	cid22	512	512	libjxl	8	3.0000	37478	30772	55.1985	63.5696	3.735175	3.406408	1331.786	1464.505	21.793	-8.3711	9.651	-9.062	OK	89e3c405809a53c2872179d05bda80a69503b2fb	cargo run -p jxl-encoder --release --features 'parallel butteraugli-loop ssim2-loop' --example w44_170_cjxl_step025_sweep -- --image 1531677 --effort 8 --distance-min 3 --distance-max 3 --distance-step 3 --strategy libjxl --corpus-manifest benchmarks/corpora/w44_170_varied_corpus.tsv
1531677	cid22	512	512	libjxl	8	3.2500	35433	28208	52.4753	61.3739	4.190332	3.519356	1298.750	1583.128	25.613	-8.8986	19.065	-17.963	OK	89e3c405809a53c2872179d05bda80a69503b2fb	cargo run -p jxl-encoder --release --features 'parallel butteraugli-loop ssim2-loop' --example w44_170_cjxl_step025_sweep -- --image 1531677 --effort 8 --distance-min 3.25 --distance-max 3.25 --distance-step 3.25 --strategy libjxl --corpus-manifest benchmarks/corpora/w44_170_varied_corpus.tsv
1531677	cid22	512	512	libjxl	8	3.5000	34986	26153	48.7108	59.4864	4.462606	3.932817	1179.406	1877.412	33.774	-10.7757	13.471	-37.179	OK	89e3c405809a53c2872179d05bda80a69503b2fb	cargo run -p jxl-encoder --release --features 'parallel butteraugli-loop ssim2-loop' --example w44_170_cjxl_step025_sweep -- --image 1531677 --effort 8 --distance-min 3.5 --distance-max 3.5 --distance-step 3.5 --strategy libjxl --corpus-manifest benchmarks/corpora/w44_170_varied_corpus.tsv
1531677	cid22	512	512	libjxl	8	3.7500	30550	24493	46.8784	57.6790	4.582672	4.062116	1639.367	1537.196	24.730	-10.8006	12.815	6.647	OK	89e3c405809a53c2872179d05bda80a69503b2fb	cargo run -p jxl-encoder --release --features 'parallel butteraugli-loop ssim2-loop' --example w44_170_cjxl_step025_sweep -- --image 1531677 --effort 8 --distance-min 3.75 --distance-max 3.75 --distance-step 3.75 --strategy libjxl --corpus-manifest benchmarks/corpora/w44_170_varied_corpus.tsv
1531677	cid22	512	512	libjxl	8	4.0000	30306	23329	43.2848	55.8740	4.936795	4.211393	1929.267	1686.748	29.907	-12.5892	17.225	14.378	OK	89e3c405809a53c2872179d05bda80a69503b2fb	cargo run -p jxl-encoder --release --features 'parallel butteraugli-loop ssim2-loop' --example w44_170_cjxl_step025_sweep -- --image 1531677 --effort 8 --distance-min 4 --distance-max 4 --distance-step 4 --strategy libjxl --corpus-manifest benchmarks/corpora/w44_170_varied_corpus.tsv
1531677	cid22	512	512	libjxl	8	4.2500	29384	22072	42.2810	53.5833	5.229419	4.259998	1805.184	1763.000	33.128	-11.3023	22.756	2.393	OK	89e3c405809a53c2872179d05bda80a69503b2fb	cargo run -p jxl-encoder --release --features 'parallel butteraugli-loop ssim2-loop' --example w44_170_cjxl_step025_sweep -- --image 1531677 --effort 8 --distance-min 4.25 --distance-max 4.25 --distance-step 4.25 --strategy libjxl --corpus-manifest benchmarks/corpora/w44_170_varied_corpus.tsv
1531677	cid22	512	512	libjxl	8	4.5000	27805	21050	39.5816	51.4658	5.324559	4.441068	1749.713	1870.711	32.090	-11.8842	19.894	-6.468	OK	89e3c405809a53c2872179d05bda80a69503b2fb	cargo run -p jxl-encoder --release --features 'parallel butteraugli-loop ssim2-loop' --example w44_170_cjxl_step025_sweep -- --image 1531677 --effort 8 --distance-min 4.5 --distance-max 4.5 --distance-step 4.5 --strategy libjxl --corpus-manifest benchmarks/corpora/w44_170_varied_corpus.tsv
1531677	cid22	512	512	libjxl	8	4.7500	26085	19752	36.8534	49.9249	5.468583	4.406624	2154.524	1884.992	32.063	-13.0715	24.099	14.299	OK	89e3c405809a53c2872179d05bda80a69503b2fb	cargo run -p jxl-encoder --release --features 'parallel butteraugli-loop ssim2-loop' --example w44_170_cjxl_step025_sweep -- --image 1531677 --effort 8 --distance-min 4.75 --distance-max 4.75 --distance-step 4.75 --strategy libjxl --corpus-manifest benchmarks/corpora/w44_170_varied_corpus.tsv
1531677	cid22	512	512	libjxl	8	5.0000	24978	18838	34.7302	48.2888	5.964044	4.826147	1691.992	1320.868	32.594	-13.5587	23.578	28.097	OK	89e3c405809a53c2872179d05bda80a69503b2fb	cargo run -p jxl-encoder --release --features 'parallel butteraugli-loop ssim2-loop' --example w44_170_cjxl_step025_sweep -- --image 1531677 --effort 8 --distance-min 5 --distance-max 5 --distance-step 5 --strategy libjxl --corpus-manifest benchmarks/corpora/w44_170_varied_corpus.tsv
1531677	cid22	512	512	libjxl	9	0.2500	177183	174576	94.2465	94.3306	0.305356	0.316828	3946.945	2302.562	1.493	-0.0842	-3.621	71.415	OK	89e3c405809a53c2872179d05bda80a69503b2fb	cargo run -p jxl-encoder --release --features 'parallel butteraugli-loop ssim2-loop' --example w44_170_cjxl_step025_sweep -- --image 1531677 --effort 9 --distance-min 0.25 --distance-max 0.25 --distance-step 0.25 --strategy libjxl --corpus-manifest benchmarks/corpora/w44_170_varied_corpus.tsv
1531677	cid22	512	512	libjxl	9	0.5000	124655	123212	90.7030	91.0401	0.555770	0.569261	2539.808	2593.700	1.171	-0.3372	-2.370	-2.078	OK	89e3c405809a53c2872179d05bda80a69503b2fb	cargo run -p jxl-encoder --release --features 'parallel butteraugli-loop ssim2-loop' --example w44_170_cjxl_step025_sweep -- --image 1531677 --effort 9 --distance-min 0.5 --distance-max 0.5 --distance-step 0.5 --strategy libjxl --corpus-manifest benchmarks/corpora/w44_170_varied_corpus.tsv
1531677	cid22	512	512	libjxl	9	0.7500	96232	95653	85.6615	87.6113	0.802767	0.808011	2833.195	2149.877	0.605	-1.9498	-0.649	31.784	OK	89e3c405809a53c2872179d05bda80a69503b2fb	cargo run -p jxl-encoder --release --features 'parallel butteraugli-loop ssim2-loop' --example w44_170_cjxl_step025_sweep -- --image 1531677 --effort 9 --distance-min 0.75 --distance-max 0.75 --distance-step 0.75 --strategy libjxl --corpus-manifest benchmarks/corpora/w44_170_varied_corpus.tsv
1531677	cid22	512	512	libjxl	9	1.0000	79978	79909	83.5243	84.8297	1.124453	1.120157	2189.697	2675.118	0.086	-1.3054	0.384	-18.146	OK	89e3c405809a53c2872179d05bda80a69503b2fb	cargo run -p jxl-encoder --release --features 'parallel butteraugli-loop ssim2-loop' --example w44_170_cjxl_step025_sweep -- --image 1531677 --effort 9 --distance-min 1 --distance-max 1 --distance-step 1 --strategy libjxl --corpus-manifest benchmarks/corpora/w44_170_varied_corpus.tsv
1531677	cid22	512	512	libjxl	9	1.2500	71008	68397	79.9030	81.7722	1.337930	1.536337	3287.358	3242.819	3.817	-1.8692	-12.914	1.373	OK	89e3c405809a53c2872179d05bda80a69503b2fb	cargo run -p jxl-encoder --release --features 'parallel butteraugli-loop ssim2-loop' --example w44_170_cjxl_step025_sweep -- --image 1531677 --effort 9 --distance-min 1.25 --distance-max 1.25 --distance-step 1.25 --strategy libjxl --corpus-manifest benchmarks/corpora/w44_170_varied_corpus.tsv
1531677	cid22	512	512	libjxl	9	1.5000	63253	59595	74.5372	79.1238	1.951904	1.725965	1943.065	2397.158	6.138	-4.5866	13.091	-18.943	OK	89e3c405809a53c2872179d05bda80a69503b2fb	cargo run -p jxl-encoder --release --features 'parallel butteraugli-loop ssim2-loop' --example w44_170_cjxl_step025_sweep -- --image 1531677 --effort 9 --distance-min 1.5 --distance-max 1.5 --distance-step 1.5 --strategy libjxl --corpus-manifest benchmarks/corpora/w44_170_varied_corpus.tsv
1531677	cid22	512	512	libjxl	9	1.7500	55472	52607	71.0868	76.2618	2.026970	2.028349	2705.466	2553.667	5.446	-5.1750	-0.068	5.944	OK	89e3c405809a53c2872179d05bda80a69503b2fb	cargo run -p jxl-encoder --release --features 'parallel butteraugli-loop ssim2-loop' --example w44_170_cjxl_step025_sweep -- --image 1531677 --effort 9 --distance-min 1.75 --distance-max 1.75 --distance-step 1.75 --strategy libjxl --corpus-manifest benchmarks/corpora/w44_170_varied_corpus.tsv
1531677	cid22	512	512	libjxl	9	2.0000	51743	46588	68.4489	73.5326	2.330817	2.288761	2191.003	2644.143	11.065	-5.0837	1.837	-17.138	OK	89e3c405809a53c2872179d05bda80a69503b2fb	cargo run -p jxl-encoder --release --features 'parallel butteraugli-loop ssim2-loop' --example w44_170_cjxl_step025_sweep -- --image 1531677 --effort 9 --distance-min 2 --distance-max 2 --distance-step 2 --strategy libjxl --corpus-manifest benchmarks/corpora/w44_170_varied_corpus.tsv
1531677	cid22	512	512	libjxl	9	2.2500	46539	41223	63.9071	70.8823	2.829908	2.636731	1954.196	2840.187	12.896	-6.9752	7.326	-31.195	OK	89e3c405809a53c2872179d05bda80a69503b2fb	cargo run -p jxl-encoder --release --features 'parallel butteraugli-loop ssim2-loop' --example w44_170_cjxl_step025_sweep -- --image 1531677 --effort 9 --distance-min 2.25 --distance-max 2.25 --distance-step 2.25 --strategy libjxl --corpus-manifest benchmarks/corpora/w44_170_varied_corpus.tsv
1531677	cid22	512	512	libjxl	9	2.5000	44113	37105	62.1635	68.1205	3.027259	3.111737	2135.187	2571.462	18.887	-5.9570	-2.715	-16.966	OK	89e3c405809a53c2872179d05bda80a69503b2fb	cargo run -p jxl-encoder --release --features 'parallel butteraugli-loop ssim2-loop' --example w44_170_cjxl_step025_sweep -- --image 1531677 --effort 9 --distance-min 2.5 --distance-max 2.5 --distance-step 2.5 --strategy libjxl --corpus-manifest benchmarks/corpora/w44_170_varied_corpus.tsv
1531677	cid22	512	512	libjxl	9	2.7500	42631	33754	57.7891	66.0694	3.385606	2.984854	2748.944	2281.581	26.299	-8.2803	13.426	20.484	OK	89e3c405809a53c2872179d05bda80a69503b2fb	cargo run -p jxl-encoder --release --features 'parallel butteraugli-loop ssim2-loop' --example w44_170_cjxl_step025_sweep -- --image 1531677 --effort 9 --distance-min 2.75 --distance-max 2.75 --distance-step 2.75 --strategy libjxl --corpus-manifest benchmarks/corpora/w44_170_varied_corpus.tsv
1531677	cid22	512	512	libjxl	9	3.0000	37216	30687	55.6298	63.5715	3.429906	3.406408	2283.495	1852.343	21.276	-7.9417	0.690	23.276	OK	89e3c405809a53c2872179d05bda80a69503b2fb	cargo run -p jxl-encoder --release --features 'parallel butteraugli-loop ssim2-loop' --example w44_170_cjxl_step025_sweep -- --image 1531677 --effort 9 --distance-min 3 --distance-max 3 --distance-step 3 --strategy libjxl --corpus-manifest benchmarks/corpora/w44_170_varied_corpus.tsv
1531677	cid22	512	512	libjxl	9	3.2500	36416	28148	52.7948	61.3862	3.771753	3.519356	2155.937	2316.030	29.373	-8.5914	7.172	-6.912	OK	89e3c405809a53c2872179d05bda80a69503b2fb	cargo run -p jxl-encoder --release --features 'parallel butteraugli-loop ssim2-loop' --example w44_170_cjxl_step025_sweep -- --image 1531677 --effort 9 --distance-min 3.25 --distance-max 3.25 --distance-step 3.25 --strategy libjxl --corpus-manifest benchmarks/corpora/w44_170_varied_corpus.tsv
1531677	cid22	512	512	libjxl	9	3.5000	35833	26133	48.9033	59.5013	4.333723	3.932817	1893.559	2455.731	37.118	-10.5981	10.194	-22.892	OK	89e3c405809a53c2872179d05bda80a69503b2fb	cargo run -p jxl-encoder --release --features 'parallel butteraugli-loop ssim2-loop' --example w44_170_cjxl_step025_sweep -- --image 1531677 --effort 9 --distance-min 3.5 --distance-max 3.5 --distance-step 3.5 --strategy libjxl --corpus-manifest benchmarks/corpora/w44_170_varied_corpus.tsv
1531677	cid22	512	512	libjxl	9	3.7500	31089	24460	47.0072	57.6790	4.228889	4.062116	1947.221	1960.759	27.101	-10.6718	4.106	-0.690	OK	89e3c405809a53c2872179d05bda80a69503b2fb	cargo run -p jxl-encoder --release --features 'parallel butteraugli-loop ssim2-loop' --example w44_170_cjxl_step025_sweep -- --image 1531677 --effort 9 --distance-min 3.75 --distance-max 3.75 --distance-step 3.75 --strategy libjxl --corpus-manifest benchmarks/corpora/w44_170_varied_corpus.tsv
1531677	cid22	512	512	libjxl	9	4.0000	30962	23293	43.4487	55.8740	4.656861	4.211393	2580.483	2161.978	32.924	-12.4253	10.578	19.358	OK	89e3c405809a53c2872179d05bda80a69503b2fb	cargo run -p jxl-encoder --release --features 'parallel butteraugli-loop ssim2-loop' --example w44_170_cjxl_step025_sweep -- --image 1531677 --effort 9 --distance-min 4 --distance-max 4 --distance-step 4 --strategy libjxl --corpus-manifest benchmarks/corpora/w44_170_varied_corpus.tsv
1531677	cid22	512	512	libjxl	9	4.2500	29782	22041	42.4006	53.5833	4.837595	4.259998	3547.620	3266.759	35.121	-11.1827	13.559	8.598	OK	89e3c405809a53c2872179d05bda80a69503b2fb	cargo run -p jxl-encoder --release --features 'parallel butteraugli-loop ssim2-loop' --example w44_170_cjxl_step025_sweep -- --image 1531677 --effort 9 --distance-min 4.25 --distance-max 4.25 --distance-step 4.25 --strategy libjxl --corpus-manifest benchmarks/corpora/w44_170_varied_corpus.tsv
1531677	cid22	512	512	libjxl	9	4.5000	28131	20994	39.6538	51.4658	5.324559	4.441068	2584.213	2897.897	33.995	-11.8120	19.894	-10.825	OK	89e3c405809a53c2872179d05bda80a69503b2fb	cargo run -p jxl-encoder --release --features 'parallel butteraugli-loop ssim2-loop' --example w44_170_cjxl_step025_sweep -- --image 1531677 --effort 9 --distance-min 4.5 --distance-max 4.5 --distance-step 4.5 --strategy libjxl --corpus-manifest benchmarks/corpora/w44_170_varied_corpus.tsv
1531677	cid22	512	512	libjxl	9	4.7500	26501	19717	37.0328	49.9249	5.483305	4.406624	2426.013	3023.435	34.407	-12.8921	24.433	-19.760	OK	89e3c405809a53c2872179d05bda80a69503b2fb	cargo run -p jxl-encoder --release --features 'parallel butteraugli-loop ssim2-loop' --example w44_170_cjxl_step025_sweep -- --image 1531677 --effort 9 --distance-min 4.75 --distance-max 4.75 --distance-step 4.75 --strategy libjxl --corpus-manifest benchmarks/corpora/w44_170_varied_corpus.tsv
1531677	cid22	512	512	libjxl	9	5.0000	25243	18802	34.7571	48.2888	5.964044	4.826147	3354.186	2516.224	34.257	-13.5317	23.578	33.302	OK	89e3c405809a53c2872179d05bda80a69503b2fb	cargo run -p jxl-encoder --release --features 'parallel butteraugli-loop ssim2-loop' --example w44_170_cjxl_step025_sweep -- --image 1531677 --effort 9 --distance-min 5 --distance-max 5 --distance-step 5 --strategy libjxl --corpus-manifest benchmarks/corpora/w44_170_varied_corpus.tsv
2389166	cid22	512	512	libjxl	5	0.2500	128095	127538	93.8026	93.7542	0.463489	0.522931	448.987	420.093	0.437	0.0484	-11.367	6.878	OK	89e3c405809a53c2872179d05bda80a69503b2fb	cargo run -p jxl-encoder --release --features 'parallel butteraugli-loop ssim2-loop' --example w44_170_cjxl_step025_sweep -- --image 2389166 --effort 5 --distance-min 0.25 --distance-max 0.25 --distance-step 0.25 --strategy libjxl --corpus-manifest benchmarks/corpora/w44_170_varied_corpus.tsv
2389166	cid22	512	512	libjxl	5	0.5000	86097	86065	90.0830	90.1909	0.802356	0.779340	212.120	329.825	0.037	-0.1079	2.953	-35.687	OK	89e3c405809a53c2872179d05bda80a69503b2fb	cargo run -p jxl-encoder --release --features 'parallel butteraugli-loop ssim2-loop' --example w44_170_cjxl_step025_sweep -- --image 2389166 --effort 5 --distance-min 0.5 --distance-max 0.5 --distance-step 0.5 --strategy libjxl --corpus-manifest benchmarks/corpora/w44_170_varied_corpus.tsv
2389166	cid22	512	512	libjxl	5	0.7500	65545	65334	86.8071	86.9312	1.055874	1.058817	332.736	380.018	0.323	-0.1241	-0.278	-12.442	OK	89e3c405809a53c2872179d05bda80a69503b2fb	cargo run -p jxl-encoder --release --features 'parallel butteraugli-loop ssim2-loop' --example w44_170_cjxl_step025_sweep -- --image 2389166 --effort 5 --distance-min 0.75 --distance-max 0.75 --distance-step 0.75 --strategy libjxl --corpus-manifest benchmarks/corpora/w44_170_varied_corpus.tsv
2389166	cid22	512	512	libjxl	5	1.0000	54059	53656	83.7051	83.7669	1.314356	1.304788	160.201	331.883	0.751	-0.0618	0.733	-51.730	OK	89e3c405809a53c2872179d05bda80a69503b2fb	cargo run -p jxl-encoder --release --features 'parallel butteraugli-loop ssim2-loop' --example w44_170_cjxl_step025_sweep -- --image 2389166 --effort 5 --distance-min 1 --distance-max 1 --distance-step 1 --strategy libjxl --corpus-manifest benchmarks/corpora/w44_170_varied_corpus.tsv
2389166	cid22	512	512	libjxl	5	1.2500	46250	45754	80.1445	80.2695	1.532842	1.845589	283.060	497.769	1.084	-0.1250	-16.946	-43.134	OK	89e3c405809a53c2872179d05bda80a69503b2fb	cargo run -p jxl-encoder --release --features 'parallel butteraugli-loop ssim2-loop' --example w44_170_cjxl_step025_sweep -- --image 2389166 --effort 5 --distance-min 1.25 --distance-max 1.25 --distance-step 1.25 --strategy libjxl --corpus-manifest benchmarks/corpora/w44_170_varied_corpus.tsv
2389166	cid22	512	512	libjxl	5	1.5000	40852	39961	77.0211	77.0821	2.043334	1.975639	233.925	465.464	2.230	-0.0610	3.426	-49.744	OK	89e3c405809a53c2872179d05bda80a69503b2fb	cargo run -p jxl-encoder --release --features 'parallel butteraugli-loop ssim2-loop' --example w44_170_cjxl_step025_sweep -- --image 2389166 --effort 5 --distance-min 1.5 --distance-max 1.5 --distance-step 1.5 --strategy libjxl --corpus-manifest benchmarks/corpora/w44_170_varied_corpus.tsv
2389166	cid22	512	512	libjxl	5	1.7500	36621	35478	74.3307	74.5906	2.705728	2.820471	312.470	251.143	3.222	-0.2599	-4.068	24.419	OK	89e3c405809a53c2872179d05bda80a69503b2fb	cargo run -p jxl-encoder --release --features 'parallel butteraugli-loop ssim2-loop' --example w44_170_cjxl_step025_sweep -- --image 2389166 --effort 5 --distance-min 1.75 --distance-max 1.75 --distance-step 1.75 --strategy libjxl --corpus-manifest benchmarks/corpora/w44_170_varied_corpus.tsv
2389166	cid22	512	512	libjxl	5	2.0000	32741	31847	72.5555	72.3496	2.371613	2.341924	235.646	370.239	2.807	0.2059	1.268	-36.353	OK	89e3c405809a53c2872179d05bda80a69503b2fb	cargo run -p jxl-encoder --release --features 'parallel butteraugli-loop ssim2-loop' --example w44_170_cjxl_step025_sweep -- --image 2389166 --effort 5 --distance-min 2 --distance-max 2 --distance-step 2 --strategy libjxl --corpus-manifest benchmarks/corpora/w44_170_varied_corpus.tsv
2389166	cid22	512	512	libjxl	5	2.2500	29828	29208	69.9246	70.0463	2.747960	2.733712	240.698	245.876	2.123	-0.1217	0.521	-2.106	OK	89e3c405809a53c2872179d05bda80a69503b2fb	cargo run -p jxl-encoder --release --features 'parallel butteraugli-loop ssim2-loop' --example w44_170_cjxl_step025_sweep -- --image 2389166 --effort 5 --distance-min 2.25 --distance-max 2.25 --distance-step 2.25 --strategy libjxl --corpus-manifest benchmarks/corpora/w44_170_varied_corpus.tsv
2389166	cid22	512	512	libjxl	5	2.5000	27619	26682	67.4074	67.3284	2.648803	2.680021	225.333	608.079	3.512	0.0790	-1.165	-62.943	OK	89e3c405809a53c2872179d05bda80a69503b2fb	cargo run -p jxl-encoder --release --features 'parallel butteraugli-loop ssim2-loop' --example w44_170_cjxl_step025_sweep -- --image 2389166 --effort 5 --distance-min 2.5 --distance-max 2.5 --distance-step 2.5 --strategy libjxl --corpus-manifest benchmarks/corpora/w44_170_varied_corpus.tsv
2389166	cid22	512	512	libjxl	5	2.7500	25426	24964	65.9132	65.6701	2.984820	3.008889	313.310	228.885	1.851	0.2431	-0.800	36.886	OK	89e3c405809a53c2872179d05bda80a69503b2fb	cargo run -p jxl-encoder --release --features 'parallel butteraugli-loop ssim2-loop' --example w44_170_cjxl_step025_sweep -- --image 2389166 --effort 5 --distance-min 2.75 --distance-max 2.75 --distance-step 2.75 --strategy libjxl --corpus-manifest benchmarks/corpora/w44_170_varied_corpus.tsv
2389166	cid22	512	512	libjxl	5	3.0000	23561	23027	63.1638	62.8964	3.237400	3.507705	295.376	421.329	2.319	0.2674	-7.706	-29.894	OK	89e3c405809a53c2872179d05bda80a69503b2fb	cargo run -p jxl-encoder --release --features 'parallel butteraugli-loop ssim2-loop' --example w44_170_cjxl_step025_sweep -- --image 2389166 --effort 5 --distance-min 3 --distance-max 3 --distance-step 3 --strategy libjxl --corpus-manifest benchmarks/corpora/w44_170_varied_corpus.tsv
2389166	cid22	512	512	libjxl	5	3.2500	21686	21385	60.9998	60.7920	3.606362	3.747813	317.634	303.072	1.408	0.2078	-3.774	4.805	OK	89e3c405809a53c2872179d05bda80a69503b2fb	cargo run -p jxl-encoder --release --features 'parallel butteraugli-loop ssim2-loop' --example w44_170_cjxl_step025_sweep -- --image 2389166 --effort 5 --distance-min 3.25 --distance-max 3.25 --distance-step 3.25 --strategy libjxl --corpus-manifest benchmarks/corpora/w44_170_varied_corpus.tsv
2389166	cid22	512	512	libjxl	5	3.5000	21017	20119	58.8515	58.7348	3.809696	3.914473	342.073	266.381	4.463	0.1166	-2.677	28.415	OK	89e3c405809a53c2872179d05bda80a69503b2fb	cargo run -p jxl-encoder --release --features 'parallel butteraugli-loop ssim2-loop' --example w44_170_cjxl_step025_sweep -- --image 2389166 --effort 5 --distance-min 3.5 --distance-max 3.5 --distance-step 3.5 --strategy libjxl --corpus-manifest benchmarks/corpora/w44_170_varied_corpus.tsv
2389166	cid22	512	512	libjxl	5	3.7500	20049	18984	57.5999	56.6572	3.936074	4.164214	196.343	545.373	5.610	0.9427	-5.479	-63.998	OK	89e3c405809a53c2872179d05bda80a69503b2fb	cargo run -p jxl-encoder --release --features 'parallel butteraugli-loop ssim2-loop' --example w44_170_cjxl_step025_sweep -- --image 2389166 --effort 5 --distance-min 3.75 --distance-max 3.75 --distance-step 3.75 --strategy libjxl --corpus-manifest benchmarks/corpora/w44_170_varied_corpus.tsv
2389166	cid22	512	512	libjxl	5	4.0000	19160	18004	55.3441	51.3821	4.332071	4.390118	519.264	321.715	6.421	3.9620	-1.322	61.405	OK	89e3c405809a53c2872179d05bda80a69503b2fb	cargo run -p jxl-encoder --release --features 'parallel butteraugli-loop ssim2-loop' --example w44_170_cjxl_step025_sweep -- --image 2389166 --effort 5 --distance-min 4 --distance-max 4 --distance-step 4 --strategy libjxl --corpus-manifest benchmarks/corpora/w44_170_varied_corpus.tsv
2389166	cid22	512	512	libjxl	5	4.2500	17921	17300	53.1559	49.5288	4.329394	4.254303	578.468	590.179	3.590	3.6270	1.765	-1.984	OK	89e3c405809a53c2872179d05bda80a69503b2fb	cargo run -p jxl-encoder --release --features 'parallel butteraugli-loop ssim2-loop' --example w44_170_cjxl_step025_sweep -- --image 2389166 --effort 5 --distance-min 4.25 --distance-max 4.25 --distance-step 4.25 --strategy libjxl --corpus-manifest benchmarks/corpora/w44_170_varied_corpus.tsv
2389166	cid22	512	512	libjxl	5	4.5000	16926	16511	51.3132	46.6131	4.202413	4.250589	397.494	561.641	2.513	4.7001	-1.133	-29.226	OK	89e3c405809a53c2872179d05bda80a69503b2fb	cargo run -p jxl-encoder --release --features 'parallel butteraugli-loop ssim2-loop' --example w44_170_cjxl_step025_sweep -- --image 2389166 --effort 5 --distance-min 4.5 --distance-max 4.5 --distance-step 4.5 --strategy libjxl --corpus-manifest benchmarks/corpora/w44_170_varied_corpus.tsv
2389166	cid22	512	512	libjxl	5	4.7500	16041	15726	49.6362	45.4687	4.512395	4.545133	351.965	361.994	2.003	4.1675	-0.720	-2.771	OK	89e3c405809a53c2872179d05bda80a69503b2fb	cargo run -p jxl-encoder --release --features 'parallel butteraugli-loop ssim2-loop' --example w44_170_cjxl_step025_sweep -- --image 2389166 --effort 5 --distance-min 4.75 --distance-max 4.75 --distance-step 4.75 --strategy libjxl --corpus-manifest benchmarks/corpora/w44_170_varied_corpus.tsv
2389166	cid22	512	512	libjxl	5	5.0000	15683	15197	47.8768	43.6236	4.754163	4.569245	248.574	376.826	3.198	4.2533	4.047	-34.035	OK	89e3c405809a53c2872179d05bda80a69503b2fb	cargo run -p jxl-encoder --release --features 'parallel butteraugli-loop ssim2-loop' --example w44_170_cjxl_step025_sweep -- --image 2389166 --effort 5 --distance-min 5 --distance-max 5 --distance-step 5 --strategy libjxl --corpus-manifest benchmarks/corpora/w44_170_varied_corpus.tsv
2389166	cid22	512	512	libjxl	6	0.2500	128023	127422	93.7891	93.7061	0.463489	0.522361	310.762	527.912	0.472	0.0830	-11.270	-41.134	OK	89e3c405809a53c2872179d05bda80a69503b2fb	cargo run -p jxl-encoder --release --features 'parallel butteraugli-loop ssim2-loop' --example w44_170_cjxl_step025_sweep -- --image 2389166 --effort 6 --distance-min 0.25 --distance-max 0.25 --distance-step 0.25 --strategy libjxl --corpus-manifest benchmarks/corpora/w44_170_varied_corpus.tsv
2389166	cid22	512	512	libjxl	6	0.5000	85982	85992	90.0955	90.1670	0.802404	0.788134	186.979	476.239	-0.012	-0.0716	1.811	-60.739	OK	89e3c405809a53c2872179d05bda80a69503b2fb	cargo run -p jxl-encoder --release --features 'parallel butteraugli-loop ssim2-loop' --example w44_170_cjxl_step025_sweep -- --image 2389166 --effort 6 --distance-min 0.5 --distance-max 0.5 --distance-step 0.5 --strategy libjxl --corpus-manifest benchmarks/corpora/w44_170_varied_corpus.tsv
2389166	cid22	512	512	libjxl	6	0.7500	65342	65717	86.8128	87.0786	1.058008	1.067496	353.007	744.757	-0.571	-0.2658	-0.889	-52.601	OK	89e3c405809a53c2872179d05bda80a69503b2fb	cargo run -p jxl-encoder --release --features 'parallel butteraugli-loop ssim2-loop' --example w44_170_cjxl_step025_sweep -- --image 2389166 --effort 6 --distance-min 0.75 --distance-max 0.75 --distance-step 0.75 --strategy libjxl --corpus-manifest benchmarks/corpora/w44_170_varied_corpus.tsv
2389166	cid22	512	512	libjxl	6	1.0000	53966	54099	83.7076	83.6734	1.314335	1.297885	277.456	567.290	-0.246	0.0343	1.267	-51.091	OK	89e3c405809a53c2872179d05bda80a69503b2fb	cargo run -p jxl-encoder --release --features 'parallel butteraugli-loop ssim2-loop' --example w44_170_cjxl_step025_sweep -- --image 2389166 --effort 6 --distance-min 1 --distance-max 1 --distance-step 1 --strategy libjxl --corpus-manifest benchmarks/corpora/w44_170_varied_corpus.tsv
2389166	cid22	512	512	libjxl	6	1.2500	46053	46139	80.3199	80.3974	1.532752	1.853728	275.328	494.028	-0.186	-0.0776	-17.315	-44.269	OK	89e3c405809a53c2872179d05bda80a69503b2fb	cargo run -p jxl-encoder --release --features 'parallel butteraugli-loop ssim2-loop' --example w44_170_cjxl_step025_sweep -- --image 2389166 --effort 6 --distance-min 1.25 --distance-max 1.25 --distance-step 1.25 --strategy libjxl --corpus-manifest benchmarks/corpora/w44_170_varied_corpus.tsv
2389166	cid22	512	512	libjxl	6	1.5000	40336	40329	77.2509	77.3191	1.970209	1.857806	249.519	375.514	0.017	-0.0682	6.050	-33.553	OK	89e3c405809a53c2872179d05bda80a69503b2fb	cargo run -p jxl-encoder --release --features 'parallel butteraugli-loop ssim2-loop' --example w44_170_cjxl_step025_sweep -- --image 2389166 --effort 6 --distance-min 1.5 --distance-max 1.5 --distance-step 1.5 --strategy libjxl --corpus-manifest benchmarks/corpora/w44_170_varied_corpus.tsv
2389166	cid22	512	512	libjxl	6	1.7500	36159	36099	74.6695	74.9571	2.706744	2.775573	288.490	383.871	0.166	-0.2877	-2.480	-24.847	OK	89e3c405809a53c2872179d05bda80a69503b2fb	cargo run -p jxl-encoder --release --features 'parallel butteraugli-loop ssim2-loop' --example w44_170_cjxl_step025_sweep -- --image 2389166 --effort 6 --distance-min 1.75 --distance-max 1.75 --distance-step 1.75 --strategy libjxl --corpus-manifest benchmarks/corpora/w44_170_varied_corpus.tsv
2389166	cid22	512	512	libjxl	6	2.0000	32785	32549	72.7076	72.9471	2.392118	2.278789	316.323	478.760	0.725	-0.2395	4.973	-33.929	OK	89e3c405809a53c2872179d05bda80a69503b2fb	cargo run -p jxl-encoder --release --features 'parallel butteraugli-loop ssim2-loop' --example w44_170_cjxl_step025_sweep -- --image 2389166 --effort 6 --distance-min 2 --distance-max 2 --distance-step 2 --strategy libjxl --corpus-manifest benchmarks/corpora/w44_170_varied_corpus.tsv
2389166	cid22	512	512	libjxl	6	2.2500	29856	29877	70.1109	70.2504	2.649787	2.493609	303.449	322.449	-0.070	-0.1395	6.263	-5.892	OK	89e3c405809a53c2872179d05bda80a69503b2fb	cargo run -p jxl-encoder --release --features 'parallel butteraugli-loop ssim2-loop' --example w44_170_cjxl_step025_sweep -- --image 2389166 --effort 6 --distance-min 2.25 --distance-max 2.25 --distance-step 2.25 --strategy libjxl --corpus-manifest benchmarks/corpora/w44_170_varied_corpus.tsv
2389166	cid22	512	512	libjxl	6	2.5000	27538	27326	67.8279	67.8738	2.780936	2.599664	413.984	548.607	0.776	-0.0459	6.973	-24.539	OK	89e3c405809a53c2872179d05bda80a69503b2fb	cargo run -p jxl-encoder --release --features 'parallel butteraugli-loop ssim2-loop' --example w44_170_cjxl_step025_sweep -- --image 2389166 --effort 6 --distance-min 2.5 --distance-max 2.5 --distance-step 2.5 --strategy libjxl --corpus-manifest benchmarks/corpora/w44_170_varied_corpus.tsv
2389166	cid22	512	512	libjxl	6	2.7500	25229	25575	65.9182	66.2665	2.984930	3.038871	408.512	427.992	-1.353	-0.3483	-1.775	-4.551	OK	89e3c405809a53c2872179d05bda80a69503b2fb	cargo run -p jxl-encoder --release --features 'parallel butteraugli-loop ssim2-loop' --example w44_170_cjxl_step025_sweep -- --image 2389166 --effort 6 --distance-min 2.75 --distance-max 2.75 --distance-step 2.75 --strategy libjxl --corpus-manifest benchmarks/corpora/w44_170_varied_corpus.tsv
2389166	cid22	512	512	libjxl	6	3.0000	23708	23711	63.3576	63.4148	3.235927	3.226528	397.764	461.139	-0.013	-0.0571	0.291	-13.743	OK	89e3c405809a53c2872179d05bda80a69503b2fb	cargo run -p jxl-encoder --release --features 'parallel butteraugli-loop ssim2-loop' --example w44_170_cjxl_step025_sweep -- --image 2389166 --effort 6 --distance-min 3 --distance-max 3 --distance-step 3 --strategy libjxl --corpus-manifest benchmarks/corpora/w44_170_varied_corpus.tsv
2389166	cid22	512	512	libjxl	6	3.2500	21956	22023	61.0076	61.3167	3.607093	3.596653	443.753	264.653	-0.304	-0.3092	0.290	67.673	OK	89e3c405809a53c2872179d05bda80a69503b2fb	cargo run -p jxl-encoder --release --features 'parallel butteraugli-loop ssim2-loop' --example w44_170_cjxl_step025_sweep -- --image 2389166 --effort 6 --distance-min 3.25 --distance-max 3.25 --distance-step 3.25 --strategy libjxl --corpus-manifest benchmarks/corpora/w44_170_varied_corpus.tsv
2389166	cid22	512	512	libjxl	6	3.5000	21069	20748	58.9909	59.7082	3.809679	3.760600	293.500	616.645	1.547	-0.7173	1.305	-52.404	OK	89e3c405809a53c2872179d05bda80a69503b2fb	cargo run -p jxl-encoder --release --features 'parallel butteraugli-loop ssim2-loop' --example w44_170_cjxl_step025_sweep -- --image 2389166 --effort 6 --distance-min 3.5 --distance-max 3.5 --distance-step 3.5 --strategy libjxl --corpus-manifest benchmarks/corpora/w44_170_varied_corpus.tsv
2389166	cid22	512	512	libjxl	6	3.7500	20140	19757	57.9641	57.9362	3.935922	3.966090	315.929	376.507	1.939	0.0279	-0.761	-16.089	OK	89e3c405809a53c2872179d05bda80a69503b2fb	cargo run -p jxl-encoder --release --features 'parallel butteraugli-loop ssim2-loop' --example w44_170_cjxl_step025_sweep -- --image 2389166 --effort 6 --distance-min 3.75 --distance-max 3.75 --distance-step 3.75 --strategy libjxl --corpus-manifest benchmarks/corpora/w44_170_varied_corpus.tsv
2389166	cid22	512	512	libjxl	6	4.0000	19434	18893	55.9420	55.7232	4.331897	4.262263	539.553	702.860	2.863	0.2188	1.634	-23.235	OK	89e3c405809a53c2872179d05bda80a69503b2fb	cargo run -p jxl-encoder --release --features 'parallel butteraugli-loop ssim2-loop' --example w44_170_cjxl_step025_sweep -- --image 2389166 --effort 6 --distance-min 4 --distance-max 4 --distance-step 4 --strategy libjxl --corpus-manifest benchmarks/corpora/w44_170_varied_corpus.tsv
2389166	cid22	512	512	libjxl	6	4.2500	17906	17951	52.9940	52.6909	4.329394	4.358006	481.271	456.283	-0.251	0.3031	-0.657	5.476	OK	89e3c405809a53c2872179d05bda80a69503b2fb	cargo run -p jxl-encoder --release --features 'parallel butteraugli-loop ssim2-loop' --example w44_170_cjxl_step025_sweep -- --image 2389166 --effort 6 --distance-min 4.25 --distance-max 4.25 --distance-step 4.25 --strategy libjxl --corpus-manifest benchmarks/corpora/w44_170_varied_corpus.tsv
2389166	cid22	512	512	libjxl	6	4.5000	16957	17192	51.1092	50.7250	4.202413	4.177313	407.065	450.902	-1.367	0.3842	0.601	-9.722	OK	89e3c405809a53c2872179d05bda80a69503b2fb	cargo run -p jxl-encoder --release --features 'parallel butteraugli-loop ssim2-loop' --example w44_170_cjxl_step025_sweep -- --image 2389166 --effort 6 --distance-min 4.5 --distance-max 4.5 --distance-step 4.5 --strategy libjxl --corpus-manifest benchmarks/corpora/w44_170_varied_corpus.tsv
2389166	cid22	512	512	libjxl	6	4.7500	16069	16164	49.4839	49.9467	4.512395	4.485436	353.031	364.219	-0.588	-0.4628	0.601	-3.072	OK	89e3c405809a53c2872179d05bda80a69503b2fb	cargo run -p jxl-encoder --release --features 'parallel butteraugli-loop ssim2-loop' --example w44_170_cjxl_step025_sweep -- --image 2389166 --effort 6 --distance-min 4.75 --distance-max 4.75 --distance-step 4.75 --strategy libjxl --corpus-manifest benchmarks/corpora/w44_170_varied_corpus.tsv
2389166	cid22	512	512	libjxl	6	5.0000	15374	15659	47.7609	48.2416	4.754160	4.712717	337.165	368.410	-1.820	-0.4807	0.879	-8.481	OK	89e3c405809a53c2872179d05bda80a69503b2fb	cargo run -p jxl-encoder --release --features 'parallel butteraugli-loop ssim2-loop' --example w44_170_cjxl_step025_sweep -- --image 2389166 --effort 6 --distance-min 5 --distance-max 5 --distance-step 5 --strategy libjxl --corpus-manifest benchmarks/corpora/w44_170_varied_corpus.tsv
2389166	cid22	512	512	libjxl	7	0.2500	129192	127012	93.7834	93.7551	0.470368	0.468207	282.058	368.709	1.716	0.0283	0.462	-23.501	OK	89e3c405809a53c2872179d05bda80a69503b2fb	cargo run -p jxl-encoder --release --features 'parallel butteraugli-loop ssim2-loop' --example w44_170_cjxl_step025_sweep -- --image 2389166 --effort 7 --distance-min 0.25 --distance-max 0.25 --distance-step 0.25 --strategy libjxl --corpus-manifest benchmarks/corpora/w44_170_varied_corpus.tsv
2389166	cid22	512	512	libjxl	7	0.5000	86620	85535	89.9536	90.2431	0.818363	0.809157	253.585	408.238	1.268	-0.2894	1.138	-37.883	OK	89e3c405809a53c2872179d05bda80a69503b2fb	cargo run -p jxl-encoder --release --features 'parallel butteraugli-loop ssim2-loop' --example w44_170_cjxl_step025_sweep -- --image 2389166 --effort 7 --distance-min 0.5 --distance-max 0.5 --distance-step 0.5 --strategy libjxl --corpus-manifest benchmarks/corpora/w44_170_varied_corpus.tsv
2389166	cid22	512	512	libjxl	7	0.7500	66015	65395	86.4042	86.5853	1.058702	1.055808	331.035	466.630	0.948	-0.1810	0.274	-29.058	OK	89e3c405809a53c2872179d05bda80a69503b2fb	cargo run -p jxl-encoder --release --features 'parallel butteraugli-loop ssim2-loop' --example w44_170_cjxl_step025_sweep -- --image 2389166 --effort 7 --distance-min 0.75 --distance-max 0.75 --distance-step 0.75 --strategy libjxl --corpus-manifest benchmarks/corpora/w44_170_varied_corpus.tsv
2389166	cid22	512	512	libjxl	7	1.0000	54497	53964	83.3300	83.7969	1.307660	1.298290	301.841	668.980	0.988	-0.4669	0.722	-54.880	OK	89e3c405809a53c2872179d05bda80a69503b2fb	cargo run -p jxl-encoder --release --features 'parallel butteraugli-loop ssim2-loop' --example w44_170_cjxl_step025_sweep -- --image 2389166 --effort 7 --distance-min 1 --distance-max 1 --distance-step 1 --strategy libjxl --corpus-manifest benchmarks/corpora/w44_170_varied_corpus.tsv
2389166	cid22	512	512	libjxl	7	1.2500	46492	46012	80.2846	80.4986	1.539949	1.592067	432.325	489.800	1.043	-0.2140	-3.274	-11.734	OK	89e3c405809a53c2872179d05bda80a69503b2fb	cargo run -p jxl-encoder --release --features 'parallel butteraugli-loop ssim2-loop' --example w44_170_cjxl_step025_sweep -- --image 2389166 --effort 7 --distance-min 1.25 --distance-max 1.25 --distance-step 1.25 --strategy libjxl --corpus-manifest benchmarks/corpora/w44_170_varied_corpus.tsv
2389166	cid22	512	512	libjxl	7	1.5000	41700	40271	76.0394	77.5452	1.967340	1.804745	221.304	526.980	3.548	-1.5058	9.009	-58.005	OK	89e3c405809a53c2872179d05bda80a69503b2fb	cargo run -p jxl-encoder --release --features 'parallel butteraugli-loop ssim2-loop' --example w44_170_cjxl_step025_sweep -- --image 2389166 --effort 7 --distance-min 1.5 --distance-max 1.5 --distance-step 1.5 --strategy libjxl --corpus-manifest benchmarks/corpora/w44_170_varied_corpus.tsv
2389166	cid22	512	512	libjxl	7	1.7500	36731	36041	73.4419	75.1880	2.705521	2.723962	380.722	792.151	1.914	-1.7461	-0.677	-51.938	OK	89e3c405809a53c2872179d05bda80a69503b2fb	cargo run -p jxl-encoder --release --features 'parallel butteraugli-loop ssim2-loop' --example w44_170_cjxl_step025_sweep -- --image 2389166 --effort 7 --distance-min 1.75 --distance-max 1.75 --distance-step 1.75 --strategy libjxl --corpus-manifest benchmarks/corpora/w44_170_varied_corpus.tsv
2389166	cid22	512	512	libjxl	7	2.0000	34864	32470	70.1164	73.1423	2.588759	2.366426	241.608	319.915	7.373	-3.0260	9.395	-24.477	OK	89e3c405809a53c2872179d05bda80a69503b2fb	cargo run -p jxl-encoder --release --features 'parallel butteraugli-loop ssim2-loop' --example w44_170_cjxl_step025_sweep -- --image 2389166 --effort 7 --distance-min 2 --distance-max 2 --distance-step 2 --strategy libjxl --corpus-manifest benchmarks/corpora/w44_170_varied_corpus.tsv
2389166	cid22	512	512	libjxl	7	2.2500	30711	29736	68.0897	70.5418	2.710281	2.618496	322.579	700.583	3.279	-2.4521	3.505	-53.956	OK	89e3c405809a53c2872179d05bda80a69503b2fb	cargo run -p jxl-encoder --release --features 'parallel butteraugli-loop ssim2-loop' --example w44_170_cjxl_step025_sweep -- --image 2389166 --effort 7 --distance-min 2.25 --distance-max 2.25 --distance-step 2.25 --strategy libjxl --corpus-manifest benchmarks/corpora/w44_170_varied_corpus.tsv
2389166	cid22	512	512	libjxl	7	2.5000	29046	27342	64.9630	68.0492	2.865567	2.928668	371.083	417.571	6.232	-3.0862	-2.155	-11.133	OK	89e3c405809a53c2872179d05bda80a69503b2fb	cargo run -p jxl-encoder --release --features 'parallel butteraugli-loop ssim2-loop' --example w44_170_cjxl_step025_sweep -- --image 2389166 --effort 7 --distance-min 2.5 --distance-max 2.5 --distance-step 2.5 --strategy libjxl --corpus-manifest benchmarks/corpora/w44_170_varied_corpus.tsv
2389166	cid22	512	512	libjxl	7	2.7500	26604	25584	63.6165	66.3971	3.203284	3.067712	348.185	412.931	3.987	-2.7806	4.419	-15.680	OK	89e3c405809a53c2872179d05bda80a69503b2fb	cargo run -p jxl-encoder --release --features 'parallel butteraugli-loop ssim2-loop' --example w44_170_cjxl_step025_sweep -- --image 2389166 --effort 7 --distance-min 2.75 --distance-max 2.75 --distance-step 2.75 --strategy libjxl --corpus-manifest benchmarks/corpora/w44_170_varied_corpus.tsv
2389166	cid22	512	512	libjxl	7	3.0000	25539	24002	59.6507	63.7428	3.437341	3.242921	419.348	722.853	6.404	-4.0921	5.995	-41.987	OK	89e3c405809a53c2872179d05bda80a69503b2fb	cargo run -p jxl-encoder --release --features 'parallel butteraugli-loop ssim2-loop' --example w44_170_cjxl_step025_sweep -- --image 2389166 --effort 7 --distance-min 3 --distance-max 3 --distance-step 3 --strategy libjxl --corpus-manifest benchmarks/corpora/w44_170_varied_corpus.tsv
2389166	cid22	512	512	libjxl	7	3.2500	23546	22300	56.6560	61.6699	3.968661	3.599990	441.178	613.103	5.587	-5.0139	10.241	-28.042	OK	89e3c405809a53c2872179d05bda80a69503b2fb	cargo run -p jxl-encoder --release --features 'parallel butteraugli-loop ssim2-loop' --example w44_170_cjxl_step025_sweep -- --image 2389166 --effort 7 --distance-min 3.25 --distance-max 3.25 --distance-step 3.25 --strategy libjxl --corpus-manifest benchmarks/corpora/w44_170_varied_corpus.tsv
2389166	cid22	512	512	libjxl	7	3.5000	22615	21056	53.9950	59.5230	4.087041	3.768247	416.689	448.144	7.404	-5.5280	8.460	-7.019	OK	89e3c405809a53c2872179d05bda80a69503b2fb	cargo run -p jxl-encoder --release --features 'parallel butteraugli-loop ssim2-loop' --example w44_170_cjxl_step025_sweep -- --image 2389166 --effort 7 --distance-min 3.5 --distance-max 3.5 --distance-step 3.5 --strategy libjxl --corpus-manifest benchmarks/corpora/w44_170_varied_corpus.tsv
2389166	cid22	512	512	libjxl	7	3.7500	21694	20082	53.2754	58.5169	3.939911	3.988787	388.343	574.471	8.027	-5.2415	-1.225	-32.400	OK	89e3c405809a53c2872179d05bda80a69503b2fb	cargo run -p jxl-encoder --release --features 'parallel butteraugli-loop ssim2-loop' --example w44_170_cjxl_step025_sweep -- --image 2389166 --effort 7 --distance-min 3.75 --distance-max 3.75 --distance-step 3.75 --strategy libjxl --corpus-manifest benchmarks/corpora/w44_170_varied_corpus.tsv
2389166	cid22	512	512	libjxl	7	4.0000	21183	19284	51.1600	56.0583	4.338906	4.275710	494.258	518.479	9.848	-4.8983	1.478	-4.672	OK	89e3c405809a53c2872179d05bda80a69503b2fb	cargo run -p jxl-encoder --release --features 'parallel butteraugli-loop ssim2-loop' --example w44_170_cjxl_step025_sweep -- --image 2389166 --effort 7 --distance-min 4 --distance-max 4 --distance-step 4 --strategy libjxl --corpus-manifest benchmarks/corpora/w44_170_varied_corpus.tsv
2389166	cid22	512	512	libjxl	7	4.2500	19315	18446	47.7092	52.8922	4.333488	4.309859	762.448	489.650	4.711	-5.1830	0.548	55.713	OK	89e3c405809a53c2872179d05bda80a69503b2fb	cargo run -p jxl-encoder --release --features 'parallel butteraugli-loop ssim2-loop' --example w44_170_cjxl_step025_sweep -- --image 2389166 --effort 7 --distance-min 4.25 --distance-max 4.25 --distance-step 4.25 --strategy libjxl --corpus-manifest benchmarks/corpora/w44_170_varied_corpus.tsv
2389166	cid22	512	512	libjxl	7	4.5000	19091	17561	45.2656	51.0312	4.574949	4.177702	512.945	443.856	8.712	-5.7656	9.509	15.566	OK	89e3c405809a53c2872179d05bda80a69503b2fb	cargo run -p jxl-encoder --release --features 'parallel butteraugli-loop ssim2-loop' --example w44_170_cjxl_step025_sweep -- --image 2389166 --effort 7 --distance-min 4.5 --distance-max 4.5 --distance-step 4.5 --strategy libjxl --corpus-manifest benchmarks/corpora/w44_170_varied_corpus.tsv
2389166	cid22	512	512	libjxl	7	4.7500	17865	16527	43.8545	50.2379	5.474939	4.491529	437.069	519.995	8.096	-6.3834	21.895	-15.948	OK	89e3c405809a53c2872179d05bda80a69503b2fb	cargo run -p jxl-encoder --release --features 'parallel butteraugli-loop ssim2-loop' --example w44_170_cjxl_step025_sweep -- --image 2389166 --effort 7 --distance-min 4.75 --distance-max 4.75 --distance-step 4.75 --strategy libjxl --corpus-manifest benchmarks/corpora/w44_170_varied_corpus.tsv
2389166	cid22	512	512	libjxl	7	5.0000	17730	15938	41.7644	48.3333	4.802069	4.721845	455.386	505.915	11.244	-6.5689	1.699	-9.988	OK	89e3c405809a53c2872179d05bda80a69503b2fb	cargo run -p jxl-encoder --release --features 'parallel butteraugli-loop ssim2-loop' --example w44_170_cjxl_step025_sweep -- --image 2389166 --effort 7 --distance-min 5 --distance-max 5 --distance-step 5 --strategy libjxl --corpus-manifest benchmarks/corpora/w44_170_varied_corpus.tsv
2389166	cid22	512	512	libjxl	8	0.2500	133694	131185	94.1464	94.0613	0.375759	0.400575	889.091	1737.429	1.913	0.0851	-6.195	-48.827	OK	89e3c405809a53c2872179d05bda80a69503b2fb	cargo run -p jxl-encoder --release --features 'parallel butteraugli-loop ssim2-loop' --example w44_170_cjxl_step025_sweep -- --image 2389166 --effort 8 --distance-min 0.25 --distance-max 0.25 --distance-step 0.25 --strategy libjxl --corpus-manifest benchmarks/corpora/w44_170_varied_corpus.tsv
2389166	cid22	512	512	libjxl	8	0.5000	88226	86602	90.3916	90.6188	0.725434	0.757277	845.948	2395.445	1.875	-0.2272	-4.205	-64.685	OK	89e3c405809a53c2872179d05bda80a69503b2fb	cargo run -p jxl-encoder --release --features 'parallel butteraugli-loop ssim2-loop' --example w44_170_cjxl_step025_sweep -- --image 2389166 --effort 8 --distance-min 0.5 --distance-max 0.5 --distance-step 0.5 --strategy libjxl --corpus-manifest benchmarks/corpora/w44_170_varied_corpus.tsv
2389166	cid22	512	512	libjxl	8	0.7500	63379	62650	85.6950	86.1624	0.989524	0.977362	906.505	1562.101	1.164	-0.4674	1.244	-41.969	OK	89e3c405809a53c2872179d05bda80a69503b2fb	cargo run -p jxl-encoder --release --features 'parallel butteraugli-loop ssim2-loop' --example w44_170_cjxl_step025_sweep -- --image 2389166 --effort 8 --distance-min 0.75 --distance-max 0.75 --distance-step 0.75 --strategy libjxl --corpus-manifest benchmarks/corpora/w44_170_varied_corpus.tsv
2389166	cid22	512	512	libjxl	8	1.0000	51819	51234	82.3867	82.7332	1.297871	1.258618	963.102	1522.177	1.142	-0.3465	3.119	-36.729	OK	89e3c405809a53c2872179d05bda80a69503b2fb	cargo run -p jxl-encoder --release --features 'parallel butteraugli-loop ssim2-loop' --example w44_170_cjxl_step025_sweep -- --image 2389166 --effort 8 --distance-min 1 --distance-max 1 --distance-step 1 --strategy libjxl --corpus-manifest benchmarks/corpora/w44_170_varied_corpus.tsv
2389166	cid22	512	512	libjxl	8	1.2500	43791	43561	78.9311	79.2007	1.570039	1.460849	972.108	1893.708	0.528	-0.2697	7.474	-48.666	OK	89e3c405809a53c2872179d05bda80a69503b2fb	cargo run -p jxl-encoder --release --features 'parallel butteraugli-loop ssim2-loop' --example w44_170_cjxl_step025_sweep -- --image 2389166 --effort 8 --distance-min 1.25 --distance-max 1.25 --distance-step 1.25 --strategy libjxl --corpus-manifest benchmarks/corpora/w44_170_varied_corpus.tsv
2389166	cid22	512	512	libjxl	8	1.5000	39297	38139	75.1802	76.5200	1.875966	1.678920	1278.470	1915.599	3.036	-1.3398	11.736	-33.260	OK	89e3c405809a53c2872179d05bda80a69503b2fb	cargo run -p jxl-encoder --release --features 'parallel butteraugli-loop ssim2-loop' --example w44_170_cjxl_step025_sweep -- --image 2389166 --effort 8 --distance-min 1.5 --distance-max 1.5 --distance-step 1.5 --strategy libjxl --corpus-manifest benchmarks/corpora/w44_170_varied_corpus.tsv
2389166	cid22	512	512	libjxl	8	1.7500	34534	33845	72.8486	73.7177	2.757623	2.632674	923.158	2326.479	2.036	-0.8691	4.746	-60.320	OK	89e3c405809a53c2872179d05bda80a69503b2fb	cargo run -p jxl-encoder --release --features 'parallel butteraugli-loop ssim2-loop' --example w44_170_cjxl_step025_sweep -- --image 2389166 --effort 8 --distance-min 1.75 --distance-max 1.75 --distance-step 1.75 --strategy libjxl --corpus-manifest benchmarks/corpora/w44_170_varied_corpus.tsv
2389166	cid22	512	512	libjxl	8	2.0000	32776	30514	69.1390	71.4172	2.543634	2.614756	732.028	2859.227	7.413	-2.2781	-2.720	-74.398	OK	89e3c405809a53c2872179d05bda80a69503b2fb	cargo run -p jxl-encoder --release --features 'parallel butteraugli-loop ssim2-loop' --example w44_170_cjxl_step025_sweep -- --image 2389166 --effort 8 --distance-min 2 --distance-max 2 --distance-step 2 --strategy libjxl --corpus-manifest benchmarks/corpora/w44_170_varied_corpus.tsv
2389166	cid22	512	512	libjxl	8	2.2500	28404	27704	66.4276	68.7855	2.708259	2.596623	1224.425	2667.407	2.527	-2.3579	4.299	-54.097	OK	89e3c405809a53c2872179d05bda80a69503b2fb	cargo run -p jxl-encoder --release --features 'parallel butteraugli-loop ssim2-loop' --example w44_170_cjxl_step025_sweep -- --image 2389166 --effort 8 --distance-min 2.25 --distance-max 2.25 --distance-step 2.25 --strategy libjxl --corpus-manifest benchmarks/corpora/w44_170_varied_corpus.tsv
2389166	cid22	512	512	libjxl	8	2.5000	26866	25368	62.8882	66.3101	3.089131	2.859982	1022.400	2346.164	5.905	-3.4219	8.012	-56.422	OK	89e3c405809a53c2872179d05bda80a69503b2fb	cargo run -p jxl-encoder --release --features 'parallel butteraugli-loop ssim2-loop' --example w44_170_cjxl_step025_sweep -- --image 2389166 --effort 8 --distance-min 2.5 --distance-max 2.5 --distance-step 2.5 --strategy libjxl --corpus-manifest benchmarks/corpora/w44_170_varied_corpus.tsv
2389166	cid22	512	512	libjxl	8	2.7500	24300	23740	61.8807	64.1756	2.976913	2.929306	911.882	2526.897	2.359	-2.2949	1.625	-63.913	OK	89e3c405809a53c2872179d05bda80a69503b2fb	cargo run -p jxl-encoder --release --features 'parallel butteraugli-loop ssim2-loop' --example w44_170_cjxl_step025_sweep -- --image 2389166 --effort 8 --distance-min 2.75 --distance-max 2.75 --distance-step 2.75 --strategy libjxl --corpus-manifest benchmarks/corpora/w44_170_varied_corpus.tsv
2389166	cid22	512	512	libjxl	8	3.0000	23575	25083	58.1259	62.1196	3.350911	3.505899	1013.858	2886.787	-6.012	-3.9938	-4.421	-64.879	OK	89e3c405809a53c2872179d05bda80a69503b2fb	cargo run -p jxl-encoder --release --features 'parallel butteraugli-loop ssim2-loop' --example w44_170_cjxl_step025_sweep -- --image 2389166 --effort 8 --distance-min 3 --distance-max 3 --distance-step 3 --strategy libjxl --corpus-manifest benchmarks/corpora/w44_170_varied_corpus.tsv
2389166	cid22	512	512	libjxl	8	3.2500	21848	23418	54.7959	59.7527	3.633432	3.618029	933.459	1829.953	-6.704	-4.9568	0.426	-48.990	OK	89e3c405809a53c2872179d05bda80a69503b2fb	cargo run -p jxl-encoder --release --features 'parallel butteraugli-loop ssim2-loop' --example w44_170_cjxl_step025_sweep -- --image 2389166 --effort 8 --distance-min 3.25 --distance-max 3.25 --distance-step 3.25 --strategy libjxl --corpus-manifest benchmarks/corpora/w44_170_varied_corpus.tsv
2389166	cid22	512	512	libjxl	8	3.5000	20843	21833	52.5035	57.4686	3.899863	3.890578	985.964	2492.006	-4.534	-4.9651	0.239	-60.435	OK	89e3c405809a53c2872179d05bda80a69503b2fb	cargo run -p jxl-encoder --release --features 'parallel butteraugli-loop ssim2-loop' --example w44_170_cjxl_step025_sweep -- --image 2389166 --effort 8 --distance-min 3.5 --distance-max 3.5 --distance-step 3.5 --strategy libjxl --corpus-manifest benchmarks/corpora/w44_170_varied_corpus.tsv
2389166	cid22	512	512	libjxl	8	3.7500	19808	20589	49.8623	55.5501	3.992409	4.310196	756.509	2431.331	-3.793	-5.6878	-7.373	-68.885	OK	89e3c405809a53c2872179d05bda80a69503b2fb	cargo run -p jxl-encoder --release --features 'parallel butteraugli-loop ssim2-loop' --example w44_170_cjxl_step025_sweep -- --image 2389166 --effort 8 --distance-min 3.75 --distance-max 3.75 --distance-step 3.75 --strategy libjxl --corpus-manifest benchmarks/corpora/w44_170_varied_corpus.tsv
2389166	cid22	512	512	libjxl	8	4.0000	19156	19671	47.4797	53.4197	4.271294	4.400678	1142.906	1762.102	-2.618	-5.9400	-2.940	-35.140	OK	89e3c405809a53c2872179d05bda80a69503b2fb	cargo run -p jxl-encoder --release --features 'parallel butteraugli-loop ssim2-loop' --example w44_170_cjxl_step025_sweep -- --image 2389166 --effort 8 --distance-min 4 --distance-max 4 --distance-step 4 --strategy libjxl --corpus-manifest benchmarks/corpora/w44_170_varied_corpus.tsv
2389166	cid22	512	512	libjxl	8	4.2500	17501	18545	44.2652	50.7231	4.450745	4.330748	1063.477	1728.544	-5.630	-6.4578	2.771	-38.476	OK	89e3c405809a53c2872179d05bda80a69503b2fb	cargo run -p jxl-encoder --release --features 'parallel butteraugli-loop ssim2-loop' --example w44_170_cjxl_step025_sweep -- --image 2389166 --effort 8 --distance-min 4.25 --distance-max 4.25 --distance-step 4.25 --strategy libjxl --corpus-manifest benchmarks/corpora/w44_170_varied_corpus.tsv
2389166	cid22	512	512	libjxl	8	4.5000	17094	17563	41.5616	47.8519	4.604155	4.403062	1225.427	1745.161	-2.670	-6.2903	4.567	-29.781	OK	89e3c405809a53c2872179d05bda80a69503b2fb	cargo run -p jxl-encoder --release --features 'parallel butteraugli-loop ssim2-loop' --example w44_170_cjxl_step025_sweep -- --image 2389166 --effort 8 --distance-min 4.5 --distance-max 4.5 --distance-step 4.5 --strategy libjxl --corpus-manifest benchmarks/corpora/w44_170_varied_corpus.tsv
2389166	cid22	512	512	libjxl	8	4.7500	16132	16199	40.3678	45.8421	5.424314	4.759761	970.570	1539.878	-0.414	-5.4742	13.962	-36.971	OK	89e3c405809a53c2872179d05bda80a69503b2fb	cargo run -p jxl-encoder --release --features 'parallel butteraugli-loop ssim2-loop' --example w44_170_cjxl_step025_sweep -- --image 2389166 --effort 8 --distance-min 4.75 --distance-max 4.75 --distance-step 4.75 --strategy libjxl --corpus-manifest benchmarks/corpora/w44_170_varied_corpus.tsv
2389166	cid22	512	512	libjxl	8	5.0000	15876	15511	37.6151	43.4542	4.758323	4.617066	1414.116	2387.249	2.353	-5.8391	3.059	-40.764	OK	89e3c405809a53c2872179d05bda80a69503b2fb	cargo run -p jxl-encoder --release --features 'parallel butteraugli-loop ssim2-loop' --example w44_170_cjxl_step025_sweep -- --image 2389166 --effort 8 --distance-min 5 --distance-max 5 --distance-step 5 --strategy libjxl --corpus-manifest benchmarks/corpora/w44_170_varied_corpus.tsv
2389166	cid22	512	512	libjxl	9	0.2500	135749	131960	94.1488	94.0777	0.294444	0.301261	1698.207	4791.093	2.871	0.0711	-2.263	-64.555	OK	89e3c405809a53c2872179d05bda80a69503b2fb	cargo run -p jxl-encoder --release --features 'parallel butteraugli-loop ssim2-loop' --example w44_170_cjxl_step025_sweep -- --image 2389166 --effort 9 --distance-min 0.25 --distance-max 0.25 --distance-step 0.25 --strategy libjxl --corpus-manifest benchmarks/corpora/w44_170_varied_corpus.tsv
2389166	cid22	512	512	libjxl	9	0.5000	90007	87910	90.6640	91.0307	0.640421	0.638727	1436.181	3003.116	2.385	-0.3668	0.265	-52.177	OK	89e3c405809a53c2872179d05bda80a69503b2fb	cargo run -p jxl-encoder --release --features 'parallel butteraugli-loop ssim2-loop' --example w44_170_cjxl_step025_sweep -- --image 2389166 --effort 9 --distance-min 0.5 --distance-max 0.5 --distance-step 0.5 --strategy libjxl --corpus-manifest benchmarks/corpora/w44_170_varied_corpus.tsv
2389166	cid22	512	512	libjxl	9	0.7500	64419	63021	86.0168	86.4803	1.026542	1.032355	1776.971	2426.893	2.218	-0.4635	-0.563	-26.780	OK	89e3c405809a53c2872179d05bda80a69503b2fb	cargo run -p jxl-encoder --release --features 'parallel butteraugli-loop ssim2-loop' --example w44_170_cjxl_step025_sweep -- --image 2389166 --effort 9 --distance-min 0.75 --distance-max 0.75 --distance-step 0.75 --strategy libjxl --corpus-manifest benchmarks/corpora/w44_170_varied_corpus.tsv
2389166	cid22	512	512	libjxl	9	1.0000	52380	51421	82.6237	82.6418	1.240447	1.181379	1394.296	3316.902	1.865	-0.0180	5.000	-57.964	OK	89e3c405809a53c2872179d05bda80a69503b2fb	cargo run -p jxl-encoder --release --features 'parallel butteraugli-loop ssim2-loop' --example w44_170_cjxl_step025_sweep -- --image 2389166 --effort 9 --distance-min 1 --distance-max 1 --distance-step 1 --strategy libjxl --corpus-manifest benchmarks/corpora/w44_170_varied_corpus.tsv
297394	cid22	512	512	libjxl	7	2.7500	46266	43049	72.4669	73.6475	3.542496	2.786666	278.396	522.434	7.473	-1.1807	27.123	-46.712	OK	89e3c405809a53c2872179d05bda80a69503b2fb	cargo run -p jxl-encoder --release --features 'parallel butteraugli-loop ssim2-loop' --example w44_170_cjxl_step025_sweep -- --image 297394 --effort 7 --distance-min 2.75 --distance-max 2.75 --distance-step 2.75 --strategy libjxl --corpus-manifest benchmarks/corpora/w44_170_varied_corpus.tsv
297394	cid22	512	512	libjxl	7	3.0000	43210	40181	70.1783	72.1553	3.761029	3.105502	404.241	556.360	7.538	-1.9770	21.109	-27.342	OK	89e3c405809a53c2872179d05bda80a69503b2fb	cargo run -p jxl-encoder --release --features 'parallel butteraugli-loop ssim2-loop' --example w44_170_cjxl_step025_sweep -- --image 297394 --effort 7 --distance-min 3 --distance-max 3 --distance-step 3 --strategy libjxl --corpus-manifest benchmarks/corpora/w44_170_varied_corpus.tsv
297394	cid22	512	512	libjxl	7	3.2500	39898	37618	68.9002	69.7587	4.011968	3.960047	312.141	501.101	6.061	-0.8585	1.311	-37.709	OK	89e3c405809a53c2872179d05bda80a69503b2fb	cargo run -p jxl-encoder --release --features 'parallel butteraugli-loop ssim2-loop' --example w44_170_cjxl_step025_sweep -- --image 297394 --effort 7 --distance-min 3.25 --distance-max 3.25 --distance-step 3.25 --strategy libjxl --corpus-manifest benchmarks/corpora/w44_170_varied_corpus.tsv
297394	cid22	512	512	libjxl	7	3.5000	37944	35493	67.5962	68.4030	3.510664	3.522805	335.672	523.693	6.906	-0.8068	-0.345	-35.903	OK	89e3c405809a53c2872179d05bda80a69503b2fb	cargo run -p jxl-encoder --release --features 'parallel butteraugli-loop ssim2-loop' --example w44_170_cjxl_step025_sweep -- --image 297394 --effort 7 --distance-min 3.5 --distance-max 3.5 --distance-step 3.5 --strategy libjxl --corpus-manifest benchmarks/corpora/w44_170_varied_corpus.tsv
297394	cid22	512	512	libjxl	7	3.7500	35556	33533	65.7453	66.7197	3.543695	3.619498	343.190	479.702	6.033	-0.9745	-2.094	-28.458	OK	89e3c405809a53c2872179d05bda80a69503b2fb	cargo run -p jxl-encoder --release --features 'parallel butteraugli-loop ssim2-loop' --example w44_170_cjxl_step025_sweep -- --image 297394 --effort 7 --distance-min 3.75 --distance-max 3.75 --distance-step 3.75 --strategy libjxl --corpus-manifest benchmarks/corpora/w44_170_varied_corpus.tsv
297394	cid22	512	512	libjxl	7	4.0000	34119	31913	64.1035	65.2776	4.015262	4.009250	488.598	489.849	6.913	-1.1741	0.150	-0.255	OK	89e3c405809a53c2872179d05bda80a69503b2fb	cargo run -p jxl-encoder --release --features 'parallel butteraugli-loop ssim2-loop' --example w44_170_cjxl_step025_sweep -- --image 297394 --effort 7 --distance-min 4 --distance-max 4 --distance-step 4 --strategy libjxl --corpus-manifest benchmarks/corpora/w44_170_varied_corpus.tsv
297394	cid22	512	512	libjxl	7	4.2500	32517	30241	61.6062	63.4579	4.251296	3.987587	464.911	475.177	7.526	-1.8518	6.613	-2.161	OK	89e3c405809a53c2872179d05bda80a69503b2fb	cargo run -p jxl-encoder --release --features 'parallel butteraugli-loop ssim2-loop' --example w44_170_cjxl_step025_sweep -- --image 297394 --effort 7 --distance-min 4.25 --distance-max 4.25 --distance-step 4.25 --strategy libjxl --corpus-manifest benchmarks/corpora/w44_170_varied_corpus.tsv
297394	cid22	512	512	libjxl	7	4.5000	31105	28818	59.2205	61.5330	4.150495	4.095787	460.989	417.802	7.936	-2.3124	1.336	10.337	OK	89e3c405809a53c2872179d05bda80a69503b2fb	cargo run -p jxl-encoder --release --features 'parallel butteraugli-loop ssim2-loop' --example w44_170_cjxl_step025_sweep -- --image 297394 --effort 7 --distance-min 4.5 --distance-max 4.5 --distance-step 4.5 --strategy libjxl --corpus-manifest benchmarks/corpora/w44_170_varied_corpus.tsv
297394	cid22	512	512	libjxl	7	4.7500	30231	27388	57.8449	60.9181	4.297510	4.406130	403.759	524.028	10.380	-3.0732	-2.465	-22.951	OK	89e3c405809a53c2872179d05bda80a69503b2fb	cargo run -p jxl-encoder --release --features 'parallel butteraugli-loop ssim2-loop' --example w44_170_cjxl_step025_sweep -- --image 297394 --effort 7 --distance-min 4.75 --distance-max 4.75 --distance-step 4.75 --strategy libjxl --corpus-manifest benchmarks/corpora/w44_170_varied_corpus.tsv
297394	cid22	512	512	libjxl	7	5.0000	27926	26023	56.0143	59.5190	4.760421	4.639399	408.232	488.443	7.313	-3.5047	2.609	-16.422	OK	89e3c405809a53c2872179d05bda80a69503b2fb	cargo run -p jxl-encoder --release --features 'parallel butteraugli-loop ssim2-loop' --example w44_170_cjxl_step025_sweep -- --image 297394 --effort 7 --distance-min 5 --distance-max 5 --distance-step 5 --strategy libjxl --corpus-manifest benchmarks/corpora/w44_170_varied_corpus.tsv
297394	cid22	512	512	libjxl	8	0.2500	204945	201494	94.4332	94.3442	0.386613	0.386854	1060.151	1534.215	1.713	0.0890	-0.062	-30.899	OK	89e3c405809a53c2872179d05bda80a69503b2fb	cargo run -p jxl-encoder --release --features 'parallel butteraugli-loop ssim2-loop' --example w44_170_cjxl_step025_sweep -- --image 297394 --effort 8 --distance-min 0.25 --distance-max 0.25 --distance-step 0.25 --strategy libjxl --corpus-manifest benchmarks/corpora/w44_170_varied_corpus.tsv
297394	cid22	512	512	libjxl	8	0.5000	138904	137258	91.7602	91.9159	0.682530	0.678223	1163.964	1400.932	1.199	-0.1557	0.635	-16.915	OK	89e3c405809a53c2872179d05bda80a69503b2fb	cargo run -p jxl-encoder --release --features 'parallel butteraugli-loop ssim2-loop' --example w44_170_cjxl_step025_sweep -- --image 297394 --effort 8 --distance-min 0.5 --distance-max 0.5 --distance-step 0.5 --strategy libjxl --corpus-manifest benchmarks/corpora/w44_170_varied_corpus.tsv
297394	cid22	512	512	libjxl	8	0.7500	106106	104232	89.3234	89.5879	0.906454	0.992075	1503.173	1991.292	1.798	-0.2645	-8.631	-24.513	OK	89e3c405809a53c2872179d05bda80a69503b2fb	cargo run -p jxl-encoder --release --features 'parallel butteraugli-loop ssim2-loop' --example w44_170_cjxl_step025_sweep -- --image 297394 --effort 8 --distance-min 0.75 --distance-max 0.75 --distance-step 0.75 --strategy libjxl --corpus-manifest benchmarks/corpora/w44_170_varied_corpus.tsv
297394	cid22	512	512	libjxl	8	1.0000	88047	85659	87.1014	87.4494	1.207716	1.186284	1325.407	1722.065	2.788	-0.3480	1.807	-23.034	OK	89e3c405809a53c2872179d05bda80a69503b2fb	cargo run -p jxl-encoder --release --features 'parallel butteraugli-loop ssim2-loop' --example w44_170_cjxl_step025_sweep -- --image 297394 --effort 8 --distance-min 1 --distance-max 1 --distance-step 1 --strategy libjxl --corpus-manifest benchmarks/corpora/w44_170_varied_corpus.tsv
297394	cid22	512	512	libjxl	8	1.2500	74987	73677	84.5606	84.9570	1.482525	1.485950	1192.915	1758.330	1.778	-0.3964	-0.231	-32.156	OK	89e3c405809a53c2872179d05bda80a69503b2fb	cargo run -p jxl-encoder --release --features 'parallel butteraugli-loop ssim2-loop' --example w44_170_cjxl_step025_sweep -- --image 297394 --effort 8 --distance-min 1.25 --distance-max 1.25 --distance-step 1.25 --strategy libjxl --corpus-manifest benchmarks/corpora/w44_170_varied_corpus.tsv
297394	cid22	512	512	libjxl	8	1.5000	68476	64862	82.3818	82.7148	1.845224	1.845027	1630.137	1960.025	5.572	-0.3330	0.011	-16.831	OK	89e3c405809a53c2872179d05bda80a69503b2fb	cargo run -p jxl-encoder --release --features 'parallel butteraugli-loop ssim2-loop' --example w44_170_cjxl_step025_sweep -- --image 297394 --effort 8 --distance-min 1.5 --distance-max 1.5 --distance-step 1.5 --strategy libjxl --corpus-manifest benchmarks/corpora/w44_170_varied_corpus.tsv
297394	cid22	512	512	libjxl	8	1.7500	58657	57840	80.3950	80.9510	2.042168	2.006766	1312.988	1901.253	1.413	-0.5560	1.764	-30.941	OK	89e3c405809a53c2872179d05bda80a69503b2fb	cargo run -p jxl-encoder --release --features 'parallel butteraugli-loop ssim2-loop' --example w44_170_cjxl_step025_sweep -- --image 297394 --effort 8 --distance-min 1.75 --distance-max 1.75 --distance-step 1.75 --strategy libjxl --corpus-manifest benchmarks/corpora/w44_170_varied_corpus.tsv
297394	cid22	512	512	libjxl	8	2.0000	54997	52292	77.7935	78.6436	2.306053	2.247049	1324.596	1515.504	5.173	-0.8501	2.626	-12.597	OK	89e3c405809a53c2872179d05bda80a69503b2fb	cargo run -p jxl-encoder --release --features 'parallel butteraugli-loop ssim2-loop' --example w44_170_cjxl_step025_sweep -- --image 297394 --effort 8 --distance-min 2 --distance-max 2 --distance-step 2 --strategy libjxl --corpus-manifest benchmarks/corpora/w44_170_varied_corpus.tsv
297394	cid22	512	512	libjxl	8	2.2500	50164	47346	75.5555	76.0853	2.539812	2.504414	1214.688	1626.577	5.952	-0.5298	1.413	-25.322	OK	89e3c405809a53c2872179d05bda80a69503b2fb	cargo run -p jxl-encoder --release --features 'parallel butteraugli-loop ssim2-loop' --example w44_170_cjxl_step025_sweep -- --image 297394 --effort 8 --distance-min 2.25 --distance-max 2.25 --distance-step 2.25 --strategy libjxl --corpus-manifest benchmarks/corpora/w44_170_varied_corpus.tsv
297394	cid22	512	512	libjxl	8	2.5000	45776	43702	73.7937	74.7587	2.696039	2.865415	1145.995	1667.801	4.746	-0.9650	-5.911	-31.287	OK	89e3c405809a53c2872179d05bda80a69503b2fb	cargo run -p jxl-encoder --release --features 'parallel butteraugli-loop ssim2-loop' --example w44_170_cjxl_step025_sweep -- --image 297394 --effort 8 --distance-min 2.5 --distance-max 2.5 --distance-step 2.5 --strategy libjxl --corpus-manifest benchmarks/corpora/w44_170_varied_corpus.tsv
297394	cid22	512	512	libjxl	8	2.7500	43239	40370	71.4790	72.6303	3.054641	2.786682	1451.502	1877.913	7.107	-1.1512	9.616	-22.707	OK	89e3c405809a53c2872179d05bda80a69503b2fb	cargo run -p jxl-encoder --release --features 'parallel butteraugli-loop ssim2-loop' --example w44_170_cjxl_step025_sweep -- --image 297394 --effort 8 --distance-min 2.75 --distance-max 2.75 --distance-step 2.75 --strategy libjxl --corpus-manifest benchmarks/corpora/w44_170_varied_corpus.tsv
297394	cid22	512	512	libjxl	8	3.0000	39570	37380	69.0368	70.4567	3.217802	3.303272	1483.360	1716.503	5.859	-1.4198	-2.587	-13.582	OK	89e3c405809a53c2872179d05bda80a69503b2fb	cargo run -p jxl-encoder --release --features 'parallel butteraugli-loop ssim2-loop' --example w44_170_cjxl_step025_sweep -- --image 297394 --effort 8 --distance-min 3 --distance-max 3 --distance-step 3 --strategy libjxl --corpus-manifest benchmarks/corpora/w44_170_varied_corpus.tsv
297394	cid22	512	512	libjxl	8	3.2500	36678	34978	67.8071	68.2858	3.278758	3.386702	1278.064	1603.411	4.860	-0.4788	-3.187	-20.291	OK	89e3c405809a53c2872179d05bda80a69503b2fb	cargo run -p jxl-encoder --release --features 'parallel butteraugli-loop ssim2-loop' --example w44_170_cjxl_step025_sweep -- --image 297394 --effort 8 --distance-min 3.25 --distance-max 3.25 --distance-step 3.25 --strategy libjxl --corpus-manifest benchmarks/corpora/w44_170_varied_corpus.tsv
297394	cid22	512	512	libjxl	8	3.5000	34795	32932	65.6801	66.8442	3.437690	3.577865	1483.969	1896.874	5.657	-1.1641	-3.918	-21.768	OK	89e3c405809a53c2872179d05bda80a69503b2fb	cargo run -p jxl-encoder --release --features 'parallel butteraugli-loop ssim2-loop' --example w44_170_cjxl_step025_sweep -- --image 297394 --effort 8 --distance-min 3.5 --distance-max 3.5 --distance-step 3.5 --strategy libjxl --corpus-manifest benchmarks/corpora/w44_170_varied_corpus.tsv
297394	cid22	512	512	libjxl	8	3.7500	32310	30869	63.6540	64.6911	3.883750	3.578265	1786.684	1689.222	4.668	-1.0371	8.537	5.770	OK	89e3c405809a53c2872179d05bda80a69503b2fb	cargo run -p jxl-encoder --release --features 'parallel butteraugli-loop ssim2-loop' --example w44_170_cjxl_step025_sweep -- --image 297394 --effort 8 --distance-min 3.75 --distance-max 3.75 --distance-step 3.75 --strategy libjxl --corpus-manifest benchmarks/corpora/w44_170_varied_corpus.tsv
297394	cid22	512	512	libjxl	8	4.0000	30965	29186	62.1622	62.7871	4.127233	4.391032	2334.238	1554.389	6.095	-0.6249	-6.008	50.171	OK	89e3c405809a53c2872179d05bda80a69503b2fb	cargo run -p jxl-encoder --release --features 'parallel butteraugli-loop ssim2-loop' --example w44_170_cjxl_step025_sweep -- --image 297394 --effort 8 --distance-min 4 --distance-max 4 --distance-step 4 --strategy libjxl --corpus-manifest benchmarks/corpora/w44_170_varied_corpus.tsv
297394	cid22	512	512	libjxl	8	4.2500	29383	27793	59.7261	61.7171	4.256462	4.467083	2037.187	1643.256	5.721	-1.9910	-4.715	23.973	OK	89e3c405809a53c2872179d05bda80a69503b2fb	cargo run -p jxl-encoder --release --features 'parallel butteraugli-loop ssim2-loop' --example w44_170_cjxl_step025_sweep -- --image 297394 --effort 8 --distance-min 4.25 --distance-max 4.25 --distance-step 4.25 --strategy libjxl --corpus-manifest benchmarks/corpora/w44_170_varied_corpus.tsv
297394	cid22	512	512	libjxl	8	4.5000	27940	26556	57.4854	59.5173	4.504356	4.386855	1815.324	1737.073	5.212	-2.0319	2.678	4.505	OK	89e3c405809a53c2872179d05bda80a69503b2fb	cargo run -p jxl-encoder --release --features 'parallel butteraugli-loop ssim2-loop' --example w44_170_cjxl_step025_sweep -- --image 297394 --effort 8 --distance-min 4.5 --distance-max 4.5 --distance-step 4.5 --strategy libjxl --corpus-manifest benchmarks/corpora/w44_170_varied_corpus.tsv
297394	cid22	512	512	libjxl	8	4.7500	27386	24920	56.2657	58.7965	4.404950	4.172672	1314.189	1685.201	9.896	-2.5309	5.567	-22.016	OK	89e3c405809a53c2872179d05bda80a69503b2fb	cargo run -p jxl-encoder --release --features 'parallel butteraugli-loop ssim2-loop' --example w44_170_cjxl_step025_sweep -- --image 297394 --effort 8 --distance-min 4.75 --distance-max 4.75 --distance-step 4.75 --strategy libjxl --corpus-manifest benchmarks/corpora/w44_170_varied_corpus.tsv
297394	cid22	512	512	libjxl	8	5.0000	24900	23615	53.2070	56.9228	5.107566	4.585484	1306.408	1787.060	5.441	-3.7158	11.386	-26.896	OK	89e3c405809a53c2872179d05bda80a69503b2fb	cargo run -p jxl-encoder --release --features 'parallel butteraugli-loop ssim2-loop' --example w44_170_cjxl_step025_sweep -- --image 297394 --effort 8 --distance-min 5 --distance-max 5 --distance-step 5 --strategy libjxl --corpus-manifest benchmarks/corpora/w44_170_varied_corpus.tsv
297394	cid22	512	512	libjxl	9	0.2500	207428	202669	94.3423	94.3866	0.298521	0.342972	4678.997	2138.316	2.348	-0.0444	-12.961	118.817	OK	89e3c405809a53c2872179d05bda80a69503b2fb	cargo run -p jxl-encoder --release --features 'parallel butteraugli-loop ssim2-loop' --example w44_170_cjxl_step025_sweep -- --image 297394 --effort 9 --distance-min 0.25 --distance-max 0.25 --distance-step 0.25 --strategy libjxl --corpus-manifest benchmarks/corpora/w44_170_varied_corpus.tsv
297394	cid22	512	512	libjxl	9	0.5000	140715	137999	91.7946	91.9694	0.581963	0.639338	3870.210	2460.659	1.968	-0.1748	-8.974	57.283	OK	89e3c405809a53c2872179d05bda80a69503b2fb	cargo run -p jxl-encoder --release --features 'parallel butteraugli-loop ssim2-loop' --example w44_170_cjxl_step025_sweep -- --image 297394 --effort 9 --distance-min 0.5 --distance-max 0.5 --distance-step 0.5 --strategy libjxl --corpus-manifest benchmarks/corpora/w44_170_varied_corpus.tsv
297394	cid22	512	512	libjxl	9	0.7500	107356	104620	89.4067	89.8268	0.886458	0.863348	2564.104	1962.463	2.615	-0.4201	2.677	30.657	OK	89e3c405809a53c2872179d05bda80a69503b2fb	cargo run -p jxl-encoder --release --features 'parallel butteraugli-loop ssim2-loop' --example w44_170_cjxl_step025_sweep -- --image 297394 --effort 9 --distance-min 0.75 --distance-max 0.75 --distance-step 0.75 --strategy libjxl --corpus-manifest benchmarks/corpora/w44_170_varied_corpus.tsv
297394	cid22	512	512	libjxl	9	1.0000	88813	85777	87.2675	87.4553	1.159350	1.162457	2602.090	2389.615	3.539	-0.1878	-0.267	8.892	OK	89e3c405809a53c2872179d05bda80a69503b2fb	cargo run -p jxl-encoder --release --features 'parallel butteraugli-loop ssim2-loop' --example w44_170_cjxl_step025_sweep -- --image 297394 --effort 9 --distance-min 1 --distance-max 1 --distance-step 1 --strategy libjxl --corpus-manifest benchmarks/corpora/w44_170_varied_corpus.tsv
297394	cid22	512	512	libjxl	9	1.2500	75673	73587	84.6186	85.0135	1.461848	1.461683	2632.372	2285.056	2.835	-0.3948	0.011	15.199	OK	89e3c405809a53c2872179d05bda80a69503b2fb	cargo run -p jxl-encoder --release --features 'parallel butteraugli-loop ssim2-loop' --example w44_170_cjxl_step025_sweep -- --image 297394 --effort 9 --distance-min 1.25 --distance-max 1.25 --distance-step 1.25 --strategy libjxl --corpus-manifest benchmarks/corpora/w44_170_varied_corpus.tsv
297394	cid22	512	512	libjxl	9	1.5000	69074	64673	82.4303	82.7568	1.775077	1.841271	2218.239	1978.784	6.805	-0.3265	-3.595	12.101	OK	89e3c405809a53c2872179d05bda80a69503b2fb	cargo run -p jxl-encoder --release --features 'parallel butteraugli-loop ssim2-loop' --example w44_170_cjxl_step025_sweep -- --image 297394 --effort 9 --distance-min 1.5 --distance-max 1.5 --distance-step 1.5 --strategy libjxl --corpus-manifest benchmarks/corpora/w44_170_varied_corpus.tsv
297394	cid22	512	512	libjxl	9	1.7500	59207	57892	80.3997	80.9677	1.973448	1.968521	1960.912	2970.168	2.271	-0.5680	0.250	-33.980	OK	89e3c405809a53c2872179d05bda80a69503b2fb	cargo run -p jxl-encoder --release --features 'parallel butteraugli-loop ssim2-loop' --example w44_170_cjxl_step025_sweep -- --image 297394 --effort 9 --distance-min 1.75 --distance-max 1.75 --distance-step 1.75 --strategy libjxl --corpus-manifest benchmarks/corpora/w44_170_varied_corpus.tsv
297394	cid22	512	512	libjxl	9	2.0000	55428	52256	77.7931	78.5146	2.244018	2.184585	2876.827	2549.877	6.070	-0.7214	2.721	12.822	OK	89e3c405809a53c2872179d05bda80a69503b2fb	cargo run -p jxl-encoder --release --features 'parallel butteraugli-loop ssim2-loop' --example w44_170_cjxl_step025_sweep -- --image 297394 --effort 9 --distance-min 2 --distance-max 2 --distance-step 2 --strategy libjxl --corpus-manifest benchmarks/corpora/w44_170_varied_corpus.tsv
297394	cid22	512	512	libjxl	9	2.2500	50606	47297	75.6499	76.0982	2.637679	2.504414	3623.695	2448.048	6.996	-0.4483	5.321	48.024	OK	89e3c405809a53c2872179d05bda80a69503b2fb	cargo run -p jxl-encoder --release --features 'parallel butteraugli-loop ssim2-loop' --example w44_170_cjxl_step025_sweep -- --image 297394 --effort 9 --distance-min 2.25 --distance-max 2.25 --distance-step 2.25 --strategy libjxl --corpus-manifest benchmarks/corpora/w44_170_varied_corpus.tsv
297394	cid22	512	512	libjxl	9	2.5000	46215	43629	73.8137	74.7597	2.692520	2.561094	2381.429	2564.363	5.927	-0.9460	5.132	-7.134	OK	89e3c405809a53c2872179d05bda80a69503b2fb	cargo run -p jxl-encoder --release --features 'parallel butteraugli-loop ssim2-loop' --example w44_170_cjxl_step025_sweep -- --image 297394 --effort 9 --distance-min 2.5 --distance-max 2.5 --distance-step 2.5 --strategy libjxl --corpus-manifest benchmarks/corpora/w44_170_varied_corpus.tsv
297394	cid22	512	512	libjxl	9	2.7500	43694	40271	71.4348	72.6303	2.939492	2.786682	2163.526	2939.255	8.500	-1.1955	5.484	-26.392	OK	89e3c405809a53c2872179d05bda80a69503b2fb	cargo run -p jxl-encoder --release --features 'parallel butteraugli-loop ssim2-loop' --example w44_170_cjxl_step025_sweep -- --image 297394 --effort 9 --distance-min 2.75 --distance-max 2.75 --distance-step 2.75 --strategy libjxl --corpus-manifest benchmarks/corpora/w44_170_varied_corpus.tsv
297394	cid22	512	512	libjxl	9	3.0000	40040	37311	69.0487	70.4631	3.217802	3.303272	1827.922	2731.248	7.314	-1.4144	-2.587	-33.074	OK	89e3c405809a53c2872179d05bda80a69503b2fb	cargo run -p jxl-encoder --release --features 'parallel butteraugli-loop ssim2-loop' --example w44_170_cjxl_step025_sweep -- --image 297394 --effort 9 --distance-min 3 --distance-max 3 --distance-step 3 --strategy libjxl --corpus-manifest benchmarks/corpora/w44_170_varied_corpus.tsv
297394	cid22	512	512	libjxl	9	3.2500	37019	34913	67.8071	68.2858	3.278758	3.386702	2018.301	2685.318	6.032	-0.4788	-3.187	-24.839	OK	89e3c405809a53c2872179d05bda80a69503b2fb	cargo run -p jxl-encoder --release --features 'parallel butteraugli-loop ssim2-loop' --example w44_170_cjxl_step025_sweep -- --image 297394 --effort 9 --distance-min 3.25 --distance-max 3.25 --distance-step 3.25 --strategy libjxl --corpus-manifest benchmarks/corpora/w44_170_varied_corpus.tsv
297394	cid22	512	512	libjxl	9	3.5000	35093	32845	65.6801	66.8442	3.437690	3.577865	2273.549	2728.863	6.844	-1.1641	-3.918	-16.685	OK	89e3c405809a53c2872179d05bda80a69503b2fb	cargo run -p jxl-encoder --release --features 'parallel butteraugli-loop ssim2-loop' --example w44_170_cjxl_step025_sweep -- --image 297394 --effort 9 --distance-min 3.5 --distance-max 3.5 --distance-step 3.5 --strategy libjxl --corpus-manifest benchmarks/corpora/w44_170_varied_corpus.tsv
297394	cid22	512	512	libjxl	9	3.7500	32631	30789	63.6540	64.6911	3.883750	3.578265	3169.416	2499.064	5.983	-1.0371	8.537	26.824	OK	89e3c405809a53c2872179d05bda80a69503b2fb	cargo run -p jxl-encoder --release --features 'parallel butteraugli-loop ssim2-loop' --example w44_170_cjxl_step025_sweep -- --image 297394 --effort 9 --distance-min 3.75 --distance-max 3.75 --distance-step 3.75 --strategy libjxl --corpus-manifest benchmarks/corpora/w44_170_varied_corpus.tsv
297394	cid22	512	512	libjxl	9	4.0000	31084	29093	62.1622	62.7871	4.127233	4.391032	3085.151	2476.225	6.844	-0.6249	-6.008	24.591	OK	89e3c405809a53c2872179d05bda80a69503b2fb	cargo run -p jxl-encoder --release --features 'parallel butteraugli-loop ssim2-loop' --example w44_170_cjxl_step025_sweep -- --image 297394 --effort 9 --distance-min 4 --distance-max 4 --distance-step 4 --strategy libjxl --corpus-manifest benchmarks/corpora/w44_170_varied_corpus.tsv
297394	cid22	512	512	libjxl	9	4.2500	29684	27732	59.7261	61.7171	4.256462	4.467083	2052.135	2291.433	7.039	-1.9910	-4.715	-10.443	OK	89e3c405809a53c2872179d05bda80a69503b2fb	cargo run -p jxl-encoder --release --features 'parallel butteraugli-loop ssim2-loop' --example w44_170_cjxl_step025_sweep -- --image 297394 --effort 9 --distance-min 4.25 --distance-max 4.25 --distance-step 4.25 --strategy libjxl --corpus-manifest benchmarks/corpora/w44_170_varied_corpus.tsv
297394	cid22	512	512	libjxl	9	4.5000	28261	26503	57.4854	59.5092	4.504356	4.386855	1726.679	2147.900	6.633	-2.0238	2.678	-19.611	OK	89e3c405809a53c2872179d05bda80a69503b2fb	cargo run -p jxl-encoder --release --features 'parallel butteraugli-loop ssim2-loop' --example w44_170_cjxl_step025_sweep -- --image 297394 --effort 9 --distance-min 4.5 --distance-max 4.5 --distance-step 4.5 --strategy libjxl --corpus-manifest benchmarks/corpora/w44_170_varied_corpus.tsv
297394	cid22	512	512	libjxl	9	4.7500	27596	24877	56.2657	58.7965	4.404950	4.172672	1951.310	2564.211	10.930	-2.5309	5.567	-23.902	OK	89e3c405809a53c2872179d05bda80a69503b2fb	cargo run -p jxl-encoder --release --features 'parallel butteraugli-loop ssim2-loop' --example w44_170_cjxl_step025_sweep -- --image 297394 --effort 9 --distance-min 4.75 --distance-max 4.75 --distance-step 4.75 --strategy libjxl --corpus-manifest benchmarks/corpora/w44_170_varied_corpus.tsv
297394	cid22	512	512	libjxl	9	5.0000	25193	23556	53.2070	56.9228	5.107566	4.585484	1607.993	2312.110	6.949	-3.7158	11.386	-30.453	OK	89e3c405809a53c2872179d05bda80a69503b2fb	cargo run -p jxl-encoder --release --features 'parallel butteraugli-loop ssim2-loop' --example w44_170_cjxl_step025_sweep -- --image 297394 --effort 9 --distance-min 5 --distance-max 5 --distance-step 5 --strategy libjxl --corpus-manifest benchmarks/corpora/w44_170_varied_corpus.tsv
3637739	cid22	512	512	libjxl	5	0.2500	101689	101465	94.1009	94.2770	0.397260	0.403256	181.286	397.754	0.221	-0.1761	-1.487	-54.423	OK	89e3c405809a53c2872179d05bda80a69503b2fb	cargo run -p jxl-encoder --release --features 'parallel butteraugli-loop ssim2-loop' --example w44_170_cjxl_step025_sweep -- --image 3637739 --effort 5 --distance-min 0.25 --distance-max 0.25 --distance-step 0.25 --strategy libjxl --corpus-manifest benchmarks/corpora/w44_170_varied_corpus.tsv
3637739	cid22	512	512	libjxl	5	0.5000	67175	67165	92.0151	92.2114	0.730354	0.726671	198.971	280.237	0.015	-0.1963	0.507	-28.999	OK	89e3c405809a53c2872179d05bda80a69503b2fb	cargo run -p jxl-encoder --release --features 'parallel butteraugli-loop ssim2-loop' --example w44_170_cjxl_step025_sweep -- --image 3637739 --effort 5 --distance-min 0.5 --distance-max 0.5 --distance-step 0.5 --strategy libjxl --corpus-manifest benchmarks/corpora/w44_170_varied_corpus.tsv
3637739	cid22	512	512	libjxl	5	0.7500	50796	49821	89.8744	90.2077	1.001306	1.008715	274.518	291.257	1.957	-0.3333	-0.734	-5.747	OK	89e3c405809a53c2872179d05bda80a69503b2fb	cargo run -p jxl-encoder --release --features 'parallel butteraugli-loop ssim2-loop' --example w44_170_cjxl_step025_sweep -- --image 3637739 --effort 5 --distance-min 0.75 --distance-max 0.75 --distance-step 0.75 --strategy libjxl --corpus-manifest benchmarks/corpora/w44_170_varied_corpus.tsv
3637739	cid22	512	512	libjxl	5	1.0000	41094	40373	87.8708	88.1744	1.341349	1.349583	194.999	428.259	1.786	-0.3036	-0.610	-54.467	OK	89e3c405809a53c2872179d05bda80a69503b2fb	cargo run -p jxl-encoder --release --features 'parallel butteraugli-loop ssim2-loop' --example w44_170_cjxl_step025_sweep -- --image 3637739 --effort 5 --distance-min 1 --distance-max 1 --distance-step 1 --strategy libjxl --corpus-manifest benchmarks/corpora/w44_170_varied_corpus.tsv
3637739	cid22	512	512	libjxl	5	1.2500	35782	34572	86.1311	86.5027	1.570186	1.580935	322.498	269.715	3.500	-0.3716	-0.680	19.570	OK	89e3c405809a53c2872179d05bda80a69503b2fb	cargo run -p jxl-encoder --release --features 'parallel butteraugli-loop ssim2-loop' --example w44_170_cjxl_step025_sweep -- --image 3637739 --effort 5 --distance-min 1.25 --distance-max 1.25 --distance-step 1.25 --strategy libjxl --corpus-manifest benchmarks/corpora/w44_170_varied_corpus.tsv
3637739	cid22	512	512	libjxl	5	1.5000	31595	30536	84.6235	85.0256	1.556529	1.653626	294.828	227.051	3.468	-0.4021	-5.872	29.851	OK	89e3c405809a53c2872179d05bda80a69503b2fb	cargo run -p jxl-encoder --release --features 'parallel butteraugli-loop ssim2-loop' --example w44_170_cjxl_step025_sweep -- --image 3637739 --effort 5 --distance-min 1.5 --distance-max 1.5 --distance-step 1.5 --strategy libjxl --corpus-manifest benchmarks/corpora/w44_170_varied_corpus.tsv
3637739	cid22	512	512	libjxl	5	1.7500	28856	27413	83.0620	83.6137	1.869711	1.780685	286.855	181.101	5.264	-0.5517	5.000	58.395	OK	89e3c405809a53c2872179d05bda80a69503b2fb	cargo run -p jxl-encoder --release --features 'parallel butteraugli-loop ssim2-loop' --example w44_170_cjxl_step025_sweep -- --image 3637739 --effort 5 --distance-min 1.75 --distance-max 1.75 --distance-step 1.75 --strategy libjxl --corpus-manifest benchmarks/corpora/w44_170_varied_corpus.tsv
3637739	cid22	512	512	libjxl	5	2.0000	26366	25247	81.4860	82.3052	1.944176	1.876766	260.303	214.500	4.432	-0.8191	3.592	21.353	OK	89e3c405809a53c2872179d05bda80a69503b2fb	cargo run -p jxl-encoder --release --features 'parallel butteraugli-loop ssim2-loop' --example w44_170_cjxl_step025_sweep -- --image 3637739 --effort 5 --distance-min 2 --distance-max 2 --distance-step 2 --strategy libjxl --corpus-manifest benchmarks/corpora/w44_170_varied_corpus.tsv
3637739	cid22	512	512	libjxl	5	2.2500	24638	23285	80.4672	81.3538	2.388298	2.412256	238.921	469.579	5.811	-0.8866	-0.993	-49.120	OK	89e3c405809a53c2872179d05bda80a69503b2fb	cargo run -p jxl-encoder --release --features 'parallel butteraugli-loop ssim2-loop' --example w44_170_cjxl_step025_sweep -- --image 3637739 --effort 5 --distance-min 2.25 --distance-max 2.25 --distance-step 2.25 --strategy libjxl --corpus-manifest benchmarks/corpora/w44_170_varied_corpus.tsv
3637739	cid22	512	512	libjxl	5	2.5000	23292	21666	78.5686	79.8181	2.438909	2.902550	296.793	242.926	7.505	-1.2495	-15.974	22.174	OK	89e3c405809a53c2872179d05bda80a69503b2fb	cargo run -p jxl-encoder --release --features 'parallel butteraugli-loop ssim2-loop' --example w44_170_cjxl_step025_sweep -- --image 3637739 --effort 5 --distance-min 2.5 --distance-max 2.5 --distance-step 2.5 --strategy libjxl --corpus-manifest benchmarks/corpora/w44_170_varied_corpus.tsv
3637739	cid22	512	512	libjxl	5	2.7500	21951	20204	77.2521	78.7484	2.394795	2.592652	287.828	252.239	8.647	-1.4962	-7.631	14.109	OK	89e3c405809a53c2872179d05bda80a69503b2fb	cargo run -p jxl-encoder --release --features 'parallel butteraugli-loop ssim2-loop' --example w44_170_cjxl_step025_sweep -- --image 3637739 --effort 5 --distance-min 2.75 --distance-max 2.75 --distance-step 2.75 --strategy libjxl --corpus-manifest benchmarks/corpora/w44_170_varied_corpus.tsv
3637739	cid22	512	512	libjxl	5	3.0000	20544	19023	75.6057	77.4099	2.913997	2.763681	302.326	220.235	7.996	-1.8042	5.439	37.275	OK	89e3c405809a53c2872179d05bda80a69503b2fb	cargo run -p jxl-encoder --release --features 'parallel butteraugli-loop ssim2-loop' --example w44_170_cjxl_step025_sweep -- --image 3637739 --effort 5 --distance-min 3 --distance-max 3 --distance-step 3 --strategy libjxl --corpus-manifest benchmarks/corpora/w44_170_varied_corpus.tsv
3637739	cid22	512	512	libjxl	5	3.2500	19478	17905	74.1969	76.1479	3.039156	3.142913	291.971	152.463	8.785	-1.9510	-3.301	91.503	OK	89e3c405809a53c2872179d05bda80a69503b2fb	cargo run -p jxl-encoder --release --features 'parallel butteraugli-loop ssim2-loop' --example w44_170_cjxl_step025_sweep -- --image 3637739 --effort 5 --distance-min 3.25 --distance-max 3.25 --distance-step 3.25 --strategy libjxl --corpus-manifest benchmarks/corpora/w44_170_varied_corpus.tsv
3637739	cid22	512	512	libjxl	5	3.5000	18483	17128	72.2700	74.4169	3.371920	3.572275	204.291	223.537	7.911	-2.1468	-5.609	-8.610	OK	89e3c405809a53c2872179d05bda80a69503b2fb	cargo run -p jxl-encoder --release --features 'parallel butteraugli-loop ssim2-loop' --example w44_170_cjxl_step025_sweep -- --image 3637739 --effort 5 --distance-min 3.5 --distance-max 3.5 --distance-step 3.5 --strategy libjxl --corpus-manifest benchmarks/corpora/w44_170_varied_corpus.tsv
3637739	cid22	512	512	libjxl	5	3.7500	17755	16307	71.2212	73.3743	3.667549	3.711064	270.340	316.708	8.880	-2.1530	-1.173	-14.641	OK	89e3c405809a53c2872179d05bda80a69503b2fb	cargo run -p jxl-encoder --release --features 'parallel butteraugli-loop ssim2-loop' --example w44_170_cjxl_step025_sweep -- --image 3637739 --effort 5 --distance-min 3.75 --distance-max 3.75 --distance-step 3.75 --strategy libjxl --corpus-manifest benchmarks/corpora/w44_170_varied_corpus.tsv
3637739	cid22	512	512	libjxl	5	4.0000	17159	15563	70.1933	71.6853	3.799553	3.813459	570.294	187.026	10.255	-1.4920	-0.365	204.928	OK	89e3c405809a53c2872179d05bda80a69503b2fb	cargo run -p jxl-encoder --release --features 'parallel butteraugli-loop ssim2-loop' --example w44_170_cjxl_step025_sweep -- --image 3637739 --effort 5 --distance-min 4 --distance-max 4 --distance-step 4 --strategy libjxl --corpus-manifest benchmarks/corpora/w44_170_varied_corpus.tsv
3637739	cid22	512	512	libjxl	5	4.2500	16619	15092	68.7125	70.6885	3.993375	3.945788	439.811	378.498	10.118	-1.9760	1.206	16.199	OK	89e3c405809a53c2872179d05bda80a69503b2fb	cargo run -p jxl-encoder --release --features 'parallel butteraugli-loop ssim2-loop' --example w44_170_cjxl_step025_sweep -- --image 3637739 --effort 5 --distance-min 4.25 --distance-max 4.25 --distance-step 4.25 --strategy libjxl --corpus-manifest benchmarks/corpora/w44_170_varied_corpus.tsv
3637739	cid22	512	512	libjxl	5	4.5000	16158	14580	67.7008	69.7490	4.197683	4.110804	456.940	225.426	10.823	-2.0482	2.113	102.701	OK	89e3c405809a53c2872179d05bda80a69503b2fb	cargo run -p jxl-encoder --release --features 'parallel butteraugli-loop ssim2-loop' --example w44_170_cjxl_step025_sweep -- --image 3637739 --effort 5 --distance-min 4.5 --distance-max 4.5 --distance-step 4.5 --strategy libjxl --corpus-manifest benchmarks/corpora/w44_170_varied_corpus.tsv
3637739	cid22	512	512	libjxl	5	4.7500	15406	13963	66.1762	68.6617	4.209301	4.141563	416.078	369.254	10.334	-2.4855	1.636	12.681	OK	89e3c405809a53c2872179d05bda80a69503b2fb	cargo run -p jxl-encoder --release --features 'parallel butteraugli-loop ssim2-loop' --example w44_170_cjxl_step025_sweep -- --image 3637739 --effort 5 --distance-min 4.75 --distance-max 4.75 --distance-step 4.75 --strategy libjxl --corpus-manifest benchmarks/corpora/w44_170_varied_corpus.tsv
3637739	cid22	512	512	libjxl	5	5.0000	14874	13634	65.7982	68.0064	4.682621	4.777697	315.824	158.287	9.095	-2.2082	-1.990	99.526	OK	89e3c405809a53c2872179d05bda80a69503b2fb	cargo run -p jxl-encoder --release --features 'parallel butteraugli-loop ssim2-loop' --example w44_170_cjxl_step025_sweep -- --image 3637739 --effort 5 --distance-min 5 --distance-max 5 --distance-step 5 --strategy libjxl --corpus-manifest benchmarks/corpora/w44_170_varied_corpus.tsv
3637739	cid22	512	512	libjxl	6	0.2500	100315	100229	94.0025	94.2364	0.397252	0.403266	236.307	328.242	0.086	-0.2339	-1.491	-28.008	OK	89e3c405809a53c2872179d05bda80a69503b2fb	cargo run -p jxl-encoder --release --features 'parallel butteraugli-loop ssim2-loop' --example w44_170_cjxl_step025_sweep -- --image 3637739 --effort 6 --distance-min 0.25 --distance-max 0.25 --distance-step 0.25 --strategy libjxl --corpus-manifest benchmarks/corpora/w44_170_varied_corpus.tsv
3637739	cid22	512	512	libjxl	6	0.5000	65933	65478	91.9785	92.1153	0.730349	0.734201	260.433	279.165	0.695	-0.1368	-0.525	-6.710	OK	89e3c405809a53c2872179d05bda80a69503b2fb	cargo run -p jxl-encoder --release --features 'parallel butteraugli-loop ssim2-loop' --example w44_170_cjxl_step025_sweep -- --image 3637739 --effort 6 --distance-min 0.5 --distance-max 0.5 --distance-step 0.5 --strategy libjxl --corpus-manifest benchmarks/corpora/w44_170_varied_corpus.tsv
3637739	cid22	512	512	libjxl	6	0.7500	48780	48694	89.8244	90.1914	1.001289	1.031700	323.909	507.752	0.177	-0.3670	-2.948	-36.207	OK	89e3c405809a53c2872179d05bda80a69503b2fb	cargo run -p jxl-encoder --release --features 'parallel butteraugli-loop ssim2-loop' --example w44_170_cjxl_step025_sweep -- --image 3637739 --effort 6 --distance-min 0.75 --distance-max 0.75 --distance-step 0.75 --strategy libjxl --corpus-manifest benchmarks/corpora/w44_170_varied_corpus.tsv
3637739	cid22	512	512	libjxl	6	1.0000	40471	39764	87.7028	88.1373	1.389616	1.403982	252.087	403.932	1.778	-0.4345	-1.023	-37.592	OK	89e3c405809a53c2872179d05bda80a69503b2fb	cargo run -p jxl-encoder --release --features 'parallel butteraugli-loop ssim2-loop' --example w44_170_cjxl_step025_sweep -- --image 3637739 --effort 6 --distance-min 1 --distance-max 1 --distance-step 1 --strategy libjxl --corpus-manifest benchmarks/corpora/w44_170_varied_corpus.tsv
3637739	cid22	512	512	libjxl	6	1.2500	35374	34251	85.9812	86.6332	1.607060	1.554393	351.890	340.558	3.279	-0.6520	3.388	3.328	OK	89e3c405809a53c2872179d05bda80a69503b2fb	cargo run -p jxl-encoder --release --features 'parallel butteraugli-loop ssim2-loop' --example w44_170_cjxl_step025_sweep -- --image 3637739 --effort 6 --distance-min 1.25 --distance-max 1.25 --distance-step 1.25 --strategy libjxl --corpus-manifest benchmarks/corpora/w44_170_varied_corpus.tsv
3637739	cid22	512	512	libjxl	6	1.5000	31152	30394	84.4348	85.0494	1.556542	1.540034	295.172	352.827	2.494	-0.6146	1.072	-16.341	OK	89e3c405809a53c2872179d05bda80a69503b2fb	cargo run -p jxl-encoder --release --features 'parallel butteraugli-loop ssim2-loop' --example w44_170_cjxl_step025_sweep -- --image 3637739 --effort 6 --distance-min 1.5 --distance-max 1.5 --distance-step 1.5 --strategy libjxl --corpus-manifest benchmarks/corpora/w44_170_varied_corpus.tsv
3637739	cid22	512	512	libjxl	6	1.7500	28186	27391	82.9586	83.7318	1.870014	1.927522	243.947	485.641	2.902	-0.7732	-2.984	-49.768	OK	89e3c405809a53c2872179d05bda80a69503b2fb	cargo run -p jxl-encoder --release --features 'parallel butteraugli-loop ssim2-loop' --example w44_170_cjxl_step025_sweep -- --image 3637739 --effort 6 --distance-min 1.75 --distance-max 1.75 --distance-step 1.75 --strategy libjxl --corpus-manifest benchmarks/corpora/w44_170_varied_corpus.tsv
3637739	cid22	512	512	libjxl	6	2.0000	26331	25270	81.4172	82.5138	1.942610	1.814356	261.500	455.153	4.199	-1.0966	7.069	-42.547	OK	89e3c405809a53c2872179d05bda80a69503b2fb	cargo run -p jxl-encoder --release --features 'parallel butteraugli-loop ssim2-loop' --example w44_170_cjxl_step025_sweep -- --image 3637739 --effort 6 --distance-min 2 --distance-max 2 --distance-step 2 --strategy libjxl --corpus-manifest benchmarks/corpora/w44_170_varied_corpus.tsv
3637739	cid22	512	512	libjxl	6	2.2500	24349	23452	80.3029	81.5272	2.404298	2.315624	224.870	614.509	3.825	-1.2243	3.829	-63.407	OK	89e3c405809a53c2872179d05bda80a69503b2fb	cargo run -p jxl-encoder --release --features 'parallel butteraugli-loop ssim2-loop' --example w44_170_cjxl_step025_sweep -- --image 3637739 --effort 6 --distance-min 2.25 --distance-max 2.25 --distance-step 2.25 --strategy libjxl --corpus-manifest benchmarks/corpora/w44_170_varied_corpus.tsv
3637739	cid22	512	512	libjxl	6	2.5000	22688	21778	78.5721	80.1078	2.343570	2.404877	207.758	423.567	4.179	-1.5357	-2.549	-50.950	OK	89e3c405809a53c2872179d05bda80a69503b2fb	cargo run -p jxl-encoder --release --features 'parallel butteraugli-loop ssim2-loop' --example w44_170_cjxl_step025_sweep -- --image 3637739 --effort 6 --distance-min 2.5 --distance-max 2.5 --distance-step 2.5 --strategy libjxl --corpus-manifest benchmarks/corpora/w44_170_varied_corpus.tsv
3637739	cid22	512	512	libjxl	6	2.7500	21478	20500	77.0769	78.8382	2.471603	2.467355	259.491	380.667	4.771	-1.7613	0.172	-31.833	OK	89e3c405809a53c2872179d05bda80a69503b2fb	cargo run -p jxl-encoder --release --features 'parallel butteraugli-loop ssim2-loop' --example w44_170_cjxl_step025_sweep -- --image 3637739 --effort 6 --distance-min 2.75 --distance-max 2.75 --distance-step 2.75 --strategy libjxl --corpus-manifest benchmarks/corpora/w44_170_varied_corpus.tsv
3637739	cid22	512	512	libjxl	6	3.0000	20415	19386	75.7251	77.6352	2.893162	2.847712	370.287	392.179	5.308	-1.9101	1.596	-5.582	OK	89e3c405809a53c2872179d05bda80a69503b2fb	cargo run -p jxl-encoder --release --features 'parallel butteraugli-loop ssim2-loop' --example w44_170_cjxl_step025_sweep -- --image 3637739 --effort 6 --distance-min 3 --distance-max 3 --distance-step 3 --strategy libjxl --corpus-manifest benchmarks/corpora/w44_170_varied_corpus.tsv
3637739	cid22	512	512	libjxl	6	3.2500	19305	18441	74.2957	76.3740	2.945012	2.924309	259.804	325.827	4.685	-2.0783	0.708	-20.263	OK	89e3c405809a53c2872179d05bda80a69503b2fb	cargo run -p jxl-encoder --release --features 'parallel butteraugli-loop ssim2-loop' --example w44_170_cjxl_step025_sweep -- --image 3637739 --effort 6 --distance-min 3.25 --distance-max 3.25 --distance-step 3.25 --strategy libjxl --corpus-manifest benchmarks/corpora/w44_170_varied_corpus.tsv
3637739	cid22	512	512	libjxl	6	3.5000	18651	17509	72.3080	74.8897	3.338299	3.383889	286.249	460.668	6.522	-2.5817	-1.347	-37.862	OK	89e3c405809a53c2872179d05bda80a69503b2fb	cargo run -p jxl-encoder --release --features 'parallel butteraugli-loop ssim2-loop' --example w44_170_cjxl_step025_sweep -- --image 3637739 --effort 6 --distance-min 3.5 --distance-max 3.5 --distance-step 3.5 --strategy libjxl --corpus-manifest benchmarks/corpora/w44_170_varied_corpus.tsv
3637739	cid22	512	512	libjxl	6	3.7500	17687	16769	71.1853	73.7984	3.511586	3.453500	267.342	391.988	5.474	-2.6131	1.682	-31.798	OK	89e3c405809a53c2872179d05bda80a69503b2fb	cargo run -p jxl-encoder --release --features 'parallel butteraugli-loop ssim2-loop' --example w44_170_cjxl_step025_sweep -- --image 3637739 --effort 6 --distance-min 3.75 --distance-max 3.75 --distance-step 3.75 --strategy libjxl --corpus-manifest benchmarks/corpora/w44_170_varied_corpus.tsv
3637739	cid22	512	512	libjxl	6	4.0000	17337	16337	70.0904	72.4576	3.801817	3.947332	432.738	359.835	6.121	-2.3672	-3.686	20.260	OK	89e3c405809a53c2872179d05bda80a69503b2fb	cargo run -p jxl-encoder --release --features 'parallel butteraugli-loop ssim2-loop' --example w44_170_cjxl_step025_sweep -- --image 3637739 --effort 6 --distance-min 4 --distance-max 4 --distance-step 4 --strategy libjxl --corpus-manifest benchmarks/corpora/w44_170_varied_corpus.tsv
3637739	cid22	512	512	libjxl	6	4.2500	16680	15887	68.6975	71.1467	3.993375	3.926773	418.505	495.645	4.992	-2.4492	1.696	-15.564	OK	89e3c405809a53c2872179d05bda80a69503b2fb	cargo run -p jxl-encoder --release --features 'parallel butteraugli-loop ssim2-loop' --example w44_170_cjxl_step025_sweep -- --image 3637739 --effort 6 --distance-min 4.25 --distance-max 4.25 --distance-step 4.25 --strategy libjxl --corpus-manifest benchmarks/corpora/w44_170_varied_corpus.tsv
3637739	cid22	512	512	libjxl	6	4.5000	16401	15426	67.6607	70.8065	4.197683	4.190650	444.807	437.199	6.320	-3.1457	0.168	1.740	OK	89e3c405809a53c2872179d05bda80a69503b2fb	cargo run -p jxl-encoder --release --features 'parallel butteraugli-loop ssim2-loop' --example w44_170_cjxl_step025_sweep -- --image 3637739 --effort 6 --distance-min 4.5 --distance-max 4.5 --distance-step 4.5 --strategy libjxl --corpus-manifest benchmarks/corpora/w44_170_varied_corpus.tsv
3637739	cid22	512	512	libjxl	6	4.7500	15558	14419	66.1869	69.5309	4.209301	4.191485	358.262	331.133	7.899	-3.3439	0.425	8.193	OK	89e3c405809a53c2872179d05bda80a69503b2fb	cargo run -p jxl-encoder --release --features 'parallel butteraugli-loop ssim2-loop' --example w44_170_cjxl_step025_sweep -- --image 3637739 --effort 6 --distance-min 4.75 --distance-max 4.75 --distance-step 4.75 --strategy libjxl --corpus-manifest benchmarks/corpora/w44_170_varied_corpus.tsv
3637739	cid22	512	512	libjxl	6	5.0000	14837	13988	65.7284	68.4544	4.682621	4.714557	238.128	401.534	6.069	-2.7260	-0.677	-40.695	OK	89e3c405809a53c2872179d05bda80a69503b2fb	cargo run -p jxl-encoder --release --features 'parallel butteraugli-loop ssim2-loop' --example w44_170_cjxl_step025_sweep -- --image 3637739 --effort 6 --distance-min 5 --distance-max 5 --distance-step 5 --strategy libjxl --corpus-manifest benchmarks/corpora/w44_170_varied_corpus.tsv
3637739	cid22	512	512	libjxl	7	0.2500	100395	100282	94.0715	94.1732	0.397250	0.403266	341.927	348.784	0.113	-0.1017	-1.492	-1.966	OK	89e3c405809a53c2872179d05bda80a69503b2fb	cargo run -p jxl-encoder --release --features 'parallel butteraugli-loop ssim2-loop' --example w44_170_cjxl_step025_sweep -- --image 3637739 --effort 7 --distance-min 0.25 --distance-max 0.25 --distance-step 0.25 --strategy libjxl --corpus-manifest benchmarks/corpora/w44_170_varied_corpus.tsv
3637739	cid22	512	512	libjxl	7	0.5000	66021	65536	91.9752	92.1395	0.730506	0.734201	243.878	342.282	0.740	-0.1643	-0.503	-28.749	OK	89e3c405809a53c2872179d05bda80a69503b2fb	cargo run -p jxl-encoder --release --features 'parallel butteraugli-loop ssim2-loop' --example w44_170_cjxl_step025_sweep -- --image 3637739 --effort 7 --distance-min 0.5 --distance-max 0.5 --distance-step 0.5 --strategy libjxl --corpus-manifest benchmarks/corpora/w44_170_varied_corpus.tsv
3637739	cid22	512	512	libjxl	7	0.7500	50271	48765	89.7323	90.1719	1.010134	1.023406	395.918	613.143	3.088	-0.4395	-1.297	-35.428	OK	89e3c405809a53c2872179d05bda80a69503b2fb	cargo run -p jxl-encoder --release --features 'parallel butteraugli-loop ssim2-loop' --example w44_170_cjxl_step025_sweep -- --image 3637739 --effort 7 --distance-min 0.75 --distance-max 0.75 --distance-step 0.75 --strategy libjxl --corpus-manifest benchmarks/corpora/w44_170_varied_corpus.tsv
3637739	cid22	512	512	libjxl	7	1.0000	41341	39779	87.6082	88.1179	1.388679	1.404588	403.756	548.543	3.927	-0.5098	-1.133	-26.395	OK	89e3c405809a53c2872179d05bda80a69503b2fb	cargo run -p jxl-encoder --release --features 'parallel butteraugli-loop ssim2-loop' --example w44_170_cjxl_step025_sweep -- --image 3637739 --effort 7 --distance-min 1 --distance-max 1 --distance-step 1 --strategy libjxl --corpus-manifest benchmarks/corpora/w44_170_varied_corpus.tsv
3637739	cid22	512	512	libjxl	7	1.2500	36246	34276	85.8005	86.6385	1.607060	1.554393	279.812	548.531	5.747	-0.8380	3.388	-48.989	OK	89e3c405809a53c2872179d05bda80a69503b2fb	cargo run -p jxl-encoder --release --features 'parallel butteraugli-loop ssim2-loop' --example w44_170_cjxl_step025_sweep -- --image 3637739 --effort 7 --distance-min 1.25 --distance-max 1.25 --distance-step 1.25 --strategy libjxl --corpus-manifest benchmarks/corpora/w44_170_varied_corpus.tsv
3637739	cid22	512	512	libjxl	7	1.5000	31649	30407	84.1968	85.0079	1.686684	1.540034	437.004	534.621	4.085	-0.8112	9.523	-18.259	OK	89e3c405809a53c2872179d05bda80a69503b2fb	cargo run -p jxl-encoder --release --features 'parallel butteraugli-loop ssim2-loop' --example w44_170_cjxl_step025_sweep -- --image 3637739 --effort 7 --distance-min 1.5 --distance-max 1.5 --distance-step 1.5 --strategy libjxl --corpus-manifest benchmarks/corpora/w44_170_varied_corpus.tsv
3637739	cid22	512	512	libjxl	7	1.7500	29255	27393	82.3500	83.7393	1.873366	1.927522	270.972	493.557	6.797	-1.3892	-2.810	-45.098	OK	89e3c405809a53c2872179d05bda80a69503b2fb	cargo run -p jxl-encoder --release --features 'parallel butteraugli-loop ssim2-loop' --example w44_170_cjxl_step025_sweep -- --image 3637739 --effort 7 --distance-min 1.75 --distance-max 1.75 --distance-step 1.75 --strategy libjxl --corpus-manifest benchmarks/corpora/w44_170_varied_corpus.tsv
3637739	cid22	512	512	libjxl	7	2.0000	26707	25264	81.1886	82.5157	1.952509	1.814356	266.074	425.530	5.712	-1.3272	7.614	-37.472	OK	89e3c405809a53c2872179d05bda80a69503b2fb	cargo run -p jxl-encoder --release --features 'parallel butteraugli-loop ssim2-loop' --example w44_170_cjxl_step025_sweep -- --image 3637739 --effort 7 --distance-min 2 --distance-max 2 --distance-step 2 --strategy libjxl --corpus-manifest benchmarks/corpora/w44_170_varied_corpus.tsv
3637739	cid22	512	512	libjxl	7	2.2500	25773	23456	79.0812	81.5302	2.403984	2.315624	342.723	631.760	9.878	-2.4489	3.816	-45.751	OK	89e3c405809a53c2872179d05bda80a69503b2fb	cargo run -p jxl-encoder --release --features 'parallel butteraugli-loop ssim2-loop' --example w44_170_cjxl_step025_sweep -- --image 3637739 --effort 7 --distance-min 2.25 --distance-max 2.25 --distance-step 2.25 --strategy libjxl --corpus-manifest benchmarks/corpora/w44_170_varied_corpus.tsv
3637739	cid22	512	512	libjxl	7	2.5000	23569	21765	77.4058	80.1076	2.546721	2.404877	359.918	461.740	8.289	-2.7019	5.898	-22.052	OK	89e3c405809a53c2872179d05bda80a69503b2fb	cargo run -p jxl-encoder --release --features 'parallel butteraugli-loop ssim2-loop' --example w44_170_cjxl_step025_sweep -- --image 3637739 --effort 7 --distance-min 2.5 --distance-max 2.5 --distance-step 2.5 --strategy libjxl --corpus-manifest benchmarks/corpora/w44_170_varied_corpus.tsv
3637739	cid22	512	512	libjxl	7	2.7500	23090	20490	74.0668	78.8029	2.778478	2.467355	272.319	510.335	12.689	-4.7361	12.610	-46.639	OK	89e3c405809a53c2872179d05bda80a69503b2fb	cargo run -p jxl-encoder --release --features 'parallel butteraugli-loop ssim2-loop' --example w44_170_cjxl_step025_sweep -- --image 3637739 --effort 7 --distance-min 2.75 --distance-max 2.75 --distance-step 2.75 --strategy libjxl --corpus-manifest benchmarks/corpora/w44_170_varied_corpus.tsv
3637739	cid22	512	512	libjxl	7	3.0000	21940	19421	74.2162	77.6955	2.893145	2.847703	324.837	510.112	12.970	-3.4792	1.596	-36.320	OK	89e3c405809a53c2872179d05bda80a69503b2fb	cargo run -p jxl-encoder --release --features 'parallel butteraugli-loop ssim2-loop' --example w44_170_cjxl_step025_sweep -- --image 3637739 --effort 7 --distance-min 3 --distance-max 3 --distance-step 3 --strategy libjxl --corpus-manifest benchmarks/corpora/w44_170_varied_corpus.tsv
3637739	cid22	512	512	libjxl	7	3.2500	20788	18484	71.7162	76.5216	2.945012	2.924309	377.290	644.019	12.465	-4.8054	0.708	-41.416	OK	89e3c405809a53c2872179d05bda80a69503b2fb	cargo run -p jxl-encoder --release --features 'parallel butteraugli-loop ssim2-loop' --example w44_170_cjxl_step025_sweep -- --image 3637739 --effort 7 --distance-min 3.25 --distance-max 3.25 --distance-step 3.25 --strategy libjxl --corpus-manifest benchmarks/corpora/w44_170_varied_corpus.tsv
3637739	cid22	512	512	libjxl	7	3.5000	20143	17548	68.3164	74.8284	3.491139	3.086510	375.544	549.346	14.788	-6.5120	13.110	-31.638	OK	89e3c405809a53c2872179d05bda80a69503b2fb	cargo run -p jxl-encoder --release --features 'parallel butteraugli-loop ssim2-loop' --example w44_170_cjxl_step025_sweep -- --image 3637739 --effort 7 --distance-min 3.5 --distance-max 3.5 --distance-step 3.5 --strategy libjxl --corpus-manifest benchmarks/corpora/w44_170_varied_corpus.tsv
3637739	cid22	512	512	libjxl	7	3.7500	19154	16784	68.7042	73.7521	3.818304	3.471120	383.797	526.266	14.121	-5.0479	10.002	-27.072	OK	89e3c405809a53c2872179d05bda80a69503b2fb	cargo run -p jxl-encoder --release --features 'parallel butteraugli-loop ssim2-loop' --example w44_170_cjxl_step025_sweep -- --image 3637739 --effort 7 --distance-min 3.75 --distance-max 3.75 --distance-step 3.75 --strategy libjxl --corpus-manifest benchmarks/corpora/w44_170_varied_corpus.tsv
3637739	cid22	512	512	libjxl	7	4.0000	19106	16318	67.1449	72.4672	3.805811	3.947332	329.603	594.208	17.085	-5.3223	-3.585	-44.531	OK	89e3c405809a53c2872179d05bda80a69503b2fb	cargo run -p jxl-encoder --release --features 'parallel butteraugli-loop ssim2-loop' --example w44_170_cjxl_step025_sweep -- --image 3637739 --effort 7 --distance-min 4 --distance-max 4 --distance-step 4 --strategy libjxl --corpus-manifest benchmarks/corpora/w44_170_varied_corpus.tsv
3637739	cid22	512	512	libjxl	7	4.2500	18358	15990	64.0338	71.1485	3.992856	3.928984	545.079	459.070	14.809	-7.1147	1.626	18.736	OK	89e3c405809a53c2872179d05bda80a69503b2fb	cargo run -p jxl-encoder --release --features 'parallel butteraugli-loop ssim2-loop' --example w44_170_cjxl_step025_sweep -- --image 3637739 --effort 7 --distance-min 4.25 --distance-max 4.25 --distance-step 4.25 --strategy libjxl --corpus-manifest benchmarks/corpora/w44_170_varied_corpus.tsv
3637739	cid22	512	512	libjxl	7	4.5000	17954	15376	61.7613	70.4957	4.200913	4.211363	484.076	808.346	16.766	-8.7343	-0.248	-40.115	OK	89e3c405809a53c2872179d05bda80a69503b2fb	cargo run -p jxl-encoder --release --features 'parallel butteraugli-loop ssim2-loop' --example w44_170_cjxl_step025_sweep -- --image 3637739 --effort 7 --distance-min 4.5 --distance-max 4.5 --distance-step 4.5 --strategy libjxl --corpus-manifest benchmarks/corpora/w44_170_varied_corpus.tsv
3637739	cid22	512	512	libjxl	7	4.7500	17179	14466	62.2792	69.5524	4.522752	4.196516	398.330	423.277	18.754	-7.2732	7.774	-5.894	OK	89e3c405809a53c2872179d05bda80a69503b2fb	cargo run -p jxl-encoder --release --features 'parallel butteraugli-loop ssim2-loop' --example w44_170_cjxl_step025_sweep -- --image 3637739 --effort 7 --distance-min 4.75 --distance-max 4.75 --distance-step 4.75 --strategy libjxl --corpus-manifest benchmarks/corpora/w44_170_varied_corpus.tsv
3637739	cid22	512	512	libjxl	7	5.0000	16398	14079	61.5829	68.5926	4.686232	4.687177	395.676	433.537	16.471	-7.0097	-0.020	-8.733	OK	89e3c405809a53c2872179d05bda80a69503b2fb	cargo run -p jxl-encoder --release --features 'parallel butteraugli-loop ssim2-loop' --example w44_170_cjxl_step025_sweep -- --image 3637739 --effort 7 --distance-min 5 --distance-max 5 --distance-step 5 --strategy libjxl --corpus-manifest benchmarks/corpora/w44_170_varied_corpus.tsv
3637739	cid22	512	512	libjxl	8	0.2500	101315	101468	94.1001	94.2569	0.337097	0.331712	1132.326	1732.028	-0.151	-0.1568	1.623	-34.624	OK	89e3c405809a53c2872179d05bda80a69503b2fb	cargo run -p jxl-encoder --release --features 'parallel butteraugli-loop ssim2-loop' --example w44_170_cjxl_step025_sweep -- --image 3637739 --effort 8 --distance-min 0.25 --distance-max 0.25 --distance-step 0.25 --strategy libjxl --corpus-manifest benchmarks/corpora/w44_170_varied_corpus.tsv
3637739	cid22	512	512	libjxl	8	0.5000	64660	64546	91.9822	92.1639	0.638914	0.714547	1702.399	1466.317	0.177	-0.1818	-10.585	16.100	OK	89e3c405809a53c2872179d05bda80a69503b2fb	cargo run -p jxl-encoder --release --features 'parallel butteraugli-loop ssim2-loop' --example w44_170_cjxl_step025_sweep -- --image 3637739 --effort 8 --distance-min 0.5 --distance-max 0.5 --distance-step 0.5 --strategy libjxl --corpus-manifest benchmarks/corpora/w44_170_varied_corpus.tsv
3637739	cid22	512	512	libjxl	8	0.7500	49049	47865	89.8689	90.2306	0.997235	0.891035	1153.783	1377.995	2.474	-0.3617	11.919	-16.271	OK	89e3c405809a53c2872179d05bda80a69503b2fb	cargo run -p jxl-encoder --release --features 'parallel butteraugli-loop ssim2-loop' --example w44_170_cjxl_step025_sweep -- --image 3637739 --effort 8 --distance-min 0.75 --distance-max 0.75 --distance-step 0.75 --strategy libjxl --corpus-manifest benchmarks/corpora/w44_170_varied_corpus.tsv
3637739	cid22	512	512	libjxl	8	1.0000	39719	38552	87.6118	88.1775	1.375048	1.219797	1303.632	1844.287	3.027	-0.5657	12.728	-29.315	OK	89e3c405809a53c2872179d05bda80a69503b2fb	cargo run -p jxl-encoder --release --features 'parallel butteraugli-loop ssim2-loop' --example w44_170_cjxl_step025_sweep -- --image 3637739 --effort 8 --distance-min 1 --distance-max 1 --distance-step 1 --strategy libjxl --corpus-manifest benchmarks/corpora/w44_170_varied_corpus.tsv
3637739	cid22	512	512	libjxl	8	1.2500	34415	32863	85.6868	86.4372	1.491120	1.452852	1140.756	1442.368	4.723	-0.7504	2.634	-20.911	OK	89e3c405809a53c2872179d05bda80a69503b2fb	cargo run -p jxl-encoder --release --features 'parallel butteraugli-loop ssim2-loop' --example w44_170_cjxl_step025_sweep -- --image 3637739 --effort 8 --distance-min 1.25 --distance-max 1.25 --distance-step 1.25 --strategy libjxl --corpus-manifest benchmarks/corpora/w44_170_varied_corpus.tsv
3637739	cid22	512	512	libjxl	8	1.5000	29955	29108	84.1257	84.7579	1.594624	1.594876	1663.691	1763.689	2.910	-0.6322	-0.016	-5.670	OK	89e3c405809a53c2872179d05bda80a69503b2fb	cargo run -p jxl-encoder --release --features 'parallel butteraugli-loop ssim2-loop' --example w44_170_cjxl_step025_sweep -- --image 3637739 --effort 8 --distance-min 1.5 --distance-max 1.5 --distance-step 1.5 --strategy libjxl --corpus-manifest benchmarks/corpora/w44_170_varied_corpus.tsv
3637739	cid22	512	512	libjxl	8	1.7500	27241	25974	82.0958	83.2785	1.888586	1.884408	1195.520	1800.617	4.878	-1.1828	0.222	-33.605	OK	89e3c405809a53c2872179d05bda80a69503b2fb	cargo run -p jxl-encoder --release --features 'parallel butteraugli-loop ssim2-loop' --example w44_170_cjxl_step025_sweep -- --image 3637739 --effort 8 --distance-min 1.75 --distance-max 1.75 --distance-step 1.75 --strategy libjxl --corpus-manifest benchmarks/corpora/w44_170_varied_corpus.tsv
3637739	cid22	512	512	libjxl	8	2.0000	24870	23916	81.0329	82.1603	2.174122	2.021725	1779.763	1241.885	3.989	-1.1273	7.538	43.311	OK	89e3c405809a53c2872179d05bda80a69503b2fb	cargo run -p jxl-encoder --release --features 'parallel butteraugli-loop ssim2-loop' --example w44_170_cjxl_step025_sweep -- --image 3637739 --effort 8 --distance-min 2 --distance-max 2 --distance-step 2 --strategy libjxl --corpus-manifest benchmarks/corpora/w44_170_varied_corpus.tsv
3637739	cid22	512	512	libjxl	8	2.2500	23783	22050	78.3763	80.5760	2.213746	2.296688	1304.800	1642.311	7.859	-2.1997	-3.611	-20.551	OK	89e3c405809a53c2872179d05bda80a69503b2fb	cargo run -p jxl-encoder --release --features 'parallel butteraugli-loop ssim2-loop' --example w44_170_cjxl_step025_sweep -- --image 3637739 --effort 8 --distance-min 2.25 --distance-max 2.25 --distance-step 2.25 --strategy libjxl --corpus-manifest benchmarks/corpora/w44_170_varied_corpus.tsv
3637739	cid22	512	512	libjxl	8	2.5000	21662	20354	76.3994	79.4190	2.579849	2.613998	1277.301	1854.185	6.426	-3.0196	-1.306	-31.113	OK	89e3c405809a53c2872179d05bda80a69503b2fb	cargo run -p jxl-encoder --release --features 'parallel butteraugli-loop ssim2-loop' --example w44_170_cjxl_step025_sweep -- --image 3637739 --effort 8 --distance-min 2.5 --distance-max 2.5 --distance-step 2.5 --strategy libjxl --corpus-manifest benchmarks/corpora/w44_170_varied_corpus.tsv
3637739	cid22	512	512	libjxl	8	2.7500	21226	19168	73.9324	77.9127	3.393641	2.858661	1272.315	1638.995	10.737	-3.9803	18.714	-22.372	OK	89e3c405809a53c2872179d05bda80a69503b2fb	cargo run -p jxl-encoder --release --features 'parallel butteraugli-loop ssim2-loop' --example w44_170_cjxl_step025_sweep -- --image 3637739 --effort 8 --distance-min 2.75 --distance-max 2.75 --distance-step 2.75 --strategy libjxl --corpus-manifest benchmarks/corpora/w44_170_varied_corpus.tsv
3637739	cid22	512	512	libjxl	8	3.0000	19962	18088	72.6499	76.7201	3.114297	2.944096	1289.729	1800.963	10.360	-4.0702	5.781	-28.387	OK	89e3c405809a53c2872179d05bda80a69503b2fb	cargo run -p jxl-encoder --release --features 'parallel butteraugli-loop ssim2-loop' --example w44_170_cjxl_step025_sweep -- --image 3637739 --effort 8 --distance-min 3 --distance-max 3 --distance-step 3 --strategy libjxl --corpus-manifest benchmarks/corpora/w44_170_varied_corpus.tsv
3637739	cid22	512	512	libjxl	8	3.2500	18909	17200	70.4843	75.3560	3.069310	2.966443	1572.067	1781.337	9.936	-4.8717	3.468	-11.748	OK	89e3c405809a53c2872179d05bda80a69503b2fb	cargo run -p jxl-encoder --release --features 'parallel butteraugli-loop ssim2-loop' --example w44_170_cjxl_step025_sweep -- --image 3637739 --effort 8 --distance-min 3.25 --distance-max 3.25 --distance-step 3.25 --strategy libjxl --corpus-manifest benchmarks/corpora/w44_170_varied_corpus.tsv
3637739	cid22	512	512	libjxl	8	3.5000	18127	16273	66.8031	73.7097	3.442489	3.212885	1363.447	1415.431	11.393	-6.9066	7.146	-3.673	OK	89e3c405809a53c2872179d05bda80a69503b2fb	cargo run -p jxl-encoder --release --features 'parallel butteraugli-loop ssim2-loop' --example w44_170_cjxl_step025_sweep -- --image 3637739 --effort 8 --distance-min 3.5 --distance-max 3.5 --distance-step 3.5 --strategy libjxl --corpus-manifest benchmarks/corpora/w44_170_varied_corpus.tsv
3637739	cid22	512	512	libjxl	8	3.7500	17215	15536	67.3186	72.3568	3.934557	3.661701	1101.523	1924.392	10.807	-5.0382	7.452	-42.760	OK	89e3c405809a53c2872179d05bda80a69503b2fb	cargo run -p jxl-encoder --release --features 'parallel butteraugli-loop ssim2-loop' --example w44_170_cjxl_step025_sweep -- --image 3637739 --effort 8 --distance-min 3.75 --distance-max 3.75 --distance-step 3.75 --strategy libjxl --corpus-manifest benchmarks/corpora/w44_170_varied_corpus.tsv
3637739	cid22	512	512	libjxl	8	4.0000	17221	15004	65.2262	71.1017	4.244674	3.635713	1515.406	1664.770	14.776	-5.8756	16.749	-8.972	OK	89e3c405809a53c2872179d05bda80a69503b2fb	cargo run -p jxl-encoder --release --features 'parallel butteraugli-loop ssim2-loop' --example w44_170_cjxl_step025_sweep -- --image 3637739 --effort 8 --distance-min 4 --distance-max 4 --distance-step 4 --strategy libjxl --corpus-manifest benchmarks/corpora/w44_170_varied_corpus.tsv
3637739	cid22	512	512	libjxl	8	4.2500	16406	14604	62.9634	69.7270	4.462992	3.993935	1552.039	1376.533	12.339	-6.7636	11.744	12.750	OK	89e3c405809a53c2872179d05bda80a69503b2fb	cargo run -p jxl-encoder --release --features 'parallel butteraugli-loop ssim2-loop' --example w44_170_cjxl_step025_sweep -- --image 3637739 --effort 8 --distance-min 4.25 --distance-max 4.25 --distance-step 4.25 --strategy libjxl --corpus-manifest benchmarks/corpora/w44_170_varied_corpus.tsv
3637739	cid22	512	512	libjxl	8	4.5000	16017	14132	60.8840	69.0020	4.465137	5.081542	1646.252	1686.721	13.339	-8.1180	-12.130	-2.399	OK	89e3c405809a53c2872179d05bda80a69503b2fb	cargo run -p jxl-encoder --release --features 'parallel butteraugli-loop ssim2-loop' --example w44_170_cjxl_step025_sweep -- --image 3637739 --effort 8 --distance-min 4.5 --distance-max 4.5 --distance-step 4.5 --strategy libjxl --corpus-manifest benchmarks/corpora/w44_170_varied_corpus.tsv
3637739	cid22	512	512	libjxl	8	4.7500	15049	13275	60.5808	67.7526	4.594063	4.469616	1638.242	1950.820	13.363	-7.1718	2.784	-16.023	OK	89e3c405809a53c2872179d05bda80a69503b2fb	cargo run -p jxl-encoder --release --features 'parallel butteraugli-loop ssim2-loop' --example w44_170_cjxl_step025_sweep -- --image 3637739 --effort 8 --distance-min 4.75 --distance-max 4.75 --distance-step 4.75 --strategy libjxl --corpus-manifest benchmarks/corpora/w44_170_varied_corpus.tsv
3637739	cid22	512	512	libjxl	8	5.0000	14465	12787	60.0438	66.9491	4.701132	4.610849	1479.418	1567.318	13.123	-6.9054	1.958	-5.608	OK	89e3c405809a53c2872179d05bda80a69503b2fb	cargo run -p jxl-encoder --release --features 'parallel butteraugli-loop ssim2-loop' --example w44_170_cjxl_step025_sweep -- --image 3637739 --effort 8 --distance-min 5 --distance-max 5 --distance-step 5 --strategy libjxl --corpus-manifest benchmarks/corpora/w44_170_varied_corpus.tsv
3637739	cid22	512	512	libjxl	9	0.2500	103110	102289	94.2292	94.2927	0.318083	0.329326	2655.254	2461.561	0.803	-0.0636	-3.414	7.869	OK	89e3c405809a53c2872179d05bda80a69503b2fb	cargo run -p jxl-encoder --release --features 'parallel butteraugli-loop ssim2-loop' --example w44_170_cjxl_step025_sweep -- --image 3637739 --effort 9 --distance-min 0.25 --distance-max 0.25 --distance-step 0.25 --strategy libjxl --corpus-manifest benchmarks/corpora/w44_170_varied_corpus.tsv
3637739	cid22	512	512	libjxl	9	0.5000	65904	64697	91.9324	92.2252	0.596298	0.587751	1775.987	2349.197	1.866	-0.2928	1.454	-24.400	OK	89e3c405809a53c2872179d05bda80a69503b2fb	cargo run -p jxl-encoder --release --features 'parallel butteraugli-loop ssim2-loop' --example w44_170_cjxl_step025_sweep -- --image 3637739 --effort 9 --distance-min 0.5 --distance-max 0.5 --distance-step 0.5 --strategy libjxl --corpus-manifest benchmarks/corpora/w44_170_varied_corpus.tsv
3637739	cid22	512	512	libjxl	9	0.7500	49980	47748	89.9152	90.2576	0.931496	0.885596	2205.724	2509.046	4.675	-0.3425	5.183	-12.089	OK	89e3c405809a53c2872179d05bda80a69503b2fb	cargo run -p jxl-encoder --release --features 'parallel butteraugli-loop ssim2-loop' --example w44_170_cjxl_step025_sweep -- --image 3637739 --effort 9 --distance-min 0.75 --distance-max 0.75 --distance-step 0.75 --strategy libjxl --corpus-manifest benchmarks/corpora/w44_170_varied_corpus.tsv
3637739	cid22	512	512	libjxl	9	1.0000	40370	38468	87.6170	88.2989	1.195725	1.224739	2073.711	2207.940	4.944	-0.6819	-2.369	-6.079	OK	89e3c405809a53c2872179d05bda80a69503b2fb	cargo run -p jxl-encoder --release --features 'parallel butteraugli-loop ssim2-loop' --example w44_170_cjxl_step025_sweep -- --image 3637739 --effort 9 --distance-min 1 --distance-max 1 --distance-step 1 --strategy libjxl --corpus-manifest benchmarks/corpora/w44_170_varied_corpus.tsv
3637739	cid22	512	512	libjxl	9	1.2500	35167	32769	85.7582	86.4165	1.491120	1.465111	1732.438	1946.775	7.318	-0.6583	1.775	-11.010	OK	89e3c405809a53c2872179d05bda80a69503b2fb	cargo run -p jxl-encoder --release --features 'parallel butteraugli-loop ssim2-loop' --example w44_170_cjxl_step025_sweep -- --image 3637739 --effort 9 --distance-min 1.25 --distance-max 1.25 --distance-step 1.25 --strategy libjxl --corpus-manifest benchmarks/corpora/w44_170_varied_corpus.tsv
3637739	cid22	512	512	libjxl	9	1.5000	30310	29002	84.1257	84.7596	1.594624	1.594876	2321.903	2446.534	4.510	-0.6339	-0.016	-5.094	OK	89e3c405809a53c2872179d05bda80a69503b2fb	cargo run -p jxl-encoder --release --features 'parallel butteraugli-loop ssim2-loop' --example w44_170_cjxl_step025_sweep -- --image 3637739 --effort 9 --distance-min 1.5 --distance-max 1.5 --distance-step 1.5 --strategy libjxl --corpus-manifest benchmarks/corpora/w44_170_varied_corpus.tsv
3637739	cid22	512	512	libjxl	9	1.7500	27537	25825	82.1011	83.5083	1.888586	1.711760	1796.211	2507.604	6.629	-1.4072	10.330	-28.369	OK	89e3c405809a53c2872179d05bda80a69503b2fb	cargo run -p jxl-encoder --release --features 'parallel butteraugli-loop ssim2-loop' --example w44_170_cjxl_step025_sweep -- --image 3637739 --effort 9 --distance-min 1.75 --distance-max 1.75 --distance-step 1.75 --strategy libjxl --corpus-manifest benchmarks/corpora/w44_170_varied_corpus.tsv
3637739	cid22	512	512	libjxl	9	2.0000	25192	23853	81.0327	82.1570	1.996443	1.908254	1868.918	1903.463	5.614	-1.1243	4.621	-1.815	OK	89e3c405809a53c2872179d05bda80a69503b2fb	cargo run -p jxl-encoder --release --features 'parallel butteraugli-loop ssim2-loop' --example w44_170_cjxl_step025_sweep -- --image 3637739 --effort 9 --distance-min 2 --distance-max 2 --distance-step 2 --strategy libjxl --corpus-manifest benchmarks/corpora/w44_170_varied_corpus.tsv
3637739	cid22	512	512	libjxl	9	2.2500	24017	21991	78.3763	80.5760	2.213746	2.296688	1950.387	2073.920	9.213	-2.1997	-3.611	-5.957	OK	89e3c405809a53c2872179d05bda80a69503b2fb	cargo run -p jxl-encoder --release --features 'parallel butteraugli-loop ssim2-loop' --example w44_170_cjxl_step025_sweep -- --image 3637739 --effort 9 --distance-min 2.25 --distance-max 2.25 --distance-step 2.25 --strategy libjxl --corpus-manifest benchmarks/corpora/w44_170_varied_corpus.tsv
3637739	cid22	512	512	libjxl	9	2.5000	21889	20307	76.3994	79.4298	2.579849	2.334373	1816.743	2055.606	7.790	-3.0304	10.516	-11.620	OK	89e3c405809a53c2872179d05bda80a69503b2fb	cargo run -p jxl-encoder --release --features 'parallel butteraugli-loop ssim2-loop' --example w44_170_cjxl_step025_sweep -- --image 3637739 --effort 9 --distance-min 2.5 --distance-max 2.5 --distance-step 2.5 --strategy libjxl --corpus-manifest benchmarks/corpora/w44_170_varied_corpus.tsv
3637739	cid22	512	512	libjxl	9	2.7500	21542	19126	74.0586	77.9127	2.721124	2.858661	2129.489	1832.414	12.632	-3.8542	-4.811	16.212	OK	89e3c405809a53c2872179d05bda80a69503b2fb	cargo run -p jxl-encoder --release --features 'parallel butteraugli-loop ssim2-loop' --example w44_170_cjxl_step025_sweep -- --image 3637739 --effort 9 --distance-min 2.75 --distance-max 2.75 --distance-step 2.75 --strategy libjxl --corpus-manifest benchmarks/corpora/w44_170_varied_corpus.tsv
3637739	cid22	512	512	libjxl	9	3.0000	20213	18056	72.6499	76.7266	3.114297	2.944096	1786.586	1957.116	11.946	-4.0766	5.781	-8.713	OK	89e3c405809a53c2872179d05bda80a69503b2fb	cargo run -p jxl-encoder --release --features 'parallel butteraugli-loop ssim2-loop' --example w44_170_cjxl_step025_sweep -- --image 3637739 --effort 9 --distance-min 3 --distance-max 3 --distance-step 3 --strategy libjxl --corpus-manifest benchmarks/corpora/w44_170_varied_corpus.tsv
3637739	cid22	512	512	libjxl	9	3.2500	19213	17149	70.4843	75.3635	3.069310	2.966443	1829.647	2335.884	12.036	-4.8792	3.468	-21.672	OK	89e3c405809a53c2872179d05bda80a69503b2fb	cargo run -p jxl-encoder --release --features 'parallel butteraugli-loop ssim2-loop' --example w44_170_cjxl_step025_sweep -- --image 3637739 --effort 9 --distance-min 3.25 --distance-max 3.25 --distance-step 3.25 --strategy libjxl --corpus-manifest benchmarks/corpora/w44_170_varied_corpus.tsv
3637739	cid22	512	512	libjxl	9	3.5000	18318	16242	66.8031	73.7083	3.442489	3.212885	2049.555	2480.352	12.782	-6.9051	7.146	-17.368	OK	89e3c405809a53c2872179d05bda80a69503b2fb	cargo run -p jxl-encoder --release --features 'parallel butteraugli-loop ssim2-loop' --example w44_170_cjxl_step025_sweep -- --image 3637739 --effort 9 --distance-min 3.5 --distance-max 3.5 --distance-step 3.5 --strategy libjxl --corpus-manifest benchmarks/corpora/w44_170_varied_corpus.tsv
3637739	cid22	512	512	libjxl	9	3.7500	17406	15475	67.3186	72.3489	3.934557	3.661701	2101.606	2439.001	12.478	-5.0303	7.452	-13.833	OK	89e3c405809a53c2872179d05bda80a69503b2fb	cargo run -p jxl-encoder --release --features 'parallel butteraugli-loop ssim2-loop' --example w44_170_cjxl_step025_sweep -- --image 3637739 --effort 9 --distance-min 3.75 --distance-max 3.75 --distance-step 3.75 --strategy libjxl --corpus-manifest benchmarks/corpora/w44_170_varied_corpus.tsv
3637739	cid22	512	512	libjxl	9	4.0000	17272	14923	65.2262	71.0985	4.244674	3.635713	3169.570	2826.543	15.741	-5.8723	16.749	12.136	OK	89e3c405809a53c2872179d05bda80a69503b2fb	cargo run -p jxl-encoder --release --features 'parallel butteraugli-loop ssim2-loop' --example w44_170_cjxl_step025_sweep -- --image 3637739 --effort 9 --distance-min 4 --distance-max 4 --distance-step 4 --strategy libjxl --corpus-manifest benchmarks/corpora/w44_170_varied_corpus.tsv
3637739	cid22	512	512	libjxl	9	4.2500	16540	14547	62.9634	69.7298	4.462992	3.993935	3001.744	2442.221	13.700	-6.7664	11.744	22.910	OK	89e3c405809a53c2872179d05bda80a69503b2fb	cargo run -p jxl-encoder --release --features 'parallel butteraugli-loop ssim2-loop' --example w44_170_cjxl_step025_sweep -- --image 3637739 --effort 9 --distance-min 4.25 --distance-max 4.25 --distance-step 4.25 --strategy libjxl --corpus-manifest benchmarks/corpora/w44_170_varied_corpus.tsv
3637739	cid22	512	512	libjxl	9	4.5000	16187	14059	60.9039	69.0020	4.462806	5.081542	2242.300	2387.138	15.136	-8.0981	-12.176	-6.067	OK	89e3c405809a53c2872179d05bda80a69503b2fb	cargo run -p jxl-encoder --release --features 'parallel butteraugli-loop ssim2-loop' --example w44_170_cjxl_step025_sweep -- --image 3637739 --effort 9 --distance-min 4.5 --distance-max 4.5 --distance-step 4.5 --strategy libjxl --corpus-manifest benchmarks/corpora/w44_170_varied_corpus.tsv
3637739	cid22	512	512	libjxl	9	4.7500	15208	13196	60.5808	67.7607	4.594063	4.469616	2350.057	2029.958	15.247	-7.1799	2.784	15.769	OK	89e3c405809a53c2872179d05bda80a69503b2fb	cargo run -p jxl-encoder --release --features 'parallel butteraugli-loop ssim2-loop' --example w44_170_cjxl_step025_sweep -- --image 3637739 --effort 9 --distance-min 4.75 --distance-max 4.75 --distance-step 4.75 --strategy libjxl --corpus-manifest benchmarks/corpora/w44_170_varied_corpus.tsv
3637739	cid22	512	512	libjxl	9	5.0000	14616	12738	60.0438	66.9456	4.701132	4.610849	2257.501	2604.615	14.743	-6.9018	1.958	-13.327	OK	89e3c405809a53c2872179d05bda80a69503b2fb	cargo run -p jxl-encoder --release --features 'parallel butteraugli-loop ssim2-loop' --example w44_170_cjxl_step025_sweep -- --image 3637739 --effort 9 --distance-min 5 --distance-max 5 --distance-step 5 --strategy libjxl --corpus-manifest benchmarks/corpora/w44_170_varied_corpus.tsv
7062219	cid22	512	512	libjxl	5	0.2500	165263	164595	94.4097	94.2367	0.522832	0.560585	299.477	303.218	0.406	0.1730	-6.735	-1.234	OK	89e3c405809a53c2872179d05bda80a69503b2fb	cargo run -p jxl-encoder --release --features 'parallel butteraugli-loop ssim2-loop' --example w44_170_cjxl_step025_sweep -- --image 7062219 --effort 5 --distance-min 0.25 --distance-max 0.25 --distance-step 0.25 --strategy libjxl --corpus-manifest benchmarks/corpora/w44_170_varied_corpus.tsv
7062219	cid22	512	512	libjxl	5	0.5000	115730	115608	91.4626	91.4081	0.971774	1.001976	221.720	323.082	0.106	0.0545	-3.014	-31.373	OK	89e3c405809a53c2872179d05bda80a69503b2fb	cargo run -p jxl-encoder --release --features 'parallel butteraugli-loop ssim2-loop' --example w44_170_cjxl_step025_sweep -- --image 7062219 --effort 5 --distance-min 0.5 --distance-max 0.5 --distance-step 0.5 --strategy libjxl --corpus-manifest benchmarks/corpora/w44_170_varied_corpus.tsv
7062219	cid22	512	512	libjxl	5	0.7500	89361	88508	88.6609	88.6676	1.013752	1.038406	257.466	310.635	0.964	-0.0067	-2.374	-17.116	OK	89e3c405809a53c2872179d05bda80a69503b2fb	cargo run -p jxl-encoder --release --features 'parallel butteraugli-loop ssim2-loop' --example w44_170_cjxl_step025_sweep -- --image 7062219 --effort 5 --distance-min 0.75 --distance-max 0.75 --distance-step 0.75 --strategy libjxl --corpus-manifest benchmarks/corpora/w44_170_varied_corpus.tsv
7062219	cid22	512	512	libjxl	5	1.0000	74665	73735	86.4866	86.3958	1.245981	1.231939	286.678	216.878	1.261	0.0908	1.140	32.184	OK	89e3c405809a53c2872179d05bda80a69503b2fb	cargo run -p jxl-encoder --release --features 'parallel butteraugli-loop ssim2-loop' --example w44_170_cjxl_step025_sweep -- --image 7062219 --effort 5 --distance-min 1 --distance-max 1 --distance-step 1 --strategy libjxl --corpus-manifest benchmarks/corpora/w44_170_varied_corpus.tsv
7062219	cid22	512	512	libjxl	5	1.2500	65202	63849	83.8731	83.8563	1.574229	1.563967	347.612	315.412	2.119	0.0168	0.656	10.209	OK	89e3c405809a53c2872179d05bda80a69503b2fb	cargo run -p jxl-encoder --release --features 'parallel butteraugli-loop ssim2-loop' --example w44_170_cjxl_step025_sweep -- --image 7062219 --effort 5 --distance-min 1.25 --distance-max 1.25 --distance-step 1.25 --strategy libjxl --corpus-manifest benchmarks/corpora/w44_170_varied_corpus.tsv
7062219	cid22	512	512	libjxl	5	1.5000	57456	55847	81.5777	81.4777	1.730070	1.735864	266.956	301.982	2.881	0.0999	-0.334	-11.599	OK	89e3c405809a53c2872179d05bda80a69503b2fb	cargo run -p jxl-encoder --release --features 'parallel butteraugli-loop ssim2-loop' --example w44_170_cjxl_step025_sweep -- --image 7062219 --effort 5 --distance-min 1.5 --distance-max 1.5 --distance-step 1.5 --strategy libjxl --corpus-manifest benchmarks/corpora/w44_170_varied_corpus.tsv
7062219	cid22	512	512	libjxl	5	1.7500	51646	49782	79.1072	79.2710	2.016888	1.997518	148.477	269.486	3.744	-0.1639	0.970	-44.904	OK	89e3c405809a53c2872179d05bda80a69503b2fb	cargo run -p jxl-encoder --release --features 'parallel butteraugli-loop ssim2-loop' --example w44_170_cjxl_step025_sweep -- --image 7062219 --effort 5 --distance-min 1.75 --distance-max 1.75 --distance-step 1.75 --strategy libjxl --corpus-manifest benchmarks/corpora/w44_170_varied_corpus.tsv
7062219	cid22	512	512	libjxl	5	2.0000	46654	44941	77.3613	77.5178	2.327482	2.410793	296.080	303.236	3.812	-0.1566	-3.456	-2.360	OK	89e3c405809a53c2872179d05bda80a69503b2fb	cargo run -p jxl-encoder --release --features 'parallel butteraugli-loop ssim2-loop' --example w44_170_cjxl_step025_sweep -- --image 7062219 --effort 5 --distance-min 2 --distance-max 2 --distance-step 2 --strategy libjxl --corpus-manifest benchmarks/corpora/w44_170_varied_corpus.tsv
7062219	cid22	512	512	libjxl	5	2.2500	43521	40918	75.7392	75.4735	2.607097	2.569795	303.794	259.755	6.362	0.2657	1.452	16.954	OK	89e3c405809a53c2872179d05bda80a69503b2fb	cargo run -p jxl-encoder --release --features 'parallel butteraugli-loop ssim2-loop' --example w44_170_cjxl_step025_sweep -- --image 7062219 --effort 5 --distance-min 2.25 --distance-max 2.25 --distance-step 2.25 --strategy libjxl --corpus-manifest benchmarks/corpora/w44_170_varied_corpus.tsv
7062219	cid22	512	512	libjxl	5	2.5000	39746	37848	73.4507	73.6594	2.639325	2.673212	269.396	327.651	5.015	-0.2087	-1.268	-17.780	OK	89e3c405809a53c2872179d05bda80a69503b2fb	cargo run -p jxl-encoder --release --features 'parallel butteraugli-loop ssim2-loop' --example w44_170_cjxl_step025_sweep -- --image 7062219 --effort 5 --distance-min 2.5 --distance-max 2.5 --distance-step 2.5 --strategy libjxl --corpus-manifest benchmarks/corpora/w44_170_varied_corpus.tsv
7062219	cid22	512	512	libjxl	5	2.7500	38015	35747	71.5663	71.8566	2.766066	2.815608	271.780	424.279	6.345	-0.2903	-1.760	-35.943	OK	89e3c405809a53c2872179d05bda80a69503b2fb	cargo run -p jxl-encoder --release --features 'parallel butteraugli-loop ssim2-loop' --example w44_170_cjxl_step025_sweep -- --image 7062219 --effort 5 --distance-min 2.75 --distance-max 2.75 --distance-step 2.75 --strategy libjxl --corpus-manifest benchmarks/corpora/w44_170_varied_corpus.tsv
7062219	cid22	512	512	libjxl	5	3.0000	34911	33324	69.9635	70.2633	2.839087	3.028394	300.434	454.911	4.762	-0.2998	-6.251	-33.957	OK	89e3c405809a53c2872179d05bda80a69503b2fb	cargo run -p jxl-encoder --release --features 'parallel butteraugli-loop ssim2-loop' --example w44_170_cjxl_step025_sweep -- --image 7062219 --effort 5 --distance-min 3 --distance-max 3 --distance-step 3 --strategy libjxl --corpus-manifest benchmarks/corpora/w44_170_varied_corpus.tsv
7062219	cid22	512	512	libjxl	5	3.2500	32663	30878	68.7680	68.5582	3.408383	3.062288	251.080	384.596	5.781	0.2098	11.302	-34.716	OK	89e3c405809a53c2872179d05bda80a69503b2fb	cargo run -p jxl-encoder --release --features 'parallel butteraugli-loop ssim2-loop' --example w44_170_cjxl_step025_sweep -- --image 7062219 --effort 5 --distance-min 3.25 --distance-max 3.25 --distance-step 3.25 --strategy libjxl --corpus-manifest benchmarks/corpora/w44_170_varied_corpus.tsv
7062219	cid22	512	512	libjxl	5	3.5000	30938	29327	67.0312	67.6566	3.896926	3.969712	298.942	321.197	5.493	-0.6254	-1.834	-6.929	OK	89e3c405809a53c2872179d05bda80a69503b2fb	cargo run -p jxl-encoder --release --features 'parallel butteraugli-loop ssim2-loop' --example w44_170_cjxl_step025_sweep -- --image 7062219 --effort 5 --distance-min 3.5 --distance-max 3.5 --distance-step 3.5 --strategy libjxl --corpus-manifest benchmarks/corpora/w44_170_varied_corpus.tsv
7062219	cid22	512	512	libjxl	5	3.7500	30108	27664	65.3084	65.8824	3.789807	3.844010	275.827	232.177	8.835	-0.5740	-1.410	18.800	OK	89e3c405809a53c2872179d05bda80a69503b2fb	cargo run -p jxl-encoder --release --features 'parallel butteraugli-loop ssim2-loop' --example w44_170_cjxl_step025_sweep -- --image 7062219 --effort 5 --distance-min 3.75 --distance-max 3.75 --distance-step 3.75 --strategy libjxl --corpus-manifest benchmarks/corpora/w44_170_varied_corpus.tsv
7062219	cid22	512	512	libjxl	5	4.0000	28538	26240	64.1151	63.0050	3.848302	3.863245	452.906	285.974	8.758	1.1101	-0.387	58.373	OK	89e3c405809a53c2872179d05bda80a69503b2fb	cargo run -p jxl-encoder --release --features 'parallel butteraugli-loop ssim2-loop' --example w44_170_cjxl_step025_sweep -- --image 7062219 --effort 5 --distance-min 4 --distance-max 4 --distance-step 4 --strategy libjxl --corpus-manifest benchmarks/corpora/w44_170_varied_corpus.tsv
7062219	cid22	512	512	libjxl	5	4.2500	26786	25088	62.8916	61.6245	4.172785	4.312483	369.204	365.889	6.768	1.2671	-3.239	0.906	OK	89e3c405809a53c2872179d05bda80a69503b2fb	cargo run -p jxl-encoder --release --features 'parallel butteraugli-loop ssim2-loop' --example w44_170_cjxl_step025_sweep -- --image 7062219 --effort 5 --distance-min 4.25 --distance-max 4.25 --distance-step 4.25 --strategy libjxl --corpus-manifest benchmarks/corpora/w44_170_varied_corpus.tsv
7062219	cid22	512	512	libjxl	5	4.5000	26014	24029	61.5382	60.1706	4.214412	4.177778	350.995	445.345	8.261	1.3677	0.877	-21.186	OK	89e3c405809a53c2872179d05bda80a69503b2fb	cargo run -p jxl-encoder --release --features 'parallel butteraugli-loop ssim2-loop' --example w44_170_cjxl_step025_sweep -- --image 7062219 --effort 5 --distance-min 4.5 --distance-max 4.5 --distance-step 4.5 --strategy libjxl --corpus-manifest benchmarks/corpora/w44_170_varied_corpus.tsv
7062219	cid22	512	512	libjxl	5	4.7500	24843	22991	60.0580	58.9266	4.162499	4.416640	269.461	514.279	8.055	1.1314	-5.754	-47.604	OK	89e3c405809a53c2872179d05bda80a69503b2fb	cargo run -p jxl-encoder --release --features 'parallel butteraugli-loop ssim2-loop' --example w44_170_cjxl_step025_sweep -- --image 7062219 --effort 5 --distance-min 4.75 --distance-max 4.75 --distance-step 4.75 --strategy libjxl --corpus-manifest benchmarks/corpora/w44_170_varied_corpus.tsv
7062219	cid22	512	512	libjxl	5	5.0000	23608	22292	59.3686	57.9139	4.587437	4.797814	301.068	279.259	5.903	1.4546	-4.385	7.810	OK	89e3c405809a53c2872179d05bda80a69503b2fb	cargo run -p jxl-encoder --release --features 'parallel butteraugli-loop ssim2-loop' --example w44_170_cjxl_step025_sweep -- --image 7062219 --effort 5 --distance-min 5 --distance-max 5 --distance-step 5 --strategy libjxl --corpus-manifest benchmarks/corpora/w44_170_varied_corpus.tsv
7062219	cid22	512	512	libjxl	6	0.2500	163644	162596	94.4694	94.3304	0.522807	0.559684	363.011	460.678	0.645	0.1390	-6.589	-21.201	OK	89e3c405809a53c2872179d05bda80a69503b2fb	cargo run -p jxl-encoder --release --features 'parallel butteraugli-loop ssim2-loop' --example w44_170_cjxl_step025_sweep -- --image 7062219 --effort 6 --distance-min 0.25 --distance-max 0.25 --distance-step 0.25 --strategy libjxl --corpus-manifest benchmarks/corpora/w44_170_varied_corpus.tsv
7062219	cid22	512	512	libjxl	6	0.5000	114516	114211	91.4865	91.4311	0.966767	0.995940	271.737	286.586	0.267	0.0554	-2.929	-5.181	OK	89e3c405809a53c2872179d05bda80a69503b2fb	cargo run -p jxl-encoder --release --features 'parallel butteraugli-loop ssim2-loop' --example w44_170_cjxl_step025_sweep -- --image 7062219 --effort 6 --distance-min 0.5 --distance-max 0.5 --distance-step 0.5 --strategy libjxl --corpus-manifest benchmarks/corpora/w44_170_varied_corpus.tsv
7062219	cid22	512	512	libjxl	6	0.7500	87954	87326	88.5895	88.7058	1.002095	0.999146	360.262	499.311	0.719	-0.1162	0.295	-27.848	OK	89e3c405809a53c2872179d05bda80a69503b2fb	cargo run -p jxl-encoder --release --features 'parallel butteraugli-loop ssim2-loop' --example w44_170_cjxl_step025_sweep -- --image 7062219 --effort 6 --distance-min 0.75 --distance-max 0.75 --distance-step 0.75 --strategy libjxl --corpus-manifest benchmarks/corpora/w44_170_varied_corpus.tsv
7062219	cid22	512	512	libjxl	6	1.0000	73465	72615	86.3865	86.2814	1.244298	1.197963	402.032	547.409	1.171	0.1052	3.868	-26.557	OK	89e3c405809a53c2872179d05bda80a69503b2fb	cargo run -p jxl-encoder --release --features 'parallel butteraugli-loop ssim2-loop' --example w44_170_cjxl_step025_sweep -- --image 7062219 --effort 6 --distance-min 1 --distance-max 1 --distance-step 1 --strategy libjxl --corpus-manifest benchmarks/corpora/w44_170_varied_corpus.tsv
7062219	cid22	512	512	libjxl	6	1.2500	63673	62870	83.8558	83.8835	1.595528	1.599084	333.394	370.996	1.277	-0.0277	-0.222	-10.135	OK	89e3c405809a53c2872179d05bda80a69503b2fb	cargo run -p jxl-encoder --release --features 'parallel butteraugli-loop ssim2-loop' --example w44_170_cjxl_step025_sweep -- --image 7062219 --effort 6 --distance-min 1.25 --distance-max 1.25 --distance-step 1.25 --strategy libjxl --corpus-manifest benchmarks/corpora/w44_170_varied_corpus.tsv
7062219	cid22	512	512	libjxl	6	1.5000	56394	55523	81.7316	81.7918	1.732362	1.729972	434.106	384.796	1.569	-0.0602	0.138	12.814	OK	89e3c405809a53c2872179d05bda80a69503b2fb	cargo run -p jxl-encoder --release --features 'parallel butteraugli-loop ssim2-loop' --example w44_170_cjxl_step025_sweep -- --image 7062219 --effort 6 --distance-min 1.5 --distance-max 1.5 --distance-step 1.5 --strategy libjxl --corpus-manifest benchmarks/corpora/w44_170_varied_corpus.tsv
7062219	cid22	512	512	libjxl	6	1.7500	51316	49555	79.1846	79.5150	1.993145	1.987756	283.977	361.037	3.554	-0.3304	0.271	-21.344	OK	89e3c405809a53c2872179d05bda80a69503b2fb	cargo run -p jxl-encoder --release --features 'parallel butteraugli-loop ssim2-loop' --example w44_170_cjxl_step025_sweep -- --image 7062219 --effort 6 --distance-min 1.75 --distance-max 1.75 --distance-step 1.75 --strategy libjxl --corpus-manifest benchmarks/corpora/w44_170_varied_corpus.tsv
7062219	cid22	512	512	libjxl	6	2.0000	46763	45068	77.3107	77.7211	2.425882	2.383119	282.243	492.848	3.761	-0.4104	1.794	-42.732	OK	89e3c405809a53c2872179d05bda80a69503b2fb	cargo run -p jxl-encoder --release --features 'parallel butteraugli-loop ssim2-loop' --example w44_170_cjxl_step025_sweep -- --image 7062219 --effort 6 --distance-min 2 --distance-max 2 --distance-step 2 --strategy libjxl --corpus-manifest benchmarks/corpora/w44_170_varied_corpus.tsv
7062219	cid22	512	512	libjxl	6	2.2500	42409	41232	75.7533	75.7773	2.610251	2.464518	312.172	414.600	2.855	-0.0239	5.913	-24.705	OK	89e3c405809a53c2872179d05bda80a69503b2fb	cargo run -p jxl-encoder --release --features 'parallel butteraugli-loop ssim2-loop' --example w44_170_cjxl_step025_sweep -- --image 7062219 --effort 6 --distance-min 2.25 --distance-max 2.25 --distance-step 2.25 --strategy libjxl --corpus-manifest benchmarks/corpora/w44_170_varied_corpus.tsv
7062219	cid22	512	512	libjxl	6	2.5000	39471	38008	73.9085	74.2714	2.618793	2.730710	311.048	711.707	3.849	-0.3630	-4.098	-56.295	OK	89e3c405809a53c2872179d05bda80a69503b2fb	cargo run -p jxl-encoder --release --features 'parallel butteraugli-loop ssim2-loop' --example w44_170_cjxl_step025_sweep -- --image 7062219 --effort 6 --distance-min 2.5 --distance-max 2.5 --distance-step 2.5 --strategy libjxl --corpus-manifest benchmarks/corpora/w44_170_varied_corpus.tsv
7062219	cid22	512	512	libjxl	6	2.7500	37385	36008	71.9850	72.6452	2.766176	2.838081	293.558	439.042	3.824	-0.6603	-2.534	-33.137	OK	89e3c405809a53c2872179d05bda80a69503b2fb	cargo run -p jxl-encoder --release --features 'parallel butteraugli-loop ssim2-loop' --example w44_170_cjxl_step025_sweep -- --image 7062219 --effort 6 --distance-min 2.75 --distance-max 2.75 --distance-step 2.75 --strategy libjxl --corpus-manifest benchmarks/corpora/w44_170_varied_corpus.tsv
7062219	cid22	512	512	libjxl	6	3.0000	35247	33792	70.1442	71.0762	2.905437	2.941087	406.877	654.354	4.306	-0.9320	-1.212	-37.820	OK	89e3c405809a53c2872179d05bda80a69503b2fb	cargo run -p jxl-encoder --release --features 'parallel butteraugli-loop ssim2-loop' --example w44_170_cjxl_step025_sweep -- --image 7062219 --effort 6 --distance-min 3 --distance-max 3 --distance-step 3 --strategy libjxl --corpus-manifest benchmarks/corpora/w44_170_varied_corpus.tsv
7062219	cid22	512	512	libjxl	6	3.2500	32749	31584	68.7208	69.2462	3.408383	2.994948	345.479	563.654	3.689	-0.5253	13.804	-38.707	OK	89e3c405809a53c2872179d05bda80a69503b2fb	cargo run -p jxl-encoder --release --features 'parallel butteraugli-loop ssim2-loop' --example w44_170_cjxl_step025_sweep -- --image 7062219 --effort 6 --distance-min 3.25 --distance-max 3.25 --distance-step 3.25 --strategy libjxl --corpus-manifest benchmarks/corpora/w44_170_varied_corpus.tsv
7062219	cid22	512	512	libjxl	6	3.5000	31596	29742	67.0099	67.7534	3.892646	3.867627	355.462	476.692	6.234	-0.7435	0.647	-25.431	OK	89e3c405809a53c2872179d05bda80a69503b2fb	cargo run -p jxl-encoder --release --features 'parallel butteraugli-loop ssim2-loop' --example w44_170_cjxl_step025_sweep -- --image 7062219 --effort 6 --distance-min 3.5 --distance-max 3.5 --distance-step 3.5 --strategy libjxl --corpus-manifest benchmarks/corpora/w44_170_varied_corpus.tsv
7062219	cid22	512	512	libjxl	6	3.7500	29862	28174	65.0968	66.0847	3.789842	3.865850	302.102	397.430	5.991	-0.9879	-1.966	-23.986	OK	89e3c405809a53c2872179d05bda80a69503b2fb	cargo run -p jxl-encoder --release --features 'parallel butteraugli-loop ssim2-loop' --example w44_170_cjxl_step025_sweep -- --image 7062219 --effort 6 --distance-min 3.75 --distance-max 3.75 --distance-step 3.75 --strategy libjxl --corpus-manifest benchmarks/corpora/w44_170_varied_corpus.tsv
7062219	cid22	512	512	libjxl	6	4.0000	28771	27089	64.2453	64.6251	3.848344	3.852662	410.564	298.032	6.209	-0.3797	-0.112	37.758	OK	89e3c405809a53c2872179d05bda80a69503b2fb	cargo run -p jxl-encoder --release --features 'parallel butteraugli-loop ssim2-loop' --example w44_170_cjxl_step025_sweep -- --image 7062219 --effort 6 --distance-min 4 --distance-max 4 --distance-step 4 --strategy libjxl --corpus-manifest benchmarks/corpora/w44_170_varied_corpus.tsv
7062219	cid22	512	512	libjxl	6	4.2500	26635	25726	62.6868	63.2270	4.170485	4.063662	429.582	548.433	3.533	-0.5402	2.629	-21.671	OK	89e3c405809a53c2872179d05bda80a69503b2fb	cargo run -p jxl-encoder --release --features 'parallel butteraugli-loop ssim2-loop' --example w44_170_cjxl_step025_sweep -- --image 7062219 --effort 6 --distance-min 4.25 --distance-max 4.25 --distance-step 4.25 --strategy libjxl --corpus-manifest benchmarks/corpora/w44_170_varied_corpus.tsv
7062219	cid22	512	512	libjxl	6	4.5000	25579	24823	61.5456	62.1821	4.210648	4.081204	501.494	735.013	3.046	-0.6365	3.172	-31.771	OK	89e3c405809a53c2872179d05bda80a69503b2fb	cargo run -p jxl-encoder --release --features 'parallel butteraugli-loop ssim2-loop' --example w44_170_cjxl_step025_sweep -- --image 7062219 --effort 6 --distance-min 4.5 --distance-max 4.5 --distance-step 4.5 --strategy libjxl --corpus-manifest benchmarks/corpora/w44_170_varied_corpus.tsv
7062219	cid22	512	512	libjxl	6	4.7500	24265	23403	60.0043	61.0053	4.162499	4.139087	350.119	536.651	3.683	-1.0010	0.566	-34.759	OK	89e3c405809a53c2872179d05bda80a69503b2fb	cargo run -p jxl-encoder --release --features 'parallel butteraugli-loop ssim2-loop' --example w44_170_cjxl_step025_sweep -- --image 7062219 --effort 6 --distance-min 4.75 --distance-max 4.75 --distance-step 4.75 --strategy libjxl --corpus-manifest benchmarks/corpora/w44_170_varied_corpus.tsv
7062219	cid22	512	512	libjxl	6	5.0000	23444	22712	59.2676	60.2301	4.559560	4.877630	263.359	382.796	3.223	-0.9625	-6.521	-31.201	OK	89e3c405809a53c2872179d05bda80a69503b2fb	cargo run -p jxl-encoder --release --features 'parallel butteraugli-loop ssim2-loop' --example w44_170_cjxl_step025_sweep -- --image 7062219 --effort 6 --distance-min 5 --distance-max 5 --distance-step 5 --strategy libjxl --corpus-manifest benchmarks/corpora/w44_170_varied_corpus.tsv
7062219	cid22	512	512	libjxl	7	0.2500	165153	162610	94.4023	94.2307	0.522792	0.557396	360.520	400.004	1.564	0.1716	-6.208	-9.871	OK	89e3c405809a53c2872179d05bda80a69503b2fb	cargo run -p jxl-encoder --release --features 'parallel butteraugli-loop ssim2-loop' --example w44_170_cjxl_step025_sweep -- --image 7062219 --effort 7 --distance-min 0.25 --distance-max 0.25 --distance-step 0.25 --strategy libjxl --corpus-manifest benchmarks/corpora/w44_170_varied_corpus.tsv
7062219	cid22	512	512	libjxl	7	0.5000	115070	114165	91.3268	91.3378	0.983083	0.978642	298.376	321.837	0.793	-0.0110	0.454	-7.290	OK	89e3c405809a53c2872179d05bda80a69503b2fb	cargo run -p jxl-encoder --release --features 'parallel butteraugli-loop ssim2-loop' --example w44_170_cjxl_step025_sweep -- --image 7062219 --effort 7 --distance-min 0.5 --distance-max 0.5 --distance-step 0.5 --strategy libjxl --corpus-manifest benchmarks/corpora/w44_170_varied_corpus.tsv
7062219	cid22	512	512	libjxl	7	0.7500	88803	87477	88.5160	88.9978	1.020324	1.060091	304.543	320.212	1.516	-0.4818	-3.751	-4.893	OK	89e3c405809a53c2872179d05bda80a69503b2fb	cargo run -p jxl-encoder --release --features 'parallel butteraugli-loop ssim2-loop' --example w44_170_cjxl_step025_sweep -- --image 7062219 --effort 7 --distance-min 0.75 --distance-max 0.75 --distance-step 0.75 --strategy libjxl --corpus-manifest benchmarks/corpora/w44_170_varied_corpus.tsv
7062219	cid22	512	512	libjxl	7	1.0000	74244	72741	86.1436	86.3689	1.287452	1.257462	316.341	535.978	2.066	-0.2253	2.385	-40.979	OK	89e3c405809a53c2872179d05bda80a69503b2fb	cargo run -p jxl-encoder --release --features 'parallel butteraugli-loop ssim2-loop' --example w44_170_cjxl_step025_sweep -- --image 7062219 --effort 7 --distance-min 1 --distance-max 1 --distance-step 1 --strategy libjxl --corpus-manifest benchmarks/corpora/w44_170_varied_corpus.tsv
7062219	cid22	512	512	libjxl	7	1.2500	65719	62971	83.6182	83.8998	1.594550	1.594871	273.589	466.886	4.364	-0.2816	-0.020	-41.401	OK	89e3c405809a53c2872179d05bda80a69503b2fb	cargo run -p jxl-encoder --release --features 'parallel butteraugli-loop ssim2-loop' --example w44_170_cjxl_step025_sweep -- --image 7062219 --effort 7 --distance-min 1.25 --distance-max 1.25 --distance-step 1.25 --strategy libjxl --corpus-manifest benchmarks/corpora/w44_170_varied_corpus.tsv
7062219	cid22	512	512	libjxl	7	1.5000	57510	55405	81.2896	81.6126	1.781615	1.793481	403.953	438.076	3.799	-0.3230	-0.662	-7.789	OK	89e3c405809a53c2872179d05bda80a69503b2fb	cargo run -p jxl-encoder --release --features 'parallel butteraugli-loop ssim2-loop' --example w44_170_cjxl_step025_sweep -- --image 7062219 --effort 7 --distance-min 1.5 --distance-max 1.5 --distance-step 1.5 --strategy libjxl --corpus-manifest benchmarks/corpora/w44_170_varied_corpus.tsv
7062219	cid22	512	512	libjxl	7	1.7500	54814	49671	78.5371	79.3140	2.012796	1.986588	461.153	434.210	10.354	-0.7769	1.319	6.205	OK	89e3c405809a53c2872179d05bda80a69503b2fb	cargo run -p jxl-encoder --release --features 'parallel butteraugli-loop ssim2-loop' --example w44_170_cjxl_step025_sweep -- --image 7062219 --effort 7 --distance-min 1.75 --distance-max 1.75 --distance-step 1.75 --strategy libjxl --corpus-manifest benchmarks/corpora/w44_170_varied_corpus.tsv
7062219	cid22	512	512	libjxl	7	2.0000	47993	45023	75.4744	77.7642	3.395713	2.383099	462.252	402.354	6.597	-2.2897	42.491	14.887	OK	89e3c405809a53c2872179d05bda80a69503b2fb	cargo run -p jxl-encoder --release --features 'parallel butteraugli-loop ssim2-loop' --example w44_170_cjxl_step025_sweep -- --image 7062219 --effort 7 --distance-min 2 --distance-max 2 --distance-step 2 --strategy libjxl --corpus-manifest benchmarks/corpora/w44_170_varied_corpus.tsv
7062219	cid22	512	512	libjxl	7	2.2500	42912	41200	74.8090	75.8751	2.698808	2.428853	368.159	744.751	4.155	-1.0661	11.115	-50.566	OK	89e3c405809a53c2872179d05bda80a69503b2fb	cargo run -p jxl-encoder --release --features 'parallel butteraugli-loop ssim2-loop' --example w44_170_cjxl_step025_sweep -- --image 7062219 --effort 7 --distance-min 2.25 --distance-max 2.25 --distance-step 2.25 --strategy libjxl --corpus-manifest benchmarks/corpora/w44_170_varied_corpus.tsv
7062219	cid22	512	512	libjxl	7	2.5000	40714	38064	72.5262	74.0326	3.550488	2.579695	340.227	518.859	6.962	-1.5064	37.632	-34.428	OK	89e3c405809a53c2872179d05bda80a69503b2fb	cargo run -p jxl-encoder --release --features 'parallel butteraugli-loop ssim2-loop' --example w44_170_cjxl_step025_sweep -- --image 7062219 --effort 7 --distance-min 2.5 --distance-max 2.5 --distance-step 2.5 --strategy libjxl --corpus-manifest benchmarks/corpora/w44_170_varied_corpus.tsv
7062219	cid22	512	512	libjxl	7	2.7500	39014	36021	70.4083	72.7888	4.316294	2.837145	330.254	706.161	8.309	-2.3805	52.135	-53.232	OK	89e3c405809a53c2872179d05bda80a69503b2fb	cargo run -p jxl-encoder --release --features 'parallel butteraugli-loop ssim2-loop' --example w44_170_cjxl_step025_sweep -- --image 7062219 --effort 7 --distance-min 2.75 --distance-max 2.75 --distance-step 2.75 --strategy libjxl --corpus-manifest benchmarks/corpora/w44_170_varied_corpus.tsv
7062219	cid22	512	512	libjxl	7	3.0000	37306	33826	68.4697	70.6945	3.146667	2.940266	408.792	677.677	10.288	-2.2247	7.020	-39.678	OK	89e3c405809a53c2872179d05bda80a69503b2fb	cargo run -p jxl-encoder --release --features 'parallel butteraugli-loop ssim2-loop' --example w44_170_cjxl_step025_sweep -- --image 7062219 --effort 7 --distance-min 3 --distance-max 3 --distance-step 3 --strategy libjxl --corpus-manifest benchmarks/corpora/w44_170_varied_corpus.tsv
7062219	cid22	512	512	libjxl	7	3.2500	34467	31519	67.3921	69.3223	3.408526	2.994972	391.010	584.838	9.353	-1.9302	13.808	-33.142	OK	89e3c405809a53c2872179d05bda80a69503b2fb	cargo run -p jxl-encoder --release --features 'parallel butteraugli-loop ssim2-loop' --example w44_170_cjxl_step025_sweep -- --image 7062219 --effort 7 --distance-min 3.25 --distance-max 3.25 --distance-step 3.25 --strategy libjxl --corpus-manifest benchmarks/corpora/w44_170_varied_corpus.tsv
7062219	cid22	512	512	libjxl	7	3.5000	32459	29852	65.4942	67.7008	3.892750	3.891851	387.421	627.957	8.733	-2.2066	0.023	-38.305	OK	89e3c405809a53c2872179d05bda80a69503b2fb	cargo run -p jxl-encoder --release --features 'parallel butteraugli-loop ssim2-loop' --example w44_170_cjxl_step025_sweep -- --image 7062219 --effort 7 --distance-min 3.5 --distance-max 3.5 --distance-step 3.5 --strategy libjxl --corpus-manifest benchmarks/corpora/w44_170_varied_corpus.tsv
7062219	cid22	512	512	libjxl	7	3.7500	31293	28301	64.4728	66.4845	3.789606	3.865850	258.846	608.570	10.572	-2.0116	-1.972	-57.467	OK	89e3c405809a53c2872179d05bda80a69503b2fb	cargo run -p jxl-encoder --release --features 'parallel butteraugli-loop ssim2-loop' --example w44_170_cjxl_step025_sweep -- --image 7062219 --effort 7 --distance-min 3.75 --distance-max 3.75 --distance-step 3.75 --strategy libjxl --corpus-manifest benchmarks/corpora/w44_170_varied_corpus.tsv
7062219	cid22	512	512	libjxl	7	4.0000	30354	27144	63.1272	65.1546	3.846491	3.852683	483.177	550.588	11.826	-2.0275	-0.161	-12.243	OK	89e3c405809a53c2872179d05bda80a69503b2fb	cargo run -p jxl-encoder --release --features 'parallel butteraugli-loop ssim2-loop' --example w44_170_cjxl_step025_sweep -- --image 7062219 --effort 7 --distance-min 4 --distance-max 4 --distance-step 4 --strategy libjxl --corpus-manifest benchmarks/corpora/w44_170_varied_corpus.tsv
7062219	cid22	512	512	libjxl	7	4.2500	27572	25766	61.1859	63.6527	4.170525	4.063662	482.050	523.392	7.009	-2.4668	2.630	-7.899	OK	89e3c405809a53c2872179d05bda80a69503b2fb	cargo run -p jxl-encoder --release --features 'parallel butteraugli-loop ssim2-loop' --example w44_170_cjxl_step025_sweep -- --image 7062219 --effort 7 --distance-min 4.25 --distance-max 4.25 --distance-step 4.25 --strategy libjxl --corpus-manifest benchmarks/corpora/w44_170_varied_corpus.tsv
7062219	cid22	512	512	libjxl	7	4.5000	26420	24754	59.6602	62.3815	4.210677	3.960354	418.280	670.711	6.730	-2.7214	6.321	-37.636	OK	89e3c405809a53c2872179d05bda80a69503b2fb	cargo run -p jxl-encoder --release --features 'parallel butteraugli-loop ssim2-loop' --example w44_170_cjxl_step025_sweep -- --image 7062219 --effort 7 --distance-min 4.5 --distance-max 4.5 --distance-step 4.5 --strategy libjxl --corpus-manifest benchmarks/corpora/w44_170_varied_corpus.tsv
7062219	cid22	512	512	libjxl	7	4.7500	25192	23851	58.2434	61.4053	4.325901	4.139040	464.106	385.924	5.622	-3.1619	4.515	20.259	OK	89e3c405809a53c2872179d05bda80a69503b2fb	cargo run -p jxl-encoder --release --features 'parallel butteraugli-loop ssim2-loop' --example w44_170_cjxl_step025_sweep -- --image 7062219 --effort 7 --distance-min 4.75 --distance-max 4.75 --distance-step 4.75 --strategy libjxl --corpus-manifest benchmarks/corpora/w44_170_varied_corpus.tsv
7062219	cid22	512	512	libjxl	7	5.0000	24407	22786	56.8531	60.2764	4.559451	4.641558	489.721	455.043	7.114	-3.4233	-1.769	7.621	OK	89e3c405809a53c2872179d05bda80a69503b2fb	cargo run -p jxl-encoder --release --features 'parallel butteraugli-loop ssim2-loop' --example w44_170_cjxl_step025_sweep -- --image 7062219 --effort 7 --distance-min 5 --distance-max 5 --distance-step 5 --strategy libjxl --corpus-manifest benchmarks/corpora/w44_170_varied_corpus.tsv
7062219	cid22	512	512	libjxl	8	0.2500	162456	160234	94.4999	94.3688	0.316322	0.377897	1274.065	2132.803	1.387	0.1311	-16.294	-40.263	OK	89e3c405809a53c2872179d05bda80a69503b2fb	cargo run -p jxl-encoder --release --features 'parallel butteraugli-loop ssim2-loop' --example w44_170_cjxl_step025_sweep -- --image 7062219 --effort 8 --distance-min 0.25 --distance-max 0.25 --distance-step 0.25 --strategy libjxl --corpus-manifest benchmarks/corpora/w44_170_varied_corpus.tsv
7062219	cid22	512	512	libjxl	8	0.5000	112218	111609	91.3440	91.3691	0.645630	0.752791	1343.916	1490.721	0.546	-0.0250	-14.235	-9.848	OK	89e3c405809a53c2872179d05bda80a69503b2fb	cargo run -p jxl-encoder --release --features 'parallel butteraugli-loop ssim2-loop' --example w44_170_cjxl_step025_sweep -- --image 7062219 --effort 8 --distance-min 0.5 --distance-max 0.5 --distance-step 0.5 --strategy libjxl --corpus-manifest benchmarks/corpora/w44_170_varied_corpus.tsv
7062219	cid22	512	512	libjxl	8	0.7500	84557	83676	88.1834	88.4535	0.887599	0.890099	1443.214	1883.754	1.053	-0.2700	-0.281	-23.386	OK	89e3c405809a53c2872179d05bda80a69503b2fb	cargo run -p jxl-encoder --release --features 'parallel butteraugli-loop ssim2-loop' --example w44_170_cjxl_step025_sweep -- --image 7062219 --effort 8 --distance-min 0.75 --distance-max 0.75 --distance-step 0.75 --strategy libjxl --corpus-manifest benchmarks/corpora/w44_170_varied_corpus.tsv
7062219	cid22	512	512	libjxl	8	1.0000	70281	69190	85.6444	85.8834	1.143384	1.395952	1391.234	1813.553	1.577	-0.2390	-18.093	-23.287	OK	89e3c405809a53c2872179d05bda80a69503b2fb	cargo run -p jxl-encoder --release --features 'parallel butteraugli-loop ssim2-loop' --example w44_170_cjxl_step025_sweep -- --image 7062219 --effort 8 --distance-min 1 --distance-max 1 --distance-step 1 --strategy libjxl --corpus-manifest benchmarks/corpora/w44_170_varied_corpus.tsv
7062219	cid22	512	512	libjxl	8	1.2500	61752	59350	82.4939	82.9012	1.476282	1.522010	1129.401	1741.210	4.047	-0.4073	-3.004	-35.137	OK	89e3c405809a53c2872179d05bda80a69503b2fb	cargo run -p jxl-encoder --release --features 'parallel butteraugli-loop ssim2-loop' --example w44_170_cjxl_step025_sweep -- --image 7062219 --effort 8 --distance-min 1.25 --distance-max 1.25 --distance-step 1.25 --strategy libjxl --corpus-manifest benchmarks/corpora/w44_170_varied_corpus.tsv
7062219	cid22	512	512	libjxl	8	1.5000	53629	52348	80.6052	81.1094	1.828205	1.874658	1117.571	1703.852	2.447	-0.5042	-2.478	-34.409	OK	89e3c405809a53c2872179d05bda80a69503b2fb	cargo run -p jxl-encoder --release --features 'parallel butteraugli-loop ssim2-loop' --example w44_170_cjxl_step025_sweep -- --image 7062219 --effort 8 --distance-min 1.5 --distance-max 1.5 --distance-step 1.5 --strategy libjxl --corpus-manifest benchmarks/corpora/w44_170_varied_corpus.tsv
7062219	cid22	512	512	libjxl	8	1.7500	51027	46439	77.8310	78.7352	2.067199	1.996797	1340.700	1757.749	9.880	-0.9042	3.526	-23.726	OK	89e3c405809a53c2872179d05bda80a69503b2fb	cargo run -p jxl-encoder --release --features 'parallel butteraugli-loop ssim2-loop' --example w44_170_cjxl_step025_sweep -- --image 7062219 --effort 8 --distance-min 1.75 --distance-max 1.75 --distance-step 1.75 --strategy libjxl --corpus-manifest benchmarks/corpora/w44_170_varied_corpus.tsv
7062219	cid22	512	512	libjxl	8	2.0000	44664	42037	75.5022	76.2409	2.720329	2.332092	1161.009	1442.252	6.249	-0.7387	16.648	-19.500	OK	89e3c405809a53c2872179d05bda80a69503b2fb	cargo run -p jxl-encoder --release --features 'parallel butteraugli-loop ssim2-loop' --example w44_170_cjxl_step025_sweep -- --image 7062219 --effort 8 --distance-min 2 --distance-max 2 --distance-step 2 --strategy libjxl --corpus-manifest benchmarks/corpora/w44_170_varied_corpus.tsv
7062219	cid22	512	512	libjxl	8	2.2500	39220	38241	73.1523	74.1469	2.662277	2.575529	648.996	860.875	2.560	-0.9946	3.368	-24.612	OK	89e3c405809a53c2872179d05bda80a69503b2fb	cargo run -p jxl-encoder --release --features 'parallel butteraugli-loop ssim2-loop' --example w44_170_cjxl_step025_sweep -- --image 7062219 --effort 8 --distance-min 2.25 --distance-max 2.25 --distance-step 2.25 --strategy libjxl --corpus-manifest benchmarks/corpora/w44_170_varied_corpus.tsv
7062219	cid22	512	512	libjxl	8	2.5000	37207	35158	71.3786	72.2527	3.044858	2.773414	899.459	1662.166	5.828	-0.8740	9.787	-45.886	OK	89e3c405809a53c2872179d05bda80a69503b2fb	cargo run -p jxl-encoder --release --features 'parallel butteraugli-loop ssim2-loop' --example w44_170_cjxl_step025_sweep -- --image 7062219 --effort 8 --distance-min 2.5 --distance-max 2.5 --distance-step 2.5 --strategy libjxl --corpus-manifest benchmarks/corpora/w44_170_varied_corpus.tsv
7062219	cid22	512	512	libjxl	8	2.7500	35589	33139	69.3242	71.0779	3.417630	2.826485	1178.358	1489.586	7.393	-1.7537	20.915	-20.894	OK	89e3c405809a53c2872179d05bda80a69503b2fb	cargo run -p jxl-encoder --release --features 'parallel butteraugli-loop ssim2-loop' --example w44_170_cjxl_step025_sweep -- --image 7062219 --effort 8 --distance-min 2.75 --distance-max 2.75 --distance-step 2.75 --strategy libjxl --corpus-manifest benchmarks/corpora/w44_170_varied_corpus.tsv
7062219	cid22	512	512	libjxl	8	3.0000	33708	31206	66.7711	68.5078	3.233968	3.179493	997.256	1917.369	8.018	-1.7367	1.713	-47.988	OK	89e3c405809a53c2872179d05bda80a69503b2fb	cargo run -p jxl-encoder --release --features 'parallel butteraugli-loop ssim2-loop' --example w44_170_cjxl_step025_sweep -- --image 7062219 --effort 8 --distance-min 3 --distance-max 3 --distance-step 3 --strategy libjxl --corpus-manifest benchmarks/corpora/w44_170_varied_corpus.tsv
7062219	cid22	512	512	libjxl	8	3.2500	31064	29019	65.3387	67.0814	3.426934	3.362473	974.942	1759.902	7.047	-1.7426	1.917	-44.602	OK	89e3c405809a53c2872179d05bda80a69503b2fb	cargo run -p jxl-encoder --release --features 'parallel butteraugli-loop ssim2-loop' --example w44_170_cjxl_step025_sweep -- --image 7062219 --effort 8 --distance-min 3.25 --distance-max 3.25 --distance-step 3.25 --strategy libjxl --corpus-manifest benchmarks/corpora/w44_170_varied_corpus.tsv
7062219	cid22	512	512	libjxl	8	3.5000	29137	27489	63.6248	65.5702	3.658903	3.656546	1315.834	1708.623	5.995	-1.9454	0.064	-22.989	OK	89e3c405809a53c2872179d05bda80a69503b2fb	cargo run -p jxl-encoder --release --features 'parallel butteraugli-loop ssim2-loop' --example w44_170_cjxl_step025_sweep -- --image 7062219 --effort 8 --distance-min 3.5 --distance-max 3.5 --distance-step 3.5 --strategy libjxl --corpus-manifest benchmarks/corpora/w44_170_varied_corpus.tsv
7062219	cid22	512	512	libjxl	8	3.7500	28065	25940	61.8280	64.3387	3.722771	3.865564	896.009	2021.994	8.192	-2.5107	-3.694	-55.687	OK	89e3c405809a53c2872179d05bda80a69503b2fb	cargo run -p jxl-encoder --release --features 'parallel butteraugli-loop ssim2-loop' --example w44_170_cjxl_step025_sweep -- --image 7062219 --effort 8 --distance-min 3.75 --distance-max 3.75 --distance-step 3.75 --strategy libjxl --corpus-manifest benchmarks/corpora/w44_170_varied_corpus.tsv
7062219	cid22	512	512	libjxl	8	4.0000	27203	24866	60.7083	62.6609	3.846539	3.820844	1183.959	1976.008	9.398	-1.9526	0.672	-40.083	OK	89e3c405809a53c2872179d05bda80a69503b2fb	cargo run -p jxl-encoder --release --features 'parallel butteraugli-loop ssim2-loop' --example w44_170_cjxl_step025_sweep -- --image 7062219 --effort 8 --distance-min 4 --distance-max 4 --distance-step 4 --strategy libjxl --corpus-manifest benchmarks/corpora/w44_170_varied_corpus.tsv
7062219	cid22	512	512	libjxl	8	4.2500	24624	23682	58.6247	61.0943	4.286726	4.117715	1240.805	1548.637	3.978	-2.4695	4.104	-19.878	OK	89e3c405809a53c2872179d05bda80a69503b2fb	cargo run -p jxl-encoder --release --features 'parallel butteraugli-loop ssim2-loop' --example w44_170_cjxl_step025_sweep -- --image 7062219 --effort 8 --distance-min 4.25 --distance-max 4.25 --distance-step 4.25 --strategy libjxl --corpus-manifest benchmarks/corpora/w44_170_varied_corpus.tsv
7062219	cid22	512	512	libjxl	8	4.5000	23565	22644	57.2284	59.7467	4.360244	4.053864	1299.099	1856.966	4.067	-2.5183	7.558	-30.042	OK	89e3c405809a53c2872179d05bda80a69503b2fb	cargo run -p jxl-encoder --release --features 'parallel butteraugli-loop ssim2-loop' --example w44_170_cjxl_step025_sweep -- --image 7062219 --effort 8 --distance-min 4.5 --distance-max 4.5 --distance-step 4.5 --strategy libjxl --corpus-manifest benchmarks/corpora/w44_170_varied_corpus.tsv
7062219	cid22	512	512	libjxl	8	4.7500	22463	21540	56.0299	59.0635	4.400844	4.264479	1002.057	1906.463	4.285	-3.0336	3.198	-47.439	OK	89e3c405809a53c2872179d05bda80a69503b2fb	cargo run -p jxl-encoder --release --features 'parallel butteraugli-loop ssim2-loop' --example w44_170_cjxl_step025_sweep -- --image 7062219 --effort 8 --distance-min 4.75 --distance-max 4.75 --distance-step 4.75 --strategy libjxl --corpus-manifest benchmarks/corpora/w44_170_varied_corpus.tsv
7062219	cid22	512	512	libjxl	8	5.0000	21759	20793	53.7301	57.3567	4.766239	4.643550	1236.396	1518.644	4.646	-3.6266	2.642	-18.586	OK	89e3c405809a53c2872179d05bda80a69503b2fb	cargo run -p jxl-encoder --release --features 'parallel butteraugli-loop ssim2-loop' --example w44_170_cjxl_step025_sweep -- --image 7062219 --effort 8 --distance-min 5 --distance-max 5 --distance-step 5 --strategy libjxl --corpus-manifest benchmarks/corpora/w44_170_varied_corpus.tsv
7062219	cid22	512	512	libjxl	9	0.2500	164244	160905	94.5122	94.4441	0.287860	0.307982	3990.804	2828.131	2.075	0.0682	-6.534	41.111	OK	89e3c405809a53c2872179d05bda80a69503b2fb	cargo run -p jxl-encoder --release --features 'parallel butteraugli-loop ssim2-loop' --example w44_170_cjxl_step025_sweep -- --image 7062219 --effort 9 --distance-min 0.25 --distance-max 0.25 --distance-step 0.25 --strategy libjxl --corpus-manifest benchmarks/corpora/w44_170_varied_corpus.tsv
7062219	cid22	512	512	libjxl	9	0.5000	113453	111718	91.3821	91.3916	0.561324	0.592943	2609.218	2421.977	1.553	-0.0094	-5.333	7.731	OK	89e3c405809a53c2872179d05bda80a69503b2fb	cargo run -p jxl-encoder --release --features 'parallel butteraugli-loop ssim2-loop' --example w44_170_cjxl_step025_sweep -- --image 7062219 --effort 9 --distance-min 0.5 --distance-max 0.5 --distance-step 0.5 --strategy libjxl --corpus-manifest benchmarks/corpora/w44_170_varied_corpus.tsv
7062219	cid22	512	512	libjxl	9	0.7500	85470	83732	88.0503	88.4244	0.823083	0.819312	1466.483	2455.818	2.076	-0.3741	0.460	-40.285	OK	89e3c405809a53c2872179d05bda80a69503b2fb	cargo run -p jxl-encoder --release --features 'parallel butteraugli-loop ssim2-loop' --example w44_170_cjxl_step025_sweep -- --image 7062219 --effort 9 --distance-min 0.75 --distance-max 0.75 --distance-step 0.75 --strategy libjxl --corpus-manifest benchmarks/corpora/w44_170_varied_corpus.tsv
7062219	cid22	512	512	libjxl	9	1.0000	71137	69175	85.6808	85.7501	1.093362	1.311816	1795.383	2644.880	2.836	-0.0693	-16.653	-32.119	OK	89e3c405809a53c2872179d05bda80a69503b2fb	cargo run -p jxl-encoder --release --features 'parallel butteraugli-loop ssim2-loop' --example w44_170_cjxl_step025_sweep -- --image 7062219 --effort 9 --distance-min 1 --distance-max 1 --distance-step 1 --strategy libjxl --corpus-manifest benchmarks/corpora/w44_170_varied_corpus.tsv
7062219	cid22	512	512	libjxl	9	1.2500	62449	59355	82.5954	83.0601	1.443034	1.408590	1491.054	2612.548	5.213	-0.4647	2.445	-42.927	OK	89e3c405809a53c2872179d05bda80a69503b2fb	cargo run -p jxl-encoder --release --features 'parallel butteraugli-loop ssim2-loop' --example w44_170_cjxl_step025_sweep -- --image 7062219 --effort 9 --distance-min 1.25 --distance-max 1.25 --distance-step 1.25 --strategy libjxl --corpus-manifest benchmarks/corpora/w44_170_varied_corpus.tsv
7062219	cid22	512	512	libjxl	9	1.5000	54240	52313	80.5956	81.1379	1.665681	1.686413	1874.358	3193.794	3.684	-0.5423	-1.229	-41.312	OK	89e3c405809a53c2872179d05bda80a69503b2fb	cargo run -p jxl-encoder --release --features 'parallel butteraugli-loop ssim2-loop' --example w44_170_cjxl_step025_sweep -- --image 7062219 --effort 9 --distance-min 1.5 --distance-max 1.5 --distance-step 1.5 --strategy libjxl --corpus-manifest benchmarks/corpora/w44_170_varied_corpus.tsv
7062219	cid22	512	512	libjxl	9	1.7500	51632	46461	77.8457	78.7370	2.028461	1.996797	1540.112	2791.929	11.130	-0.8913	1.586	-44.837	OK	89e3c405809a53c2872179d05bda80a69503b2fb	cargo run -p jxl-encoder --release --features 'parallel butteraugli-loop ssim2-loop' --example w44_170_cjxl_step025_sweep -- --image 7062219 --effort 9 --distance-min 1.75 --distance-max 1.75 --distance-step 1.75 --strategy libjxl --corpus-manifest benchmarks/corpora/w44_170_varied_corpus.tsv
7062219	cid22	512	512	libjxl	9	2.0000	45393	41977	75.6224	76.2577	2.461863	2.332095	1744.340	2414.751	8.138	-0.6353	5.564	-27.763	OK	89e3c405809a53c2872179d05bda80a69503b2fb	cargo run -p jxl-encoder --release --features 'parallel butteraugli-loop ssim2-loop' --example w44_170_cjxl_step025_sweep -- --image 7062219 --effort 9 --distance-min 2 --distance-max 2 --distance-step 2 --strategy libjxl --corpus-manifest benchmarks/corpora/w44_170_varied_corpus.tsv
7062219	cid22	512	512	libjxl	9	2.2500	39837	38178	73.1747	74.1534	2.662277	2.409544	1994.805	2144.511	4.345	-0.9787	10.489	-6.981	OK	89e3c405809a53c2872179d05bda80a69503b2fb	cargo run -p jxl-encoder --release --features 'parallel butteraugli-loop ssim2-loop' --example w44_170_cjxl_step025_sweep -- --image 7062219 --effort 9 --distance-min 2.25 --distance-max 2.25 --distance-step 2.25 --strategy libjxl --corpus-manifest benchmarks/corpora/w44_170_varied_corpus.tsv
7062219	cid22	512	512	libjxl	9	2.5000	37972	35105	71.5217	72.2527	3.138942	2.773414	1390.181	2514.198	8.167	-0.7310	13.180	-44.707	OK	89e3c405809a53c2872179d05bda80a69503b2fb	cargo run -p jxl-encoder --release --features 'parallel butteraugli-loop ssim2-loop' --example w44_170_cjxl_step025_sweep -- --image 7062219 --effort 9 --distance-min 2.5 --distance-max 2.5 --distance-step 2.5 --strategy libjxl --corpus-manifest benchmarks/corpora/w44_170_varied_corpus.tsv
7062219	cid22	512	512	libjxl	9	2.7500	36279	33041	69.5359	71.0779	2.965781	2.826485	1425.986	3021.016	9.800	-1.5420	4.928	-52.798	OK	89e3c405809a53c2872179d05bda80a69503b2fb	cargo run -p jxl-encoder --release --features 'parallel butteraugli-loop ssim2-loop' --example w44_170_cjxl_step025_sweep -- --image 7062219 --effort 9 --distance-min 2.75 --distance-max 2.75 --distance-step 2.75 --strategy libjxl --corpus-manifest benchmarks/corpora/w44_170_varied_corpus.tsv
7062219	cid22	512	512	libjxl	9	3.0000	34294	31323	66.7690	68.5843	3.233968	3.179493	1465.224	3958.996	9.485	-1.8154	1.713	-62.990	OK	89e3c405809a53c2872179d05bda80a69503b2fb	cargo run -p jxl-encoder --release --features 'parallel butteraugli-loop ssim2-loop' --example w44_170_cjxl_step025_sweep -- --image 7062219 --effort 9 --distance-min 3 --distance-max 3 --distance-step 3 --strategy libjxl --corpus-manifest benchmarks/corpora/w44_170_varied_corpus.tsv
7062219	cid22	512	512	libjxl	9	3.2500	31615	29128	65.3387	67.0916	3.426934	3.362473	1744.139	3022.644	8.538	-1.7528	1.917	-42.298	OK	89e3c405809a53c2872179d05bda80a69503b2fb	cargo run -p jxl-encoder --release --features 'parallel butteraugli-loop ssim2-loop' --example w44_170_cjxl_step025_sweep -- --image 7062219 --effort 9 --distance-min 3.25 --distance-max 3.25 --distance-step 3.25 --strategy libjxl --corpus-manifest benchmarks/corpora/w44_170_varied_corpus.tsv
7062219	cid22	512	512	libjxl	9	3.5000	29730	27544	63.6248	65.5827	3.658903	3.656546	1025.559	2993.343	7.936	-1.9579	0.064	-65.739	OK	89e3c405809a53c2872179d05bda80a69503b2fb	cargo run -p jxl-encoder --release --features 'parallel butteraugli-loop ssim2-loop' --example w44_170_cjxl_step025_sweep -- --image 7062219 --effort 9 --distance-min 3.5 --distance-max 3.5 --distance-step 3.5 --strategy libjxl --corpus-manifest benchmarks/corpora/w44_170_varied_corpus.tsv
7062219	cid22	512	512	libjxl	9	3.7500	28806	25965	61.8280	64.3606	3.722771	3.865973	1673.995	3071.436	10.942	-2.5325	-3.704	-45.498	OK	89e3c405809a53c2872179d05bda80a69503b2fb	cargo run -p jxl-encoder --release --features 'parallel butteraugli-loop ssim2-loop' --example w44_170_cjxl_step025_sweep -- --image 7062219 --effort 9 --distance-min 3.75 --distance-max 3.75 --distance-step 3.75 --strategy libjxl --corpus-manifest benchmarks/corpora/w44_170_varied_corpus.tsv
7062219	cid22	512	512	libjxl	9	4.0000	27655	24889	60.7083	62.6736	3.846539	3.820844	1699.904	2672.560	11.113	-1.9653	0.672	-36.394	OK	89e3c405809a53c2872179d05bda80a69503b2fb	cargo run -p jxl-encoder --release --features 'parallel butteraugli-loop ssim2-loop' --example w44_170_cjxl_step025_sweep -- --image 7062219 --effort 9 --distance-min 4 --distance-max 4 --distance-step 4 --strategy libjxl --corpus-manifest benchmarks/corpora/w44_170_varied_corpus.tsv
7062219	cid22	512	512	libjxl	9	4.2500	25118	23703	58.6247	61.0918	4.286726	4.117715	1860.538	2558.658	5.970	-2.4670	4.104	-27.285	OK	89e3c405809a53c2872179d05bda80a69503b2fb	cargo run -p jxl-encoder --release --features 'parallel butteraugli-loop ssim2-loop' --example w44_170_cjxl_step025_sweep -- --image 7062219 --effort 9 --distance-min 4.25 --distance-max 4.25 --distance-step 4.25 --strategy libjxl --corpus-manifest benchmarks/corpora/w44_170_varied_corpus.tsv
7062219	cid22	512	512	libjxl	9	4.5000	23908	22618	57.2284	59.7763	4.360244	4.053864	1760.353	3051.602	5.703	-2.5479	7.558	-42.314	OK	89e3c405809a53c2872179d05bda80a69503b2fb	cargo run -p jxl-encoder --release --features 'parallel butteraugli-loop ssim2-loop' --example w44_170_cjxl_step025_sweep -- --image 7062219 --effort 9 --distance-min 4.5 --distance-max 4.5 --distance-step 4.5 --strategy libjxl --corpus-manifest benchmarks/corpora/w44_170_varied_corpus.tsv
7062219	cid22	512	512	libjxl	9	4.7500	22912	21591	56.0299	59.0896	4.400844	4.264479	1663.373	3059.295	6.118	-3.0597	3.198	-45.629	OK	89e3c405809a53c2872179d05bda80a69503b2fb	cargo run -p jxl-encoder --release --features 'parallel butteraugli-loop ssim2-loop' --example w44_170_cjxl_step025_sweep -- --image 7062219 --effort 9 --distance-min 4.75 --distance-max 4.75 --distance-step 4.75 --strategy libjxl --corpus-manifest benchmarks/corpora/w44_170_varied_corpus.tsv
7062219	cid22	512	512	libjxl	9	5.0000	22128	20754	53.7301	57.3716	4.766239	4.643550	1738.414	2453.076	6.620	-3.6415	2.642	-29.133	OK	89e3c405809a53c2872179d05bda80a69503b2fb	cargo run -p jxl-encoder --release --features 'parallel butteraugli-loop ssim2-loop' --example w44_170_cjxl_step025_sweep -- --image 7062219 --effort 9 --distance-min 5 --distance-max 5 --distance-step 5 --strategy libjxl --corpus-manifest benchmarks/corpora/w44_170_varied_corpus.tsv
clic_0369d229	clic	1024	1024	libjxl	5	3.2500	43450	41815	64.3581	64.0980	4.538823	4.923655	978.188	635.435	3.910	0.2601	-7.816	53.940	OK	89e3c405809a53c2872179d05bda80a69503b2fb	cargo run -p jxl-encoder --release --features 'parallel butteraugli-loop ssim2-loop' --example w44_170_cjxl_step025_sweep -- --image clic_0369d229 --effort 5 --distance-min 3.25 --distance-max 3.25 --distance-step 3.25 --strategy libjxl --corpus-manifest benchmarks/corpora/w44_170_varied_corpus.tsv
clic_0369d229	clic	1024	1024	libjxl	5	3.5000	40176	38821	62.5190	62.3266	4.518164	4.875033	1160.407	964.736	3.490	0.1925	-7.320	20.282	OK	89e3c405809a53c2872179d05bda80a69503b2fb	cargo run -p jxl-encoder --release --features 'parallel butteraugli-loop ssim2-loop' --example w44_170_cjxl_step025_sweep -- --image clic_0369d229 --effort 5 --distance-min 3.5 --distance-max 3.5 --distance-step 3.5 --strategy libjxl --corpus-manifest benchmarks/corpora/w44_170_varied_corpus.tsv
clic_0369d229	clic	1024	1024	libjxl	8	4.0000	36463	34743	56.3586	59.7579	4.759039	4.614224	9700.727	7359.042	4.951	-3.3993	3.138	31.821	OK	89e3c405809a53c2872179d05bda80a69503b2fb	cargo run -p jxl-encoder --release --features 'parallel butteraugli-loop ssim2-loop' --example w44_170_cjxl_step025_sweep -- --image clic_0369d229 --effort 8 --distance-min 4 --distance-max 4 --distance-step 4 --strategy libjxl --corpus-manifest benchmarks/corpora/w44_170_varied_corpus.tsv
clic_0369d229	clic	1024	1024	libjxl	8	4.2500	33652	33004	54.3916	58.3011	4.723193	5.059749	10334.222	6885.842	1.963	-3.9095	-6.652	50.079	OK	89e3c405809a53c2872179d05bda80a69503b2fb	cargo run -p jxl-encoder --release --features 'parallel butteraugli-loop ssim2-loop' --example w44_170_cjxl_step025_sweep -- --image clic_0369d229 --effort 8 --distance-min 4.25 --distance-max 4.25 --distance-step 4.25 --strategy libjxl --corpus-manifest benchmarks/corpora/w44_170_varied_corpus.tsv
clic_0369d229	clic	1024	1024	libjxl	8	4.5000	31864	31004	51.9989	56.4395	5.564027	5.221402	9014.096	7973.798	2.774	-4.4407	6.562	13.046	OK	89e3c405809a53c2872179d05bda80a69503b2fb	cargo run -p jxl-encoder --release --features 'parallel butteraugli-loop ssim2-loop' --example w44_170_cjxl_step025_sweep -- --image clic_0369d229 --effort 8 --distance-min 4.5 --distance-max 4.5 --distance-step 4.5 --strategy libjxl --corpus-manifest benchmarks/corpora/w44_170_varied_corpus.tsv
clic_097cb426	clic	1024	1024	libjxl	7	2.7500	30455	27186	65.8301	71.6541	3.642952	2.854305	1718.232	1441.859	12.025	-5.8239	27.630	19.168	OK	89e3c405809a53c2872179d05bda80a69503b2fb	cargo run -p jxl-encoder --release --features 'parallel butteraugli-loop ssim2-loop' --example w44_170_cjxl_step025_sweep -- --image clic_097cb426 --effort 7 --distance-min 2.75 --distance-max 2.75 --distance-step 2.75 --strategy libjxl --corpus-manifest benchmarks/corpora/w44_170_varied_corpus.tsv
clic_097cb426	clic	1024	1024	libjxl	7	3.0000	27959	24469	63.5359	69.8975	3.687250	3.082077	2190.636	1645.952	14.263	-6.3616	19.635	33.092	OK	89e3c405809a53c2872179d05bda80a69503b2fb	cargo run -p jxl-encoder --release --features 'parallel butteraugli-loop ssim2-loop' --example w44_170_cjxl_step025_sweep -- --image clic_097cb426 --effort 7 --distance-min 3 --distance-max 3 --distance-step 3 --strategy libjxl --corpus-manifest benchmarks/corpora/w44_170_varied_corpus.tsv
clic_097cb426	clic	1024	1024	libjxl	7	3.2500	25203	21998	61.6929	68.3347	3.916564	3.363395	2305.782	1564.951	14.570	-6.6418	16.447	47.339	OK	89e3c405809a53c2872179d05bda80a69503b2fb	cargo run -p jxl-encoder --release --features 'parallel butteraugli-loop ssim2-loop' --example w44_170_cjxl_step025_sweep -- --image clic_097cb426 --effort 7 --distance-min 3.25 --distance-max 3.25 --distance-step 3.25 --strategy libjxl --corpus-manifest benchmarks/corpora/w44_170_varied_corpus.tsv
clic_097cb426	clic	1024	1024	libjxl	7	3.5000	23584	20575	60.5963	66.8508	3.673844	3.326471	2994.305	1953.922	14.625	-6.2545	10.443	53.246	OK	89e3c405809a53c2872179d05bda80a69503b2fb	cargo run -p jxl-encoder --release --features 'parallel butteraugli-loop ssim2-loop' --example w44_170_cjxl_step025_sweep -- --image clic_097cb426 --effort 7 --distance-min 3.5 --distance-max 3.5 --distance-step 3.5 --strategy libjxl --corpus-manifest benchmarks/corpora/w44_170_varied_corpus.tsv
clic_097cb426	clic	1024	1024	libjxl	7	3.7500	22338	19494	58.8687	65.6089	3.924520	3.860834	2326.407	1837.460	14.589	-6.7403	1.650	26.610	OK	89e3c405809a53c2872179d05bda80a69503b2fb	cargo run -p jxl-encoder --release --features 'parallel butteraugli-loop ssim2-loop' --example w44_170_cjxl_step025_sweep -- --image clic_097cb426 --effort 7 --distance-min 3.75 --distance-max 3.75 --distance-step 3.75 --strategy libjxl --corpus-manifest benchmarks/corpora/w44_170_varied_corpus.tsv
clic_097cb426	clic	1024	1024	libjxl	7	4.0000	21511	18707	58.4190	64.5480	3.943479	3.914888	2536.637	1791.640	14.989	-6.1290	0.730	41.582	OK	89e3c405809a53c2872179d05bda80a69503b2fb	cargo run -p jxl-encoder --release --features 'parallel butteraugli-loop ssim2-loop' --example w44_170_cjxl_step025_sweep -- --image clic_097cb426 --effort 7 --distance-min 4 --distance-max 4 --distance-step 4 --strategy libjxl --corpus-manifest benchmarks/corpora/w44_170_varied_corpus.tsv
clic_097cb426	clic	1024	1024	libjxl	7	4.2500	20055	17895	56.9876	63.5360	4.362418	4.311453	4142.380	1969.134	12.070	-6.5484	1.182	110.366	OK	89e3c405809a53c2872179d05bda80a69503b2fb	cargo run -p jxl-encoder --release --features 'parallel butteraugli-loop ssim2-loop' --example w44_170_cjxl_step025_sweep -- --image clic_097cb426 --effort 7 --distance-min 4.25 --distance-max 4.25 --distance-step 4.25 --strategy libjxl --corpus-manifest benchmarks/corpora/w44_170_varied_corpus.tsv
clic_097cb426	clic	1024	1024	libjxl	7	4.5000	18278	17136	55.3221	62.3289	4.157067	4.106118	3276.418	1707.368	6.664	-7.0068	1.241	91.899	OK	89e3c405809a53c2872179d05bda80a69503b2fb	cargo run -p jxl-encoder --release --features 'parallel butteraugli-loop ssim2-loop' --example w44_170_cjxl_step025_sweep -- --image clic_097cb426 --effort 7 --distance-min 4.5 --distance-max 4.5 --distance-step 4.5 --strategy libjxl --corpus-manifest benchmarks/corpora/w44_170_varied_corpus.tsv
clic_097cb426	clic	1024	1024	libjxl	7	4.7500	17640	16156	53.0672	60.7879	4.940581	4.690002	3243.223	2247.226	9.185	-7.7207	5.343	44.321	OK	89e3c405809a53c2872179d05bda80a69503b2fb	cargo run -p jxl-encoder --release --features 'parallel butteraugli-loop ssim2-loop' --example w44_170_cjxl_step025_sweep -- --image clic_097cb426 --effort 7 --distance-min 4.75 --distance-max 4.75 --distance-step 4.75 --strategy libjxl --corpus-manifest benchmarks/corpora/w44_170_varied_corpus.tsv
clic_097cb426	clic	1024	1024	libjxl	7	5.0000	17097	15610	52.4642	59.8645	4.815696	4.264348	2370.112	1724.558	9.526	-7.4003	12.929	37.433	OK	89e3c405809a53c2872179d05bda80a69503b2fb	cargo run -p jxl-encoder --release --features 'parallel butteraugli-loop ssim2-loop' --example w44_170_cjxl_step025_sweep -- --image clic_097cb426 --effort 7 --distance-min 5 --distance-max 5 --distance-step 5 --strategy libjxl --corpus-manifest benchmarks/corpora/w44_170_varied_corpus.tsv
clic_097cb426	clic	1024	1024	libjxl	8	0.2500	277897	253311	94.4110	94.4109	0.366722	0.478377	6108.383	1195.357	9.706	0.0001	-23.340	411.009	OK	89e3c405809a53c2872179d05bda80a69503b2fb	cargo run -p jxl-encoder --release --features 'parallel butteraugli-loop ssim2-loop' --example w44_170_cjxl_step025_sweep -- --image clic_097cb426 --effort 8 --distance-min 0.25 --distance-max 0.25 --distance-step 0.25 --strategy libjxl --corpus-manifest benchmarks/corpora/w44_170_varied_corpus.tsv
clic_097cb426	clic	1024	1024	libjxl	8	0.5000	154086	144502	91.4802	91.3081	0.754630	0.826968	6068.286	1224.868	6.632	0.1721	-8.747	395.424	OK	89e3c405809a53c2872179d05bda80a69503b2fb	cargo run -p jxl-encoder --release --features 'parallel butteraugli-loop ssim2-loop' --example w44_170_cjxl_step025_sweep -- --image clic_097cb426 --effort 8 --distance-min 0.5 --distance-max 0.5 --distance-step 0.5 --strategy libjxl --corpus-manifest benchmarks/corpora/w44_170_varied_corpus.tsv
clic_097cb426	clic	1024	1024	libjxl	8	0.7500	102562	100567	88.1295	88.6308	1.139087	1.010666	8326.872	7521.581	1.984	-0.5013	12.707	10.706	OK	89e3c405809a53c2872179d05bda80a69503b2fb	cargo run -p jxl-encoder --release --features 'parallel butteraugli-loop ssim2-loop' --example w44_170_cjxl_step025_sweep -- --image clic_097cb426 --effort 8 --distance-min 0.75 --distance-max 0.75 --distance-step 0.75 --strategy libjxl --corpus-manifest benchmarks/corpora/w44_170_varied_corpus.tsv
clic_097cb426	clic	1024	1024	libjxl	8	1.0000	80646	76629	85.2301	85.8219	1.431021	1.293789	10701.299	7349.192	5.242	-0.5918	10.607	45.612	OK	89e3c405809a53c2872179d05bda80a69503b2fb	cargo run -p jxl-encoder --release --features 'parallel butteraugli-loop ssim2-loop' --example w44_170_cjxl_step025_sweep -- --image clic_097cb426 --effort 8 --distance-min 1 --distance-max 1 --distance-step 1 --strategy libjxl --corpus-manifest benchmarks/corpora/w44_170_varied_corpus.tsv
clic_097cb426	clic	1024	1024	libjxl	8	1.2500	66047	60624	81.8079	83.3470	1.828630	1.685494	7992.069	7358.615	8.945	-1.5392	8.492	8.608	OK	89e3c405809a53c2872179d05bda80a69503b2fb	cargo run -p jxl-encoder --release --features 'parallel butteraugli-loop ssim2-loop' --example w44_170_cjxl_step025_sweep -- --image clic_097cb426 --effort 8 --distance-min 1.25 --distance-max 1.25 --distance-step 1.25 --strategy libjxl --corpus-manifest benchmarks/corpora/w44_170_varied_corpus.tsv
codec_wiki	screenshot	2560	1664	libjxl	5	0.2500	181348	183555	93.7430	93.7025	0.268256	0.417816	2576.070	1856.752	-1.202	0.0405	-35.796	38.741	OK	89e3c405809a53c2872179d05bda80a69503b2fb	cargo run -p jxl-encoder --release --features 'parallel butteraugli-loop ssim2-loop' --example w44_170_cjxl_step025_sweep -- --image codec_wiki --effort 5 --distance-min 0.25 --distance-max 0.25 --distance-step 0.25 --strategy libjxl --corpus-manifest benchmarks/corpora/w44_170_varied_corpus.tsv
codec_wiki	screenshot	2560	1664	libjxl	5	0.5000	144000	146716	92.8089	92.6940	0.593055	0.852705	2808.289	2403.344	-1.851	0.1149	-30.450	16.849	OK	89e3c405809a53c2872179d05bda80a69503b2fb	cargo run -p jxl-encoder --release --features 'parallel butteraugli-loop ssim2-loop' --example w44_170_cjxl_step025_sweep -- --image codec_wiki --effort 5 --distance-min 0.5 --distance-max 0.5 --distance-step 0.5 --strategy libjxl --corpus-manifest benchmarks/corpora/w44_170_varied_corpus.tsv
codec_wiki	screenshot	2560	1664	libjxl	5	0.7500	150727	146768	91.2392	91.8640	0.919940	1.156292	5736.546	2269.626	2.697	-0.6248	-20.441	152.753	OK	89e3c405809a53c2872179d05bda80a69503b2fb	cargo run -p jxl-encoder --release --features 'parallel butteraugli-loop ssim2-loop' --example w44_170_cjxl_step025_sweep -- --image codec_wiki --effort 5 --distance-min 0.75 --distance-max 0.75 --distance-step 0.75 --strategy libjxl --corpus-manifest benchmarks/corpora/w44_170_varied_corpus.tsv
codec_wiki	screenshot	2560	1664	libjxl	5	1.0000	135311	131602	90.4261	91.1645	0.983974	1.367672	6242.177	2055.542	2.818	-0.7384	-28.055	203.676	OK	89e3c405809a53c2872179d05bda80a69503b2fb	cargo run -p jxl-encoder --release --features 'parallel butteraugli-loop ssim2-loop' --example w44_170_cjxl_step025_sweep -- --image codec_wiki --effort 5 --distance-min 1 --distance-max 1 --distance-step 1 --strategy libjxl --corpus-manifest benchmarks/corpora/w44_170_varied_corpus.tsv
codec_wiki	screenshot	2560	1664	libjxl	5	1.2500	124795	120723	90.1322	90.4221	1.168026	1.396623	5753.211	2533.164	3.373	-0.2899	-16.368	127.116	OK	89e3c405809a53c2872179d05bda80a69503b2fb	cargo run -p jxl-encoder --release --features 'parallel butteraugli-loop ssim2-loop' --example w44_170_cjxl_step025_sweep -- --image codec_wiki --effort 5 --distance-min 1.25 --distance-max 1.25 --distance-step 1.25 --strategy libjxl --corpus-manifest benchmarks/corpora/w44_170_varied_corpus.tsv
codec_wiki	screenshot	2560	1664	libjxl	5	1.5000	116662	112507	89.2366	89.5016	1.437584	1.386107	6137.459	2713.976	3.693	-0.2650	3.714	126.143	OK	89e3c405809a53c2872179d05bda80a69503b2fb	cargo run -p jxl-encoder --release --features 'parallel butteraugli-loop ssim2-loop' --example w44_170_cjxl_step025_sweep -- --image codec_wiki --effort 5 --distance-min 1.5 --distance-max 1.5 --distance-step 1.5 --strategy libjxl --corpus-manifest benchmarks/corpora/w44_170_varied_corpus.tsv
codec_wiki	screenshot	2560	1664	libjxl	5	1.7500	110411	106319	87.6775	88.7038	1.498511	1.474474	6474.270	2706.185	3.849	-1.0263	1.630	139.240	OK	89e3c405809a53c2872179d05bda80a69503b2fb	cargo run -p jxl-encoder --release --features 'parallel butteraugli-loop ssim2-loop' --example w44_170_cjxl_step025_sweep -- --image codec_wiki --effort 5 --distance-min 1.75 --distance-max 1.75 --distance-step 1.75 --strategy libjxl --corpus-manifest benchmarks/corpora/w44_170_varied_corpus.tsv
codec_wiki	screenshot	2560	1664	libjxl	5	2.0000	105371	100135	85.8403	87.9478	1.607841	1.906564	9166.613	1951.000	5.229	-2.1074	-15.668	369.842	OK	89e3c405809a53c2872179d05bda80a69503b2fb	cargo run -p jxl-encoder --release --features 'parallel butteraugli-loop ssim2-loop' --example w44_170_cjxl_step025_sweep -- --image codec_wiki --effort 5 --distance-min 2 --distance-max 2 --distance-step 2 --strategy libjxl --corpus-manifest benchmarks/corpora/w44_170_varied_corpus.tsv
codec_wiki	screenshot	2560	1664	libjxl	5	2.2500	100849	96844	86.2773	87.6762	1.930825	1.843454	5679.192	2402.935	4.136	-1.3989	4.740	136.344	OK	89e3c405809a53c2872179d05bda80a69503b2fb	cargo run -p jxl-encoder --release --features 'parallel butteraugli-loop ssim2-loop' --example w44_170_cjxl_step025_sweep -- --image codec_wiki --effort 5 --distance-min 2.25 --distance-max 2.25 --distance-step 2.25 --strategy libjxl --corpus-manifest benchmarks/corpora/w44_170_varied_corpus.tsv
codec_wiki	screenshot	2560	1664	libjxl	5	2.5000	96005	91924	86.2482	86.7607	2.265008	2.261159	8073.961	2288.235	4.440	-0.5125	0.170	252.847	OK	89e3c405809a53c2872179d05bda80a69503b2fb	cargo run -p jxl-encoder --release --features 'parallel butteraugli-loop ssim2-loop' --example w44_170_cjxl_step025_sweep -- --image codec_wiki --effort 5 --distance-min 2.5 --distance-max 2.5 --distance-step 2.5 --strategy libjxl --corpus-manifest benchmarks/corpora/w44_170_varied_corpus.tsv
codec_wiki	screenshot	2560	1664	libjxl	5	2.7500	92984	88983	84.7990	86.1403	3.109687	2.335597	4736.564	2257.385	4.496	-1.3412	33.143	109.825	OK	89e3c405809a53c2872179d05bda80a69503b2fb	cargo run -p jxl-encoder --release --features 'parallel butteraugli-loop ssim2-loop' --example w44_170_cjxl_step025_sweep -- --image codec_wiki --effort 5 --distance-min 2.75 --distance-max 2.75 --distance-step 2.75 --strategy libjxl --corpus-manifest benchmarks/corpora/w44_170_varied_corpus.tsv
codec_wiki	screenshot	2560	1664	libjxl	5	3.0000	89536	85177	84.5719	85.7781	2.245729	2.397897	10546.401	2170.608	5.118	-1.2062	-6.346	385.873	OK	89e3c405809a53c2872179d05bda80a69503b2fb	cargo run -p jxl-encoder --release --features 'parallel butteraugli-loop ssim2-loop' --example w44_170_cjxl_step025_sweep -- --image codec_wiki --effort 5 --distance-min 3 --distance-max 3 --distance-step 3 --strategy libjxl --corpus-manifest benchmarks/corpora/w44_170_varied_corpus.tsv
codec_wiki	screenshot	2560	1664	libjxl	5	3.2500	85497	82142	83.3663	84.8028	2.481674	2.705086	6744.979	2045.493	4.084	-1.4365	-8.259	229.748	OK	89e3c405809a53c2872179d05bda80a69503b2fb	cargo run -p jxl-encoder --release --features 'parallel butteraugli-loop ssim2-loop' --example w44_170_cjxl_step025_sweep -- --image codec_wiki --effort 5 --distance-min 3.25 --distance-max 3.25 --distance-step 3.25 --strategy libjxl --corpus-manifest benchmarks/corpora/w44_170_varied_corpus.tsv
codec_wiki	screenshot	2560	1664	libjxl	5	3.5000	82807	78212	81.6592	85.0097	3.029975	3.262607	6305.200	2344.669	5.875	-3.3505	-7.130	168.916	OK	89e3c405809a53c2872179d05bda80a69503b2fb	cargo run -p jxl-encoder --release --features 'parallel butteraugli-loop ssim2-loop' --example w44_170_cjxl_step025_sweep -- --image codec_wiki --effort 5 --distance-min 3.5 --distance-max 3.5 --distance-step 3.5 --strategy libjxl --corpus-manifest benchmarks/corpora/w44_170_varied_corpus.tsv
codec_wiki	screenshot	2560	1664	libjxl	5	3.7500	79931	76843	82.5308	83.7638	3.693811	3.243593	9876.152	2190.677	4.019	-1.2330	13.880	350.826	OK	89e3c405809a53c2872179d05bda80a69503b2fb	cargo run -p jxl-encoder --release --features 'parallel butteraugli-loop ssim2-loop' --example w44_170_cjxl_step025_sweep -- --image codec_wiki --effort 5 --distance-min 3.75 --distance-max 3.75 --distance-step 3.75 --strategy libjxl --corpus-manifest benchmarks/corpora/w44_170_varied_corpus.tsv
codec_wiki	screenshot	2560	1664	libjxl	5	4.0000	78404	72551	79.2482	84.3697	3.421634	3.504391	12638.398	2155.058	8.067	-5.1215	-2.362	486.453	OK	89e3c405809a53c2872179d05bda80a69503b2fb	cargo run -p jxl-encoder --release --features 'parallel butteraugli-loop ssim2-loop' --example w44_170_cjxl_step025_sweep -- --image codec_wiki --effort 5 --distance-min 4 --distance-max 4 --distance-step 4 --strategy libjxl --corpus-manifest benchmarks/corpora/w44_170_varied_corpus.tsv
codec_wiki	screenshot	2560	1664	libjxl	5	4.2500	76501	70330	80.1062	83.7057	3.677194	3.423674	8792.528	2297.677	8.774	-3.5994	7.405	282.670	OK	89e3c405809a53c2872179d05bda80a69503b2fb	cargo run -p jxl-encoder --release --features 'parallel butteraugli-loop ssim2-loop' --example w44_170_cjxl_step025_sweep -- --image codec_wiki --effort 5 --distance-min 4.25 --distance-max 4.25 --distance-step 4.25 --strategy libjxl --corpus-manifest benchmarks/corpora/w44_170_varied_corpus.tsv
codec_wiki	screenshot	2560	1664	libjxl	5	4.5000	73192	67849	79.9448	83.0137	3.779117	3.476842	7626.895	1990.039	7.875	-3.0689	8.694	283.254	OK	89e3c405809a53c2872179d05bda80a69503b2fb	cargo run -p jxl-encoder --release --features 'parallel butteraugli-loop ssim2-loop' --example w44_170_cjxl_step025_sweep -- --image codec_wiki --effort 5 --distance-min 4.5 --distance-max 4.5 --distance-step 4.5 --strategy libjxl --corpus-manifest benchmarks/corpora/w44_170_varied_corpus.tsv
codec_wiki	screenshot	2560	1664	libjxl	5	4.7500	70156	66219	78.9939	82.7817	3.941586	3.685789	6899.292	2306.531	5.945	-3.7878	6.940	199.120	OK	89e3c405809a53c2872179d05bda80a69503b2fb	cargo run -p jxl-encoder --release --features 'parallel butteraugli-loop ssim2-loop' --example w44_170_cjxl_step025_sweep -- --image codec_wiki --effort 5 --distance-min 4.75 --distance-max 4.75 --distance-step 4.75 --strategy libjxl --corpus-manifest benchmarks/corpora/w44_170_varied_corpus.tsv
codec_wiki	screenshot	2560	1664	libjxl	5	5.0000	70068	66517	78.3366	81.9552	3.900992	3.580087	5735.439	2424.742	5.338	-3.6186	8.964	136.538	OK	89e3c405809a53c2872179d05bda80a69503b2fb	cargo run -p jxl-encoder --release --features 'parallel butteraugli-loop ssim2-loop' --example w44_170_cjxl_step025_sweep -- --image codec_wiki --effort 5 --distance-min 5 --distance-max 5 --distance-step 5 --strategy libjxl --corpus-manifest benchmarks/corpora/w44_170_varied_corpus.tsv
codec_wiki	screenshot	2560	1664	libjxl	6	0.2500	179925	182292	93.7587	93.7309	0.267895	0.417817	3041.674	2743.597	-1.298	0.0278	-35.882	10.864	OK	89e3c405809a53c2872179d05bda80a69503b2fb	cargo run -p jxl-encoder --release --features 'parallel butteraugli-loop ssim2-loop' --example w44_170_cjxl_step025_sweep -- --image codec_wiki --effort 6 --distance-min 0.25 --distance-max 0.25 --distance-step 0.25 --strategy libjxl --corpus-manifest benchmarks/corpora/w44_170_varied_corpus.tsv
codec_wiki	screenshot	2560	1664	libjxl	6	0.5000	142649	145955	92.8432	92.7458	0.606779	0.852413	2931.451	2833.222	-2.265	0.0974	-28.816	3.467	OK	89e3c405809a53c2872179d05bda80a69503b2fb	cargo run -p jxl-encoder --release --features 'parallel butteraugli-loop ssim2-loop' --example w44_170_cjxl_step025_sweep -- --image codec_wiki --effort 6 --distance-min 0.5 --distance-max 0.5 --distance-step 0.5 --strategy libjxl --corpus-manifest benchmarks/corpora/w44_170_varied_corpus.tsv
codec_wiki	screenshot	2560	1664	libjxl	6	0.7500	148672	148062	91.2091	91.8998	0.919940	1.114210	4961.333	4135.909	0.412	-0.6907	-17.436	19.958	OK	89e3c405809a53c2872179d05bda80a69503b2fb	cargo run -p jxl-encoder --release --features 'parallel butteraugli-loop ssim2-loop' --example w44_170_cjxl_step025_sweep -- --image codec_wiki --effort 6 --distance-min 0.75 --distance-max 0.75 --distance-step 0.75 --strategy libjxl --corpus-manifest benchmarks/corpora/w44_170_varied_corpus.tsv
codec_wiki	screenshot	2560	1664	libjxl	6	1.0000	133407	132285	90.3145	91.0961	0.944003	1.179236	5258.111	4034.911	0.848	-0.7817	-19.948	30.315	OK	89e3c405809a53c2872179d05bda80a69503b2fb	cargo run -p jxl-encoder --release --features 'parallel butteraugli-loop ssim2-loop' --example w44_170_cjxl_step025_sweep -- --image codec_wiki --effort 6 --distance-min 1 --distance-max 1 --distance-step 1 --strategy libjxl --corpus-manifest benchmarks/corpora/w44_170_varied_corpus.tsv
codec_wiki	screenshot	2560	1664	libjxl	6	1.2500	122632	120531	90.1001	90.4583	1.157215	1.109350	5133.725	3788.206	1.743	-0.3582	4.315	35.519	OK	89e3c405809a53c2872179d05bda80a69503b2fb	cargo run -p jxl-encoder --release --features 'parallel butteraugli-loop ssim2-loop' --example w44_170_cjxl_step025_sweep -- --image codec_wiki --effort 6 --distance-min 1.25 --distance-max 1.25 --distance-step 1.25 --strategy libjxl --corpus-manifest benchmarks/corpora/w44_170_varied_corpus.tsv
codec_wiki	screenshot	2560	1664	libjxl	6	1.5000	114621	111985	89.3422	89.6814	1.445133	1.339268	5596.533	4392.342	2.354	-0.3392	7.905	27.416	OK	89e3c405809a53c2872179d05bda80a69503b2fb	cargo run -p jxl-encoder --release --features 'parallel butteraugli-loop ssim2-loop' --example w44_170_cjxl_step025_sweep -- --image codec_wiki --effort 6 --distance-min 1.5 --distance-max 1.5 --distance-step 1.5 --strategy libjxl --corpus-manifest benchmarks/corpora/w44_170_varied_corpus.tsv
codec_wiki	screenshot	2560	1664	libjxl	6	1.7500	107325	106440	87.7199	88.8417	1.498945	1.393490	5122.926	4860.937	0.831	-1.1218	7.568	5.390	OK	89e3c405809a53c2872179d05bda80a69503b2fb	cargo run -p jxl-encoder --release --features 'parallel butteraugli-loop ssim2-loop' --example w44_170_cjxl_step025_sweep -- --image codec_wiki --effort 6 --distance-min 1.75 --distance-max 1.75 --distance-step 1.75 --strategy libjxl --corpus-manifest benchmarks/corpora/w44_170_varied_corpus.tsv
codec_wiki	screenshot	2560	1664	libjxl	6	2.0000	103423	100839	85.8691	88.2234	1.572785	1.825474	5144.862	4426.854	2.563	-2.3543	-13.842	16.219	OK	89e3c405809a53c2872179d05bda80a69503b2fb	cargo run -p jxl-encoder --release --features 'parallel butteraugli-loop ssim2-loop' --example w44_170_cjxl_step025_sweep -- --image codec_wiki --effort 6 --distance-min 2 --distance-max 2 --distance-step 2 --strategy libjxl --corpus-manifest benchmarks/corpora/w44_170_varied_corpus.tsv
codec_wiki	screenshot	2560	1664	libjxl	6	2.2500	99132	97410	86.3269	88.0861	1.901528	1.864177	5631.506	4558.005	1.768	-1.7592	2.004	23.552	OK	89e3c405809a53c2872179d05bda80a69503b2fb	cargo run -p jxl-encoder --release --features 'parallel butteraugli-loop ssim2-loop' --example w44_170_cjxl_step025_sweep -- --image codec_wiki --effort 6 --distance-min 2.25 --distance-max 2.25 --distance-step 2.25 --strategy libjxl --corpus-manifest benchmarks/corpora/w44_170_varied_corpus.tsv
codec_wiki	screenshot	2560	1664	libjxl	6	2.5000	94463	93317	86.2094	87.2059	2.291911	2.041208	5829.953	4994.592	1.228	-0.9965	12.282	16.725	OK	89e3c405809a53c2872179d05bda80a69503b2fb	cargo run -p jxl-encoder --release --features 'parallel butteraugli-loop ssim2-loop' --example w44_170_cjxl_step025_sweep -- --image codec_wiki --effort 6 --distance-min 2.5 --distance-max 2.5 --distance-step 2.5 --strategy libjxl --corpus-manifest benchmarks/corpora/w44_170_varied_corpus.tsv
codec_wiki	screenshot	2560	1664	libjxl	6	2.7500	91239	89702	85.0614	86.9576	3.109965	2.293401	8577.465	5947.294	1.713	-1.8962	35.605	44.225	OK	89e3c405809a53c2872179d05bda80a69503b2fb	cargo run -p jxl-encoder --release --features 'parallel butteraugli-loop ssim2-loop' --example w44_170_cjxl_step025_sweep -- --image codec_wiki --effort 6 --distance-min 2.75 --distance-max 2.75 --distance-step 2.75 --strategy libjxl --corpus-manifest benchmarks/corpora/w44_170_varied_corpus.tsv
codec_wiki	screenshot	2560	1664	libjxl	6	3.0000	87982	85999	84.5414	86.3605	2.378407	2.342638	6165.463	3736.881	2.306	-1.8192	1.527	64.990	OK	89e3c405809a53c2872179d05bda80a69503b2fb	cargo run -p jxl-encoder --release --features 'parallel butteraugli-loop ssim2-loop' --example w44_170_cjxl_step025_sweep -- --image codec_wiki --effort 6 --distance-min 3 --distance-max 3 --distance-step 3 --strategy libjxl --corpus-manifest benchmarks/corpora/w44_170_varied_corpus.tsv
codec_wiki	screenshot	2560	1664	libjxl	6	3.2500	84203	82809	83.2042	85.5119	2.479613	2.557027	4927.435	4268.144	1.683	-2.3077	-3.027	15.447	OK	89e3c405809a53c2872179d05bda80a69503b2fb	cargo run -p jxl-encoder --release --features 'parallel butteraugli-loop ssim2-loop' --example w44_170_cjxl_step025_sweep -- --image codec_wiki --effort 6 --distance-min 3.25 --distance-max 3.25 --distance-step 3.25 --strategy libjxl --corpus-manifest benchmarks/corpora/w44_170_varied_corpus.tsv
codec_wiki	screenshot	2560	1664	libjxl	6	3.5000	81805	80006	81.5686	85.6942	3.294414	2.567081	5867.958	4549.497	2.249	-4.1257	28.333	28.980	OK	89e3c405809a53c2872179d05bda80a69503b2fb	cargo run -p jxl-encoder --release --features 'parallel butteraugli-loop ssim2-loop' --example w44_170_cjxl_step025_sweep -- --image codec_wiki --effort 6 --distance-min 3.5 --distance-max 3.5 --distance-step 3.5 --strategy libjxl --corpus-manifest benchmarks/corpora/w44_170_varied_corpus.tsv
codec_wiki	screenshot	2560	1664	libjxl	6	3.7500	79023	78309	82.2832	84.2568	3.313575	2.932211	4348.771	4272.751	0.912	-1.9736	13.006	1.779	OK	89e3c405809a53c2872179d05bda80a69503b2fb	cargo run -p jxl-encoder --release --features 'parallel butteraugli-loop ssim2-loop' --example w44_170_cjxl_step025_sweep -- --image codec_wiki --effort 6 --distance-min 3.75 --distance-max 3.75 --distance-step 3.75 --strategy libjxl --corpus-manifest benchmarks/corpora/w44_170_varied_corpus.tsv
codec_wiki	screenshot	2560	1664	libjxl	6	4.0000	76804	74416	79.1375	84.5033	3.215056	2.978101	8129.564	4815.777	3.209	-5.3657	7.957	68.811	OK	89e3c405809a53c2872179d05bda80a69503b2fb	cargo run -p jxl-encoder --release --features 'parallel butteraugli-loop ssim2-loop' --example w44_170_cjxl_step025_sweep -- --image codec_wiki --effort 6 --distance-min 4 --distance-max 4 --distance-step 4 --strategy libjxl --corpus-manifest benchmarks/corpora/w44_170_varied_corpus.tsv
codec_wiki	screenshot	2560	1664	libjxl	6	4.2500	76304	72936	80.0648	83.8292	3.466675	3.308953	8045.642	4766.555	4.618	-3.7643	4.767	68.794	OK	89e3c405809a53c2872179d05bda80a69503b2fb	cargo run -p jxl-encoder --release --features 'parallel butteraugli-loop ssim2-loop' --example w44_170_cjxl_step025_sweep -- --image codec_wiki --effort 6 --distance-min 4.25 --distance-max 4.25 --distance-step 4.25 --strategy libjxl --corpus-manifest benchmarks/corpora/w44_170_varied_corpus.tsv
codec_wiki	screenshot	2560	1664	libjxl	6	4.5000	73271	70695	79.8231	83.0408	4.188345	3.799899	7708.903	4868.332	3.644	-3.2177	10.223	58.348	OK	89e3c405809a53c2872179d05bda80a69503b2fb	cargo run -p jxl-encoder --release --features 'parallel butteraugli-loop ssim2-loop' --example w44_170_cjxl_step025_sweep -- --image codec_wiki --effort 6 --distance-min 4.5 --distance-max 4.5 --distance-step 4.5 --strategy libjxl --corpus-manifest benchmarks/corpora/w44_170_varied_corpus.tsv
codec_wiki	screenshot	2560	1664	libjxl	6	4.7500	69734	67426	78.9301	82.6245	4.133225	3.774970	6274.526	4798.844	3.423	-3.6945	9.490	30.751	OK	89e3c405809a53c2872179d05bda80a69503b2fb	cargo run -p jxl-encoder --release --features 'parallel butteraugli-loop ssim2-loop' --example w44_170_cjxl_step025_sweep -- --image codec_wiki --effort 6 --distance-min 4.75 --distance-max 4.75 --distance-step 4.75 --strategy libjxl --corpus-manifest benchmarks/corpora/w44_170_varied_corpus.tsv
codec_wiki	screenshot	2560	1664	libjxl	6	5.0000	69752	66736	78.3524	82.0767	4.245941	3.772695	6639.192	5317.080	4.519	-3.7243	12.544	24.865	OK	89e3c405809a53c2872179d05bda80a69503b2fb	cargo run -p jxl-encoder --release --features 'parallel butteraugli-loop ssim2-loop' --example w44_170_cjxl_step025_sweep -- --image codec_wiki --effort 6 --distance-min 5 --distance-max 5 --distance-step 5 --strategy libjxl --corpus-manifest benchmarks/corpora/w44_170_varied_corpus.tsv
codec_wiki	screenshot	2560	1664	libjxl	7	0.2500	153860	189914	93.7446	93.6038	0.269578	0.411130	4567.867	3549.364	-18.984	0.1408	-34.430	28.695	OK	89e3c405809a53c2872179d05bda80a69503b2fb	cargo run -p jxl-encoder --release --features 'parallel butteraugli-loop ssim2-loop' --example w44_170_cjxl_step025_sweep -- --image codec_wiki --effort 7 --distance-min 0.25 --distance-max 0.25 --distance-step 0.25 --strategy libjxl --corpus-manifest benchmarks/corpora/w44_170_varied_corpus.tsv
codec_wiki	screenshot	2560	1664	libjxl	7	1.7500	95337	109047	88.1598	89.1519	1.425076	1.316594	9153.400	5658.004	-12.573	-0.9921	8.240	61.778	OK	89e3c405809a53c2872179d05bda80a69503b2fb	cargo run -p jxl-encoder --release --features 'parallel butteraugli-loop ssim2-loop' --example w44_170_cjxl_step025_sweep -- --image codec_wiki --effort 7 --distance-min 1.75 --distance-max 1.75 --distance-step 1.75 --strategy libjxl --corpus-manifest benchmarks/corpora/w44_170_varied_corpus.tsv
codec_wiki	screenshot	2560	1664	libjxl	8	0.7500	118404	146362	90.7274	91.9051	0.779076	0.658570	34103.179	24374.168	-19.102	-1.1777	18.298	39.915	OK	89e3c405809a53c2872179d05bda80a69503b2fb	cargo run -p jxl-encoder --release --features 'parallel butteraugli-loop ssim2-loop' --example w44_170_cjxl_step025_sweep -- --image codec_wiki --effort 8 --distance-min 0.75 --distance-max 0.75 --distance-step 0.75 --strategy libjxl --corpus-manifest benchmarks/corpora/w44_170_varied_corpus.tsv
codec_wiki	screenshot	2560	1664	libjxl	8	1.0000	105506	129681	90.2265	91.3030	1.003588	1.052056	28528.790	24495.304	-18.642	-1.0765	-4.607	16.466	OK	89e3c405809a53c2872179d05bda80a69503b2fb	cargo run -p jxl-encoder --release --features 'parallel butteraugli-loop ssim2-loop' --example w44_170_cjxl_step025_sweep -- --image codec_wiki --effort 8 --distance-min 1 --distance-max 1 --distance-step 1 --strategy libjxl --corpus-manifest benchmarks/corpora/w44_170_varied_corpus.tsv
codec_wiki	screenshot	2560	1664	libjxl	8	1.2500	97590	120284	89.1755	90.0887	1.194464	1.105403	27212.426	25839.550	-18.867	-0.9132	8.057	5.313	OK	89e3c405809a53c2872179d05bda80a69503b2fb	cargo run -p jxl-encoder --release --features 'parallel butteraugli-loop ssim2-loop' --example w44_170_cjxl_step025_sweep -- --image codec_wiki --effort 8 --distance-min 1.25 --distance-max 1.25 --distance-step 1.25 --strategy libjxl --corpus-manifest benchmarks/corpora/w44_170_varied_corpus.tsv
codec_wiki	screenshot	2560	1664	libjxl	8	1.5000	91204	110920	88.4620	89.7758	1.346182	1.337274	27635.544	27312.828	-17.775	-1.3137	0.666	1.182	OK	89e3c405809a53c2872179d05bda80a69503b2fb	cargo run -p jxl-encoder --release --features 'parallel butteraugli-loop ssim2-loop' --example w44_170_cjxl_step025_sweep -- --image codec_wiki --effort 8 --distance-min 1.5 --distance-max 1.5 --distance-step 1.5 --strategy libjxl --corpus-manifest benchmarks/corpora/w44_170_varied_corpus.tsv
graph	screenshot	796	481	libjxl	5	3.2500	17180	15672	81.3493	81.9589	2.948350	3.308381	292.054	276.365	9.622	-0.6096	-10.882	5.677	OK	89e3c405809a53c2872179d05bda80a69503b2fb	cargo run -p jxl-encoder --release --features 'parallel butteraugli-loop ssim2-loop' --example w44_170_cjxl_step025_sweep -- --image graph --effort 5 --distance-min 3.25 --distance-max 3.25 --distance-step 3.25 --strategy libjxl --corpus-manifest benchmarks/corpora/w44_170_varied_corpus.tsv
graph	screenshot	796	481	libjxl	5	3.5000	16352	15066	81.8500	80.9650	3.153804	3.171857	350.261	250.073	8.536	0.8850	-0.569	40.063	OK	89e3c405809a53c2872179d05bda80a69503b2fb	cargo run -p jxl-encoder --release --features 'parallel butteraugli-loop ssim2-loop' --example w44_170_cjxl_step025_sweep -- --image graph --effort 5 --distance-min 3.5 --distance-max 3.5 --distance-step 3.5 --strategy libjxl --corpus-manifest benchmarks/corpora/w44_170_varied_corpus.tsv
graph	screenshot	796	481	libjxl	5	3.7500	16101	14572	81.2540	81.2299	3.109298	3.282845	391.803	433.546	10.493	0.0241	-5.286	-9.628	OK	89e3c405809a53c2872179d05bda80a69503b2fb	cargo run -p jxl-encoder --release --features 'parallel butteraugli-loop ssim2-loop' --example w44_170_cjxl_step025_sweep -- --image graph --effort 5 --distance-min 3.75 --distance-max 3.75 --distance-step 3.75 --strategy libjxl --corpus-manifest benchmarks/corpora/w44_170_varied_corpus.tsv
graph	screenshot	796	481	libjxl	5	4.0000	15849	14295	80.2321	80.6322	3.001176	2.816644	545.610	420.041	10.871	-0.4001	6.551	29.894	OK	89e3c405809a53c2872179d05bda80a69503b2fb	cargo run -p jxl-encoder --release --features 'parallel butteraugli-loop ssim2-loop' --example w44_170_cjxl_step025_sweep -- --image graph --effort 5 --distance-min 4 --distance-max 4 --distance-step 4 --strategy libjxl --corpus-manifest benchmarks/corpora/w44_170_varied_corpus.tsv
graph	screenshot	796	481	libjxl	5	4.2500	15236	14075	79.5984	80.3014	3.198397	3.368665	499.720	416.719	8.249	-0.7030	-5.054	19.918	OK	89e3c405809a53c2872179d05bda80a69503b2fb	cargo run -p jxl-encoder --release --features 'parallel butteraugli-loop ssim2-loop' --example w44_170_cjxl_step025_sweep -- --image graph --effort 5 --distance-min 4.25 --distance-max 4.25 --distance-step 4.25 --strategy libjxl --corpus-manifest benchmarks/corpora/w44_170_varied_corpus.tsv
graph	screenshot	796	481	libjxl	5	4.5000	14706	13526	78.2735	72.8115	3.556021	3.652032	650.088	207.938	8.724	5.4621	-2.629	212.635	OK	89e3c405809a53c2872179d05bda80a69503b2fb	cargo run -p jxl-encoder --release --features 'parallel butteraugli-loop ssim2-loop' --example w44_170_cjxl_step025_sweep -- --image graph --effort 5 --distance-min 4.5 --distance-max 4.5 --distance-step 4.5 --strategy libjxl --corpus-manifest benchmarks/corpora/w44_170_varied_corpus.tsv
graph	screenshot	796	481	libjxl	5	4.7500	14266	13216	76.1086	74.1922	3.370873	3.530308	412.999	402.712	7.945	1.9164	-4.516	2.554	OK	89e3c405809a53c2872179d05bda80a69503b2fb	cargo run -p jxl-encoder --release --features 'parallel butteraugli-loop ssim2-loop' --example w44_170_cjxl_step025_sweep -- --image graph --effort 5 --distance-min 4.75 --distance-max 4.75 --distance-step 4.75 --strategy libjxl --corpus-manifest benchmarks/corpora/w44_170_varied_corpus.tsv
graph	screenshot	796	481	libjxl	5	5.0000	13967	13178	71.2996	75.6815	3.784260	3.836208	398.917	320.927	5.987	-4.3820	-1.354	24.302	OK	89e3c405809a53c2872179d05bda80a69503b2fb	cargo run -p jxl-encoder --release --features 'parallel butteraugli-loop ssim2-loop' --example w44_170_cjxl_step025_sweep -- --image graph --effort 5 --distance-min 5 --distance-max 5 --distance-step 5 --strategy libjxl --corpus-manifest benchmarks/corpora/w44_170_varied_corpus.tsv
graph	screenshot	796	481	libjxl	6	0.2500	36002	34972	96.5506	96.5144	0.218638	0.219693	255.507	243.288	2.945	0.0362	-0.480	5.022	OK	89e3c405809a53c2872179d05bda80a69503b2fb	cargo run -p jxl-encoder --release --features 'parallel butteraugli-loop ssim2-loop' --example w44_170_cjxl_step025_sweep -- --image graph --effort 6 --distance-min 0.25 --distance-max 0.25 --distance-step 0.25 --strategy libjxl --corpus-manifest benchmarks/corpora/w44_170_varied_corpus.tsv
graph	screenshot	796	481	libjxl	6	0.5000	29197	27993	94.7499	95.0728	0.404525	0.389995	298.155	350.983	4.301	-0.3229	3.726	-15.052	OK	89e3c405809a53c2872179d05bda80a69503b2fb	cargo run -p jxl-encoder --release --features 'parallel butteraugli-loop ssim2-loop' --example w44_170_cjxl_step025_sweep -- --image graph --effort 6 --distance-min 0.5 --distance-max 0.5 --distance-step 0.5 --strategy libjxl --corpus-manifest benchmarks/corpora/w44_170_varied_corpus.tsv
graph	screenshot	796	481	libjxl	6	0.7500	29135	27524	92.2595	93.2853	0.743185	0.913589	380.262	570.153	5.853	-1.0257	-18.652	-33.305	OK	89e3c405809a53c2872179d05bda80a69503b2fb	cargo run -p jxl-encoder --release --features 'parallel butteraugli-loop ssim2-loop' --example w44_170_cjxl_step025_sweep -- --image graph --effort 6 --distance-min 0.75 --distance-max 0.75 --distance-step 0.75 --strategy libjxl --corpus-manifest benchmarks/corpora/w44_170_varied_corpus.tsv
graph	screenshot	796	481	libjxl	6	1.0000	25908	24729	91.8765	91.9424	0.849198	1.159427	419.154	608.745	4.768	-0.0659	-26.757	-31.145	OK	89e3c405809a53c2872179d05bda80a69503b2fb	cargo run -p jxl-encoder --release --features 'parallel butteraugli-loop ssim2-loop' --example w44_170_cjxl_step025_sweep -- --image graph --effort 6 --distance-min 1 --distance-max 1 --distance-step 1 --strategy libjxl --corpus-manifest benchmarks/corpora/w44_170_varied_corpus.tsv
graph	screenshot	796	481	libjxl	6	1.2500	23883	22588	89.6781	90.9355	1.139538	1.121764	424.072	599.236	5.733	-1.2574	1.584	-29.231	OK	89e3c405809a53c2872179d05bda80a69503b2fb	cargo run -p jxl-encoder --release --features 'parallel butteraugli-loop ssim2-loop' --example w44_170_cjxl_step025_sweep -- --image graph --effort 6 --distance-min 1.25 --distance-max 1.25 --distance-step 1.25 --strategy libjxl --corpus-manifest benchmarks/corpora/w44_170_varied_corpus.tsv
graph	screenshot	796	481	libjxl	6	1.5000	22439	21281	89.4267	89.6931	1.306107	1.269574	440.351	541.799	5.441	-0.2664	2.878	-18.724	OK	89e3c405809a53c2872179d05bda80a69503b2fb	cargo run -p jxl-encoder --release --features 'parallel butteraugli-loop ssim2-loop' --example w44_170_cjxl_step025_sweep -- --image graph --effort 6 --distance-min 1.5 --distance-max 1.5 --distance-step 1.5 --strategy libjxl --corpus-manifest benchmarks/corpora/w44_170_varied_corpus.tsv
graph	screenshot	796	481	libjxl	6	1.7500	21243	20186	88.4676	88.9962	1.820008	1.797783	392.903	658.480	5.236	-0.5286	1.236	-40.332	OK	89e3c405809a53c2872179d05bda80a69503b2fb	cargo run -p jxl-encoder --release --features 'parallel butteraugli-loop ssim2-loop' --example w44_170_cjxl_step025_sweep -- --image graph --effort 6 --distance-min 1.75 --distance-max 1.75 --distance-step 1.75 --strategy libjxl --corpus-manifest benchmarks/corpora/w44_170_varied_corpus.tsv
graph	screenshot	796	481	libjxl	6	2.0000	20353	19047	86.7078	87.0901	1.859445	1.766314	409.840	569.435	6.857	-0.3823	5.273	-28.027	OK	89e3c405809a53c2872179d05bda80a69503b2fb	cargo run -p jxl-encoder --release --features 'parallel butteraugli-loop ssim2-loop' --example w44_170_cjxl_step025_sweep -- --image graph --effort 6 --distance-min 2 --distance-max 2 --distance-step 2 --strategy libjxl --corpus-manifest benchmarks/corpora/w44_170_varied_corpus.tsv
graph	screenshot	796	481	libjxl	6	2.2500	19622	18251	84.4703	87.4178	1.930002	1.924103	435.188	653.582	7.512	-2.9475	0.307	-33.415	OK	89e3c405809a53c2872179d05bda80a69503b2fb	cargo run -p jxl-encoder --release --features 'parallel butteraugli-loop ssim2-loop' --example w44_170_cjxl_step025_sweep -- --image graph --effort 6 --distance-min 2.25 --distance-max 2.25 --distance-step 2.25 --strategy libjxl --corpus-manifest benchmarks/corpora/w44_170_varied_corpus.tsv
graph	screenshot	796	481	libjxl	6	2.5000	18572	17634	85.1120	86.2782	3.018848	2.109467	350.732	571.213	5.319	-1.1662	43.110	-38.599	OK	89e3c405809a53c2872179d05bda80a69503b2fb	cargo run -p jxl-encoder --release --features 'parallel butteraugli-loop ssim2-loop' --example w44_170_cjxl_step025_sweep -- --image graph --effort 6 --distance-min 2.5 --distance-max 2.5 --distance-step 2.5 --strategy libjxl --corpus-manifest benchmarks/corpora/w44_170_varied_corpus.tsv
graph	screenshot	796	481	libjxl	6	2.7500	18079	17512	84.6362	83.1464	2.202891	2.168494	324.495	670.944	3.238	1.4898	1.586	-51.636	OK	89e3c405809a53c2872179d05bda80a69503b2fb	cargo run -p jxl-encoder --release --features 'parallel butteraugli-loop ssim2-loop' --example w44_170_cjxl_step025_sweep -- --image graph --effort 6 --distance-min 2.75 --distance-max 2.75 --distance-step 2.75 --strategy libjxl --corpus-manifest benchmarks/corpora/w44_170_varied_corpus.tsv
graph	screenshot	796	481	libjxl	6	3.0000	17429	16701	82.8080	83.2419	2.849421	3.184392	468.313	746.924	4.359	-0.4340	-10.519	-37.301	OK	89e3c405809a53c2872179d05bda80a69503b2fb	cargo run -p jxl-encoder --release --features 'parallel butteraugli-loop ssim2-loop' --example w44_170_cjxl_step025_sweep -- --image graph --effort 6 --distance-min 3 --distance-max 3 --distance-step 3 --strategy libjxl --corpus-manifest benchmarks/corpora/w44_170_varied_corpus.tsv
graph	screenshot	796	481	libjxl	6	3.2500	16985	15761	82.4940	83.6047	2.695890	2.678461	372.249	600.749	7.766	-1.1107	0.651	-38.036	OK	89e3c405809a53c2872179d05bda80a69503b2fb	cargo run -p jxl-encoder --release --features 'parallel butteraugli-loop ssim2-loop' --example w44_170_cjxl_step025_sweep -- --image graph --effort 6 --distance-min 3.25 --distance-max 3.25 --distance-step 3.25 --strategy libjxl --corpus-manifest benchmarks/corpora/w44_170_varied_corpus.tsv
graph	screenshot	796	481	libjxl	6	3.5000	16137	15341	82.1984	82.0421	2.884256	2.922003	411.053	618.839	5.189	0.1563	-1.292	-33.577	OK	89e3c405809a53c2872179d05bda80a69503b2fb	cargo run -p jxl-encoder --release --features 'parallel butteraugli-loop ssim2-loop' --example w44_170_cjxl_step025_sweep -- --image graph --effort 6 --distance-min 3.5 --distance-max 3.5 --distance-step 3.5 --strategy libjxl --corpus-manifest benchmarks/corpora/w44_170_varied_corpus.tsv
graph	screenshot	796	481	libjxl	6	3.7500	15860	14921	81.5802	81.8232	3.071965	3.097912	373.737	731.842	6.293	-0.2430	-0.838	-48.932	OK	89e3c405809a53c2872179d05bda80a69503b2fb	cargo run -p jxl-encoder --release --features 'parallel butteraugli-loop ssim2-loop' --example w44_170_cjxl_step025_sweep -- --image graph --effort 6 --distance-min 3.75 --distance-max 3.75 --distance-step 3.75 --strategy libjxl --corpus-manifest benchmarks/corpora/w44_170_varied_corpus.tsv
graph	screenshot	796	481	libjxl	6	4.0000	15608	14780	80.0634	80.9967	3.248338	3.231909	542.015	735.388	5.602	-0.9333	0.508	-26.295	OK	89e3c405809a53c2872179d05bda80a69503b2fb	cargo run -p jxl-encoder --release --features 'parallel butteraugli-loop ssim2-loop' --example w44_170_cjxl_step025_sweep -- --image graph --effort 6 --distance-min 4 --distance-max 4 --distance-step 4 --strategy libjxl --corpus-manifest benchmarks/corpora/w44_170_varied_corpus.tsv
graph	screenshot	796	481	libjxl	6	4.2500	15306	14596	79.3740	80.1037	3.198009	3.204625	575.232	511.987	4.864	-0.7297	-0.206	12.353	OK	89e3c405809a53c2872179d05bda80a69503b2fb	cargo run -p jxl-encoder --release --features 'parallel butteraugli-loop ssim2-loop' --example w44_170_cjxl_step025_sweep -- --image graph --effort 6 --distance-min 4.25 --distance-max 4.25 --distance-step 4.25 --strategy libjxl --corpus-manifest benchmarks/corpora/w44_170_varied_corpus.tsv
graph	screenshot	796	481	libjxl	6	4.5000	14794	14257	78.0204	72.5920	3.513502	3.920802	507.698	551.365	3.767	5.4284	-10.388	-7.920	OK	89e3c405809a53c2872179d05bda80a69503b2fb	cargo run -p jxl-encoder --release --features 'parallel butteraugli-loop ssim2-loop' --example w44_170_cjxl_step025_sweep -- --image graph --effort 6 --distance-min 4.5 --distance-max 4.5 --distance-step 4.5 --strategy libjxl --corpus-manifest benchmarks/corpora/w44_170_varied_corpus.tsv
graph	screenshot	796	481	libjxl	6	4.7500	14358	13552	76.0440	74.0642	3.370884	3.475939	458.894	644.617	5.947	1.9798	-3.022	-28.811	OK	89e3c405809a53c2872179d05bda80a69503b2fb	cargo run -p jxl-encoder --release --features 'parallel butteraugli-loop ssim2-loop' --example w44_170_cjxl_step025_sweep -- --image graph --effort 6 --distance-min 4.75 --distance-max 4.75 --distance-step 4.75 --strategy libjxl --corpus-manifest benchmarks/corpora/w44_170_varied_corpus.tsv
graph	screenshot	796	481	libjxl	6	5.0000	13865	13516	71.0549	75.2953	3.784273	3.795282	379.388	483.680	2.582	-4.2404	-0.290	-21.562	OK	89e3c405809a53c2872179d05bda80a69503b2fb	cargo run -p jxl-encoder --release --features 'parallel butteraugli-loop ssim2-loop' --example w44_170_cjxl_step025_sweep -- --image graph --effort 6 --distance-min 5 --distance-max 5 --distance-step 5 --strategy libjxl --corpus-manifest benchmarks/corpora/w44_170_varied_corpus.tsv
graph	screenshot	796	481	libjxl	7	0.2500	39782	33003	96.2773	96.4354	0.218638	0.200046	371.557	489.930	20.541	-0.1581	9.294	-24.161	OK	89e3c405809a53c2872179d05bda80a69503b2fb	cargo run -p jxl-encoder --release --features 'parallel butteraugli-loop ssim2-loop' --example w44_170_cjxl_step025_sweep -- --image graph --effort 7 --distance-min 0.25 --distance-max 0.25 --distance-step 0.25 --strategy libjxl --corpus-manifest benchmarks/corpora/w44_170_varied_corpus.tsv
graph	screenshot	796	481	libjxl	7	0.5000	32324	26250	94.2712	94.6348	0.402509	0.706952	364.220	524.591	23.139	-0.3636	-43.064	-30.571	OK	89e3c405809a53c2872179d05bda80a69503b2fb	cargo run -p jxl-encoder --release --features 'parallel butteraugli-loop ssim2-loop' --example w44_170_cjxl_step025_sweep -- --image graph --effort 7 --distance-min 0.5 --distance-max 0.5 --distance-step 0.5 --strategy libjxl --corpus-manifest benchmarks/corpora/w44_170_varied_corpus.tsv
graph	screenshot	796	481	libjxl	7	0.7500	30492	25927	91.8031	93.2377	0.749430	0.913589	433.744	706.689	17.607	-1.4346	-17.969	-38.623	OK	89e3c405809a53c2872179d05bda80a69503b2fb	cargo run -p jxl-encoder --release --features 'parallel butteraugli-loop ssim2-loop' --example w44_170_cjxl_step025_sweep -- --image graph --effort 7 --distance-min 0.75 --distance-max 0.75 --distance-step 0.75 --strategy libjxl --corpus-manifest benchmarks/corpora/w44_170_varied_corpus.tsv
graph	screenshot	796	481	libjxl	7	1.0000	27010	23484	91.2760	92.1061	0.845662	1.141968	454.053	514.839	15.014	-0.8301	-25.947	-11.807	OK	89e3c405809a53c2872179d05bda80a69503b2fb	cargo run -p jxl-encoder --release --features 'parallel butteraugli-loop ssim2-loop' --example w44_170_cjxl_step025_sweep -- --image graph --effort 7 --distance-min 1 --distance-max 1 --distance-step 1 --strategy libjxl --corpus-manifest benchmarks/corpora/w44_170_varied_corpus.tsv
graph	screenshot	796	481	libjxl	7	1.2500	24901	21495	89.1535	91.3708	1.145697	1.201788	410.047	623.865	15.846	-2.2173	-4.667	-34.273	OK	89e3c405809a53c2872179d05bda80a69503b2fb	cargo run -p jxl-encoder --release --features 'parallel butteraugli-loop ssim2-loop' --example w44_170_cjxl_step025_sweep -- --image graph --effort 7 --distance-min 1.25 --distance-max 1.25 --distance-step 1.25 --strategy libjxl --corpus-manifest benchmarks/corpora/w44_170_varied_corpus.tsv
graph	screenshot	796	481	libjxl	7	1.5000	23337	20377	89.1393	90.0871	1.304496	1.358217	382.208	676.159	14.526	-0.9477	-3.955	-43.474	OK	89e3c405809a53c2872179d05bda80a69503b2fb	cargo run -p jxl-encoder --release --features 'parallel butteraugli-loop ssim2-loop' --example w44_170_cjxl_step025_sweep -- --image graph --effort 7 --distance-min 1.5 --distance-max 1.5 --distance-step 1.5 --strategy libjxl --corpus-manifest benchmarks/corpora/w44_170_varied_corpus.tsv
graph	screenshot	796	481	libjxl	7	1.7500	21963	19413	86.2103	89.4879	1.867423	1.831733	514.436	528.390	13.136	-3.2776	1.948	-2.641	OK	89e3c405809a53c2872179d05bda80a69503b2fb	cargo run -p jxl-encoder --release --features 'parallel butteraugli-loop ssim2-loop' --example w44_170_cjxl_step025_sweep -- --image graph --effort 7 --distance-min 1.75 --distance-max 1.75 --distance-step 1.75 --strategy libjxl --corpus-manifest benchmarks/corpora/w44_170_varied_corpus.tsv
graph	screenshot	796	481	libjxl	7	2.0000	20890	18263	85.1764	87.9955	1.931334	1.808926	498.915	720.020	14.384	-2.8191	6.767	-30.708	OK	89e3c405809a53c2872179d05bda80a69503b2fb	cargo run -p jxl-encoder --release --features 'parallel butteraugli-loop ssim2-loop' --example w44_170_cjxl_step025_sweep -- --image graph --effort 7 --distance-min 2 --distance-max 2 --distance-step 2 --strategy libjxl --corpus-manifest benchmarks/corpora/w44_170_varied_corpus.tsv
graph	screenshot	796	481	libjxl	7	2.2500	20125	17420	84.5140	87.5869	1.954804	1.900811	557.740	658.099	15.528	-3.0730	2.841	-15.250	OK	89e3c405809a53c2872179d05bda80a69503b2fb	cargo run -p jxl-encoder --release --features 'parallel butteraugli-loop ssim2-loop' --example w44_170_cjxl_step025_sweep -- --image graph --effort 7 --distance-min 2.25 --distance-max 2.25 --distance-step 2.25 --strategy libjxl --corpus-manifest benchmarks/corpora/w44_170_varied_corpus.tsv
graph	screenshot	796	481	libjxl	7	2.5000	19072	16791	83.4767	85.1819	3.054679	2.927344	437.654	594.323	13.585	-1.7053	4.350	-26.361	OK	89e3c405809a53c2872179d05bda80a69503b2fb	cargo run -p jxl-encoder --release --features 'parallel butteraugli-loop ssim2-loop' --example w44_170_cjxl_step025_sweep -- --image graph --effort 7 --distance-min 2.5 --distance-max 2.5 --distance-step 2.5 --strategy libjxl --corpus-manifest benchmarks/corpora/w44_170_varied_corpus.tsv
graph	screenshot	796	481	libjxl	7	2.7500	18447	16662	80.9077	82.3547	2.239123	2.170039	486.801	590.317	10.713	-1.4470	3.184	-17.536	OK	89e3c405809a53c2872179d05bda80a69503b2fb	cargo run -p jxl-encoder --release --features 'parallel butteraugli-loop ssim2-loop' --example w44_170_cjxl_step025_sweep -- --image graph --effort 7 --distance-min 2.75 --distance-max 2.75 --distance-step 2.75 --strategy libjxl --corpus-manifest benchmarks/corpora/w44_170_varied_corpus.tsv
graph	screenshot	796	481	libjxl	7	3.0000	17825	15751	82.3667	83.1403	2.896698	2.950247	594.729	1118.738	13.167	-0.7736	-1.815	-46.839	OK	89e3c405809a53c2872179d05bda80a69503b2fb	cargo run -p jxl-encoder --release --features 'parallel butteraugli-loop ssim2-loop' --example w44_170_cjxl_step025_sweep -- --image graph --effort 7 --distance-min 3 --distance-max 3 --distance-step 3 --strategy libjxl --corpus-manifest benchmarks/corpora/w44_170_varied_corpus.tsv
graph	screenshot	796	481	libjxl	7	3.2500	17352	15137	80.8726	83.3579	2.695572	2.664609	390.829	591.470	14.633	-2.4853	1.162	-33.922	OK	89e3c405809a53c2872179d05bda80a69503b2fb	cargo run -p jxl-encoder --release --features 'parallel butteraugli-loop ssim2-loop' --example w44_170_cjxl_step025_sweep -- --image graph --effort 7 --distance-min 3.25 --distance-max 3.25 --distance-step 3.25 --strategy libjxl --corpus-manifest benchmarks/corpora/w44_170_varied_corpus.tsv
graph	screenshot	796	481	libjxl	7	3.5000	16492	14527	81.1098	82.1418	2.875328	3.053268	523.807	627.466	13.527	-1.0320	-5.828	-16.520	OK	89e3c405809a53c2872179d05bda80a69503b2fb	cargo run -p jxl-encoder --release --features 'parallel butteraugli-loop ssim2-loop' --example w44_170_cjxl_step025_sweep -- --image graph --effort 7 --distance-min 3.5 --distance-max 3.5 --distance-step 3.5 --strategy libjxl --corpus-manifest benchmarks/corpora/w44_170_varied_corpus.tsv
graph	screenshot	796	481	libjxl	7	3.7500	16325	14184	79.7888	81.6631	3.100142	3.109044	597.478	588.406	15.094	-1.8743	-0.286	1.542	OK	89e3c405809a53c2872179d05bda80a69503b2fb	cargo run -p jxl-encoder --release --features 'parallel butteraugli-loop ssim2-loop' --example w44_170_cjxl_step025_sweep -- --image graph --effort 7 --distance-min 3.75 --distance-max 3.75 --distance-step 3.75 --strategy libjxl --corpus-manifest benchmarks/corpora/w44_170_varied_corpus.tsv
graph	screenshot	796	481	libjxl	7	4.0000	15930	14102	78.3232	80.7459	3.287376	3.293194	721.746	975.953	12.963	-2.4227	-0.177	-26.047	OK	89e3c405809a53c2872179d05bda80a69503b2fb	cargo run -p jxl-encoder --release --features 'parallel butteraugli-loop ssim2-loop' --example w44_170_cjxl_step025_sweep -- --image graph --effort 7 --distance-min 4 --distance-max 4 --distance-step 4 --strategy libjxl --corpus-manifest benchmarks/corpora/w44_170_varied_corpus.tsv
graph	screenshot	796	481	libjxl	7	4.2500	15640	13808	73.7445	79.3928	3.205285	3.231732	632.583	760.755	13.268	-5.6483	-0.818	-16.848	OK	89e3c405809a53c2872179d05bda80a69503b2fb	cargo run -p jxl-encoder --release --features 'parallel butteraugli-loop ssim2-loop' --example w44_170_cjxl_step025_sweep -- --image graph --effort 7 --distance-min 4.25 --distance-max 4.25 --distance-step 4.25 --strategy libjxl --corpus-manifest benchmarks/corpora/w44_170_varied_corpus.tsv
graph	screenshot	796	481	libjxl	7	4.5000	15239	13533	72.8311	76.9209	3.535538	3.906930	564.262	752.547	12.606	-4.0899	-9.506	-25.020	OK	89e3c405809a53c2872179d05bda80a69503b2fb	cargo run -p jxl-encoder --release --features 'parallel butteraugli-loop ssim2-loop' --example w44_170_cjxl_step025_sweep -- --image graph --effort 7 --distance-min 4.5 --distance-max 4.5 --distance-step 4.5 --strategy libjxl --corpus-manifest benchmarks/corpora/w44_170_varied_corpus.tsv
graph	screenshot	796	481	libjxl	7	4.7500	14791	12849	70.3997	76.0565	3.393143	3.475379	603.968	526.394	15.114	-5.6568	-2.366	14.737	OK	89e3c405809a53c2872179d05bda80a69503b2fb	cargo run -p jxl-encoder --release --features 'parallel butteraugli-loop ssim2-loop' --example w44_170_cjxl_step025_sweep -- --image graph --effort 7 --distance-min 4.75 --distance-max 4.75 --distance-step 4.75 --strategy libjxl --corpus-manifest benchmarks/corpora/w44_170_varied_corpus.tsv
graph	screenshot	796	481	libjxl	7	5.0000	14413	12903	70.9442	72.3481	3.954104	3.724365	577.495	674.235	11.703	-1.4039	6.169	-14.348	OK	89e3c405809a53c2872179d05bda80a69503b2fb	cargo run -p jxl-encoder --release --features 'parallel butteraugli-loop ssim2-loop' --example w44_170_cjxl_step025_sweep -- --image graph --effort 7 --distance-min 5 --distance-max 5 --distance-step 5 --strategy libjxl --corpus-manifest benchmarks/corpora/w44_170_varied_corpus.tsv
graph	screenshot	796	481	libjxl	8	0.2500	36585	38414	95.8843	96.3181	0.261537	0.249272	1992.519	2162.110	-4.761	-0.4338	4.920	-7.844	OK	89e3c405809a53c2872179d05bda80a69503b2fb	cargo run -p jxl-encoder --release --features 'parallel butteraugli-loop ssim2-loop' --example w44_170_cjxl_step025_sweep -- --image graph --effort 8 --distance-min 0.25 --distance-max 0.25 --distance-step 0.25 --strategy libjxl --corpus-manifest benchmarks/corpora/w44_170_varied_corpus.tsv
graph	screenshot	796	481	libjxl	8	0.5000	28913	30268	93.9591	94.6115	0.457209	0.409686	2969.839	2396.516	-4.477	-0.6525	11.600	23.923	OK	89e3c405809a53c2872179d05bda80a69503b2fb	cargo run -p jxl-encoder --release --features 'parallel butteraugli-loop ssim2-loop' --example w44_170_cjxl_step025_sweep -- --image graph --effort 8 --distance-min 0.5 --distance-max 0.5 --distance-step 0.5 --strategy libjxl --corpus-manifest benchmarks/corpora/w44_170_varied_corpus.tsv
graph	screenshot	796	481	libjxl	8	0.7500	27687	30187	91.8532	92.6455	0.815516	0.628951	2296.569	2256.426	-8.282	-0.7924	29.663	1.779	OK	89e3c405809a53c2872179d05bda80a69503b2fb	cargo run -p jxl-encoder --release --features 'parallel butteraugli-loop ssim2-loop' --example w44_170_cjxl_step025_sweep -- --image graph --effort 8 --distance-min 0.75 --distance-max 0.75 --distance-step 0.75 --strategy libjxl --corpus-manifest benchmarks/corpora/w44_170_varied_corpus.tsv
graph	screenshot	796	481	libjxl	8	1.0000	24608	26855	90.5351	91.5645	1.077731	0.948340	3359.541	2481.052	-8.367	-1.0294	13.644	35.408	OK	89e3c405809a53c2872179d05bda80a69503b2fb	cargo run -p jxl-encoder --release --features 'parallel butteraugli-loop ssim2-loop' --example w44_170_cjxl_step025_sweep -- --image graph --effort 8 --distance-min 1 --distance-max 1 --distance-step 1 --strategy libjxl --corpus-manifest benchmarks/corpora/w44_170_varied_corpus.tsv
graph	screenshot	796	481	libjxl	8	1.2500	22675	24784	85.4189	90.6900	1.113693	1.402466	2354.659	2319.512	-8.510	-5.2711	-20.590	1.515	OK	89e3c405809a53c2872179d05bda80a69503b2fb	cargo run -p jxl-encoder --release --features 'parallel butteraugli-loop ssim2-loop' --example w44_170_cjxl_step025_sweep -- --image graph --effort 8 --distance-min 1.25 --distance-max 1.25 --distance-step 1.25 --strategy libjxl --corpus-manifest benchmarks/corpora/w44_170_varied_corpus.tsv
graph	screenshot	796	481	libjxl	8	1.5000	21137	22915	88.1693	89.9864	1.357339	1.160416	2135.008	2345.371	-7.759	-1.8171	16.970	-8.969	OK	89e3c405809a53c2872179d05bda80a69503b2fb	cargo run -p jxl-encoder --release --features 'parallel butteraugli-loop ssim2-loop' --example w44_170_cjxl_step025_sweep -- --image graph --effort 8 --distance-min 1.5 --distance-max 1.5 --distance-step 1.5 --strategy libjxl --corpus-manifest benchmarks/corpora/w44_170_varied_corpus.tsv
graph	screenshot	796	481	libjxl	8	1.7500	19624	21843	85.0275	88.8422	1.589655	1.661003	3829.320	2725.881	-10.159	-3.8148	-4.295	40.480	OK	89e3c405809a53c2872179d05bda80a69503b2fb	cargo run -p jxl-encoder --release --features 'parallel butteraugli-loop ssim2-loop' --example w44_170_cjxl_step025_sweep -- --image graph --effort 8 --distance-min 1.75 --distance-max 1.75 --distance-step 1.75 --strategy libjxl --corpus-manifest benchmarks/corpora/w44_170_varied_corpus.tsv
graph	screenshot	796	481	libjxl	8	2.0000	18895	20783	83.2822	87.0975	1.729842	2.080961	1985.433	2212.070	-9.084	-3.8153	-16.873	-10.245	OK	89e3c405809a53c2872179d05bda80a69503b2fb	cargo run -p jxl-encoder --release --features 'parallel butteraugli-loop ssim2-loop' --example w44_170_cjxl_step025_sweep -- --image graph --effort 8 --distance-min 2 --distance-max 2 --distance-step 2 --strategy libjxl --corpus-manifest benchmarks/corpora/w44_170_varied_corpus.tsv
graph	screenshot	796	481	libjxl	8	2.2500	18203	19724	82.1832	85.0613	2.160995	2.112520	2170.565	2563.675	-7.711	-2.8781	2.295	-15.334	OK	89e3c405809a53c2872179d05bda80a69503b2fb	cargo run -p jxl-encoder --release --features 'parallel butteraugli-loop ssim2-loop' --example w44_170_cjxl_step025_sweep -- --image graph --effort 8 --distance-min 2.25 --distance-max 2.25 --distance-step 2.25 --strategy libjxl --corpus-manifest benchmarks/corpora/w44_170_varied_corpus.tsv
graph	screenshot	796	481	libjxl	8	2.5000	17310	19033	76.6485	82.9266	2.465736	2.919565	1915.764	2497.444	-9.053	-6.2781	-15.544	-23.291	OK	89e3c405809a53c2872179d05bda80a69503b2fb	cargo run -p jxl-encoder --release --features 'parallel butteraugli-loop ssim2-loop' --example w44_170_cjxl_step025_sweep -- --image graph --effort 8 --distance-min 2.5 --distance-max 2.5 --distance-step 2.5 --strategy libjxl --corpus-manifest benchmarks/corpora/w44_170_varied_corpus.tsv
graph	screenshot	796	481	libjxl	8	2.7500	16310	18608	79.0761	82.1174	2.437203	2.509522	2722.037	2374.750	-12.350	-3.0413	-2.882	14.624	OK	89e3c405809a53c2872179d05bda80a69503b2fb	cargo run -p jxl-encoder --release --features 'parallel butteraugli-loop ssim2-loop' --example w44_170_cjxl_step025_sweep -- --image graph --effort 8 --distance-min 2.75 --distance-max 2.75 --distance-step 2.75 --strategy libjxl --corpus-manifest benchmarks/corpora/w44_170_varied_corpus.tsv
graph	screenshot	796	481	libjxl	8	3.0000	15688	17838	80.0103	80.2052	2.793349	2.441972	3679.575	2444.386	-12.053	-0.1949	14.389	50.532	OK	89e3c405809a53c2872179d05bda80a69503b2fb	cargo run -p jxl-encoder --release --features 'parallel butteraugli-loop ssim2-loop' --example w44_170_cjxl_step025_sweep -- --image graph --effort 8 --distance-min 3 --distance-max 3 --distance-step 3 --strategy libjxl --corpus-manifest benchmarks/corpora/w44_170_varied_corpus.tsv
graph	screenshot	796	481	libjxl	8	3.2500	15256	17105	78.4626	80.7205	2.786428	2.913277	2120.279	2195.473	-10.810	-2.2579	-4.354	-3.425	OK	89e3c405809a53c2872179d05bda80a69503b2fb	cargo run -p jxl-encoder --release --features 'parallel butteraugli-loop ssim2-loop' --example w44_170_cjxl_step025_sweep -- --image graph --effort 8 --distance-min 3.25 --distance-max 3.25 --distance-step 3.25 --strategy libjxl --corpus-manifest benchmarks/corpora/w44_170_varied_corpus.tsv
graph	screenshot	796	481	libjxl	8	3.5000	14674	16426	76.9410	80.4287	2.761271	3.394273	2640.503	2767.147	-10.666	-3.4877	-18.649	-4.577	OK	89e3c405809a53c2872179d05bda80a69503b2fb	cargo run -p jxl-encoder --release --features 'parallel butteraugli-loop ssim2-loop' --example w44_170_cjxl_step025_sweep -- --image graph --effort 8 --distance-min 3.5 --distance-max 3.5 --distance-step 3.5 --strategy libjxl --corpus-manifest benchmarks/corpora/w44_170_varied_corpus.tsv
graph	screenshot	796	481	libjxl	8	3.7500	14469	15952	75.5181	78.6988	3.136057	3.224269	1923.759	2456.762	-9.297	-3.1807	-2.736	-21.695	OK	89e3c405809a53c2872179d05bda80a69503b2fb	cargo run -p jxl-encoder --release --features 'parallel butteraugli-loop ssim2-loop' --example w44_170_cjxl_step025_sweep -- --image graph --effort 8 --distance-min 3.75 --distance-max 3.75 --distance-step 3.75 --strategy libjxl --corpus-manifest benchmarks/corpora/w44_170_varied_corpus.tsv
graph	screenshot	796	481	libjxl	8	4.0000	14010	15596	73.7374	78.2187	3.742043	3.468910	2884.085	2430.477	-10.169	-4.4813	7.874	18.663	OK	89e3c405809a53c2872179d05bda80a69503b2fb	cargo run -p jxl-encoder --release --features 'parallel butteraugli-loop ssim2-loop' --example w44_170_cjxl_step025_sweep -- --image graph --effort 8 --distance-min 4 --distance-max 4 --distance-step 4 --strategy libjxl --corpus-manifest benchmarks/corpora/w44_170_varied_corpus.tsv
graph	screenshot	796	481	libjxl	8	4.2500	13488	15070	69.9576	70.8088	3.589296	3.998265	3181.457	2308.356	-10.498	-0.8512	-10.229	37.824	OK	89e3c405809a53c2872179d05bda80a69503b2fb	cargo run -p jxl-encoder --release --features 'parallel butteraugli-loop ssim2-loop' --example w44_170_cjxl_step025_sweep -- --image graph --effort 8 --distance-min 4.25 --distance-max 4.25 --distance-step 4.25 --strategy libjxl --corpus-manifest benchmarks/corpora/w44_170_varied_corpus.tsv
graph	screenshot	796	481	libjxl	8	4.5000	13298	14835	70.0506	69.7827	3.899767	4.376858	2965.490	2240.580	-10.361	0.2678	-10.900	32.354	OK	89e3c405809a53c2872179d05bda80a69503b2fb	cargo run -p jxl-encoder --release --features 'parallel butteraugli-loop ssim2-loop' --example w44_170_cjxl_step025_sweep -- --image graph --effort 8 --distance-min 4.5 --distance-max 4.5 --distance-step 4.5 --strategy libjxl --corpus-manifest benchmarks/corpora/w44_170_varied_corpus.tsv
graph	screenshot	796	481	libjxl	8	4.7500	12886	14138	65.7967	69.9986	3.703344	3.623853	2250.362	2475.391	-8.856	-4.2019	2.194	-9.091	OK	89e3c405809a53c2872179d05bda80a69503b2fb	cargo run -p jxl-encoder --release --features 'parallel butteraugli-loop ssim2-loop' --example w44_170_cjxl_step025_sweep -- --image graph --effort 8 --distance-min 4.75 --distance-max 4.75 --distance-step 4.75 --strategy libjxl --corpus-manifest benchmarks/corpora/w44_170_varied_corpus.tsv
graph	screenshot	796	481	libjxl	8	5.0000	12558	14001	64.8197	67.5959	4.268411	3.845450	3043.173	2168.224	-10.306	-2.7761	10.999	40.353	OK	89e3c405809a53c2872179d05bda80a69503b2fb	cargo run -p jxl-encoder --release --features 'parallel butteraugli-loop ssim2-loop' --example w44_170_cjxl_step025_sweep -- --image graph --effort 8 --distance-min 5 --distance-max 5 --distance-step 5 --strategy libjxl --corpus-manifest benchmarks/corpora/w44_170_varied_corpus.tsv
graph	screenshot	796	481	libjxl	9	0.2500	33999	37948	95.8843	96.2989	0.261537	0.249272	3691.290	2916.524	-10.406	-0.4145	4.920	26.565	OK	89e3c405809a53c2872179d05bda80a69503b2fb	cargo run -p jxl-encoder --release --features 'parallel butteraugli-loop ssim2-loop' --example w44_170_cjxl_step025_sweep -- --image graph --effort 9 --distance-min 0.25 --distance-max 0.25 --distance-step 0.25 --strategy libjxl --corpus-manifest benchmarks/corpora/w44_170_varied_corpus.tsv
graph	screenshot	796	481	libjxl	9	0.5000	27415	30093	93.9591	94.6317	0.457209	0.409686	3302.998	2732.092	-8.899	-0.6726	11.600	20.896	OK	89e3c405809a53c2872179d05bda80a69503b2fb	cargo run -p jxl-encoder --release --features 'parallel butteraugli-loop ssim2-loop' --example w44_170_cjxl_step025_sweep -- --image graph --effort 9 --distance-min 0.5 --distance-max 0.5 --distance-step 0.5 --strategy libjxl --corpus-manifest benchmarks/corpora/w44_170_varied_corpus.tsv
graph	screenshot	796	481	libjxl	9	0.7500	27271	30217	91.8624	92.6348	0.731061	0.628951	3798.206	2925.835	-9.749	-0.7724	16.235	29.816	OK	89e3c405809a53c2872179d05bda80a69503b2fb	cargo run -p jxl-encoder --release --features 'parallel butteraugli-loop ssim2-loop' --example w44_170_cjxl_step025_sweep -- --image graph --effort 9 --distance-min 0.75 --distance-max 0.75 --distance-step 0.75 --strategy libjxl --corpus-manifest benchmarks/corpora/w44_170_varied_corpus.tsv
graph	screenshot	796	481	libjxl	9	1.0000	24293	26870	90.5366	91.5662	0.935745	0.948340	3868.219	3251.523	-9.591	-1.0296	-1.328	18.966	OK	89e3c405809a53c2872179d05bda80a69503b2fb	cargo run -p jxl-encoder --release --features 'parallel butteraugli-loop ssim2-loop' --example w44_170_cjxl_step025_sweep -- --image graph --effort 9 --distance-min 1 --distance-max 1 --distance-step 1 --strategy libjxl --corpus-manifest benchmarks/corpora/w44_170_varied_corpus.tsv
graph	screenshot	796	481	libjxl	9	1.2500	22336	24814	85.4189	90.7224	1.113693	1.055948	3104.187	2878.082	-9.986	-5.3034	5.469	7.856	OK	89e3c405809a53c2872179d05bda80a69503b2fb	cargo run -p jxl-encoder --release --features 'parallel butteraugli-loop ssim2-loop' --example w44_170_cjxl_step025_sweep -- --image graph --effort 9 --distance-min 1.25 --distance-max 1.25 --distance-step 1.25 --strategy libjxl --corpus-manifest benchmarks/corpora/w44_170_varied_corpus.tsv
graph	screenshot	796	481	libjxl	9	1.5000	20885	22993	88.1693	89.9888	1.357339	1.160416	4239.373	2769.654	-9.168	-1.8195	16.970	53.065	OK	89e3c405809a53c2872179d05bda80a69503b2fb	cargo run -p jxl-encoder --release --features 'parallel butteraugli-loop ssim2-loop' --example w44_170_cjxl_step025_sweep -- --image graph --effort 9 --distance-min 1.5 --distance-max 1.5 --distance-step 1.5 --strategy libjxl --corpus-manifest benchmarks/corpora/w44_170_varied_corpus.tsv
graph	screenshot	796	481	libjxl	9	1.7500	19319	21939	85.0275	88.8510	1.589655	1.661003	3821.443	3040.103	-11.942	-3.8235	-4.295	25.701	OK	89e3c405809a53c2872179d05bda80a69503b2fb	cargo run -p jxl-encoder --release --features 'parallel butteraugli-loop ssim2-loop' --example w44_170_cjxl_step025_sweep -- --image graph --effort 9 --distance-min 1.75 --distance-max 1.75 --distance-step 1.75 --strategy libjxl --corpus-manifest benchmarks/corpora/w44_170_varied_corpus.tsv
graph	screenshot	796	481	libjxl	9	2.0000	18660	20828	83.2822	87.0888	1.729842	2.080961	2982.208	2941.285	-10.409	-3.8066	-16.873	1.391	OK	89e3c405809a53c2872179d05bda80a69503b2fb	cargo run -p jxl-encoder --release --features 'parallel butteraugli-loop ssim2-loop' --example w44_170_cjxl_step025_sweep -- --image graph --effort 9 --distance-min 2 --distance-max 2 --distance-step 2 --strategy libjxl --corpus-manifest benchmarks/corpora/w44_170_varied_corpus.tsv
graph	screenshot	796	481	libjxl	9	2.2500	18136	19677	82.1832	85.0844	2.160995	2.112520	4252.090	3290.420	-7.831	-2.9012	2.295	29.226	OK	89e3c405809a53c2872179d05bda80a69503b2fb	cargo run -p jxl-encoder --release --features 'parallel butteraugli-loop ssim2-loop' --example w44_170_cjxl_step025_sweep -- --image graph --effort 9 --distance-min 2.25 --distance-max 2.25 --distance-step 2.25 --strategy libjxl --corpus-manifest benchmarks/corpora/w44_170_varied_corpus.tsv
graph	screenshot	796	481	libjxl	9	2.5000	17272	19122	76.7573	83.0394	2.166302	2.496278	4002.184	3264.635	-9.675	-6.2821	-13.219	22.592	OK	89e3c405809a53c2872179d05bda80a69503b2fb	cargo run -p jxl-encoder --release --features 'parallel butteraugli-loop ssim2-loop' --example w44_170_cjxl_step025_sweep -- --image graph --effort 9 --distance-min 2.5 --distance-max 2.5 --distance-step 2.5 --strategy libjxl --corpus-manifest benchmarks/corpora/w44_170_varied_corpus.tsv
graph	screenshot	796	481	libjxl	9	2.7500	16301	18657	79.0761	82.1333	2.437203	2.509522	3194.439	2712.479	-12.628	-3.0573	-2.882	17.768	OK	89e3c405809a53c2872179d05bda80a69503b2fb	cargo run -p jxl-encoder --release --features 'parallel butteraugli-loop ssim2-loop' --example w44_170_cjxl_step025_sweep -- --image graph --effort 9 --distance-min 2.75 --distance-max 2.75 --distance-step 2.75 --strategy libjxl --corpus-manifest benchmarks/corpora/w44_170_varied_corpus.tsv
graph	screenshot	796	481	libjxl	9	3.0000	15614	17960	80.0103	80.1972	2.793349	2.441972	3877.924	3547.580	-13.062	-0.1869	14.389	9.312	OK	89e3c405809a53c2872179d05bda80a69503b2fb	cargo run -p jxl-encoder --release --features 'parallel butteraugli-loop ssim2-loop' --example w44_170_cjxl_step025_sweep -- --image graph --effort 9 --distance-min 3 --distance-max 3 --distance-step 3 --strategy libjxl --corpus-manifest benchmarks/corpora/w44_170_varied_corpus.tsv
graph	screenshot	796	481	libjxl	9	3.2500	15181	17091	78.4626	80.7344	2.786428	2.913277	3789.901	3778.648	-11.175	-2.2718	-4.354	0.298	OK	89e3c405809a53c2872179d05bda80a69503b2fb	cargo run -p jxl-encoder --release --features 'parallel butteraugli-loop ssim2-loop' --example w44_170_cjxl_step025_sweep -- --image graph --effort 9 --distance-min 3.25 --distance-max 3.25 --distance-step 3.25 --strategy libjxl --corpus-manifest benchmarks/corpora/w44_170_varied_corpus.tsv
graph	screenshot	796	481	libjxl	9	3.5000	14545	16548	76.9410	80.4317	2.761271	3.394273	3415.129	3603.870	-12.104	-3.4907	-18.649	-5.237	OK	89e3c405809a53c2872179d05bda80a69503b2fb	cargo run -p jxl-encoder --release --features 'parallel butteraugli-loop ssim2-loop' --example w44_170_cjxl_step025_sweep -- --image graph --effort 9 --distance-min 3.5 --distance-max 3.5 --distance-step 3.5 --strategy libjxl --corpus-manifest benchmarks/corpora/w44_170_varied_corpus.tsv
graph	screenshot	796	481	libjxl	9	3.7500	14284	16037	75.5181	78.7150	3.136057	3.224269	3491.142	3237.309	-10.931	-3.1969	-2.736	7.841	OK	89e3c405809a53c2872179d05bda80a69503b2fb	cargo run -p jxl-encoder --release --features 'parallel butteraugli-loop ssim2-loop' --example w44_170_cjxl_step025_sweep -- --image graph --effort 9 --distance-min 3.75 --distance-max 3.75 --distance-step 3.75 --strategy libjxl --corpus-manifest benchmarks/corpora/w44_170_varied_corpus.tsv
graph	screenshot	796	481	libjxl	9	4.0000	13883	15706	73.7374	78.2177	3.742043	3.468910	4600.804	3492.684	-11.607	-4.4803	7.874	31.727	OK	89e3c405809a53c2872179d05bda80a69503b2fb	cargo run -p jxl-encoder --release --features 'parallel butteraugli-loop ssim2-loop' --example w44_170_cjxl_step025_sweep -- --image graph --effort 9 --distance-min 4 --distance-max 4 --distance-step 4 --strategy libjxl --corpus-manifest benchmarks/corpora/w44_170_varied_corpus.tsv
graph	screenshot	796	481	libjxl	9	4.2500	13513	15218	69.9576	70.8153	3.589296	3.998265	3756.855	3513.111	-11.204	-0.8576	-10.229	6.938	OK	89e3c405809a53c2872179d05bda80a69503b2fb	cargo run -p jxl-encoder --release --features 'parallel butteraugli-loop ssim2-loop' --example w44_170_cjxl_step025_sweep -- --image graph --effort 9 --distance-min 4.25 --distance-max 4.25 --distance-step 4.25 --strategy libjxl --corpus-manifest benchmarks/corpora/w44_170_varied_corpus.tsv
graph	screenshot	796	481	libjxl	9	4.5000	13189	14890	70.0506	69.7934	3.899767	4.376858	3879.352	2987.366	-11.424	0.2572	-10.900	29.859	OK	89e3c405809a53c2872179d05bda80a69503b2fb	cargo run -p jxl-encoder --release --features 'parallel butteraugli-loop ssim2-loop' --example w44_170_cjxl_step025_sweep -- --image graph --effort 9 --distance-min 4.5 --distance-max 4.5 --distance-step 4.5 --strategy libjxl --corpus-manifest benchmarks/corpora/w44_170_varied_corpus.tsv
graph	screenshot	796	481	libjxl	9	4.7500	12877	14307	65.7967	70.0214	3.703344	3.623853	4221.872	3372.529	-9.995	-4.2247	2.194	25.184	OK	89e3c405809a53c2872179d05bda80a69503b2fb	cargo run -p jxl-encoder --release --features 'parallel butteraugli-loop ssim2-loop' --example w44_170_cjxl_step025_sweep -- --image graph --effort 9 --distance-min 4.75 --distance-max 4.75 --distance-step 4.75 --strategy libjxl --corpus-manifest benchmarks/corpora/w44_170_varied_corpus.tsv
graph	screenshot	796	481	libjxl	9	5.0000	12550	14178	64.8197	67.6069	4.268411	3.845450	4496.908	3594.488	-11.483	-2.7872	10.999	25.106	OK	89e3c405809a53c2872179d05bda80a69503b2fb	cargo run -p jxl-encoder --release --features 'parallel butteraugli-loop ssim2-loop' --example w44_170_cjxl_step025_sweep -- --image graph --effort 9 --distance-min 5 --distance-max 5 --distance-step 5 --strategy libjxl --corpus-manifest benchmarks/corpora/w44_170_varied_corpus.tsv
imac_dark	screenshot	2940	1912	libjxl	6	1.5000	521285	517183	85.9723	87.5091	1.714111	1.682958	9131.261	4938.535	0.793	-1.5368	1.851	84.898	OK	89e3c405809a53c2872179d05bda80a69503b2fb	cargo run -p jxl-encoder --release --features 'parallel butteraugli-loop ssim2-loop' --example w44_170_cjxl_step025_sweep -- --image imac_dark --effort 6 --distance-min 1.5 --distance-max 1.5 --distance-step 1.5 --strategy libjxl --corpus-manifest benchmarks/corpora/w44_170_varied_corpus.tsv
imac_dark	screenshot	2940	1912	libjxl	6	1.7500	490982	485357	85.0722	86.1715	1.827475	1.781947	7368.289	5532.776	1.159	-1.0994	2.555	33.175	OK	89e3c405809a53c2872179d05bda80a69503b2fb	cargo run -p jxl-encoder --release --features 'parallel butteraugli-loop ssim2-loop' --example w44_170_cjxl_step025_sweep -- --image imac_dark --effort 6 --distance-min 1.75 --distance-max 1.75 --distance-step 1.75 --strategy libjxl --corpus-manifest benchmarks/corpora/w44_170_varied_corpus.tsv
imac_dark	screenshot	2940	1912	libjxl	6	2.0000	460255	462719	84.2406	84.9035	2.375620	2.371800	10176.724	4990.944	-0.533	-0.6629	0.161	103.904	OK	89e3c405809a53c2872179d05bda80a69503b2fb	cargo run -p jxl-encoder --release --features 'parallel butteraugli-loop ssim2-loop' --example w44_170_cjxl_step025_sweep -- --image imac_dark --effort 6 --distance-min 2 --distance-max 2 --distance-step 2 --strategy libjxl --corpus-manifest benchmarks/corpora/w44_170_varied_corpus.tsv
imac_dark	screenshot	2940	1912	libjxl	6	2.2500	437479	438994	83.4073	83.5687	2.435768	2.452425	7120.943	6187.754	-0.345	-0.1614	-0.679	15.081	OK	89e3c405809a53c2872179d05bda80a69503b2fb	cargo run -p jxl-encoder --release --features 'parallel butteraugli-loop ssim2-loop' --example w44_170_cjxl_step025_sweep -- --image imac_dark --effort 6 --distance-min 2.25 --distance-max 2.25 --distance-step 2.25 --strategy libjxl --corpus-manifest benchmarks/corpora/w44_170_varied_corpus.tsv
imac_dark	screenshot	2940	1912	libjxl	6	2.5000	418060	418138	81.8146	82.5548	2.395141	2.280166	7721.520	5802.578	-0.019	-0.7402	5.042	33.071	OK	89e3c405809a53c2872179d05bda80a69503b2fb	cargo run -p jxl-encoder --release --features 'parallel butteraugli-loop ssim2-loop' --example w44_170_cjxl_step025_sweep -- --image imac_dark --effort 6 --distance-min 2.5 --distance-max 2.5 --distance-step 2.5 --strategy libjxl --corpus-manifest benchmarks/corpora/w44_170_varied_corpus.tsv
imac_dark	screenshot	2940	1912	libjxl	6	2.7500	401522	399865	80.9544	81.0546	3.192424	2.831843	7888.323	5948.165	0.414	-0.1002	12.733	32.618	OK	89e3c405809a53c2872179d05bda80a69503b2fb	cargo run -p jxl-encoder --release --features 'parallel butteraugli-loop ssim2-loop' --example w44_170_cjxl_step025_sweep -- --image imac_dark --effort 6 --distance-min 2.75 --distance-max 2.75 --distance-step 2.75 --strategy libjxl --corpus-manifest benchmarks/corpora/w44_170_varied_corpus.tsv
imac_dark	screenshot	2940	1912	libjxl	6	3.0000	384870	385649	79.9555	79.4222	3.117345	2.861141	8089.645	5915.145	-0.202	0.5333	8.955	36.762	OK	89e3c405809a53c2872179d05bda80a69503b2fb	cargo run -p jxl-encoder --release --features 'parallel butteraugli-loop ssim2-loop' --example w44_170_cjxl_step025_sweep -- --image imac_dark --effort 6 --distance-min 3 --distance-max 3 --distance-step 3 --strategy libjxl --corpus-manifest benchmarks/corpora/w44_170_varied_corpus.tsv
imac_dark	screenshot	2940	1912	libjxl	7	4.2500	164712	155276	72.1561	77.0743	4.601219	4.972309	18315.376	9050.679	6.077	-4.9182	-7.463	102.365	OK	89e3c405809a53c2872179d05bda80a69503b2fb	cargo run -p jxl-encoder --release --features 'parallel butteraugli-loop ssim2-loop' --example w44_170_cjxl_step025_sweep -- --image imac_dark --effort 7 --distance-min 4.25 --distance-max 4.25 --distance-step 4.25 --strategy libjxl --corpus-manifest benchmarks/corpora/w44_170_varied_corpus.tsv
imac_dark	screenshot	2940	1912	libjxl	7	4.5000	160695	149909	70.4195	76.7816	4.979458	4.166098	22421.226	8137.497	7.195	-6.3620	19.523	175.530	OK	89e3c405809a53c2872179d05bda80a69503b2fb	cargo run -p jxl-encoder --release --features 'parallel butteraugli-loop ssim2-loop' --example w44_170_cjxl_step025_sweep -- --image imac_dark --effort 7 --distance-min 4.5 --distance-max 4.5 --distance-step 4.5 --strategy libjxl --corpus-manifest benchmarks/corpora/w44_170_varied_corpus.tsv
imac_dark	screenshot	2940	1912	libjxl	7	4.7500	156600	142138	67.7009	76.5417	5.461275	4.500744	18081.043	7353.472	10.175	-8.8409	21.342	145.884	OK	89e3c405809a53c2872179d05bda80a69503b2fb	cargo run -p jxl-encoder --release --features 'parallel butteraugli-loop ssim2-loop' --example w44_170_cjxl_step025_sweep -- --image imac_dark --effort 7 --distance-min 4.75 --distance-max 4.75 --distance-step 4.75 --strategy libjxl --corpus-manifest benchmarks/corpora/w44_170_varied_corpus.tsv
imac_dark	screenshot	2940	1912	libjxl	7	5.0000	156723	138024	66.6811	75.7733	5.325101	4.675808	20755.323	8088.008	13.548	-9.0922	13.886	156.618	OK	89e3c405809a53c2872179d05bda80a69503b2fb	cargo run -p jxl-encoder --release --features 'parallel butteraugli-loop ssim2-loop' --example w44_170_cjxl_step025_sweep -- --image imac_dark --effort 7 --distance-min 5 --distance-max 5 --distance-step 5 --strategy libjxl --corpus-manifest benchmarks/corpora/w44_170_varied_corpus.tsv
imac_dark	screenshot	2940	1912	libjxl	8	0.2500	395378	806081	94.7452	94.9708	0.386213	0.503025	33577.645	3118.168	-50.951	-0.2256	-23.222	976.839	OK	89e3c405809a53c2872179d05bda80a69503b2fb	cargo run -p jxl-encoder --release --features 'parallel butteraugli-loop ssim2-loop' --example w44_170_cjxl_step025_sweep -- --image imac_dark --effort 8 --distance-min 0.25 --distance-max 0.25 --distance-step 0.25 --strategy libjxl --corpus-manifest benchmarks/corpora/w44_170_varied_corpus.tsv
imac_dark	screenshot	2940	1912	libjxl	8	0.5000	309121	660951	93.4187	93.6804	0.675895	0.890062	40110.638	3328.130	-53.231	-0.2617	-24.062	1105.200	OK	89e3c405809a53c2872179d05bda80a69503b2fb	cargo run -p jxl-encoder --release --features 'parallel butteraugli-loop ssim2-loop' --example w44_170_cjxl_step025_sweep -- --image imac_dark --effort 8 --distance-min 0.5 --distance-max 0.5 --distance-step 0.5 --strategy libjxl --corpus-manifest benchmarks/corpora/w44_170_varied_corpus.tsv
imac_dark	screenshot	2940	1912	libjxl	8	0.7500	295785	406400	92.0220	92.9435	0.991120	0.951311	40993.730	35659.254	-27.218	-0.9215	4.185	14.960	OK	89e3c405809a53c2872179d05bda80a69503b2fb	cargo run -p jxl-encoder --release --features 'parallel butteraugli-loop ssim2-loop' --example w44_170_cjxl_step025_sweep -- --image imac_dark --effort 8 --distance-min 0.75 --distance-max 0.75 --distance-step 0.75 --strategy libjxl --corpus-manifest benchmarks/corpora/w44_170_varied_corpus.tsv
imac_dark	screenshot	2940	1912	libjxl	8	1.0000	266394	367048	89.4370	91.7906	1.384979	1.315581	42941.040	34050.844	-27.423	-2.3536	5.275	26.109	OK	89e3c405809a53c2872179d05bda80a69503b2fb	cargo run -p jxl-encoder --release --features 'parallel butteraugli-loop ssim2-loop' --example w44_170_cjxl_step025_sweep -- --image imac_dark --effort 8 --distance-min 1 --distance-max 1 --distance-step 1 --strategy libjxl --corpus-manifest benchmarks/corpora/w44_170_varied_corpus.tsv
imac_dark	screenshot	2940	1912	libjxl	8	1.2500	240430	339216	88.1549	90.3703	1.576278	1.598501	41545.687	34210.985	-29.122	-2.2154	-1.390	21.440	OK	89e3c405809a53c2872179d05bda80a69503b2fb	cargo run -p jxl-encoder --release --features 'parallel butteraugli-loop ssim2-loop' --example w44_170_cjxl_step025_sweep -- --image imac_dark --effort 8 --distance-min 1.25 --distance-max 1.25 --distance-step 1.25 --strategy libjxl --corpus-manifest benchmarks/corpora/w44_170_varied_corpus.tsv
imac_dark	screenshot	2940	1912	libjxl	8	1.5000	226822	303905	86.5703	89.0475	1.816080	1.794338	51524.722	35599.139	-25.364	-2.4772	1.212	44.736	OK	89e3c405809a53c2872179d05bda80a69503b2fb	cargo run -p jxl-encoder --release --features 'parallel butteraugli-loop ssim2-loop' --example w44_170_cjxl_step025_sweep -- --image imac_dark --effort 8 --distance-min 1.5 --distance-max 1.5 --distance-step 1.5 --strategy libjxl --corpus-manifest benchmarks/corpora/w44_170_varied_corpus.tsv
imac_dark	screenshot	2940	1912	libjxl	8	1.7500	214121	291200	84.6523	87.4645	2.378122	1.938614	39436.646	37996.473	-26.469	-2.8123	22.671	3.790	OK	89e3c405809a53c2872179d05bda80a69503b2fb	cargo run -p jxl-encoder --release --features 'parallel butteraugli-loop ssim2-loop' --example w44_170_cjxl_step025_sweep -- --image imac_dark --effort 8 --distance-min 1.75 --distance-max 1.75 --distance-step 1.75 --strategy libjxl --corpus-manifest benchmarks/corpora/w44_170_varied_corpus.tsv
imac_dark	screenshot	2940	1912	libjxl	8	2.0000	200109	277852	83.6244	86.8452	2.568635	2.249790	42737.358	33958.170	-27.980	-3.2208	14.172	25.853	OK	89e3c405809a53c2872179d05bda80a69503b2fb	cargo run -p jxl-encoder --release --features 'parallel butteraugli-loop ssim2-loop' --example w44_170_cjxl_step025_sweep -- --image imac_dark --effort 8 --distance-min 2 --distance-max 2 --distance-step 2 --strategy libjxl --corpus-manifest benchmarks/corpora/w44_170_varied_corpus.tsv
imac_dark	screenshot	2940	1912	libjxl	8	2.2500	189794	265305	81.0779	84.6318	3.007669	2.824005	36245.440	35182.602	-28.462	-3.5539	6.504	3.021	OK	89e3c405809a53c2872179d05bda80a69503b2fb	cargo run -p jxl-encoder --release --features 'parallel butteraugli-loop ssim2-loop' --example w44_170_cjxl_step025_sweep -- --image imac_dark --effort 8 --distance-min 2.25 --distance-max 2.25 --distance-step 2.25 --strategy libjxl --corpus-manifest benchmarks/corpora/w44_170_varied_corpus.tsv
imac_dark	screenshot	2940	1912	libjxl	8	3.0000	170027	229223	77.2365	81.7345	3.281361	3.169071	40764.698	33397.045	-25.825	-4.4980	3.543	22.061	OK	89e3c405809a53c2872179d05bda80a69503b2fb	cargo run -p jxl-encoder --release --features 'parallel butteraugli-loop ssim2-loop' --example w44_170_cjxl_step025_sweep -- --image imac_dark --effort 8 --distance-min 3 --distance-max 3 --distance-step 3 --strategy libjxl --corpus-manifest benchmarks/corpora/w44_170_varied_corpus.tsv
imac_dark	screenshot	2940	1912	libjxl	8	3.2500	166006	226183	74.7801	80.7113	4.046813	3.575818	37272.627	32718.126	-26.605	-5.9313	13.172	13.920	OK	89e3c405809a53c2872179d05bda80a69503b2fb	cargo run -p jxl-encoder --release --features 'parallel butteraugli-loop ssim2-loop' --example w44_170_cjxl_step025_sweep -- --image imac_dark --effort 8 --distance-min 3.25 --distance-max 3.25 --distance-step 3.25 --strategy libjxl --corpus-manifest benchmarks/corpora/w44_170_varied_corpus.tsv
imac_dark	screenshot	2940	1912	libjxl	8	3.5000	161148	223334	73.9680	79.4699	3.832690	3.403560	37841.187	38021.889	-27.844	-5.5020	12.608	-0.475	OK	89e3c405809a53c2872179d05bda80a69503b2fb	cargo run -p jxl-encoder --release --features 'parallel butteraugli-loop ssim2-loop' --example w44_170_cjxl_step025_sweep -- --image imac_dark --effort 8 --distance-min 3.5 --distance-max 3.5 --distance-step 3.5 --strategy libjxl --corpus-manifest benchmarks/corpora/w44_170_varied_corpus.tsv
imac_dark	screenshot	2940	1912	libjxl	8	4.0000	0	202016	0.0000	77.0637	0.000000	4.164464	0.000	41493.211	-100.000	-77.0637	-100.000	-100.000	FAILED	89e3c405809a53c2872179d05bda80a69503b2fb	cargo run -p jxl-encoder --release --features 'parallel butteraugli-loop ssim2-loop' --example w44_170_cjxl_step025_sweep -- --image imac_dark --effort 8 --distance-min 4 --distance-max 4 --distance-step 4 --strategy libjxl --corpus-manifest benchmarks/corpora/w44_170_varied_corpus.tsv
imac_dark	screenshot	2940	1912	libjxl	8	5.0000	133011	181659	65.3474	74.8633	5.086716	4.628938	49045.829	33122.400	-26.780	-9.5159	9.889	48.074	OK	89e3c405809a53c2872179d05bda80a69503b2fb	cargo run -p jxl-encoder --release --features 'parallel butteraugli-loop ssim2-loop' --example w44_170_cjxl_step025_sweep -- --image imac_dark --effort 8 --distance-min 5 --distance-max 5 --distance-step 5 --strategy libjxl --corpus-manifest benchmarks/corpora/w44_170_varied_corpus.tsv
imac_dark	screenshot	2940	1912	libjxl	9	0.2500	394051	805513	94.7191	94.9708	0.308782	0.503025	61298.102	4521.552	-51.081	-0.2516	-38.615	1255.687	OK	89e3c405809a53c2872179d05bda80a69503b2fb	cargo run -p jxl-encoder --release --features 'parallel butteraugli-loop ssim2-loop' --example w44_170_cjxl_step025_sweep -- --image imac_dark --effort 9 --distance-min 0.25 --distance-max 0.25 --distance-step 0.25 --strategy libjxl --corpus-manifest benchmarks/corpora/w44_170_varied_corpus.tsv
imac_dark	screenshot	2940	1912	libjxl	9	0.5000	309565	660080	93.4172	93.6804	0.633828	0.890062	65449.589	3942.753	-53.102	-0.2632	-28.788	1559.997	OK	89e3c405809a53c2872179d05bda80a69503b2fb	cargo run -p jxl-encoder --release --features 'parallel butteraugli-loop ssim2-loop' --example w44_170_cjxl_step025_sweep -- --image imac_dark --effort 9 --distance-min 0.5 --distance-max 0.5 --distance-step 0.5 --strategy libjxl --corpus-manifest benchmarks/corpora/w44_170_varied_corpus.tsv
imac_dark	screenshot	2940	1912	libjxl	9	1.0000	267391	367677	89.5015	91.8019	1.192800	1.117887	80716.077	52177.859	-27.276	-2.3004	6.701	54.694	OK	89e3c405809a53c2872179d05bda80a69503b2fb	cargo run -p jxl-encoder --release --features 'parallel butteraugli-loop ssim2-loop' --example w44_170_cjxl_step025_sweep -- --image imac_dark --effort 9 --distance-min 1 --distance-max 1 --distance-step 1 --strategy libjxl --corpus-manifest benchmarks/corpora/w44_170_varied_corpus.tsv
imac_dark	screenshot	2940	1912	libjxl	9	2.0000	199684	278200	83.6346	86.8600	2.294816	2.090200	70683.551	46525.564	-28.223	-3.2254	9.789	51.924	OK	89e3c405809a53c2872179d05bda80a69503b2fb	cargo run -p jxl-encoder --release --features 'parallel butteraugli-loop ssim2-loop' --example w44_170_cjxl_step025_sweep -- --image imac_dark --effort 9 --distance-min 2 --distance-max 2 --distance-step 2 --strategy libjxl --corpus-manifest benchmarks/corpora/w44_170_varied_corpus.tsv
imac_dark	screenshot	2940	1912	libjxl	9	2.2500	188970	265976	81.0861	84.6696	2.393177	2.354031	61102.929	47494.380	-28.952	-3.5835	1.663	28.653	OK	89e3c405809a53c2872179d05bda80a69503b2fb	cargo run -p jxl-encoder --release --features 'parallel butteraugli-loop ssim2-loop' --example w44_170_cjxl_step025_sweep -- --image imac_dark --effort 9 --distance-min 2.25 --distance-max 2.25 --distance-step 2.25 --strategy libjxl --corpus-manifest benchmarks/corpora/w44_170_varied_corpus.tsv
imac_g3	screenshot	2940	1912	libjxl	5	4.7500	279628	276566	74.2519	74.7090	4.130043	4.292202	15764.053	2818.626	1.107	-0.4571	-3.778	459.281	OK	89e3c405809a53c2872179d05bda80a69503b2fb	cargo run -p jxl-encoder --release --features 'parallel butteraugli-loop ssim2-loop' --example w44_170_cjxl_step025_sweep -- --image imac_g3 --effort 5 --distance-min 4.75 --distance-max 4.75 --distance-step 4.75 --strategy libjxl --corpus-manifest benchmarks/corpora/w44_170_varied_corpus.tsv
imac_g3	screenshot	2940	1912	libjxl	5	5.0000	272330	267332	73.7442	74.1750	4.519985	4.691537	7515.026	2479.934	1.870	-0.4308	-3.657	203.033	OK	89e3c405809a53c2872179d05bda80a69503b2fb	cargo run -p jxl-encoder --release --features 'parallel butteraugli-loop ssim2-loop' --example w44_170_cjxl_step025_sweep -- --image imac_g3 --effort 5 --distance-min 5 --distance-max 5 --distance-step 5 --strategy libjxl --corpus-manifest benchmarks/corpora/w44_170_varied_corpus.tsv
imac_g3	screenshot	2940	1912	libjxl	6	0.2500	710483	718343	90.6234	90.5649	0.381900	0.383536	4489.361	3141.460	-1.094	0.0585	-0.427	42.907	OK	89e3c405809a53c2872179d05bda80a69503b2fb	cargo run -p jxl-encoder --release --features 'parallel butteraugli-loop ssim2-loop' --example w44_170_cjxl_step025_sweep -- --image imac_g3 --effort 6 --distance-min 0.25 --distance-max 0.25 --distance-step 0.25 --strategy libjxl --corpus-manifest benchmarks/corpora/w44_170_varied_corpus.tsv
imac_g3	screenshot	2940	1912	libjxl	6	0.5000	593528	598028	89.3859	89.4861	0.708345	0.714167	4967.322	3541.546	-0.752	-0.1002	-0.815	40.259	OK	89e3c405809a53c2872179d05bda80a69503b2fb	cargo run -p jxl-encoder --release --features 'parallel butteraugli-loop ssim2-loop' --example w44_170_cjxl_step025_sweep -- --image imac_g3 --effort 6 --distance-min 0.5 --distance-max 0.5 --distance-step 0.5 --strategy libjxl --corpus-manifest benchmarks/corpora/w44_170_varied_corpus.tsv
imac_g3	screenshot	2940	1912	libjxl	6	0.7500	607803	608925	87.8693	88.0809	1.234940	1.144574	8345.790	5332.921	-0.184	-0.2117	7.895	56.496	OK	89e3c405809a53c2872179d05bda80a69503b2fb	cargo run -p jxl-encoder --release --features 'parallel butteraugli-loop ssim2-loop' --example w44_170_cjxl_step025_sweep -- --image imac_g3 --effort 6 --distance-min 0.75 --distance-max 0.75 --distance-step 0.75 --strategy libjxl --corpus-manifest benchmarks/corpora/w44_170_varied_corpus.tsv
imac_g3	screenshot	2940	1912	libjxl	6	1.0000	545365	546020	86.4383	86.8346	1.300875	1.311112	8086.792	5860.676	-0.120	-0.3963	-0.781	37.984	OK	89e3c405809a53c2872179d05bda80a69503b2fb	cargo run -p jxl-encoder --release --features 'parallel butteraugli-loop ssim2-loop' --example w44_170_cjxl_step025_sweep -- --image imac_g3 --effort 6 --distance-min 1 --distance-max 1 --distance-step 1 --strategy libjxl --corpus-manifest benchmarks/corpora/w44_170_varied_corpus.tsv
imac_g3	screenshot	2940	1912	libjxl	6	1.2500	497958	502712	85.3305	85.8962	1.376634	1.355157	7154.805	6426.310	-0.946	-0.5657	1.585	11.336	OK	89e3c405809a53c2872179d05bda80a69503b2fb	cargo run -p jxl-encoder --release --features 'parallel butteraugli-loop ssim2-loop' --example w44_170_cjxl_step025_sweep -- --image imac_g3 --effort 6 --distance-min 1.25 --distance-max 1.25 --distance-step 1.25 --strategy libjxl --corpus-manifest benchmarks/corpora/w44_170_varied_corpus.tsv
imac_g3	screenshot	2940	1912	libjxl	6	1.5000	463645	469718	84.1666	84.9544	1.609208	1.566028	6930.002	6335.888	-1.293	-0.7878	2.757	9.377	OK	89e3c405809a53c2872179d05bda80a69503b2fb	cargo run -p jxl-encoder --release --features 'parallel butteraugli-loop ssim2-loop' --example w44_170_cjxl_step025_sweep -- --image imac_g3 --effort 6 --distance-min 1.5 --distance-max 1.5 --distance-step 1.5 --strategy libjxl --corpus-manifest benchmarks/corpora/w44_170_varied_corpus.tsv
imac_g3	screenshot	2940	1912	libjxl	7	2.7500	172980	364253	80.7964	82.5444	2.824960	2.447183	9028.612	5389.631	-52.511	-1.7480	15.437	67.518	OK	89e3c405809a53c2872179d05bda80a69503b2fb	cargo run -p jxl-encoder --release --features 'parallel butteraugli-loop ssim2-loop' --example w44_170_cjxl_step025_sweep -- --image imac_g3 --effort 7 --distance-min 2.75 --distance-max 2.75 --distance-step 2.75 --strategy libjxl --corpus-manifest benchmarks/corpora/w44_170_varied_corpus.tsv
imac_g3	screenshot	2940	1912	libjxl	7	3.0000	167099	161648	80.1802	83.4072	3.114537	2.727096	8446.120	8748.655	3.372	-3.2270	14.207	-3.458	OK	89e3c405809a53c2872179d05bda80a69503b2fb	cargo run -p jxl-encoder --release --features 'parallel butteraugli-loop ssim2-loop' --example w44_170_cjxl_step025_sweep -- --image imac_g3 --effort 7 --distance-min 3 --distance-max 3 --distance-step 3 --strategy libjxl --corpus-manifest benchmarks/corpora/w44_170_varied_corpus.tsv
imac_g3	screenshot	2940	1912	libjxl	7	3.2500	159957	158117	80.1612	82.9438	2.967742	2.690390	8937.999	6919.079	1.164	-2.7826	10.309	29.179	OK	89e3c405809a53c2872179d05bda80a69503b2fb	cargo run -p jxl-encoder --release --features 'parallel butteraugli-loop ssim2-loop' --example w44_170_cjxl_step025_sweep -- --image imac_g3 --effort 7 --distance-min 3.25 --distance-max 3.25 --distance-step 3.25 --strategy libjxl --corpus-manifest benchmarks/corpora/w44_170_varied_corpus.tsv
imac_g3	screenshot	2940	1912	libjxl	7	3.5000	161063	151718	77.5768	82.1597	3.659948	3.051502	10554.573	9197.875	6.159	-4.5829	19.939	14.750	OK	89e3c405809a53c2872179d05bda80a69503b2fb	cargo run -p jxl-encoder --release --features 'parallel butteraugli-loop ssim2-loop' --example w44_170_cjxl_step025_sweep -- --image imac_g3 --effort 7 --distance-min 3.5 --distance-max 3.5 --distance-step 3.5 --strategy libjxl --corpus-manifest benchmarks/corpora/w44_170_varied_corpus.tsv
imac_g3	screenshot	2940	1912	libjxl	7	3.7500	150909	151878	78.7789	80.8339	3.237348	3.084280	10113.359	9205.010	-0.638	-2.0550	4.963	9.868	OK	89e3c405809a53c2872179d05bda80a69503b2fb	cargo run -p jxl-encoder --release --features 'parallel butteraugli-loop ssim2-loop' --example w44_170_cjxl_step025_sweep -- --image imac_g3 --effort 7 --distance-min 3.75 --distance-max 3.75 --distance-step 3.75 --strategy libjxl --corpus-manifest benchmarks/corpora/w44_170_varied_corpus.tsv
imac_g3	screenshot	2940	1912	libjxl	7	4.0000	151391	146832	77.6549	81.2636	3.523129	3.236752	13496.805	8842.505	3.105	-3.6087	8.848	52.636	OK	89e3c405809a53c2872179d05bda80a69503b2fb	cargo run -p jxl-encoder --release --features 'parallel butteraugli-loop ssim2-loop' --example w44_170_cjxl_step025_sweep -- --image imac_g3 --effort 7 --distance-min 4 --distance-max 4 --distance-step 4 --strategy libjxl --corpus-manifest benchmarks/corpora/w44_170_varied_corpus.tsv
imac_g3	screenshot	2940	1912	libjxl	7	4.2500	145589	144208	76.6481	79.5223	4.902939	3.508194	13355.506	10101.189	0.958	-2.8742	39.757	32.217	OK	89e3c405809a53c2872179d05bda80a69503b2fb	cargo run -p jxl-encoder --release --features 'parallel butteraugli-loop ssim2-loop' --example w44_170_cjxl_step025_sweep -- --image imac_g3 --effort 7 --distance-min 4.25 --distance-max 4.25 --distance-step 4.25 --strategy libjxl --corpus-manifest benchmarks/corpora/w44_170_varied_corpus.tsv
imac_g3	screenshot	2940	1912	libjxl	8	1.5000	189169	305197	85.4691	87.6587	1.732126	1.647393	47569.213	30402.100	-38.017	-2.1896	5.143	56.467	OK	89e3c405809a53c2872179d05bda80a69503b2fb	cargo run -p jxl-encoder --release --features 'parallel butteraugli-loop ssim2-loop' --example w44_170_cjxl_step025_sweep -- --image imac_g3 --effort 8 --distance-min 1.5 --distance-max 1.5 --distance-step 1.5 --strategy libjxl --corpus-manifest benchmarks/corpora/w44_170_varied_corpus.tsv
imac_g3	screenshot	2940	1912	libjxl	8	1.7500	177737	279936	83.6500	86.8440	1.872985	1.918052	39467.573	35263.844	-36.508	-3.1940	-2.350	11.921	OK	89e3c405809a53c2872179d05bda80a69503b2fb	cargo run -p jxl-encoder --release --features 'parallel butteraugli-loop ssim2-loop' --example w44_170_cjxl_step025_sweep -- --image imac_g3 --effort 8 --distance-min 1.75 --distance-max 1.75 --distance-step 1.75 --strategy libjxl --corpus-manifest benchmarks/corpora/w44_170_varied_corpus.tsv
imac_g3	screenshot	2940	1912	libjxl	9	0.5000	233623	592259	89.8840	89.9843	0.563569	0.710297	54420.128	3507.491	-60.554	-0.1004	-20.657	1451.540	OK	89e3c405809a53c2872179d05bda80a69503b2fb	cargo run -p jxl-encoder --release --features 'parallel butteraugli-loop ssim2-loop' --example w44_170_cjxl_step025_sweep -- --image imac_g3 --effort 9 --distance-min 0.5 --distance-max 0.5 --distance-step 0.5 --strategy libjxl --corpus-manifest benchmarks/corpora/w44_170_varied_corpus.tsv
imac_g3	screenshot	2940	1912	libjxl	9	0.7500	238132	399991	88.6357	89.6603	0.863439	0.932395	61744.831	51125.862	-40.466	-1.0246	-7.396	20.770	OK	89e3c405809a53c2872179d05bda80a69503b2fb	cargo run -p jxl-encoder --release --features 'parallel butteraugli-loop ssim2-loop' --example w44_170_cjxl_step025_sweep -- --image imac_g3 --effort 9 --distance-min 0.75 --distance-max 0.75 --distance-step 0.75 --strategy libjxl --corpus-manifest benchmarks/corpora/w44_170_varied_corpus.tsv
imac_g3	screenshot	2940	1912	libjxl	9	4.2500	0	229125	0.0000	79.7220	0.000000	3.956414	0.000	48683.117	-100.000	-79.7220	-100.000	-100.000	FAILED	89e3c405809a53c2872179d05bda80a69503b2fb	cargo run -p jxl-encoder --release --features 'parallel butteraugli-loop ssim2-loop' --example w44_170_cjxl_step025_sweep -- --image imac_g3 --effort 9 --distance-min 4.25 --distance-max 4.25 --distance-step 4.25 --strategy libjxl --corpus-manifest benchmarks/corpora/w44_170_varied_corpus.tsv
imac_g3	screenshot	2940	1912	libjxl	9	4.5000	0	213112	0.0000	79.6408	0.000000	4.539021	0.000	50484.823	-100.000	-79.6408	-100.000	-100.000	FAILED	89e3c405809a53c2872179d05bda80a69503b2fb	cargo run -p jxl-encoder --release --features 'parallel butteraugli-loop ssim2-loop' --example w44_170_cjxl_step025_sweep -- --image imac_g3 --effort 9 --distance-min 4.5 --distance-max 4.5 --distance-step 4.5 --strategy libjxl --corpus-manifest benchmarks/corpora/w44_170_varied_corpus.tsv
terminal	screenshot	1646	1062	libjxl	5	0.2500	186713	186503	95.8649	95.8713	0.252675	0.256219	1137.038	1082.827	0.113	-0.0064	-1.383	5.006	OK	89e3c405809a53c2872179d05bda80a69503b2fb	cargo run -p jxl-encoder --release --features 'parallel butteraugli-loop ssim2-loop' --example w44_170_cjxl_step025_sweep -- --image terminal --effort 5 --distance-min 0.25 --distance-max 0.25 --distance-step 0.25 --strategy libjxl --corpus-manifest benchmarks/corpora/w44_170_varied_corpus.tsv
terminal	screenshot	1646	1062	libjxl	5	0.5000	148439	147952	94.1757	94.6774	0.437340	0.428858	1560.744	887.450	0.329	-0.5018	1.978	75.868	OK	89e3c405809a53c2872179d05bda80a69503b2fb	cargo run -p jxl-encoder --release --features 'parallel butteraugli-loop ssim2-loop' --example w44_170_cjxl_step025_sweep -- --image terminal --effort 5 --distance-min 0.5 --distance-max 0.5 --distance-step 0.5 --strategy libjxl --corpus-manifest benchmarks/corpora/w44_170_varied_corpus.tsv
terminal	screenshot	1646	1062	libjxl	5	0.7500	152680	149616	92.1282	93.4683	0.658820	0.652776	1841.547	1137.143	2.048	-1.3401	0.926	61.945	OK	89e3c405809a53c2872179d05bda80a69503b2fb	cargo run -p jxl-encoder --release --features 'parallel butteraugli-loop ssim2-loop' --example w44_170_cjxl_step025_sweep -- --image terminal --effort 5 --distance-min 0.75 --distance-max 0.75 --distance-step 0.75 --strategy libjxl --corpus-manifest benchmarks/corpora/w44_170_varied_corpus.tsv
terminal	screenshot	1646	1062	libjxl	5	1.0000	136691	133671	91.5131	92.2658	0.728732	0.755738	2021.773	1293.213	2.259	-0.7527	-3.573	56.337	OK	89e3c405809a53c2872179d05bda80a69503b2fb	cargo run -p jxl-encoder --release --features 'parallel butteraugli-loop ssim2-loop' --example w44_170_cjxl_step025_sweep -- --image terminal --effort 5 --distance-min 1 --distance-max 1 --distance-step 1 --strategy libjxl --corpus-manifest benchmarks/corpora/w44_170_varied_corpus.tsv
terminal	screenshot	1646	1062	libjxl	5	1.2500	124108	121597	90.7219	90.8395	0.856288	0.964202	2084.009	1200.534	2.065	-0.1175	-11.192	73.590	OK	89e3c405809a53c2872179d05bda80a69503b2fb	cargo run -p jxl-encoder --release --features 'parallel butteraugli-loop ssim2-loop' --example w44_170_cjxl_step025_sweep -- --image terminal --effort 5 --distance-min 1.25 --distance-max 1.25 --distance-step 1.25 --strategy libjxl --corpus-manifest benchmarks/corpora/w44_170_varied_corpus.tsv
terminal	screenshot	1646	1062	libjxl	5	1.5000	116451	111615	89.9686	90.1675	1.063653	1.212887	2044.108	1237.589	4.333	-0.1989	-12.304	65.168	OK	89e3c405809a53c2872179d05bda80a69503b2fb	cargo run -p jxl-encoder --release --features 'parallel butteraugli-loop ssim2-loop' --example w44_170_cjxl_step025_sweep -- --image terminal --effort 5 --distance-min 1.5 --distance-max 1.5 --distance-step 1.5 --strategy libjxl --corpus-manifest benchmarks/corpora/w44_170_varied_corpus.tsv
terminal	screenshot	1646	1062	libjxl	5	1.7500	109314	105081	89.1226	88.6861	1.171014	1.381797	1819.536	1413.607	4.028	0.4365	-15.254	28.716	OK	89e3c405809a53c2872179d05bda80a69503b2fb	cargo run -p jxl-encoder --release --features 'parallel butteraugli-loop ssim2-loop' --example w44_170_cjxl_step025_sweep -- --image terminal --effort 5 --distance-min 1.75 --distance-max 1.75 --distance-step 1.75 --strategy libjxl --corpus-manifest benchmarks/corpora/w44_170_varied_corpus.tsv
terminal	screenshot	1646	1062	libjxl	5	2.0000	102610	99694	87.6439	88.3996	1.363161	1.417875	1936.563	1411.647	2.925	-0.7557	-3.859	37.185	OK	89e3c405809a53c2872179d05bda80a69503b2fb	cargo run -p jxl-encoder --release --features 'parallel butteraugli-loop ssim2-loop' --example w44_170_cjxl_step025_sweep -- --image terminal --effort 5 --distance-min 2 --distance-max 2 --distance-step 2 --strategy libjxl --corpus-manifest benchmarks/corpora/w44_170_varied_corpus.tsv
terminal	screenshot	1646	1062	libjxl	5	2.2500	97462	93872	84.4772	87.0406	1.653113	1.456415	2295.690	847.546	3.824	-2.5634	13.506	170.863	OK	89e3c405809a53c2872179d05bda80a69503b2fb	cargo run -p jxl-encoder --release --features 'parallel butteraugli-loop ssim2-loop' --example w44_170_cjxl_step025_sweep -- --image terminal --effort 5 --distance-min 2.25 --distance-max 2.25 --distance-step 2.25 --strategy libjxl --corpus-manifest benchmarks/corpora/w44_170_varied_corpus.tsv
terminal	screenshot	1646	1062	libjxl	5	2.5000	91817	88741	86.3417	86.8631	1.579372	1.639219	1738.705	1618.485	3.466	-0.5215	-3.651	7.428	OK	89e3c405809a53c2872179d05bda80a69503b2fb	cargo run -p jxl-encoder --release --features 'parallel butteraugli-loop ssim2-loop' --example w44_170_cjxl_step025_sweep -- --image terminal --effort 5 --distance-min 2.5 --distance-max 2.5 --distance-step 2.5 --strategy libjxl --corpus-manifest benchmarks/corpora/w44_170_varied_corpus.tsv
terminal	screenshot	1646	1062	libjxl	5	2.7500	90143	86154	85.6730	85.8069	2.054471	2.076889	1519.012	2285.257	4.630	-0.1340	-1.079	-33.530	OK	89e3c405809a53c2872179d05bda80a69503b2fb	cargo run -p jxl-encoder --release --features 'parallel butteraugli-loop ssim2-loop' --example w44_170_cjxl_step025_sweep -- --image terminal --effort 5 --distance-min 2.75 --distance-max 2.75 --distance-step 2.75 --strategy libjxl --corpus-manifest benchmarks/corpora/w44_170_varied_corpus.tsv
terminal	screenshot	1646	1062	libjxl	5	3.0000	86117	82452	84.9377	84.7672	1.850283	1.953553	2099.505	1568.220	4.445	0.1706	-5.286	33.878	OK	89e3c405809a53c2872179d05bda80a69503b2fb	cargo run -p jxl-encoder --release --features 'parallel butteraugli-loop ssim2-loop' --example w44_170_cjxl_step025_sweep -- --image terminal --effort 5 --distance-min 3 --distance-max 3 --distance-step 3 --strategy libjxl --corpus-manifest benchmarks/corpora/w44_170_varied_corpus.tsv
terminal	screenshot	1646	1062	libjxl	5	3.2500	82734	77949	83.1014	83.9562	2.019662	1.987651	1382.102	1752.375	6.139	-0.8549	1.610	-21.130	OK	89e3c405809a53c2872179d05bda80a69503b2fb	cargo run -p jxl-encoder --release --features 'parallel butteraugli-loop ssim2-loop' --example w44_170_cjxl_step025_sweep -- --image terminal --effort 5 --distance-min 3.25 --distance-max 3.25 --distance-step 3.25 --strategy libjxl --corpus-manifest benchmarks/corpora/w44_170_varied_corpus.tsv
terminal	screenshot	1646	1062	libjxl	5	3.5000	78484	74533	82.1784	83.6113	2.072571	2.196364	1775.722	958.776	5.301	-1.4330	-5.636	85.207	OK	89e3c405809a53c2872179d05bda80a69503b2fb	cargo run -p jxl-encoder --release --features 'parallel butteraugli-loop ssim2-loop' --example w44_170_cjxl_step025_sweep -- --image terminal --effort 5 --distance-min 3.5 --distance-max 3.5 --distance-step 3.5 --strategy libjxl --corpus-manifest benchmarks/corpora/w44_170_varied_corpus.tsv
terminal	screenshot	1646	1062	libjxl	6	4.5000	69040	68133	79.5841	81.5745	3.281310	3.244055	5554.270	2063.519	1.331	-1.9903	1.148	169.165	OK	89e3c405809a53c2872179d05bda80a69503b2fb	cargo run -p jxl-encoder --release --features 'parallel butteraugli-loop ssim2-loop' --example w44_170_cjxl_step025_sweep -- --image terminal --effort 6 --distance-min 4.5 --distance-max 4.5 --distance-step 4.5 --strategy libjxl --corpus-manifest benchmarks/corpora/w44_170_varied_corpus.tsv
terminal	screenshot	1646	1062	libjxl	6	4.7500	65487	64808	79.1823	80.6170	3.763617	3.705313	4253.160	1884.951	1.048	-1.4347	1.574	125.638	OK	89e3c405809a53c2872179d05bda80a69503b2fb	cargo run -p jxl-encoder --release --features 'parallel butteraugli-loop ssim2-loop' --example w44_170_cjxl_step025_sweep -- --image terminal --effort 6 --distance-min 4.75 --distance-max 4.75 --distance-step 4.75 --strategy libjxl --corpus-manifest benchmarks/corpora/w44_170_varied_corpus.tsv
terminal	screenshot	1646	1062	libjxl	6	5.0000	64290	62724	78.8729	79.8971	3.945882	3.964364	3271.295	1973.794	2.497	-1.0242	-0.466	65.736	OK	89e3c405809a53c2872179d05bda80a69503b2fb	cargo run -p jxl-encoder --release --features 'parallel butteraugli-loop ssim2-loop' --example w44_170_cjxl_step025_sweep -- --image terminal --effort 6 --distance-min 5 --distance-max 5 --distance-step 5 --strategy libjxl --corpus-manifest benchmarks/corpora/w44_170_varied_corpus.tsv
terminal	screenshot	1646	1062	libjxl	7	0.2500	63410	186607	96.2596	95.8354	0.239820	0.243906	1942.703	1282.669	-66.019	0.4242	-1.675	51.458	OK	89e3c405809a53c2872179d05bda80a69503b2fb	cargo run -p jxl-encoder --release --features 'parallel butteraugli-loop ssim2-loop' --example w44_170_cjxl_step025_sweep -- --image terminal --effort 7 --distance-min 0.25 --distance-max 0.25 --distance-step 0.25 --strategy libjxl --corpus-manifest benchmarks/corpora/w44_170_varied_corpus.tsv
terminal	screenshot	1646	1062	libjxl	7	0.5000	51641	148111	95.1183	94.7699	0.394729	0.428185	3575.104	1232.643	-65.134	0.3484	-7.813	190.036	OK	89e3c405809a53c2872179d05bda80a69503b2fb	cargo run -p jxl-encoder --release --features 'parallel butteraugli-loop ssim2-loop' --example w44_170_cjxl_step025_sweep -- --image terminal --effort 7 --distance-min 0.5 --distance-max 0.5 --distance-step 0.5 --strategy libjxl --corpus-manifest benchmarks/corpora/w44_170_varied_corpus.tsv
terminal	screenshot	1646	1062	libjxl	7	0.7500	60751	150405	92.0772	93.5681	0.524006	0.645120	4132.268	2438.485	-59.608	-1.4909	-18.774	69.460	OK	89e3c405809a53c2872179d05bda80a69503b2fb	cargo run -p jxl-encoder --release --features 'parallel butteraugli-loop ssim2-loop' --example w44_170_cjxl_step025_sweep -- --image terminal --effort 7 --distance-min 0.75 --distance-max 0.75 --distance-step 0.75 --strategy libjxl --corpus-manifest benchmarks/corpora/w44_170_varied_corpus.tsv
terminal	screenshot	1646	1062	libjxl	7	1.0000	55657	134040	92.0128	92.4770	0.729991	0.758720	3466.687	2455.926	-58.477	-0.4642	-3.787	41.156	OK	89e3c405809a53c2872179d05bda80a69503b2fb	cargo run -p jxl-encoder --release --features 'parallel butteraugli-loop ssim2-loop' --example w44_170_cjxl_step025_sweep -- --image terminal --effort 7 --distance-min 1 --distance-max 1 --distance-step 1 --strategy libjxl --corpus-manifest benchmarks/corpora/w44_170_varied_corpus.tsv
terminal	screenshot	1646	1062	libjxl	7	1.2500	51430	121508	91.1786	91.0493	0.855508	1.068818	4145.609	1956.364	-57.674	0.1293	-19.958	111.904	OK	89e3c405809a53c2872179d05bda80a69503b2fb	cargo run -p jxl-encoder --release --features 'parallel butteraugli-loop ssim2-loop' --example w44_170_cjxl_step025_sweep -- --image terminal --effort 7 --distance-min 1.25 --distance-max 1.25 --distance-step 1.25 --strategy libjxl --corpus-manifest benchmarks/corpora/w44_170_varied_corpus.tsv
terminal	screenshot	1646	1062	libjxl	7	1.5000	47989	111641	91.9460	90.5891	0.965906	1.042205	3034.335	2104.431	-57.015	1.3569	-7.321	44.188	OK	89e3c405809a53c2872179d05bda80a69503b2fb	cargo run -p jxl-encoder --release --features 'parallel butteraugli-loop ssim2-loop' --example w44_170_cjxl_step025_sweep -- --image terminal --effort 7 --distance-min 1.5 --distance-max 1.5 --distance-step 1.5 --strategy libjxl --corpus-manifest benchmarks/corpora/w44_170_varied_corpus.tsv
terminal	screenshot	1646	1062	libjxl	7	1.7500	44976	105511	90.6985	89.3464	1.127271	1.159543	2902.251	3148.721	-57.373	1.3520	-2.783	-7.828	OK	89e3c405809a53c2872179d05bda80a69503b2fb	cargo run -p jxl-encoder --release --features 'parallel butteraugli-loop ssim2-loop' --example w44_170_cjxl_step025_sweep -- --image terminal --effort 7 --distance-min 1.75 --distance-max 1.75 --distance-step 1.75 --strategy libjxl --corpus-manifest benchmarks/corpora/w44_170_varied_corpus.tsv
terminal	screenshot	1646	1062	libjxl	7	2.0000	44744	100048	87.8636	88.8941	1.302328	1.400561	2972.725	1970.464	-55.277	-1.0305	-7.014	50.864	OK	89e3c405809a53c2872179d05bda80a69503b2fb	cargo run -p jxl-encoder --release --features 'parallel butteraugli-loop ssim2-loop' --example w44_170_cjxl_step025_sweep -- --image terminal --effort 7 --distance-min 2 --distance-max 2 --distance-step 2 --strategy libjxl --corpus-manifest benchmarks/corpora/w44_170_varied_corpus.tsv
terminal	screenshot	1646	1062	libjxl	7	2.2500	43323	94750	83.6861	87.5466	1.538242	1.369793	3008.235	2423.604	-54.277	-3.8605	12.297	24.122	OK	89e3c405809a53c2872179d05bda80a69503b2fb	cargo run -p jxl-encoder --release --features 'parallel butteraugli-loop ssim2-loop' --example w44_170_cjxl_step025_sweep -- --image terminal --effort 7 --distance-min 2.25 --distance-max 2.25 --distance-step 2.25 --strategy libjxl --corpus-manifest benchmarks/corpora/w44_170_varied_corpus.tsv
terminal	screenshot	1646	1062	libjxl	7	2.5000	39989	89652	87.1473	87.1855	1.861113	1.623809	2454.952	2076.257	-55.395	-0.0382	14.614	18.239	OK	89e3c405809a53c2872179d05bda80a69503b2fb	cargo run -p jxl-encoder --release --features 'parallel butteraugli-loop ssim2-loop' --example w44_170_cjxl_step025_sweep -- --image terminal --effort 7 --distance-min 2.5 --distance-max 2.5 --distance-step 2.5 --strategy libjxl --corpus-manifest benchmarks/corpora/w44_170_varied_corpus.tsv
terminal	screenshot	1646	1062	libjxl	7	2.7500	38337	86504	87.4389	86.4612	1.605044	1.619109	3543.194	2127.925	-55.682	0.9777	-0.869	66.509	OK	89e3c405809a53c2872179d05bda80a69503b2fb	cargo run -p jxl-encoder --release --features 'parallel butteraugli-loop ssim2-loop' --example w44_170_cjxl_step025_sweep -- --image terminal --effort 7 --distance-min 2.75 --distance-max 2.75 --distance-step 2.75 --strategy libjxl --corpus-manifest benchmarks/corpora/w44_170_varied_corpus.tsv
terminal	screenshot	1646	1062	libjxl	7	3.0000	37427	37645	85.1183	88.1171	2.019404	1.871070	2213.371	2778.528	-0.579	-2.9988	7.928	-20.340	OK	89e3c405809a53c2872179d05bda80a69503b2fb	cargo run -p jxl-encoder --release --features 'parallel butteraugli-loop ssim2-loop' --example w44_170_cjxl_step025_sweep -- --image terminal --effort 7 --distance-min 3 --distance-max 3 --distance-step 3 --strategy libjxl --corpus-manifest benchmarks/corpora/w44_170_varied_corpus.tsv
terminal	screenshot	1646	1062	libjxl	7	3.2500	36811	35697	84.4982	87.8457	2.090884	1.909951	3009.141	3266.506	3.121	-3.3475	9.473	-7.879	OK	89e3c405809a53c2872179d05bda80a69503b2fb	cargo run -p jxl-encoder --release --features 'parallel butteraugli-loop ssim2-loop' --example w44_170_cjxl_step025_sweep -- --image terminal --effort 7 --distance-min 3.25 --distance-max 3.25 --distance-step 3.25 --strategy libjxl --corpus-manifest benchmarks/corpora/w44_170_varied_corpus.tsv
terminal	screenshot	1646	1062	libjxl	7	3.5000	35985	34542	83.1264	87.6973	1.921548	1.883796	2680.512	2415.586	4.178	-4.5709	2.004	10.967	OK	89e3c405809a53c2872179d05bda80a69503b2fb	cargo run -p jxl-encoder --release --features 'parallel butteraugli-loop ssim2-loop' --example w44_170_cjxl_step025_sweep -- --image terminal --effort 7 --distance-min 3.5 --distance-max 3.5 --distance-step 3.5 --strategy libjxl --corpus-manifest benchmarks/corpora/w44_170_varied_corpus.tsv
terminal	screenshot	1646	1062	libjxl	7	3.7500	35098	33678	81.6018	86.7856	2.300391	2.140112	2383.597	2522.975	4.216	-5.1838	7.489	-5.524	OK	89e3c405809a53c2872179d05bda80a69503b2fb	cargo run -p jxl-encoder --release --features 'parallel butteraugli-loop ssim2-loop' --example w44_170_cjxl_step025_sweep -- --image terminal --effort 7 --distance-min 3.75 --distance-max 3.75 --distance-step 3.75 --strategy libjxl --corpus-manifest benchmarks/corpora/w44_170_varied_corpus.tsv
terminal	screenshot	1646	1062	libjxl	7	4.0000	35016	33536	82.2912	87.6210	2.083012	2.169539	3166.604	2834.182	4.413	-5.3298	-3.988	11.729	OK	89e3c405809a53c2872179d05bda80a69503b2fb	cargo run -p jxl-encoder --release --features 'parallel butteraugli-loop ssim2-loop' --example w44_170_cjxl_step025_sweep -- --image terminal --effort 7 --distance-min 4 --distance-max 4 --distance-step 4 --strategy libjxl --corpus-manifest benchmarks/corpora/w44_170_varied_corpus.tsv
terminal	screenshot	1646	1062	libjxl	7	4.2500	32006	32732	81.1802	87.1188	2.473886	2.584949	3340.350	2974.452	-2.218	-5.9386	-4.297	12.301	OK	89e3c405809a53c2872179d05bda80a69503b2fb	cargo run -p jxl-encoder --release --features 'parallel butteraugli-loop ssim2-loop' --example w44_170_cjxl_step025_sweep -- --image terminal --effort 7 --distance-min 4.25 --distance-max 4.25 --distance-step 4.25 --strategy libjxl --corpus-manifest benchmarks/corpora/w44_170_varied_corpus.tsv
terminal	screenshot	1646	1062	libjxl	7	4.5000	32569	32476	79.9467	84.4858	2.333326	2.349819	3775.561	2955.385	0.286	-4.5391	-0.702	27.752	OK	89e3c405809a53c2872179d05bda80a69503b2fb	cargo run -p jxl-encoder --release --features 'parallel butteraugli-loop ssim2-loop' --example w44_170_cjxl_step025_sweep -- --image terminal --effort 7 --distance-min 4.5 --distance-max 4.5 --distance-step 4.5 --strategy libjxl --corpus-manifest benchmarks/corpora/w44_170_varied_corpus.tsv
terminal	screenshot	1646	1062	libjxl	7	4.7500	30614	30475	81.8680	85.8523	3.072039	2.902626	2312.322	2497.602	0.456	-3.9843	5.837	-7.418	OK	89e3c405809a53c2872179d05bda80a69503b2fb	cargo run -p jxl-encoder --release --features 'parallel butteraugli-loop ssim2-loop' --example w44_170_cjxl_step025_sweep -- --image terminal --effort 7 --distance-min 4.75 --distance-max 4.75 --distance-step 4.75 --strategy libjxl --corpus-manifest benchmarks/corpora/w44_170_varied_corpus.tsv
terminal	screenshot	1646	1062	libjxl	7	5.0000	30067	29707	78.8772	84.3561	3.169160	2.892457	3141.943	1982.437	1.212	-5.4789	9.566	58.489	OK	89e3c405809a53c2872179d05bda80a69503b2fb	cargo run -p jxl-encoder --release --features 'parallel butteraugli-loop ssim2-loop' --example w44_170_cjxl_step025_sweep -- --image terminal --effort 7 --distance-min 5 --distance-max 5 --distance-step 5 --strategy libjxl --corpus-manifest benchmarks/corpora/w44_170_varied_corpus.tsv
terminal	screenshot	1646	1062	libjxl	8	0.2500	56538	186691	95.8977	95.8354	0.244585	0.243906	11269.501	1429.754	-69.716	0.0623	0.279	688.213	OK	89e3c405809a53c2872179d05bda80a69503b2fb	cargo run -p jxl-encoder --release --features 'parallel butteraugli-loop ssim2-loop' --example w44_170_cjxl_step025_sweep -- --image terminal --effort 8 --distance-min 0.25 --distance-max 0.25 --distance-step 0.25 --strategy libjxl --corpus-manifest benchmarks/corpora/w44_170_varied_corpus.tsv
terminal	screenshot	1646	1062	libjxl	8	0.5000	45864	148145	94.6923	94.7699	0.374712	0.428185	10512.250	1332.824	-69.041	-0.0776	-12.488	688.720	OK	89e3c405809a53c2872179d05bda80a69503b2fb	cargo run -p jxl-encoder --release --features 'parallel butteraugli-loop ssim2-loop' --example w44_170_cjxl_step025_sweep -- --image terminal --effort 8 --distance-min 0.5 --distance-max 0.5 --distance-step 0.5 --strategy libjxl --corpus-manifest benchmarks/corpora/w44_170_varied_corpus.tsv
terminal	screenshot	1646	1062	libjxl	8	0.7500	53482	62571	93.3681	94.9841	0.666730	0.635311	13955.749	13471.381	-14.526	-1.6160	4.945	3.596	OK	89e3c405809a53c2872179d05bda80a69503b2fb	cargo run -p jxl-encoder --release --features 'parallel butteraugli-loop ssim2-loop' --example w44_170_cjxl_step025_sweep -- --image terminal --effort 8 --distance-min 0.75 --distance-max 0.75 --distance-step 0.75 --strategy libjxl --corpus-manifest benchmarks/corpora/w44_170_varied_corpus.tsv
terminal	screenshot	1646	1062	libjxl	8	1.0000	49737	93240	91.6619	94.3070	0.781978	0.752878	15729.440	12579.210	-46.657	-2.6451	3.865	25.043	OK	89e3c405809a53c2872179d05bda80a69503b2fb	cargo run -p jxl-encoder --release --features 'parallel butteraugli-loop ssim2-loop' --example w44_170_cjxl_step025_sweep -- --image terminal --effort 8 --distance-min 1 --distance-max 1 --distance-step 1 --strategy libjxl --corpus-manifest benchmarks/corpora/w44_170_varied_corpus.tsv
terminal	screenshot	1646	1062	libjxl	8	2.2500	36717	71450	87.3620	91.4024	1.706363	2.039937	11544.927	10813.421	-48.612	-4.0404	-16.352	6.765	OK	89e3c405809a53c2872179d05bda80a69503b2fb	cargo run -p jxl-encoder --release --features 'parallel butteraugli-loop ssim2-loop' --example w44_170_cjxl_step025_sweep -- --image terminal --effort 8 --distance-min 2.25 --distance-max 2.25 --distance-step 2.25 --strategy libjxl --corpus-manifest benchmarks/corpora/w44_170_varied_corpus.tsv
terminal	screenshot	1646	1062	libjxl	8	2.5000	35449	66882	86.0233	90.6235	1.951449	1.768235	11621.169	10392.601	-46.998	-4.6002	10.361	11.822	OK	89e3c405809a53c2872179d05bda80a69503b2fb	cargo run -p jxl-encoder --release --features 'parallel butteraugli-loop ssim2-loop' --example w44_170_cjxl_step025_sweep -- --image terminal --effort 8 --distance-min 2.5 --distance-max 2.5 --distance-step 2.5 --strategy libjxl --corpus-manifest benchmarks/corpora/w44_170_varied_corpus.tsv
terminal	screenshot	1646	1062	libjxl	8	2.7500	34483	64208	87.0534	89.8052	1.821257	1.946708	10194.622	10613.458	-46.295	-2.7518	-6.444	-3.946	OK	89e3c405809a53c2872179d05bda80a69503b2fb	cargo run -p jxl-encoder --release --features 'parallel butteraugli-loop ssim2-loop' --example w44_170_cjxl_step025_sweep -- --image terminal --effort 8 --distance-min 2.75 --distance-max 2.75 --distance-step 2.75 --strategy libjxl --corpus-manifest benchmarks/corpora/w44_170_varied_corpus.tsv
terminal	screenshot	1646	1062	libjxl	8	3.0000	33310	63243	81.5503	88.1755	2.126078	1.911429	10145.273	11638.043	-47.330	-6.6252	11.230	-12.827	OK	89e3c405809a53c2872179d05bda80a69503b2fb	cargo run -p jxl-encoder --release --features 'parallel butteraugli-loop ssim2-loop' --example w44_170_cjxl_step025_sweep -- --image terminal --effort 8 --distance-min 3 --distance-max 3 --distance-step 3 --strategy libjxl --corpus-manifest benchmarks/corpora/w44_170_varied_corpus.tsv
terminal	screenshot	1646	1062	libjxl	8	3.2500	32636	60395	83.4870	86.6818	2.470064	2.127484	9223.085	13265.438	-45.962	-3.1948	16.103	-30.473	OK	89e3c405809a53c2872179d05bda80a69503b2fb	cargo run -p jxl-encoder --release --features 'parallel butteraugli-loop ssim2-loop' --example w44_170_cjxl_step025_sweep -- --image terminal --effort 8 --distance-min 3.25 --distance-max 3.25 --distance-step 3.25 --strategy libjxl --corpus-manifest benchmarks/corpora/w44_170_varied_corpus.tsv
terminal	screenshot	1646	1062	libjxl	8	3.5000	31835	56764	80.8370	86.9010	2.448275	2.343567	11251.901	13365.485	-43.917	-6.0640	4.468	-15.814	OK	89e3c405809a53c2872179d05bda80a69503b2fb	cargo run -p jxl-encoder --release --features 'parallel butteraugli-loop ssim2-loop' --example w44_170_cjxl_step025_sweep -- --image terminal --effort 8 --distance-min 3.5 --distance-max 3.5 --distance-step 3.5 --strategy libjxl --corpus-manifest benchmarks/corpora/w44_170_varied_corpus.tsv
windows95	screenshot	640	480	libjxl	5	0.2500	74101	71880	95.0400	95.1147	0.227096	0.214595	199.393	160.623	3.090	-0.0747	5.825	24.137	OK	89e3c405809a53c2872179d05bda80a69503b2fb	cargo run -p jxl-encoder --release --features 'parallel butteraugli-loop ssim2-loop' --example w44_170_cjxl_step025_sweep -- --image windows95 --effort 5 --distance-min 0.25 --distance-max 0.25 --distance-step 0.25 --strategy libjxl --corpus-manifest benchmarks/corpora/w44_170_varied_corpus.tsv
windows95	screenshot	640	480	libjxl	5	0.5000	65958	63838	93.4327	92.9436	0.743630	0.801253	283.797	400.101	3.321	0.4892	-7.192	-29.069	OK	89e3c405809a53c2872179d05bda80a69503b2fb	cargo run -p jxl-encoder --release --features 'parallel butteraugli-loop ssim2-loop' --example w44_170_cjxl_step025_sweep -- --image windows95 --effort 5 --distance-min 0.5 --distance-max 0.5 --distance-step 0.5 --strategy libjxl --corpus-manifest benchmarks/corpora/w44_170_varied_corpus.tsv
windows95	screenshot	640	480	libjxl	5	0.7500	90888	88016	90.6935	90.6539	1.172042	0.942736	406.390	492.809	3.263	0.0395	24.323	-17.536	OK	89e3c405809a53c2872179d05bda80a69503b2fb	cargo run -p jxl-encoder --release --features 'parallel butteraugli-loop ssim2-loop' --example w44_170_cjxl_step025_sweep -- --image windows95 --effort 5 --distance-min 0.75 --distance-max 0.75 --distance-step 0.75 --strategy libjxl --corpus-manifest benchmarks/corpora/w44_170_varied_corpus.tsv
windows95	screenshot	640	480	libjxl	5	1.0000	82923	80098	88.3583	88.0681	1.286015	1.286894	393.436	358.353	3.527	0.2901	-0.068	9.790	OK	89e3c405809a53c2872179d05bda80a69503b2fb	cargo run -p jxl-encoder --release --features 'parallel butteraugli-loop ssim2-loop' --example w44_170_cjxl_step025_sweep -- --image windows95 --effort 5 --distance-min 1 --distance-max 1 --distance-step 1 --strategy libjxl --corpus-manifest benchmarks/corpora/w44_170_varied_corpus.tsv
windows95	screenshot	640	480	libjxl	5	1.2500	76546	74349	86.8371	87.0201	1.450457	1.431369	355.554	330.245	2.955	-0.1829	1.334	7.664	OK	89e3c405809a53c2872179d05bda80a69503b2fb	cargo run -p jxl-encoder --release --features 'parallel butteraugli-loop ssim2-loop' --example w44_170_cjxl_step025_sweep -- --image windows95 --effort 5 --distance-min 1.25 --distance-max 1.25 --distance-step 1.25 --strategy libjxl --corpus-manifest benchmarks/corpora/w44_170_varied_corpus.tsv
windows95	screenshot	640	480	libjxl	5	1.5000	71734	69526	84.2054	84.6900	1.708850	1.676672	408.801	284.064	3.176	-0.4847	1.919	43.911	OK	89e3c405809a53c2872179d05bda80a69503b2fb	cargo run -p jxl-encoder --release --features 'parallel butteraugli-loop ssim2-loop' --example w44_170_cjxl_step025_sweep -- --image windows95 --effort 5 --distance-min 1.5 --distance-max 1.5 --distance-step 1.5 --strategy libjxl --corpus-manifest benchmarks/corpora/w44_170_varied_corpus.tsv
windows95	screenshot	640	480	libjxl	5	1.7500	67675	64971	82.0143	82.6353	1.940809	1.812727	346.636	302.927	4.162	-0.6210	7.066	14.429	OK	89e3c405809a53c2872179d05bda80a69503b2fb	cargo run -p jxl-encoder --release --features 'parallel butteraugli-loop ssim2-loop' --example w44_170_cjxl_step025_sweep -- --image windows95 --effort 5 --distance-min 1.75 --distance-max 1.75 --distance-step 1.75 --strategy libjxl --corpus-manifest benchmarks/corpora/w44_170_varied_corpus.tsv
windows95	screenshot	640	480	libjxl	5	2.0000	64033	61657	80.2800	80.6419	2.306933	2.265735	358.662	361.548	3.854	-0.3619	1.818	-0.798	OK	89e3c405809a53c2872179d05bda80a69503b2fb	cargo run -p jxl-encoder --release --features 'parallel butteraugli-loop ssim2-loop' --example w44_170_cjxl_step025_sweep -- --image windows95 --effort 5 --distance-min 2 --distance-max 2 --distance-step 2 --strategy libjxl --corpus-manifest benchmarks/corpora/w44_170_varied_corpus.tsv
windows95	screenshot	640	480	libjxl	5	2.2500	61346	58952	77.2879	78.5007	2.583054	2.581627	303.672	291.915	4.061	-1.2128	0.055	4.028	OK	89e3c405809a53c2872179d05bda80a69503b2fb	cargo run -p jxl-encoder --release --features 'parallel butteraugli-loop ssim2-loop' --example w44_170_cjxl_step025_sweep -- --image windows95 --effort 5 --distance-min 2.25 --distance-max 2.25 --distance-step 2.25 --strategy libjxl --corpus-manifest benchmarks/corpora/w44_170_varied_corpus.tsv
windows95	screenshot	640	480	libjxl	5	2.5000	58156	55897	75.6581	76.4155	2.794804	2.728710	356.022	196.538	4.041	-0.7574	2.422	81.147	OK	89e3c405809a53c2872179d05bda80a69503b2fb	cargo run -p jxl-encoder --release --features 'parallel butteraugli-loop ssim2-loop' --example w44_170_cjxl_step025_sweep -- --image windows95 --effort 5 --distance-min 2.5 --distance-max 2.5 --distance-step 2.5 --strategy libjxl --corpus-manifest benchmarks/corpora/w44_170_varied_corpus.tsv
windows95	screenshot	640	480	libjxl	5	2.7500	55704	54077	73.5357	74.6798	2.946894	2.864709	312.664	212.296	3.009	-1.1440	2.869	47.277	OK	89e3c405809a53c2872179d05bda80a69503b2fb	cargo run -p jxl-encoder --release --features 'parallel butteraugli-loop ssim2-loop' --example w44_170_cjxl_step025_sweep -- --image windows95 --effort 5 --distance-min 2.75 --distance-max 2.75 --distance-step 2.75 --strategy libjxl --corpus-manifest benchmarks/corpora/w44_170_varied_corpus.tsv
windows95	screenshot	640	480	libjxl	5	3.0000	53804	51456	71.1707	72.2194	3.262295	3.296352	314.413	267.866	4.563	-1.0488	-1.033	17.377	OK	89e3c405809a53c2872179d05bda80a69503b2fb	cargo run -p jxl-encoder --release --features 'parallel butteraugli-loop ssim2-loop' --example w44_170_cjxl_step025_sweep -- --image windows95 --effort 5 --distance-min 3 --distance-max 3 --distance-step 3 --strategy libjxl --corpus-manifest benchmarks/corpora/w44_170_varied_corpus.tsv
windows95	screenshot	640	480	libjxl	5	3.2500	51903	50065	67.1786	67.9146	3.755764	3.801375	389.189	255.307	3.671	-0.7359	-1.200	52.440	OK	89e3c405809a53c2872179d05bda80a69503b2fb	cargo run -p jxl-encoder --release --features 'parallel butteraugli-loop ssim2-loop' --example w44_170_cjxl_step025_sweep -- --image windows95 --effort 5 --distance-min 3.25 --distance-max 3.25 --distance-step 3.25 --strategy libjxl --corpus-manifest benchmarks/corpora/w44_170_varied_corpus.tsv
windows95	screenshot	640	480	libjxl	5	3.5000	49939	47964	64.6710	65.2379	4.417700	4.434619	382.424	238.656	4.118	-0.5669	-0.382	60.241	OK	89e3c405809a53c2872179d05bda80a69503b2fb	cargo run -p jxl-encoder --release --features 'parallel butteraugli-loop ssim2-loop' --example w44_170_cjxl_step025_sweep -- --image windows95 --effort 5 --distance-min 3.5 --distance-max 3.5 --distance-step 3.5 --strategy libjxl --corpus-manifest benchmarks/corpora/w44_170_varied_corpus.tsv
windows95	screenshot	640	480	libjxl	5	3.7500	48474	46248	65.3448	65.9566	4.496538	4.417483	401.595	381.463	4.813	-0.6118	1.790	5.278	OK	89e3c405809a53c2872179d05bda80a69503b2fb	cargo run -p jxl-encoder --release --features 'parallel butteraugli-loop ssim2-loop' --example w44_170_cjxl_step025_sweep -- --image windows95 --effort 5 --distance-min 3.75 --distance-max 3.75 --distance-step 3.75 --strategy libjxl --corpus-manifest benchmarks/corpora/w44_170_varied_corpus.tsv
windows95	screenshot	640	480	libjxl	5	4.0000	47342	45199	62.1534	62.6742	4.550309	4.339459	462.630	490.900	4.741	-0.5209	4.859	-5.759	OK	89e3c405809a53c2872179d05bda80a69503b2fb	cargo run -p jxl-encoder --release --features 'parallel butteraugli-loop ssim2-loop' --example w44_170_cjxl_step025_sweep -- --image windows95 --effort 5 --distance-min 4 --distance-max 4 --distance-step 4 --strategy libjxl --corpus-manifest benchmarks/corpora/w44_170_varied_corpus.tsv
windows95	screenshot	640	480	libjxl	5	4.2500	45419	43221	60.8897	60.7363	4.438449	4.376962	488.033	311.887	5.085	0.1534	1.405	56.478	OK	89e3c405809a53c2872179d05bda80a69503b2fb	cargo run -p jxl-encoder --release --features 'parallel butteraugli-loop ssim2-loop' --example w44_170_cjxl_step025_sweep -- --image windows95 --effort 5 --distance-min 4.25 --distance-max 4.25 --distance-step 4.25 --strategy libjxl --corpus-manifest benchmarks/corpora/w44_170_varied_corpus.tsv
windows95	screenshot	640	480	libjxl	5	4.5000	44246	42293	61.4238	62.1664	4.633647	4.345753	578.100	246.115	4.618	-0.7427	6.625	134.890	OK	89e3c405809a53c2872179d05bda80a69503b2fb	cargo run -p jxl-encoder --release --features 'parallel butteraugli-loop ssim2-loop' --example w44_170_cjxl_step025_sweep -- --image windows95 --effort 5 --distance-min 4.5 --distance-max 4.5 --distance-step 4.5 --strategy libjxl --corpus-manifest benchmarks/corpora/w44_170_varied_corpus.tsv
windows95	screenshot	640	480	libjxl	5	4.7500	42819	41317	60.4863	60.9912	5.508709	4.251373	479.393	237.592	3.635	-0.5050	29.575	101.771	OK	89e3c405809a53c2872179d05bda80a69503b2fb	cargo run -p jxl-encoder --release --features 'parallel butteraugli-loop ssim2-loop' --example w44_170_cjxl_step025_sweep -- --image windows95 --effort 5 --distance-min 4.75 --distance-max 4.75 --distance-step 4.75 --strategy libjxl --corpus-manifest benchmarks/corpora/w44_170_varied_corpus.tsv
windows95	screenshot	640	480	libjxl	5	5.0000	41656	39995	58.9336	59.5747	4.996233	4.631609	375.094	402.040	4.153	-0.6412	7.873	-6.702	OK	89e3c405809a53c2872179d05bda80a69503b2fb	cargo run -p jxl-encoder --release --features 'parallel butteraugli-loop ssim2-loop' --example w44_170_cjxl_step025_sweep -- --image windows95 --effort 5 --distance-min 5 --distance-max 5 --distance-step 5 --strategy libjxl --corpus-manifest benchmarks/corpora/w44_170_varied_corpus.tsv
windows95	screenshot	640	480	libjxl	6	0.2500	74619	72402	94.9018	95.0642	0.226762	0.225867	292.578	400.287	3.062	-0.1623	0.396	-26.908	OK	89e3c405809a53c2872179d05bda80a69503b2fb	cargo run -p jxl-encoder --release --features 'parallel butteraugli-loop ssim2-loop' --example w44_170_cjxl_step025_sweep -- --image windows95 --effort 6 --distance-min 0.25 --distance-max 0.25 --distance-step 0.25 --strategy libjxl --corpus-manifest benchmarks/corpora/w44_170_varied_corpus.tsv
windows95	screenshot	640	480	libjxl	6	0.5000	66732	64422	93.1407	92.4615	0.742222	0.801190	317.826	266.311	3.586	0.6791	-7.360	19.344	OK	89e3c405809a53c2872179d05bda80a69503b2fb	cargo run -p jxl-encoder --release --features 'parallel butteraugli-loop ssim2-loop' --example w44_170_cjxl_step025_sweep -- --image windows95 --effort 6 --distance-min 0.5 --distance-max 0.5 --distance-step 0.5 --strategy libjxl --corpus-manifest benchmarks/corpora/w44_170_varied_corpus.tsv
windows95	screenshot	640	480	libjxl	6	0.7500	89495	87451	90.0172	90.0745	1.172321	1.166387	409.320	497.216	2.337	-0.0574	0.509	-17.678	OK	89e3c405809a53c2872179d05bda80a69503b2fb	cargo run -p jxl-encoder --release --features 'parallel butteraugli-loop ssim2-loop' --example w44_170_cjxl_step025_sweep -- --image windows95 --effort 6 --distance-min 0.75 --distance-max 0.75 --distance-step 0.75 --strategy libjxl --corpus-manifest benchmarks/corpora/w44_170_varied_corpus.tsv
windows95	screenshot	640	480	libjxl	6	1.0000	81713	79494	87.7793	87.3639	1.247615	1.280862	368.734	478.208	2.791	0.4155	-2.596	-22.892	OK	89e3c405809a53c2872179d05bda80a69503b2fb	cargo run -p jxl-encoder --release --features 'parallel butteraugli-loop ssim2-loop' --example w44_170_cjxl_step025_sweep -- --image windows95 --effort 6 --distance-min 1 --distance-max 1 --distance-step 1 --strategy libjxl --corpus-manifest benchmarks/corpora/w44_170_varied_corpus.tsv
windows95	screenshot	640	480	libjxl	6	1.2500	75521	73225	86.1351	86.7371	1.538765	1.531288	450.805	476.275	3.136	-0.6020	0.488	-5.348	OK	89e3c405809a53c2872179d05bda80a69503b2fb	cargo run -p jxl-encoder --release --features 'parallel butteraugli-loop ssim2-loop' --example w44_170_cjxl_step025_sweep -- --image windows95 --effort 6 --distance-min 1.25 --distance-max 1.25 --distance-step 1.25 --strategy libjxl --corpus-manifest benchmarks/corpora/w44_170_varied_corpus.tsv
windows95	screenshot	640	480	libjxl	6	1.5000	70539	68661	83.7977	84.5689	1.726191	1.820373	526.576	505.098	2.735	-0.7711	-5.174	4.252	OK	89e3c405809a53c2872179d05bda80a69503b2fb	cargo run -p jxl-encoder --release --features 'parallel butteraugli-loop ssim2-loop' --example w44_170_cjxl_step025_sweep -- --image windows95 --effort 6 --distance-min 1.5 --distance-max 1.5 --distance-step 1.5 --strategy libjxl --corpus-manifest benchmarks/corpora/w44_170_varied_corpus.tsv
windows95	screenshot	640	480	libjxl	6	1.7500	67121	65004	82.0972	82.5736	2.351908	2.296590	526.589	475.871	3.257	-0.4764	2.409	10.658	OK	89e3c405809a53c2872179d05bda80a69503b2fb	cargo run -p jxl-encoder --release --features 'parallel butteraugli-loop ssim2-loop' --example w44_170_cjxl_step025_sweep -- --image windows95 --effort 6 --distance-min 1.75 --distance-max 1.75 --distance-step 1.75 --strategy libjxl --corpus-manifest benchmarks/corpora/w44_170_varied_corpus.tsv
windows95	screenshot	640	480	libjxl	6	2.0000	63770	61699	80.4482	80.9303	2.266157	2.291980	312.244	530.643	3.357	-0.4821	-1.127	-41.157	OK	89e3c405809a53c2872179d05bda80a69503b2fb	cargo run -p jxl-encoder --release --features 'parallel butteraugli-loop ssim2-loop' --example w44_170_cjxl_step025_sweep -- --image windows95 --effort 6 --distance-min 2 --distance-max 2 --distance-step 2 --strategy libjxl --corpus-manifest benchmarks/corpora/w44_170_varied_corpus.tsv
windows95	screenshot	640	480	libjxl	6	2.2500	61062	59683	77.7432	78.6093	2.586268	2.572919	416.430	418.974	2.311	-0.8661	0.519	-0.607	OK	89e3c405809a53c2872179d05bda80a69503b2fb	cargo run -p jxl-encoder --release --features 'parallel butteraugli-loop ssim2-loop' --example w44_170_cjxl_step025_sweep -- --image windows95 --effort 6 --distance-min 2.25 --distance-max 2.25 --distance-step 2.25 --strategy libjxl --corpus-manifest benchmarks/corpora/w44_170_varied_corpus.tsv
windows95	screenshot	640	480	libjxl	6	2.5000	57606	55889	73.9666	74.9699	3.142699	3.097809	448.556	461.497	3.072	-1.0033	1.449	-2.804	OK	89e3c405809a53c2872179d05bda80a69503b2fb	cargo run -p jxl-encoder --release --features 'parallel butteraugli-loop ssim2-loop' --example w44_170_cjxl_step025_sweep -- --image windows95 --effort 6 --distance-min 2.5 --distance-max 2.5 --distance-step 2.5 --strategy libjxl --corpus-manifest benchmarks/corpora/w44_170_varied_corpus.tsv
windows95	screenshot	640	480	libjxl	6	2.7500	55774	54124	73.6402	75.5978	3.433188	2.996930	530.288	481.894	3.049	-1.9577	14.557	10.043	OK	89e3c405809a53c2872179d05bda80a69503b2fb	cargo run -p jxl-encoder --release --features 'parallel butteraugli-loop ssim2-loop' --example w44_170_cjxl_step025_sweep -- --image windows95 --effort 6 --distance-min 2.75 --distance-max 2.75 --distance-step 2.75 --strategy libjxl --corpus-manifest benchmarks/corpora/w44_170_varied_corpus.tsv
windows95	screenshot	640	480	libjxl	6	3.0000	53938	52015	71.4803	72.8198	3.262602	3.252741	431.663	502.342	3.697	-1.3395	0.303	-14.070	OK	89e3c405809a53c2872179d05bda80a69503b2fb	cargo run -p jxl-encoder --release --features 'parallel butteraugli-loop ssim2-loop' --example w44_170_cjxl_step025_sweep -- --image windows95 --effort 6 --distance-min 3 --distance-max 3 --distance-step 3 --strategy libjxl --corpus-manifest benchmarks/corpora/w44_170_varied_corpus.tsv
windows95	screenshot	640	480	libjxl	6	3.2500	52547	50599	66.8283	68.0159	3.798750	3.790740	358.378	619.040	3.850	-1.1876	0.211	-42.107	OK	89e3c405809a53c2872179d05bda80a69503b2fb	cargo run -p jxl-encoder --release --features 'parallel butteraugli-loop ssim2-loop' --example w44_170_cjxl_step025_sweep -- --image windows95 --effort 6 --distance-min 3.25 --distance-max 3.25 --distance-step 3.25 --strategy libjxl --corpus-manifest benchmarks/corpora/w44_170_varied_corpus.tsv
windows95	screenshot	640	480	libjxl	6	3.5000	50415	48738	64.7570	66.1983	4.417566	4.353014	467.200	536.692	3.441	-1.4413	1.483	-12.948	OK	89e3c405809a53c2872179d05bda80a69503b2fb	cargo run -p jxl-encoder --release --features 'parallel butteraugli-loop ssim2-loop' --example w44_170_cjxl_step025_sweep -- --image windows95 --effort 6 --distance-min 3.5 --distance-max 3.5 --distance-step 3.5 --strategy libjxl --corpus-manifest benchmarks/corpora/w44_170_varied_corpus.tsv
windows95	screenshot	640	480	libjxl	6	3.7500	49211	47348	65.8151	67.0468	4.445407	4.097054	377.465	335.134	3.935	-1.2318	8.503	12.631	OK	89e3c405809a53c2872179d05bda80a69503b2fb	cargo run -p jxl-encoder --release --features 'parallel butteraugli-loop ssim2-loop' --example w44_170_cjxl_step025_sweep -- --image windows95 --effort 6 --distance-min 3.75 --distance-max 3.75 --distance-step 3.75 --strategy libjxl --corpus-manifest benchmarks/corpora/w44_170_varied_corpus.tsv
windows95	screenshot	640	480	libjxl	6	4.0000	48089	46216	61.6054	63.2006	4.182318	4.080546	536.589	615.188	4.053	-1.5952	2.494	-12.776	OK	89e3c405809a53c2872179d05bda80a69503b2fb	cargo run -p jxl-encoder --release --features 'parallel butteraugli-loop ssim2-loop' --example w44_170_cjxl_step025_sweep -- --image windows95 --effort 6 --distance-min 4 --distance-max 4 --distance-step 4 --strategy libjxl --corpus-manifest benchmarks/corpora/w44_170_varied_corpus.tsv
windows95	screenshot	640	480	libjxl	6	4.2500	45197	43197	58.7191	59.7734	4.439030	4.252508	468.400	419.266	4.630	-1.0543	4.386	11.719	OK	89e3c405809a53c2872179d05bda80a69503b2fb	cargo run -p jxl-encoder --release --features 'parallel butteraugli-loop ssim2-loop' --example w44_170_cjxl_step025_sweep -- --image windows95 --effort 6 --distance-min 4.25 --distance-max 4.25 --distance-step 4.25 --strategy libjxl --corpus-manifest benchmarks/corpora/w44_170_varied_corpus.tsv
windows95	screenshot	640	480	libjxl	6	4.5000	44528	42974	58.1771	60.1112	4.633647	4.318862	597.792	580.919	3.616	-1.9341	7.289	2.905	OK	89e3c405809a53c2872179d05bda80a69503b2fb	cargo run -p jxl-encoder --release --features 'parallel butteraugli-loop ssim2-loop' --example w44_170_cjxl_step025_sweep -- --image windows95 --effort 6 --distance-min 4.5 --distance-max 4.5 --distance-step 4.5 --strategy libjxl --corpus-manifest benchmarks/corpora/w44_170_varied_corpus.tsv
windows95	screenshot	640	480	libjxl	6	4.7500	42771	41542	60.4241	61.9380	5.508709	4.310173	456.769	570.007	2.958	-1.5139	27.807	-19.866	OK	89e3c405809a53c2872179d05bda80a69503b2fb	cargo run -p jxl-encoder --release --features 'parallel butteraugli-loop ssim2-loop' --example w44_170_cjxl_step025_sweep -- --image windows95 --effort 6 --distance-min 4.75 --distance-max 4.75 --distance-step 4.75 --strategy libjxl --corpus-manifest benchmarks/corpora/w44_170_varied_corpus.tsv
windows95	screenshot	640	480	libjxl	6	5.0000	41650	40254	58.9429	60.5860	5.027798	4.650333	515.151	451.548	3.468	-1.6431	8.117	14.086	OK	89e3c405809a53c2872179d05bda80a69503b2fb	cargo run -p jxl-encoder --release --features 'parallel butteraugli-loop ssim2-loop' --example w44_170_cjxl_step025_sweep -- --image windows95 --effort 6 --distance-min 5 --distance-max 5 --distance-step 5 --strategy libjxl --corpus-manifest benchmarks/corpora/w44_170_varied_corpus.tsv
windows95	screenshot	640	480	libjxl	7	0.2500	59827	51663	94.7186	95.4589	0.250067	0.182793	377.033	449.453	15.802	-0.7402	36.803	-16.113	OK	89e3c405809a53c2872179d05bda80a69503b2fb	cargo run -p jxl-encoder --release --features 'parallel butteraugli-loop ssim2-loop' --example w44_170_cjxl_step025_sweep -- --image windows95 --effort 7 --distance-min 0.25 --distance-max 0.25 --distance-step 0.25 --strategy libjxl --corpus-manifest benchmarks/corpora/w44_170_varied_corpus.tsv
windows95	screenshot	640	480	libjxl	7	0.5000	50734	45869	93.4158	93.9787	0.553243	0.748572	336.937	353.834	10.606	-0.5629	-26.094	-4.775	OK	89e3c405809a53c2872179d05bda80a69503b2fb	cargo run -p jxl-encoder --release --features 'parallel butteraugli-loop ssim2-loop' --example w44_170_cjxl_step025_sweep -- --image windows95 --effort 7 --distance-min 0.5 --distance-max 0.5 --distance-step 0.5 --strategy libjxl --corpus-manifest benchmarks/corpora/w44_170_varied_corpus.tsv
windows95	screenshot	640	480	libjxl	7	0.7500	64551	53969	90.2446	91.8878	1.186205	0.942384	631.571	681.437	19.608	-1.6432	25.873	-7.318	OK	89e3c405809a53c2872179d05bda80a69503b2fb	cargo run -p jxl-encoder --release --features 'parallel butteraugli-loop ssim2-loop' --example w44_170_cjxl_step025_sweep -- --image windows95 --effort 7 --distance-min 0.75 --distance-max 0.75 --distance-step 0.75 --strategy libjxl --corpus-manifest benchmarks/corpora/w44_170_varied_corpus.tsv
windows95	screenshot	640	480	libjxl	7	1.0000	61607	49468	88.3439	89.9275	1.231301	1.203257	470.542	669.026	24.539	-1.5837	2.331	-29.668	OK	89e3c405809a53c2872179d05bda80a69503b2fb	cargo run -p jxl-encoder --release --features 'parallel butteraugli-loop ssim2-loop' --example w44_170_cjxl_step025_sweep -- --image windows95 --effort 7 --distance-min 1 --distance-max 1 --distance-step 1 --strategy libjxl --corpus-manifest benchmarks/corpora/w44_170_varied_corpus.tsv
windows95	screenshot	640	480	libjxl	7	1.2500	58401	46068	86.3925	88.4137	1.548290	1.498428	430.781	674.949	26.771	-2.0212	3.328	-36.176	OK	89e3c405809a53c2872179d05bda80a69503b2fb	cargo run -p jxl-encoder --release --features 'parallel butteraugli-loop ssim2-loop' --example w44_170_cjxl_step025_sweep -- --image windows95 --effort 7 --distance-min 1.25 --distance-max 1.25 --distance-step 1.25 --strategy libjxl --corpus-manifest benchmarks/corpora/w44_170_varied_corpus.tsv
windows95	screenshot	640	480	libjxl	7	1.5000	55512	43210	85.1296	86.4295	2.013989	2.042932	424.283	617.683	28.470	-1.2999	-1.417	-31.311	OK	89e3c405809a53c2872179d05bda80a69503b2fb	cargo run -p jxl-encoder --release --features 'parallel butteraugli-loop ssim2-loop' --example w44_170_cjxl_step025_sweep -- --image windows95 --effort 7 --distance-min 1.5 --distance-max 1.5 --distance-step 1.5 --strategy libjxl --corpus-manifest benchmarks/corpora/w44_170_varied_corpus.tsv
windows95	screenshot	640	480	libjxl	7	1.7500	55570	40780	82.1511	84.9985	2.072787	2.006278	467.842	630.219	36.268	-2.8474	3.315	-25.765	OK	89e3c405809a53c2872179d05bda80a69503b2fb	cargo run -p jxl-encoder --release --features 'parallel butteraugli-loop ssim2-loop' --example w44_170_cjxl_step025_sweep -- --image windows95 --effort 7 --distance-min 1.75 --distance-max 1.75 --distance-step 1.75 --strategy libjxl --corpus-manifest benchmarks/corpora/w44_170_varied_corpus.tsv
windows95	screenshot	640	480	libjxl	7	2.0000	54311	39088	80.7938	83.3650	2.700797	2.092393	420.340	642.355	38.945	-2.5712	29.077	-34.563	OK	89e3c405809a53c2872179d05bda80a69503b2fb	cargo run -p jxl-encoder --release --features 'parallel butteraugli-loop ssim2-loop' --example w44_170_cjxl_step025_sweep -- --image windows95 --effort 7 --distance-min 2 --distance-max 2 --distance-step 2 --strategy libjxl --corpus-manifest benchmarks/corpora/w44_170_varied_corpus.tsv
windows95	screenshot	640	480	libjxl	7	2.2500	53354	38060	79.5012	82.5407	2.812138	2.491663	453.526	493.336	40.184	-3.0396	12.862	-8.070	OK	89e3c405809a53c2872179d05bda80a69503b2fb	cargo run -p jxl-encoder --release --features 'parallel butteraugli-loop ssim2-loop' --example w44_170_cjxl_step025_sweep -- --image windows95 --effort 7 --distance-min 2.25 --distance-max 2.25 --distance-step 2.25 --strategy libjxl --corpus-manifest benchmarks/corpora/w44_170_varied_corpus.tsv
windows95	screenshot	640	480	libjxl	7	2.5000	51700	35726	62.8647	79.4292	3.974005	2.743227	552.065	921.684	44.713	-16.5645	44.866	-40.103	OK	89e3c405809a53c2872179d05bda80a69503b2fb	cargo run -p jxl-encoder --release --features 'parallel butteraugli-loop ssim2-loop' --example w44_170_cjxl_step025_sweep -- --image windows95 --effort 7 --distance-min 2.5 --distance-max 2.5 --distance-step 2.5 --strategy libjxl --corpus-manifest benchmarks/corpora/w44_170_varied_corpus.tsv
windows95	screenshot	640	480	libjxl	7	2.7500	49068	33769	58.8703	78.0437	4.335134	2.895179	435.149	849.216	45.305	-19.1734	49.736	-48.759	OK	89e3c405809a53c2872179d05bda80a69503b2fb	cargo run -p jxl-encoder --release --features 'parallel butteraugli-loop ssim2-loop' --example w44_170_cjxl_step025_sweep -- --image windows95 --effort 7 --distance-min 2.75 --distance-max 2.75 --distance-step 2.75 --strategy libjxl --corpus-manifest benchmarks/corpora/w44_170_varied_corpus.tsv
windows95	screenshot	640	480	libjxl	7	3.0000	49011	32839	59.2570	76.1529	4.467983	3.252730	517.046	664.914	49.246	-16.8959	37.361	-22.239	OK	89e3c405809a53c2872179d05bda80a69503b2fb	cargo run -p jxl-encoder --release --features 'parallel butteraugli-loop ssim2-loop' --example w44_170_cjxl_step025_sweep -- --image windows95 --effort 7 --distance-min 3 --distance-max 3 --distance-step 3 --strategy libjxl --corpus-manifest benchmarks/corpora/w44_170_varied_corpus.tsv
windows95	screenshot	640	480	libjxl	7	3.2500	48219	32211	56.4051	73.9457	4.437645	3.436434	443.296	680.806	49.697	-17.5407	29.135	-34.887	OK	89e3c405809a53c2872179d05bda80a69503b2fb	cargo run -p jxl-encoder --release --features 'parallel butteraugli-loop ssim2-loop' --example w44_170_cjxl_step025_sweep -- --image windows95 --effort 7 --distance-min 3.25 --distance-max 3.25 --distance-step 3.25 --strategy libjxl --corpus-manifest benchmarks/corpora/w44_170_varied_corpus.tsv
windows95	screenshot	640	480	libjxl	7	3.5000	46474	30636	54.6816	72.1243	4.685869	3.464418	549.948	653.256	51.697	-17.4426	35.257	-15.814	OK	89e3c405809a53c2872179d05bda80a69503b2fb	cargo run -p jxl-encoder --release --features 'parallel butteraugli-loop ssim2-loop' --example w44_170_cjxl_step025_sweep -- --image windows95 --effort 7 --distance-min 3.5 --distance-max 3.5 --distance-step 3.5 --strategy libjxl --corpus-manifest benchmarks/corpora/w44_170_varied_corpus.tsv
windows95	screenshot	640	480	libjxl	7	3.7500	45266	29958	67.6318	72.6538	4.237231	4.187925	479.843	683.520	51.098	-5.0219	1.177	-29.798	OK	89e3c405809a53c2872179d05bda80a69503b2fb	cargo run -p jxl-encoder --release --features 'parallel butteraugli-loop ssim2-loop' --example w44_170_cjxl_step025_sweep -- --image windows95 --effort 7 --distance-min 3.75 --distance-max 3.75 --distance-step 3.75 --strategy libjxl --corpus-manifest benchmarks/corpora/w44_170_varied_corpus.tsv
windows95	screenshot	640	480	libjxl	7	4.0000	45257	29083	55.7421	66.7629	5.141205	4.097602	670.046	614.913	55.613	-11.0209	25.469	8.966	OK	89e3c405809a53c2872179d05bda80a69503b2fb	cargo run -p jxl-encoder --release --features 'parallel butteraugli-loop ssim2-loop' --example w44_170_cjxl_step025_sweep -- --image windows95 --effort 7 --distance-min 4 --distance-max 4 --distance-step 4 --strategy libjxl --corpus-manifest benchmarks/corpora/w44_170_varied_corpus.tsv
windows95	screenshot	640	480	libjxl	7	4.2500	42641	27713	54.8071	63.8022	5.445845	4.770876	617.971	758.615	53.866	-8.9950	14.148	-18.540	OK	89e3c405809a53c2872179d05bda80a69503b2fb	cargo run -p jxl-encoder --release --features 'parallel butteraugli-loop ssim2-loop' --example w44_170_cjxl_step025_sweep -- --image windows95 --effort 7 --distance-min 4.25 --distance-max 4.25 --distance-step 4.25 --strategy libjxl --corpus-manifest benchmarks/corpora/w44_170_varied_corpus.tsv
windows95	screenshot	640	480	libjxl	7	4.5000	43510	27240	55.2216	64.1285	5.241461	4.309259	615.687	530.417	59.728	-8.9070	21.633	16.076	OK	89e3c405809a53c2872179d05bda80a69503b2fb	cargo run -p jxl-encoder --release --features 'parallel butteraugli-loop ssim2-loop' --example w44_170_cjxl_step025_sweep -- --image windows95 --effort 7 --distance-min 4.5 --distance-max 4.5 --distance-step 4.5 --strategy libjxl --corpus-manifest benchmarks/corpora/w44_170_varied_corpus.tsv
windows95	screenshot	640	480	libjxl	7	4.7500	40925	26785	58.5526	66.9290	4.925866	4.409330	578.176	622.087	52.791	-8.3764	11.715	-7.059	OK	89e3c405809a53c2872179d05bda80a69503b2fb	cargo run -p jxl-encoder --release --features 'parallel butteraugli-loop ssim2-loop' --example w44_170_cjxl_step025_sweep -- --image windows95 --effort 7 --distance-min 4.75 --distance-max 4.75 --distance-step 4.75 --strategy libjxl --corpus-manifest benchmarks/corpora/w44_170_varied_corpus.tsv
windows95	screenshot	640	480	libjxl	7	5.0000	40850	26163	56.9832	65.0972	5.344765	4.636072	946.316	485.922	56.137	-8.1140	15.286	94.747	OK	89e3c405809a53c2872179d05bda80a69503b2fb	cargo run -p jxl-encoder --release --features 'parallel butteraugli-loop ssim2-loop' --example w44_170_cjxl_step025_sweep -- --image windows95 --effort 7 --distance-min 5 --distance-max 5 --distance-step 5 --strategy libjxl --corpus-manifest benchmarks/corpora/w44_170_varied_corpus.tsv
windows95	screenshot	640	480	libjxl	8	0.2500	56073	61959	94.3697	95.6527	0.257974	0.200893	2166.706	1506.894	-9.500	-1.2831	28.414	43.786	OK	89e3c405809a53c2872179d05bda80a69503b2fb	cargo run -p jxl-encoder --release --features 'parallel butteraugli-loop ssim2-loop' --example w44_170_cjxl_step025_sweep -- --image windows95 --effort 8 --distance-min 0.25 --distance-max 0.25 --distance-step 0.25 --strategy libjxl --corpus-manifest benchmarks/corpora/w44_170_varied_corpus.tsv
windows95	screenshot	640	480	libjxl	8	0.5000	47634	53534	92.8448	94.1815	0.600278	0.623475	1181.045	2089.558	-11.021	-1.3367	-3.721	-43.479	OK	89e3c405809a53c2872179d05bda80a69503b2fb	cargo run -p jxl-encoder --release --features 'parallel butteraugli-loop ssim2-loop' --example w44_170_cjxl_step025_sweep -- --image windows95 --effort 8 --distance-min 0.5 --distance-max 0.5 --distance-step 0.5 --strategy libjxl --corpus-manifest benchmarks/corpora/w44_170_varied_corpus.tsv
windows95	screenshot	640	480	libjxl	8	0.7500	61763	66868	90.9341	92.6311	1.017929	0.902210	1477.960	2165.763	-7.634	-1.6971	12.826	-31.758	OK	89e3c405809a53c2872179d05bda80a69503b2fb	cargo run -p jxl-encoder --release --features 'parallel butteraugli-loop ssim2-loop' --example w44_170_cjxl_step025_sweep -- --image windows95 --effort 8 --distance-min 0.75 --distance-max 0.75 --distance-step 0.75 --strategy libjxl --corpus-manifest benchmarks/corpora/w44_170_varied_corpus.tsv
windows95	screenshot	640	480	libjxl	8	1.0000	58321	59890	88.4651	90.9376	1.205930	1.585219	1543.343	2125.852	-2.620	-2.4724	-23.927	-27.401	OK	89e3c405809a53c2872179d05bda80a69503b2fb	cargo run -p jxl-encoder --release --features 'parallel butteraugli-loop ssim2-loop' --example w44_170_cjxl_step025_sweep -- --image windows95 --effort 8 --distance-min 1 --distance-max 1 --distance-step 1 --strategy libjxl --corpus-manifest benchmarks/corpora/w44_170_varied_corpus.tsv
windows95	screenshot	640	480	libjxl	8	1.2500	54485	53865	86.0225	88.1574	1.533320	1.823218	1710.858	2365.069	1.151	-2.1349	-15.900	-27.661	OK	89e3c405809a53c2872179d05bda80a69503b2fb	cargo run -p jxl-encoder --release --features 'parallel butteraugli-loop ssim2-loop' --example w44_170_cjxl_step025_sweep -- --image windows95 --effort 8 --distance-min 1.25 --distance-max 1.25 --distance-step 1.25 --strategy libjxl --corpus-manifest benchmarks/corpora/w44_170_varied_corpus.tsv
windows95	screenshot	640	480	libjxl	8	1.5000	51367	49953	84.4161	86.2767	1.810548	1.924005	1808.654	1810.624	2.831	-1.8606	-5.897	-0.109	OK	89e3c405809a53c2872179d05bda80a69503b2fb	cargo run -p jxl-encoder --release --features 'parallel butteraugli-loop ssim2-loop' --example w44_170_cjxl_step025_sweep -- --image windows95 --effort 8 --distance-min 1.5 --distance-max 1.5 --distance-step 1.5 --strategy libjxl --corpus-manifest benchmarks/corpora/w44_170_varied_corpus.tsv
windows95	screenshot	640	480	libjxl	8	1.7500	51558	46815	82.0291	83.9624	2.152981	2.351449	2200.619	2213.627	10.131	-1.9333	-8.440	-0.588	OK	89e3c405809a53c2872179d05bda80a69503b2fb	cargo run -p jxl-encoder --release --features 'parallel butteraugli-loop ssim2-loop' --example w44_170_cjxl_step025_sweep -- --image windows95 --effort 8 --distance-min 1.75 --distance-max 1.75 --distance-step 1.75 --strategy libjxl --corpus-manifest benchmarks/corpora/w44_170_varied_corpus.tsv
windows95	screenshot	640	480	libjxl	8	2.0000	49871	44807	79.7138	82.1035	2.353129	2.552326	3551.421	2589.159	11.302	-2.3897	-7.805	37.165	OK	89e3c405809a53c2872179d05bda80a69503b2fb	cargo run -p jxl-encoder --release --features 'parallel butteraugli-loop ssim2-loop' --example w44_170_cjxl_step025_sweep -- --image windows95 --effort 8 --distance-min 2 --distance-max 2 --distance-step 2 --strategy libjxl --corpus-manifest benchmarks/corpora/w44_170_varied_corpus.tsv
windows95	screenshot	640	480	libjxl	8	2.2500	49281	43435	78.1825	81.9491	2.542599	2.881781	1522.174	1987.622	13.459	-3.7667	-11.770	-23.417	OK	89e3c405809a53c2872179d05bda80a69503b2fb	cargo run -p jxl-encoder --release --features 'parallel butteraugli-loop ssim2-loop' --example w44_170_cjxl_step025_sweep -- --image windows95 --effort 8 --distance-min 2.25 --distance-max 2.25 --distance-step 2.25 --strategy libjxl --corpus-manifest benchmarks/corpora/w44_170_varied_corpus.tsv
windows95	screenshot	640	480	libjxl	8	2.5000	48343	40725	71.8831	78.4244	2.992153	3.181775	2162.218	1770.619	18.706	-6.5412	-5.960	22.116	OK	89e3c405809a53c2872179d05bda80a69503b2fb	cargo run -p jxl-encoder --release --features 'parallel butteraugli-loop ssim2-loop' --example w44_170_cjxl_step025_sweep -- --image windows95 --effort 8 --distance-min 2.5 --distance-max 2.5 --distance-step 2.5 --strategy libjxl --corpus-manifest benchmarks/corpora/w44_170_varied_corpus.tsv
windows95	screenshot	640	480	libjxl	8	2.7500	45259	37711	68.5091	77.0446	3.222265	3.510948	1717.480	2591.992	20.015	-8.5355	-8.222	-33.739	OK	89e3c405809a53c2872179d05bda80a69503b2fb	cargo run -p jxl-encoder --release --features 'parallel butteraugli-loop ssim2-loop' --example w44_170_cjxl_step025_sweep -- --image windows95 --effort 8 --distance-min 2.75 --distance-max 2.75 --distance-step 2.75 --strategy libjxl --corpus-manifest benchmarks/corpora/w44_170_varied_corpus.tsv
windows95	screenshot	640	480	libjxl	8	3.0000	45318	37665	63.9360	75.1901	3.540305	3.285387	1753.853	2008.593	20.319	-11.2542	7.759	-12.683	OK	89e3c405809a53c2872179d05bda80a69503b2fb	cargo run -p jxl-encoder --release --features 'parallel butteraugli-loop ssim2-loop' --example w44_170_cjxl_step025_sweep -- --image windows95 --effort 8 --distance-min 3 --distance-max 3 --distance-step 3 --strategy libjxl --corpus-manifest benchmarks/corpora/w44_170_varied_corpus.tsv
windows95	screenshot	640	480	libjxl	8	3.2500	44515	35948	58.8587	72.1532	4.032183	3.508366	2375.773	2068.266	23.832	-13.2945	14.930	14.868	OK	89e3c405809a53c2872179d05bda80a69503b2fb	cargo run -p jxl-encoder --release --features 'parallel butteraugli-loop ssim2-loop' --example w44_170_cjxl_step025_sweep -- --image windows95 --effort 8 --distance-min 3.25 --distance-max 3.25 --distance-step 3.25 --strategy libjxl --corpus-manifest benchmarks/corpora/w44_170_varied_corpus.tsv
windows95	screenshot	640	480	libjxl	8	3.5000	42347	34527	57.8005	70.9800	3.918904	3.973416	2569.031	2469.345	22.649	-13.1795	-1.372	4.037	OK	89e3c405809a53c2872179d05bda80a69503b2fb	cargo run -p jxl-encoder --release --features 'parallel butteraugli-loop ssim2-loop' --example w44_170_cjxl_step025_sweep -- --image windows95 --effort 8 --distance-min 3.5 --distance-max 3.5 --distance-step 3.5 --strategy libjxl --corpus-manifest benchmarks/corpora/w44_170_varied_corpus.tsv
windows95	screenshot	640	480	libjxl	8	3.7500	41032	33248	64.2208	70.6561	4.236620	4.689222	2570.491	2059.410	23.412	-6.4353	-9.652	24.817	OK	89e3c405809a53c2872179d05bda80a69503b2fb	cargo run -p jxl-encoder --release --features 'parallel butteraugli-loop ssim2-loop' --example w44_170_cjxl_step025_sweep -- --image windows95 --effort 8 --distance-min 3.75 --distance-max 3.75 --distance-step 3.75 --strategy libjxl --corpus-manifest benchmarks/corpora/w44_170_varied_corpus.tsv
windows95	screenshot	640	480	libjxl	8	4.0000	40635	32098	56.3448	66.2369	4.622602	4.138937	1974.090	1908.005	26.597	-9.8922	11.686	3.464	OK	89e3c405809a53c2872179d05bda80a69503b2fb	cargo run -p jxl-encoder --release --features 'parallel butteraugli-loop ssim2-loop' --example w44_170_cjxl_step025_sweep -- --image windows95 --effort 8 --distance-min 4 --distance-max 4 --distance-step 4 --strategy libjxl --corpus-manifest benchmarks/corpora/w44_170_varied_corpus.tsv
windows95	screenshot	640	480	libjxl	8	4.2500	38750	30547	55.8096	62.3329	4.929208	4.528544	2912.775	2386.460	26.854	-6.5233	8.848	22.054	OK	89e3c405809a53c2872179d05bda80a69503b2fb	cargo run -p jxl-encoder --release --features 'parallel butteraugli-loop ssim2-loop' --example w44_170_cjxl_step025_sweep -- --image windows95 --effort 8 --distance-min 4.25 --distance-max 4.25 --distance-step 4.25 --strategy libjxl --corpus-manifest benchmarks/corpora/w44_170_varied_corpus.tsv
windows95	screenshot	640	480	libjxl	8	4.5000	39205	29556	52.5022	63.2252	5.409643	4.876518	2619.252	2159.084	32.647	-10.7230	10.932	21.313	OK	89e3c405809a53c2872179d05bda80a69503b2fb	cargo run -p jxl-encoder --release --features 'parallel butteraugli-loop ssim2-loop' --example w44_170_cjxl_step025_sweep -- --image windows95 --effort 8 --distance-min 4.5 --distance-max 4.5 --distance-step 4.5 --strategy libjxl --corpus-manifest benchmarks/corpora/w44_170_varied_corpus.tsv
windows95	screenshot	640	480	libjxl	8	4.7500	36505	28563	54.7183	63.6779	5.205204	5.326468	2224.840	2513.032	27.805	-8.9596	-2.277	-11.468	OK	89e3c405809a53c2872179d05bda80a69503b2fb	cargo run -p jxl-encoder --release --features 'parallel butteraugli-loop ssim2-loop' --example w44_170_cjxl_step025_sweep -- --image windows95 --effort 8 --distance-min 4.75 --distance-max 4.75 --distance-step 4.75 --strategy libjxl --corpus-manifest benchmarks/corpora/w44_170_varied_corpus.tsv
windows95	screenshot	640	480	libjxl	8	5.0000	35970	28114	52.2597	62.0756	5.743428	5.094805	2530.456	2032.487	27.943	-9.8158	12.731	24.501	OK	89e3c405809a53c2872179d05bda80a69503b2fb	cargo run -p jxl-encoder --release --features 'parallel butteraugli-loop ssim2-loop' --example w44_170_cjxl_step025_sweep -- --image windows95 --effort 8 --distance-min 5 --distance-max 5 --distance-step 5 --strategy libjxl --corpus-manifest benchmarks/corpora/w44_170_varied_corpus.tsv
windows95	screenshot	640	480	libjxl	9	0.2500	50920	60877	94.4509	95.7157	0.230115	0.200889	2810.821	2896.078	-16.356	-1.2648	14.548	-2.944	OK	89e3c405809a53c2872179d05bda80a69503b2fb	cargo run -p jxl-encoder --release --features 'parallel butteraugli-loop ssim2-loop' --example w44_170_cjxl_step025_sweep -- --image windows95 --effort 9 --distance-min 0.25 --distance-max 0.25 --distance-step 0.25 --strategy libjxl --corpus-manifest benchmarks/corpora/w44_170_varied_corpus.tsv
windows95	screenshot	640	480	libjxl	9	0.5000	47325	53403	92.8473	94.1362	0.480797	0.505317	2746.349	2427.974	-11.381	-1.2889	-4.852	13.113	OK	89e3c405809a53c2872179d05bda80a69503b2fb	cargo run -p jxl-encoder --release --features 'parallel butteraugli-loop ssim2-loop' --example w44_170_cjxl_step025_sweep -- --image windows95 --effort 9 --distance-min 0.5 --distance-max 0.5 --distance-step 0.5 --strategy libjxl --corpus-manifest benchmarks/corpora/w44_170_varied_corpus.tsv
windows95	screenshot	640	480	libjxl	9	0.7500	62752	68093	91.0483	92.7198	1.038571	0.920750	2486.499	2999.338	-7.844	-1.6714	12.796	-17.098	OK	89e3c405809a53c2872179d05bda80a69503b2fb	cargo run -p jxl-encoder --release --features 'parallel butteraugli-loop ssim2-loop' --example w44_170_cjxl_step025_sweep -- --image windows95 --effort 9 --distance-min 0.75 --distance-max 0.75 --distance-step 0.75 --strategy libjxl --corpus-manifest benchmarks/corpora/w44_170_varied_corpus.tsv
windows95	screenshot	640	480	libjxl	9	1.0000	59233	62129	88.5162	91.0861	1.078236	0.996182	2181.531	3295.473	-4.661	-2.5699	8.237	-33.802	OK	89e3c405809a53c2872179d05bda80a69503b2fb	cargo run -p jxl-encoder --release --features 'parallel butteraugli-loop ssim2-loop' --example w44_170_cjxl_step025_sweep -- --image windows95 --effort 9 --distance-min 1 --distance-max 1 --distance-step 1 --strategy libjxl --corpus-manifest benchmarks/corpora/w44_170_varied_corpus.tsv
windows95	screenshot	640	480	libjxl	9	1.2500	55375	57034	86.4122	90.0062	1.376834	1.255807	2542.131	3058.183	-2.909	-3.5939	9.637	-16.874	OK	89e3c405809a53c2872179d05bda80a69503b2fb	cargo run -p jxl-encoder --release --features 'parallel butteraugli-loop ssim2-loop' --example w44_170_cjxl_step025_sweep -- --image windows95 --effort 9 --distance-min 1.25 --distance-max 1.25 --distance-step 1.25 --strategy libjxl --corpus-manifest benchmarks/corpora/w44_170_varied_corpus.tsv
windows95	screenshot	640	480	libjxl	9	1.5000	52170	51754	84.8032	86.8681	1.537531	1.822344	3376.695	3110.336	0.804	-2.0649	-15.629	8.564	OK	89e3c405809a53c2872179d05bda80a69503b2fb	cargo run -p jxl-encoder --release --features 'parallel butteraugli-loop ssim2-loop' --example w44_170_cjxl_step025_sweep -- --image windows95 --effort 9 --distance-min 1.5 --distance-max 1.5 --distance-step 1.5 --strategy libjxl --corpus-manifest benchmarks/corpora/w44_170_varied_corpus.tsv
windows95	screenshot	640	480	libjxl	9	1.7500	52152	48037	82.3219	85.3185	1.776946	2.098309	2811.537	3412.934	8.566	-2.9966	-15.315	-17.621	OK	89e3c405809a53c2872179d05bda80a69503b2fb	cargo run -p jxl-encoder --release --features 'parallel butteraugli-loop ssim2-loop' --example w44_170_cjxl_step025_sweep -- --image windows95 --effort 9 --distance-min 1.75 --distance-max 1.75 --distance-step 1.75 --strategy libjxl --corpus-manifest benchmarks/corpora/w44_170_varied_corpus.tsv
windows95	screenshot	640	480	libjxl	9	2.0000	50636	45911	80.0921	83.2384	2.068298	2.353524	2874.668	3394.203	10.292	-3.1463	-12.119	-15.307	OK	89e3c405809a53c2872179d05bda80a69503b2fb	cargo run -p jxl-encoder --release --features 'parallel butteraugli-loop ssim2-loop' --example w44_170_cjxl_step025_sweep -- --image windows95 --effort 9 --distance-min 2 --distance-max 2 --distance-step 2 --strategy libjxl --corpus-manifest benchmarks/corpora/w44_170_varied_corpus.tsv
windows95	screenshot	640	480	libjxl	9	2.2500	49831	44396	78.3643	81.9972	2.348257	2.307857	2883.396	3528.508	12.242	-3.6329	1.751	-18.283	OK	89e3c405809a53c2872179d05bda80a69503b2fb	cargo run -p jxl-encoder --release --features 'parallel butteraugli-loop ssim2-loop' --example w44_170_cjxl_step025_sweep -- --image windows95 --effort 9 --distance-min 2.25 --distance-max 2.25 --distance-step 2.25 --strategy libjxl --corpus-manifest benchmarks/corpora/w44_170_varied_corpus.tsv
windows95	screenshot	640	480	libjxl	9	2.5000	48915	41618	72.0419	78.9263	2.638578	2.797130	3673.876	3440.557	17.533	-6.8844	-5.668	6.781	OK	89e3c405809a53c2872179d05bda80a69503b2fb	cargo run -p jxl-encoder --release --features 'parallel butteraugli-loop ssim2-loop' --example w44_170_cjxl_step025_sweep -- --image windows95 --effort 9 --distance-min 2.5 --distance-max 2.5 --distance-step 2.5 --strategy libjxl --corpus-manifest benchmarks/corpora/w44_170_varied_corpus.tsv
windows95	screenshot	640	480	libjxl	9	2.7500	45720	38582	68.5693	77.0867	2.980290	3.063998	3754.175	3494.440	18.501	-8.5174	-2.732	7.433	OK	89e3c405809a53c2872179d05bda80a69503b2fb	cargo run -p jxl-encoder --release --features 'parallel butteraugli-loop ssim2-loop' --example w44_170_cjxl_step025_sweep -- --image windows95 --effort 9 --distance-min 2.75 --distance-max 2.75 --distance-step 2.75 --strategy libjxl --corpus-manifest benchmarks/corpora/w44_170_varied_corpus.tsv
windows95	screenshot	640	480	libjxl	9	3.0000	45969	38248	67.0959	75.2622	3.292732	3.121769	3430.859	3737.475	20.187	-8.1663	5.476	-8.204	OK	89e3c405809a53c2872179d05bda80a69503b2fb	cargo run -p jxl-encoder --release --features 'parallel butteraugli-loop ssim2-loop' --example w44_170_cjxl_step025_sweep -- --image windows95 --effort 9 --distance-min 3 --distance-max 3 --distance-step 3 --strategy libjxl --corpus-manifest benchmarks/corpora/w44_170_varied_corpus.tsv
windows95	screenshot	640	480	libjxl	9	3.2500	44906	36635	60.8696	71.9937	3.710593	3.613052	3235.003	2873.612	22.577	-11.1241	2.700	12.576	OK	89e3c405809a53c2872179d05bda80a69503b2fb	cargo run -p jxl-encoder --release --features 'parallel butteraugli-loop ssim2-loop' --example w44_170_cjxl_step025_sweep -- --image windows95 --effort 9 --distance-min 3.25 --distance-max 3.25 --distance-step 3.25 --strategy libjxl --corpus-manifest benchmarks/corpora/w44_170_varied_corpus.tsv
windows95	screenshot	640	480	libjxl	9	3.5000	42676	35378	58.9207	69.7273	3.784124	3.844091	2709.385	3495.807	20.629	-10.8066	-1.560	-22.496	OK	89e3c405809a53c2872179d05bda80a69503b2fb	cargo run -p jxl-encoder --release --features 'parallel butteraugli-loop ssim2-loop' --example w44_170_cjxl_step025_sweep -- --image windows95 --effort 9 --distance-min 3.5 --distance-max 3.5 --distance-step 3.5 --strategy libjxl --corpus-manifest benchmarks/corpora/w44_170_varied_corpus.tsv
windows95	screenshot	640	480	libjxl	9	3.7500	41342	33813	64.2340	70.3260	3.835936	3.722266	2804.033	4221.539	22.267	-6.0920	3.054	-33.578	OK	89e3c405809a53c2872179d05bda80a69503b2fb	cargo run -p jxl-encoder --release --features 'parallel butteraugli-loop ssim2-loop' --example w44_170_cjxl_step025_sweep -- --image windows95 --effort 9 --distance-min 3.75 --distance-max 3.75 --distance-step 3.75 --strategy libjxl --corpus-manifest benchmarks/corpora/w44_170_varied_corpus.tsv
windows95	screenshot	640	480	libjxl	9	4.0000	40938	32824	56.7310	69.1109	4.193088	3.790632	3445.365	3773.818	24.720	-12.3800	10.617	-8.703	OK	89e3c405809a53c2872179d05bda80a69503b2fb	cargo run -p jxl-encoder --release --features 'parallel butteraugli-loop ssim2-loop' --example w44_170_cjxl_step025_sweep -- --image windows95 --effort 9 --distance-min 4 --distance-max 4 --distance-step 4 --strategy libjxl --corpus-manifest benchmarks/corpora/w44_170_varied_corpus.tsv
