image	class	width	height	effort	distance	jxl_bytes	cjxl_bytes	jxl_bfly	cjxl_bfly	jxl_ssim2	cjxl_ssim2	jxl_encode_ms	cjxl_encode_ms	jxl_lf_global	jxl_lf_groups	jxl_hf_global	jxl_ac_groups	jxl_main_total	jxl_patches	jxl_other	cjxl_lf_global	cjxl_lf_groups	cjxl_hf_global	cjxl_ac_groups	cjxl_main_total	cjxl_patches	cjxl_other	bytes_delta_pct	bfly_delta_pct	ssim2_delta_abs	status	last_investigated_commit	reproducer
1025469.png	photo	512	512	5	0.2000	121397	121762	0.352940	0.373812	95.5424	95.6206	1059.37	176.73	699	8105	3282	109280	121366	0	31	486	8775	3275	109199	121735	0	27	-0.300	-5.584	-0.0783	FIXED	9d8d5bb26bf5a534f599c0a7a7786db93803fd59	cargo run -p jxl-encoder --release --features 'parallel butteraugli-loop ssim2-loop' --example cjxl_parity_ledger -- --update --image 1025469.png --effort 5 --distance 0.2
1025469.png	photo	512	512	5	0.4000	76860	76426	0.721419	0.719687	93.5317	93.6754	977.44	180.28	779	6779	3065	66208	76831	0	29	430	7624	2651	65696	76401	0	25	0.568	0.241	-0.1437	FIXED	9d8d5bb26bf5a534f599c0a7a7786db93803fd59	cargo run -p jxl-encoder --release --features 'parallel butteraugli-loop ssim2-loop' --example cjxl_parity_ledger -- --update --image 1025469.png --effort 5 --distance 0.4
1025469.png	photo	512	512	5	0.6000	54907	55003	0.828425	0.841276	91.5032	91.3490	897.64	160.47	664	6021	1640	46555	54880	0	27	370	6965	1494	46151	54980	0	23	-0.175	-1.528	0.1542	FIXED	9d8d5bb26bf5a534f599c0a7a7786db93803fd59	cargo run -p jxl-encoder --release --features 'parallel butteraugli-loop ssim2-loop' --example cjxl_parity_ledger -- --update --image 1025469.png --effort 5 --distance 0.6
1025469.png	photo	512	512	5	0.8000	44511	44736	1.248522	1.234429	89.5670	89.4123	885.18	151.87	576	5536	1147	37224	44483	0	28	389	6480	1021	36823	44713	0	23	-0.503	1.142	0.1548	FIXED	9d8d5bb26bf5a534f599c0a7a7786db93803fd59	cargo run -p jxl-encoder --release --features 'parallel butteraugli-loop ssim2-loop' --example cjxl_parity_ledger -- --update --image 1025469.png --effort 5 --distance 0.8
1025469.png	photo	512	512	5	1.0000	37823	38010	1.411649	1.408793	87.7939	88.1120	833.27	125.61	545	5069	1020	31162	37796	0	27	404	5980	881	30722	37987	0	23	-0.492	0.203	-0.3181	FIXED	9d8d5bb26bf5a534f599c0a7a7786db93803fd59	cargo run -p jxl-encoder --release --features 'parallel butteraugli-loop ssim2-loop' --example cjxl_parity_ledger -- --update --image 1025469.png --effort 5 --distance 1
1025469.png	photo	512	512	5	1.2000	33497	33378	1.448899	1.549838	85.6122	85.9854	761.31	149.53	576	4742	1161	26990	33469	0	28	400	5684	931	26340	33355	0	23	0.357	-6.513	-0.3732	FIXED	9d8d5bb26bf5a534f599c0a7a7786db93803fd59	cargo run -p jxl-encoder --release --features 'parallel butteraugli-loop ssim2-loop' --example cjxl_parity_ledger -- --update --image 1025469.png --effort 5 --distance 1.2
1025469.png	photo	512	512	5	1.4000	29534	29551	1.732987	1.746473	83.7187	83.8199	794.75	155.61	544	4383	911	23669	29507	0	27	396	5376	753	23003	29528	0	23	-0.058	-0.772	-0.1012	FIXED	9d8d5bb26bf5a534f599c0a7a7786db93803fd59	cargo run -p jxl-encoder --release --features 'parallel butteraugli-loop ssim2-loop' --example cjxl_parity_ledger -- --update --image 1025469.png --effort 5 --distance 1.4
1025469.png	photo	512	512	5	1.6000	26605	26782	1.929807	1.969619	81.9542	82.0159	827.66	126.50	512	4261	798	21008	26579	0	26	404	5165	716	20478	26763	0	19	-0.661	-2.021	-0.0618	FIXED	9d8d5bb26bf5a534f599c0a7a7786db93803fd59	cargo run -p jxl-encoder --release --features 'parallel butteraugli-loop ssim2-loop' --example cjxl_parity_ledger -- --update --image 1025469.png --effort 5 --distance 1.6
1025469.png	photo	512	512	5	1.8000	24450	24491	2.280462	2.060990	80.1710	80.3430	759.74	258.12	520	4030	861	19013	24424	0	26	339	4952	781	18400	24472	0	19	-0.167	10.649	-0.1720	FIXED	9d8d5bb26bf5a534f599c0a7a7786db93803fd59	cargo run -p jxl-encoder --release --features 'parallel butteraugli-loop ssim2-loop' --example cjxl_parity_ledger -- --update --image 1025469.png --effort 5 --distance 1.8
1025469.png	photo	512	512	5	2.0000	22317	22414	2.336859	2.011266	78.3599	78.4570	743.78	106.06	484	3817	713	17277	22291	0	26	353	4707	671	16664	22395	0	19	-0.433	16.188	-0.0970	FIXED	9d8d5bb26bf5a534f599c0a7a7786db93803fd59	cargo run -p jxl-encoder --release --features 'parallel butteraugli-loop ssim2-loop' --example cjxl_parity_ledger -- --update --image 1025469.png --effort 5 --distance 2
1025469.png	photo	512	512	5	2.5000	18556	18758	2.677547	2.610239	74.5227	74.5766	713.29	104.48	457	3512	664	13897	18530	0	26	369	4340	603	13427	18739	0	19	-1.077	2.579	-0.0538	FIXED	9d8d5bb26bf5a534f599c0a7a7786db93803fd59	cargo run -p jxl-encoder --release --features 'parallel butteraugli-loop ssim2-loop' --example cjxl_parity_ledger -- --update --image 1025469.png --effort 5 --distance 2.5
1025469.png	photo	512	512	5	3.0000	15805	16129	2.672928	2.784935	70.6548	70.9480	683.94	281.82	483	3317	537	11442	15779	0	26	353	4136	462	11156	16107	0	22	-2.009	-4.022	-0.2932	FIXED	9d8d5bb26bf5a534f599c0a7a7786db93803fd59	cargo run -p jxl-encoder --release --features 'parallel butteraugli-loop ssim2-loop' --example cjxl_parity_ledger -- --update --image 1025469.png --effort 5 --distance 3
1025469.png	photo	512	512	5	4.0000	12677	12579	3.733186	4.092271	61.1442	61.6473	599.22	145.83	373	2928	799	8550	12650	0	27	327	3703	404	8122	12556	0	23	0.779	-8.775	-0.5031	FIXED	9d8d5bb26bf5a534f599c0a7a7786db93803fd59	cargo run -p jxl-encoder --release --features 'parallel butteraugli-loop ssim2-loop' --example cjxl_parity_ledger -- --update --image 1025469.png --effort 5 --distance 4
1025469.png	photo	512	512	5	5.0000	10517	10602	4.297359	4.276909	53.9496	54.1524	615.42	138.79	351	2794	717	6628	10490	0	27	320	3452	542	6265	10579	0	23	-0.802	0.478	-0.2028	FIXED	9d8d5bb26bf5a534f599c0a7a7786db93803fd59	cargo run -p jxl-encoder --release --features 'parallel butteraugli-loop ssim2-loop' --example cjxl_parity_ledger -- --update --image 1025469.png --effort 5 --distance 5
1025469.png	photo	512	512	5	6.0000	8862	9277	5.032167	5.131168	46.0633	46.6365	611.81	142.66	362	2558	487	5428	8835	0	27	324	3171	662	5097	9254	0	23	-4.473	-1.929	-0.5731	FIXED	9d8d5bb26bf5a534f599c0a7a7786db93803fd59	cargo run -p jxl-encoder --release --features 'parallel butteraugli-loop ssim2-loop' --example cjxl_parity_ledger -- --update --image 1025469.png --effort 5 --distance 6
1025469.png	photo	512	512	6	0.2000	121084	121449	0.352940	0.363155	95.5180	95.5565	1215.60	322.43	723	8197	3344	108789	121053	0	31	459	8876	3441	108646	121422	0	27	-0.301	-2.813	-0.0385	FIXED	9d8d5bb26bf5a534f599c0a7a7786db93803fd59	cargo run -p jxl-encoder --release --features 'parallel butteraugli-loop ssim2-loop' --example cjxl_parity_ledger -- --update --image 1025469.png --effort 6 --distance 0.2
1025469.png	photo	512	512	6	0.4000	76113	75638	0.721419	0.719688	93.5675	93.7406	1017.27	274.07	803	6943	2884	65454	76084	0	29	436	7775	2637	64765	75613	0	25	0.628	0.241	-0.1731	FIXED	9d8d5bb26bf5a534f599c0a7a7786db93803fd59	cargo run -p jxl-encoder --release --features 'parallel butteraugli-loop ssim2-loop' --example cjxl_parity_ledger -- --update --image 1025469.png --effort 6 --distance 0.4
1025469.png	photo	512	512	6	0.6000	54171	54303	0.828265	0.910412	91.5439	91.4109	976.26	253.31	668	6239	1518	45719	54144	0	27	380	7145	1559	45196	54280	0	23	-0.243	-9.023	0.1329	FIXED	9d8d5bb26bf5a534f599c0a7a7786db93803fd59	cargo run -p jxl-encoder --release --features 'parallel butteraugli-loop ssim2-loop' --example cjxl_parity_ledger -- --update --image 1025469.png --effort 6 --distance 0.6
1025469.png	photo	512	512	6	0.8000	44664	44533	1.243373	1.262500	89.6814	89.7256	903.17	227.75	592	6323	1150	36571	44636	0	28	397	7124	1148	35840	44509	0	24	0.294	-1.515	-0.0442	FIXED	9d8d5bb26bf5a534f599c0a7a7786db93803fd59	cargo run -p jxl-encoder --release --features 'parallel butteraugli-loop ssim2-loop' --example cjxl_parity_ledger -- --update --image 1025469.png --effort 6 --distance 0.8
1025469.png	photo	512	512	6	1.0000	37799	37712	1.365044	1.366720	87.9075	87.9762	993.67	277.31	573	5831	1046	30321	37771	0	28	393	6621	942	29733	37689	0	23	0.231	-0.123	-0.0687	FIXED	9d8d5bb26bf5a534f599c0a7a7786db93803fd59	cargo run -p jxl-encoder --release --features 'parallel butteraugli-loop ssim2-loop' --example cjxl_parity_ledger -- --update --image 1025469.png --effort 6 --distance 1
1025469.png	photo	512	512	6	1.2000	33222	33089	1.440574	1.489108	86.0832	86.3749	881.77	262.04	545	5563	1011	26076	33195	0	27	404	6332	1003	25327	33066	0	23	0.402	-3.259	-0.2918	FIXED	9d8d5bb26bf5a534f599c0a7a7786db93803fd59	cargo run -p jxl-encoder --release --features 'parallel butteraugli-loop ssim2-loop' --example cjxl_parity_ledger -- --update --image 1025469.png --effort 6 --distance 1.2
1025469.png	photo	512	512	6	1.4000	30411	29542	1.758072	1.710534	83.9812	84.2418	917.75	274.29	633	5273	1518	22959	30383	0	28	395	6026	805	22293	29519	0	23	2.942	2.779	-0.2606	FIXED	9d8d5bb26bf5a534f599c0a7a7786db93803fd59	cargo run -p jxl-encoder --release --features 'parallel butteraugli-loop ssim2-loop' --example cjxl_parity_ledger -- --update --image 1025469.png --effort 6 --distance 1.4
1025469.png	photo	512	512	6	1.6000	27091	26756	1.905025	1.860828	82.2732	82.8413	916.19	303.56	584	5163	1031	20286	27064	0	27	387	5913	699	19738	26737	0	19	1.252	2.375	-0.5681	FIXED	9d8d5bb26bf5a534f599c0a7a7786db93803fd59	cargo run -p jxl-encoder --release --features 'parallel butteraugli-loop ssim2-loop' --example cjxl_parity_ledger -- --update --image 1025469.png --effort 6 --distance 1.6
1025469.png	photo	512	512	6	1.8000	24237	24664	2.032779	2.027530	80.6276	80.8410	979.60	309.29	521	4925	652	18113	24211	0	26	355	5810	687	17793	24645	0	19	-1.731	0.259	-0.2134	FIXED	9d8d5bb26bf5a534f599c0a7a7786db93803fd59	cargo run -p jxl-encoder --release --features 'parallel butteraugli-loop ssim2-loop' --example cjxl_parity_ledger -- --update --image 1025469.png --effort 6 --distance 1.8
1025469.png	photo	512	512	6	2.0000	22870	22757	2.147048	2.086534	78.9254	79.4072	871.36	280.18	529	4714	763	16838	22844	0	26	404	5548	628	16158	22738	0	19	0.497	2.900	-0.4818	FIXED	9d8d5bb26bf5a534f599c0a7a7786db93803fd59	cargo run -p jxl-encoder --release --features 'parallel butteraugli-loop ssim2-loop' --example cjxl_parity_ledger -- --update --image 1025469.png --effort 6 --distance 2
1025469.png	photo	512	512	6	2.5000	18938	19166	2.507401	2.577095	75.3965	75.8907	814.02	218.57	464	4373	616	13459	18912	0	26	374	5186	589	12998	19147	0	19	-1.190	-2.704	-0.4942	FIXED	9d8d5bb26bf5a534f599c0a7a7786db93803fd59	cargo run -p jxl-encoder --release --features 'parallel butteraugli-loop ssim2-loop' --example cjxl_parity_ledger -- --update --image 1025469.png --effort 6 --distance 2.5
1025469.png	photo	512	512	6	3.0000	16335	16590	2.946602	2.817091	71.6956	72.4091	880.20	241.32	486	4120	569	11134	16309	0	26	380	4932	488	10768	16568	0	22	-1.537	4.597	-0.7136	FIXED	9d8d5bb26bf5a534f599c0a7a7786db93803fd59	cargo run -p jxl-encoder --release --features 'parallel butteraugli-loop ssim2-loop' --example cjxl_parity_ledger -- --update --image 1025469.png --effort 6 --distance 3
1025469.png	photo	512	512	6	4.0000	13262	13362	3.910554	3.258872	65.2679	65.5965	933.54	289.59	392	3837	631	8375	13235	0	27	330	4595	414	8000	13339	0	23	-0.748	19.997	-0.3286	FIXED	9d8d5bb26bf5a534f599c0a7a7786db93803fd59	cargo run -p jxl-encoder --release --features 'parallel butteraugli-loop ssim2-loop' --example cjxl_parity_ledger -- --update --image 1025469.png --effort 6 --distance 4
1025469.png	photo	512	512	6	5.0000	11025	11043	4.492110	4.378831	58.1948	58.0897	783.93	252.51	353	3300	717	6628	10998	0	27	327	3899	564	6230	11020	0	23	-0.163	2.587	0.1051	FIXED	9d8d5bb26bf5a534f599c0a7a7786db93803fd59	cargo run -p jxl-encoder --release --features 'parallel butteraugli-loop ssim2-loop' --example cjxl_parity_ledger -- --update --image 1025469.png --effort 6 --distance 5
1025469.png	photo	512	512	6	6.0000	9360	9822	4.429016	4.816435	51.1081	51.8705	750.55	227.10	364	3054	487	5428	9333	0	27	336	3625	806	5032	9799	0	23	-4.704	-8.044	-0.7624	FIXED	9d8d5bb26bf5a534f599c0a7a7786db93803fd59	cargo run -p jxl-encoder --release --features 'parallel butteraugli-loop ssim2-loop' --example cjxl_parity_ledger -- --update --image 1025469.png --effort 6 --distance 6
1025469.png	photo	512	512	7	0.2000	121090	119906	0.353115	0.351612	95.5477	95.6677	1246.15	257.04	723	8199	3355	108782	121059	0	31	441	8877	3049	107512	119879	0	27	0.987	0.427	-0.1200	FIXED	9d8d5bb26bf5a534f599c0a7a7786db93803fd59	cargo run -p jxl-encoder --release --features 'parallel butteraugli-loop ssim2-loop' --example cjxl_parity_ledger -- --update --image 1025469.png --effort 7 --distance 0.2
1025469.png	photo	512	512	7	0.4000	76114	75022	0.721281	0.720787	93.5934	93.6805	1174.71	270.89	804	6943	2940	65398	76085	0	29	458	7782	2650	64107	74997	0	25	1.456	0.068	-0.0870	FIXED	9d8d5bb26bf5a534f599c0a7a7786db93803fd59	cargo run -p jxl-encoder --release --features 'parallel butteraugli-loop ssim2-loop' --example cjxl_parity_ledger -- --update --image 1025469.png --effort 7 --distance 0.4
1025469.png	photo	512	512	7	0.6000	54160	53984	0.828255	0.909473	91.5006	91.5356	1323.01	298.98	668	6237	1559	45669	54133	0	27	410	7175	1496	44880	53961	0	23	0.326	-8.930	-0.0350	FIXED	9d8d5bb26bf5a534f599c0a7a7786db93803fd59	cargo run -p jxl-encoder --release --features 'parallel butteraugli-loop ssim2-loop' --example cjxl_parity_ledger -- --update --image 1025469.png --effort 7 --distance 0.6
1025469.png	photo	512	512	7	0.8000	44657	44345	1.243468	1.253265	89.5431	90.1487	1181.25	459.71	592	6321	1119	36597	44629	0	28	393	7151	889	35889	44322	0	23	0.704	-0.782	-0.6057	FIXED	9d8d5bb26bf5a534f599c0a7a7786db93803fd59	cargo run -p jxl-encoder --release --features 'parallel butteraugli-loop ssim2-loop' --example cjxl_parity_ledger -- --update --image 1025469.png --effort 7 --distance 0.8
1025469.png	photo	512	512	7	1.0000	37778	37644	1.364795	1.369062	87.7535	88.3883	1374.79	437.32	572	5835	1052	30291	37750	0	28	400	6632	1100	29488	37620	0	24	0.356	-0.312	-0.6347	FIXED	9d8d5bb26bf5a534f599c0a7a7786db93803fd59	cargo run -p jxl-encoder --release --features 'parallel butteraugli-loop ssim2-loop' --example cjxl_parity_ledger -- --update --image 1025469.png --effort 7 --distance 1
1025469.png	photo	512	512	7	1.2000	33209	32958	1.440479	1.440270	86.1043	86.3309	986.46	385.28	545	5564	1011	26062	33182	0	27	414	6320	807	25394	32935	0	23	0.762	0.015	-0.2266	FIXED	9d8d5bb26bf5a534f599c0a7a7786db93803fd59	cargo run -p jxl-encoder --release --features 'parallel butteraugli-loop ssim2-loop' --example cjxl_parity_ledger -- --update --image 1025469.png --effort 7 --distance 1.2
1025469.png	photo	512	512	7	1.4000	30385	29478	1.758072	1.732464	84.1422	84.6223	1028.37	471.45	633	5274	1521	22929	30357	0	28	399	6020	844	22192	29455	0	23	3.077	1.478	-0.4800	FIXED	9d8d5bb26bf5a534f599c0a7a7786db93803fd59	cargo run -p jxl-encoder --release --features 'parallel butteraugli-loop ssim2-loop' --example cjxl_parity_ledger -- --update --image 1025469.png --effort 7 --distance 1.4
1025469.png	photo	512	512	7	1.6000	27066	26881	1.905134	1.860831	82.5920	82.4284	821.96	172.68	585	5159	1033	20262	27039	0	27	393	5928	760	19781	26862	0	19	0.688	2.381	0.1636	FIXED	9d8d5bb26bf5a534f599c0a7a7786db93803fd59	cargo run -p jxl-encoder --release --features 'parallel butteraugli-loop ssim2-loop' --example cjxl_parity_ledger -- --update --image 1025469.png --effort 7 --distance 1.6
1025469.png	photo	512	512	7	1.8000	24194	24704	2.027646	2.027530	80.5930	81.1295	887.84	224.06	521	4925	637	18085	24168	0	26	381	5846	690	17768	24685	0	19	-2.064	0.006	-0.5365	FIXED	9d8d5bb26bf5a534f599c0a7a7786db93803fd59	cargo run -p jxl-encoder --release --features 'parallel butteraugli-loop ssim2-loop' --example cjxl_parity_ledger -- --update --image 1025469.png --effort 7 --distance 1.8
1025469.png	photo	512	512	7	2.0000	22928	22752	2.188997	2.113868	79.2805	79.7261	1030.38	265.60	550	4665	935	16752	22902	0	26	392	5561	517	16263	22733	0	19	0.774	3.554	-0.4456	FIXED	9d8d5bb26bf5a534f599c0a7a7786db93803fd59	cargo run -p jxl-encoder --release --features 'parallel butteraugli-loop ssim2-loop' --example cjxl_parity_ledger -- --update --image 1025469.png --effort 7 --distance 2
1025469.png	photo	512	512	7	2.5000	18672	19133	2.491939	2.577596	75.8571	76.4092	851.54	244.51	477	4316	595	13258	18646	0	26	372	5219	526	12997	19114	0	19	-2.409	-3.323	-0.5521	FIXED	9d8d5bb26bf5a534f599c0a7a7786db93803fd59	cargo run -p jxl-encoder --release --features 'parallel butteraugli-loop ssim2-loop' --example cjxl_parity_ledger -- --update --image 1025469.png --effort 7 --distance 2.5
1025469.png	photo	512	512	7	3.0000	16263	16641	2.946118	2.811516	71.8216	72.7496	891.81	329.38	468	4081	531	11157	16237	0	26	363	4958	504	10751	16576	35	30	-2.271	4.788	-0.9279	FIXED	9d8d5bb26bf5a534f599c0a7a7786db93803fd59	cargo run -p jxl-encoder --release --features 'parallel butteraugli-loop ssim2-loop' --example cjxl_parity_ledger -- --update --image 1025469.png --effort 7 --distance 3
1025469.png	photo	512	512	7	4.0000	12978	13468	3.909730	3.258871	65.1417	65.9966	949.48	325.69	382	3779	414	8376	12951	0	27	360	4582	344	8118	13404	33	31	-3.638	19.972	-0.8549	FIXED	9d8d5bb26bf5a534f599c0a7a7786db93803fd59	cargo run -p jxl-encoder --release --features 'parallel butteraugli-loop ssim2-loop' --example cjxl_parity_ledger -- --update --image 1025469.png --effort 7 --distance 4
1025469.png	photo	512	512	7	5.0000	10796	11126	4.499226	4.378831	57.8358	58.4299	835.70	279.80	341	3280	471	6677	10769	0	27	304	3920	574	6264	11062	33	31	-2.966	2.749	-0.5941	FIXED	9d8d5bb26bf5a534f599c0a7a7786db93803fd59	cargo run -p jxl-encoder --release --features 'parallel butteraugli-loop ssim2-loop' --example cjxl_parity_ledger -- --update --image 1025469.png --effort 7 --distance 5
1025469.png	photo	512	512	7	6.0000	9145	9848	4.428872	4.816603	50.7746	51.7771	805.07	290.24	356	3030	389	5343	9118	0	27	344	3641	720	5079	9784	33	31	-7.139	-8.050	-1.0025	FIXED	9d8d5bb26bf5a534f599c0a7a7786db93803fd59	cargo run -p jxl-encoder --release --features 'parallel butteraugli-loop ssim2-loop' --example cjxl_parity_ledger -- --update --image 1025469.png --effort 7 --distance 6
1025469.png	photo	512	512	8	0.2000	122840	121641	0.263708	0.286942	95.5470	95.6052	1856.78	1193.45	743	8537	3626	109903	122809	0	31	363	9218	3243	108790	121614	0	27	0.986	-8.097	-0.0582	FIXED	9d8d5bb26bf5a534f599c0a7a7786db93803fd59	cargo run -p jxl-encoder --release --features 'parallel butteraugli-loop ssim2-loop' --example cjxl_parity_ledger -- --update --image 1025469.png --effort 8 --distance 0.2
1025469.png	photo	512	512	8	0.4000	74173	73071	0.577204	0.562071	93.4675	93.7231	1615.64	1231.15	734	7050	2960	63401	74145	0	28	372	7871	2227	62577	73047	0	24	1.508	2.692	-0.2556	FIXED	9d8d5bb26bf5a534f599c0a7a7786db93803fd59	cargo run -p jxl-encoder --release --features 'parallel butteraugli-loop ssim2-loop' --example cjxl_parity_ledger -- --update --image 1025469.png --effort 8 --distance 0.4
1025469.png	photo	512	512	8	0.6000	52461	52406	0.765977	0.787969	91.3765	91.8081	1477.24	1028.80	616	6331	1519	43968	52434	0	27	360	7272	1334	43417	52383	0	23	0.105	-2.791	-0.4316	FIXED	9d8d5bb26bf5a534f599c0a7a7786db93803fd59	cargo run -p jxl-encoder --release --features 'parallel butteraugli-loop ssim2-loop' --example cjxl_parity_ledger -- --update --image 1025469.png --effort 8 --distance 0.6
1025469.png	photo	512	512	8	0.8000	42491	42422	1.079849	1.005243	89.3787	89.7901	1559.93	1260.57	639	6137	1143	34544	42463	0	28	431	7122	810	34036	42399	0	23	0.163	7.422	-0.4114	FIXED	9d8d5bb26bf5a534f599c0a7a7786db93803fd59	cargo run -p jxl-encoder --release --features 'parallel butteraugli-loop ssim2-loop' --example cjxl_parity_ledger -- --update --image 1025469.png --effort 8 --distance 0.8
1025469.png	photo	512	512	8	1.0000	35771	35747	1.178900	1.187872	87.3552	87.9377	1432.53	1007.96	671	5726	930	28417	35744	0	27	426	6735	827	27736	35724	0	23	0.067	-0.755	-0.5825	FIXED	9d8d5bb26bf5a534f599c0a7a7786db93803fd59	cargo run -p jxl-encoder --release --features 'parallel butteraugli-loop ssim2-loop' --example cjxl_parity_ledger -- --update --image 1025469.png --effort 8 --distance 1
1025469.png	photo	512	512	8	1.2000	31129	31058	1.423528	1.439412	85.4314	85.9713	1586.12	1249.83	467	5583	892	24160	31102	0	27	431	6403	726	23475	31035	0	23	0.229	-1.104	-0.5400	FIXED	9d8d5bb26bf5a534f599c0a7a7786db93803fd59	cargo run -p jxl-encoder --release --features 'parallel butteraugli-loop ssim2-loop' --example cjxl_parity_ledger -- --update --image 1025469.png --effort 8 --distance 1.2
1025469.png	photo	512	512	8	1.4000	28431	27967	1.787869	1.756815	83.5846	83.9321	1632.37	1154.27	600	5251	1460	21092	28403	0	28	443	6277	797	20427	27944	0	23	1.659	1.768	-0.3475	FIXED	9d8d5bb26bf5a534f599c0a7a7786db93803fd59	cargo run -p jxl-encoder --release --features 'parallel butteraugli-loop ssim2-loop' --example cjxl_parity_ledger -- --update --image 1025469.png --effort 8 --distance 1.4
1025469.png	photo	512	512	8	1.6000	25060	25201	1.873886	1.822551	81.5954	82.0437	1445.90	1400.48	548	5014	834	18638	25034	0	26	410	6078	663	18031	25182	0	19	-0.560	2.817	-0.4483	FIXED	9d8d5bb26bf5a534f599c0a7a7786db93803fd59	cargo run -p jxl-encoder --release --features 'parallel butteraugli-loop ssim2-loop' --example cjxl_parity_ledger -- --update --image 1025469.png --effort 8 --distance 1.6
1025469.png	photo	512	512	8	1.8000	22514	23153	1.880604	1.997437	80.3277	80.5899	1390.25	1275.56	536	4948	522	16482	22488	0	26	459	5949	685	16041	23134	0	19	-2.760	-5.849	-0.2622	FIXED	9d8d5bb26bf5a534f599c0a7a7786db93803fd59	cargo run -p jxl-encoder --release --features 'parallel butteraugli-loop ssim2-loop' --example cjxl_parity_ledger -- --update --image 1025469.png --effort 8 --distance 1.8
1025469.png	photo	512	512	8	2.0000	21032	21120	2.066167	2.080526	78.5585	78.8512	1530.90	1247.03	497	4710	825	14974	21006	0	26	416	5739	512	14434	21101	0	19	-0.417	-0.690	-0.2927	FIXED	9d8d5bb26bf5a534f599c0a7a7786db93803fd59	cargo run -p jxl-encoder --release --features 'parallel butteraugli-loop ssim2-loop' --example cjxl_parity_ledger -- --update --image 1025469.png --effort 8 --distance 2
1025469.png	photo	512	512	8	2.5000	17188	17763	2.589925	2.604743	74.3199	74.6049	1657.29	1206.51	518	4298	479	11867	17162	0	26	383	5389	492	11480	17744	0	19	-3.237	-0.569	-0.2850	FIXED	9d8d5bb26bf5a534f599c0a7a7786db93803fd59	cargo run -p jxl-encoder --release --features 'parallel butteraugli-loop ssim2-loop' --example cjxl_parity_ledger -- --update --image 1025469.png --effort 8 --distance 2.5
1025469.png	photo	512	512	8	3.0000	14790	15328	3.094816	2.912284	69.6399	70.2919	1330.94	1075.91	438	4053	560	9713	14764	0	26	399	4933	441	9490	15263	35	30	-3.510	6.268	-0.6520	FIXED	9d8d5bb26bf5a534f599c0a7a7786db93803fd59	cargo run -p jxl-encoder --release --features 'parallel butteraugli-loop ssim2-loop' --example cjxl_parity_ledger -- --update --image 1025469.png --effort 8 --distance 3
1025469.png	photo	512	512	8	4.0000	11653	12256	3.820097	4.090178	62.6040	63.2345	1571.66	1198.47	445	3728	355	7098	11626	0	27	373	4680	353	6786	12192	33	31	-4.920	-6.603	-0.6304	FIXED	9d8d5bb26bf5a534f599c0a7a7786db93803fd59	cargo run -p jxl-encoder --release --features 'parallel butteraugli-loop ssim2-loop' --example cjxl_parity_ledger -- --update --image 1025469.png --effort 8 --distance 4
1025469.png	photo	512	512	8	5.0000	9552	10157	4.444746	4.571290	54.5896	55.1601	1627.33	1324.83	352	3239	477	5457	9525	0	27	301	3925	631	5236	10093	33	31	-5.956	-2.768	-0.5705	FIXED	9d8d5bb26bf5a534f599c0a7a7786db93803fd59	cargo run -p jxl-encoder --release --features 'parallel butteraugli-loop ssim2-loop' --example cjxl_parity_ledger -- --update --image 1025469.png --effort 8 --distance 5
1025469.png	photo	512	512	8	6.0000	8007	8928	4.925011	5.010070	47.2432	47.7961	1371.88	1219.06	353	2983	346	4299	7981	0	26	314	3749	685	4117	8865	33	30	-10.316	-1.698	-0.5529	FIXED	9d8d5bb26bf5a534f599c0a7a7786db93803fd59	cargo run -p jxl-encoder --release --features 'parallel butteraugli-loop ssim2-loop' --example cjxl_parity_ledger -- --update --image 1025469.png --effort 8 --distance 6
1025469.png	photo	512	512	9	0.2000	125016	122663	0.244913	0.246270	95.5574	95.6325	3667.84	1764.04	936	8450	4780	110819	124985	0	31	398	9201	3227	109810	122636	0	27	1.918	-0.551	-0.0751	FIXED	9d8d5bb26bf5a534f599c0a7a7786db93803fd59	cargo run -p jxl-encoder --release --features 'parallel butteraugli-loop ssim2-loop' --example cjxl_parity_ledger -- --update --image 1025469.png --effort 9 --distance 0.2
1025469.png	photo	512	512	9	0.4000	75213	73215	0.503852	0.541412	93.4909	93.7127	2611.70	1808.69	916	6894	3959	63416	75185	0	28	434	7772	2136	62849	73191	0	24	2.729	-6.937	-0.2218	FIXED	9d8d5bb26bf5a534f599c0a7a7786db93803fd59	cargo run -p jxl-encoder --release --features 'parallel butteraugli-loop ssim2-loop' --example cjxl_parity_ledger -- --update --image 1025469.png --effort 9 --distance 0.4
1025469.png	photo	512	512	9	0.6000	52933	52412	0.741587	0.723824	91.4595	91.8346	2169.38	1964.94	755	6127	1949	44075	52906	0	27	421	7145	1226	43597	52389	0	23	0.994	2.454	-0.3751	FIXED	9d8d5bb26bf5a534f599c0a7a7786db93803fd59	cargo run -p jxl-encoder --release --features 'parallel butteraugli-loop ssim2-loop' --example cjxl_parity_ledger -- --update --image 1025469.png --effort 9 --distance 0.6
1025469.png	photo	512	512	9	0.8000	43063	42345	0.992326	0.928748	89.3949	89.7942	1890.86	1816.68	705	6209	1433	34688	43035	0	28	455	7005	800	34062	42322	0	23	1.696	6.846	-0.3992	FIXED	9d8d5bb26bf5a534f599c0a7a7786db93803fd59	cargo run -p jxl-encoder --release --features 'parallel butteraugli-loop ssim2-loop' --example cjxl_parity_ledger -- --update --image 1025469.png --effort 9 --distance 0.8
1025469.png	photo	512	512	9	1.0000	36159	35656	1.143454	1.187872	87.3564	87.9311	2011.71	1708.38	898	5607	1225	28401	36131	0	28	452	6629	799	27753	35633	0	23	1.411	-3.739	-0.5747	FIXED	9d8d5bb26bf5a534f599c0a7a7786db93803fd59	cargo run -p jxl-encoder --release --features 'parallel butteraugli-loop ssim2-loop' --example cjxl_parity_ledger -- --update --image 1025469.png --effort 9 --distance 1
1025469.png	photo	512	512	9	1.2000	31473	30956	1.422315	1.372505	85.4439	85.9932	1742.24	1580.45	632	5479	1214	24120	31445	0	28	464	6267	702	23500	30933	0	23	1.670	3.629	-0.5493	FIXED	9d8d5bb26bf5a534f599c0a7a7786db93803fd59	cargo run -p jxl-encoder --release --features 'parallel butteraugli-loop ssim2-loop' --example cjxl_parity_ledger -- --update --image 1025469.png --effort 9 --distance 1.2
1025469.png	photo	512	512	9	1.4000	28604	27869	1.787869	1.756815	83.5846	83.9329	1832.74	1655.91	689	5138	1675	21074	28576	0	28	476	6161	787	20422	27846	0	23	2.637	1.768	-0.3483	FIXED	9d8d5bb26bf5a534f599c0a7a7786db93803fd59	cargo run -p jxl-encoder --release --features 'parallel butteraugli-loop ssim2-loop' --example cjxl_parity_ledger -- --update --image 1025469.png --effort 9 --distance 1.4
1025469.png	photo	512	512	9	1.6000	25319	25116	1.873886	1.822551	81.5953	82.0441	1914.02	1543.84	764	4891	1016	18622	25293	0	26	427	5985	644	18041	25097	0	19	0.808	2.817	-0.4488	FIXED	9d8d5bb26bf5a534f599c0a7a7786db93803fd59	cargo run -p jxl-encoder --release --features 'parallel butteraugli-loop ssim2-loop' --example cjxl_parity_ledger -- --update --image 1025469.png --effort 9 --distance 1.6
1025469.png	photo	512	512	9	1.8000	22686	23065	1.880604	1.997437	80.3277	80.5899	1927.77	1742.31	708	4839	651	16462	22660	0	26	489	5838	664	16055	23046	0	19	-1.643	-5.849	-0.2622	FIXED	9d8d5bb26bf5a534f599c0a7a7786db93803fd59	cargo run -p jxl-encoder --release --features 'parallel butteraugli-loop ssim2-loop' --example cjxl_parity_ledger -- --update --image 1025469.png --effort 9 --distance 1.8
1025469.png	photo	512	512	9	2.0000	21131	21008	2.073131	2.075254	78.5006	78.8558	1914.48	1846.69	570	4603	948	14984	21105	0	26	445	5610	496	14438	20989	0	19	0.585	-0.102	-0.3552	FIXED	9d8d5bb26bf5a534f599c0a7a7786db93803fd59	cargo run -p jxl-encoder --release --features 'parallel butteraugli-loop ssim2-loop' --example cjxl_parity_ledger -- --update --image 1025469.png --effort 9 --distance 2
1025469.png	photo	512	512	9	2.5000	17261	17694	2.589925	2.604743	74.3199	74.6049	1870.25	1491.20	615	4205	561	11854	17235	0	26	428	5282	479	11486	17675	0	19	-2.447	-0.569	-0.2850	FIXED	9d8d5bb26bf5a534f599c0a7a7786db93803fd59	cargo run -p jxl-encoder --release --features 'parallel butteraugli-loop ssim2-loop' --example cjxl_parity_ledger -- --update --image 1025469.png --effort 9 --distance 2.5
1025469.png	photo	512	512	9	3.0000	14925	15346	3.094816	2.912284	69.6399	70.3009	1812.76	1785.97	540	3976	651	9732	14899	0	26	434	4894	426	9527	15281	35	30	-2.743	6.268	-0.6610	FIXED	9d8d5bb26bf5a534f599c0a7a7786db93803fd59	cargo run -p jxl-encoder --release --features 'parallel butteraugli-loop ssim2-loop' --example cjxl_parity_ledger -- --update --image 1025469.png --effort 9 --distance 3
1025469.png	photo	512	512	9	4.0000	11639	12219	3.820097	4.090178	62.6040	63.2392	2250.82	1854.19	438	3679	407	7088	11612	0	27	392	4620	339	6804	12155	33	31	-4.747	-6.603	-0.6352	FIXED	9d8d5bb26bf5a534f599c0a7a7786db93803fd59	cargo run -p jxl-encoder --release --features 'parallel butteraugli-loop ssim2-loop' --example cjxl_parity_ledger -- --update --image 1025469.png --effort 9 --distance 4
1025469.png	photo	512	512	9	5.0000	9591	10139	4.444746	4.571290	54.5896	55.1609	2456.40	1935.29	380	3214	523	5447	9564	0	27	348	3863	623	5241	10075	33	31	-5.405	-2.768	-0.5713	FIXED	9d8d5bb26bf5a534f599c0a7a7786db93803fd59	cargo run -p jxl-encoder --release --features 'parallel butteraugli-loop ssim2-loop' --example cjxl_parity_ledger -- --update --image 1025469.png --effort 9 --distance 5
1025469.png	photo	512	512	9	6.0000	8023	8869	4.925011	5.010070	47.2432	47.7961	2634.67	2110.26	361	2971	375	4290	7997	0	26	336	3676	678	4116	8806	33	30	-9.539	-1.698	-0.5529	FIXED	9d8d5bb26bf5a534f599c0a7a7786db93803fd59	cargo run -p jxl-encoder --release --features 'parallel butteraugli-loop ssim2-loop' --example cjxl_parity_ledger -- --update --image 1025469.png --effort 9 --distance 6
1189261.png	photo	512	512	5	0.2000	176860	175690	0.428869	0.464763	94.7180	94.6523	1488.39	218.92	745	11821	2862	161401	176829	0	31	413	12369	2813	160065	175660	0	30	0.666	-7.723	0.0657	FIXED	9d8d5bb26bf5a534f599c0a7a7786db93803fd59	cargo run -p jxl-encoder --release --features 'parallel butteraugli-loop ssim2-loop' --example cjxl_parity_ledger -- --update --image 1189261.png --effort 5 --distance 0.2
1189261.png	photo	512	512	5	0.4000	120392	119852	0.668684	0.677599	92.5974	92.3762	1375.40	180.40	701	10378	2601	106682	120362	0	30	413	10823	2225	106362	119823	0	29	0.451	-1.316	0.2212	FIXED	9d8d5bb26bf5a534f599c0a7a7786db93803fd59	cargo run -p jxl-encoder --release --features 'parallel butteraugli-loop ssim2-loop' --example cjxl_parity_ledger -- --update --image 1189261.png --effort 5 --distance 0.4
1189261.png	photo	512	512	5	0.6000	90833	90677	0.884221	0.880848	90.5682	90.4977	1319.13	180.18	744	9438	1794	78827	90803	0	30	420	9856	1402	78970	90648	0	29	0.172	0.383	0.0705	FIXED	9d8d5bb26bf5a534f599c0a7a7786db93803fd59	cargo run -p jxl-encoder --release --features 'parallel butteraugli-loop ssim2-loop' --example cjxl_parity_ledger -- --update --image 1189261.png --effort 5 --distance 0.6
1189261.png	photo	512	512	5	0.8000	75498	75325	1.052916	1.044530	88.6919	88.5411	1154.16	144.77	480	8962	1543	64482	75467	0	31	403	9359	1338	64195	75295	0	30	0.230	0.803	0.1509	FIXED	9d8d5bb26bf5a534f599c0a7a7786db93803fd59	cargo run -p jxl-encoder --release --features 'parallel butteraugli-loop ssim2-loop' --example cjxl_parity_ledger -- --update --image 1189261.png --effort 5 --distance 0.8
1189261.png	photo	512	512	5	1.0000	64770	64584	1.328577	1.324982	86.6916	86.6134	1120.34	187.40	567	8402	1219	54554	64742	0	28	427	8856	1059	54215	64557	0	27	0.288	0.271	0.0782	FIXED	9d8d5bb26bf5a534f599c0a7a7786db93803fd59	cargo run -p jxl-encoder --release --features 'parallel butteraugli-loop ssim2-loop' --example cjxl_parity_ledger -- --update --image 1189261.png --effort 5 --distance 1
1189261.png	photo	512	512	5	1.2000	57885	56808	1.663626	1.638049	84.7463	84.9839	1121.48	233.39	621	8053	1791	47392	57857	0	28	429	8551	1005	46797	56782	0	26	1.896	1.561	-0.2376	FIXED	9d8d5bb26bf5a534f599c0a7a7786db93803fd59	cargo run -p jxl-encoder --release --features 'parallel butteraugli-loop ssim2-loop' --example cjxl_parity_ledger -- --update --image 1189261.png --effort 5 --distance 1.2
1189261.png	photo	512	512	5	1.4000	51045	50895	2.138151	2.147181	83.3747	83.3869	1094.78	177.81	500	7726	1130	41661	51017	0	28	398	8238	1022	41211	50869	0	26	0.295	-0.421	-0.0122	FIXED	9d8d5bb26bf5a534f599c0a7a7786db93803fd59	cargo run -p jxl-encoder --release --features 'parallel butteraugli-loop ssim2-loop' --example cjxl_parity_ledger -- --update --image 1189261.png --effort 5 --distance 1.4
1189261.png	photo	512	512	5	1.6000	46744	46134	2.204308	2.211633	82.0353	81.7582	1139.58	191.64	520	7531	1203	37463	46717	0	27	405	8045	927	36735	46112	0	22	1.322	-0.331	0.2770	FIXED	9d8d5bb26bf5a534f599c0a7a7786db93803fd59	cargo run -p jxl-encoder --release --features 'parallel butteraugli-loop ssim2-loop' --example cjxl_parity_ledger -- --update --image 1189261.png --effort 5 --distance 1.6
1189261.png	photo	512	512	5	1.8000	43202	42172	2.195723	2.226853	80.4197	80.2482	1006.30	212.04	541	7238	1319	34077	43175	0	27	386	7782	865	33117	42150	0	22	2.442	-1.398	0.1715	FIXED	9d8d5bb26bf5a534f599c0a7a7786db93803fd59	cargo run -p jxl-encoder --release --features 'parallel butteraugli-loop ssim2-loop' --example cjxl_parity_ledger -- --update --image 1189261.png --effort 5 --distance 1.8
1189261.png	photo	512	512	5	2.0000	39983	39009	2.573416	2.567533	78.7996	78.7477	1046.64	344.23	489	7014	1212	31241	39956	0	27	382	7578	856	30171	38987	0	22	2.497	0.229	0.0519	FIXED	9d8d5bb26bf5a534f599c0a7a7786db93803fd59	cargo run -p jxl-encoder --release --features 'parallel butteraugli-loop ssim2-loop' --example cjxl_parity_ledger -- --update --image 1189261.png --effort 5 --distance 2
1189261.png	photo	512	512	5	2.5000	33494	32793	3.002266	2.977139	74.6235	74.3765	1084.98	333.44	548	6556	992	25372	33468	0	26	404	7186	795	24386	32771	0	22	2.138	0.844	0.2470	FIXED	9d8d5bb26bf5a534f599c0a7a7786db93803fd59	cargo run -p jxl-encoder --release --features 'parallel butteraugli-loop ssim2-loop' --example cjxl_parity_ledger -- --update --image 1189261.png --effort 5 --distance 2.5
1189261.png	photo	512	512	5	3.0000	30021	28859	3.113842	3.223667	70.8996	71.0663	984.15	215.17	450	6138	1281	22125	29994	0	27	381	6863	714	20876	28834	0	25	4.026	-3.407	-0.1667	FIXED	9d8d5bb26bf5a534f599c0a7a7786db93803fd59	cargo run -p jxl-encoder --release --features 'parallel butteraugli-loop ssim2-loop' --example cjxl_parity_ledger -- --update --image 1189261.png --effort 5 --distance 3
1189261.png	photo	512	512	5	4.0000	23284	22811	4.384778	3.916037	61.2178	60.8805	903.22	209.26	385	5605	746	16521	23257	0	27	388	6282	608	15507	22785	0	26	2.074	11.970	0.3373	FIXED	9d8d5bb26bf5a534f599c0a7a7786db93803fd59	cargo run -p jxl-encoder --release --features 'parallel butteraugli-loop ssim2-loop' --example cjxl_parity_ledger -- --update --image 1189261.png --effort 5 --distance 4
1189261.png	photo	512	512	5	5.0000	19165	19021	5.017675	4.982890	55.4232	54.5609	937.57	180.28	418	5119	791	12810	19138	0	27	351	5908	879	11857	18995	0	26	0.757	0.698	0.8624	FIXED	9d8d5bb26bf5a534f599c0a7a7786db93803fd59	cargo run -p jxl-encoder --release --features 'parallel butteraugli-loop ssim2-loop' --example cjxl_parity_ledger -- --update --image 1189261.png --effort 5 --distance 5
1189261.png	photo	512	512	5	6.0000	16882	16561	5.252153	5.278924	49.5757	48.4774	885.34	159.23	386	4888	837	10744	16855	0	27	336	5526	569	10104	16535	0	26	1.938	-0.507	1.0983	FIXED	9d8d5bb26bf5a534f599c0a7a7786db93803fd59	cargo run -p jxl-encoder --release --features 'parallel butteraugli-loop ssim2-loop' --example cjxl_parity_ledger -- --update --image 1189261.png --effort 5 --distance 6
1189261.png	photo	512	512	6	0.2000	176382	175370	0.428869	0.464623	94.7322	94.6922	1575.18	212.88	750	11897	2760	160944	176351	0	31	432	12437	2849	159622	175340	0	30	0.577	-7.695	0.0400	FIXED	9d8d5bb26bf5a534f599c0a7a7786db93803fd59	cargo run -p jxl-encoder --release --features 'parallel butteraugli-loop ssim2-loop' --example cjxl_parity_ledger -- --update --image 1189261.png --effort 6 --distance 0.2
1189261.png	photo	512	512	6	0.4000	119769	119384	0.678132	0.680232	92.6467	92.3630	1469.30	379.45	705	10539	2423	106072	119739	0	30	411	10977	2359	105608	119355	0	29	0.322	-0.309	0.2837	FIXED	9d8d5bb26bf5a534f599c0a7a7786db93803fd59	cargo run -p jxl-encoder --release --features 'parallel butteraugli-loop ssim2-loop' --example cjxl_parity_ledger -- --update --image 1189261.png --effort 6 --distance 0.4
1189261.png	photo	512	512	6	0.6000	90293	90022	0.907578	0.901753	90.5869	90.5293	1289.80	206.13	754	9613	1711	78185	90263	0	30	423	10025	1545	78000	89993	0	29	0.301	0.646	0.0575	FIXED	9d8d5bb26bf5a534f599c0a7a7786db93803fd59	cargo run -p jxl-encoder --release --features 'parallel butteraugli-loop ssim2-loop' --example cjxl_parity_ledger -- --update --image 1189261.png --effort 6 --distance 0.6
1189261.png	photo	512	512	6	0.8000	75162	74944	1.075373	1.025967	88.7849	88.7559	1398.04	315.64	531	9408	1428	63764	75131	0	31	405	10038	1054	63417	74914	0	30	0.291	4.816	0.0290	FIXED	9d8d5bb26bf5a534f599c0a7a7786db93803fd59	cargo run -p jxl-encoder --release --features 'parallel butteraugli-loop ssim2-loop' --example cjxl_parity_ledger -- --update --image 1189261.png --effort 6 --distance 0.8
1189261.png	photo	512	512	6	1.0000	64727	64371	1.333797	1.206728	86.6873	86.6801	1399.87	343.15	652	8923	1247	53877	64699	0	28	428	9577	967	53373	64345	0	26	0.553	10.530	0.0072	FIXED	9d8d5bb26bf5a534f599c0a7a7786db93803fd59	cargo run -p jxl-encoder --release --features 'parallel butteraugli-loop ssim2-loop' --example cjxl_parity_ledger -- --update --image 1189261.png --effort 6 --distance 1
1189261.png	photo	512	512	6	1.2000	57897	56668	1.648585	1.626814	84.7464	85.0156	1472.59	389.99	610	8639	1715	46905	57869	0	28	436	9284	1020	45902	56642	0	26	2.169	1.338	-0.2691	FIXED	9d8d5bb26bf5a534f599c0a7a7786db93803fd59	cargo run -p jxl-encoder --release --features 'parallel butteraugli-loop ssim2-loop' --example cjxl_parity_ledger -- --update --image 1189261.png --effort 6 --distance 1.2
1189261.png	photo	512	512	6	1.4000	51322	50579	2.138247	2.142888	83.2729	83.4594	1220.08	393.51	616	8371	1154	41153	51294	0	28	422	9004	910	40217	50553	0	26	1.469	-0.217	-0.1865	FIXED	9d8d5bb26bf5a534f599c0a7a7786db93803fd59	cargo run -p jxl-encoder --release --features 'parallel butteraugli-loop ssim2-loop' --example cjxl_parity_ledger -- --update --image 1189261.png --effort 6 --distance 1.4
1189261.png	photo	512	512	6	1.6000	46896	46126	2.186383	2.166305	82.0121	81.7294	1214.49	295.47	572	8178	1099	37020	46869	0	27	441	8826	902	35935	46104	0	22	1.669	0.927	0.2827	FIXED	9d8d5bb26bf5a534f599c0a7a7786db93803fd59	cargo run -p jxl-encoder --release --features 'parallel butteraugli-loop ssim2-loop' --example cjxl_parity_ledger -- --update --image 1189261.png --effort 6 --distance 1.6
1189261.png	photo	512	512	6	1.8000	43079	42494	2.147253	2.045316	80.4654	80.6198	1168.47	536.93	587	7929	1118	33418	43052	0	27	403	8667	787	32615	42472	0	22	1.377	4.984	-0.1544	FIXED	9d8d5bb26bf5a534f599c0a7a7786db93803fd59	cargo run -p jxl-encoder --release --features 'parallel butteraugli-loop ssim2-loop' --example cjxl_parity_ledger -- --update --image 1189261.png --effort 6 --distance 1.8
1189261.png	photo	512	512	6	2.0000	40251	39338	2.344997	2.329523	78.8523	78.9832	1065.22	354.45	492	7707	1194	30831	40224	0	27	368	8462	877	29609	39316	0	22	2.321	0.664	-0.1310	FIXED	9d8d5bb26bf5a534f599c0a7a7786db93803fd59	cargo run -p jxl-encoder --release --features 'parallel butteraugli-loop ssim2-loop' --example cjxl_parity_ledger -- --update --image 1189261.png --effort 6 --distance 2
1189261.png	photo	512	512	6	2.5000	33915	33149	2.812358	2.840825	74.9200	74.9359	1131.82	338.66	533	7284	897	25175	33889	0	26	400	8016	759	23952	33127	0	22	2.311	-1.002	-0.0159	FIXED	9d8d5bb26bf5a534f599c0a7a7786db93803fd59	cargo run -p jxl-encoder --release --features 'parallel butteraugli-loop ssim2-loop' --example cjxl_parity_ledger -- --update --image 1189261.png --effort 6 --distance 2.5
1189261.png	photo	512	512	6	3.0000	30035	29331	3.100787	3.187688	71.6125	72.0091	995.81	323.28	460	6849	971	21729	30009	0	26	389	7669	752	20496	29306	0	25	2.400	-2.726	-0.3966	FIXED	9d8d5bb26bf5a534f599c0a7a7786db93803fd59	cargo run -p jxl-encoder --release --features 'parallel butteraugli-loop ssim2-loop' --example cjxl_parity_ledger -- --update --image 1189261.png --effort 6 --distance 3
1189261.png	photo	512	512	6	4.0000	24274	23729	4.073109	4.387672	65.5957	65.4771	1125.58	320.94	449	6389	850	16559	24247	0	27	388	7215	633	15467	23703	0	26	2.297	-7.169	0.1186	FIXED	9d8d5bb26bf5a534f599c0a7a7786db93803fd59	cargo run -p jxl-encoder --release --features 'parallel butteraugli-loop ssim2-loop' --example cjxl_parity_ledger -- --update --image 1189261.png --effort 6 --distance 4
1189261.png	photo	512	512	6	5.0000	19627	19457	4.827559	4.851011	60.0650	59.8905	991.37	212.75	418	5581	791	12810	19600	0	27	365	6365	862	11839	19431	0	26	0.874	-0.483	0.1745	FIXED	9d8d5bb26bf5a534f599c0a7a7786db93803fd59	cargo run -p jxl-encoder --release --features 'parallel butteraugli-loop ssim2-loop' --example cjxl_parity_ledger -- --update --image 1189261.png --effort 6 --distance 5
1189261.png	photo	512	512	6	6.0000	17345	17046	4.889820	5.015513	54.5451	53.3891	1030.57	307.14	387	5350	837	10744	17318	0	27	360	5957	911	9792	17020	0	26	1.754	-2.506	1.1559	FIXED	9d8d5bb26bf5a534f599c0a7a7786db93803fd59	cargo run -p jxl-encoder --release --features 'parallel butteraugli-loop ssim2-loop' --example cjxl_parity_ledger -- --update --image 1189261.png --effort 6 --distance 6
1189261.png	photo	512	512	7	0.2000	181995	180217	0.423754	0.436893	94.7972	94.6088	1596.88	309.95	750	11877	3015	166322	181964	0	31	418	12436	3030	164303	180187	0	30	0.987	-3.007	0.1884	FIXED	9d8d5bb26bf5a534f599c0a7a7786db93803fd59	cargo run -p jxl-encoder --release --features 'parallel butteraugli-loop ssim2-loop' --example cjxl_parity_ledger -- --update --image 1189261.png --effort 7 --distance 0.2
1189261.png	photo	512	512	7	0.4000	123198	122626	0.668162	0.665419	92.5010	92.5041	1463.30	237.50	706	10533	2541	109388	123168	0	30	407	11007	2317	108866	122597	0	29	0.466	0.412	-0.0031	FIXED	9d8d5bb26bf5a534f599c0a7a7786db93803fd59	cargo run -p jxl-encoder --release --features 'parallel butteraugli-loop ssim2-loop' --example cjxl_parity_ledger -- --update --image 1189261.png --effort 7 --distance 0.4
1189261.png	photo	512	512	7	0.6000	92527	92123	0.953941	0.972670	90.6660	90.8046	1394.31	310.34	754	9615	1655	80473	92497	0	30	418	10045	1533	80098	92094	0	29	0.439	-1.926	-0.1387	FIXED	9d8d5bb26bf5a534f599c0a7a7786db93803fd59	cargo run -p jxl-encoder --release --features 'parallel butteraugli-loop ssim2-loop' --example cjxl_parity_ledger -- --update --image 1189261.png --effort 7 --distance 0.6
1189261.png	photo	512	512	7	0.8000	77197	76958	1.071246	1.014691	88.8636	89.0129	1401.49	405.11	548	9402	1357	65859	77166	0	31	419	10035	1062	65412	76928	0	30	0.311	5.574	-0.1492	FIXED	9d8d5bb26bf5a534f599c0a7a7786db93803fd59	cargo run -p jxl-encoder --release --features 'parallel butteraugli-loop ssim2-loop' --example cjxl_parity_ledger -- --update --image 1189261.png --effort 7 --distance 0.8
1189261.png	photo	512	512	7	1.0000	66417	65994	1.356464	1.257007	86.8700	87.0541	1471.15	349.31	660	8930	1233	55566	66389	0	28	430	9589	1009	54940	65968	0	26	0.641	7.912	-0.1841	FIXED	9d8d5bb26bf5a534f599c0a7a7786db93803fd59	cargo run -p jxl-encoder --release --features 'parallel butteraugli-loop ssim2-loop' --example cjxl_parity_ledger -- --update --image 1189261.png --effort 7 --distance 1
1189261.png	photo	512	512	7	1.2000	59240	57817	1.648085	1.602741	85.0775	85.4168	1345.08	362.08	609	8644	1779	48180	59212	0	28	437	9315	1003	47036	57791	0	26	2.461	2.829	-0.3393	FIXED	9d8d5bb26bf5a534f599c0a7a7786db93803fd59	cargo run -p jxl-encoder --release --features 'parallel butteraugli-loop ssim2-loop' --example cjxl_parity_ledger -- --update --image 1189261.png --effort 7 --distance 1.2
1189261.png	photo	512	512	7	1.4000	52924	51612	2.138185	2.141302	83.5688	83.6705	1262.43	520.64	615	8379	1325	42577	52896	0	28	421	9016	897	41252	51586	0	26	2.542	-0.146	-0.1016	FIXED	9d8d5bb26bf5a534f599c0a7a7786db93803fd59	cargo run -p jxl-encoder --release --features 'parallel butteraugli-loop ssim2-loop' --example cjxl_parity_ledger -- --update --image 1189261.png --effort 7 --distance 1.4
1189261.png	photo	512	512	7	1.6000	47912	47091	2.188724	2.167439	82.2090	82.0694	1262.33	372.22	572	8178	1018	38118	47886	0	26	431	8853	830	36952	47066	0	25	1.743	0.982	0.1396	FIXED	9d8d5bb26bf5a534f599c0a7a7786db93803fd59	cargo run -p jxl-encoder --release --features 'parallel butteraugli-loop ssim2-loop' --example cjxl_parity_ledger -- --update --image 1189261.png --effort 7 --distance 1.6
1189261.png	photo	512	512	7	1.8000	43942	43386	2.147146	2.042127	80.7240	80.5914	1226.85	349.87	587	7933	1109	34286	43915	0	27	400	8663	962	33336	43361	0	25	1.282	5.143	0.1326	FIXED	9d8d5bb26bf5a534f599c0a7a7786db93803fd59	cargo run -p jxl-encoder --release --features 'parallel butteraugli-loop ssim2-loop' --example cjxl_parity_ledger -- --update --image 1189261.png --effort 7 --distance 1.8
1189261.png	photo	512	512	7	2.0000	41016	40101	2.345220	2.328590	78.6701	79.2778	1311.43	348.54	483	7680	1151	31675	40989	0	27	383	8469	909	30315	40076	0	25	2.282	0.714	-0.6077	FIXED	9d8d5bb26bf5a534f599c0a7a7786db93803fd59	cargo run -p jxl-encoder --release --features 'parallel butteraugli-loop ssim2-loop' --example cjxl_parity_ledger -- --update --image 1189261.png --effort 7 --distance 2
1189261.png	photo	512	512	7	2.5000	34799	33849	2.813104	2.844416	74.8497	75.0126	1184.33	479.97	543	7281	1098	25850	34772	0	27	397	8013	864	24550	33824	0	25	2.807	-1.101	-0.1629	FIXED	9d8d5bb26bf5a534f599c0a7a7786db93803fd59	cargo run -p jxl-encoder --release --features 'parallel butteraugli-loop ssim2-loop' --example cjxl_parity_ledger -- --update --image 1189261.png --effort 7 --distance 2.5
1189261.png	photo	512	512	7	3.0000	29802	29197	3.095165	3.141826	71.0306	71.8181	1288.94	433.90	460	6811	971	21534	29776	0	26	391	7636	602	20543	29172	0	25	2.072	-1.485	-0.7875	FIXED	9d8d5bb26bf5a534f599c0a7a7786db93803fd59	cargo run -p jxl-encoder --release --features 'parallel butteraugli-loop ssim2-loop' --example cjxl_parity_ledger -- --update --image 1189261.png --effort 7 --distance 3
1189261.png	photo	512	512	7	4.0000	23928	23751	4.074547	3.739074	65.2256	65.4949	1226.30	553.01	417	6358	824	16302	23901	0	27	367	7234	625	15499	23725	0	26	0.745	8.972	-0.2693	FIXED	9d8d5bb26bf5a534f599c0a7a7786db93803fd59	cargo run -p jxl-encoder --release --features 'parallel butteraugli-loop ssim2-loop' --example cjxl_parity_ledger -- --update --image 1189261.png --effort 7 --distance 4
1189261.png	photo	512	512	7	5.0000	19459	19385	4.826821	4.851021	59.7457	59.3950	1056.99	296.79	398	5577	736	12721	19432	0	27	339	6365	906	11749	19359	0	26	0.382	-0.499	0.3507	FIXED	9d8d5bb26bf5a534f599c0a7a7786db93803fd59	cargo run -p jxl-encoder --release --features 'parallel butteraugli-loop ssim2-loop' --example cjxl_parity_ledger -- --update --image 1189261.png --effort 7 --distance 5
1189261.png	photo	512	512	7	6.0000	16816	16884	4.864300	4.983646	53.3818	54.0677	1081.77	421.53	366	5322	548	10553	16789	0	27	361	5944	705	9848	16858	0	26	-0.403	-2.395	-0.6859	FIXED	9d8d5bb26bf5a534f599c0a7a7786db93803fd59	cargo run -p jxl-encoder --release --features 'parallel butteraugli-loop ssim2-loop' --example cjxl_parity_ledger -- --update --image 1189261.png --effort 7 --distance 6
1189261.png	photo	512	512	8	0.2000	187773	187116	0.306505	0.288579	94.8890	94.8955	2049.57	1414.05	742	12169	3095	171736	187742	0	31	332	12898	3235	170621	187086	0	30	0.351	6.212	-0.0065	FIXED	9d8d5bb26bf5a534f599c0a7a7786db93803fd59	cargo run -p jxl-encoder --release --features 'parallel butteraugli-loop ssim2-loop' --example cjxl_parity_ledger -- --update --image 1189261.png --effort 8 --distance 0.2
1189261.png	photo	512	512	8	0.4000	124054	123607	0.527373	0.542113	92.6699	92.8228	1924.85	1201.06	681	10459	2476	110408	124024	0	30	365	11201	2172	109840	123578	0	29	0.362	-2.719	-0.1529	FIXED	9d8d5bb26bf5a534f599c0a7a7786db93803fd59	cargo run -p jxl-encoder --release --features 'parallel butteraugli-loop ssim2-loop' --example cjxl_parity_ledger -- --update --image 1189261.png --effort 8 --distance 0.4
1189261.png	photo	512	512	8	0.6000	91285	91381	0.771380	0.804350	90.8662	90.9493	1670.45	1058.45	639	9402	1572	79642	91255	0	30	384	9994	1757	79217	91352	0	29	-0.105	-4.099	-0.0831	FIXED	9d8d5bb26bf5a534f599c0a7a7786db93803fd59	cargo run -p jxl-encoder --release --features 'parallel butteraugli-loop ssim2-loop' --example cjxl_parity_ledger -- --update --image 1189261.png --effort 8 --distance 0.6
1189261.png	photo	512	512	8	0.8000	75864	75638	0.994799	0.918845	88.8011	88.9800	1838.80	1076.24	622	9237	1483	64491	75833	0	31	388	9982	1064	64174	75608	0	30	0.299	8.266	-0.1789	FIXED	9d8d5bb26bf5a534f599c0a7a7786db93803fd59	cargo run -p jxl-encoder --release --features 'parallel butteraugli-loop ssim2-loop' --example cjxl_parity_ledger -- --update --image 1189261.png --effort 8 --distance 0.8
1189261.png	photo	512	512	8	1.0000	64501	64415	1.232544	1.195247	87.0809	87.1009	2083.86	1166.66	538	8893	1136	53906	64473	0	28	419	9646	1074	53249	64388	0	27	0.134	3.120	-0.0200	FIXED	9d8d5bb26bf5a534f599c0a7a7786db93803fd59	cargo run -p jxl-encoder --release --features 'parallel butteraugli-loop ssim2-loop' --example cjxl_parity_ledger -- --update --image 1189261.png --effort 8 --distance 1
1189261.png	photo	512	512	8	1.2000	57278	55877	1.423359	1.420335	85.4162	85.2018	1777.02	1142.34	602	8469	1741	46438	57250	0	28	425	9288	936	45202	55851	0	26	2.507	0.213	0.2144	FIXED	9d8d5bb26bf5a534f599c0a7a7786db93803fd59	cargo run -p jxl-encoder --release --features 'parallel butteraugli-loop ssim2-loop' --example cjxl_parity_ledger -- --update --image 1189261.png --effort 8 --distance 1.2
1189261.png	photo	512	512	8	1.4000	50552	49859	1.543525	1.501735	83.3738	83.5505	1572.46	1170.47	564	8249	1180	40531	50524	0	28	447	9056	926	39404	49833	0	26	1.390	2.783	-0.1767	FIXED	9d8d5bb26bf5a534f599c0a7a7786db93803fd59	cargo run -p jxl-encoder --release --features 'parallel butteraugli-loop ssim2-loop' --example cjxl_parity_ledger -- --update --image 1189261.png --effort 8 --distance 1.4
1189261.png	photo	512	512	8	1.6000	46209	45720	1.748850	1.766269	82.2268	82.5156	1698.18	1544.59	512	8054	1135	36481	46182	0	27	452	8841	828	35574	45695	0	25	1.070	-0.986	-0.2889	FIXED	9d8d5bb26bf5a534f599c0a7a7786db93803fd59	cargo run -p jxl-encoder --release --features 'parallel butteraugli-loop ssim2-loop' --example cjxl_parity_ledger -- --update --image 1189261.png --effort 8 --distance 1.6
1189261.png	photo	512	512	8	1.8000	42423	41933	2.010794	2.356615	80.9158	81.0460	1753.51	1422.85	556	7797	1073	32970	42396	0	27	458	8685	824	31941	41908	0	25	1.169	-14.674	-0.1302	FIXED	9d8d5bb26bf5a534f599c0a7a7786db93803fd59	cargo run -p jxl-encoder --release --features 'parallel butteraugli-loop ssim2-loop' --example cjxl_parity_ledger -- --update --image 1189261.png --effort 8 --distance 1.8
1189261.png	photo	512	512	8	2.0000	39453	38685	2.177850	2.284333	79.2291	79.0877	1786.09	1278.41	528	7655	1162	30081	39426	0	27	468	8472	840	28880	38660	0	25	1.985	-4.661	0.1414	FIXED	9d8d5bb26bf5a534f599c0a7a7786db93803fd59	cargo run -p jxl-encoder --release --features 'parallel butteraugli-loop ssim2-loop' --example cjxl_parity_ledger -- --update --image 1189261.png --effort 8 --distance 2
1189261.png	photo	512	512	8	2.5000	33006	32211	2.653467	2.579384	74.7954	74.8922	1868.43	1463.14	575	7203	1060	24141	32979	0	27	434	8015	823	22914	32186	0	25	2.468	2.872	-0.0969	FIXED	9d8d5bb26bf5a534f599c0a7a7786db93803fd59	cargo run -p jxl-encoder --release --features 'parallel butteraugli-loop ssim2-loop' --example cjxl_parity_ledger -- --update --image 1189261.png --effort 8 --distance 2.5
1189261.png	photo	512	512	8	3.0000	27394	27462	2.917902	2.858675	70.4681	71.1025	1839.94	1257.43	524	6721	786	19337	27368	0	26	436	7752	652	18597	27437	0	25	-0.248	2.072	-0.6344	FIXED	9d8d5bb26bf5a534f599c0a7a7786db93803fd59	cargo run -p jxl-encoder --release --features 'parallel butteraugli-loop ssim2-loop' --example cjxl_parity_ledger -- --update --image 1189261.png --effort 8 --distance 3
1189261.png	photo	512	512	8	4.0000	21668	22019	4.078424	3.840046	63.2757	63.8344	1948.54	1375.34	453	6317	730	14141	21641	0	27	406	7361	595	13631	21993	0	26	-1.594	6.208	-0.5587	FIXED	9d8d5bb26bf5a534f599c0a7a7786db93803fd59	cargo run -p jxl-encoder --release --features 'parallel butteraugli-loop ssim2-loop' --example cjxl_parity_ledger -- --update --image 1189261.png --effort 8 --distance 4
1189261.png	photo	512	512	8	5.0000	17676	17868	4.979215	4.974682	57.2834	57.3972	2026.88	1073.68	397	5538	669	11045	17649	0	27	328	6407	767	10340	17842	0	26	-1.075	0.091	-0.1138	FIXED	9d8d5bb26bf5a534f599c0a7a7786db93803fd59	cargo run -p jxl-encoder --release --features 'parallel butteraugli-loop ssim2-loop' --example cjxl_parity_ledger -- --update --image 1189261.png --effort 8 --distance 5
1189261.png	photo	512	512	8	6.0000	15368	15537	5.278091	5.215131	50.6485	51.7686	1512.54	1258.87	399	5315	534	9093	15341	0	27	352	5982	683	8494	15511	0	26	-1.088	1.207	-1.1200	FIXED	9d8d5bb26bf5a534f599c0a7a7786db93803fd59	cargo run -p jxl-encoder --release --features 'parallel butteraugli-loop ssim2-loop' --example cjxl_parity_ledger -- --update --image 1189261.png --effort 8 --distance 6
1189261.png	photo	512	512	9	0.2000	190793	188773	0.242436	0.278246	94.9235	94.8957	4796.39	1768.70	898	12202	4712	172950	190762	0	31	345	12916	2929	172553	188743	0	30	1.070	-12.870	0.0278	FIXED	9d8d5bb26bf5a534f599c0a7a7786db93803fd59	cargo run -p jxl-encoder --release --features 'parallel butteraugli-loop ssim2-loop' --example cjxl_parity_ledger -- --update --image 1189261.png --effort 9 --distance 0.2
1189261.png	photo	512	512	9	0.4000	125680	124654	0.492911	0.507874	92.7185	92.8446	3727.44	2162.44	875	10460	3281	111034	125650	0	30	378	11195	2349	110703	124625	0	29	0.823	-2.946	-0.1261	FIXED	9d8d5bb26bf5a534f599c0a7a7786db93803fd59	cargo run -p jxl-encoder --release --features 'parallel butteraugli-loop ssim2-loop' --example cjxl_parity_ledger -- --update --image 1189261.png --effort 9 --distance 0.4
1189261.png	photo	512	512	9	0.6000	92024	91332	0.691163	0.706796	90.7283	90.9502	3020.33	1889.24	719	9372	2169	79734	91994	0	30	443	9933	1448	79479	91303	0	29	0.758	-2.212	-0.2220	FIXED	9d8d5bb26bf5a534f599c0a7a7786db93803fd59	cargo run -p jxl-encoder --release --features 'parallel butteraugli-loop ssim2-loop' --example cjxl_parity_ledger -- --update --image 1189261.png --effort 9 --distance 0.6
1189261.png	photo	512	512	9	0.8000	76536	75927	0.912779	0.881335	88.8247	89.1233	3666.37	2194.14	818	9177	1983	64527	76505	0	31	426	9946	1241	64284	75897	0	30	0.802	3.568	-0.2986	FIXED	9d8d5bb26bf5a534f599c0a7a7786db93803fd59	cargo run -p jxl-encoder --release --features 'parallel butteraugli-loop ssim2-loop' --example cjxl_parity_ledger -- --update --image 1189261.png --effort 9 --distance 0.8
1189261.png	photo	512	512	9	1.0000	65051	64417	1.218010	1.134560	87.0149	87.1692	2857.34	2274.10	759	8817	1579	53868	65023	0	28	440	9604	969	53378	64391	0	26	0.984	7.355	-0.1543	FIXED	9d8d5bb26bf5a534f599c0a7a7786db93803fd59	cargo run -p jxl-encoder --release --features 'parallel butteraugli-loop ssim2-loop' --example cjxl_parity_ledger -- --update --image 1189261.png --effort 9 --distance 1
1189261.png	photo	512	512	9	1.2000	57753	55892	1.423359	1.387883	85.4411	85.3193	2357.15	2972.27	812	8405	2106	46402	57725	0	28	464	9207	896	45299	55866	0	26	3.330	2.556	0.1218	FIXED	9d8d5bb26bf5a534f599c0a7a7786db93803fd59	cargo run -p jxl-encoder --release --features 'parallel butteraugli-loop ssim2-loop' --example cjxl_parity_ledger -- --update --image 1189261.png --effort 9 --distance 1.2
1189261.png	photo	512	512	9	1.4000	50865	49801	1.525504	1.492942	83.3855	83.5544	2206.37	2044.32	638	8186	1527	40486	50837	0	28	481	8933	898	39463	49775	0	26	2.137	2.181	-0.1688	FIXED	9d8d5bb26bf5a534f599c0a7a7786db93803fd59	cargo run -p jxl-encoder --release --features 'parallel butteraugli-loop ssim2-loop' --example cjxl_parity_ledger -- --update --image 1189261.png --effort 9 --distance 1.4
1189261.png	photo	512	512	9	1.6000	46534	45653	1.669293	1.661199	82.2966	82.5611	3166.44	2138.36	609	8007	1420	36471	46507	0	27	485	8750	795	35598	45628	0	25	1.930	0.487	-0.2645	FIXED	9d8d5bb26bf5a534f599c0a7a7786db93803fd59	cargo run -p jxl-encoder --release --features 'parallel butteraugli-loop ssim2-loop' --example cjxl_parity_ledger -- --update --image 1189261.png --effort 9 --distance 1.6
1189261.png	photo	512	512	9	1.8000	42778	41871	1.907413	2.070318	80.9086	81.0658	2220.30	2010.60	722	7721	1383	32925	42751	0	27	477	8603	787	31979	41846	0	25	2.166	-7.869	-0.1572	FIXED	9d8d5bb26bf5a534f599c0a7a7786db93803fd59	cargo run -p jxl-encoder --release --features 'parallel butteraugli-loop ssim2-loop' --example cjxl_parity_ledger -- --update --image 1189261.png --effort 9 --distance 1.8
1189261.png	photo	512	512	9	2.0000	39833	38643	2.177850	2.290541	79.2291	78.9298	2476.64	1900.45	605	7679	1496	30026	39806	0	27	455	8427	819	28917	38618	0	25	3.079	-4.920	0.2993	FIXED	9d8d5bb26bf5a534f599c0a7a7786db93803fd59	cargo run -p jxl-encoder --release --features 'parallel butteraugli-loop ssim2-loop' --example cjxl_parity_ledger -- --update --image 1189261.png --effort 9 --distance 2
1189261.png	photo	512	512	9	2.5000	33321	32172	2.653467	2.579384	74.7992	74.8922	2056.75	1723.44	741	7135	1308	24110	33294	0	27	461	7960	801	22925	32147	0	25	3.571	2.872	-0.0930	FIXED	9d8d5bb26bf5a534f599c0a7a7786db93803fd59	cargo run -p jxl-encoder --release --features 'parallel butteraugli-loop ssim2-loop' --example cjxl_parity_ledger -- --update --image 1189261.png --effort 9 --distance 2.5
1189261.png	photo	512	512	9	3.0000	27663	27351	2.917902	2.858675	70.4681	71.1025	2244.33	1896.18	628	6674	1028	19306	27636	0	27	452	7646	620	18608	27326	0	25	1.141	2.072	-0.6344	FIXED	9d8d5bb26bf5a534f599c0a7a7786db93803fd59	cargo run -p jxl-encoder --release --features 'parallel butteraugli-loop ssim2-loop' --example cjxl_parity_ledger -- --update --image 1189261.png --effort 9 --distance 3
1189261.png	photo	512	512	9	4.0000	21846	21945	4.078424	3.840046	63.2757	63.8344	2259.68	1640.31	568	6253	886	14112	21819	0	27	427	7274	581	13637	21919	0	26	-0.451	6.208	-0.5587	FIXED	9d8d5bb26bf5a534f599c0a7a7786db93803fd59	cargo run -p jxl-encoder --release --features 'parallel butteraugli-loop ssim2-loop' --example cjxl_parity_ledger -- --update --image 1189261.png --effort 9 --distance 4
1189261.png	photo	512	512	9	5.0000	17907	17806	4.979215	4.974682	57.2834	57.3972	2410.69	2178.99	548	5491	837	11004	17880	0	27	376	6307	747	10350	17780	0	26	0.567	0.091	-0.1138	FIXED	9d8d5bb26bf5a534f599c0a7a7786db93803fd59	cargo run -p jxl-encoder --release --features 'parallel butteraugli-loop ssim2-loop' --example cjxl_parity_ledger -- --update --image 1189261.png --effort 9 --distance 5
1189261.png	photo	512	512	9	6.0000	15525	15491	5.278091	5.215131	50.6485	51.7686	2237.02	2117.95	501	5289	628	9080	15498	0	27	364	5932	670	8499	15465	0	26	0.219	1.207	-1.1200	FIXED	9d8d5bb26bf5a534f599c0a7a7786db93803fd59	cargo run -p jxl-encoder --release --features 'parallel butteraugli-loop ssim2-loop' --example cjxl_parity_ledger -- --update --image 1189261.png --effort 9 --distance 6
1418519.png	photo	512	512	5	0.2000	69122	68456	0.331585	0.345994	93.3698	93.2083	1278.66	191.44	568	8564	2724	57239	69095	0	27	421	8981	2438	56593	68433	0	23	0.973	-4.164	0.1615	FIXED	9d8d5bb26bf5a534f599c0a7a7786db93803fd59	cargo run -p jxl-encoder --release --features 'parallel butteraugli-loop ssim2-loop' --example cjxl_parity_ledger -- --update --image 1418519.png --effort 5 --distance 0.2
1418519.png	photo	512	512	5	0.4000	43742	42901	0.619305	0.615996	92.0841	92.0607	1131.67	171.21	660	7071	1849	34135	43715	0	27	398	7571	1493	33416	42878	0	23	1.960	0.537	0.0234	FIXED	9d8d5bb26bf5a534f599c0a7a7786db93803fd59	cargo run -p jxl-encoder --release --features 'parallel butteraugli-loop ssim2-loop' --example cjxl_parity_ledger -- --update --image 1418519.png --effort 5 --distance 0.4
1418519.png	photo	512	512	5	0.6000	30199	29970	0.724686	0.729648	90.6016	90.2595	995.32	127.80	642	6188	989	22354	30173	0	26	397	6854	638	22059	29948	0	22	0.764	-0.680	0.3421	FIXED	9d8d5bb26bf5a534f599c0a7a7786db93803fd59	cargo run -p jxl-encoder --release --features 'parallel butteraugli-loop ssim2-loop' --example cjxl_parity_ledger -- --update --image 1418519.png --effort 5 --distance 0.6
1418519.png	photo	512	512	5	0.8000	24721	24983	1.009456	1.001203	89.1495	88.8070	940.00	134.03	437	5764	679	17814	24694	0	27	397	6414	515	17634	24960	0	23	-1.049	0.824	0.3425	FIXED	9d8d5bb26bf5a534f599c0a7a7786db93803fd59	cargo run -p jxl-encoder --release --features 'parallel butteraugli-loop ssim2-loop' --example cjxl_parity_ledger -- --update --image 1418519.png --effort 5 --distance 0.8
1418519.png	photo	512	512	5	1.0000	21186	21649	1.146021	1.142482	87.9388	87.9929	826.41	98.51	488	5301	572	14798	21159	0	27	415	6016	526	14669	21626	0	23	-2.139	0.310	-0.0541	FIXED	9d8d5bb26bf5a534f599c0a7a7786db93803fd59	cargo run -p jxl-encoder --release --features 'parallel butteraugli-loop ssim2-loop' --example cjxl_parity_ledger -- --update --image 1418519.png --effort 5 --distance 1
1418519.png	photo	512	512	5	1.2000	19233	19315	1.449945	1.470589	86.7087	86.8577	898.43	137.54	524	5059	740	12883	19206	0	27	433	5775	441	12643	19292	0	23	-0.425	-1.404	-0.1491	FIXED	9d8d5bb26bf5a534f599c0a7a7786db93803fd59	cargo run -p jxl-encoder --release --features 'parallel butteraugli-loop ssim2-loop' --example cjxl_parity_ledger -- --update --image 1418519.png --effort 5 --distance 1.2
1418519.png	photo	512	512	5	1.4000	16947	17443	1.688841	1.688177	85.5006	85.0731	879.62	111.21	497	4815	417	11191	16920	0	27	395	5493	387	11145	17420	0	23	-2.844	0.039	0.4276	FIXED	9d8d5bb26bf5a534f599c0a7a7786db93803fd59	cargo run -p jxl-encoder --release --features 'parallel butteraugli-loop ssim2-loop' --example cjxl_parity_ledger -- --update --image 1418519.png --effort 5 --distance 1.4
1418519.png	photo	512	512	5	1.6000	15868	16135	1.810817	1.831058	84.1048	84.5546	1099.61	158.18	483	4629	657	10073	15842	0	26	380	5374	414	9948	16116	0	19	-1.655	-1.105	-0.4497	FIXED	9d8d5bb26bf5a534f599c0a7a7786db93803fd59	cargo run -p jxl-encoder --release --features 'parallel butteraugli-loop ssim2-loop' --example cjxl_parity_ledger -- --update --image 1418519.png --effort 5 --distance 1.6
1418519.png	photo	512	512	5	1.8000	14326	14854	1.954369	2.000962	83.1057	83.1418	802.90	137.79	400	4448	406	9046	14300	0	26	381	5156	380	8918	14835	0	19	-3.555	-2.329	-0.0361	FIXED	9d8d5bb26bf5a534f599c0a7a7786db93803fd59	cargo run -p jxl-encoder --release --features 'parallel butteraugli-loop ssim2-loop' --example cjxl_parity_ledger -- --update --image 1418519.png --effort 5 --distance 1.8
1418519.png	photo	512	512	5	2.0000	14193	13825	2.154241	2.151351	82.1582	82.1161	752.97	82.72	512	4265	532	8858	14167	0	26	365	5018	377	8046	13806	0	19	2.662	0.134	0.0421	FIXED	9d8d5bb26bf5a534f599c0a7a7786db93803fd59	cargo run -p jxl-encoder --release --features 'parallel butteraugli-loop ssim2-loop' --example cjxl_parity_ledger -- --update --image 1418519.png --effort 5 --distance 2
1418519.png	photo	512	512	5	2.5000	12003	11854	2.403862	2.395874	79.3227	79.6271	757.78	91.72	425	3964	559	7029	11977	0	26	355	4678	314	6488	11835	0	19	1.257	0.333	-0.3044	FIXED	9d8d5bb26bf5a534f599c0a7a7786db93803fd59	cargo run -p jxl-encoder --release --features 'parallel butteraugli-loop ssim2-loop' --example cjxl_parity_ledger -- --update --image 1418519.png --effort 5 --distance 2.5
1418519.png	photo	512	512	5	3.0000	10661	10681	2.851930	2.821595	76.5740	77.2090	708.85	222.39	447	3737	502	5949	10635	0	26	362	4520	281	5496	10659	0	22	-0.187	1.075	-0.6351	FIXED	9d8d5bb26bf5a534f599c0a7a7786db93803fd59	cargo run -p jxl-encoder --release --features 'parallel butteraugli-loop ssim2-loop' --example cjxl_parity_ledger -- --update --image 1418519.png --effort 5 --distance 3
1418519.png	photo	512	512	5	4.0000	8492	8564	3.912597	3.935837	71.2419	72.1796	681.40	168.86	402	3402	410	4251	8465	0	27	320	4110	251	3861	8542	0	22	-0.841	-0.590	-0.9377	FIXED	9d8d5bb26bf5a534f599c0a7a7786db93803fd59	cargo run -p jxl-encoder --release --features 'parallel butteraugli-loop ssim2-loop' --example cjxl_parity_ledger -- --update --image 1418519.png --effort 5 --distance 4
1418519.png	photo	512	512	5	5.0000	7223	7697	4.592420	4.562566	65.9199	67.2293	646.97	117.92	362	3111	377	3348	7198	0	25	309	3882	354	3131	7676	0	21	-6.158	0.654	-1.3094	FIXED	9d8d5bb26bf5a534f599c0a7a7786db93803fd59	cargo run -p jxl-encoder --release --features 'parallel butteraugli-loop ssim2-loop' --example cjxl_parity_ledger -- --update --image 1418519.png --effort 5 --distance 5
1418519.png	photo	512	512	5	6.0000	6437	6727	4.900861	5.012241	62.1040	63.1409	645.60	120.66	382	2814	387	2829	6412	0	25	308	3560	440	2398	6706	0	21	-4.311	-2.222	-1.0368	FIXED	9d8d5bb26bf5a534f599c0a7a7786db93803fd59	cargo run -p jxl-encoder --release --features 'parallel butteraugli-loop ssim2-loop' --example cjxl_parity_ledger -- --update --image 1418519.png --effort 5 --distance 6
1418519.png	photo	512	512	6	0.2000	68829	68286	0.331591	0.344682	93.3710	93.1191	1313.44	163.02	612	8564	2765	56861	68802	0	27	424	9001	2511	56327	68263	0	23	0.795	-3.798	0.2518	FIXED	9d8d5bb26bf5a534f599c0a7a7786db93803fd59	cargo run -p jxl-encoder --release --features 'parallel butteraugli-loop ssim2-loop' --example cjxl_parity_ledger -- --update --image 1418519.png --effort 6 --distance 0.2
1418519.png	photo	512	512	6	0.4000	43578	42885	0.619485	0.616384	92.0811	91.9903	1159.20	219.63	620	7029	1911	33991	43551	0	27	458	7598	1478	33328	42862	0	23	1.616	0.503	0.0908	FIXED	9d8d5bb26bf5a534f599c0a7a7786db93803fd59	cargo run -p jxl-encoder --release --features 'parallel butteraugli-loop ssim2-loop' --example cjxl_parity_ledger -- --update --image 1418519.png --effort 6 --distance 0.4
1418519.png	photo	512	512	6	0.6000	30115	29912	0.724740	0.738308	90.5715	90.1402	1153.40	177.06	643	6219	973	22254	30089	0	26	387	6895	601	22007	29890	0	22	0.679	-1.838	0.4312	FIXED	9d8d5bb26bf5a534f599c0a7a7786db93803fd59	cargo run -p jxl-encoder --release --features 'parallel butteraugli-loop ssim2-loop' --example cjxl_parity_ledger -- --update --image 1418519.png --effort 6 --distance 0.6
1418519.png	photo	512	512	6	0.8000	25385	25370	1.009634	0.989318	89.1506	88.9097	1001.33	270.10	602	6425	664	17667	25358	0	27	417	6956	576	17398	25347	0	23	0.059	2.054	0.2409	FIXED	9d8d5bb26bf5a534f599c0a7a7786db93803fd59	cargo run -p jxl-encoder --release --features 'parallel butteraugli-loop ssim2-loop' --example cjxl_parity_ledger -- --update --image 1418519.png --effort 6 --distance 0.8
1418519.png	photo	512	512	6	1.0000	21682	21954	1.143892	1.109438	87.8826	87.6355	948.32	248.26	539	5973	556	14587	21655	0	27	384	6564	471	14512	21931	0	23	-1.239	3.106	0.2472	FIXED	9d8d5bb26bf5a534f599c0a7a7786db93803fd59	cargo run -p jxl-encoder --release --features 'parallel butteraugli-loop ssim2-loop' --example cjxl_parity_ledger -- --update --image 1418519.png --effort 6 --distance 1
1418519.png	photo	512	512	6	1.2000	19693	19634	1.484880	1.446809	86.7149	86.8357	1050.40	316.08	573	5735	631	12727	19666	0	27	411	6321	460	12419	19611	0	23	0.300	2.631	-0.1207	FIXED	9d8d5bb26bf5a534f599c0a7a7786db93803fd59	cargo run -p jxl-encoder --release --features 'parallel butteraugli-loop ssim2-loop' --example cjxl_parity_ledger -- --update --image 1418519.png --effort 6 --distance 1.2
1418519.png	photo	512	512	6	1.4000	17500	17812	1.644018	1.644589	85.4450	85.0825	996.51	261.15	561	5457	455	11000	17473	0	27	427	6044	374	10944	17789	0	23	-1.752	-0.035	0.3625	FIXED	9d8d5bb26bf5a534f599c0a7a7786db93803fd59	cargo run -p jxl-encoder --release --features 'parallel butteraugli-loop ssim2-loop' --example cjxl_parity_ledger -- --update --image 1418519.png --effort 6 --distance 1.4
1418519.png	photo	512	512	6	1.6000	16078	16471	1.839868	1.756399	84.1623	84.6232	953.30	279.06	519	5353	384	9796	16052	0	26	391	5952	355	9754	16452	0	19	-2.386	4.752	-0.4609	FIXED	9d8d5bb26bf5a534f599c0a7a7786db93803fd59	cargo run -p jxl-encoder --release --features 'parallel butteraugli-loop ssim2-loop' --example cjxl_parity_ledger -- --update --image 1418519.png --effort 6 --distance 1.6
1418519.png	photo	512	512	6	1.8000	14945	15450	1.968157	1.965398	82.9013	83.0855	909.18	284.37	460	5203	421	8835	14919	0	26	381	5897	361	8792	15431	0	19	-3.269	0.140	-0.1842	FIXED	9d8d5bb26bf5a534f599c0a7a7786db93803fd59	cargo run -p jxl-encoder --release --features 'parallel butteraugli-loop ssim2-loop' --example cjxl_parity_ledger -- --update --image 1418519.png --effort 6 --distance 1.8
1418519.png	photo	512	512	6	2.0000	14715	14404	2.150958	2.150974	82.0372	81.9194	958.90	257.93	496	4998	539	8656	14689	0	26	392	5729	369	7895	14385	0	19	2.159	-0.001	0.1178	FIXED	9d8d5bb26bf5a534f599c0a7a7786db93803fd59	cargo run -p jxl-encoder --release --features 'parallel butteraugli-loop ssim2-loop' --example cjxl_parity_ledger -- --update --image 1418519.png --effort 6 --distance 2
1418519.png	photo	512	512	6	2.5000	12558	12444	2.434286	2.433161	78.9667	79.3812	927.61	307.32	444	4647	549	6892	12532	0	26	383	5349	287	6406	12425	0	19	0.916	0.046	-0.4145	FIXED	9d8d5bb26bf5a534f599c0a7a7786db93803fd59	cargo run -p jxl-encoder --release --features 'parallel butteraugli-loop ssim2-loop' --example cjxl_parity_ledger -- --update --image 1418519.png --effort 6 --distance 2.5
1418519.png	photo	512	512	6	3.0000	11313	11221	2.698163	2.965509	76.4819	77.2345	863.61	335.14	379	4505	538	5865	11287	0	26	342	5208	273	5376	11199	0	22	0.820	-9.015	-0.7526	FIXED	9d8d5bb26bf5a534f599c0a7a7786db93803fd59	cargo run -p jxl-encoder --release --features 'parallel butteraugli-loop ssim2-loop' --example cjxl_parity_ledger -- --update --image 1418519.png --effort 6 --distance 3
1418519.png	photo	512	512	6	4.0000	9251	9294	3.944010	4.175093	71.8194	72.8907	883.03	229.44	390	4153	382	4299	9224	0	27	350	4787	254	3881	9272	0	22	-0.463	-5.535	-1.0712	FIXED	9d8d5bb26bf5a534f599c0a7a7786db93803fd59	cargo run -p jxl-encoder --release --features 'parallel butteraugli-loop ssim2-loop' --example cjxl_parity_ledger -- --update --image 1418519.png --effort 6 --distance 4
1418519.png	photo	512	512	6	5.0000	7736	8155	4.736318	4.727833	67.5572	68.8877	848.73	267.49	363	3623	377	3348	7711	0	25	317	4338	369	3110	8134	0	21	-5.138	0.179	-1.3306	FIXED	9d8d5bb26bf5a534f599c0a7a7786db93803fd59	cargo run -p jxl-encoder --release --features 'parallel butteraugli-loop ssim2-loop' --example cjxl_parity_ledger -- --update --image 1418519.png --effort 6 --distance 5
1418519.png	photo	512	512	6	6.0000	6951	7178	5.602132	4.969306	63.9251	65.2426	850.84	332.99	384	3326	387	2829	6926	0	25	311	4017	443	2386	7157	0	21	-3.162	12.735	-1.3175	FIXED	9d8d5bb26bf5a534f599c0a7a7786db93803fd59	cargo run -p jxl-encoder --release --features 'parallel butteraugli-loop ssim2-loop' --example cjxl_parity_ledger -- --update --image 1418519.png --effort 6 --distance 6
1418519.png	photo	512	512	7	0.2000	68925	67998	0.339933	0.344932	93.2033	93.4021	1454.15	232.41	612	8577	2776	56933	68898	0	27	392	8987	2522	56074	67975	0	23	1.363	-1.449	-0.1988	FIXED	9d8d5bb26bf5a534f599c0a7a7786db93803fd59	cargo run -p jxl-encoder --release --features 'parallel butteraugli-loop ssim2-loop' --example cjxl_parity_ledger -- --update --image 1418519.png --effort 7 --distance 0.2
1418519.png	photo	512	512	7	0.4000	43521	42751	0.619300	0.614436	91.7885	91.7787	1115.46	377.60	621	7036	1844	33993	43494	0	27	463	7595	1422	33248	42728	0	23	1.801	0.792	0.0098	FIXED	9d8d5bb26bf5a534f599c0a7a7786db93803fd59	cargo run -p jxl-encoder --release --features 'parallel butteraugli-loop ssim2-loop' --example cjxl_parity_ledger -- --update --image 1418519.png --effort 7 --distance 0.4
1418519.png	photo	512	512	7	0.6000	30078	29902	0.724838	0.738444	90.5155	90.5644	1111.63	217.87	642	6220	924	22266	30052	0	26	399	6889	665	21927	29880	0	22	0.589	-1.842	-0.0490	FIXED	9d8d5bb26bf5a534f599c0a7a7786db93803fd59	cargo run -p jxl-encoder --release --features 'parallel butteraugli-loop ssim2-loop' --example cjxl_parity_ledger -- --update --image 1418519.png --effort 7 --distance 0.6
1418519.png	photo	512	512	7	0.8000	25370	25361	1.008969	0.989952	89.1844	89.3346	1069.81	349.31	633	6410	663	17637	25343	0	27	417	6957	568	17396	25338	0	23	0.035	1.921	-0.1502	FIXED	9d8d5bb26bf5a534f599c0a7a7786db93803fd59	cargo run -p jxl-encoder --release --features 'parallel butteraugli-loop ssim2-loop' --example cjxl_parity_ledger -- --update --image 1418519.png --effort 7 --distance 0.8
1418519.png	photo	512	512	7	1.0000	21685	21947	1.140542	1.111072	87.8455	88.2853	1043.41	280.85	538	5985	556	14579	21658	0	27	390	6567	485	14482	21924	0	23	-1.194	2.652	-0.4398	FIXED	9d8d5bb26bf5a534f599c0a7a7786db93803fd59	cargo run -p jxl-encoder --release --features 'parallel butteraugli-loop ssim2-loop' --example cjxl_parity_ledger -- --update --image 1418519.png --effort 7 --distance 1
1418519.png	photo	512	512	7	1.2000	19704	19602	1.485125	1.447742	86.6292	86.8787	1082.11	322.55	573	5737	638	12729	19677	0	27	384	6350	451	12394	19579	0	23	0.520	2.582	-0.2495	FIXED	9d8d5bb26bf5a534f599c0a7a7786db93803fd59	cargo run -p jxl-encoder --release --features 'parallel butteraugli-loop ssim2-loop' --example cjxl_parity_ledger -- --update --image 1418519.png --effort 7 --distance 1.2
1418519.png	photo	512	512	7	1.4000	17506	17801	1.644544	1.642791	85.4362	85.5919	1053.86	309.89	561	5461	457	11000	17479	0	27	423	6055	363	10937	17778	0	23	-1.657	0.107	-0.1557	FIXED	9d8d5bb26bf5a534f599c0a7a7786db93803fd59	cargo run -p jxl-encoder --release --features 'parallel butteraugli-loop ssim2-loop' --example cjxl_parity_ledger -- --update --image 1418519.png --effort 7 --distance 1.4
1418519.png	photo	512	512	7	1.6000	16074	16474	1.839867	1.762174	84.1743	84.7736	896.37	223.42	519	5355	384	9790	16048	0	26	386	5957	355	9757	16455	0	19	-2.428	4.409	-0.5993	FIXED	9d8d5bb26bf5a534f599c0a7a7786db93803fd59	cargo run -p jxl-encoder --release --features 'parallel butteraugli-loop ssim2-loop' --example cjxl_parity_ledger -- --update --image 1418519.png --effort 7 --distance 1.6
1418519.png	photo	512	512	7	1.8000	14946	15430	1.968036	1.964935	82.9983	83.5504	889.23	256.84	460	5205	422	8833	14920	0	26	384	5888	359	8780	15411	0	19	-3.137	0.158	-0.5521	FIXED	9d8d5bb26bf5a534f599c0a7a7786db93803fd59	cargo run -p jxl-encoder --release --features 'parallel butteraugli-loop ssim2-loop' --example cjxl_parity_ledger -- --update --image 1418519.png --effort 7 --distance 1.8
1418519.png	photo	512	512	7	2.0000	13940	14410	2.152095	2.150204	81.7266	81.9265	916.81	217.04	420	5054	406	8034	13914	0	26	388	5741	368	7894	14391	0	19	-3.262	0.088	-0.2000	FIXED	9d8d5bb26bf5a534f599c0a7a7786db93803fd59	cargo run -p jxl-encoder --release --features 'parallel butteraugli-loop ssim2-loop' --example cjxl_parity_ledger -- --update --image 1418519.png --effort 7 --distance 2
1418519.png	photo	512	512	7	2.5000	12036	12463	2.438383	2.433027	78.5507	79.5477	885.84	224.67	398	4700	368	6544	12010	0	26	386	5358	288	6412	12444	0	19	-3.426	0.220	-0.9970	FIXED	9d8d5bb26bf5a534f599c0a7a7786db93803fd59	cargo run -p jxl-encoder --release --features 'parallel butteraugli-loop ssim2-loop' --example cjxl_parity_ledger -- --update --image 1418519.png --effort 7 --distance 2.5
1418519.png	photo	512	512	7	3.0000	10871	11256	2.696968	2.882906	75.7949	77.0655	847.50	343.82	451	4434	438	5522	10845	0	26	338	5213	267	5381	11199	27	30	-3.420	-6.450	-1.2706	FIXED	9d8d5bb26bf5a534f599c0a7a7786db93803fd59	cargo run -p jxl-encoder --release --features 'parallel butteraugli-loop ssim2-loop' --example cjxl_parity_ledger -- --update --image 1418519.png --effort 7 --distance 3
1418519.png	photo	512	512	7	4.0000	8951	9351	3.947662	4.175093	71.2475	72.9955	953.02	369.19	405	4117	320	4082	8924	0	27	352	4813	252	3877	9294	27	30	-4.278	-5.447	-1.7481	FIXED	9d8d5bb26bf5a534f599c0a7a7786db93803fd59	cargo run -p jxl-encoder --release --features 'parallel butteraugli-loop ssim2-loop' --example cjxl_parity_ledger -- --update --image 1418519.png --effort 7 --distance 4
1418519.png	photo	512	512	7	5.0000	7581	8185	4.734446	4.721256	66.8851	69.2771	839.93	353.51	371	3663	410	3112	7556	0	25	336	4316	368	3112	8132	24	29	-7.379	0.279	-2.3920	FIXED	9d8d5bb26bf5a534f599c0a7a7786db93803fd59	cargo run -p jxl-encoder --release --features 'parallel butteraugli-loop ssim2-loop' --example cjxl_parity_ledger -- --update --image 1418519.png --effort 7 --distance 5
1418519.png	photo	512	512	7	6.0000	6471	7233	5.602333	4.838019	62.9988	65.2998	948.47	291.54	349	3345	176	2576	6446	0	25	338	4012	439	2390	7179	25	29	-10.535	15.798	-2.3011	FIXED	9d8d5bb26bf5a534f599c0a7a7786db93803fd59	cargo run -p jxl-encoder --release --features 'parallel butteraugli-loop ssim2-loop' --example cjxl_parity_ledger -- --update --image 1418519.png --effort 7 --distance 6
1418519.png	photo	512	512	8	0.2000	71172	70047	0.268328	0.283205	93.2664	93.5450	1987.49	1023.60	890	8722	2935	58598	71145	0	27	325	9335	2734	57630	70024	0	23	1.606	-5.253	-0.2786	FIXED	9d8d5bb26bf5a534f599c0a7a7786db93803fd59	cargo run -p jxl-encoder --release --features 'parallel butteraugli-loop ssim2-loop' --example cjxl_parity_ledger -- --update --image 1418519.png --effort 8 --distance 0.2
1418519.png	photo	512	512	8	0.4000	43150	42471	0.501496	0.541438	92.0236	92.3866	1769.87	1138.90	570	7034	1878	33641	43123	0	27	329	7673	1390	33056	42448	0	23	1.599	-7.377	-0.3631	FIXED	9d8d5bb26bf5a534f599c0a7a7786db93803fd59	cargo run -p jxl-encoder --release --features 'parallel butteraugli-loop ssim2-loop' --example cjxl_parity_ledger -- --update --image 1418519.png --effort 8 --distance 0.4
1418519.png	photo	512	512	8	0.6000	29987	29660	0.758501	0.739007	90.8491	90.8814	1918.34	1276.18	673	6154	1012	22122	29961	0	26	311	6884	684	21759	29638	0	22	1.102	2.638	-0.0323	FIXED	9d8d5bb26bf5a534f599c0a7a7786db93803fd59	cargo run -p jxl-encoder --release --features 'parallel butteraugli-loop ssim2-loop' --example cjxl_parity_ledger -- --update --image 1418519.png --effort 8 --distance 0.6
1418519.png	photo	512	512	8	0.8000	25161	25136	0.916201	0.887233	89.9476	89.7365	1752.78	1224.20	560	6372	662	17540	25134	0	27	305	7041	515	17252	25113	0	23	0.099	3.265	0.2111	FIXED	9d8d5bb26bf5a534f599c0a7a7786db93803fd59	cargo run -p jxl-encoder --release --features 'parallel butteraugli-loop ssim2-loop' --example cjxl_parity_ledger -- --update --image 1418519.png --effort 8 --distance 0.8
1418519.png	photo	512	512	8	1.0000	21449	21826	1.219866	1.167616	88.2987	88.7117	1383.00	1387.11	524	5924	473	14501	21422	0	27	308	6627	439	14429	21803	0	23	-1.727	4.475	-0.4130	FIXED	9d8d5bb26bf5a534f599c0a7a7786db93803fd59	cargo run -p jxl-encoder --release --features 'parallel butteraugli-loop ssim2-loop' --example cjxl_parity_ledger -- --update --image 1418519.png --effort 8 --distance 1
1418519.png	photo	512	512	8	1.2000	19302	19404	1.421909	1.390762	86.9324	87.4665	1549.42	1235.30	589	5672	577	12437	19275	0	27	325	6420	475	12161	19381	0	23	-0.526	2.240	-0.5341	FIXED	9d8d5bb26bf5a534f599c0a7a7786db93803fd59	cargo run -p jxl-encoder --release --features 'parallel butteraugli-loop ssim2-loop' --example cjxl_parity_ledger -- --update --image 1418519.png --effort 8 --distance 1.2
1418519.png	photo	512	512	8	1.4000	17164	17604	1.532113	1.603075	85.7736	86.0346	1709.01	1146.17	543	5444	412	10738	17137	0	27	331	6236	370	10644	17581	0	23	-2.499	-4.427	-0.2610	FIXED	9d8d5bb26bf5a534f599c0a7a7786db93803fd59	cargo run -p jxl-encoder --release --features 'parallel butteraugli-loop ssim2-loop' --example cjxl_parity_ledger -- --update --image 1418519.png --effort 8 --distance 1.4
1418519.png	photo	512	512	8	1.6000	15780	16339	1.803601	1.769085	84.6888	85.1679	1845.32	1261.49	613	5346	419	9376	15754	0	26	336	6207	349	9428	16320	0	19	-3.421	1.951	-0.4791	FIXED	9d8d5bb26bf5a534f599c0a7a7786db93803fd59	cargo run -p jxl-encoder --release --features 'parallel butteraugli-loop ssim2-loop' --example cjxl_parity_ledger -- --update --image 1418519.png --effort 8 --distance 1.6
1418519.png	photo	512	512	8	1.8000	14483	15024	2.042281	1.876705	82.7941	83.5209	1528.24	1421.64	472	5133	304	8548	14457	0	26	316	5955	326	8408	15005	0	19	-3.601	8.823	-0.7268	FIXED	9d8d5bb26bf5a534f599c0a7a7786db93803fd59	cargo run -p jxl-encoder --release --features 'parallel butteraugli-loop ssim2-loop' --example cjxl_parity_ledger -- --update --image 1418519.png --effort 8 --distance 1.8
1418519.png	photo	512	512	8	2.0000	13516	14033	2.224091	2.188739	81.8214	82.4427	1560.78	1307.88	514	4931	365	7680	13490	0	26	326	5755	344	7589	14014	0	19	-3.684	1.615	-0.6213	FIXED	9d8d5bb26bf5a534f599c0a7a7786db93803fd59	cargo run -p jxl-encoder --release --features 'parallel butteraugli-loop ssim2-loop' --example cjxl_parity_ledger -- --update --image 1418519.png --effort 8 --distance 2
1418519.png	photo	512	512	8	2.5000	11535	12163	2.445078	2.747586	78.5279	79.5784	1233.63	1238.92	458	4574	341	6136	11509	0	26	307	5540	308	5989	12144	0	19	-5.163	-11.010	-1.0505	FIXED	9d8d5bb26bf5a534f599c0a7a7786db93803fd59	cargo run -p jxl-encoder --release --features 'parallel butteraugli-loop ssim2-loop' --example cjxl_parity_ledger -- --update --image 1418519.png --effort 8 --distance 2.5
1418519.png	photo	512	512	8	3.0000	10452	10788	2.953237	2.857833	76.0170	76.6440	1168.22	1055.33	380	4505	336	5205	10426	0	26	313	5254	262	4902	10731	27	30	-3.115	3.338	-0.6270	FIXED	9d8d5bb26bf5a534f599c0a7a7786db93803fd59	cargo run -p jxl-encoder --release --features 'parallel butteraugli-loop ssim2-loop' --example cjxl_parity_ledger -- --update --image 1418519.png --effort 8 --distance 3
1418519.png	photo	512	512	8	4.0000	8465	8932	4.114492	3.544480	70.5486	72.3045	1720.38	1186.67	391	4091	381	3577	8440	0	25	294	4858	221	3503	8876	27	29	-5.228	16.082	-1.7558	FIXED	9d8d5bb26bf5a534f599c0a7a7786db93803fd59	cargo run -p jxl-encoder --release --features 'parallel butteraugli-loop ssim2-loop' --example cjxl_parity_ledger -- --update --image 1418519.png --effort 8 --distance 4
1418519.png	photo	512	512	8	5.0000	7101	7766	4.352992	4.694778	65.4083	67.9760	1709.53	1125.86	370	3607	333	2766	7076	0	25	233	4398	448	2634	7713	24	29	-8.563	-7.280	-2.5677	FIXED	9d8d5bb26bf5a534f599c0a7a7786db93803fd59	cargo run -p jxl-encoder --release --features 'parallel butteraugli-loop ssim2-loop' --example cjxl_parity_ledger -- --update --image 1418519.png --effort 8 --distance 5
1418519.png	photo	512	512	8	6.0000	6207	6900	4.867063	4.558211	62.4975	64.6634	1752.44	1075.77	351	3354	312	2165	6182	0	25	243	4096	290	2217	6846	25	29	-10.043	6.776	-2.1658	FIXED	9d8d5bb26bf5a534f599c0a7a7786db93803fd59	cargo run -p jxl-encoder --release --features 'parallel butteraugli-loop ssim2-loop' --example cjxl_parity_ledger -- --update --image 1418519.png --effort 8 --distance 6
1418519.png	photo	512	512	9	0.2000	72656	70636	0.237624	0.237932	93.1972	93.5673	2505.43	1533.19	883	8853	3817	59076	72629	0	27	360	9339	2612	58302	70613	0	23	2.860	-0.129	-0.3701	FIXED	9d8d5bb26bf5a534f599c0a7a7786db93803fd59	cargo run -p jxl-encoder --release --features 'parallel butteraugli-loop ssim2-loop' --example cjxl_parity_ledger -- --update --image 1418519.png --effort 9 --distance 0.2
1418519.png	photo	512	512	9	0.4000	43873	42584	0.493719	0.568767	92.0280	92.3856	1764.58	1666.29	763	7029	2324	33730	43846	0	27	330	7671	1363	33197	42561	0	23	3.027	-13.195	-0.3577	FIXED	9d8d5bb26bf5a534f599c0a7a7786db93803fd59	cargo run -p jxl-encoder --release --features 'parallel butteraugli-loop ssim2-loop' --example cjxl_parity_ledger -- --update --image 1418519.png --effort 9 --distance 0.4
1418519.png	photo	512	512	9	0.6000	30261	29664	0.701672	0.735421	90.8443	90.9548	1996.49	2065.48	669	6214	1141	22210	30234	0	27	315	6872	630	21825	29642	0	22	2.013	-4.589	-0.1105	FIXED	9d8d5bb26bf5a534f599c0a7a7786db93803fd59	cargo run -p jxl-encoder --release --features 'parallel butteraugli-loop ssim2-loop' --example cjxl_parity_ledger -- --update --image 1418519.png --effort 9 --distance 0.6
1418519.png	photo	512	512	9	0.8000	25472	25094	0.916201	0.887233	89.9579	89.7686	2027.38	1802.52	504	6463	886	17592	25445	0	27	325	6990	497	17259	25071	0	23	1.506	3.265	0.1893	FIXED	9d8d5bb26bf5a534f599c0a7a7786db93803fd59	cargo run -p jxl-encoder --release --features 'parallel butteraugli-loop ssim2-loop' --example cjxl_parity_ledger -- --update --image 1418519.png --effort 9 --distance 0.8
1418519.png	photo	512	512	9	1.0000	21673	21811	1.116874	1.086164	88.3249	88.7416	1884.10	1573.69	633	5913	648	14452	21646	0	27	331	6580	420	14457	21788	0	23	-0.633	2.827	-0.4166	FIXED	9d8d5bb26bf5a534f599c0a7a7786db93803fd59	cargo run -p jxl-encoder --release --features 'parallel butteraugli-loop ssim2-loop' --example cjxl_parity_ledger -- --update --image 1418519.png --effort 9 --distance 1
1418519.png	photo	512	512	9	1.2000	19491	19371	1.323113	1.307689	86.9369	87.4065	1715.57	1878.32	609	5711	726	12418	19464	0	27	340	6382	451	12175	19348	0	23	0.619	1.179	-0.4696	FIXED	9d8d5bb26bf5a534f599c0a7a7786db93803fd59	cargo run -p jxl-encoder --release --features 'parallel butteraugli-loop ssim2-loop' --example cjxl_parity_ledger -- --update --image 1418519.png --effort 9 --distance 1.2
1418519.png	photo	512	512	9	1.4000	17366	17584	1.500225	1.479766	85.7814	86.1546	1619.42	1435.35	638	5432	557	10712	17339	0	27	332	6205	375	10649	17561	0	23	-1.240	1.383	-0.3732	FIXED	9d8d5bb26bf5a534f599c0a7a7786db93803fd59	cargo run -p jxl-encoder --release --features 'parallel butteraugli-loop ssim2-loop' --example cjxl_parity_ledger -- --update --image 1418519.png --effort 9 --distance 1.4
1418519.png	photo	512	512	9	1.6000	15891	16339	1.787586	1.750028	84.7237	85.2028	2089.59	1984.67	679	5304	506	9376	15865	0	26	353	6186	343	9438	16320	0	19	-2.742	2.146	-0.4790	FIXED	9d8d5bb26bf5a534f599c0a7a7786db93803fd59	cargo run -p jxl-encoder --release --features 'parallel butteraugli-loop ssim2-loop' --example cjxl_parity_ledger -- --update --image 1418519.png --effort 9 --distance 1.6
1418519.png	photo	512	512	9	1.8000	14643	14999	1.948098	1.876705	82.7754	83.5209	2055.43	1949.26	593	5097	394	8533	14617	0	26	332	5923	309	8416	14980	0	19	-2.373	3.804	-0.7454	FIXED	9d8d5bb26bf5a534f599c0a7a7786db93803fd59	cargo run -p jxl-encoder --release --features 'parallel butteraugli-loop ssim2-loop' --example cjxl_parity_ledger -- --update --image 1418519.png --effort 9 --distance 1.8
1418519.png	photo	512	512	9	2.0000	13634	14031	2.008215	2.007027	81.8132	82.4380	2663.36	1904.42	534	4946	461	7667	13608	0	26	367	5703	338	7604	14012	0	19	-2.829	0.059	-0.6248	FIXED	9d8d5bb26bf5a534f599c0a7a7786db93803fd59	cargo run -p jxl-encoder --release --features 'parallel butteraugli-loop ssim2-loop' --example cjxl_parity_ledger -- --update --image 1418519.png --effort 9 --distance 2
1418519.png	photo	512	512	9	2.5000	11678	12147	2.445078	2.593042	78.5279	79.5673	1793.99	1872.69	470	4643	421	6118	11652	0	26	347	5484	296	6001	12128	0	19	-3.861	-5.706	-1.0393	FIXED	9d8d5bb26bf5a534f599c0a7a7786db93803fd59	cargo run -p jxl-encoder --release --features 'parallel butteraugli-loop ssim2-loop' --example cjxl_parity_ledger -- --update --image 1418519.png --effort 9 --distance 2.5
1418519.png	photo	512	512	9	3.0000	10534	10772	2.953237	2.857833	76.0170	76.6541	1703.75	2076.59	425	4496	395	5192	10508	0	26	332	5215	250	4918	10715	27	30	-2.209	3.338	-0.6371	FIXED	9d8d5bb26bf5a534f599c0a7a7786db93803fd59	cargo run -p jxl-encoder --release --features 'parallel butteraugli-loop ssim2-loop' --example cjxl_parity_ledger -- --update --image 1418519.png --effort 9 --distance 3
1418519.png	photo	512	512	9	4.0000	8570	8939	3.808583	3.472333	70.5199	72.3082	2247.18	1792.39	494	4050	436	3565	8545	0	25	305	4843	213	3522	8883	27	29	-4.128	9.684	-1.7884	FIXED	9d8d5bb26bf5a534f599c0a7a7786db93803fd59	cargo run -p jxl-encoder --release --features 'parallel butteraugli-loop ssim2-loop' --example cjxl_parity_ledger -- --update --image 1418519.png --effort 9 --distance 4
1418519.png	photo	512	512	9	5.0000	7172	7767	4.352992	4.694778	65.4083	67.9760	2259.07	1643.66	444	3573	374	2756	7147	0	25	275	4361	434	2644	7714	24	29	-7.661	-7.280	-2.5677	FIXED	9d8d5bb26bf5a534f599c0a7a7786db93803fd59	cargo run -p jxl-encoder --release --features 'parallel butteraugli-loop ssim2-loop' --example cjxl_parity_ledger -- --update --image 1418519.png --effort 9 --distance 5
1418519.png	photo	512	512	9	6.0000	6292	6892	4.867063	4.558211	62.4975	64.6634	2088.77	2341.52	442	3318	357	2150	6267	0	25	256	4078	282	2222	6838	25	29	-8.706	6.776	-2.1658	FIXED	9d8d5bb26bf5a534f599c0a7a7786db93803fd59	cargo run -p jxl-encoder --release --features 'parallel butteraugli-loop ssim2-loop' --example cjxl_parity_ledger -- --update --image 1418519.png --effort 9 --distance 6
1420710.png	photo	512	512	5	0.2000	202649	202137	0.389766	0.389435	94.7940	94.8292	1200.96	226.00	361	11737	2408	188112	202618	0	31	305	12061	2104	187637	202107	0	30	0.253	0.085	-0.0352	FIXED	9d8d5bb26bf5a534f599c0a7a7786db93803fd59	cargo run -p jxl-encoder --release --features 'parallel butteraugli-loop ssim2-loop' --example cjxl_parity_ledger -- --update --image 1420710.png --effort 5 --distance 0.2
1420710.png	photo	512	512	5	0.4000	149721	149765	0.648405	0.644219	92.5636	92.5471	945.60	234.38	424	10426	1616	137224	149690	0	31	363	10604	1551	137217	149735	0	30	-0.029	0.650	0.0164	FIXED	9d8d5bb26bf5a534f599c0a7a7786db93803fd59	cargo run -p jxl-encoder --release --features 'parallel butteraugli-loop ssim2-loop' --example cjxl_parity_ledger -- --update --image 1420710.png --effort 5 --distance 0.4
1420710.png	photo	512	512	5	0.6000	124068	124024	0.807936	0.811314	90.5406	90.6296	772.32	198.79	414	9460	1264	112899	124037	0	31	310	9761	1039	112884	123994	0	30	0.035	-0.416	-0.0890	FIXED	9d8d5bb26bf5a534f599c0a7a7786db93803fd59	cargo run -p jxl-encoder --release --features 'parallel butteraugli-loop ssim2-loop' --example cjxl_parity_ledger -- --update --image 1420710.png --effort 5 --distance 0.6
1420710.png	photo	512	512	5	0.8000	105504	105527	1.006768	0.999540	88.4610	88.5362	753.92	132.76	377	8900	1075	95120	105472	0	32	298	9219	889	95091	105497	0	30	-0.022	0.723	-0.0752	FIXED	9d8d5bb26bf5a534f599c0a7a7786db93803fd59	cargo run -p jxl-encoder --release --features 'parallel butteraugli-loop ssim2-loop' --example cjxl_parity_ledger -- --update --image 1420710.png --effort 5 --distance 0.8
1420710.png	photo	512	512	5	1.0000	92047	92164	1.202974	1.198212	86.6416	86.7811	622.56	112.20	386	8345	956	82329	92016	0	31	312	8720	807	82295	92134	0	30	-0.127	0.397	-0.1395	FIXED	9d8d5bb26bf5a534f599c0a7a7786db93803fd59	cargo run -p jxl-encoder --release --features 'parallel butteraugli-loop ssim2-loop' --example cjxl_parity_ledger -- --update --image 1420710.png --effort 5 --distance 1
1420710.png	photo	512	512	5	1.2000	81878	82020	1.444147	1.437444	84.5626	84.7923	656.51	177.59	407	8027	996	72417	81847	0	31	340	8424	785	72441	81990	0	30	-0.173	0.466	-0.2297	FIXED	9d8d5bb26bf5a534f599c0a7a7786db93803fd59	cargo run -p jxl-encoder --release --features 'parallel butteraugli-loop ssim2-loop' --example cjxl_parity_ledger -- --update --image 1420710.png --effort 5 --distance 1.2
1420710.png	photo	512	512	5	1.4000	73541	73745	1.655812	1.646357	82.9470	83.0488	624.91	212.58	370	7751	913	64480	73514	0	27	286	8184	794	64455	73719	0	26	-0.277	0.574	-0.1018	FIXED	9d8d5bb26bf5a534f599c0a7a7786db93803fd59	cargo run -p jxl-encoder --release --features 'parallel butteraugli-loop ssim2-loop' --example cjxl_parity_ledger -- --update --image 1420710.png --effort 5 --distance 1.4
1420710.png	photo	512	512	5	1.6000	66813	66930	1.886989	1.960520	81.2441	81.4355	581.59	156.53	357	7589	940	57901	66787	0	26	288	8046	716	57858	66908	0	22	-0.175	-3.751	-0.1914	FIXED	9d8d5bb26bf5a534f599c0a7a7786db93803fd59	cargo run -p jxl-encoder --release --features 'parallel butteraugli-loop ssim2-loop' --example cjxl_parity_ledger -- --update --image 1420710.png --effort 5 --distance 1.6
1420710.png	photo	512	512	5	1.8000	61029	61072	2.138159	2.201804	79.4421	79.7134	758.11	144.24	326	7382	937	52358	61003	0	26	280	7879	681	52210	61050	0	22	-0.070	-2.891	-0.2714	FIXED	9d8d5bb26bf5a534f599c0a7a7786db93803fd59	cargo run -p jxl-encoder --release --features 'parallel butteraugli-loop ssim2-loop' --example cjxl_parity_ledger -- --update --image 1420710.png --effort 5 --distance 1.8
1420710.png	photo	512	512	5	2.0000	55681	55662	2.438870	2.430695	77.4232	77.7805	565.09	107.55	320	7167	818	47350	55655	0	26	306	7685	616	47033	55640	0	22	0.034	0.336	-0.3573	FIXED	9d8d5bb26bf5a534f599c0a7a7786db93803fd59	cargo run -p jxl-encoder --release --features 'parallel butteraugli-loop ssim2-loop' --example cjxl_parity_ledger -- --update --image 1420710.png --effort 5 --distance 2
1420710.png	photo	512	512	5	2.5000	44696	44056	2.987433	2.977906	73.8018	73.8547	560.75	240.64	300	6668	764	36938	44670	0	26	328	7211	744	35751	44034	0	22	1.453	0.320	-0.0529	FIXED	9d8d5bb26bf5a534f599c0a7a7786db93803fd59	cargo run -p jxl-encoder --release --features 'parallel butteraugli-loop ssim2-loop' --example cjxl_parity_ledger -- --update --image 1420710.png --effort 5 --distance 2.5
1420710.png	photo	512	512	5	3.0000	36225	35879	3.252934	3.321720	69.4296	70.2656	599.87	169.54	310	5791	1438	28659	36198	0	27	304	6719	566	28265	35854	0	25	0.964	-2.071	-0.8359	FIXED	9d8d5bb26bf5a534f599c0a7a7786db93803fd59	cargo run -p jxl-encoder --release --features 'parallel butteraugli-loop ssim2-loop' --example cjxl_parity_ledger -- --update --image 1420710.png --effort 5 --distance 3
1420710.png	photo	512	512	5	4.0000	28299	27191	4.102270	4.134878	62.5363	63.1105	573.11	135.26	272	5097	1143	21759	28271	0	28	293	6029	550	20293	27165	0	26	4.075	-0.789	-0.5741	FIXED	9d8d5bb26bf5a534f599c0a7a7786db93803fd59	cargo run -p jxl-encoder --release --features 'parallel butteraugli-loop ssim2-loop' --example cjxl_parity_ledger -- --update --image 1420710.png --effort 5 --distance 4
1420710.png	photo	512	512	5	5.0000	23823	23261	4.782934	4.443818	56.9135	58.0268	599.09	92.26	270	4650	866	18010	23796	0	27	273	5610	986	16366	23235	0	26	2.416	7.631	-1.1133	FIXED	9d8d5bb26bf5a534f599c0a7a7786db93803fd59	cargo run -p jxl-encoder --release --features 'parallel butteraugli-loop ssim2-loop' --example cjxl_parity_ledger -- --update --image 1420710.png --effort 5 --distance 5
1420710.png	photo	512	512	5	6.0000	20745	20192	5.592522	5.634384	51.6717	53.1371	580.99	237.06	237	4300	849	15332	20718	0	27	283	5259	702	13922	20166	0	26	2.739	-0.743	-1.4655	FIXED	9d8d5bb26bf5a534f599c0a7a7786db93803fd59	cargo run -p jxl-encoder --release --features 'parallel butteraugli-loop ssim2-loop' --example cjxl_parity_ledger -- --update --image 1420710.png --effort 5 --distance 6
1420710.png	photo	512	512	6	0.2000	202711	202147	0.389766	0.389435	94.7977	94.8085	1337.56	202.10	367	11739	2370	188204	202680	0	31	310	12066	2136	187605	202117	0	30	0.279	0.085	-0.0108	FIXED	9d8d5bb26bf5a534f599c0a7a7786db93803fd59	cargo run -p jxl-encoder --release --features 'parallel butteraugli-loop ssim2-loop' --example cjxl_parity_ledger -- --update --image 1420710.png --effort 6 --distance 0.2
1420710.png	photo	512	512	6	0.4000	149742	149798	0.648405	0.644219	92.5682	92.5458	938.62	199.74	432	10429	1642	137208	149711	0	31	367	10608	1564	137229	149768	0	30	-0.037	0.650	0.0224	FIXED	9d8d5bb26bf5a534f599c0a7a7786db93803fd59	cargo run -p jxl-encoder --release --features 'parallel butteraugli-loop ssim2-loop' --example cjxl_parity_ledger -- --update --image 1420710.png --effort 6 --distance 0.4
1420710.png	photo	512	512	6	0.6000	124034	123987	0.807896	0.811270	90.5251	90.6272	815.28	171.78	423	9498	1326	112756	124003	0	31	314	9801	1090	112752	123957	0	30	0.038	-0.416	-0.1021	FIXED	9d8d5bb26bf5a534f599c0a7a7786db93803fd59	cargo run -p jxl-encoder --release --features 'parallel butteraugli-loop ssim2-loop' --example cjxl_parity_ledger -- --update --image 1420710.png --effort 6 --distance 0.6
1420710.png	photo	512	512	6	0.8000	105456	105790	1.007218	0.989827	88.4346	88.5186	768.54	214.37	383	9005	1115	94921	105424	0	32	303	9611	927	94919	105760	0	30	-0.316	1.757	-0.0841	FIXED	9d8d5bb26bf5a534f599c0a7a7786db93803fd59	cargo run -p jxl-encoder --release --features 'parallel butteraugli-loop ssim2-loop' --example cjxl_parity_ledger -- --update --image 1420710.png --effort 6 --distance 0.8
1420710.png	photo	512	512	6	1.0000	91980	92416	1.203190	1.211805	86.6301	86.7442	740.90	222.80	397	8519	991	82042	91949	0	31	322	9244	786	82034	92386	0	30	-0.472	-0.711	-0.1141	FIXED	9d8d5bb26bf5a534f599c0a7a7786db93803fd59	cargo run -p jxl-encoder --release --features 'parallel butteraugli-loop ssim2-loop' --example cjxl_parity_ledger -- --update --image 1420710.png --effort 6 --distance 1
1420710.png	photo	512	512	6	1.2000	81668	82177	1.404263	1.475243	84.5129	84.7187	833.37	255.06	413	8296	841	72087	81637	0	31	349	9065	699	72034	82147	0	30	-0.619	-4.811	-0.2058	FIXED	9d8d5bb26bf5a534f599c0a7a7786db93803fd59	cargo run -p jxl-encoder --release --features 'parallel butteraugli-loop ssim2-loop' --example cjxl_parity_ledger -- --update --image 1420710.png --effort 6 --distance 1.2
1420710.png	photo	512	512	6	1.4000	73485	73888	1.681175	1.783633	82.8634	83.0682	823.21	304.79	367	8093	958	64040	73458	0	27	306	8904	746	63906	73862	0	26	-0.545	-5.744	-0.2048	FIXED	9d8d5bb26bf5a534f599c0a7a7786db93803fd59	cargo run -p jxl-encoder --release --features 'parallel butteraugli-loop ssim2-loop' --example cjxl_parity_ledger -- --update --image 1420710.png --effort 6 --distance 1.4
1420710.png	photo	512	512	6	1.6000	66733	67147	1.902563	1.915778	81.1416	81.4696	715.27	327.29	361	7986	831	57529	66707	0	26	299	8768	693	57365	67125	0	22	-0.617	-0.690	-0.3281	FIXED	9d8d5bb26bf5a534f599c0a7a7786db93803fd59	cargo run -p jxl-encoder --release --features 'parallel butteraugli-loop ssim2-loop' --example cjxl_parity_ledger -- --update --image 1420710.png --effort 6 --distance 1.6
1420710.png	photo	512	512	6	1.8000	61010	61182	2.140700	2.135648	79.4060	79.5123	774.94	361.29	326	7809	874	51975	60984	0	26	291	8638	670	51561	61160	0	22	-0.281	0.237	-0.1063	FIXED	9d8d5bb26bf5a534f599c0a7a7786db93803fd59	cargo run -p jxl-encoder --release --features 'parallel butteraugli-loop ssim2-loop' --example cjxl_parity_ledger -- --update --image 1420710.png --effort 6 --distance 1.8
1420710.png	photo	512	512	6	2.0000	56000	55940	2.310233	2.336734	77.5258	77.8710	780.57	416.72	325	7641	814	47194	55974	0	26	295	8477	699	46447	55918	0	22	0.107	-1.134	-0.3453	FIXED	9d8d5bb26bf5a534f599c0a7a7786db93803fd59	cargo run -p jxl-encoder --release --features 'parallel butteraugli-loop ssim2-loop' --example cjxl_parity_ledger -- --update --image 1420710.png --effort 6 --distance 2
1420710.png	photo	512	512	6	2.5000	46280	44313	2.805637	2.824249	74.0154	73.8801	686.33	283.61	345	7100	1073	37735	46253	0	27	304	7916	737	35334	44291	0	22	4.439	-0.659	0.1352	FIXED	9d8d5bb26bf5a534f599c0a7a7786db93803fd59	cargo run -p jxl-encoder --release --features 'parallel butteraugli-loop ssim2-loop' --example cjxl_parity_ledger -- --update --image 1420710.png --effort 6 --distance 2.5
1420710.png	photo	512	512	6	3.0000	36549	36567	3.463162	3.524226	69.6497	70.6345	727.07	255.01	320	6011	1385	28806	36522	0	27	307	7337	694	28204	36542	0	25	-0.049	-1.733	-0.9847	FIXED	9d8d5bb26bf5a534f599c0a7a7786db93803fd59	cargo run -p jxl-encoder --release --features 'parallel butteraugli-loop ssim2-loop' --example cjxl_parity_ledger -- --update --image 1420710.png --effort 6 --distance 3
1420710.png	photo	512	512	6	4.0000	28862	27931	4.050607	3.956807	64.2027	65.1915	807.49	289.54	285	5294	1228	22027	28834	0	28	300	6646	550	20409	27905	0	26	3.333	2.371	-0.9888	FIXED	9d8d5bb26bf5a534f599c0a7a7786db93803fd59	cargo run -p jxl-encoder --release --features 'parallel butteraugli-loop ssim2-loop' --example cjxl_parity_ledger -- --update --image 1420710.png --effort 6 --distance 4
1420710.png	photo	512	512	6	5.0000	24027	23643	5.288063	4.526969	59.3469	60.8768	740.44	187.26	264	4860	866	18010	24000	0	27	276	6058	905	16378	23617	0	26	1.624	16.812	-1.5299	FIXED	9d8d5bb26bf5a534f599c0a7a7786db93803fd59	cargo run -p jxl-encoder --release --features 'parallel butteraugli-loop ssim2-loop' --example cjxl_parity_ledger -- --update --image 1420710.png --effort 6 --distance 5
1420710.png	photo	512	512	6	6.0000	20957	20653	5.684882	5.727269	54.7304	56.8518	783.18	199.75	239	4510	849	15332	20930	0	27	273	5721	670	13963	20627	0	26	1.472	-0.740	-2.1214	FIXED	9d8d5bb26bf5a534f599c0a7a7786db93803fd59	cargo run -p jxl-encoder --release --features 'parallel butteraugli-loop ssim2-loop' --example cjxl_parity_ledger -- --update --image 1420710.png --effort 6 --distance 6
1420710.png	photo	512	512	7	0.2000	202722	202142	0.389569	0.389435	94.8225	94.8250	1322.76	222.10	367	11739	2376	188209	202691	0	31	310	12062	2119	187621	202112	0	30	0.287	0.035	-0.0025	FIXED	9d8d5bb26bf5a534f599c0a7a7786db93803fd59	cargo run -p jxl-encoder --release --features 'parallel butteraugli-loop ssim2-loop' --example cjxl_parity_ledger -- --update --image 1420710.png --effort 7 --distance 0.2
1420710.png	photo	512	512	7	0.4000	149748	149832	0.648405	0.644219	92.5522	92.5113	1019.56	216.93	432	10431	1644	137210	149717	0	31	367	10610	1601	137224	149802	0	30	-0.056	0.650	0.0409	FIXED	9d8d5bb26bf5a534f599c0a7a7786db93803fd59	cargo run -p jxl-encoder --release --features 'parallel butteraugli-loop ssim2-loop' --example cjxl_parity_ledger -- --update --image 1420710.png --effort 7 --distance 0.4
1420710.png	photo	512	512	7	0.6000	124030	123991	0.805252	0.808811	90.5168	90.6486	889.78	194.69	422	9502	1323	112752	123999	0	31	315	9800	1084	112762	123961	0	30	0.031	-0.440	-0.1318	FIXED	9d8d5bb26bf5a534f599c0a7a7786db93803fd59	cargo run -p jxl-encoder --release --features 'parallel butteraugli-loop ssim2-loop' --example cjxl_parity_ledger -- --update --image 1420710.png --effort 7 --distance 0.6
1420710.png	photo	512	512	7	0.8000	105469	105817	1.007218	0.989827	88.4277	88.5229	859.60	258.39	388	9007	1113	94929	105437	0	32	303	9607	938	94939	105787	0	30	-0.329	1.757	-0.0952	FIXED	9d8d5bb26bf5a534f599c0a7a7786db93803fd59	cargo run -p jxl-encoder --release --features 'parallel butteraugli-loop ssim2-loop' --example cjxl_parity_ledger -- --update --image 1420710.png --effort 7 --distance 0.8
1420710.png	photo	512	512	7	1.0000	91988	92420	1.203190	1.211805	86.6158	86.7500	822.12	328.17	397	8521	993	82046	91957	0	31	322	9244	796	82028	92390	0	30	-0.467	-0.711	-0.1342	FIXED	9d8d5bb26bf5a534f599c0a7a7786db93803fd59	cargo run -p jxl-encoder --release --features 'parallel butteraugli-loop ssim2-loop' --example cjxl_parity_ledger -- --update --image 1420710.png --effort 7 --distance 1
1420710.png	photo	512	512	7	1.2000	81678	82179	1.404263	1.475334	84.5141	84.7242	821.85	325.01	413	8300	841	72093	81647	0	31	348	9071	701	72029	82149	0	30	-0.610	-4.817	-0.2101	FIXED	9d8d5bb26bf5a534f599c0a7a7786db93803fd59	cargo run -p jxl-encoder --release --features 'parallel butteraugli-loop ssim2-loop' --example cjxl_parity_ledger -- --update --image 1420710.png --effort 7 --distance 1.2
1420710.png	photo	512	512	7	1.4000	73491	73975	1.681175	1.783633	82.8348	83.0987	987.73	404.06	367	8093	958	64046	73464	0	27	306	8906	809	63928	73949	0	26	-0.654	-5.744	-0.2639	FIXED	9d8d5bb26bf5a534f599c0a7a7786db93803fd59	cargo run -p jxl-encoder --release --features 'parallel butteraugli-loop ssim2-loop' --example cjxl_parity_ledger -- --update --image 1420710.png --effort 7 --distance 1.4
1420710.png	photo	512	512	7	1.6000	66742	67132	1.902566	1.915942	81.1456	81.4616	684.55	168.11	361	7990	830	57535	66716	0	26	299	8767	683	57361	67110	0	22	-0.581	-0.698	-0.3160	FIXED	9d8d5bb26bf5a534f599c0a7a7786db93803fd59	cargo run -p jxl-encoder --release --features 'parallel butteraugli-loop ssim2-loop' --example cjxl_parity_ledger -- --update --image 1420710.png --effort 7 --distance 1.6
1420710.png	photo	512	512	7	1.8000	61008	61179	2.140700	2.135729	79.3907	79.4847	853.26	247.13	326	7809	874	51973	60982	0	26	291	8636	664	51566	61157	0	22	-0.280	0.233	-0.0941	FIXED	9d8d5bb26bf5a534f599c0a7a7786db93803fd59	cargo run -p jxl-encoder --release --features 'parallel butteraugli-loop ssim2-loop' --example cjxl_parity_ledger -- --update --image 1420710.png --effort 7 --distance 1.8
1420710.png	photo	512	512	7	2.0000	55779	55869	2.310382	2.336734	77.4838	77.8999	808.91	267.79	326	7633	823	46971	55753	0	26	295	8477	632	46443	55847	0	22	-0.161	-1.128	-0.4162	FIXED	9d8d5bb26bf5a534f599c0a7a7786db93803fd59	cargo run -p jxl-encoder --release --features 'parallel butteraugli-loop ssim2-loop' --example cjxl_parity_ledger -- --update --image 1420710.png --effort 7 --distance 2
1420710.png	photo	512	512	7	2.5000	44945	44315	2.806531	2.824249	73.9591	73.8919	733.15	413.38	323	7017	814	36765	44919	0	26	304	7916	739	35334	44293	0	22	1.422	-0.627	0.0672	FIXED	9d8d5bb26bf5a534f599c0a7a7786db93803fd59	cargo run -p jxl-encoder --release --features 'parallel butteraugli-loop ssim2-loop' --example cjxl_parity_ledger -- --update --image 1420710.png --effort 7 --distance 2.5
1420710.png	photo	512	512	7	3.0000	36505	36567	3.463837	3.524226	69.5584	70.6436	733.19	297.68	337	5993	1357	28791	36478	0	27	307	7337	694	28204	36542	0	25	-0.170	-1.714	-1.0853	FIXED	9d8d5bb26bf5a534f599c0a7a7786db93803fd59	cargo run -p jxl-encoder --release --features 'parallel butteraugli-loop ssim2-loop' --example cjxl_parity_ledger -- --update --image 1420710.png --effort 7 --distance 3
1420710.png	photo	512	512	7	4.0000	26702	27929	4.050607	3.956807	64.1671	65.1841	839.17	373.12	306	5287	451	20631	26675	0	27	300	6644	550	20409	27903	0	26	-4.393	2.371	-1.0170	FIXED	9d8d5bb26bf5a534f599c0a7a7786db93803fd59	cargo run -p jxl-encoder --release --features 'parallel butteraugli-loop ssim2-loop' --example cjxl_parity_ledger -- --update --image 1420710.png --effort 7 --distance 4
1420710.png	photo	512	512	7	5.0000	24027	23643	5.288063	4.526969	59.3377	60.8768	797.11	327.24	264	4862	866	18008	24000	0	27	276	6058	905	16378	23617	0	26	1.624	16.812	-1.5391	FIXED	9d8d5bb26bf5a534f599c0a7a7786db93803fd59	cargo run -p jxl-encoder --release --features 'parallel butteraugli-loop ssim2-loop' --example cjxl_parity_ledger -- --update --image 1420710.png --effort 7 --distance 5
1420710.png	photo	512	512	7	6.0000	20959	20653	5.684866	5.727269	54.7389	56.8518	811.90	289.82	239	4512	849	15332	20932	0	27	273	5721	670	13963	20627	0	26	1.482	-0.740	-2.1128	FIXED	9d8d5bb26bf5a534f599c0a7a7786db93803fd59	cargo run -p jxl-encoder --release --features 'parallel butteraugli-loop ssim2-loop' --example cjxl_parity_ledger -- --update --image 1420710.png --effort 7 --distance 6
1420710.png	photo	512	512	8	0.2000	213172	213293	0.330725	0.332531	95.0824	95.1324	1991.16	1188.75	427	12039	2393	198282	213141	0	31	235	12943	2189	197896	213263	0	30	-0.057	-0.543	-0.0501	FIXED	9d8d5bb26bf5a534f599c0a7a7786db93803fd59	cargo run -p jxl-encoder --release --features 'parallel butteraugli-loop ssim2-loop' --example cjxl_parity_ledger -- --update --image 1420710.png --effort 8 --distance 0.2
1420710.png	photo	512	512	8	0.4000	154895	154839	0.595187	0.602916	92.8130	92.7810	1704.67	986.55	402	10393	1707	142362	154864	0	31	256	10713	1604	142236	154809	0	30	0.036	-1.282	0.0321	FIXED	9d8d5bb26bf5a534f599c0a7a7786db93803fd59	cargo run -p jxl-encoder --release --features 'parallel butteraugli-loop ssim2-loop' --example cjxl_parity_ledger -- --update --image 1420710.png --effort 8 --distance 0.4
1420710.png	photo	512	512	8	0.6000	120586	120518	0.741264	0.739092	90.2730	90.2885	1403.30	1686.39	410	9626	1250	109269	120555	0	31	265	9938	1066	109219	120488	0	30	0.056	0.294	-0.0154	FIXED	9d8d5bb26bf5a534f599c0a7a7786db93803fd59	cargo run -p jxl-encoder --release --features 'parallel butteraugli-loop ssim2-loop' --example cjxl_parity_ledger -- --update --image 1420710.png --effort 8 --distance 0.6
1420710.png	photo	512	512	8	0.8000	101486	101827	1.088077	1.078641	87.9837	88.1956	1540.91	1190.12	379	9049	1094	90932	101454	0	32	275	9706	874	90942	101797	0	30	-0.335	0.875	-0.2119	FIXED	9d8d5bb26bf5a534f599c0a7a7786db93803fd59	cargo run -p jxl-encoder --release --features 'parallel butteraugli-loop ssim2-loop' --example cjxl_parity_ledger -- --update --image 1420710.png --effort 8 --distance 0.8
1420710.png	photo	512	512	8	1.0000	87985	88485	1.316883	1.335591	85.9772	86.1693	1717.31	997.40	383	8614	944	78013	87954	0	31	271	9435	752	77997	88455	0	30	-0.565	-1.401	-0.1921	FIXED	9d8d5bb26bf5a534f599c0a7a7786db93803fd59	cargo run -p jxl-encoder --release --features 'parallel butteraugli-loop ssim2-loop' --example cjxl_parity_ledger -- --update --image 1420710.png --effort 8 --distance 1
1420710.png	photo	512	512	8	1.2000	77534	78054	1.436088	1.410585	83.9749	84.0092	1499.78	1322.39	386	8362	843	67916	77507	0	27	291	9194	714	67829	78028	0	26	-0.666	1.808	-0.0344	FIXED	9d8d5bb26bf5a534f599c0a7a7786db93803fd59	cargo run -p jxl-encoder --release --features 'parallel butteraugli-loop ssim2-loop' --example cjxl_parity_ledger -- --update --image 1420710.png --effort 8 --distance 1.2
1420710.png	photo	512	512	8	1.4000	69481	70003	1.693398	1.664620	81.9821	82.1884	1421.29	1225.45	386	8178	909	59981	69454	0	27	323	9025	720	59909	69977	0	26	-0.746	1.729	-0.2063	FIXED	9d8d5bb26bf5a534f599c0a7a7786db93803fd59	cargo run -p jxl-encoder --release --features 'parallel butteraugli-loop ssim2-loop' --example cjxl_parity_ledger -- --update --image 1420710.png --effort 8 --distance 1.4
1420710.png	photo	512	512	8	1.6000	62718	63264	1.929015	2.012801	80.3454	80.4083	1561.59	1513.10	362	7967	841	53522	62692	0	26	340	8811	709	53382	63242	0	22	-0.863	-4.163	-0.0629	FIXED	9d8d5bb26bf5a534f599c0a7a7786db93803fd59	cargo run -p jxl-encoder --release --features 'parallel butteraugli-loop ssim2-loop' --example cjxl_parity_ledger -- --update --image 1420710.png --effort 8 --distance 1.6
1420710.png	photo	512	512	8	1.8000	57223	57578	2.204494	2.124901	78.3298	78.5329	1480.41	1398.54	331	7878	743	48245	57197	0	26	340	8759	593	47864	57556	0	22	-0.617	3.746	-0.2032	FIXED	9d8d5bb26bf5a534f599c0a7a7786db93803fd59	cargo run -p jxl-encoder --release --features 'parallel butteraugli-loop ssim2-loop' --example cjxl_parity_ledger -- --update --image 1420710.png --effort 8 --distance 1.8
1420710.png	photo	512	512	8	2.0000	52294	52481	2.343131	2.495016	76.5142	77.0121	1398.17	1352.89	320	7705	776	43467	52268	0	26	334	8572	599	42954	52459	0	22	-0.356	-6.088	-0.4979	FIXED	9d8d5bb26bf5a534f599c0a7a7786db93803fd59	cargo run -p jxl-encoder --release --features 'parallel butteraugli-loop ssim2-loop' --example cjxl_parity_ledger -- --update --image 1420710.png --effort 8 --distance 2
1420710.png	photo	512	512	8	2.5000	41804	41773	2.937817	2.975180	72.4894	72.9656	1221.87	1238.80	321	7094	657	33706	41778	0	26	352	7966	660	32773	41751	0	22	0.074	-1.256	-0.4762	FIXED	9d8d5bb26bf5a534f599c0a7a7786db93803fd59	cargo run -p jxl-encoder --release --features 'parallel butteraugli-loop ssim2-loop' --example cjxl_parity_ledger -- --update --image 1420710.png --effort 8 --distance 2.5
1420710.png	photo	512	512	8	3.0000	34749	34454	3.376996	3.360425	68.5401	69.4006	1325.76	1190.93	326	6014	1294	27088	34722	0	27	308	7411	627	26083	34429	0	25	0.856	0.493	-0.8605	FIXED	9d8d5bb26bf5a534f599c0a7a7786db93803fd59	cargo run -p jxl-encoder --release --features 'parallel butteraugli-loop ssim2-loop' --example cjxl_parity_ledger -- --update --image 1420710.png --effort 8 --distance 3
1420710.png	photo	512	512	8	4.0000	25005	26257	4.181579	4.322836	62.4744	63.4660	1565.37	1568.18	260	5344	426	18948	24978	0	27	241	6750	522	18718	26231	0	26	-4.768	-3.268	-0.9916	FIXED	9d8d5bb26bf5a534f599c0a7a7786db93803fd59	cargo run -p jxl-encoder --release --features 'parallel butteraugli-loop ssim2-loop' --example cjxl_parity_ledger -- --update --image 1420710.png --effort 8 --distance 4
1420710.png	photo	512	512	8	5.0000	22226	21814	4.889793	5.255217	57.3142	58.8165	1495.24	1352.94	256	4826	772	16345	22199	0	27	172	6045	802	14769	21788	0	26	1.889	-6.954	-1.5023	FIXED	9d8d5bb26bf5a534f599c0a7a7786db93803fd59	cargo run -p jxl-encoder --release --features 'parallel butteraugli-loop ssim2-loop' --example cjxl_parity_ledger -- --update --image 1420710.png --effort 8 --distance 5
1420710.png	photo	512	512	8	6.0000	19162	18796	5.331776	5.721045	51.8969	54.0230	1486.58	1184.79	265	4560	806	13504	19135	0	27	191	5769	610	12200	18770	0	26	1.947	-6.804	-2.1261	FIXED	9d8d5bb26bf5a534f599c0a7a7786db93803fd59	cargo run -p jxl-encoder --release --features 'parallel butteraugli-loop ssim2-loop' --example cjxl_parity_ledger -- --update --image 1420710.png --effort 8 --distance 6
1420710.png	photo	512	512	9	0.2000	216164	215006	0.226176	0.307146	95.1432	95.1735	5788.82	2058.90	494	12051	3626	199962	216133	0	31	267	12832	1863	200014	214976	0	30	0.539	-26.362	-0.0303	FIXED	9d8d5bb26bf5a534f599c0a7a7786db93803fd59	cargo run -p jxl-encoder --release --features 'parallel butteraugli-loop ssim2-loop' --example cjxl_parity_ledger -- --update --image 1420710.png --effort 9 --distance 0.2
1420710.png	photo	512	512	9	0.4000	156938	155896	0.507823	0.517333	92.8609	92.9085	3940.60	2044.95	502	10401	2479	143525	156907	0	31	280	10619	1421	143546	155866	0	30	0.668	-1.838	-0.0477	FIXED	9d8d5bb26bf5a534f599c0a7a7786db93803fd59	cargo run -p jxl-encoder --release --features 'parallel butteraugli-loop ssim2-loop' --example cjxl_parity_ledger -- --update --image 1420710.png --effort 9 --distance 0.4
1420710.png	photo	512	512	9	0.6000	121292	120676	0.643238	0.643148	90.3247	90.3151	3239.26	1739.34	435	9660	1690	109476	121261	0	31	297	9834	985	109531	120647	0	29	0.510	0.014	0.0096	FIXED	9d8d5bb26bf5a534f599c0a7a7786db93803fd59	cargo run -p jxl-encoder --release --features 'parallel butteraugli-loop ssim2-loop' --example cjxl_parity_ledger -- --update --image 1420710.png --effort 9 --distance 0.6
1420710.png	photo	512	512	9	0.8000	101763	101915	0.868056	0.867968	88.0475	88.1878	3133.28	2127.40	457	8866	1291	91117	101731	0	32	285	9612	744	91244	101885	0	30	-0.149	0.010	-0.1404	FIXED	9d8d5bb26bf5a534f599c0a7a7786db93803fd59	cargo run -p jxl-encoder --release --features 'parallel butteraugli-loop ssim2-loop' --example cjxl_parity_ledger -- --update --image 1420710.png --effort 9 --distance 0.8
1420710.png	photo	512	512	9	1.0000	88476	88544	1.061018	1.097700	85.9561	86.1200	3473.12	2022.93	442	8633	1196	78173	88444	0	32	323	9285	684	78222	88514	0	30	-0.077	-3.342	-0.1640	FIXED	9d8d5bb26bf5a534f599c0a7a7786db93803fd59	cargo run -p jxl-encoder --release --features 'parallel butteraugli-loop ssim2-loop' --example cjxl_parity_ledger -- --update --image 1420710.png --effort 9 --distance 1
1420710.png	photo	512	512	9	1.2000	77841	78052	1.291203	1.297096	84.0433	84.0600	2603.81	1911.07	442	8348	1063	67960	77813	0	28	314	9082	650	67980	78026	0	26	-0.270	-0.454	-0.0167	FIXED	9d8d5bb26bf5a534f599c0a7a7786db93803fd59	cargo run -p jxl-encoder --release --features 'parallel butteraugli-loop ssim2-loop' --example cjxl_parity_ledger -- --update --image 1420710.png --effort 9 --distance 1.2
1420710.png	photo	512	512	9	1.4000	69700	70027	1.526731	1.508361	81.9273	82.2028	2122.92	1769.53	437	8162	1060	60013	69672	0	28	321	8938	661	60081	70001	0	26	-0.467	1.218	-0.2755	FIXED	9d8d5bb26bf5a534f599c0a7a7786db93803fd59	cargo run -p jxl-encoder --release --features 'parallel butteraugli-loop ssim2-loop' --example cjxl_parity_ledger -- --update --image 1420710.png --effort 9 --distance 1.4
1420710.png	photo	512	512	9	1.6000	62860	63187	1.743191	1.736481	80.4022	80.3532	2229.79	1615.48	408	7935	898	53593	62834	0	26	349	8678	682	53456	63165	0	22	-0.518	0.386	0.0490	FIXED	9d8d5bb26bf5a534f599c0a7a7786db93803fd59	cargo run -p jxl-encoder --release --features 'parallel butteraugli-loop ssim2-loop' --example cjxl_parity_ledger -- --update --image 1420710.png --effort 9 --distance 1.6
1420710.png	photo	512	512	9	1.8000	57308	57443	2.000971	2.024248	78.3536	78.5606	2188.74	1608.01	413	7819	811	48239	57282	0	26	348	8638	580	47855	57421	0	22	-0.235	-1.150	-0.2070	FIXED	9d8d5bb26bf5a534f599c0a7a7786db93803fd59	cargo run -p jxl-encoder --release --features 'parallel butteraugli-loop ssim2-loop' --example cjxl_parity_ledger -- --update --image 1420710.png --effort 9 --distance 1.8
1420710.png	photo	512	512	9	2.0000	52507	52473	2.289457	2.495016	76.5451	77.0824	2446.56	1888.29	399	7632	962	43488	52481	0	26	370	8469	603	43009	52451	0	22	0.065	-8.239	-0.5373	FIXED	9d8d5bb26bf5a534f599c0a7a7786db93803fd59	cargo run -p jxl-encoder --release --features 'parallel butteraugli-loop ssim2-loop' --example cjxl_parity_ledger -- --update --image 1420710.png --effort 9 --distance 2
1420710.png	photo	512	512	9	2.5000	42021	41675	2.909391	2.865612	72.5561	73.0076	1764.21	1903.32	394	7034	886	33681	41995	0	26	379	7902	647	32725	41653	0	22	0.830	1.528	-0.4515	FIXED	9d8d5bb26bf5a534f599c0a7a7786db93803fd59	cargo run -p jxl-encoder --release --features 'parallel butteraugli-loop ssim2-loop' --example cjxl_parity_ledger -- --update --image 1420710.png --effort 9 --distance 2.5
1420710.png	photo	512	512	9	3.0000	34961	34414	3.376996	3.360425	68.5401	69.4030	1856.23	2041.17	431	5976	1367	27160	34934	0	27	314	7368	598	26109	34389	0	25	1.589	0.493	-0.8629	FIXED	9d8d5bb26bf5a534f599c0a7a7786db93803fd59	cargo run -p jxl-encoder --release --features 'parallel butteraugli-loop ssim2-loop' --example cjxl_parity_ledger -- --update --image 1420710.png --effort 9 --distance 3
1420710.png	photo	512	512	9	4.0000	25087	26229	4.181579	4.322836	62.4744	63.4660	1912.23	1848.18	276	5378	430	18976	25060	0	27	271	6697	509	18726	26203	0	26	-4.354	-3.268	-0.9916	FIXED	9d8d5bb26bf5a534f599c0a7a7786db93803fd59	cargo run -p jxl-encoder --release --features 'parallel butteraugli-loop ssim2-loop' --example cjxl_parity_ledger -- --update --image 1420710.png --effort 9 --distance 4
1420710.png	photo	512	512	9	5.0000	22228	21814	4.889793	5.255217	57.3142	58.8165	1833.31	1740.22	249	4816	767	16369	22201	0	27	211	6012	786	14779	21788	0	26	1.898	-6.954	-1.5023	FIXED	9d8d5bb26bf5a534f599c0a7a7786db93803fd59	cargo run -p jxl-encoder --release --features 'parallel butteraugli-loop ssim2-loop' --example cjxl_parity_ledger -- --update --image 1420710.png --effort 9 --distance 5
1420710.png	photo	512	512	9	6.0000	19205	18783	5.331776	5.721045	51.8969	54.0230	2067.69	1965.15	281	4559	821	13517	19178	0	27	195	5754	604	12204	18757	0	26	2.247	-6.804	-2.1261	FIXED	9d8d5bb26bf5a534f599c0a7a7786db93803fd59	cargo run -p jxl-encoder --release --features 'parallel butteraugli-loop ssim2-loop' --example cjxl_parity_ledger -- --update --image 1420710.png --effort 9 --distance 6
1531677.png	photo	512	512	5	0.2000	187085	186722	0.362679	0.362392	94.7393	94.6967	1184.13	213.44	424	10745	2343	173542	187054	0	31	359	11007	2363	172963	186692	0	30	0.194	0.079	0.0426	FIXED	9d8d5bb26bf5a534f599c0a7a7786db93803fd59	cargo run -p jxl-encoder --release --features 'parallel butteraugli-loop ssim2-loop' --example cjxl_parity_ledger -- --update --image 1531677.png --effort 5 --distance 0.2
1531677.png	photo	512	512	5	0.4000	135163	135042	0.637928	0.637241	92.0943	92.1704	956.95	171.90	546	9179	1877	123530	135132	0	31	394	9527	1721	123370	135012	0	30	0.090	0.108	-0.0761	FIXED	9d8d5bb26bf5a534f599c0a7a7786db93803fd59	cargo run -p jxl-encoder --release --features 'parallel butteraugli-loop ssim2-loop' --example cjxl_parity_ledger -- --update --image 1531677.png --effort 5 --distance 0.4
1531677.png	photo	512	512	5	0.6000	112084	112199	0.791588	0.795711	89.9445	89.8291	946.42	145.61	493	8210	1292	102058	112053	0	31	371	8719	1019	102061	112170	0	29	-0.102	-0.518	0.1155	FIXED	9d8d5bb26bf5a534f599c0a7a7786db93803fd59	cargo run -p jxl-encoder --release --features 'parallel butteraugli-loop ssim2-loop' --example cjxl_parity_ledger -- --update --image 1531677.png --effort 5 --distance 0.6
1531677.png	photo	512	512	5	0.8000	94959	95451	1.094554	1.080800	87.4837	87.6261	860.13	160.10	395	7574	1132	85826	94927	0	32	370	8186	1021	85844	95421	0	30	-0.515	1.273	-0.1424	FIXED	9d8d5bb26bf5a534f599c0a7a7786db93803fd59	cargo run -p jxl-encoder --release --features 'parallel butteraugli-loop ssim2-loop' --example cjxl_parity_ledger -- --update --image 1531677.png --effort 5 --distance 0.8
1531677.png	photo	512	512	5	1.0000	82765	83207	1.265342	1.251395	85.2131	85.4174	787.83	167.83	379	7052	1043	74260	82734	0	31	356	7736	868	74218	83178	0	29	-0.531	1.115	-0.2043	FIXED	9d8d5bb26bf5a534f599c0a7a7786db93803fd59	cargo run -p jxl-encoder --release --features 'parallel butteraugli-loop ssim2-loop' --example cjxl_parity_ledger -- --update --image 1531677.png --effort 5 --distance 1
1531677.png	photo	512	512	5	1.2000	73367	73925	1.485113	1.481933	83.1017	83.2860	759.85	155.07	317	6795	964	65262	73338	0	29	350	7475	802	65270	73897	0	28	-0.755	0.215	-0.1843	FIXED	9d8d5bb26bf5a534f599c0a7a7786db93803fd59	cargo run -p jxl-encoder --release --features 'parallel butteraugli-loop ssim2-loop' --example cjxl_parity_ledger -- --update --image 1531677.png --effort 5 --distance 1.2
1531677.png	photo	512	512	5	1.4000	65749	66163	1.915960	1.917613	80.6093	80.9416	792.93	188.96	340	6503	953	57926	65722	0	27	361	7169	773	57834	66137	0	26	-0.626	-0.086	-0.3323	FIXED	9d8d5bb26bf5a534f599c0a7a7786db93803fd59	cargo run -p jxl-encoder --release --features 'parallel butteraugli-loop ssim2-loop' --example cjxl_parity_ledger -- --update --image 1531677.png --effort 5 --distance 1.4
1531677.png	photo	512	512	5	1.6000	59551	59863	1.979949	2.031492	78.5876	78.8344	741.37	188.01	311	6356	954	51904	59525	0	26	342	7052	828	51619	59841	0	22	-0.521	-2.537	-0.2469	FIXED	9d8d5bb26bf5a534f599c0a7a7786db93803fd59	cargo run -p jxl-encoder --release --features 'parallel butteraugli-loop ssim2-loop' --example cjxl_parity_ledger -- --update --image 1531677.png --effort 5 --distance 1.6
1531677.png	photo	512	512	5	1.8000	54047	54280	2.080945	2.076714	76.6700	76.9494	651.03	217.77	290	6125	933	46673	54021	0	26	352	6835	658	46413	54258	0	22	-0.429	0.204	-0.2795	FIXED	9d8d5bb26bf5a534f599c0a7a7786db93803fd59	cargo run -p jxl-encoder --release --features 'parallel butteraugli-loop ssim2-loop' --example cjxl_parity_ledger -- --update --image 1531677.png --effort 5 --distance 1.8
1531677.png	photo	512	512	5	2.0000	49260	49240	2.753036	2.743781	74.2368	74.7250	648.22	270.79	315	5894	806	42219	49234	0	26	339	6666	683	41530	49218	0	22	0.041	0.337	-0.4882	FIXED	9d8d5bb26bf5a534f599c0a7a7786db93803fd59	cargo run -p jxl-encoder --release --features 'parallel butteraugli-loop ssim2-loop' --example cjxl_parity_ledger -- --update --image 1531677.png --effort 5 --distance 2
1531677.png	photo	512	512	5	2.5000	40176	39062	2.812438	2.893104	69.3335	69.5099	846.63	189.90	321	5371	1004	33454	40150	0	26	334	6126	600	31980	39040	0	22	2.852	-2.788	-0.1764	FIXED	9d8d5bb26bf5a534f599c0a7a7786db93803fd59	cargo run -p jxl-encoder --release --features 'parallel butteraugli-loop ssim2-loop' --example cjxl_parity_ledger -- --update --image 1531677.png --effort 5 --distance 2.5
1531677.png	photo	512	512	5	3.0000	31994	32095	3.378609	3.277554	63.5476	64.8653	645.38	187.46	280	4813	1213	25661	31967	0	27	312	5718	602	25438	32070	0	25	-0.315	3.083	-1.3177	FIXED	9d8d5bb26bf5a534f599c0a7a7786db93803fd59	cargo run -p jxl-encoder --release --features 'parallel butteraugli-loop ssim2-loop' --example cjxl_parity_ledger -- --update --image 1531677.png --effort 5 --distance 3
1531677.png	photo	512	512	5	4.0000	24038	24216	4.280867	4.215425	52.8908	54.0598	718.62	147.46	278	4288	749	18696	24011	0	27	299	5084	447	18360	24190	0	26	-0.735	1.552	-1.1690	FIXED	9d8d5bb26bf5a534f599c0a7a7786db93803fd59	cargo run -p jxl-encoder --release --features 'parallel butteraugli-loop ssim2-loop' --example cjxl_parity_ledger -- --update --image 1531677.png --effort 5 --distance 4
1531677.png	photo	512	512	5	5.0000	20620	20227	4.919645	4.531577	45.2704	46.7910	664.83	166.40	272	4021	982	15318	20593	0	27	301	4684	889	14327	20201	0	26	1.943	8.564	-1.5206	FIXED	9d8d5bb26bf5a534f599c0a7a7786db93803fd59	cargo run -p jxl-encoder --release --features 'parallel butteraugli-loop ssim2-loop' --example cjxl_parity_ledger -- --update --image 1531677.png --effort 5 --distance 5
1531677.png	photo	512	512	5	6.0000	17701	17275	5.240717	5.491705	38.1760	39.4696	680.08	145.49	293	3761	786	12834	17674	0	27	288	4367	719	11875	17249	0	26	2.466	-4.570	-1.2936	FIXED	9d8d5bb26bf5a534f599c0a7a7786db93803fd59	cargo run -p jxl-encoder --release --features 'parallel butteraugli-loop ssim2-loop' --example cjxl_parity_ledger -- --update --image 1531677.png --effort 5 --distance 6
1531677.png	photo	512	512	6	0.2000	187055	186722	0.362679	0.362392	94.7448	94.6967	1192.61	406.59	430	10747	2292	173555	187024	0	31	359	11007	2363	172963	186692	0	30	0.178	0.079	0.0481	FIXED	9d8d5bb26bf5a534f599c0a7a7786db93803fd59	cargo run -p jxl-encoder --release --features 'parallel butteraugli-loop ssim2-loop' --example cjxl_parity_ledger -- --update --image 1531677.png --effort 6 --distance 0.2
1531677.png	photo	512	512	6	0.4000	135137	135022	0.637924	0.637237	92.1100	92.1646	1013.87	304.71	553	9204	1949	123400	135106	0	31	400	9549	1716	123327	134992	0	30	0.085	0.108	-0.0546	FIXED	9d8d5bb26bf5a534f599c0a7a7786db93803fd59	cargo run -p jxl-encoder --release --features 'parallel butteraugli-loop ssim2-loop' --example cjxl_parity_ledger -- --update --image 1531677.png --effort 6 --distance 0.4
1531677.png	photo	512	512	6	0.6000	111865	112038	0.791565	0.795710	89.9168	89.7759	1094.73	229.88	501	8301	1249	101783	111834	0	31	378	8806	1033	101791	112008	0	30	-0.154	-0.521	0.1409	FIXED	9d8d5bb26bf5a534f599c0a7a7786db93803fd59	cargo run -p jxl-encoder --release --features 'parallel butteraugli-loop ssim2-loop' --example cjxl_parity_ledger -- --update --image 1531677.png --effort 6 --distance 0.6
1531677.png	photo	512	512	6	0.8000	94774	95591	1.093860	1.080077	87.4831	87.6084	837.30	236.80	406	7818	1157	85361	94742	0	32	383	8761	1027	85389	95560	0	31	-0.855	1.276	-0.1253	FIXED	9d8d5bb26bf5a534f599c0a7a7786db93803fd59	cargo run -p jxl-encoder --release --features 'parallel butteraugli-loop ssim2-loop' --example cjxl_parity_ledger -- --update --image 1531677.png --effort 6 --distance 0.8
1531677.png	photo	512	512	6	1.0000	82471	83289	1.265687	1.263211	85.1233	85.4028	913.36	275.01	389	7392	974	73687	82442	0	29	387	8439	821	73614	83261	0	28	-0.982	0.196	-0.2794	FIXED	9d8d5bb26bf5a534f599c0a7a7786db93803fd59	cargo run -p jxl-encoder --release --features 'parallel butteraugli-loop ssim2-loop' --example cjxl_parity_ledger -- --update --image 1531677.png --effort 6 --distance 1
1531677.png	photo	512	512	6	1.2000	73072	73958	1.500294	1.508279	83.0070	83.2175	951.08	293.60	357	7205	913	64568	73043	0	29	365	8252	747	64566	73930	0	28	-1.198	-0.529	-0.2105	FIXED	9d8d5bb26bf5a534f599c0a7a7786db93803fd59	cargo run -p jxl-encoder --release --features 'parallel butteraugli-loop ssim2-loop' --example cjxl_parity_ledger -- --update --image 1531677.png --effort 6 --distance 1.2
1531677.png	photo	512	512	6	1.4000	65597	66252	1.890502	2.001266	80.5217	80.7747	886.87	331.02	356	6973	889	57352	65570	0	27	385	8015	626	57200	66226	0	26	-0.989	-5.535	-0.2530	FIXED	9d8d5bb26bf5a534f599c0a7a7786db93803fd59	cargo run -p jxl-encoder --release --features 'parallel butteraugli-loop ssim2-loop' --example cjxl_parity_ledger -- --update --image 1531677.png --effort 6 --distance 1.4
1531677.png	photo	512	512	6	1.6000	59794	59852	1.991028	2.049402	78.6073	78.8111	864.04	407.99	331	6909	1090	51437	59767	0	27	355	7935	738	50802	59830	0	22	-0.097	-2.848	-0.2038	FIXED	9d8d5bb26bf5a534f599c0a7a7786db93803fd59	cargo run -p jxl-encoder --release --features 'parallel butteraugli-loop ssim2-loop' --example cjxl_parity_ledger -- --update --image 1531677.png --effort 6 --distance 1.6
1531677.png	photo	512	512	6	1.8000	54142	54333	2.136380	2.136618	76.6398	76.8856	801.21	384.69	314	6701	816	46285	54116	0	26	353	7692	641	45625	54311	0	22	-0.352	-0.011	-0.2458	FIXED	9d8d5bb26bf5a534f599c0a7a7786db93803fd59	cargo run -p jxl-encoder --release --features 'parallel butteraugli-loop ssim2-loop' --example cjxl_parity_ledger -- --update --image 1531677.png --effort 6 --distance 1.8
1531677.png	photo	512	512	6	2.0000	49445	49650	2.354126	2.361437	74.3440	74.7276	804.79	339.72	317	6461	734	41907	49419	0	26	348	7492	796	40992	49628	0	22	-0.413	-0.310	-0.3836	FIXED	9d8d5bb26bf5a534f599c0a7a7786db93803fd59	cargo run -p jxl-encoder --release --features 'parallel butteraugli-loop ssim2-loop' --example cjxl_parity_ledger -- --update --image 1531677.png --effort 6 --distance 2
1531677.png	photo	512	512	6	2.5000	40507	39533	2.833642	2.906096	69.6305	69.9164	805.60	284.68	345	5837	1010	33289	40481	0	26	345	6820	616	31730	39511	0	22	2.464	-2.493	-0.2859	FIXED	9d8d5bb26bf5a534f599c0a7a7786db93803fd59	cargo run -p jxl-encoder --release --features 'parallel butteraugli-loop ssim2-loop' --example cjxl_parity_ledger -- --update --image 1531677.png --effort 6 --distance 2.5
1531677.png	photo	512	512	6	3.0000	32353	32674	3.346959	3.316137	63.9492	65.1184	792.86	314.68	298	5098	1170	25760	32326	0	27	346	6419	572	25312	32649	0	25	-0.982	0.929	-1.1692	FIXED	9d8d5bb26bf5a534f599c0a7a7786db93803fd59	cargo run -p jxl-encoder --release --features 'parallel butteraugli-loop ssim2-loop' --example cjxl_parity_ledger -- --update --image 1531677.png --effort 6 --distance 3
1531677.png	photo	512	512	6	4.0000	25369	24881	4.433307	4.070038	56.5732	57.8238	1013.33	276.73	336	4542	1099	19364	25341	0	28	322	5712	441	18380	24855	0	26	1.961	8.925	-1.2506	FIXED	9d8d5bb26bf5a534f599c0a7a7786db93803fd59	cargo run -p jxl-encoder --release --features 'parallel butteraugli-loop ssim2-loop' --example cjxl_parity_ledger -- --update --image 1531677.png --effort 6 --distance 4
1531677.png	photo	512	512	6	5.0000	20866	20560	4.616327	4.500546	49.9894	51.9585	891.88	274.89	274	4265	982	15318	20839	0	27	297	5110	746	14381	20534	0	26	1.488	2.573	-1.9690	FIXED	9d8d5bb26bf5a534f599c0a7a7786db93803fd59	cargo run -p jxl-encoder --release --features 'parallel butteraugli-loop ssim2-loop' --example cjxl_parity_ledger -- --update --image 1531677.png --effort 6 --distance 5
1531677.png	photo	512	512	6	6.0000	17929	17655	5.119608	5.293930	43.7930	45.4460	872.27	399.24	295	3987	786	12834	17902	0	27	302	4803	658	11866	17629	0	26	1.552	-3.293	-1.6530	FIXED	9d8d5bb26bf5a534f599c0a7a7786db93803fd59	cargo run -p jxl-encoder --release --features 'parallel butteraugli-loop ssim2-loop' --example cjxl_parity_ledger -- --update --image 1531677.png --effort 6 --distance 6
1531677.png	photo	512	512	7	0.2000	187083	186647	0.362679	0.362392	94.7172	94.7495	1393.19	295.86	430	10747	2293	173582	187052	0	31	364	11007	2297	172949	186617	0	30	0.234	0.079	-0.0323	FIXED	9d8d5bb26bf5a534f599c0a7a7786db93803fd59	cargo run -p jxl-encoder --release --features 'parallel butteraugli-loop ssim2-loop' --example cjxl_parity_ledger -- --update --image 1531677.png --effort 7 --distance 0.2
1531677.png	photo	512	512	7	0.4000	135146	135097	0.637924	0.637237	92.1347	92.1172	1093.87	237.54	553	9204	1904	123454	135115	0	31	400	9547	1755	123365	135067	0	30	0.036	0.108	0.0176	FIXED	9d8d5bb26bf5a534f599c0a7a7786db93803fd59	cargo run -p jxl-encoder --release --features 'parallel butteraugli-loop ssim2-loop' --example cjxl_parity_ledger -- --update --image 1531677.png --effort 7 --distance 0.4
1531677.png	photo	512	512	7	0.6000	111879	112015	0.791565	0.795669	89.9225	89.7572	1048.25	287.99	501	8301	1217	101829	111848	0	31	378	8805	1015	101788	111986	0	29	-0.121	-0.516	0.1653	FIXED	9d8d5bb26bf5a534f599c0a7a7786db93803fd59	cargo run -p jxl-encoder --release --features 'parallel butteraugli-loop ssim2-loop' --example cjxl_parity_ledger -- --update --image 1531677.png --effort 7 --distance 0.6
1531677.png	photo	512	512	7	0.8000	94785	95575	1.093860	1.079674	87.5009	87.6970	1044.67	476.32	406	7818	1156	85373	94753	0	32	387	8760	1033	85364	95544	0	31	-0.827	1.314	-0.1961	FIXED	9d8d5bb26bf5a534f599c0a7a7786db93803fd59	cargo run -p jxl-encoder --release --features 'parallel butteraugli-loop ssim2-loop' --example cjxl_parity_ledger -- --update --image 1531677.png --effort 7 --distance 0.8
1531677.png	photo	512	512	7	1.0000	82491	83326	1.265687	1.263743	85.1205	85.4008	1136.55	387.21	384	7388	943	73747	82462	0	29	369	8455	823	73651	83298	0	28	-1.002	0.154	-0.2802	FIXED	9d8d5bb26bf5a534f599c0a7a7786db93803fd59	cargo run -p jxl-encoder --release --features 'parallel butteraugli-loop ssim2-loop' --example cjxl_parity_ledger -- --update --image 1531677.png --effort 7 --distance 1
1531677.png	photo	512	512	7	1.2000	73073	73921	1.500294	1.508279	83.0004	83.2162	1043.21	358.58	357	7203	912	64572	73044	0	29	357	8250	742	64544	73893	0	28	-1.147	-0.529	-0.2159	FIXED	9d8d5bb26bf5a534f599c0a7a7786db93803fd59	cargo run -p jxl-encoder --release --features 'parallel butteraugli-loop ssim2-loop' --example cjxl_parity_ledger -- --update --image 1531677.png --effort 7 --distance 1.2
1531677.png	photo	512	512	7	1.4000	65606	66257	1.890819	1.998875	80.5163	80.8984	968.76	575.49	356	6973	892	57358	65579	0	27	369	8038	630	57194	66231	0	26	-0.983	-5.406	-0.3821	FIXED	9d8d5bb26bf5a534f599c0a7a7786db93803fd59	cargo run -p jxl-encoder --release --features 'parallel butteraugli-loop ssim2-loop' --example cjxl_parity_ledger -- --update --image 1531677.png --effort 7 --distance 1.4
1531677.png	photo	512	512	7	1.6000	59800	59830	1.988815	1.997803	78.6111	78.9436	750.99	205.47	331	6909	1090	51443	59773	0	27	361	7923	753	50771	59808	0	22	-0.050	-0.450	-0.3325	FIXED	9d8d5bb26bf5a534f599c0a7a7786db93803fd59	cargo run -p jxl-encoder --release --features 'parallel butteraugli-loop ssim2-loop' --example cjxl_parity_ledger -- --update --image 1531677.png --effort 7 --distance 1.6
1531677.png	photo	512	512	7	1.8000	54150	54323	2.136380	2.136618	76.6351	76.9063	858.66	202.40	315	6697	817	46295	54124	0	26	367	7689	647	45598	54301	0	22	-0.318	-0.011	-0.2712	FIXED	9d8d5bb26bf5a534f599c0a7a7786db93803fd59	cargo run -p jxl-encoder --release --features 'parallel butteraugli-loop ssim2-loop' --example cjxl_parity_ledger -- --update --image 1531677.png --effort 7 --distance 1.8
1531677.png	photo	512	512	7	2.0000	49974	49664	2.353977	2.329872	74.3794	74.7450	860.27	247.24	309	6422	1118	42098	49947	0	27	345	7492	811	40994	49642	0	22	0.624	1.035	-0.3656	FIXED	9d8d5bb26bf5a534f599c0a7a7786db93803fd59	cargo run -p jxl-encoder --release --features 'parallel butteraugli-loop ssim2-loop' --example cjxl_parity_ledger -- --update --image 1531677.png --effort 7 --distance 2
1531677.png	photo	512	512	7	2.5000	40440	39504	2.921043	2.906096	69.5365	69.9127	928.75	287.64	352	5789	1099	33173	40413	0	27	348	6816	610	31708	39482	0	22	2.369	0.514	-0.3761	FIXED	9d8d5bb26bf5a534f599c0a7a7786db93803fd59	cargo run -p jxl-encoder --release --features 'parallel butteraugli-loop ssim2-loop' --example cjxl_parity_ledger -- --update --image 1531677.png --effort 7 --distance 2.5
1531677.png	photo	512	512	7	3.0000	32246	32698	3.346959	3.261528	63.9376	65.2641	852.42	326.74	308	5016	1130	25765	32219	0	27	340	6400	529	25371	32640	25	33	-1.382	2.619	-1.3265	FIXED	9d8d5bb26bf5a534f599c0a7a7786db93803fd59	cargo run -p jxl-encoder --release --features 'parallel butteraugli-loop ssim2-loop' --example cjxl_parity_ledger -- --update --image 1531677.png --effort 7 --distance 3
1531677.png	photo	512	512	7	4.0000	24367	24918	4.432672	4.064468	56.5706	57.8301	1024.56	374.48	312	4540	724	18764	24340	0	27	345	5702	442	18371	24860	24	34	-2.211	9.059	-1.2596	FIXED	9d8d5bb26bf5a534f599c0a7a7786db93803fd59	cargo run -p jxl-encoder --release --features 'parallel butteraugli-loop ssim2-loop' --example cjxl_parity_ledger -- --update --image 1531677.png --effort 7 --distance 4
1531677.png	photo	512	512	7	5.0000	20730	20620	4.616327	4.498281	50.0004	51.9966	912.97	411.58	266	4205	928	15304	20703	0	27	316	5120	746	14379	20561	25	34	0.533	2.624	-1.9962	FIXED	9d8d5bb26bf5a534f599c0a7a7786db93803fd59	cargo run -p jxl-encoder --release --features 'parallel butteraugli-loop ssim2-loop' --example cjxl_parity_ledger -- --update --image 1531677.png --effort 7 --distance 5
1531677.png	photo	512	512	7	6.0000	17890	17705	5.119608	5.314963	43.6882	45.3623	957.06	298.44	295	3981	787	12800	17863	0	27	312	4814	675	11846	17647	24	34	1.045	-3.676	-1.6741	FIXED	9d8d5bb26bf5a534f599c0a7a7786db93803fd59	cargo run -p jxl-encoder --release --features 'parallel butteraugli-loop ssim2-loop' --example cjxl_parity_ledger -- --update --image 1531677.png --effort 7 --distance 6
1531677.png	photo	512	512	8	0.2000	190711	190465	0.317894	0.322127	94.9019	94.9320	2287.12	1495.38	493	10819	2242	177126	190680	0	31	272	11203	2307	176653	190435	0	30	0.129	-1.314	-0.0301	FIXED	9d8d5bb26bf5a534f599c0a7a7786db93803fd59	cargo run -p jxl-encoder --release --features 'parallel butteraugli-loop ssim2-loop' --example cjxl_parity_ledger -- --update --image 1531677.png --effort 8 --distance 0.2
1531677.png	photo	512	512	8	0.4000	137481	137516	0.572879	0.572774	92.3576	92.3162	1574.64	1116.91	485	9087	1926	125952	137450	0	31	289	9506	1773	125918	137486	0	30	-0.025	0.018	0.0414	FIXED	9d8d5bb26bf5a534f599c0a7a7786db93803fd59	cargo run -p jxl-encoder --release --features 'parallel butteraugli-loop ssim2-loop' --example cjxl_parity_ledger -- --update --image 1531677.png --effort 8 --distance 0.4
1531677.png	photo	512	512	8	0.6000	108442	108413	0.761900	0.747246	89.4236	89.5705	1638.87	1878.47	446	8564	1195	98206	108411	0	31	329	9036	1006	98013	108384	0	29	0.027	1.961	-0.1469	FIXED	9d8d5bb26bf5a534f599c0a7a7786db93803fd59	cargo run -p jxl-encoder --release --features 'parallel butteraugli-loop ssim2-loop' --example cjxl_parity_ledger -- --update --image 1531677.png --effort 8 --distance 0.6
1531677.png	photo	512	512	8	0.8000	91096	91711	1.017047	1.065808	87.0282	87.1264	1569.49	1286.02	403	7981	943	81738	91065	0	31	358	8949	851	81523	91681	0	30	-0.671	-4.575	-0.0982	FIXED	9d8d5bb26bf5a534f599c0a7a7786db93803fd59	cargo run -p jxl-encoder --release --features 'parallel butteraugli-loop ssim2-loop' --example cjxl_parity_ledger -- --update --image 1531677.png --effort 8 --distance 0.8
1531677.png	photo	512	512	8	1.0000	78857	79804	1.293485	1.253318	84.5425	84.8113	1324.51	1254.72	312	7656	900	69960	78828	0	29	371	8686	729	69990	79776	0	28	-1.187	3.205	-0.2688	FIXED	9d8d5bb26bf5a534f599c0a7a7786db93803fd59	cargo run -p jxl-encoder --release --features 'parallel butteraugli-loop ssim2-loop' --example cjxl_parity_ledger -- --update --image 1531677.png --effort 8 --distance 1
1531677.png	photo	512	512	8	1.2000	69496	70356	1.489606	1.528666	82.1609	82.4747	1532.63	1415.70	388	7370	878	60833	69469	0	27	351	8494	740	60745	70330	0	26	-1.222	-2.555	-0.3138	FIXED	9d8d5bb26bf5a534f599c0a7a7786db93803fd59	cargo run -p jxl-encoder --release --features 'parallel butteraugli-loop ssim2-loop' --example cjxl_parity_ledger -- --update --image 1531677.png --effort 8 --distance 1.2
1531677.png	photo	512	512	8	1.4000	61921	62690	1.896970	1.787021	79.5764	80.0712	1504.25	1057.27	305	7170	910	53509	61894	0	27	397	8245	677	53345	62664	0	26	-1.227	6.153	-0.4948	FIXED	9d8d5bb26bf5a534f599c0a7a7786db93803fd59	cargo run -p jxl-encoder --release --features 'parallel butteraugli-loop ssim2-loop' --example cjxl_parity_ledger -- --update --image 1531677.png --effort 8 --distance 1.4
1531677.png	photo	512	512	8	1.6000	56242	56530	2.025838	1.926510	77.5424	77.7351	1422.33	1031.27	330	7060	996	47830	56216	0	26	391	8140	692	47285	56508	0	22	-0.509	5.156	-0.1928	FIXED	9d8d5bb26bf5a534f599c0a7a7786db93803fd59	cargo run -p jxl-encoder --release --features 'parallel butteraugli-loop ssim2-loop' --example cjxl_parity_ledger -- --update --image 1531677.png --effort 8 --distance 1.6
1531677.png	photo	512	512	8	1.8000	50681	51227	2.141448	2.244459	75.3235	75.5887	1385.74	1421.31	317	6881	767	42690	50655	0	26	422	7896	660	42227	51205	0	22	-1.066	-4.590	-0.2652	FIXED	9d8d5bb26bf5a534f599c0a7a7786db93803fd59	cargo run -p jxl-encoder --release --features 'parallel butteraugli-loop ssim2-loop' --example cjxl_parity_ledger -- --update --image 1531677.png --effort 8 --distance 1.8
1531677.png	photo	512	512	8	2.0000	46611	46642	2.332274	2.347596	73.0238	73.4123	1880.74	2084.23	321	6592	1066	38605	46584	0	27	392	7708	776	37744	46620	0	22	-0.066	-0.653	-0.3886	FIXED	9d8d5bb26bf5a534f599c0a7a7786db93803fd59	cargo run -p jxl-encoder --release --features 'parallel butteraugli-loop ssim2-loop' --example cjxl_parity_ledger -- --update --image 1531677.png --effort 8 --distance 2
1531677.png	photo	512	512	8	2.5000	37324	37149	3.041241	3.075759	67.6946	67.9700	1539.46	1238.27	344	5894	1058	30001	37297	0	27	388	7000	572	29167	37127	0	22	0.471	-1.122	-0.2754	FIXED	9d8d5bb26bf5a534f599c0a7a7786db93803fd59	cargo run -p jxl-encoder --release --features 'parallel butteraugli-loop ssim2-loop' --example cjxl_parity_ledger -- --update --image 1531677.png --effort 8 --distance 2.5
1531677.png	photo	512	512	8	3.0000	29760	30772	3.458973	3.406408	62.8640	63.5696	1727.64	1121.31	326	5080	840	23488	29734	0	26	375	6530	609	23200	30714	25	33	-3.289	1.543	-0.7056	FIXED	9d8d5bb26bf5a534f599c0a7a7786db93803fd59	cargo run -p jxl-encoder --release --features 'parallel butteraugli-loop ssim2-loop' --example cjxl_parity_ledger -- --update --image 1531677.png --effort 8 --distance 3
1531677.png	photo	512	512	8	4.0000	22768	23329	4.259075	4.211393	54.8632	55.8740	1888.54	1035.16	272	4637	693	17139	22741	0	27	330	5831	400	16710	23271	24	34	-2.405	1.132	-1.0108	FIXED	9d8d5bb26bf5a534f599c0a7a7786db93803fd59	cargo run -p jxl-encoder --release --features 'parallel butteraugli-loop ssim2-loop' --example cjxl_parity_ledger -- --update --image 1531677.png --effort 8 --distance 4
1531677.png	photo	512	512	8	5.0000	18820	18838	4.802942	4.826147	46.8581	48.2888	1900.57	1189.50	285	4196	742	13570	18793	0	27	264	5126	624	12765	18779	25	34	-0.096	-0.481	-1.4307	FIXED	9d8d5bb26bf5a534f599c0a7a7786db93803fd59	cargo run -p jxl-encoder --release --features 'parallel butteraugli-loop ssim2-loop' --example cjxl_parity_ledger -- --update --image 1531677.png --effort 8 --distance 5
1531677.png	photo	512	512	8	6.0000	16029	15973	5.634013	5.493954	39.5441	41.2397	1812.80	1494.95	297	3987	736	10982	16002	0	27	235	4882	651	10147	15915	24	34	0.351	2.549	-1.6956	FIXED	9d8d5bb26bf5a534f599c0a7a7786db93803fd59	cargo run -p jxl-encoder --release --features 'parallel butteraugli-loop ssim2-loop' --example cjxl_parity_ledger -- --update --image 1531677.png --effort 8 --distance 6
1531677.png	photo	512	512	9	0.2000	192672	191350	0.250271	0.234776	94.9289	94.9806	4066.87	2175.73	557	10869	3143	178072	192641	0	31	320	11121	2102	177777	191320	0	30	0.691	6.600	-0.0517	FIXED	9d8d5bb26bf5a534f599c0a7a7786db93803fd59	cargo run -p jxl-encoder --release --features 'parallel butteraugli-loop ssim2-loop' --example cjxl_parity_ledger -- --update --image 1531677.png --effort 9 --distance 0.2
1531677.png	photo	512	512	9	0.4000	139493	138620	0.478698	0.549711	92.3070	92.2746	3467.09	1764.68	532	9152	2753	127025	139462	0	31	304	9503	1695	127088	138590	0	30	0.630	-12.918	0.0323	FIXED	9d8d5bb26bf5a534f599c0a7a7786db93803fd59	cargo run -p jxl-encoder --release --features 'parallel butteraugli-loop ssim2-loop' --example cjxl_parity_ledger -- --update --image 1531677.png --effort 9 --distance 0.4
1531677.png	photo	512	512	9	0.6000	109004	108658	0.646128	0.656898	89.3926	89.5682	3479.03	1682.45	472	8495	1629	98377	108973	0	31	349	8985	961	98334	108629	0	29	0.318	-1.640	-0.1756	FIXED	9d8d5bb26bf5a534f599c0a7a7786db93803fd59	cargo run -p jxl-encoder --release --features 'parallel butteraugli-loop ssim2-loop' --example cjxl_parity_ledger -- --update --image 1531677.png --effort 9 --distance 0.6
1531677.png	photo	512	512	9	0.8000	91765	91947	0.858602	0.863000	86.9887	87.2276	3224.92	1954.02	601	7960	1396	81776	91733	0	32	383	8899	830	81805	91917	0	30	-0.198	-0.510	-0.2389	FIXED	9d8d5bb26bf5a534f599c0a7a7786db93803fd59	cargo run -p jxl-encoder --release --features 'parallel butteraugli-loop ssim2-loop' --example cjxl_parity_ledger -- --update --image 1531677.png --effort 9 --distance 0.8
1531677.png	photo	512	512	9	1.0000	79487	79909	1.212013	1.120157	84.6627	84.8297	2284.29	2059.43	548	7599	1190	70120	79457	0	30	370	8662	726	70123	79881	0	28	-0.528	8.200	-0.1670	FIXED	9d8d5bb26bf5a534f599c0a7a7786db93803fd59	cargo run -p jxl-encoder --release --features 'parallel butteraugli-loop ssim2-loop' --example cjxl_parity_ledger -- --update --image 1531677.png --effort 9 --distance 1
1531677.png	photo	512	512	9	1.2000	69903	70535	1.288526	1.374318	82.2783	82.5157	2151.09	1685.31	396	7412	1112	60955	69875	0	28	398	8476	728	60907	70509	0	26	-0.896	-6.243	-0.2374	FIXED	9d8d5bb26bf5a534f599c0a7a7786db93803fd59	cargo run -p jxl-encoder --release --features 'parallel butteraugli-loop ssim2-loop' --example cjxl_parity_ledger -- --update --image 1531677.png --effort 9 --distance 1.2
1531677.png	photo	512	512	9	1.4000	62275	62790	1.557305	1.632285	79.6755	80.1741	1704.55	1822.09	367	7126	1125	53629	62247	0	28	402	8192	653	53517	62764	0	26	-0.820	-4.594	-0.4986	FIXED	9d8d5bb26bf5a534f599c0a7a7786db93803fd59	cargo run -p jxl-encoder --release --features 'parallel butteraugli-loop ssim2-loop' --example cjxl_parity_ledger -- --update --image 1531677.png --effort 9 --distance 1.4
1531677.png	photo	512	512	9	1.6000	56508	56570	1.938230	1.853819	77.5487	77.6477	2031.92	1786.65	381	6971	1319	47810	56481	0	27	415	8045	693	47395	56548	0	22	-0.110	4.553	-0.0989	FIXED	9d8d5bb26bf5a534f599c0a7a7786db93803fd59	cargo run -p jxl-encoder --release --features 'parallel butteraugli-loop ssim2-loop' --example cjxl_parity_ledger -- --update --image 1531677.png --effort 9 --distance 1.6
1531677.png	photo	512	512	9	1.8000	51058	51205	1.974179	2.121965	75.3825	75.6397	1705.56	1840.12	512	6792	984	42744	51032	0	26	423	7864	576	42320	51183	0	22	-0.287	-6.965	-0.2572	FIXED	9d8d5bb26bf5a534f599c0a7a7786db93803fd59	cargo run -p jxl-encoder --release --features 'parallel butteraugli-loop ssim2-loop' --example cjxl_parity_ledger -- --update --image 1531677.png --effort 9 --distance 1.8
1531677.png	photo	512	512	9	2.0000	46970	46588	2.301703	2.288761	73.0214	73.5326	1959.11	1524.71	492	6504	1310	38637	46943	0	27	432	7650	688	37796	46566	0	22	0.820	0.565	-0.5112	FIXED	9d8d5bb26bf5a534f599c0a7a7786db93803fd59	cargo run -p jxl-encoder --release --features 'parallel butteraugli-loop ssim2-loop' --example cjxl_parity_ledger -- --update --image 1531677.png --effort 9 --distance 2
1531677.png	photo	512	512	9	2.5000	37614	37105	3.041252	3.111737	67.6976	68.1205	1709.17	1676.17	450	5842	1300	29995	37587	0	27	406	6947	551	29179	37083	0	22	1.372	-2.265	-0.4229	FIXED	9d8d5bb26bf5a534f599c0a7a7786db93803fd59	cargo run -p jxl-encoder --release --features 'parallel butteraugli-loop ssim2-loop' --example cjxl_parity_ledger -- --update --image 1531677.png --effort 9 --distance 2.5
1531677.png	photo	512	512	9	3.0000	30022	30687	3.373696	3.406408	62.8644	63.5715	2326.65	1862.81	448	5027	937	23584	29996	0	26	427	6437	535	23230	30629	25	33	-2.167	-0.960	-0.7071	FIXED	9d8d5bb26bf5a534f599c0a7a7786db93803fd59	cargo run -p jxl-encoder --release --features 'parallel butteraugli-loop ssim2-loop' --example cjxl_parity_ledger -- --update --image 1531677.png --effort 9 --distance 3
1531677.png	photo	512	512	9	4.0000	22865	23293	4.259075	4.211393	54.8632	55.8740	2287.34	2010.33	365	4598	722	17153	22838	0	27	327	5804	384	16720	23235	24	34	-1.837	1.132	-1.0108	FIXED	9d8d5bb26bf5a534f599c0a7a7786db93803fd59	cargo run -p jxl-encoder --release --features 'parallel butteraugli-loop ssim2-loop' --example cjxl_parity_ledger -- --update --image 1531677.png --effort 9 --distance 4
1531677.png	photo	512	512	9	5.0000	18896	18802	4.802942	4.826147	46.8581	48.2888	1998.60	1883.87	465	4081	743	13580	18869	0	27	268	5094	604	12777	18743	25	34	0.500	-0.481	-1.4307	FIXED	9d8d5bb26bf5a534f599c0a7a7786db93803fd59	cargo run -p jxl-encoder --release --features 'parallel butteraugli-loop ssim2-loop' --example cjxl_parity_ledger -- --update --image 1531677.png --effort 9 --distance 5
1531677.png	photo	512	512	9	6.0000	16054	15962	5.634013	5.493954	39.5441	41.2397	2063.11	1778.94	431	3879	713	11004	16027	0	27	267	4848	631	10158	15904	24	34	0.576	2.549	-1.6956	FIXED	9d8d5bb26bf5a534f599c0a7a7786db93803fd59	cargo run -p jxl-encoder --release --features 'parallel butteraugli-loop ssim2-loop' --example cjxl_parity_ledger -- --update --image 1531677.png --effort 9 --distance 6
codec_wiki.png	screenshot	2560	1664	5	0.2000	191751	198479	0.303232	0.239081	93.7562	93.6900	57347.43	1499.43	1774	17219	6608	166004	191605	0	146	48	25295	4282	168712	198337	0	142	-3.390	26.832	0.0661	FIXED	9d8d5bb26bf5a534f599c0a7a7786db93803fd59	cargo run -p jxl-encoder --release --features 'parallel butteraugli-loop ssim2-loop' --example cjxl_parity_ledger -- --update --image codec_wiki.png --effort 5 --distance 0.2
codec_wiki.png	screenshot	2560	1664	5	0.4000	150670	156419	0.459766	0.536284	93.3541	93.2219	72262.83	1956.42	1506	15503	6149	127368	150526	0	144	49	22641	4311	129278	156279	0	140	-3.675	-14.268	0.1323	FIXED	9d8d5bb26bf5a534f599c0a7a7786db93803fd59	cargo run -p jxl-encoder --release --features 'parallel butteraugli-loop ssim2-loop' --example cjxl_parity_ledger -- --update --image codec_wiki.png --effort 5 --distance 0.4
codec_wiki.png	screenshot	2560	1664	5	0.6000	153015	158684	0.582381	0.822565	92.1677	92.0445	75467.09	1878.89	1301	14682	6142	130746	152871	0	144	48	21442	4731	132322	158543	0	141	-3.573	-29.199	0.1232	FIXED	9d8d5bb26bf5a534f599c0a7a7786db93803fd59	cargo run -p jxl-encoder --release --features 'parallel butteraugli-loop ssim2-loop' --example cjxl_parity_ledger -- --update --image codec_wiki.png --effort 5 --distance 0.6
codec_wiki.png	screenshot	2560	1664	5	0.8000	137699	142924	0.823251	0.842434	91.5135	91.6392	76780.74	1849.43	1462	14393	5593	116107	137555	0	144	47	20581	4111	118044	142783	0	141	-3.656	-2.277	-0.1257	FIXED	9d8d5bb26bf5a534f599c0a7a7786db93803fd59	cargo run -p jxl-encoder --release --features 'parallel butteraugli-loop ssim2-loop' --example cjxl_parity_ledger -- --update --image codec_wiki.png --effort 5 --distance 0.8
codec_wiki.png	screenshot	2560	1664	5	1.0000	125709	131602	1.020177	1.367672	90.4435	91.1645	74673.58	1794.69	1227	13620	5447	105271	125565	0	144	48	19815	4655	106945	131463	0	139	-4.478	-25.408	-0.7211	FIXED	9d8d5bb26bf5a534f599c0a7a7786db93803fd59	cargo run -p jxl-encoder --release --features 'parallel butteraugli-loop ssim2-loop' --example cjxl_parity_ledger -- --update --image codec_wiki.png --effort 5 --distance 1
codec_wiki.png	screenshot	2560	1664	5	1.2000	117936	122772	1.217564	1.243452	89.7602	90.2917	66023.68	1886.23	1210	13624	5249	97709	117792	0	144	48	19267	4650	98668	122633	0	139	-3.939	-2.082	-0.5315	FIXED	9d8d5bb26bf5a534f599c0a7a7786db93803fd59	cargo run -p jxl-encoder --release --features 'parallel butteraugli-loop ssim2-loop' --example cjxl_parity_ledger -- --update --image codec_wiki.png --effort 5 --distance 1.2
codec_wiki.png	screenshot	2560	1664	5	1.4000	110639	115465	1.284697	1.383189	89.1031	89.6857	65976.21	1785.24	1139	13281	5517	90558	110495	0	144	48	18945	4574	91759	115326	0	139	-4.180	-7.121	-0.5826	FIXED	9d8d5bb26bf5a534f599c0a7a7786db93803fd59	cargo run -p jxl-encoder --release --features 'parallel butteraugli-loop ssim2-loop' --example cjxl_parity_ledger -- --update --image codec_wiki.png --effort 5 --distance 1.4
codec_wiki.png	screenshot	2560	1664	5	1.6000	104531	109742	1.604223	1.553486	88.9341	88.8564	80096.15	1411.45	1144	13156	5016	85073	104389	0	142	49	18667	4865	86026	109607	0	135	-4.748	3.266	0.0777	FIXED	9d8d5bb26bf5a534f599c0a7a7786db93803fd59	cargo run -p jxl-encoder --release --features 'parallel butteraugli-loop ssim2-loop' --example cjxl_parity_ledger -- --update --image codec_wiki.png --effort 5 --distance 1.6
codec_wiki.png	screenshot	2560	1664	5	1.8000	98287	104956	1.599225	1.591541	87.5360	88.7808	88283.67	531.72	1041	12677	4759	79668	98145	0	142	38	18480	4835	81468	104821	0	135	-6.354	0.483	-1.2448	FIXED	9d8d5bb26bf5a534f599c0a7a7786db93803fd59	cargo run -p jxl-encoder --release --features 'parallel butteraugli-loop ssim2-loop' --example cjxl_parity_ledger -- --update --image codec_wiki.png --effort 5 --distance 1.8
codec_wiki.png	screenshot	2560	1664	5	2.0000	94495	100135	1.880743	1.906564	86.4610	87.9478	56864.07	1706.84	1006	12738	4304	76306	94354	0	141	36	17826	4164	77975	100001	0	134	-5.632	-1.354	-1.4868	FIXED	9d8d5bb26bf5a534f599c0a7a7786db93803fd59	cargo run -p jxl-encoder --release --features 'parallel butteraugli-loop ssim2-loop' --example cjxl_parity_ledger -- --update --image codec_wiki.png --effort 5 --distance 2
codec_wiki.png	screenshot	2560	1664	5	2.5000	85577	91924	2.290917	2.261159	84.8243	86.7607	63062.88	1742.64	1068	12431	4134	67803	85436	0	141	48	17201	4883	69658	91790	0	134	-6.905	1.316	-1.9364	FIXED	9d8d5bb26bf5a534f599c0a7a7786db93803fd59	cargo run -p jxl-encoder --release --features 'parallel butteraugli-loop ssim2-loop' --example cjxl_parity_ledger -- --update --image codec_wiki.png --effort 5 --distance 2.5
codec_wiki.png	screenshot	2560	1664	5	3.0000	79233	85177	2.415374	2.397897	83.1106	85.7781	62050.89	1631.17	934	12039	4257	61863	79093	0	140	40	16643	3753	64605	85041	0	136	-6.978	0.729	-2.6675	FIXED	9d8d5bb26bf5a534f599c0a7a7786db93803fd59	cargo run -p jxl-encoder --release --features 'parallel butteraugli-loop ssim2-loop' --example cjxl_parity_ledger -- --update --image codec_wiki.png --effort 5 --distance 3
codec_wiki.png	screenshot	2560	1664	5	4.0000	91630	72551	3.212578	3.504391	83.3925	84.3697	66979.44	1643.85	845	12218	5147	73278	91488	0	142	34	15742	2705	53933	72414	0	137	26.297	-8.327	-0.9771	FIXED	9d8d5bb26bf5a534f599c0a7a7786db93803fd59	cargo run -p jxl-encoder --release --features 'parallel butteraugli-loop ssim2-loop' --example cjxl_parity_ledger -- --update --image codec_wiki.png --effort 5 --distance 4
codec_wiki.png	screenshot	2560	1664	5	5.0000	80952	66517	3.008075	3.580087	81.8693	81.9552	60351.14	1462.90	884	11248	3542	65137	80811	0	141	30	15767	2472	48112	66381	0	136	21.701	-15.978	-0.0859	FIXED	9d8d5bb26bf5a534f599c0a7a7786db93803fd59	cargo run -p jxl-encoder --release --features 'parallel butteraugli-loop ssim2-loop' --example cjxl_parity_ledger -- --update --image codec_wiki.png --effort 5 --distance 5
codec_wiki.png	screenshot	2560	1664	5	6.0000	75705	58673	4.368527	4.674663	82.4240	77.1017	57077.41	1695.84	874	10870	3366	60454	75564	0	141	27	15073	2088	41350	58538	0	135	29.029	-6.549	5.3224	FIXED	9d8d5bb26bf5a534f599c0a7a7786db93803fd59	cargo run -p jxl-encoder --release --features 'parallel butteraugli-loop ssim2-loop' --example cjxl_parity_ledger -- --update --image codec_wiki.png --effort 5 --distance 6
codec_wiki.png	screenshot	2560	1664	6	0.2000	190256	196317	0.303232	0.239366	93.7710	93.7209	64439.47	1800.01	1762	17911	6507	163930	190110	0	146	45	26011	3948	166171	196175	0	142	-3.087	26.681	0.0501	FIXED	9d8d5bb26bf5a534f599c0a7a7786db93803fd59	cargo run -p jxl-encoder --release --features 'parallel butteraugli-loop ssim2-loop' --example cjxl_parity_ledger -- --update --image codec_wiki.png --effort 6 --distance 0.2
codec_wiki.png	screenshot	2560	1664	6	0.4000	150029	155660	0.459807	0.536555	93.2671	93.1891	68648.89	1828.82	1564	16119	6106	126096	149885	0	144	47	23346	3724	128403	155520	0	140	-3.617	-14.304	0.0780	FIXED	9d8d5bb26bf5a534f599c0a7a7786db93803fd59	cargo run -p jxl-encoder --release --features 'parallel butteraugli-loop ssim2-loop' --example cjxl_parity_ledger -- --update --image codec_wiki.png --effort 6 --distance 0.4
codec_wiki.png	screenshot	2560	1664	6	0.6000	151897	157725	0.603083	0.822600	92.1916	92.0969	94637.91	1975.00	1288	15968	6201	128296	151753	0	144	46	22356	4192	130990	157584	0	141	-3.695	-26.686	0.0947	FIXED	9d8d5bb26bf5a534f599c0a7a7786db93803fd59	cargo run -p jxl-encoder --release --features 'parallel butteraugli-loop ssim2-loop' --example cjxl_parity_ledger -- --update --image codec_wiki.png --effort 6 --distance 0.6
codec_wiki.png	screenshot	2560	1664	6	0.8000	138761	144259	0.829812	0.738234	91.4825	91.6610	65698.15	3392.56	1408	18688	5704	112817	138617	0	144	48	23424	4650	115996	144118	0	141	-3.811	12.405	-0.1785	FIXED	9d8d5bb26bf5a534f599c0a7a7786db93803fd59	cargo run -p jxl-encoder --release --features 'parallel butteraugli-loop ssim2-loop' --example cjxl_parity_ledger -- --update --image codec_wiki.png --effort 6 --distance 0.8
codec_wiki.png	screenshot	2560	1664	6	1.0000	126761	132285	0.954502	1.179236	90.2833	91.0961	70791.91	3345.62	1219	17521	5559	102318	126617	0	144	48	22675	4255	105167	132145	0	140	-4.176	-19.058	-0.8128	FIXED	9d8d5bb26bf5a534f599c0a7a7786db93803fd59	cargo run -p jxl-encoder --release --features 'parallel butteraugli-loop ssim2-loop' --example cjxl_parity_ledger -- --update --image codec_wiki.png --effort 6 --distance 1
codec_wiki.png	screenshot	2560	1664	6	1.2000	118479	123208	1.217320	1.120188	89.7428	90.4199	67246.89	3834.21	1260	17423	5261	94391	118335	0	144	48	22233	4287	96500	123068	0	140	-3.838	8.671	-0.6771	FIXED	9d8d5bb26bf5a534f599c0a7a7786db93803fd59	cargo run -p jxl-encoder --release --features 'parallel butteraugli-loop ssim2-loop' --example cjxl_parity_ledger -- --update --image codec_wiki.png --effort 6 --distance 1.2
codec_wiki.png	screenshot	2560	1664	6	1.4000	111274	115470	1.303799	1.292290	89.0861	89.8782	77854.74	4096.18	1214	16965	5087	87864	111130	0	144	48	21714	4252	89316	115330	0	140	-3.634	0.891	-0.7921	FIXED	9d8d5bb26bf5a534f599c0a7a7786db93803fd59	cargo run -p jxl-encoder --release --features 'parallel butteraugli-loop ssim2-loop' --example cjxl_parity_ledger -- --update --image codec_wiki.png --effort 6 --distance 1.4
codec_wiki.png	screenshot	2560	1664	6	1.6000	106327	109341	1.496333	1.322562	88.9399	89.1113	72702.01	4047.17	1027	18249	5094	81815	106185	0	142	47	21646	4091	83421	109205	0	136	-2.757	13.139	-0.1714	FIXED	9d8d5bb26bf5a534f599c0a7a7786db93803fd59	cargo run -p jxl-encoder --release --features 'parallel butteraugli-loop ssim2-loop' --example cjxl_parity_ledger -- --update --image codec_wiki.png --effort 6 --distance 1.6
codec_wiki.png	screenshot	2560	1664	6	1.8000	100896	106222	1.725285	1.477996	87.4471	89.0439	74628.54	4245.19	1092	17991	4535	77136	100754	0	142	46	22600	4364	79076	106086	0	136	-5.014	16.731	-1.5968	FIXED	9d8d5bb26bf5a534f599c0a7a7786db93803fd59	cargo run -p jxl-encoder --release --features 'parallel butteraugli-loop ssim2-loop' --example cjxl_parity_ledger -- --update --image codec_wiki.png --effort 6 --distance 1.8
codec_wiki.png	screenshot	2560	1664	6	2.0000	97302	100839	1.623891	1.825474	86.4586	88.2234	69035.06	4307.95	1070	18578	4440	73072	97160	0	142	46	21488	4117	75053	100704	0	135	-3.508	-11.043	-1.7648	FIXED	9d8d5bb26bf5a534f599c0a7a7786db93803fd59	cargo run -p jxl-encoder --release --features 'parallel butteraugli-loop ssim2-loop' --example cjxl_parity_ledger -- --update --image codec_wiki.png --effort 6 --distance 2
codec_wiki.png	screenshot	2560	1664	6	2.5000	88441	93317	2.287968	2.041208	84.7332	87.2059	72168.33	3377.30	1125	17494	4437	65244	88300	0	141	48	21298	4443	67393	93182	0	135	-5.225	12.089	-2.4728	FIXED	9d8d5bb26bf5a534f599c0a7a7786db93803fd59	cargo run -p jxl-encoder --release --features 'parallel butteraugli-loop ssim2-loop' --example cjxl_parity_ledger -- --update --image codec_wiki.png --effort 6 --distance 2.5
codec_wiki.png	screenshot	2560	1664	6	3.0000	81576	85999	2.378946	2.342638	83.3687	86.3605	116377.37	960.06	981	17401	4193	58861	81436	0	140	36	20581	3812	61433	85862	0	137	-5.143	1.550	-2.9919	FIXED	9d8d5bb26bf5a534f599c0a7a7786db93803fd59	cargo run -p jxl-encoder --release --features 'parallel butteraugli-loop ssim2-loop' --example cjxl_parity_ledger -- --update --image codec_wiki.png --effort 6 --distance 3
codec_wiki.png	screenshot	2560	1664	6	4.0000	94747	74416	3.211074	2.978101	83.4708	84.5033	72665.16	3853.11	873	17939	4852	70941	94605	0	142	44	20024	2641	51571	74280	0	136	27.321	7.823	-1.0325	OPEN	9d8d5bb26bf5a534f599c0a7a7786db93803fd59	cargo run -p jxl-encoder --release --features 'parallel butteraugli-loop ssim2-loop' --example cjxl_parity_ledger -- --update --image codec_wiki.png --effort 6 --distance 4
codec_wiki.png	screenshot	2560	1664	6	5.0000	83910	66736	3.008735	3.772695	81.3278	82.0767	71006.12	3349.54	886	14204	3542	65137	83769	0	141	29	17472	2347	46753	66601	0	135	25.734	-20.250	-0.7489	FIXED	9d8d5bb26bf5a534f599c0a7a7786db93803fd59	cargo run -p jxl-encoder --release --features 'parallel butteraugli-loop ssim2-loop' --example cjxl_parity_ledger -- --update --image codec_wiki.png --effort 6 --distance 5
codec_wiki.png	screenshot	2560	1664	6	6.0000	78942	60195	4.368048	4.668194	81.8144	77.1997	63603.07	3702.38	875	14106	3366	60454	78801	0	141	27	16917	1987	41129	60060	0	135	31.144	-6.430	4.6147	FIXED	9d8d5bb26bf5a534f599c0a7a7786db93803fd59	cargo run -p jxl-encoder --release --features 'parallel butteraugli-loop ssim2-loop' --example cjxl_parity_ledger -- --update --image codec_wiki.png --effort 6 --distance 6
codec_wiki.png	screenshot	2560	1664	7	0.2000	157304	205443	0.303232	0.246839	93.8893	93.8544	81468.28	2002.13	2472	15701	6848	124397	149418	7735	151	45	25999	4082	175175	205301	0	142	-23.432	22.846	0.0349	FIXED	9d8d5bb26bf5a534f599c0a7a7786db93803fd59	cargo run -p jxl-encoder --release --features 'parallel butteraugli-loop ssim2-loop' --example cjxl_parity_ledger -- --update --image codec_wiki.png --effort 7 --distance 0.2
codec_wiki.png	screenshot	2560	1664	7	0.4000	122872	161382	0.459807	0.545042	93.3688	93.1856	65994.54	2255.97	2297	13713	5690	93369	115069	7653	150	47	23322	3693	134179	161241	0	141	-23.863	-15.638	0.1832	FIXED	9d8d5bb26bf5a534f599c0a7a7786db93803fd59	cargo run -p jxl-encoder --release --features 'parallel butteraugli-loop ssim2-loop' --example cjxl_parity_ledger -- --update --image codec_wiki.png --effort 7 --distance 0.4
codec_wiki.png	screenshot	2560	1664	7	0.6000	123359	161949	0.603975	0.786971	92.3852	92.1752	76526.47	1992.47	1953	13619	5518	94745	115835	7375	149	46	22444	4266	135052	161808	0	141	-23.828	-23.253	0.2100	FIXED	9d8d5bb26bf5a534f599c0a7a7786db93803fd59	cargo run -p jxl-encoder --release --features 'parallel butteraugli-loop ssim2-loop' --example cjxl_parity_ledger -- --update --image codec_wiki.png --effort 7 --distance 0.6
codec_wiki.png	screenshot	2560	1664	7	0.8000	114117	147561	0.760675	0.756765	91.7613	91.7668	77710.10	4562.03	2090	16340	5262	82978	106670	7297	150	48	23392	4613	119367	147420	0	141	-22.665	0.517	-0.0055	FIXED	9d8d5bb26bf5a534f599c0a7a7786db93803fd59	cargo run -p jxl-encoder --release --features 'parallel butteraugli-loop ssim2-loop' --example cjxl_parity_ledger -- --update --image codec_wiki.png --effort 7 --distance 0.8
codec_wiki.png	screenshot	2560	1664	7	1.0000	104483	135432	1.034915	1.084701	90.5990	91.3002	75967.94	4240.18	1841	15540	5046	74712	97139	7196	148	48	22817	4569	107858	135292	0	140	-22.852	-4.590	-0.7012	FIXED	9d8d5bb26bf5a534f599c0a7a7786db93803fd59	cargo run -p jxl-encoder --release --features 'parallel butteraugli-loop ssim2-loop' --example cjxl_parity_ledger -- --update --image codec_wiki.png --effort 7 --distance 1
codec_wiki.png	screenshot	2560	1664	7	1.2000	99229	127969	1.180289	1.210503	90.4702	90.5922	77838.81	3341.66	1918	15471	4955	69627	91971	7112	146	48	22421	4776	100584	127829	0	140	-22.459	-2.496	-0.1220	FIXED	9d8d5bb26bf5a534f599c0a7a7786db93803fd59	cargo run -p jxl-encoder --release --features 'parallel butteraugli-loop ssim2-loop' --example cjxl_parity_ledger -- --update --image codec_wiki.png --effort 7 --distance 1.2
codec_wiki.png	screenshot	2560	1664	7	1.4000	92467	117606	1.236509	1.321196	89.6404	90.0657	70533.93	3831.45	1837	14942	4374	64290	85443	6879	145	48	21831	4361	91226	117466	0	140	-21.376	-6.410	-0.4254	FIXED	9d8d5bb26bf5a534f599c0a7a7786db93803fd59	cargo run -p jxl-encoder --release --features 'parallel butteraugli-loop ssim2-loop' --example cjxl_parity_ledger -- --update --image codec_wiki.png --effort 7 --distance 1.4
codec_wiki.png	screenshot	2560	1664	7	1.6000	89382	111911	1.374125	1.309107	89.2864	89.4638	68536.02	3738.69	1774	16297	4555	59987	82613	6626	143	47	21504	4282	85939	111772	0	139	-20.131	4.967	-0.1774	FIXED	9d8d5bb26bf5a534f599c0a7a7786db93803fd59	cargo run -p jxl-encoder --release --features 'parallel butteraugli-loop ssim2-loop' --example cjxl_parity_ledger -- --update --image codec_wiki.png --effort 7 --distance 1.6
codec_wiki.png	screenshot	2560	1664	7	1.8000	85045	109089	1.633700	1.733912	88.0891	89.4009	66591.25	3699.00	1645	15966	4329	56504	78444	6458	143	49	22891	4601	81409	108950	0	139	-22.041	-5.780	-1.3118	FIXED	9d8d5bb26bf5a534f599c0a7a7786db93803fd59	cargo run -p jxl-encoder --release --features 'parallel butteraugli-loop ssim2-loop' --example cjxl_parity_ledger -- --update --image codec_wiki.png --effort 7 --distance 1.8
codec_wiki.png	screenshot	2560	1664	7	2.0000	82062	103821	1.997177	2.023521	87.4691	88.2151	78286.60	3720.37	1742	16330	3947	53367	75386	6533	143	48	21351	4545	77738	103682	0	139	-20.958	-1.302	-0.7461	FIXED	9d8d5bb26bf5a534f599c0a7a7786db93803fd59	cargo run -p jxl-encoder --release --features 'parallel butteraugli-loop ssim2-loop' --example cjxl_parity_ledger -- --update --image codec_wiki.png --effort 7 --distance 2
codec_wiki.png	screenshot	2560	1664	7	2.5000	74216	94839	2.202167	2.131247	86.3464	86.0330	79065.62	4146.14	1599	15392	3826	47124	67941	6132	143	49	21440	4318	68894	94701	0	138	-21.745	3.328	0.3134	FIXED	9d8d5bb26bf5a534f599c0a7a7786db93803fd59	cargo run -p jxl-encoder --release --features 'parallel butteraugli-loop ssim2-loop' --example cjxl_parity_ledger -- --update --image codec_wiki.png --effort 7 --distance 2.5
codec_wiki.png	screenshot	2560	1664	7	3.0000	68978	72232	2.353243	2.067810	83.1763	86.5591	78489.74	5417.07	1596	15551	3721	42043	62911	5924	143	1352	16595	3111	43521	64579	7514	139	-4.505	13.804	-3.3828	FIXED	9d8d5bb26bf5a534f599c0a7a7786db93803fd59	cargo run -p jxl-encoder --release --features 'parallel butteraugli-loop ssim2-loop' --example cjxl_parity_ledger -- --update --image codec_wiki.png --effort 7 --distance 3
codec_wiki.png	screenshot	2560	1664	7	4.0000	89475	62710	3.212543	2.991459	84.9149	84.8597	74104.20	5087.20	1663	15059	4917	62103	83742	5589	144	1350	16270	2699	35433	55752	6819	139	42.681	7.390	0.0552	OPEN	9d8d5bb26bf5a534f599c0a7a7786db93803fd59	cargo run -p jxl-encoder --release --features 'parallel butteraugli-loop ssim2-loop' --example cjxl_parity_ledger -- --update --image codec_wiki.png --effort 7 --distance 4
codec_wiki.png	screenshot	2560	1664	7	5.0000	80810	57232	3.007915	3.894552	84.6394	81.8376	71945.20	3912.02	1474	12835	4154	57096	75559	5107	144	1279	14323	1924	33492	51018	6075	139	41.197	-22.766	2.8018	FIXED	9d8d5bb26bf5a534f599c0a7a7786db93803fd59	cargo run -p jxl-encoder --release --features 'parallel butteraugli-loop ssim2-loop' --example cjxl_parity_ledger -- --update --image codec_wiki.png --effort 7 --distance 5
codec_wiki.png	screenshot	2560	1664	7	6.0000	74340	51875	4.368517	4.229393	83.9476	78.3691	64507.43	4156.71	1519	12402	3547	51782	69250	4946	144	1306	13781	1801	29035	45923	5814	138	43.306	3.289	5.5785	OPEN	9d8d5bb26bf5a534f599c0a7a7786db93803fd59	cargo run -p jxl-encoder --release --features 'parallel butteraugli-loop ssim2-loop' --example cjxl_parity_ledger -- --update --image codec_wiki.png --effort 7 --distance 6
codec_wiki.png	screenshot	2560	1664	8	0.2000	146875	204746	0.206898	0.246839	93.7197	93.8544	92684.66	2569.55	2529	16543	6146	113771	138989	7735	151	45	25310	4082	175167	204604	0	142	-28.265	-16.181	-0.1347	FIXED	9d8d5bb26bf5a534f599c0a7a7786db93803fd59	cargo run -p jxl-encoder --release --features 'parallel butteraugli-loop ssim2-loop' --example cjxl_parity_ledger -- --update --image codec_wiki.png --effort 8 --distance 0.2
codec_wiki.png	screenshot	2560	1664	8	0.4000	114760	160641	0.478936	0.545042	92.7290	93.1856	84046.72	2048.40	2235	14362	5185	85177	106959	7653	148	47	22577	3703	134173	160500	0	141	-28.561	-12.128	-0.4566	FIXED	9d8d5bb26bf5a534f599c0a7a7786db93803fd59	cargo run -p jxl-encoder --release --features 'parallel butteraugli-loop ssim2-loop' --example cjxl_parity_ledger -- --update --image codec_wiki.png --effort 8 --distance 0.4
codec_wiki.png	screenshot	2560	1664	8	0.6000	115542	156220	0.719958	0.683294	92.2090	92.0917	88101.11	20748.45	2176	14173	4627	87042	108018	7375	149	1360	17100	5006	121079	144545	11528	147	-26.039	5.366	0.1173	FIXED	9d8d5bb26bf5a534f599c0a7a7786db93803fd59	cargo run -p jxl-encoder --release --features 'parallel butteraugli-loop ssim2-loop' --example cjxl_parity_ledger -- --update --image codec_wiki.png --effort 8 --distance 0.6
codec_wiki.png	screenshot	2560	1664	8	0.8000	107446	142781	0.839935	0.742952	91.3383	91.9773	92027.61	19655.60	1986	17478	4730	75806	100000	7297	149	1482	17702	4530	108188	131902	10732	147	-24.748	13.054	-0.6389	FIXED	9d8d5bb26bf5a534f599c0a7a7786db93803fd59	cargo run -p jxl-encoder --release --features 'parallel butteraugli-loop ssim2-loop' --example cjxl_parity_ledger -- --update --image codec_wiki.png --effort 8 --distance 0.8
codec_wiki.png	screenshot	2560	1664	8	1.0000	98513	129681	0.986825	1.052056	90.6619	91.3030	94460.97	22085.74	1868	17296	4433	67574	91171	7196	146	1546	17198	4494	96165	119403	10131	147	-24.034	-6.200	-0.6411	FIXED	9d8d5bb26bf5a534f599c0a7a7786db93803fd59	cargo run -p jxl-encoder --release --features 'parallel butteraugli-loop ssim2-loop' --example cjxl_parity_ledger -- --update --image codec_wiki.png --effort 8 --distance 1
codec_wiki.png	screenshot	2560	1664	8	1.2000	90833	123746	1.174267	1.171098	89.6563	90.9510	85724.50	14233.07	1899	15214	4270	62193	83576	7112	145	1566	16849	4754	90744	113913	9686	147	-26.597	0.271	-1.2947	FIXED	9d8d5bb26bf5a534f599c0a7a7786db93803fd59	cargo run -p jxl-encoder --release --features 'parallel butteraugli-loop ssim2-loop' --example cjxl_parity_ledger -- --update --image codec_wiki.png --effort 8 --distance 1.2
codec_wiki.png	screenshot	2560	1664	8	1.4000	85638	114329	1.462105	1.535441	89.4310	90.4225	84663.55	16820.05	1805	15568	4109	57133	78615	6879	144	1576	16511	3878	83026	104991	9191	147	-25.095	-4.776	-0.9915	FIXED	9d8d5bb26bf5a534f599c0a7a7786db93803fd59	cargo run -p jxl-encoder --release --features 'parallel butteraugli-loop ssim2-loop' --example cjxl_parity_ledger -- --update --image codec_wiki.png --effort 8 --distance 1.4
codec_wiki.png	screenshot	2560	1664	8	1.6000	81838	109494	1.382040	1.563526	88.5224	89.7860	54189.27	13599.37	1682	16322	3573	53492	75069	6626	143	1554	16558	3709	78590	100411	8937	146	-25.258	-11.607	-1.2636	FIXED	9d8d5bb26bf5a534f599c0a7a7786db93803fd59	cargo run -p jxl-encoder --release --features 'parallel butteraugli-loop ssim2-loop' --example cjxl_parity_ledger -- --update --image codec_wiki.png --effort 8 --distance 1.6
codec_wiki.png	screenshot	2560	1664	8	1.8000	78068	105279	1.973539	1.685599	88.2409	89.1959	56978.72	11007.29	1730	15856	3615	50266	71467	6458	143	1567	17331	3691	73777	96366	8767	146	-25.847	17.082	-0.9549	FIXED	9d8d5bb26bf5a534f599c0a7a7786db93803fd59	cargo run -p jxl-encoder --release --features 'parallel butteraugli-loop ssim2-loop' --example cjxl_parity_ledger -- --update --image codec_wiki.png --effort 8 --distance 1.8
codec_wiki.png	screenshot	2560	1664	8	2.0000	75082	101167	1.947327	1.730769	87.0078	87.8989	52031.18	10037.75	1782	16175	3593	46856	68406	6533	143	1604	16084	3824	71067	92579	8443	145	-25.784	12.512	-0.8911	FIXED	9d8d5bb26bf5a534f599c0a7a7786db93803fd59	cargo run -p jxl-encoder --release --features 'parallel butteraugli-loop ssim2-loop' --example cjxl_parity_ledger -- --update --image codec_wiki.png --effort 8 --distance 2
codec_wiki.png	screenshot	2560	1664	8	2.5000	67892	92475	2.164222	2.131376	84.8207	85.9439	47732.34	9845.25	1611	15790	3665	40552	61618	6132	142	1630	15958	3741	63006	84335	7995	145	-26.583	1.541	-1.1232	FIXED	9d8d5bb26bf5a534f599c0a7a7786db93803fd59	cargo run -p jxl-encoder --release --features 'parallel butteraugli-loop ssim2-loop' --example cjxl_parity_ledger -- --update --image codec_wiki.png --effort 8 --distance 2.5
codec_wiki.png	screenshot	2560	1664	8	3.0000	62644	84515	3.027030	2.407454	82.9201	86.1372	77466.97	21153.83	1647	15467	3027	36437	56578	5924	142	1659	15713	3669	56181	77222	7148	145	-25.878	25.736	-3.2171	FIXED	9d8d5bb26bf5a534f599c0a7a7786db93803fd59	cargo run -p jxl-encoder --release --features 'parallel butteraugli-loop ssim2-loop' --example cjxl_parity_ledger -- --update --image codec_wiki.png --effort 8 --distance 3
codec_wiki.png	screenshot	2560	1664	8	4.0000	77532	72960	2.257643	3.501518	84.9219	83.2739	92776.52	22220.97	1585	15391	4618	50205	71799	5589	144	1566	15381	2940	46490	66377	6440	143	6.266	-35.524	1.6480	FIXED	9d8d5bb26bf5a534f599c0a7a7786db93803fd59	cargo run -p jxl-encoder --release --features 'parallel butteraugli-loop ssim2-loop' --example cjxl_parity_ledger -- --update --image codec_wiki.png --effort 8 --distance 4
codec_wiki.png	screenshot	2560	1664	8	5.0000	69905	65354	2.847862	4.463528	82.5583	80.3813	98499.90	22973.60	1580	12809	3415	46850	64654	5107	144	1427	13780	2700	41553	59460	5753	141	6.964	-36.197	2.1770	FIXED	9d8d5bb26bf5a534f599c0a7a7786db93803fd59	cargo run -p jxl-encoder --release --features 'parallel butteraugli-loop ssim2-loop' --example cjxl_parity_ledger -- --update --image codec_wiki.png --effort 8 --distance 5
codec_wiki.png	screenshot	2560	1664	8	6.0000	64894	58209	4.615297	5.018351	80.4084	78.5622	78405.73	20907.03	1520	12959	2980	42345	59804	4946	144	1332	13558	2043	35615	52548	5521	140	11.484	-8.032	1.8462	FIXED	9d8d5bb26bf5a534f599c0a7a7786db93803fd59	cargo run -p jxl-encoder --release --features 'parallel butteraugli-loop ssim2-loop' --example cjxl_parity_ledger -- --update --image codec_wiki.png --effort 8 --distance 6
codec_wiki.png	screenshot	2560	1664	9	0.2000	137859	204644	0.206898	0.246839	93.7197	93.8544	105434.90	2617.21	2313	16691	4239	106731	129974	7735	150	45	25208	4082	175167	204502	0	142	-32.635	-16.181	-0.1347	FIXED	9d8d5bb26bf5a534f599c0a7a7786db93803fd59	cargo run -p jxl-encoder --release --features 'parallel butteraugli-loop ssim2-loop' --example cjxl_parity_ledger -- --update --image codec_wiki.png --effort 9 --distance 0.2
codec_wiki.png	screenshot	2560	1664	9	0.4000	109975	160462	0.460312	0.545042	92.7294	93.1856	96892.46	2448.93	2353	14603	3946	81272	102174	7653	148	47	22398	3703	134173	160321	0	141	-31.464	-15.546	-0.4562	FIXED	9d8d5bb26bf5a534f599c0a7a7786db93803fd59	cargo run -p jxl-encoder --release --features 'parallel butteraugli-loop ssim2-loop' --example cjxl_parity_ledger -- --update --image codec_wiki.png --effort 9 --distance 0.4
codec_wiki.png	screenshot	2560	1664	9	0.6000	115570	155228	0.664466	0.589101	92.2171	92.0612	87852.17	30817.57	2143	14212	6798	84893	108046	7375	149	1497	16619	4360	121204	143680	11401	147	-25.548	12.793	0.1559	FIXED	9d8d5bb26bf5a534f599c0a7a7786db93803fd59	cargo run -p jxl-encoder --release --features 'parallel butteraugli-loop ssim2-loop' --example cjxl_parity_ledger -- --update --image codec_wiki.png --effort 9 --distance 0.6
codec_wiki.png	screenshot	2560	1664	9	0.8000	107334	141940	0.839935	0.716467	91.3383	91.8935	71553.99	16385.40	2101	17298	6537	73952	99888	7297	149	1618	17163	4026	108367	131174	10619	147	-24.381	17.233	-0.5552	FIXED	9d8d5bb26bf5a534f599c0a7a7786db93803fd59	cargo run -p jxl-encoder --release --features 'parallel butteraugli-loop ssim2-loop' --example cjxl_parity_ledger -- --update --image codec_wiki.png --effort 9 --distance 0.8
codec_wiki.png	screenshot	2560	1664	9	1.0000	98551	129228	0.986825	1.049835	90.6619	91.3019	96571.09	7587.38	1971	17218	5831	66189	91209	7196	146	1642	16786	4000	96615	119043	10038	147	-23.739	-6.002	-0.6401	FIXED	9d8d5bb26bf5a534f599c0a7a7786db93803fd59	cargo run -p jxl-encoder --release --features 'parallel butteraugli-loop ssim2-loop' --example cjxl_parity_ledger -- --update --image codec_wiki.png --effort 9 --distance 1
codec_wiki.png	screenshot	2560	1664	9	1.2000	91081	123478	1.174267	1.171353	89.6563	90.9370	95622.47	31720.20	1899	15336	5639	60950	83824	7112	145	1718	16422	4367	91208	113715	9616	147	-26.237	0.249	-1.2807	FIXED	9d8d5bb26bf5a534f599c0a7a7786db93803fd59	cargo run -p jxl-encoder --release --features 'parallel butteraugli-loop ssim2-loop' --example cjxl_parity_ledger -- --update --image codec_wiki.png --effort 9 --distance 1.2
codec_wiki.png	screenshot	2560	1664	9	1.4000	85926	114577	1.462105	1.108535	89.4310	90.4004	92243.00	31781.86	2041	15658	5185	56019	78903	6879	144	1680	16576	3816	83270	105342	9088	147	-25.006	31.895	-0.9694	FIXED	9d8d5bb26bf5a534f599c0a7a7786db93803fd59	cargo run -p jxl-encoder --release --features 'parallel butteraugli-loop ssim2-loop' --example cjxl_parity_ledger -- --update --image codec_wiki.png --effort 9 --distance 1.4
codec_wiki.png	screenshot	2560	1664	9	1.6000	82093	109212	1.382040	1.356246	88.5224	89.8247	102398.17	30570.25	2010	16342	4412	52560	75324	6626	143	1758	15931	3592	78993	100274	8792	146	-24.832	1.902	-1.3023	FIXED	9d8d5bb26bf5a534f599c0a7a7786db93803fd59	cargo run -p jxl-encoder --release --features 'parallel butteraugli-loop ssim2-loop' --example cjxl_parity_ledger -- --update --image codec_wiki.png --effort 9 --distance 1.6
codec_wiki.png	screenshot	2560	1664	9	1.8000	78385	105016	1.569786	1.685599	87.3398	89.2306	95912.12	32255.76	1940	16721	4630	48493	71784	6458	143	1700	16713	3371	74458	96242	8628	146	-25.359	-6.871	-1.8907	FIXED	9d8d5bb26bf5a534f599c0a7a7786db93803fd59	cargo run -p jxl-encoder --release --features 'parallel butteraugli-loop ssim2-loop' --example cjxl_parity_ledger -- --update --image codec_wiki.png --effort 9 --distance 1.8
codec_wiki.png	screenshot	2560	1664	9	2.0000	75083	101172	1.864444	1.730191	87.0201	87.9080	99073.20	33727.05	1845	16154	4307	46101	68407	6533	143	1688	15616	3564	71802	92670	8356	146	-25.787	7.759	-0.8878	FIXED	9d8d5bb26bf5a534f599c0a7a7786db93803fd59	cargo run -p jxl-encoder --release --features 'parallel butteraugli-loop ssim2-loop' --example cjxl_parity_ledger -- --update --image codec_wiki.png --effort 9 --distance 2
codec_wiki.png	screenshot	2560	1664	9	2.5000	67927	92670	2.164222	2.131376	84.8207	85.9393	86479.64	30643.43	1910	15641	4079	40023	61653	6132	142	1760	15483	3618	63702	84563	7962	145	-26.700	1.541	-1.1186	FIXED	9d8d5bb26bf5a534f599c0a7a7786db93803fd59	cargo run -p jxl-encoder --release --features 'parallel butteraugli-loop ssim2-loop' --example cjxl_parity_ledger -- --update --image codec_wiki.png --effort 9 --distance 2.5
codec_wiki.png	screenshot	2560	1664	9	3.0000	62959	84975	3.027030	2.407454	82.9201	86.1336	87132.49	30293.52	2058	15302	3489	36044	56893	5924	142	1722	15207	3602	57222	77753	7077	145	-25.909	25.736	-3.2135	FIXED	9d8d5bb26bf5a534f599c0a7a7786db93803fd59	cargo run -p jxl-encoder --release --features 'parallel butteraugli-loop ssim2-loop' --example cjxl_parity_ledger -- --update --image codec_wiki.png --effort 9 --distance 3
imac_g3.png	screenshot	2940	1912	5	0.2000	738238	760094	0.320597	0.322209	90.9217	90.7466	158311.61	2048.19	2719	53699	6844	674764	738026	0	212	47	77844	4988	677007	759886	0	208	-2.875	-0.500	0.1751	FIXED	9d8d5bb26bf5a534f599c0a7a7786db93803fd59	cargo run -p jxl-encoder --release --features 'parallel butteraugli-loop ssim2-loop' --example cjxl_parity_ledger -- --update --image imac_g3.png --effort 5 --distance 0.2
imac_g3.png	screenshot	2940	1912	5	0.4000	617203	634249	0.621650	0.618077	89.8446	89.8347	160872.97	2254.54	2375	49847	7017	557760	616999	0	204	48	68362	5021	560619	634050	0	199	-2.688	0.578	0.0099	FIXED	9d8d5bb26bf5a534f599c0a7a7786db93803fd59	cargo run -p jxl-encoder --release --features 'parallel butteraugli-loop ssim2-loop' --example cjxl_parity_ledger -- --update --image imac_g3.png --effort 5 --distance 0.4
imac_g3.png	screenshot	2940	1912	5	0.6000	641796	656921	0.797671	0.794325	88.4478	88.6029	143196.93	2473.88	2833	47148	6897	584712	641590	0	206	46	65094	6170	585410	656720	0	201	-2.302	0.421	-0.1551	FIXED	9d8d5bb26bf5a534f599c0a7a7786db93803fd59	cargo run -p jxl-encoder --release --features 'parallel butteraugli-loop ssim2-loop' --example cjxl_parity_ledger -- --update --image imac_g3.png --effort 5 --distance 0.6
imac_g3.png	screenshot	2940	1912	5	0.8000	577127	594569	0.926090	0.951626	87.8532	87.6823	144265.33	2687.41	2347	43981	6961	523635	576924	0	203	46	62727	6039	525557	594369	0	200	-2.934	-2.683	0.1709	FIXED	9d8d5bb26bf5a534f599c0a7a7786db93803fd59	cargo run -p jxl-encoder --release --features 'parallel butteraugli-loop ssim2-loop' --example cjxl_parity_ledger -- --update --image imac_g3.png --effort 5 --distance 0.8
imac_g3.png	screenshot	2940	1912	5	1.0000	529842	546085	1.107625	1.309718	86.8230	86.8045	130938.86	2425.38	2327	42218	6616	478479	529640	0	202	46	60026	5821	479994	545887	0	198	-2.974	-15.430	0.0185	FIXED	9d8d5bb26bf5a534f599c0a7a7786db93803fd59	cargo run -p jxl-encoder --release --features 'parallel butteraugli-loop ssim2-loop' --example cjxl_parity_ledger -- --update --image imac_g3.png --effort 5 --distance 1
imac_g3.png	screenshot	2940	1912	5	1.2000	492774	510561	1.382586	1.382388	86.1428	85.8847	127777.86	2620.89	2202	40625	7091	442654	492572	0	202	46	58705	6067	445546	510364	0	197	-3.484	0.014	0.2581	FIXED	9d8d5bb26bf5a534f599c0a7a7786db93803fd59	cargo run -p jxl-encoder --release --features 'parallel butteraugli-loop ssim2-loop' --example cjxl_parity_ledger -- --update --image imac_g3.png --effort 5 --distance 1.2
imac_g3.png	screenshot	2940	1912	5	1.4000	462848	478829	1.465678	1.459886	85.3634	84.6591	115509.81	2148.12	2090	39656	6974	413927	462647	0	201	46	56722	5972	415892	478632	0	197	-3.338	0.397	0.7042	FIXED	9d8d5bb26bf5a534f599c0a7a7786db93803fd59	cargo run -p jxl-encoder --release --features 'parallel butteraugli-loop ssim2-loop' --example cjxl_parity_ledger -- --update --image imac_g3.png --effort 5 --distance 1.4
imac_g3.png	screenshot	2940	1912	5	1.6000	438804	454110	1.736056	1.714173	84.3716	84.3574	76610.47	1133.17	2268	39825	6810	389701	438604	0	200	47	55824	5858	392188	453917	0	193	-3.371	1.277	0.0141	FIXED	9d8d5bb26bf5a534f599c0a7a7786db93803fd59	cargo run -p jxl-encoder --release --features 'parallel butteraugli-loop ssim2-loop' --example cjxl_parity_ledger -- --update --image imac_g3.png --effort 5 --distance 1.6
imac_g3.png	screenshot	2940	1912	5	1.8000	416798	432228	1.749805	1.821985	83.7406	83.7388	69263.20	1666.84	2115	38798	6666	369019	416598	0	200	47	54180	5699	372109	432035	0	193	-3.570	-3.962	0.0018	FIXED	9d8d5bb26bf5a534f599c0a7a7786db93803fd59	cargo run -p jxl-encoder --release --features 'parallel butteraugli-loop ssim2-loop' --example cjxl_parity_ledger -- --update --image imac_g3.png --effort 5 --distance 1.8
imac_g3.png	screenshot	2940	1912	5	2.0000	510793	414971	2.377221	1.941461	86.0064	83.1061	127969.10	2208.76	2105	41185	7200	460102	510592	0	201	46	53564	5718	355450	414778	0	193	23.091	22.445	2.9002	OPEN	9d8d5bb26bf5a534f599c0a7a7786db93803fd59	cargo run -p jxl-encoder --release --features 'parallel butteraugli-loop ssim2-loop' --example cjxl_parity_ledger -- --update --image imac_g3.png --effort 5 --distance 2
imac_g3.png	screenshot	2940	1912	5	2.5000	464454	374983	1.984905	2.382292	83.9454	80.9464	131053.67	2093.61	1931	39327	7201	415794	464253	0	201	47	51013	5303	318427	374790	0	193	23.860	-16.681	2.9990	FIXED	9d8d5bb26bf5a534f599c0a7a7786db93803fd59	cargo run -p jxl-encoder --release --features 'parallel butteraugli-loop ssim2-loop' --example cjxl_parity_ledger -- --update --image imac_g3.png --effort 5 --distance 2.5
imac_g3.png	screenshot	2940	1912	5	3.0000	433054	347182	2.556426	2.588394	83.1501	79.5427	113683.63	2066.16	1722	38219	6895	386018	432854	0	200	47	50259	5044	291637	346987	0	195	24.734	-1.235	3.6074	FIXED	9d8d5bb26bf5a534f599c0a7a7786db93803fd59	cargo run -p jxl-encoder --release --features 'parallel butteraugli-loop ssim2-loop' --example cjxl_parity_ledger -- --update --image imac_g3.png --effort 5 --distance 3
imac_g3.png	screenshot	2940	1912	5	4.0000	382628	302783	2.368769	3.746064	82.1336	76.5433	90710.54	1285.67	1946	36797	6627	337057	382427	0	201	33	47950	4092	250512	302587	0	196	26.370	-36.766	5.5904	FIXED	9d8d5bb26bf5a534f599c0a7a7786db93803fd59	cargo run -p jxl-encoder --release --features 'parallel butteraugli-loop ssim2-loop' --example cjxl_parity_ledger -- --update --image imac_g3.png --effort 5 --distance 4
imac_g3.png	screenshot	2940	1912	5	5.0000	341636	267332	2.676559	4.691537	79.9975	74.1750	123841.17	2334.75	1636	34611	6491	298697	341435	0	201	29	44852	3124	219133	267138	0	194	27.795	-42.949	5.8225	FIXED	9d8d5bb26bf5a534f599c0a7a7786db93803fd59	cargo run -p jxl-encoder --release --features 'parallel butteraugli-loop ssim2-loop' --example cjxl_parity_ledger -- --update --image imac_g3.png --effort 5 --distance 5
imac_g3.png	screenshot	2940	1912	5	6.0000	312519	245780	3.132007	5.485711	77.8284	71.5595	114683.87	2372.76	1472	32955	5719	272173	312319	0	200	30	43094	2615	199847	245586	0	194	27.154	-42.906	6.2689	FIXED	9d8d5bb26bf5a534f599c0a7a7786db93803fd59	cargo run -p jxl-encoder --release --features 'parallel butteraugli-loop ssim2-loop' --example cjxl_parity_ledger -- --update --image imac_g3.png --effort 5 --distance 6
imac_g3.png	screenshot	2940	1912	6	0.2000	738357	760742	0.320591	0.322598	90.8728	90.7747	155236.16	2227.79	2754	54740	6899	673752	738145	0	212	36	78916	4449	677133	760534	0	208	-2.943	-0.622	0.0981	FIXED	9d8d5bb26bf5a534f599c0a7a7786db93803fd59	cargo run -p jxl-encoder --release --features 'parallel butteraugli-loop ssim2-loop' --example cjxl_parity_ledger -- --update --image imac_g3.png --effort 6 --distance 0.2
imac_g3.png	screenshot	2940	1912	6	0.4000	616658	634838	0.621666	0.615897	89.8888	89.7634	140920.05	1661.58	2410	51169	6988	555887	616454	0	204	46	69659	4593	560341	634639	0	199	-2.864	0.937	0.1254	FIXED	9d8d5bb26bf5a534f599c0a7a7786db93803fd59	cargo run -p jxl-encoder --release --features 'parallel butteraugli-loop ssim2-loop' --example cjxl_parity_ledger -- --update --image imac_g3.png --effort 6 --distance 0.4
imac_g3.png	screenshot	2940	1912	6	0.6000	638398	654943	0.794535	0.780626	88.5124	88.6345	74513.09	2230.75	2822	49082	6982	579306	638192	0	206	44	66803	5610	582285	654742	0	201	-2.526	1.782	-0.1221	FIXED	9d8d5bb26bf5a534f599c0a7a7786db93803fd59	cargo run -p jxl-encoder --release --features 'parallel butteraugli-loop ssim2-loop' --example cjxl_parity_ledger -- --update --image imac_g3.png --effort 6 --distance 0.6
imac_g3.png	screenshot	2940	1912	6	0.8000	580496	596566	0.930686	0.919614	87.7321	87.8995	143767.93	4301.25	2381	53267	6988	517657	580293	0	203	46	69993	6087	520240	596366	0	200	-2.694	1.204	-0.1674	FIXED	9d8d5bb26bf5a534f599c0a7a7786db93803fd59	cargo run -p jxl-encoder --release --features 'parallel butteraugli-loop ssim2-loop' --example cjxl_parity_ledger -- --update --image imac_g3.png --effort 6 --distance 0.8
imac_g3.png	screenshot	2940	1912	6	1.0000	533707	546020	1.124181	1.311112	86.7613	86.8346	147726.56	4600.73	2375	52325	6677	472128	533505	0	202	46	67468	5184	473124	545822	0	198	-2.255	-14.257	-0.0733	FIXED	9d8d5bb26bf5a534f599c0a7a7786db93803fd59	cargo run -p jxl-encoder --release --features 'parallel butteraugli-loop ssim2-loop' --example cjxl_parity_ledger -- --update --image imac_g3.png --effort 6 --distance 1
imac_g3.png	screenshot	2940	1912	6	1.2000	495550	510872	1.357670	1.338416	86.0995	86.0011	130348.01	5518.71	2178	50558	7008	435604	495348	0	202	46	66417	6030	438182	510675	0	197	-2.999	1.439	0.0984	FIXED	9d8d5bb26bf5a534f599c0a7a7786db93803fd59	cargo run -p jxl-encoder --release --features 'parallel butteraugli-loop ssim2-loop' --example cjxl_parity_ledger -- --update --image imac_g3.png --effort 6 --distance 1.2
imac_g3.png	screenshot	2940	1912	6	1.4000	473069	480995	1.490754	1.477007	85.1957	85.1423	132166.88	5020.33	2162	57629	6888	406189	472868	0	201	46	65241	6041	409470	480798	0	197	-1.648	0.931	0.0534	FIXED	9d8d5bb26bf5a534f599c0a7a7786db93803fd59	cargo run -p jxl-encoder --release --features 'parallel butteraugli-loop ssim2-loop' --example cjxl_parity_ledger -- --update --image imac_g3.png --effort 6 --distance 1.4
imac_g3.png	screenshot	2940	1912	6	1.6000	443026	456860	1.652745	1.784424	84.3026	84.4743	139010.80	5675.85	2250	52316	6675	381585	442826	0	200	46	66549	5663	384409	456667	0	193	-3.028	-7.379	-0.1717	FIXED	9d8d5bb26bf5a534f599c0a7a7786db93803fd59	cargo run -p jxl-encoder --release --features 'parallel butteraugli-loop ssim2-loop' --example cjxl_parity_ledger -- --update --image imac_g3.png --effort 6 --distance 1.6
imac_g3.png	screenshot	2940	1912	6	1.8000	420366	434087	1.718130	1.736086	83.5587	83.9998	126524.65	5293.24	2132	50620	6610	360804	420166	0	200	46	64921	5563	363364	433894	0	193	-3.161	-1.034	-0.4411	FIXED	9d8d5bb26bf5a534f599c0a7a7786db93803fd59	cargo run -p jxl-encoder --release --features 'parallel butteraugli-loop ssim2-loop' --example cjxl_parity_ledger -- --update --image imac_g3.png --effort 6 --distance 1.8
imac_g3.png	screenshot	2940	1912	6	2.0000	513394	416493	2.377221	1.892635	85.8367	83.3567	123616.43	5597.69	2077	52938	7095	451083	513193	0	201	46	64346	5667	346241	416300	0	193	23.266	25.604	2.4800	OPEN	9d8d5bb26bf5a534f599c0a7a7786db93803fd59	cargo run -p jxl-encoder --release --features 'parallel butteraugli-loop ssim2-loop' --example cjxl_parity_ledger -- --update --image imac_g3.png --effort 6 --distance 2
imac_g3.png	screenshot	2940	1912	6	2.5000	467369	377314	1.984506	2.283930	83.9448	81.3010	124077.33	3578.63	1849	50167	7079	408074	467169	0	200	46	62415	5098	309563	377122	0	192	23.867	-13.110	2.6438	FIXED	9d8d5bb26bf5a534f599c0a7a7786db93803fd59	cargo run -p jxl-encoder --release --features 'parallel butteraugli-loop ssim2-loop' --example cjxl_parity_ledger -- --update --image imac_g3.png --effort 6 --distance 2.5
imac_g3.png	screenshot	2940	1912	6	3.0000	437993	350913	2.556001	2.782561	83.1359	79.6556	78728.83	2371.63	1758	50246	6771	379018	437793	0	200	46	61558	5048	284066	350718	0	195	24.815	-8.142	3.4803	FIXED	9d8d5bb26bf5a534f599c0a7a7786db93803fd59	cargo run -p jxl-encoder --release --features 'parallel butteraugli-loop ssim2-loop' --example cjxl_parity_ledger -- --update --image imac_g3.png --effort 6 --distance 3
imac_g3.png	screenshot	2940	1912	6	4.0000	392253	310684	2.340918	3.277602	82.2097	77.1550	137601.44	5784.10	1769	51299	6534	332450	392052	0	201	44	60832	3913	245699	310488	0	196	26.255	-28.578	5.0546	FIXED	9d8d5bb26bf5a534f599c0a7a7786db93803fd59	cargo run -p jxl-encoder --release --features 'parallel butteraugli-loop ssim2-loop' --example cjxl_parity_ledger -- --update --image imac_g3.png --effort 6 --distance 4
imac_g3.png	screenshot	2940	1912	6	5.0000	347502	271714	2.769230	4.607666	79.5818	74.6160	112361.83	3978.12	1638	40475	6491	298697	347301	0	201	36	50357	3158	217969	271520	0	194	27.893	-39.900	4.9658	FIXED	9d8d5bb26bf5a534f599c0a7a7786db93803fd59	cargo run -p jxl-encoder --release --features 'parallel butteraugli-loop ssim2-loop' --example cjxl_parity_ledger -- --update --image imac_g3.png --effort 6 --distance 5
imac_g3.png	screenshot	2940	1912	6	6.0000	318050	249150	3.443273	5.380154	77.4939	71.9635	119865.37	4118.03	1473	38485	5719	272173	317850	0	200	29	48428	2575	197924	248956	0	194	27.654	-36.000	5.5305	FIXED	9d8d5bb26bf5a534f599c0a7a7786db93803fd59	cargo run -p jxl-encoder --release --features 'parallel butteraugli-loop ssim2-loop' --example cjxl_parity_ledger -- --update --image imac_g3.png --effort 6 --distance 6
imac_g3.png	screenshot	2940	1912	7	0.2000	321655	753390	0.320591	0.322598	91.0532	90.7881	154245.09	2309.51	9002	34117	6966	244148	294233	27212	210	36	78795	4360	669993	753184	0	206	-57.306	-0.622	0.2651	FIXED	9d8d5bb26bf5a534f599c0a7a7786db93803fd59	cargo run -p jxl-encoder --release --features 'parallel butteraugli-loop ssim2-loop' --example cjxl_parity_ledger -- --update --image imac_g3.png --effort 7 --distance 0.2
imac_g3.png	screenshot	2940	1912	7	0.4000	259622	630206	0.617577	0.615606	90.5185	90.2835	80022.42	1637.58	8352	30055	6708	187222	232337	27079	206	46	69552	4565	555844	630007	0	199	-58.804	0.320	0.2350	FIXED	9d8d5bb26bf5a534f599c0a7a7786db93803fd59	cargo run -p jxl-encoder --release --features 'parallel butteraugli-loop ssim2-loop' --example cjxl_parity_ledger -- --update --image imac_g3.png --effort 7 --distance 0.4
imac_g3.png	screenshot	2940	1912	7	0.6000	255477	651788	0.794535	0.780626	89.3997	89.4064	127298.56	2635.89	8088	28342	6557	185374	228361	26909	207	44	66761	5712	579070	651587	0	201	-60.804	1.782	-0.0068	FIXED	9d8d5bb26bf5a534f599c0a7a7786db93803fd59	cargo run -p jxl-encoder --release --features 'parallel butteraugli-loop ssim2-loop' --example cjxl_parity_ledger -- --update --image imac_g3.png --effort 7 --distance 0.6
imac_g3.png	screenshot	2940	1912	7	0.8000	237881	594421	0.930686	0.919614	89.1076	88.9636	143597.91	5973.12	8024	34488	6730	161974	211216	26459	206	46	69981	6142	518053	594222	0	199	-59.981	1.204	0.1439	FIXED	9d8d5bb26bf5a534f599c0a7a7786db93803fd59	cargo run -p jxl-encoder --release --features 'parallel butteraugli-loop ssim2-loop' --example cjxl_parity_ledger -- --update --image imac_g3.png --effort 7 --distance 0.8
imac_g3.png	screenshot	2940	1912	7	1.0000	218536	544818	1.124181	1.311114	88.3124	88.3582	125230.60	4764.95	7884	32631	6450	145261	192226	26106	204	46	67434	6246	470894	544620	0	198	-59.888	-14.258	-0.0458	FIXED	9d8d5bb26bf5a534f599c0a7a7786db93803fd59	cargo run -p jxl-encoder --release --features 'parallel butteraugli-loop ssim2-loop' --example cjxl_parity_ledger -- --update --image imac_g3.png --effort 7 --distance 1
imac_g3.png	screenshot	2940	1912	7	1.2000	203859	509012	1.357670	1.338416	87.8009	87.5946	136103.47	4746.66	7777	31186	5727	133035	177725	25932	202	46	66411	6280	436078	508815	0	197	-59.950	1.439	0.2063	FIXED	9d8d5bb26bf5a534f599c0a7a7786db93803fd59	cargo run -p jxl-encoder --release --features 'parallel butteraugli-loop ssim2-loop' --example cjxl_parity_ledger -- --update --image imac_g3.png --effort 7 --distance 1.2
imac_g3.png	screenshot	2940	1912	7	1.4000	199460	479354	1.490754	1.477007	87.1725	86.7161	142413.86	5120.05	7641	38661	5494	122432	174228	25031	201	46	65250	5856	408005	479157	0	197	-58.390	0.931	0.4563	FIXED	9d8d5bb26bf5a534f599c0a7a7786db93803fd59	cargo run -p jxl-encoder --release --features 'parallel butteraugli-loop ssim2-loop' --example cjxl_parity_ledger -- --update --image imac_g3.png --effort 7 --distance 1.4
imac_g3.png	screenshot	2940	1912	7	1.6000	184673	455746	1.652745	1.784424	86.0784	86.2527	131749.25	4931.39	7591	33559	5405	113736	160291	24185	197	46	66453	6112	382942	455553	0	193	-59.479	-7.379	-0.1743	FIXED	9d8d5bb26bf5a534f599c0a7a7786db93803fd59	cargo run -p jxl-encoder --release --features 'parallel butteraugli-loop ssim2-loop' --example cjxl_parity_ledger -- --update --image imac_g3.png --effort 7 --distance 1.6
imac_g3.png	screenshot	2940	1912	7	1.8000	174643	432784	1.718130	1.737136	85.2895	85.7811	116425.55	5364.60	7613	32125	5212	105585	150535	23912	196	46	64856	6005	361684	432591	0	193	-59.647	-1.094	-0.4916	FIXED	9d8d5bb26bf5a534f599c0a7a7786db93803fd59	cargo run -p jxl-encoder --release --features 'parallel butteraugli-loop ssim2-loop' --example cjxl_parity_ledger -- --update --image imac_g3.png --effort 7 --distance 1.8
imac_g3.png	screenshot	2940	1912	7	2.0000	241056	415112	2.377221	1.892595	87.9857	85.2242	106599.08	5792.16	7660	34788	7452	167189	217089	23762	205	46	64219	5795	344859	414919	0	193	-41.930	25.606	2.7615	FIXED	9d8d5bb26bf5a534f599c0a7a7786db93803fd59	cargo run -p jxl-encoder --release --features 'parallel butteraugli-loop ssim2-loop' --example cjxl_parity_ledger -- --update --image imac_g3.png --effort 7 --distance 2
imac_g3.png	screenshot	2940	1912	7	2.5000	219586	376320	1.984128	2.283930	86.0901	83.1915	108146.04	4684.92	7347	32059	7120	149966	196492	22890	204	46	62275	5229	308578	376128	0	192	-41.649	-13.127	2.8986	FIXED	9d8d5bb26bf5a534f599c0a7a7786db93803fd59	cargo run -p jxl-encoder --release --features 'parallel butteraugli-loop ssim2-loop' --example cjxl_parity_ledger -- --update --image imac_g3.png --effort 7 --distance 2.5
imac_g3.png	screenshot	2940	1912	7	3.0000	206954	161648	2.555951	2.727096	85.6321	83.4072	110760.23	7329.69	7583	30983	7195	138836	184597	22156	201	7118	37841	3386	80901	129246	32214	188	28.028	-6.276	2.2249	FIXED	9d8d5bb26bf5a534f599c0a7a7786db93803fd59	cargo run -p jxl-encoder --release --features 'parallel butteraugli-loop ssim2-loop' --example cjxl_parity_ledger -- --update --image imac_g3.png --effort 7 --distance 3
imac_g3.png	screenshot	2940	1912	7	4.0000	187067	146832	2.255854	3.236752	85.8821	81.2636	118520.22	7389.66	7381	32271	6577	119538	165767	21099	201	7048	38462	2749	68604	116863	29782	187	27.402	-30.305	4.6185	FIXED	9d8d5bb26bf5a534f599c0a7a7786db93803fd59	cargo run -p jxl-encoder --release --features 'parallel butteraugli-loop ssim2-loop' --example cjxl_parity_ledger -- --update --image imac_g3.png --effort 7 --distance 4
imac_g3.png	screenshot	2940	1912	7	5.0000	164958	129968	2.156185	4.607666	84.3161	78.7365	101561.42	6556.34	7111	25633	5218	106072	144034	20727	197	7039	32907	2328	59746	102020	27762	186	26.922	-53.204	5.5796	FIXED	9d8d5bb26bf5a534f599c0a7a7786db93803fd59	cargo run -p jxl-encoder --release --features 'parallel butteraugli-loop ssim2-loop' --example cjxl_parity_ledger -- --update --image imac_g3.png --effort 7 --distance 5
imac_g3.png	screenshot	2940	1912	7	6.0000	151938	119645	2.421126	5.218880	82.5248	75.8007	86341.50	6777.90	7052	24513	4405	96372	132342	19402	194	7021	31121	2161	52899	93202	26260	183	26.991	-53.608	6.7241	FIXED	9d8d5bb26bf5a534f599c0a7a7786db93803fd59	cargo run -p jxl-encoder --release --features 'parallel butteraugli-loop ssim2-loop' --example cjxl_parity_ledger -- --update --image imac_g3.png --effort 7 --distance 6
imac_g3.png	screenshot	2940	1912	8	0.2000	308349	752282	0.261887	0.322598	90.8636	90.7881	193544.54	3682.59	8634	37589	7245	227462	280930	27212	207	36	77768	4385	669887	752076	0	206	-59.012	-18.819	0.0755	FIXED	9d8d5bb26bf5a534f599c0a7a7786db93803fd59	cargo run -p jxl-encoder --release --features 'parallel butteraugli-loop ssim2-loop' --example cjxl_parity_ledger -- --update --image imac_g3.png --effort 8 --distance 0.2
imac_g3.png	screenshot	2940	1912	8	0.4000	245530	629238	0.530316	0.615606	90.1897	90.2835	170202.00	3579.53	8225	31069	6856	172098	218248	27079	203	46	68618	4523	555852	629039	0	199	-60.980	-13.855	-0.0938	FIXED	9d8d5bb26bf5a534f599c0a7a7786db93803fd59	cargo run -p jxl-encoder --release --features 'parallel butteraugli-loop ssim2-loop' --example cjxl_parity_ledger -- --update --image imac_g3.png --effort 8 --distance 0.4
imac_g3.png	screenshot	2940	1912	8	0.6000	244631	435076	0.772761	0.766311	88.8446	89.9621	161186.81	27044.54	8097	31522	6412	171486	217517	26909	205	7466	41778	6202	332745	388191	46676	209	-43.773	0.842	-1.1175	FIXED	9d8d5bb26bf5a534f599c0a7a7786db93803fd59	cargo run -p jxl-encoder --release --features 'parallel butteraugli-loop ssim2-loop' --example cjxl_parity_ledger -- --update --image imac_g3.png --effort 8 --distance 0.6
imac_g3.png	screenshot	2940	1912	8	0.8000	222937	391757	1.146029	0.986579	88.7856	89.5009	176503.92	33126.60	7946	35730	5706	146893	196275	26459	203	7572	41986	6058	293430	349046	42502	209	-43.093	16.162	-0.7153	FIXED	9d8d5bb26bf5a534f599c0a7a7786db93803fd59	cargo run -p jxl-encoder --release --features 'parallel butteraugli-loop ssim2-loop' --example cjxl_parity_ledger -- --update --image imac_g3.png --effort 8 --distance 0.8
imac_g3.png	screenshot	2940	1912	8	1.0000	204274	345073	1.129552	1.129810	88.0255	89.0486	118746.77	16295.61	7845	34669	5067	130386	177967	26106	201	7507	38504	5375	252715	304101	40764	208	-40.803	-0.023	-1.0230	FIXED	9d8d5bb26bf5a534f599c0a7a7786db93803fd59	cargo run -p jxl-encoder --release --features 'parallel butteraugli-loop ssim2-loop' --example cjxl_parity_ledger -- --update --image imac_g3.png --effort 8 --distance 1
imac_g3.png	screenshot	2940	1912	8	1.2000	192809	322243	1.292524	1.325690	86.9540	88.4187	113189.19	16433.13	7989	35449	4544	118696	166678	25932	199	7556	37342	5875	232278	283051	38984	208	-40.167	-2.502	-1.4647	FIXED	9d8d5bb26bf5a534f599c0a7a7786db93803fd59	cargo run -p jxl-encoder --release --features 'parallel butteraugli-loop ssim2-loop' --example cjxl_parity_ledger -- --update --image imac_g3.png --effort 8 --distance 1.2
imac_g3.png	screenshot	2940	1912	8	1.4000	180972	313046	1.529317	1.662974	85.9668	87.5549	140886.20	28557.25	7736	34954	4217	108837	155744	25031	197	7511	37557	5208	225360	275636	37203	207	-42.190	-8.037	-1.5881	FIXED	9d8d5bb26bf5a534f599c0a7a7786db93803fd59	cargo run -p jxl-encoder --release --features 'parallel butteraugli-loop ssim2-loop' --example cjxl_parity_ledger -- --update --image imac_g3.png --effort 8 --distance 1.4
imac_g3.png	screenshot	2940	1912	8	1.6000	169810	306596	2.332867	1.658325	85.4361	87.2419	135099.56	30295.64	7750	33044	4463	100173	145430	24185	195	7527	37625	5119	220317	270588	35802	206	-44.614	40.676	-1.8059	FIXED	9d8d5bb26bf5a534f599c0a7a7786db93803fd59	cargo run -p jxl-encoder --release --features 'parallel butteraugli-loop ssim2-loop' --example cjxl_parity_ledger -- --update --image imac_g3.png --effort 8 --distance 1.6
imac_g3.png	screenshot	2940	1912	8	1.8000	163345	293813	1.836139	1.974720	84.5918	86.8105	143045.05	28617.65	7654	34942	4083	92560	139239	23912	194	7511	37501	5239	208211	258462	35145	206	-44.405	-7.018	-2.2187	FIXED	9d8d5bb26bf5a534f599c0a7a7786db93803fd59	cargo run -p jxl-encoder --release --features 'parallel butteraugli-loop ssim2-loop' --example cjxl_parity_ledger -- --update --image imac_g3.png --effort 8 --distance 1.8
imac_g3.png	screenshot	2940	1912	8	2.0000	212140	290090	1.337534	2.041082	87.0229	86.1258	133373.96	30634.02	7510	33578	6692	140397	188177	23762	201	7547	38088	5218	204559	255412	34472	206	-26.871	-34.469	0.8971	FIXED	9d8d5bb26bf5a534f599c0a7a7786db93803fd59	cargo run -p jxl-encoder --release --features 'parallel butteraugli-loop ssim2-loop' --example cjxl_parity_ledger -- --update --image imac_g3.png --effort 8 --distance 2
imac_g3.png	screenshot	2940	1912	8	2.5000	193268	249959	1.990260	2.545897	85.3153	84.7560	116413.50	31657.72	7453	34935	4793	122998	170179	22890	199	7584	38635	4751	167101	218071	31683	205	-22.680	-21.825	0.5593	FIXED	9d8d5bb26bf5a534f599c0a7a7786db93803fd59	cargo run -p jxl-encoder --release --features 'parallel butteraugli-loop ssim2-loop' --example cjxl_parity_ledger -- --update --image imac_g3.png --effort 8 --distance 2.5
imac_g3.png	screenshot	2940	1912	8	3.0000	179570	244931	2.186930	2.730728	86.2700	83.3048	123395.16	29887.20	7507	30807	5461	113442	157217	22156	197	7625	37830	5160	164278	214893	29834	204	-26.685	-19.914	2.9652	FIXED	9d8d5bb26bf5a534f599c0a7a7786db93803fd59	cargo run -p jxl-encoder --release --features 'parallel butteraugli-loop ssim2-loop' --example cjxl_parity_ledger -- --update --image imac_g3.png --effort 8 --distance 3
imac_g3.png	screenshot	2940	1912	9	0.2000	310366	751663	0.219865	0.322598	90.8726	90.7881	212368.28	3395.87	8859	37410	10500	226178	282947	27212	207	36	77149	4385	669887	751457	0	206	-58.709	-31.845	0.0845	FIXED	9d8d5bb26bf5a534f599c0a7a7786db93803fd59	cargo run -p jxl-encoder --release --features 'parallel butteraugli-loop ssim2-loop' --example cjxl_parity_ledger -- --update --image imac_g3.png --effort 9 --distance 0.2
imac_g3.png	screenshot	2940	1912	9	0.4000	246915	628338	0.426672	0.615606	90.2207	90.2835	191062.04	3138.64	8103	31029	10156	170345	219633	27079	203	46	67718	4523	555852	628139	0	199	-60.703	-30.691	-0.0628	FIXED	9d8d5bb26bf5a534f599c0a7a7786db93803fd59	cargo run -p jxl-encoder --release --features 'parallel butteraugli-loop ssim2-loop' --example cjxl_parity_ledger -- --update --image imac_g3.png --effort 9 --distance 0.4
imac_g3.png	screenshot	2940	1912	9	0.6000	245163	435009	0.625657	0.646322	88.8193	90.0187	170426.35	39638.01	8046	31643	8775	169585	218049	26909	205	7602	40764	5526	334976	388868	45932	209	-43.642	-3.197	-1.1994	FIXED	9d8d5bb26bf5a534f599c0a7a7786db93803fd59	cargo run -p jxl-encoder --release --features 'parallel butteraugli-loop ssim2-loop' --example cjxl_parity_ledger -- --update --image imac_g3.png --effort 9 --distance 0.6
imac_g3.png	screenshot	2940	1912	9	0.8000	223415	391418	0.882491	0.929664	88.8270	89.5313	189591.56	42881.70	8029	35443	7902	145379	196753	26459	203	7713	40668	4951	295864	349196	42013	209	-42.922	-5.074	-0.7042	FIXED	9d8d5bb26bf5a534f599c0a7a7786db93803fd59	cargo run -p jxl-encoder --release --features 'parallel butteraugli-loop ssim2-loop' --example cjxl_parity_ledger -- --update --image imac_g3.png --effort 9 --distance 0.8
imac_g3.png	screenshot	2940	1912	9	1.0000	204275	343594	1.016241	1.069964	88.0234	89.0475	161168.30	44239.69	7861	34495	6964	128648	177968	26106	201	7811	36676	4622	254007	303116	40270	208	-40.548	-5.021	-1.0240	FIXED	9d8d5bb26bf5a534f599c0a7a7786db93803fd59	cargo run -p jxl-encoder --release --features 'parallel butteraugli-loop ssim2-loop' --example cjxl_parity_ledger -- --update --image imac_g3.png --effort 9 --distance 1
imac_g3.png	screenshot	2940	1912	9	1.2000	192555	321825	1.291129	1.367841	86.9252	88.4900	148754.10	43510.88	8024	35052	6229	117119	166424	25932	199	7726	36228	4621	234359	282934	38683	208	-40.168	-5.608	-1.5648	FIXED	9d8d5bb26bf5a534f599c0a7a7786db93803fd59	cargo run -p jxl-encoder --release --features 'parallel butteraugli-loop ssim2-loop' --example cjxl_parity_ledger -- --update --image imac_g3.png --effort 9 --distance 1.2
imac_g3.png	screenshot	2940	1912	9	1.4000	181153	312570	1.504663	1.433702	85.9710	87.6308	141338.07	42282.51	8001	34587	5835	107502	155925	25031	197	7698	36176	4109	227713	275696	36666	208	-42.044	4.950	-1.6598	FIXED	9d8d5bb26bf5a534f599c0a7a7786db93803fd59	cargo run -p jxl-encoder --release --features 'parallel butteraugli-loop ssim2-loop' --example cjxl_parity_ledger -- --update --image imac_g3.png --effort 9 --distance 1.4
imac_g3.png	screenshot	2940	1912	9	1.6000	170514	306453	2.332867	1.621057	85.3854	87.1880	133042.78	42010.15	8000	33314	5936	98884	146134	24185	195	7753	36079	4120	223023	270975	35272	206	-44.359	43.910	-1.8026	FIXED	9d8d5bb26bf5a534f599c0a7a7786db93803fd59	cargo run -p jxl-encoder --release --features 'parallel butteraugli-loop ssim2-loop' --example cjxl_parity_ledger -- --update --image imac_g3.png --effort 9 --distance 1.6
imac_g3.png	screenshot	2940	1912	9	1.8000	163351	293378	1.836139	1.974720	84.5918	86.8015	125023.69	24086.47	7788	34620	5313	91524	139245	23912	194	7704	36054	4565	210565	258888	34284	206	-44.321	-7.018	-2.2097	FIXED	9d8d5bb26bf5a534f599c0a7a7786db93803fd59	cargo run -p jxl-encoder --release --features 'parallel butteraugli-loop ssim2-loop' --example cjxl_parity_ledger -- --update --image imac_g3.png --effort 9 --distance 1.8
imac_g3.png	screenshot	2940	1912	9	2.0000	213266	289511	1.337534	2.041082	87.0229	86.1555	148345.82	10785.34	7800	32984	9638	138881	189303	23762	201	7838	36258	4405	207098	255599	33706	206	-26.336	-34.469	0.8673	FIXED	9d8d5bb26bf5a534f599c0a7a7786db93803fd59	cargo run -p jxl-encoder --release --features 'parallel butteraugli-loop ssim2-loop' --example cjxl_parity_ledger -- --update --image imac_g3.png --effort 9 --distance 2
imac_g3.png	screenshot	2940	1912	9	2.5000	193619	251164	1.990260	2.516354	85.3153	84.7550	124545.87	24790.33	7876	34336	6453	121865	170530	22890	199	7787	36873	3974	170925	219559	31400	205	-22.911	-20.907	0.5603	FIXED	9d8d5bb26bf5a534f599c0a7a7786db93803fd59	cargo run -p jxl-encoder --release --features 'parallel butteraugli-loop ssim2-loop' --example cjxl_parity_ledger -- --update --image imac_g3.png --effort 9 --distance 2.5
terminal.png	screenshot	1646	1062	5	0.2000	195477	202111	0.202565	0.201700	95.8757	95.9156	22769.63	1073.45	1814	14450	6771	172356	195391	0	86	36	23851	2444	175698	202029	0	82	-3.282	0.429	-0.0399	FIXED	9d8d5bb26bf5a534f599c0a7a7786db93803fd59	cargo run -p jxl-encoder --release --features 'parallel butteraugli-loop ssim2-loop' --example cjxl_parity_ledger -- --update --image terminal.png --effort 5 --distance 0.2
terminal.png	screenshot	1646	1062	5	0.4000	154488	158780	0.358399	0.364249	95.0692	95.2400	27341.61	876.11	1577	13162	6482	133183	154404	0	84	47	21278	2297	135078	158700	0	80	-2.703	-1.606	-0.1708	FIXED	9d8d5bb26bf5a534f599c0a7a7786db93803fd59	cargo run -p jxl-encoder --release --features 'parallel butteraugli-loop ssim2-loop' --example cjxl_parity_ledger -- --update --image terminal.png --effort 5 --distance 0.4
terminal.png	screenshot	1646	1062	5	0.6000	158824	163195	0.587563	0.591398	93.0899	94.0274	26652.99	876.72	1697	12687	6509	137847	158740	0	84	46	19980	2346	140743	163115	0	80	-2.678	-0.648	-0.9375	FIXED	9d8d5bb26bf5a534f599c0a7a7786db93803fd59	cargo run -p jxl-encoder --release --features 'parallel butteraugli-loop ssim2-loop' --example cjxl_parity_ledger -- --update --image terminal.png --effort 5 --distance 0.6
terminal.png	screenshot	1646	1062	5	0.8000	142295	146061	0.676827	0.687916	92.4522	93.2728	23395.81	698.42	1540	12888	6299	121484	142211	0	84	36	19276	2600	124069	145981	0	80	-2.578	-1.612	-0.8206	FIXED	9d8d5bb26bf5a534f599c0a7a7786db93803fd59	cargo run -p jxl-encoder --release --features 'parallel butteraugli-loop ssim2-loop' --example cjxl_parity_ledger -- --update --image terminal.png --effort 5 --distance 0.8
terminal.png	screenshot	1646	1062	5	1.0000	129915	133671	0.741802	0.755738	91.7085	92.2658	24412.07	708.88	1414	12263	6298	109856	129831	0	84	36	18436	2501	112618	133591	0	80	-2.810	-1.844	-0.5573	FIXED	9d8d5bb26bf5a534f599c0a7a7786db93803fd59	cargo run -p jxl-encoder --release --features 'parallel butteraugli-loop ssim2-loop' --example cjxl_parity_ledger -- --update --image terminal.png --effort 5 --distance 1
terminal.png	screenshot	1646	1062	5	1.2000	119357	123993	0.812294	0.961863	91.4124	91.5616	26215.71	836.46	1313	11533	6215	100212	119273	0	84	36	18108	2354	103415	123913	0	80	-3.739	-15.550	-0.1492	FIXED	9d8d5bb26bf5a534f599c0a7a7786db93803fd59	cargo run -p jxl-encoder --release --features 'parallel butteraugli-loop ssim2-loop' --example cjxl_parity_ledger -- --update --image terminal.png --effort 5 --distance 1.2
terminal.png	screenshot	1646	1062	5	1.4000	111197	114964	1.163088	1.175742	89.2601	90.4471	27694.50	722.64	1315	11563	5990	92245	111113	0	84	36	17374	2308	95167	114885	0	79	-3.277	-1.076	-1.1869	FIXED	9d8d5bb26bf5a534f599c0a7a7786db93803fd59	cargo run -p jxl-encoder --release --features 'parallel butteraugli-loop ssim2-loop' --example cjxl_parity_ledger -- --update --image terminal.png --effort 5 --distance 1.4
terminal.png	screenshot	1646	1062	5	1.6000	104206	109313	1.132853	1.248726	88.0257	89.6978	24291.97	766.64	1415	10757	5839	86112	104123	0	83	36	17188	2068	89946	109238	0	75	-4.672	-9.279	-1.6721	FIXED	9d8d5bb26bf5a534f599c0a7a7786db93803fd59	cargo run -p jxl-encoder --release --features 'parallel butteraugli-loop ssim2-loop' --example cjxl_parity_ledger -- --update --image terminal.png --effort 5 --distance 1.6
terminal.png	screenshot	1646	1062	5	1.8000	99440	102935	1.317889	1.318773	86.7841	88.4840	22115.93	811.35	1257	10770	5395	81935	99357	0	83	36	16643	1932	84249	102860	0	75	-3.395	-0.067	-1.7000	FIXED	9d8d5bb26bf5a534f599c0a7a7786db93803fd59	cargo run -p jxl-encoder --release --features 'parallel butteraugli-loop ssim2-loop' --example cjxl_parity_ledger -- --update --image terminal.png --effort 5 --distance 1.8
terminal.png	screenshot	1646	1062	5	2.0000	124791	99694	0.827350	1.417875	90.3810	88.3996	28755.27	676.77	1287	11643	5548	106230	124708	0	83	34	16582	1847	81156	99619	0	75	25.174	-41.649	1.9814	FIXED	9d8d5bb26bf5a534f599c0a7a7786db93803fd59	cargo run -p jxl-encoder --release --features 'parallel butteraugli-loop ssim2-loop' --example cjxl_parity_ledger -- --update --image terminal.png --effort 5 --distance 2
terminal.png	screenshot	1646	1062	5	2.5000	113335	88741	1.078545	1.639219	89.7836	86.8631	26879.24	729.72	1159	11061	5525	95507	113252	0	83	31	15857	1919	70859	88666	0	75	27.714	-34.204	2.9205	FIXED	9d8d5bb26bf5a534f599c0a7a7786db93803fd59	cargo run -p jxl-encoder --release --features 'parallel butteraugli-loop ssim2-loop' --example cjxl_parity_ledger -- --update --image terminal.png --effort 5 --distance 2.5
terminal.png	screenshot	1646	1062	5	3.0000	105773	82452	1.348241	1.953553	87.4600	84.7672	23480.10	689.41	1176	10674	4756	89084	105690	0	83	28	15687	1817	64842	82374	0	78	28.284	-30.985	2.6929	FIXED	9d8d5bb26bf5a534f599c0a7a7786db93803fd59	cargo run -p jxl-encoder --release --features 'parallel butteraugli-loop ssim2-loop' --example cjxl_parity_ledger -- --update --image terminal.png --effort 5 --distance 3
terminal.png	screenshot	1646	1062	5	4.0000	93515	70434	1.678909	2.649893	81.8869	83.8187	21087.73	764.92	1032	10239	4704	77456	93431	0	84	18	14232	1091	55015	70356	0	78	32.770	-36.642	-1.9318	OPEN	9d8d5bb26bf5a534f599c0a7a7786db93803fd59	cargo run -p jxl-encoder --release --features 'parallel butteraugli-loop ssim2-loop' --example cjxl_parity_ledger -- --update --image terminal.png --effort 5 --distance 4
terminal.png	screenshot	1646	1062	5	5.0000	83854	61515	2.151082	3.935848	83.4362	79.4202	24883.72	682.90	1028	9753	3803	69186	83770	0	84	14	13650	985	46789	61438	0	77	36.315	-45.346	4.0160	FIXED	9d8d5bb26bf5a534f599c0a7a7786db93803fd59	cargo run -p jxl-encoder --release --features 'parallel butteraugli-loop ssim2-loop' --example cjxl_parity_ledger -- --update --image terminal.png --effort 5 --distance 5
terminal.png	screenshot	1646	1062	5	6.0000	75284	54192	2.190913	3.587558	82.8091	78.7183	20877.88	711.21	865	9062	3366	61909	75202	0	82	15	12917	1211	39971	54114	0	78	38.921	-38.930	4.0908	FIXED	9d8d5bb26bf5a534f599c0a7a7786db93803fd59	cargo run -p jxl-encoder --release --features 'parallel butteraugli-loop ssim2-loop' --example cjxl_parity_ledger -- --update --image terminal.png --effort 5 --distance 6
terminal.png	screenshot	1646	1062	6	0.2000	194668	201287	0.202606	0.201678	95.8855	95.8909	26847.26	866.92	1838	14725	6694	171325	194582	0	86	36	24174	2237	174758	201205	0	82	-3.288	0.460	-0.0054	FIXED	9d8d5bb26bf5a534f599c0a7a7786db93803fd59	cargo run -p jxl-encoder --release --features 'parallel butteraugli-loop ssim2-loop' --example cjxl_parity_ledger -- --update --image terminal.png --effort 6 --distance 0.2
terminal.png	screenshot	1646	1062	6	0.4000	154407	159203	0.358400	0.365408	95.0525	95.2210	31780.74	845.14	1611	13466	6379	132867	154323	0	84	47	21464	2215	135397	159123	0	80	-3.013	-1.918	-0.1685	FIXED	9d8d5bb26bf5a534f599c0a7a7786db93803fd59	cargo run -p jxl-encoder --release --features 'parallel butteraugli-loop ssim2-loop' --example cjxl_parity_ledger -- --update --image terminal.png --effort 6 --distance 0.4
terminal.png	screenshot	1646	1062	6	0.6000	158305	162426	0.587537	0.591370	94.0406	94.1013	28056.43	801.43	1750	13256	6346	136869	158221	0	84	34	20521	2366	139425	162346	0	80	-2.537	-0.648	-0.0607	FIXED	9d8d5bb26bf5a534f599c0a7a7786db93803fd59	cargo run -p jxl-encoder --release --features 'parallel butteraugli-loop ssim2-loop' --example cjxl_parity_ledger -- --update --image terminal.png --effort 6 --distance 0.6
terminal.png	screenshot	1646	1062	6	0.8000	143538	147209	0.685492	0.665390	92.5110	93.3016	28890.96	1546.52	1548	15489	6056	120361	143454	0	84	34	21278	2237	123580	147129	0	80	-2.494	3.021	-0.7906	FIXED	9d8d5bb26bf5a534f599c0a7a7786db93803fd59	cargo run -p jxl-encoder --release --features 'parallel butteraugli-loop ssim2-loop' --example cjxl_parity_ledger -- --update --image terminal.png --effort 6 --distance 0.8
terminal.png	screenshot	1646	1062	6	1.0000	131004	134039	0.752373	0.761053	91.6779	92.4031	26234.91	1570.09	1393	14817	6007	108703	130920	0	84	46	20415	2273	111225	133959	0	80	-2.264	-1.140	-0.7252	FIXED	9d8d5bb26bf5a534f599c0a7a7786db93803fd59	cargo run -p jxl-encoder --release --features 'parallel butteraugli-loop ssim2-loop' --example cjxl_parity_ledger -- --update --image terminal.png --effort 6 --distance 1
terminal.png	screenshot	1646	1062	6	1.2000	120200	124105	0.922202	0.944573	91.4760	91.7513	24291.75	1788.40	1325	14122	5993	98676	120116	0	84	46	20030	2223	101726	124025	0	80	-3.147	-2.368	-0.2753	FIXED	9d8d5bb26bf5a534f599c0a7a7786db93803fd59	cargo run -p jxl-encoder --release --features 'parallel butteraugli-loop ssim2-loop' --example cjxl_parity_ledger -- --update --image terminal.png --effort 6 --distance 1.2
terminal.png	screenshot	1646	1062	6	1.4000	112642	115081	1.164399	1.127580	89.1950	90.4448	25000.41	1407.05	1350	14516	5898	90794	112558	0	84	46	19780	2388	92787	115001	0	80	-2.119	3.265	-1.2498	FIXED	9d8d5bb26bf5a534f599c0a7a7786db93803fd59	cargo run -p jxl-encoder --release --features 'parallel butteraugli-loop ssim2-loop' --example cjxl_parity_ledger -- --update --image terminal.png --effort 6 --distance 1.4
terminal.png	screenshot	1646	1062	6	1.6000	106185	109243	1.151374	1.219061	87.9780	90.3133	33068.77	1701.99	1388	14491	5740	84483	106102	0	83	35	19539	2109	87484	109167	0	76	-2.799	-5.552	-2.3354	FIXED	9d8d5bb26bf5a534f599c0a7a7786db93803fd59	cargo run -p jxl-encoder --release --features 'parallel butteraugli-loop ssim2-loop' --example cjxl_parity_ledger -- --update --image terminal.png --effort 6 --distance 1.6
terminal.png	screenshot	1646	1062	6	1.8000	101530	103966	1.218819	1.160450	86.6646	88.7877	23178.01	1268.59	1267	14674	5340	80166	101447	0	83	32	19471	1796	82591	103890	0	76	-2.343	5.030	-2.1231	FIXED	9d8d5bb26bf5a534f599c0a7a7786db93803fd59	cargo run -p jxl-encoder --release --features 'parallel butteraugli-loop ssim2-loop' --example cjxl_parity_ledger -- --update --image terminal.png --effort 6 --distance 1.8
terminal.png	screenshot	1646	1062	6	2.0000	126478	100094	0.831555	1.357344	90.2216	88.7312	26499.36	1852.87	1284	14684	5614	104813	126395	0	83	34	19488	1827	78669	100018	0	76	26.359	-38.737	1.4904	FIXED	9d8d5bb26bf5a534f599c0a7a7786db93803fd59	cargo run -p jxl-encoder --release --features 'parallel butteraugli-loop ssim2-loop' --example cjxl_parity_ledger -- --update --image terminal.png --effort 6 --distance 2
terminal.png	screenshot	1646	1062	6	2.5000	115276	89651	1.080689	1.565293	89.6755	87.0532	26533.62	1803.59	1242	14311	5443	94197	115193	0	83	31	18849	1865	68830	89575	0	76	28.583	-30.959	2.6223	FIXED	9d8d5bb26bf5a534f599c0a7a7786db93803fd59	cargo run -p jxl-encoder --release --features 'parallel butteraugli-loop ssim2-loop' --example cjxl_parity_ledger -- --update --image terminal.png --effort 6 --distance 2.5
terminal.png	screenshot	1646	1062	6	3.0000	107839	83388	1.226322	1.870460	87.3601	85.0891	22071.19	1769.21	1192	13929	4808	87827	107756	0	83	27	18741	1716	62825	83309	0	79	29.322	-34.437	2.2710	FIXED	9d8d5bb26bf5a534f599c0a7a7786db93803fd59	cargo run -p jxl-encoder --release --features 'parallel butteraugli-loop ssim2-loop' --example cjxl_parity_ledger -- --update --image terminal.png --effort 6 --distance 3
terminal.png	screenshot	1646	1062	6	4.0000	94810	71634	1.668688	2.844077	81.8696	83.4723	25287.01	1618.84	1073	13632	4723	75298	94726	0	84	18	17702	1350	52485	71555	0	79	32.353	-41.328	-1.6026	OPEN	9d8d5bb26bf5a534f599c0a7a7786db93803fd59	cargo run -p jxl-encoder --release --features 'parallel butteraugli-loop ssim2-loop' --example cjxl_parity_ledger -- --update --image terminal.png --effort 6 --distance 4
terminal.png	screenshot	1646	1062	6	5.0000	85642	62724	2.114485	3.964364	82.4826	79.8971	24680.18	1375.29	1030	11539	3803	69186	85558	0	84	14	15026	1022	46585	62647	0	77	36.538	-46.663	2.5855	FIXED	9d8d5bb26bf5a534f599c0a7a7786db93803fd59	cargo run -p jxl-encoder --release --features 'parallel butteraugli-loop ssim2-loop' --example cjxl_parity_ledger -- --update --image terminal.png --effort 6 --distance 5
terminal.png	screenshot	1646	1062	6	6.0000	76830	55371	2.220081	3.588743	81.7984	78.8076	22486.45	1535.34	867	10606	3366	61909	76748	0	82	15	14409	1180	39690	55294	0	77	38.755	-38.138	2.9908	FIXED	9d8d5bb26bf5a534f599c0a7a7786db93803fd59	cargo run -p jxl-encoder --release --features 'parallel butteraugli-loop ssim2-loop' --example cjxl_parity_ledger -- --update --image terminal.png --effort 6 --distance 6
terminal.png	screenshot	1646	1062	7	0.2000	65064	201844	0.202836	0.200803	95.9873	96.0836	21978.22	870.05	2998	8268	5328	38511	55105	9870	89	36	24120	2461	175145	201762	0	82	-67.765	1.013	-0.0963	FIXED	9d8d5bb26bf5a534f599c0a7a7786db93803fd59	cargo run -p jxl-encoder --release --features 'parallel butteraugli-loop ssim2-loop' --example cjxl_parity_ledger -- --update --image terminal.png --effort 7 --distance 0.2
terminal.png	screenshot	1646	1062	7	0.4000	51334	159459	0.315887	0.365408	95.6586	95.2324	18896.66	1016.31	2653	7319	3757	27661	41390	9857	87	47	21409	2242	135681	159379	0	80	-67.807	-13.552	0.4262	FIXED	9d8d5bb26bf5a534f599c0a7a7786db93803fd59	cargo run -p jxl-encoder --release --features 'parallel butteraugli-loop ssim2-loop' --example cjxl_parity_ledger -- --update --image terminal.png --effort 7 --distance 0.4
terminal.png	screenshot	1646	1062	7	0.6000	59065	162603	0.547614	0.591370	94.1913	94.1313	25974.13	1061.21	2680	7387	4587	34644	49298	9679	88	34	20497	2360	139632	162523	0	80	-63.675	-7.399	0.0599	FIXED	9d8d5bb26bf5a534f599c0a7a7786db93803fd59	cargo run -p jxl-encoder --release --features 'parallel butteraugli-loop ssim2-loop' --example cjxl_parity_ledger -- --update --image terminal.png --effort 7 --distance 0.6
terminal.png	screenshot	1646	1062	7	0.8000	55614	147175	0.641862	0.647703	93.4951	93.3343	21900.40	1785.96	2685	9548	4038	29587	45858	9667	89	46	21299	2336	123414	147095	0	80	-62.212	-0.902	0.1608	FIXED	9d8d5bb26bf5a534f599c0a7a7786db93803fd59	cargo run -p jxl-encoder --release --features 'parallel butteraugli-loop ssim2-loop' --example cjxl_parity_ledger -- --update --image terminal.png --effort 7 --distance 0.8
terminal.png	screenshot	1646	1062	7	1.0000	52046	134040	0.729747	0.758720	92.3529	92.4770	18557.36	1731.06	2557	9973	3708	26457	42695	9263	88	46	20487	2280	111147	133960	0	80	-61.171	-3.819	-0.1241	FIXED	9d8d5bb26bf5a534f599c0a7a7786db93803fd59	cargo run -p jxl-encoder --release --features 'parallel butteraugli-loop ssim2-loop' --example cjxl_parity_ledger -- --update --image terminal.png --effort 7 --distance 1
terminal.png	screenshot	1646	1062	7	1.2000	47527	124083	0.767708	0.838638	93.3069	91.7434	19028.31	1735.16	2447	8205	3595	23956	38203	9236	88	36	20051	2423	101493	124003	0	80	-61.697	-8.458	1.5635	FIXED	9d8d5bb26bf5a534f599c0a7a7786db93803fd59	cargo run -p jxl-encoder --release --features 'parallel butteraugli-loop ssim2-loop' --example cjxl_parity_ledger -- --update --image terminal.png --effort 7 --distance 1.2
terminal.png	screenshot	1646	1062	7	1.4000	45621	114920	0.971726	1.156037	91.5351	90.5666	23467.54	1613.07	2415	9087	3378	21914	36794	8739	88	46	19779	2386	92629	114840	0	80	-60.302	-15.943	0.9685	FIXED	9d8d5bb26bf5a534f599c0a7a7786db93803fd59	cargo run -p jxl-encoder --release --features 'parallel butteraugli-loop ssim2-loop' --example cjxl_parity_ledger -- --update --image terminal.png --effort 7 --distance 1.4
terminal.png	screenshot	1646	1062	7	1.6000	44207	109299	0.902081	1.219061	90.6852	90.4272	14129.58	1597.42	2571	9457	3237	20126	35391	8731	85	35	19548	2035	87605	109223	0	76	-59.554	-26.002	0.2580	FIXED	9d8d5bb26bf5a534f599c0a7a7786db93803fd59	cargo run -p jxl-encoder --release --features 'parallel butteraugli-loop ssim2-loop' --example cjxl_parity_ledger -- --update --image terminal.png --effort 7 --distance 1.6
terminal.png	screenshot	1646	1062	7	1.8000	41684	103854	1.218847	1.172216	88.5448	88.7621	16532.64	1424.11	2324	9311	2729	18833	33197	8402	85	32	19451	1847	82448	103778	0	76	-59.863	3.978	-0.2172	FIXED	9d8d5bb26bf5a534f599c0a7a7786db93803fd59	cargo run -p jxl-encoder --release --features 'parallel butteraugli-loop ssim2-loop' --example cjxl_parity_ledger -- --update --image terminal.png --effort 7 --distance 1.8
terminal.png	screenshot	1646	1062	7	2.0000	57071	100048	0.765605	1.400561	91.3447	88.8941	16342.99	1644.57	2415	10015	4141	32134	48705	8278	88	34	19501	1837	78600	99972	0	76	-42.956	-45.336	2.4506	FIXED	9d8d5bb26bf5a534f599c0a7a7786db93803fd59	cargo run -p jxl-encoder --release --features 'parallel butteraugli-loop ssim2-loop' --example cjxl_parity_ledger -- --update --image terminal.png --effort 7 --distance 2
terminal.png	screenshot	1646	1062	7	2.5000	51650	89652	1.111017	1.623809	90.8212	87.1855	15080.09	1945.96	2274	8317	3507	29242	43340	8222	88	31	18861	1846	68838	89576	0	76	-42.388	-31.580	3.6357	FIXED	9d8d5bb26bf5a534f599c0a7a7786db93803fd59	cargo run -p jxl-encoder --release --features 'parallel butteraugli-loop ssim2-loop' --example cjxl_parity_ledger -- --update --image terminal.png --effort 7 --distance 2.5
terminal.png	screenshot	1646	1062	7	3.0000	47879	37645	1.074836	1.871070	91.1722	88.1171	15048.47	1897.11	2255	8000	3304	26554	40113	7679	87	2040	10717	1434	14246	28437	9129	79	27.186	-42.555	3.0551	FIXED	9d8d5bb26bf5a534f599c0a7a7786db93803fd59	cargo run -p jxl-encoder --release --features 'parallel butteraugli-loop ssim2-loop' --example cjxl_parity_ledger -- --update --image terminal.png --effort 7 --distance 3
terminal.png	screenshot	1646	1062	7	4.0000	43329	33536	1.719306	2.169539	85.6804	87.6210	15349.87	2181.82	2281	8474	2993	22381	36129	7112	88	1943	9843	1003	12216	25005	8452	79	29.201	-20.753	-1.9406	OPEN	9d8d5bb26bf5a534f599c0a7a7786db93803fd59	cargo run -p jxl-encoder --release --features 'parallel butteraugli-loop ssim2-loop' --example cjxl_parity_ledger -- --update --image terminal.png --effort 7 --distance 4
terminal.png	screenshot	1646	1062	7	5.0000	37762	29707	2.302557	2.892457	84.0505	84.3561	15357.63	1833.53	2066	6820	1894	20209	30989	6686	87	1889	8286	741	10887	21803	7825	79	27.115	-20.394	-0.3055	FIXED	9d8d5bb26bf5a534f599c0a7a7786db93803fd59	cargo run -p jxl-encoder --release --features 'parallel butteraugli-loop ssim2-loop' --example cjxl_parity_ledger -- --update --image terminal.png --effort 7 --distance 5
terminal.png	screenshot	1646	1062	7	6.0000	35818	27112	2.106964	3.228096	86.0394	83.8141	14772.38	2295.54	2201	7221	1820	17972	29214	6518	86	1881	7979	779	8976	19615	7418	79	32.111	-34.730	2.2252	FIXED	9d8d5bb26bf5a534f599c0a7a7786db93803fd59	cargo run -p jxl-encoder --release --features 'parallel butteraugli-loop ssim2-loop' --example cjxl_parity_ledger -- --update --image terminal.png --effort 7 --distance 6
terminal.png	screenshot	1646	1062	8	0.2000	59405	201996	0.207239	0.200803	96.0490	96.0836	30078.95	905.55	2907	8737	4634	33168	49446	9870	89	36	24276	2443	175159	201914	0	82	-70.591	3.205	-0.0346	FIXED	9d8d5bb26bf5a534f599c0a7a7786db93803fd59	cargo run -p jxl-encoder --release --features 'parallel butteraugli-loop ssim2-loop' --example cjxl_parity_ledger -- --update --image terminal.png --effort 8 --distance 0.2
terminal.png	screenshot	1646	1062	8	0.4000	48221	159439	0.362877	0.365408	95.2997	95.2324	23881.80	957.53	2755	7627	3391	24504	38277	9857	87	47	21390	2233	135689	159359	0	80	-69.756	-0.693	0.0673	FIXED	9d8d5bb26bf5a534f599c0a7a7786db93803fd59	cargo run -p jxl-encoder --release --features 'parallel butteraugli-loop ssim2-loop' --example cjxl_parity_ledger -- --update --image terminal.png --effort 8 --distance 0.4
terminal.png	screenshot	1646	1062	8	0.6000	54439	67140	0.541198	0.568681	93.7311	94.9895	26535.25	8277.91	2635	7804	4340	29893	44672	9679	88	2225	10369	3179	37014	52787	14268	85	-18.917	-4.833	-1.2585	FIXED	9d8d5bb26bf5a534f599c0a7a7786db93803fd59	cargo run -p jxl-encoder --release --features 'parallel butteraugli-loop ssim2-loop' --example cjxl_parity_ledger -- --update --image terminal.png --effort 8 --distance 0.6
terminal.png	screenshot	1646	1062	8	0.8000	51685	61540	0.646519	0.678961	92.0027	94.6020	27646.94	8492.02	2739	10177	3656	25358	41930	9667	88	2275	11114	3016	32001	48406	13049	85	-16.014	-4.778	-2.5994	FIXED	9d8d5bb26bf5a534f599c0a7a7786db93803fd59	cargo run -p jxl-encoder --release --features 'parallel butteraugli-loop ssim2-loop' --example cjxl_parity_ledger -- --update --image terminal.png --effort 8 --distance 0.8
terminal.png	screenshot	1646	1062	8	1.0000	47405	93240	0.828603	0.752878	92.0968	94.3070	20118.08	9512.16	2532	9501	3537	22484	38054	9263	88	2278	9925	4912	63361	80476	12677	87	-49.158	10.058	-2.2102	FIXED	9d8d5bb26bf5a534f599c0a7a7786db93803fd59	cargo run -p jxl-encoder --release --features 'parallel butteraugli-loop ssim2-loop' --example cjxl_parity_ledger -- --update --image terminal.png --effort 8 --distance 1
terminal.png	screenshot	1646	1062	8	1.2000	44748	89085	0.898738	0.837564	91.1795	94.0457	33459.82	8862.79	2457	9709	3165	20094	35425	9236	87	2238	9890	4858	60041	77027	11971	87	-49.769	7.304	-2.8661	FIXED	9d8d5bb26bf5a534f599c0a7a7786db93803fd59	cargo run -p jxl-encoder --release --features 'parallel butteraugli-loop ssim2-loop' --example cjxl_parity_ledger -- --update --image terminal.png --effort 8 --distance 1.2
terminal.png	screenshot	1646	1062	8	1.4000	41110	83044	1.140713	0.937827	90.6888	93.4868	26946.71	9076.02	2433	8629	2981	18242	32285	8739	86	2184	9743	4746	54626	71299	11658	87	-50.496	21.634	-2.7980	FIXED	9d8d5bb26bf5a534f599c0a7a7786db93803fd59	cargo run -p jxl-encoder --release --features 'parallel butteraugli-loop ssim2-loop' --example cjxl_parity_ledger -- --update --image terminal.png --effort 8 --distance 1.4
terminal.png	screenshot	1646	1062	8	1.6000	40238	80175	1.180736	1.206615	90.7937	93.0903	27820.36	9134.95	2488	9573	2726	16635	31422	8731	85	2201	9373	4364	52699	68637	11452	86	-49.812	-2.145	-2.2966	FIXED	9d8d5bb26bf5a534f599c0a7a7786db93803fd59	cargo run -p jxl-encoder --release --features 'parallel butteraugli-loop ssim2-loop' --example cjxl_parity_ledger -- --update --image terminal.png --effort 8 --distance 1.6
terminal.png	screenshot	1646	1062	8	1.8000	37303	77101	1.327546	1.258361	89.7187	91.7869	22962.76	9914.02	2380	8673	2236	15528	28817	8402	84	2250	9739	4116	50039	66144	10871	86	-51.618	5.498	-2.0682	FIXED	9d8d5bb26bf5a534f599c0a7a7786db93803fd59	cargo run -p jxl-encoder --release --features 'parallel butteraugli-loop ssim2-loop' --example cjxl_parity_ledger -- --update --image terminal.png --effort 8 --distance 1.8
terminal.png	screenshot	1646	1062	8	2.0000	48113	72953	0.974954	1.328329	90.2088	92.5029	24240.24	8333.18	2420	9287	3550	24491	39748	8278	87	2251	9288	3639	47163	62341	10526	86	-34.049	-26.603	-2.2942	FIXED	9d8d5bb26bf5a534f599c0a7a7786db93803fd59	cargo run -p jxl-encoder --release --features 'parallel butteraugli-loop ssim2-loop' --example cjxl_parity_ledger -- --update --image terminal.png --effort 8 --distance 2
terminal.png	screenshot	1646	1062	8	2.5000	43879	66882	1.069788	1.768235	89.3220	90.6235	20358.23	8086.55	2271	8546	2961	21792	35570	8222	87	2204	9085	3144	42882	57315	9481	86	-34.393	-39.500	-1.3015	FIXED	9d8d5bb26bf5a534f599c0a7a7786db93803fd59	cargo run -p jxl-encoder --release --features 'parallel butteraugli-loop ssim2-loop' --example cjxl_parity_ledger -- --update --image terminal.png --effort 8 --distance 2.5
terminal.png	screenshot	1646	1062	8	3.0000	40940	63243	1.311269	1.911429	89.1082	88.1755	22072.15	9202.38	2253	8135	2452	20335	33175	7679	86	2244	10067	3028	39028	54367	8791	85	-35.266	-31.399	0.9327	FIXED	9d8d5bb26bf5a534f599c0a7a7786db93803fd59	cargo run -p jxl-encoder --release --features 'parallel butteraugli-loop ssim2-loop' --example cjxl_parity_ledger -- --update --image terminal.png --effort 8 --distance 3
terminal.png	screenshot	1646	1062	8	4.0000	36559	56066	1.772871	2.517885	86.1500	87.5455	23070.27	9078.13	2210	8590	2116	16445	29361	7112	86	2191	8987	2151	34598	47927	8054	85	-34.793	-29.589	-1.3955	FIXED	9d8d5bb26bf5a534f599c0a7a7786db93803fd59	cargo run -p jxl-encoder --release --features 'parallel butteraugli-loop ssim2-loop' --example cjxl_parity_ledger -- --update --image terminal.png --effort 8 --distance 4
terminal.png	screenshot	1646	1062	8	5.0000	32109	49504	2.054585	3.237579	82.8135	84.4242	25398.65	8292.21	2212	6497	1644	14986	25339	6686	84	2083	8187	1622	30049	41941	7479	84	-35.139	-36.539	-1.6107	FIXED	9d8d5bb26bf5a534f599c0a7a7786db93803fd59	cargo run -p jxl-encoder --release --features 'parallel butteraugli-loop ssim2-loop' --example cjxl_parity_ledger -- --update --image terminal.png --effort 8 --distance 5
terminal.png	screenshot	1646	1062	8	6.0000	30673	46597	2.675752	3.834849	84.6560	83.6675	25352.60	8884.54	2187	7878	1303	12703	24071	6518	84	2011	8003	1580	27899	39493	7020	84	-34.174	-30.225	0.9885	FIXED	9d8d5bb26bf5a534f599c0a7a7786db93803fd59	cargo run -p jxl-encoder --release --features 'parallel butteraugli-loop ssim2-loop' --example cjxl_parity_ledger -- --update --image terminal.png --effort 8 --distance 6
terminal.png	screenshot	1646	1062	9	0.2000	55645	201780	0.207239	0.200803	96.0490	96.0836	31927.95	1066.04	2763	8779	2800	31345	45687	9870	88	36	24060	2443	175159	201698	0	82	-72.423	3.205	-0.0346	FIXED	9d8d5bb26bf5a534f599c0a7a7786db93803fd59	cargo run -p jxl-encoder --release --features 'parallel butteraugli-loop ssim2-loop' --example cjxl_parity_ledger -- --update --image terminal.png --effort 9 --distance 0.2
terminal.png	screenshot	1646	1062	9	0.4000	46167	159194	0.362877	0.365408	95.2997	95.2324	37327.96	1090.42	2675	7686	2586	23277	36224	9857	86	47	21145	2233	135689	159114	0	80	-71.000	-0.693	0.0673	FIXED	9d8d5bb26bf5a534f599c0a7a7786db93803fd59	cargo run -p jxl-encoder --release --features 'parallel butteraugli-loop ssim2-loop' --example cjxl_parity_ledger -- --update --image terminal.png --effort 9 --distance 0.4
terminal.png	screenshot	1646	1062	9	0.6000	52377	66494	0.541198	0.568681	93.7311	95.0034	33828.67	11877.40	2641	7830	3194	28946	42611	9679	87	2237	10225	2819	37040	52321	14088	85	-21.230	-4.833	-1.2724	FIXED	9d8d5bb26bf5a534f599c0a7a7786db93803fd59	cargo run -p jxl-encoder --release --features 'parallel butteraugli-loop ssim2-loop' --example cjxl_parity_ledger -- --update --image terminal.png --effort 9 --distance 0.6
terminal.png	screenshot	1646	1062	9	0.8000	51417	60946	0.646519	0.678961	92.0027	94.6020	42033.16	11885.97	2658	10223	3795	24986	41662	9667	88	2364	10809	2736	32023	47932	12929	85	-15.635	-4.778	-2.5994	FIXED	9d8d5bb26bf5a534f599c0a7a7786db93803fd59	cargo run -p jxl-encoder --release --features 'parallel butteraugli-loop ssim2-loop' --example cjxl_parity_ledger -- --update --image terminal.png --effort 9 --distance 0.8
terminal.png	screenshot	1646	1062	9	1.0000	47215	56088	0.828603	0.747229	92.0968	94.1561	31047.56	11154.67	2577	9556	3491	22240	37864	9263	88	2359	10587	2573	27983	43502	12501	85	-15.820	10.890	-2.0592	FIXED	9d8d5bb26bf5a534f599c0a7a7786db93803fd59	cargo run -p jxl-encoder --release --features 'parallel butteraugli-loop ssim2-loop' --example cjxl_parity_ledger -- --update --image terminal.png --effort 9 --distance 1
terminal.png	screenshot	1646	1062	9	1.2000	45129	88047	0.898738	0.993203	91.1795	93.8648	33141.49	12429.79	2579	9723	3741	19763	35806	9236	87	2330	9222	3769	60749	76070	11890	87	-48.744	-9.511	-2.6853	FIXED	9d8d5bb26bf5a534f599c0a7a7786db93803fd59	cargo run -p jxl-encoder --release --features 'parallel butteraugli-loop ssim2-loop' --example cjxl_parity_ledger -- --update --image terminal.png --effort 9 --distance 1.2
terminal.png	screenshot	1646	1062	9	1.4000	41379	82333	1.140713	0.937827	90.6888	93.4920	27975.73	12200.95	2538	8563	3511	17942	32554	8739	86	2302	9339	3868	55194	70703	11543	87	-49.742	21.634	-2.8032	FIXED	9d8d5bb26bf5a534f599c0a7a7786db93803fd59	cargo run -p jxl-encoder --release --features 'parallel butteraugli-loop ssim2-loop' --example cjxl_parity_ledger -- --update --image terminal.png --effort 9 --distance 1.4
terminal.png	screenshot	1646	1062	9	1.6000	40425	79496	1.180736	1.206615	90.7937	93.1172	29117.91	13845.18	2479	9555	3263	16312	31609	8731	85	2308	8919	3402	53482	68111	11299	86	-49.148	-2.145	-2.3235	FIXED	9d8d5bb26bf5a534f599c0a7a7786db93803fd59	cargo run -p jxl-encoder --release --features 'parallel butteraugli-loop ssim2-loop' --example cjxl_parity_ledger -- --update --image terminal.png --effort 9 --distance 1.6
terminal.png	screenshot	1646	1062	9	1.8000	37568	76805	1.327546	1.258361	89.7187	91.8034	35446.86	11592.60	2428	8632	2741	15281	29082	8402	84	2378	9272	3339	50962	65951	10768	86	-51.087	5.498	-2.0847	FIXED	9d8d5bb26bf5a534f599c0a7a7786db93803fd59	cargo run -p jxl-encoder --release --features 'parallel butteraugli-loop ssim2-loop' --example cjxl_parity_ledger -- --update --image terminal.png --effort 9 --distance 1.8
terminal.png	screenshot	1646	1062	9	2.0000	47052	72293	0.974954	1.337711	90.2088	92.3884	30116.26	13072.10	2472	9195	3321	23700	38688	8278	86	2306	8680	2965	47790	61741	10466	86	-34.915	-27.118	-2.1797	FIXED	9d8d5bb26bf5a534f599c0a7a7786db93803fd59	cargo run -p jxl-encoder --release --features 'parallel butteraugli-loop ssim2-loop' --example cjxl_parity_ledger -- --update --image terminal.png --effort 9 --distance 2
terminal.png	screenshot	1646	1062	9	2.5000	43745	66678	1.069788	1.768239	89.3220	90.6407	24810.63	12144.24	2419	8430	2813	21774	35436	8222	87	2277	8558	2614	43789	57238	9354	86	-34.394	-39.500	-1.3187	FIXED	9d8d5bb26bf5a534f599c0a7a7786db93803fd59	cargo run -p jxl-encoder --release --features 'parallel butteraugli-loop ssim2-loop' --example cjxl_parity_ledger -- --update --image terminal.png --effort 9 --distance 2.5
terminal.png	screenshot	1646	1062	9	3.0000	41159	63281	1.311269	1.911431	89.1082	88.1966	27260.69	12421.93	2265	8104	2982	20043	33394	7679	86	2429	9517	2596	39927	54469	8727	85	-34.958	-31.399	0.9115	FIXED	9d8d5bb26bf5a534f599c0a7a7786db93803fd59	cargo run -p jxl-encoder --release --features 'parallel butteraugli-loop ssim2-loop' --example cjxl_parity_ledger -- --update --image terminal.png --effort 9 --distance 3
terminal.png	screenshot	1646	1062	9	4.0000	36817	56011	1.772871	2.518214	86.1500	87.5710	27161.47	11402.06	2290	8494	2669	16166	29619	7112	86	2264	8514	1758	35485	48021	7905	85	-34.268	-29.598	-1.4210	FIXED	9d8d5bb26bf5a534f599c0a7a7786db93803fd59	cargo run -p jxl-encoder --release --features 'parallel butteraugli-loop ssim2-loop' --example cjxl_parity_ledger -- --update --image terminal.png --effort 9 --distance 4
terminal.png	screenshot	1646	1062	9	5.0000	32366	49697	2.054585	3.217788	82.8135	83.0632	28091.89	12867.55	2268	6544	1982	14802	25596	6686	84	2151	7719	1386	30899	42155	7458	84	-34.873	-36.149	-0.2497	FIXED	9d8d5bb26bf5a534f599c0a7a7786db93803fd59	cargo run -p jxl-encoder --release --features 'parallel butteraugli-loop ssim2-loop' --example cjxl_parity_ledger -- --update --image terminal.png --effort 9 --distance 5
terminal.png	screenshot	1646	1062	9	6.0000	30817	46713	2.675752	3.834849	84.6560	83.7182	30899.57	11755.40	2225	7912	1492	12586	24215	6518	84	2117	7401	1467	28752	39737	6892	84	-34.029	-30.225	0.9378	FIXED	9d8d5bb26bf5a534f599c0a7a7786db93803fd59	cargo run -p jxl-encoder --release --features 'parallel butteraugli-loop ssim2-loop' --example cjxl_parity_ledger -- --update --image terminal.png --effort 9 --distance 6
