image	class	width	height	strategy	effort	distance	ours_bytes	cjxl_bytes	ours_ssim2	cjxl_ssim2	ours_bfly	cjxl_bfly	ours_ms	cjxl_ms	delta_bytes_pct	delta_ssim2	delta_bfly_pct	delta_ms_pct	status	commit	reproducer
1025469	cid22	512	512	zenjxl	5	0.2500	104794	105188	95.0271	95.0106	0.456639	0.474602	230.003	111.747	-0.375	0.0165	-3.785	105.825	OK	44c8be367ca8a3918e67d3d2b62de9e0169cdee5	cargo run -p jxl-encoder --release --features 'parallel butteraugli-loop ssim2-loop' --example w44_170_cjxl_step025_sweep -- --image 1025469 --effort 5 --distance-min 0.25 --distance-max 0.25 --distance-step 0.25 --strategy zenjxl --corpus-manifest benchmarks/corpora/w44_170_varied_corpus.tsv
1025469	cid22	512	512	zenjxl	5	0.5000	64780	64925	92.4751	92.6115	0.788346	0.782454	173.025	196.960	-0.223	-0.1363	0.753	-12.152	OK	44c8be367ca8a3918e67d3d2b62de9e0169cdee5	cargo run -p jxl-encoder --release --features 'parallel butteraugli-loop ssim2-loop' --example w44_170_cjxl_step025_sweep -- --image 1025469 --effort 5 --distance-min 0.5 --distance-max 0.5 --distance-step 0.5 --strategy zenjxl --corpus-manifest benchmarks/corpora/w44_170_varied_corpus.tsv
1025469	cid22	512	512	zenjxl	5	0.7500	46353	46861	89.9236	90.0620	1.052177	1.065347	197.322	175.740	-1.084	-0.1384	-1.236	12.281	OK	44c8be367ca8a3918e67d3d2b62de9e0169cdee5	cargo run -p jxl-encoder --release --features 'parallel butteraugli-loop ssim2-loop' --example w44_170_cjxl_step025_sweep -- --image 1025469 --effort 5 --distance-min 0.75 --distance-max 0.75 --distance-step 0.75 --strategy zenjxl --corpus-manifest benchmarks/corpora/w44_170_varied_corpus.tsv
1025469	cid22	512	512	zenjxl	5	1.0000	37625	38010	87.7939	88.1120	1.411649	1.408793	162.342	172.973	-1.013	-0.3181	0.203	-6.146	OK	44c8be367ca8a3918e67d3d2b62de9e0169cdee5	cargo run -p jxl-encoder --release --features 'parallel butteraugli-loop ssim2-loop' --example w44_170_cjxl_step025_sweep -- --image 1025469 --effort 5 --distance-min 1 --distance-max 1 --distance-step 1 --strategy zenjxl --corpus-manifest benchmarks/corpora/w44_170_varied_corpus.tsv
1025469	cid22	512	512	zenjxl	5	1.2500	31959	32392	85.0040	85.2468	1.764337	1.744497	142.280	212.810	-1.337	-0.2428	1.137	-33.142	OK	44c8be367ca8a3918e67d3d2b62de9e0169cdee5	cargo run -p jxl-encoder --release --features 'parallel butteraugli-loop ssim2-loop' --example w44_170_cjxl_step025_sweep -- --image 1025469 --effort 5 --distance-min 1.25 --distance-max 1.25 --distance-step 1.25 --strategy zenjxl --corpus-manifest benchmarks/corpora/w44_170_varied_corpus.tsv
1025469	cid22	512	512	zenjxl	5	1.5000	27739	28125	82.9238	82.9948	1.799329	1.917103	196.225	264.850	-1.372	-0.0710	-6.143	-25.911	OK	44c8be367ca8a3918e67d3d2b62de9e0169cdee5	cargo run -p jxl-encoder --release --features 'parallel butteraugli-loop ssim2-loop' --example w44_170_cjxl_step025_sweep -- --image 1025469 --effort 5 --distance-min 1.5 --distance-max 1.5 --distance-step 1.5 --strategy zenjxl --corpus-manifest benchmarks/corpora/w44_170_varied_corpus.tsv
1025469	cid22	512	512	zenjxl	5	1.7500	24695	24982	80.5259	80.6089	2.195234	2.150725	176.992	187.056	-1.149	-0.0830	2.069	-5.380	OK	44c8be367ca8a3918e67d3d2b62de9e0169cdee5	cargo run -p jxl-encoder --release --features 'parallel butteraugli-loop ssim2-loop' --example w44_170_cjxl_step025_sweep -- --image 1025469 --effort 5 --distance-min 1.75 --distance-max 1.75 --distance-step 1.75 --strategy zenjxl --corpus-manifest benchmarks/corpora/w44_170_varied_corpus.tsv
1025469	cid22	512	512	zenjxl	5	2.0000	22211	22414	78.3599	78.4570	2.336859	2.011266	156.678	132.371	-0.906	-0.0970	16.188	18.363	OK	44c8be367ca8a3918e67d3d2b62de9e0169cdee5	cargo run -p jxl-encoder --release --features 'parallel butteraugli-loop ssim2-loop' --example w44_170_cjxl_step025_sweep -- --image 1025469 --effort 5 --distance-min 2 --distance-max 2 --distance-step 2 --strategy zenjxl --corpus-manifest benchmarks/corpora/w44_170_varied_corpus.tsv
1025469	cid22	512	512	zenjxl	5	2.2500	20106	20345	76.9345	76.5707	2.369181	2.348611	126.151	131.149	-1.175	0.3638	0.876	-3.811	OK	44c8be367ca8a3918e67d3d2b62de9e0169cdee5	cargo run -p jxl-encoder --release --features 'parallel butteraugli-loop ssim2-loop' --example w44_170_cjxl_step025_sweep -- --image 1025469 --effort 5 --distance-min 2.25 --distance-max 2.25 --distance-step 2.25 --strategy zenjxl --corpus-manifest benchmarks/corpora/w44_170_varied_corpus.tsv
1025469	cid22	512	512	zenjxl	5	2.5000	18358	18758	74.5227	74.5766	2.677547	2.610239	140.306	133.541	-2.132	-0.0538	2.579	5.066	OK	44c8be367ca8a3918e67d3d2b62de9e0169cdee5	cargo run -p jxl-encoder --release --features 'parallel butteraugli-loop ssim2-loop' --example w44_170_cjxl_step025_sweep -- --image 1025469 --effort 5 --distance-min 2.5 --distance-max 2.5 --distance-step 2.5 --strategy zenjxl --corpus-manifest benchmarks/corpora/w44_170_varied_corpus.tsv
1025469	cid22	512	512	zenjxl	5	2.7500	16957	17361	72.8211	73.1971	2.666425	2.653853	156.921	179.923	-2.327	-0.3760	0.474	-12.785	OK	44c8be367ca8a3918e67d3d2b62de9e0169cdee5	cargo run -p jxl-encoder --release --features 'parallel butteraugli-loop ssim2-loop' --example w44_170_cjxl_step025_sweep -- --image 1025469 --effort 5 --distance-min 2.75 --distance-max 2.75 --distance-step 2.75 --strategy zenjxl --corpus-manifest benchmarks/corpora/w44_170_varied_corpus.tsv
1025469	cid22	512	512	zenjxl	5	3.0000	15743	16129	70.6548	70.9480	2.672928	2.784935	126.749	136.874	-2.393	-0.2932	-4.022	-7.397	OK	44c8be367ca8a3918e67d3d2b62de9e0169cdee5	cargo run -p jxl-encoder --release --features 'parallel butteraugli-loop ssim2-loop' --example w44_170_cjxl_step025_sweep -- --image 1025469 --effort 5 --distance-min 3 --distance-max 3 --distance-step 3 --strategy zenjxl --corpus-manifest benchmarks/corpora/w44_170_varied_corpus.tsv
1025469	cid22	512	512	zenjxl	5	3.2500	14611	15027	69.1921	69.6711	3.033911	3.073701	156.538	185.989	-2.768	-0.4790	-1.295	-15.835	OK	44c8be367ca8a3918e67d3d2b62de9e0169cdee5	cargo run -p jxl-encoder --release --features 'parallel butteraugli-loop ssim2-loop' --example w44_170_cjxl_step025_sweep -- --image 1025469 --effort 5 --distance-min 3.25 --distance-max 3.25 --distance-step 3.25 --strategy zenjxl --corpus-manifest benchmarks/corpora/w44_170_varied_corpus.tsv
1025469	cid22	512	512	zenjxl	5	3.5000	13681	14022	66.9595	67.3118	3.267365	3.364668	127.942	186.175	-2.432	-0.3523	-2.892	-31.278	OK	44c8be367ca8a3918e67d3d2b62de9e0169cdee5	cargo run -p jxl-encoder --release --features 'parallel butteraugli-loop ssim2-loop' --example w44_170_cjxl_step025_sweep -- --image 1025469 --effort 5 --distance-min 3.5 --distance-max 3.5 --distance-step 3.5 --strategy zenjxl --corpus-manifest benchmarks/corpora/w44_170_varied_corpus.tsv
1025469	cid22	512	512	zenjxl	5	3.7500	13003	13345	65.4357	65.7148	3.907452	4.058726	156.964	163.276	-2.563	-0.2791	-3.727	-3.865	OK	44c8be367ca8a3918e67d3d2b62de9e0169cdee5	cargo run -p jxl-encoder --release --features 'parallel butteraugli-loop ssim2-loop' --example w44_170_cjxl_step025_sweep -- --image 1025469 --effort 5 --distance-min 3.75 --distance-max 3.75 --distance-step 3.75 --strategy zenjxl --corpus-manifest benchmarks/corpora/w44_170_varied_corpus.tsv
1025469	cid22	512	512	zenjxl	5	4.0000	12329	12579	61.1442	61.6473	3.733186	4.092271	200.283	141.759	-1.987	-0.5031	-8.775	41.284	OK	44c8be367ca8a3918e67d3d2b62de9e0169cdee5	cargo run -p jxl-encoder --release --features 'parallel butteraugli-loop ssim2-loop' --example w44_170_cjxl_step025_sweep -- --image 1025469 --effort 5 --distance-min 4 --distance-max 4 --distance-step 4 --strategy zenjxl --corpus-manifest benchmarks/corpora/w44_170_varied_corpus.tsv
1025469	cid22	512	512	zenjxl	5	4.2500	11760	12165	59.0398	58.4967	4.209891	4.215300	179.402	214.007	-3.329	0.5431	-0.128	-16.170	OK	44c8be367ca8a3918e67d3d2b62de9e0169cdee5	cargo run -p jxl-encoder --release --features 'parallel butteraugli-loop ssim2-loop' --example w44_170_cjxl_step025_sweep -- --image 1025469 --effort 5 --distance-min 4.25 --distance-max 4.25 --distance-step 4.25 --strategy zenjxl --corpus-manifest benchmarks/corpora/w44_170_varied_corpus.tsv
1025469	cid22	512	512	zenjxl	5	4.5000	11188	11494	57.1413	57.1050	4.555559	4.584764	149.871	190.204	-2.662	0.0363	-0.637	-21.205	OK	44c8be367ca8a3918e67d3d2b62de9e0169cdee5	cargo run -p jxl-encoder --release --features 'parallel butteraugli-loop ssim2-loop' --example w44_170_cjxl_step025_sweep -- --image 1025469 --effort 5 --distance-min 4.5 --distance-max 4.5 --distance-step 4.5 --strategy zenjxl --corpus-manifest benchmarks/corpora/w44_170_varied_corpus.tsv
1025469	cid22	512	512	zenjxl	5	4.7500	10805	11069	55.2332	55.5459	4.044147	4.245601	161.146	333.387	-2.385	-0.3127	-4.745	-51.664	OK	44c8be367ca8a3918e67d3d2b62de9e0169cdee5	cargo run -p jxl-encoder --release --features 'parallel butteraugli-loop ssim2-loop' --example w44_170_cjxl_step025_sweep -- --image 1025469 --effort 5 --distance-min 4.75 --distance-max 4.75 --distance-step 4.75 --strategy zenjxl --corpus-manifest benchmarks/corpora/w44_170_varied_corpus.tsv
1025469	cid22	512	512	zenjxl	5	5.0000	10293	10602	53.9496	54.1524	4.297359	4.276909	153.978	199.547	-2.915	-0.2028	0.478	-22.836	OK	44c8be367ca8a3918e67d3d2b62de9e0169cdee5	cargo run -p jxl-encoder --release --features 'parallel butteraugli-loop ssim2-loop' --example w44_170_cjxl_step025_sweep -- --image 1025469 --effort 5 --distance-min 5 --distance-max 5 --distance-step 5 --strategy zenjxl --corpus-manifest benchmarks/corpora/w44_170_varied_corpus.tsv
1025469	cid22	512	512	zenjxl	6	0.2500	104132	104549	95.0805	95.0520	0.456648	0.476807	314.550	273.187	-0.399	0.0284	-4.228	15.141	OK	44c8be367ca8a3918e67d3d2b62de9e0169cdee5	cargo run -p jxl-encoder --release --features 'parallel butteraugli-loop ssim2-loop' --example w44_170_cjxl_step025_sweep -- --image 1025469 --effort 6 --distance-min 0.25 --distance-max 0.25 --distance-step 0.25 --strategy zenjxl --corpus-manifest benchmarks/corpora/w44_170_varied_corpus.tsv
1025469	cid22	512	512	zenjxl	6	0.5000	64142	64270	92.4978	92.6206	0.788372	0.793367	245.599	227.035	-0.199	-0.1227	-0.630	8.177	OK	44c8be367ca8a3918e67d3d2b62de9e0169cdee5	cargo run -p jxl-encoder --release --features 'parallel butteraugli-loop ssim2-loop' --example w44_170_cjxl_step025_sweep -- --image 1025469 --effort 6 --distance-min 0.5 --distance-max 0.5 --distance-step 0.5 --strategy zenjxl --corpus-manifest benchmarks/corpora/w44_170_varied_corpus.tsv
1025469	cid22	512	512	zenjxl	6	0.7500	46412	46493	90.0578	90.1102	1.047894	1.059710	338.306	369.030	-0.174	-0.0524	-1.115	-8.326	OK	44c8be367ca8a3918e67d3d2b62de9e0169cdee5	cargo run -p jxl-encoder --release --features 'parallel butteraugli-loop ssim2-loop' --example w44_170_cjxl_step025_sweep -- --image 1025469 --effort 6 --distance-min 0.75 --distance-max 0.75 --distance-step 0.75 --strategy zenjxl --corpus-manifest benchmarks/corpora/w44_170_varied_corpus.tsv
1025469	cid22	512	512	zenjxl	6	1.0000	37617	37712	87.9075	87.9762	1.365044	1.366720	284.064	282.162	-0.252	-0.0687	-0.123	0.674	OK	44c8be367ca8a3918e67d3d2b62de9e0169cdee5	cargo run -p jxl-encoder --release --features 'parallel butteraugli-loop ssim2-loop' --example w44_170_cjxl_step025_sweep -- --image 1025469 --effort 6 --distance-min 1 --distance-max 1 --distance-step 1 --strategy zenjxl --corpus-manifest benchmarks/corpora/w44_170_varied_corpus.tsv
1025469	cid22	512	512	zenjxl	6	1.2500	32015	32053	85.3058	85.8598	1.747223	1.713493	337.456	330.620	-0.119	-0.5540	1.969	2.068	OK	44c8be367ca8a3918e67d3d2b62de9e0169cdee5	cargo run -p jxl-encoder --release --features 'parallel butteraugli-loop ssim2-loop' --example w44_170_cjxl_step025_sweep -- --image 1025469 --effort 6 --distance-min 1.25 --distance-max 1.25 --distance-step 1.25 --strategy zenjxl --corpus-manifest benchmarks/corpora/w44_170_varied_corpus.tsv
1025469	cid22	512	512	zenjxl	6	1.5000	28059	27950	83.2121	83.6026	1.800259	1.820519	318.205	301.311	0.390	-0.3905	-1.113	5.607	OK	44c8be367ca8a3918e67d3d2b62de9e0169cdee5	cargo run -p jxl-encoder --release --features 'parallel butteraugli-loop ssim2-loop' --example w44_170_cjxl_step025_sweep -- --image 1025469 --effort 6 --distance-min 1.5 --distance-max 1.5 --distance-step 1.5 --strategy zenjxl --corpus-manifest benchmarks/corpora/w44_170_varied_corpus.tsv
1025469	cid22	512	512	zenjxl	6	1.7500	24974	25104	81.0425	81.1703	2.040579	1.949419	301.043	555.368	-0.518	-0.1278	4.676	-45.794	OK	44c8be367ca8a3918e67d3d2b62de9e0169cdee5	cargo run -p jxl-encoder --release --features 'parallel butteraugli-loop ssim2-loop' --example w44_170_cjxl_step025_sweep -- --image 1025469 --effort 6 --distance-min 1.75 --distance-max 1.75 --distance-step 1.75 --strategy zenjxl --corpus-manifest benchmarks/corpora/w44_170_varied_corpus.tsv
1025469	cid22	512	512	zenjxl	6	2.0000	22638	22757	78.9254	79.4072	2.147048	2.086534	394.968	390.699	-0.523	-0.4818	2.900	1.093	OK	44c8be367ca8a3918e67d3d2b62de9e0169cdee5	cargo run -p jxl-encoder --release --features 'parallel butteraugli-loop ssim2-loop' --example w44_170_cjxl_step025_sweep -- --image 1025469 --effort 6 --distance-min 2 --distance-max 2 --distance-step 2 --strategy zenjxl --corpus-manifest benchmarks/corpora/w44_170_varied_corpus.tsv
1025469	cid22	512	512	zenjxl	6	2.2500	20555	20707	77.4448	77.2829	2.248271	2.282180	322.364	390.479	-0.734	0.1619	-1.486	-17.444	OK	44c8be367ca8a3918e67d3d2b62de9e0169cdee5	cargo run -p jxl-encoder --release --features 'parallel butteraugli-loop ssim2-loop' --example w44_170_cjxl_step025_sweep -- --image 1025469 --effort 6 --distance-min 2.25 --distance-max 2.25 --distance-step 2.25 --strategy zenjxl --corpus-manifest benchmarks/corpora/w44_170_varied_corpus.tsv
1025469	cid22	512	512	zenjxl	6	2.5000	18928	19166	75.3965	75.8907	2.507401	2.577095	299.193	400.844	-1.242	-0.4942	-2.704	-25.359	OK	44c8be367ca8a3918e67d3d2b62de9e0169cdee5	cargo run -p jxl-encoder --release --features 'parallel butteraugli-loop ssim2-loop' --example w44_170_cjxl_step025_sweep -- --image 1025469 --effort 6 --distance-min 2.5 --distance-max 2.5 --distance-step 2.5 --strategy zenjxl --corpus-manifest benchmarks/corpora/w44_170_varied_corpus.tsv
1025469	cid22	512	512	zenjxl	6	2.7500	17372	17703	73.7838	74.0126	2.589142	2.861882	254.224	376.330	-1.870	-0.2288	-9.530	-32.447	OK	44c8be367ca8a3918e67d3d2b62de9e0169cdee5	cargo run -p jxl-encoder --release --features 'parallel butteraugli-loop ssim2-loop' --example w44_170_cjxl_step025_sweep -- --image 1025469 --effort 6 --distance-min 2.75 --distance-max 2.75 --distance-step 2.75 --strategy zenjxl --corpus-manifest benchmarks/corpora/w44_170_varied_corpus.tsv
1025469	cid22	512	512	zenjxl	6	3.0000	16288	16590	71.6956	72.4091	2.946602	2.817091	261.742	149.464	-1.820	-0.7136	4.597	75.121	OK	44c8be367ca8a3918e67d3d2b62de9e0169cdee5	cargo run -p jxl-encoder --release --features 'parallel butteraugli-loop ssim2-loop' --example w44_170_cjxl_step025_sweep -- --image 1025469 --effort 6 --distance-min 3 --distance-max 3 --distance-step 3 --strategy zenjxl --corpus-manifest benchmarks/corpora/w44_170_varied_corpus.tsv
1025469	cid22	512	512	zenjxl	6	3.2500	15186	15468	70.1347	70.7780	3.162543	3.091045	313.706	143.260	-1.823	-0.6434	2.313	118.977	OK	44c8be367ca8a3918e67d3d2b62de9e0169cdee5	cargo run -p jxl-encoder --release --features 'parallel butteraugli-loop ssim2-loop' --example w44_170_cjxl_step025_sweep -- --image 1025469 --effort 6 --distance-min 3.25 --distance-max 3.25 --distance-step 3.25 --strategy zenjxl --corpus-manifest benchmarks/corpora/w44_170_varied_corpus.tsv
1025469	cid22	512	512	zenjxl	6	3.5000	14313	14629	68.2441	68.5716	3.331236	3.282840	250.796	329.259	-2.160	-0.3275	1.474	-23.830	OK	44c8be367ca8a3918e67d3d2b62de9e0169cdee5	cargo run -p jxl-encoder --release --features 'parallel butteraugli-loop ssim2-loop' --example w44_170_cjxl_step025_sweep -- --image 1025469 --effort 6 --distance-min 3.5 --distance-max 3.5 --distance-step 3.5 --strategy zenjxl --corpus-manifest benchmarks/corpora/w44_170_varied_corpus.tsv
1025469	cid22	512	512	zenjxl	6	3.7500	13623	13858	66.7936	67.1739	3.953279	4.042705	257.492	223.302	-1.696	-0.3802	-2.212	15.311	OK	44c8be367ca8a3918e67d3d2b62de9e0169cdee5	cargo run -p jxl-encoder --release --features 'parallel butteraugli-loop ssim2-loop' --example w44_170_cjxl_step025_sweep -- --image 1025469 --effort 6 --distance-min 3.75 --distance-max 3.75 --distance-step 3.75 --strategy zenjxl --corpus-manifest benchmarks/corpora/w44_170_varied_corpus.tsv
1025469	cid22	512	512	zenjxl	6	4.0000	13236	13362	65.2679	65.5965	3.910554	3.258872	437.737	151.370	-0.943	-0.3286	19.997	189.184	OK	44c8be367ca8a3918e67d3d2b62de9e0169cdee5	cargo run -p jxl-encoder --release --features 'parallel butteraugli-loop ssim2-loop' --example w44_170_cjxl_step025_sweep -- --image 1025469 --effort 6 --distance-min 4 --distance-max 4 --distance-step 4 --strategy zenjxl --corpus-manifest benchmarks/corpora/w44_170_varied_corpus.tsv
1025469	cid22	512	512	zenjxl	6	4.2500	12503	12962	62.9574	62.4246	3.885719	3.848171	393.032	146.936	-3.541	0.5328	0.976	167.485	OK	44c8be367ca8a3918e67d3d2b62de9e0169cdee5	cargo run -p jxl-encoder --release --features 'parallel butteraugli-loop ssim2-loop' --example w44_170_cjxl_step025_sweep -- --image 1025469 --effort 6 --distance-min 4.25 --distance-max 4.25 --distance-step 4.25 --strategy zenjxl --corpus-manifest benchmarks/corpora/w44_170_varied_corpus.tsv
1025469	cid22	512	512	zenjxl	6	4.5000	11919	12256	61.0547	61.2129	3.964927	4.013964	396.246	143.397	-2.750	-0.1581	-1.222	176.328	OK	44c8be367ca8a3918e67d3d2b62de9e0169cdee5	cargo run -p jxl-encoder --release --features 'parallel butteraugli-loop ssim2-loop' --example w44_170_cjxl_step025_sweep -- --image 1025469 --effort 6 --distance-min 4.5 --distance-max 4.5 --distance-step 4.5 --strategy zenjxl --corpus-manifest benchmarks/corpora/w44_170_varied_corpus.tsv
1025469	cid22	512	512	zenjxl	6	4.7500	11310	11538	59.3365	59.4798	3.854400	4.094131	368.294	122.050	-1.976	-0.1434	-5.855	201.757	OK	44c8be367ca8a3918e67d3d2b62de9e0169cdee5	cargo run -p jxl-encoder --release --features 'parallel butteraugli-loop ssim2-loop' --example w44_170_cjxl_step025_sweep -- --image 1025469 --effort 6 --distance-min 4.75 --distance-max 4.75 --distance-step 4.75 --strategy zenjxl --corpus-manifest benchmarks/corpora/w44_170_varied_corpus.tsv
1025469	cid22	512	512	zenjxl	6	5.0000	10801	11043	58.1948	58.0897	4.492110	4.378831	306.894	294.559	-2.191	0.1051	2.587	4.188	OK	44c8be367ca8a3918e67d3d2b62de9e0169cdee5	cargo run -p jxl-encoder --release --features 'parallel butteraugli-loop ssim2-loop' --example w44_170_cjxl_step025_sweep -- --image 1025469 --effort 6 --distance-min 5 --distance-max 5 --distance-step 5 --strategy zenjxl --corpus-manifest benchmarks/corpora/w44_170_varied_corpus.tsv
1025469	cid22	512	512	zenjxl	7	0.2500	104241	103804	95.0021	95.1515	0.456391	0.448282	268.467	210.550	0.421	-0.1493	1.809	27.507	OK	44c8be367ca8a3918e67d3d2b62de9e0169cdee5	cargo run -p jxl-encoder --release --features 'parallel butteraugli-loop ssim2-loop' --example w44_170_cjxl_step025_sweep -- --image 1025469 --effort 7 --distance-min 0.25 --distance-max 0.25 --distance-step 0.25 --strategy zenjxl --corpus-manifest benchmarks/corpora/w44_170_varied_corpus.tsv
1025469	cid22	512	512	zenjxl	7	0.5000	64039	63906	92.4514	92.8241	0.788385	0.796255	243.947	235.167	0.208	-0.3727	-0.988	3.734	OK	44c8be367ca8a3918e67d3d2b62de9e0169cdee5	cargo run -p jxl-encoder --release --features 'parallel butteraugli-loop ssim2-loop' --example w44_170_cjxl_step025_sweep -- --image 1025469 --effort 7 --distance-min 0.5 --distance-max 0.5 --distance-step 0.5 --strategy zenjxl --corpus-manifest benchmarks/corpora/w44_170_varied_corpus.tsv
1025469	cid22	512	512	zenjxl	7	0.7500	46382	46246	90.0243	90.4790	1.047623	1.040991	293.155	243.340	0.294	-0.4547	0.637	20.471	OK	44c8be367ca8a3918e67d3d2b62de9e0169cdee5	cargo run -p jxl-encoder --release --features 'parallel butteraugli-loop ssim2-loop' --example w44_170_cjxl_step025_sweep -- --image 1025469 --effort 7 --distance-min 0.75 --distance-max 0.75 --distance-step 0.75 --strategy zenjxl --corpus-manifest benchmarks/corpora/w44_170_varied_corpus.tsv
1025469	cid22	512	512	zenjxl	7	1.0000	37605	37644	87.7535	88.3883	1.364795	1.369062	300.843	279.815	-0.104	-0.6347	-0.312	7.515	OK	44c8be367ca8a3918e67d3d2b62de9e0169cdee5	cargo run -p jxl-encoder --release --features 'parallel butteraugli-loop ssim2-loop' --example w44_170_cjxl_step025_sweep -- --image 1025469 --effort 7 --distance-min 1 --distance-max 1 --distance-step 1 --strategy zenjxl --corpus-manifest benchmarks/corpora/w44_170_varied_corpus.tsv
1025469	cid22	512	512	zenjxl	7	1.2500	31996	31976	85.5411	85.9675	1.747223	1.713011	331.990	274.762	0.063	-0.4264	1.997	20.828	OK	44c8be367ca8a3918e67d3d2b62de9e0169cdee5	cargo run -p jxl-encoder --release --features 'parallel butteraugli-loop ssim2-loop' --example w44_170_cjxl_step025_sweep -- --image 1025469 --effort 7 --distance-min 1.25 --distance-max 1.25 --distance-step 1.25 --strategy zenjxl --corpus-manifest benchmarks/corpora/w44_170_varied_corpus.tsv
1025469	cid22	512	512	zenjxl	7	1.5000	28024	27917	83.3328	83.4741	1.800259	1.820959	413.961	471.476	0.383	-0.1413	-1.137	-12.199	OK	44c8be367ca8a3918e67d3d2b62de9e0169cdee5	cargo run -p jxl-encoder --release --features 'parallel butteraugli-loop ssim2-loop' --example w44_170_cjxl_step025_sweep -- --image 1025469 --effort 7 --distance-min 1.5 --distance-max 1.5 --distance-step 1.5 --strategy zenjxl --corpus-manifest benchmarks/corpora/w44_170_varied_corpus.tsv
1025469	cid22	512	512	zenjxl	7	1.7500	24973	25098	81.2000	81.5178	2.040538	2.001911	349.829	151.237	-0.498	-0.3178	1.929	131.312	OK	44c8be367ca8a3918e67d3d2b62de9e0169cdee5	cargo run -p jxl-encoder --release --features 'parallel butteraugli-loop ssim2-loop' --example w44_170_cjxl_step025_sweep -- --image 1025469 --effort 7 --distance-min 1.75 --distance-max 1.75 --distance-step 1.75 --strategy zenjxl --corpus-manifest benchmarks/corpora/w44_170_varied_corpus.tsv
1025469	cid22	512	512	zenjxl	7	2.0000	22605	22752	79.2805	79.7261	2.188997	2.113868	308.727	314.184	-0.646	-0.4456	3.554	-1.737	OK	44c8be367ca8a3918e67d3d2b62de9e0169cdee5	cargo run -p jxl-encoder --release --features 'parallel butteraugli-loop ssim2-loop' --example w44_170_cjxl_step025_sweep -- --image 1025469 --effort 7 --distance-min 2 --distance-max 2 --distance-step 2 --strategy zenjxl --corpus-manifest benchmarks/corpora/w44_170_varied_corpus.tsv
1025469	cid22	512	512	zenjxl	7	2.2500	20547	20739	77.8780	77.9982	2.146094	2.301748	364.509	307.189	-0.926	-0.1202	-6.762	18.659	OK	44c8be367ca8a3918e67d3d2b62de9e0169cdee5	cargo run -p jxl-encoder --release --features 'parallel butteraugli-loop ssim2-loop' --example w44_170_cjxl_step025_sweep -- --image 1025469 --effort 7 --distance-min 2.25 --distance-max 2.25 --distance-step 2.25 --strategy zenjxl --corpus-manifest benchmarks/corpora/w44_170_varied_corpus.tsv
1025469	cid22	512	512	zenjxl	7	2.5000	18867	19133	75.8571	76.4092	2.491939	2.577596	351.960	378.615	-1.390	-0.5521	-3.323	-7.040	OK	44c8be367ca8a3918e67d3d2b62de9e0169cdee5	cargo run -p jxl-encoder --release --features 'parallel butteraugli-loop ssim2-loop' --example w44_170_cjxl_step025_sweep -- --image 1025469 --effort 7 --distance-min 2.5 --distance-max 2.5 --distance-step 2.5 --strategy zenjxl --corpus-manifest benchmarks/corpora/w44_170_varied_corpus.tsv
1025469	cid22	512	512	zenjxl	7	2.7500	17350	17660	73.8127	74.3796	2.585884	2.931927	329.559	295.871	-1.755	-0.5669	-11.803	11.386	OK	44c8be367ca8a3918e67d3d2b62de9e0169cdee5	cargo run -p jxl-encoder --release --features 'parallel butteraugli-loop ssim2-loop' --example w44_170_cjxl_step025_sweep -- --image 1025469 --effort 7 --distance-min 2.75 --distance-max 2.75 --distance-step 2.75 --strategy zenjxl --corpus-manifest benchmarks/corpora/w44_170_varied_corpus.tsv
1025469	cid22	512	512	zenjxl	7	3.0000	16269	16641	71.8216	72.7496	2.946118	2.811516	380.338	738.370	-2.235	-0.9279	4.788	-48.489	OK	44c8be367ca8a3918e67d3d2b62de9e0169cdee5	cargo run -p jxl-encoder --release --features 'parallel butteraugli-loop ssim2-loop' --example w44_170_cjxl_step025_sweep -- --image 1025469 --effort 7 --distance-min 3 --distance-max 3 --distance-step 3 --strategy zenjxl --corpus-manifest benchmarks/corpora/w44_170_varied_corpus.tsv
1025469	cid22	512	512	zenjxl	7	3.2500	15119	15506	70.1498	70.8765	3.163484	3.008577	330.375	433.619	-2.496	-0.7267	5.149	-23.810	OK	44c8be367ca8a3918e67d3d2b62de9e0169cdee5	cargo run -p jxl-encoder --release --features 'parallel butteraugli-loop ssim2-loop' --example w44_170_cjxl_step025_sweep -- --image 1025469 --effort 7 --distance-min 3.25 --distance-max 3.25 --distance-step 3.25 --strategy zenjxl --corpus-manifest benchmarks/corpora/w44_170_varied_corpus.tsv
1025469	cid22	512	512	zenjxl	7	3.5000	14241	14611	68.2509	68.7400	3.337041	3.408317	388.350	398.858	-2.532	-0.4891	-2.091	-2.634	OK	44c8be367ca8a3918e67d3d2b62de9e0169cdee5	cargo run -p jxl-encoder --release --features 'parallel butteraugli-loop ssim2-loop' --example w44_170_cjxl_step025_sweep -- --image 1025469 --effort 7 --distance-min 3.5 --distance-max 3.5 --distance-step 3.5 --strategy zenjxl --corpus-manifest benchmarks/corpora/w44_170_varied_corpus.tsv
1025469	cid22	512	512	zenjxl	7	3.7500	13633	13912	66.5591	67.5486	3.958718	4.043383	326.943	406.180	-2.005	-0.9895	-2.094	-19.508	OK	44c8be367ca8a3918e67d3d2b62de9e0169cdee5	cargo run -p jxl-encoder --release --features 'parallel butteraugli-loop ssim2-loop' --example w44_170_cjxl_step025_sweep -- --image 1025469 --effort 7 --distance-min 3.75 --distance-max 3.75 --distance-step 3.75 --strategy zenjxl --corpus-manifest benchmarks/corpora/w44_170_varied_corpus.tsv
1025469	cid22	512	512	zenjxl	7	4.0000	13018	13468	65.1417	65.9966	3.909730	3.258871	516.858	349.443	-3.341	-0.8549	19.972	47.909	OK	44c8be367ca8a3918e67d3d2b62de9e0169cdee5	cargo run -p jxl-encoder --release --features 'parallel butteraugli-loop ssim2-loop' --example w44_170_cjxl_step025_sweep -- --image 1025469 --effort 7 --distance-min 4 --distance-max 4 --distance-step 4 --strategy zenjxl --corpus-manifest benchmarks/corpora/w44_170_varied_corpus.tsv
1025469	cid22	512	512	zenjxl	7	4.2500	12448	13006	62.4935	62.8993	3.911761	3.848166	495.962	382.823	-4.290	-0.4058	1.653	29.554	OK	44c8be367ca8a3918e67d3d2b62de9e0169cdee5	cargo run -p jxl-encoder --release --features 'parallel butteraugli-loop ssim2-loop' --example w44_170_cjxl_step025_sweep -- --image 1025469 --effort 7 --distance-min 4.25 --distance-max 4.25 --distance-step 4.25 --strategy zenjxl --corpus-manifest benchmarks/corpora/w44_170_varied_corpus.tsv
1025469	cid22	512	512	zenjxl	7	4.5000	11853	12317	60.8121	61.3462	3.964747	4.013973	495.799	447.357	-3.767	-0.5341	-1.226	10.829	OK	44c8be367ca8a3918e67d3d2b62de9e0169cdee5	cargo run -p jxl-encoder --release --features 'parallel butteraugli-loop ssim2-loop' --example w44_170_cjxl_step025_sweep -- --image 1025469 --effort 7 --distance-min 4.5 --distance-max 4.5 --distance-step 4.5 --strategy zenjxl --corpus-manifest benchmarks/corpora/w44_170_varied_corpus.tsv
1025469	cid22	512	512	zenjxl	7	4.7500	11187	11602	59.0940	59.7920	3.853225	4.086818	369.451	296.827	-3.577	-0.6979	-5.716	24.467	OK	44c8be367ca8a3918e67d3d2b62de9e0169cdee5	cargo run -p jxl-encoder --release --features 'parallel butteraugli-loop ssim2-loop' --example w44_170_cjxl_step025_sweep -- --image 1025469 --effort 7 --distance-min 4.75 --distance-max 4.75 --distance-step 4.75 --strategy zenjxl --corpus-manifest benchmarks/corpora/w44_170_varied_corpus.tsv
1025469	cid22	512	512	zenjxl	7	5.0000	10759	11126	57.8358	58.4299	4.499226	4.378831	387.576	353.097	-3.299	-0.5941	2.749	9.765	OK	44c8be367ca8a3918e67d3d2b62de9e0169cdee5	cargo run -p jxl-encoder --release --features 'parallel butteraugli-loop ssim2-loop' --example w44_170_cjxl_step025_sweep -- --image 1025469 --effort 7 --distance-min 5 --distance-max 5 --distance-step 5 --strategy zenjxl --corpus-manifest benchmarks/corpora/w44_170_varied_corpus.tsv
1025469	cid22	512	512	zenjxl	8	0.2500	104311	104045	94.8643	95.0203	0.380636	0.351855	1158.739	1376.345	0.256	-0.1560	8.180	-15.810	OK	44c8be367ca8a3918e67d3d2b62de9e0169cdee5	cargo run -p jxl-encoder --release --features 'parallel butteraugli-loop ssim2-loop' --example w44_170_cjxl_step025_sweep -- --image 1025469 --effort 8 --distance-min 0.25 --distance-max 0.25 --distance-step 0.25 --strategy zenjxl --corpus-manifest benchmarks/corpora/w44_170_varied_corpus.tsv
1025469	cid22	512	512	zenjxl	8	0.5000	62147	62520	92.3583	92.5854	0.727548	0.736082	940.024	1310.776	-0.597	-0.2272	-1.159	-28.285	OK	44c8be367ca8a3918e67d3d2b62de9e0169cdee5	cargo run -p jxl-encoder --release --features 'parallel butteraugli-loop ssim2-loop' --example w44_170_cjxl_step025_sweep -- --image 1025469 --effort 8 --distance-min 0.5 --distance-max 0.5 --distance-step 0.5 --strategy zenjxl --corpus-manifest benchmarks/corpora/w44_170_varied_corpus.tsv
1025469	cid22	512	512	zenjxl	8	0.7500	44127	44473	89.8250	90.1579	1.034903	0.968725	987.943	1149.826	-0.778	-0.3328	6.831	-14.079	OK	44c8be367ca8a3918e67d3d2b62de9e0169cdee5	cargo run -p jxl-encoder --release --features 'parallel butteraugli-loop ssim2-loop' --example w44_170_cjxl_step025_sweep -- --image 1025469 --effort 8 --distance-min 0.75 --distance-max 0.75 --distance-step 0.75 --strategy zenjxl --corpus-manifest benchmarks/corpora/w44_170_varied_corpus.tsv
1025469	cid22	512	512	zenjxl	8	1.0000	35394	35747	87.3552	87.9377	1.178900	1.187872	1183.108	1234.119	-0.987	-0.5825	-0.755	-4.133	OK	44c8be367ca8a3918e67d3d2b62de9e0169cdee5	cargo run -p jxl-encoder --release --features 'parallel butteraugli-loop ssim2-loop' --example w44_170_cjxl_step025_sweep -- --image 1025469 --effort 8 --distance-min 1 --distance-max 1 --distance-step 1 --strategy zenjxl --corpus-manifest benchmarks/corpora/w44_170_varied_corpus.tsv
1025469	cid22	512	512	zenjxl	8	1.2500	29782	30251	84.8611	85.2604	1.535062	1.533757	984.703	1247.330	-1.550	-0.3993	0.085	-21.055	OK	44c8be367ca8a3918e67d3d2b62de9e0169cdee5	cargo run -p jxl-encoder --release --features 'parallel butteraugli-loop ssim2-loop' --example w44_170_cjxl_step025_sweep -- --image 1025469 --effort 8 --distance-min 1.25 --distance-max 1.25 --distance-step 1.25 --strategy zenjxl --corpus-manifest benchmarks/corpora/w44_170_varied_corpus.tsv
1025469	cid22	512	512	zenjxl	8	1.5000	25902	26398	82.4401	82.5557	1.820701	1.827328	1045.695	1914.722	-1.879	-0.1156	-0.363	-45.387	OK	44c8be367ca8a3918e67d3d2b62de9e0169cdee5	cargo run -p jxl-encoder --release --features 'parallel butteraugli-loop ssim2-loop' --example w44_170_cjxl_step025_sweep -- --image 1025469 --effort 8 --distance-min 1.5 --distance-max 1.5 --distance-step 1.5 --strategy zenjxl --corpus-manifest benchmarks/corpora/w44_170_varied_corpus.tsv
1025469	cid22	512	512	zenjxl	8	1.7500	22844	23565	80.3133	80.7589	1.902556	1.894651	1165.770	1449.703	-3.060	-0.4456	0.417	-19.586	OK	44c8be367ca8a3918e67d3d2b62de9e0169cdee5	cargo run -p jxl-encoder --release --features 'parallel butteraugli-loop ssim2-loop' --example w44_170_cjxl_step025_sweep -- --image 1025469 --effort 8 --distance-min 1.75 --distance-max 1.75 --distance-step 1.75 --strategy zenjxl --corpus-manifest benchmarks/corpora/w44_170_varied_corpus.tsv
1025469	cid22	512	512	zenjxl	8	2.0000	20469	21120	78.5585	78.8512	2.066167	2.080526	1116.646	1500.273	-3.082	-0.2927	-0.690	-25.570	OK	44c8be367ca8a3918e67d3d2b62de9e0169cdee5	cargo run -p jxl-encoder --release --features 'parallel butteraugli-loop ssim2-loop' --example w44_170_cjxl_step025_sweep -- --image 1025469 --effort 8 --distance-min 2 --distance-max 2 --distance-step 2 --strategy zenjxl --corpus-manifest benchmarks/corpora/w44_170_varied_corpus.tsv
1025469	cid22	512	512	zenjxl	8	2.2500	18376	19201	76.4738	76.5175	2.386338	2.495846	1048.565	1568.033	-4.297	-0.0437	-4.388	-33.129	OK	44c8be367ca8a3918e67d3d2b62de9e0169cdee5	cargo run -p jxl-encoder --release --features 'parallel butteraugli-loop ssim2-loop' --example w44_170_cjxl_step025_sweep -- --image 1025469 --effort 8 --distance-min 2.25 --distance-max 2.25 --distance-step 2.25 --strategy zenjxl --corpus-manifest benchmarks/corpora/w44_170_varied_corpus.tsv
1025469	cid22	512	512	zenjxl	8	2.5000	17014	17763	74.3199	74.6049	2.589925	2.604743	1044.803	1455.372	-4.217	-0.2850	-0.569	-28.211	OK	44c8be367ca8a3918e67d3d2b62de9e0169cdee5	cargo run -p jxl-encoder --release --features 'parallel butteraugli-loop ssim2-loop' --example w44_170_cjxl_step025_sweep -- --image 1025469 --effort 8 --distance-min 2.5 --distance-max 2.5 --distance-step 2.5 --strategy zenjxl --corpus-manifest benchmarks/corpora/w44_170_varied_corpus.tsv
1025469	cid22	512	512	zenjxl	8	2.7500	15597	16371	72.2277	73.0236	2.999498	2.741898	1008.293	1695.520	-4.728	-0.7960	9.395	-40.532	OK	44c8be367ca8a3918e67d3d2b62de9e0169cdee5	cargo run -p jxl-encoder --release --features 'parallel butteraugli-loop ssim2-loop' --example w44_170_cjxl_step025_sweep -- --image 1025469 --effort 8 --distance-min 2.75 --distance-max 2.75 --distance-step 2.75 --strategy zenjxl --corpus-manifest benchmarks/corpora/w44_170_varied_corpus.tsv
1025469	cid22	512	512	zenjxl	8	3.0000	14564	15328	69.6399	70.2919	3.094816	2.912284	1281.505	1564.210	-4.984	-0.6520	6.268	-18.073	OK	44c8be367ca8a3918e67d3d2b62de9e0169cdee5	cargo run -p jxl-encoder --release --features 'parallel butteraugli-loop ssim2-loop' --example w44_170_cjxl_step025_sweep -- --image 1025469 --effort 8 --distance-min 3 --distance-max 3 --distance-step 3 --strategy zenjxl --corpus-manifest benchmarks/corpora/w44_170_varied_corpus.tsv
1025469	cid22	512	512	zenjxl	8	3.2500	13484	14400	68.1021	68.5847	3.297858	3.018332	979.069	1536.810	-6.361	-0.4826	9.261	-36.292	OK	44c8be367ca8a3918e67d3d2b62de9e0169cdee5	cargo run -p jxl-encoder --release --features 'parallel butteraugli-loop ssim2-loop' --example w44_170_cjxl_step025_sweep -- --image 1025469 --effort 8 --distance-min 3.25 --distance-max 3.25 --distance-step 3.25 --strategy zenjxl --corpus-manifest benchmarks/corpora/w44_170_varied_corpus.tsv
1025469	cid22	512	512	zenjxl	8	3.5000	12737	13496	66.0378	66.8476	3.827174	4.081243	1085.870	1613.988	-5.624	-0.8098	-6.225	-32.721	OK	44c8be367ca8a3918e67d3d2b62de9e0169cdee5	cargo run -p jxl-encoder --release --features 'parallel butteraugli-loop ssim2-loop' --example w44_170_cjxl_step025_sweep -- --image 1025469 --effort 8 --distance-min 3.5 --distance-max 3.5 --distance-step 3.5 --strategy zenjxl --corpus-manifest benchmarks/corpora/w44_170_varied_corpus.tsv
1025469	cid22	512	512	zenjxl	8	3.7500	11982	12772	63.4972	64.5859	4.113312	4.077169	1048.399	1534.282	-6.185	-1.0886	0.886	-31.668	OK	44c8be367ca8a3918e67d3d2b62de9e0169cdee5	cargo run -p jxl-encoder --release --features 'parallel butteraugli-loop ssim2-loop' --example w44_170_cjxl_step025_sweep -- --image 1025469 --effort 8 --distance-min 3.75 --distance-max 3.75 --distance-step 3.75 --strategy zenjxl --corpus-manifest benchmarks/corpora/w44_170_varied_corpus.tsv
1025469	cid22	512	512	zenjxl	8	4.0000	11513	12256	62.6040	63.2345	3.820097	4.090178	1431.505	1429.475	-6.062	-0.6304	-6.603	0.142	OK	44c8be367ca8a3918e67d3d2b62de9e0169cdee5	cargo run -p jxl-encoder --release --features 'parallel butteraugli-loop ssim2-loop' --example w44_170_cjxl_step025_sweep -- --image 1025469 --effort 8 --distance-min 4 --distance-max 4 --distance-step 4 --strategy zenjxl --corpus-manifest benchmarks/corpora/w44_170_varied_corpus.tsv
1025469	cid22	512	512	zenjxl	8	4.2500	11060	11975	60.1171	60.7758	3.948114	4.150997	1382.887	1637.266	-7.641	-0.6587	-4.888	-15.537	OK	44c8be367ca8a3918e67d3d2b62de9e0169cdee5	cargo run -p jxl-encoder --release --features 'parallel butteraugli-loop ssim2-loop' --example w44_170_cjxl_step025_sweep -- --image 1025469 --effort 8 --distance-min 4.25 --distance-max 4.25 --distance-step 4.25 --strategy zenjxl --corpus-manifest benchmarks/corpora/w44_170_varied_corpus.tsv
1025469	cid22	512	512	zenjxl	8	4.5000	10397	11491	58.4992	58.7454	4.332329	4.343229	1684.832	1457.141	-9.520	-0.2462	-0.251	15.626	OK	44c8be367ca8a3918e67d3d2b62de9e0169cdee5	cargo run -p jxl-encoder --release --features 'parallel butteraugli-loop ssim2-loop' --example w44_170_cjxl_step025_sweep -- --image 1025469 --effort 8 --distance-min 4.5 --distance-max 4.5 --distance-step 4.5 --strategy zenjxl --corpus-manifest benchmarks/corpora/w44_170_varied_corpus.tsv
1025469	cid22	512	512	zenjxl	8	4.7500	9739	10508	56.2185	57.0361	4.436712	4.592836	1305.383	1797.757	-7.318	-0.8176	-3.399	-27.388	OK	44c8be367ca8a3918e67d3d2b62de9e0169cdee5	cargo run -p jxl-encoder --release --features 'parallel butteraugli-loop ssim2-loop' --example w44_170_cjxl_step025_sweep -- --image 1025469 --effort 8 --distance-min 4.75 --distance-max 4.75 --distance-step 4.75 --strategy zenjxl --corpus-manifest benchmarks/corpora/w44_170_varied_corpus.tsv
1025469	cid22	512	512	zenjxl	8	5.0000	9335	10157	54.5896	55.1601	4.444746	4.571290	1387.081	1352.756	-8.093	-0.5705	-2.768	2.537	OK	44c8be367ca8a3918e67d3d2b62de9e0169cdee5	cargo run -p jxl-encoder --release --features 'parallel butteraugli-loop ssim2-loop' --example w44_170_cjxl_step025_sweep -- --image 1025469 --effort 8 --distance-min 5 --distance-max 5 --distance-step 5 --strategy zenjxl --corpus-manifest benchmarks/corpora/w44_170_varied_corpus.tsv
1025469	cid22	512	512	zenjxl	9	0.2500	105972	104325	94.8877	95.0311	0.298012	0.298905	2310.889	2253.339	1.579	-0.1434	-0.299	2.554	OK	44c8be367ca8a3918e67d3d2b62de9e0169cdee5	cargo run -p jxl-encoder --release --features 'parallel butteraugli-loop ssim2-loop' --example w44_170_cjxl_step025_sweep -- --image 1025469 --effort 9 --distance-min 0.25 --distance-max 0.25 --distance-step 0.25 --strategy zenjxl --corpus-manifest benchmarks/corpora/w44_170_varied_corpus.tsv
1025469	cid22	512	512	zenjxl	9	0.5000	63014	62716	92.3616	92.5823	0.665244	0.666956	2000.337	1819.011	0.475	-0.2207	-0.257	9.968	OK	44c8be367ca8a3918e67d3d2b62de9e0169cdee5	cargo run -p jxl-encoder --release --features 'parallel butteraugli-loop ssim2-loop' --example w44_170_cjxl_step025_sweep -- --image 1025469 --effort 9 --distance-min 0.5 --distance-max 0.5 --distance-step 0.5 --strategy zenjxl --corpus-manifest benchmarks/corpora/w44_170_varied_corpus.tsv
1025469	cid22	512	512	zenjxl	9	0.7500	44639	44573	89.8409	90.3089	0.927684	0.913588	1919.651	2060.173	0.148	-0.4680	1.543	-6.821	OK	44c8be367ca8a3918e67d3d2b62de9e0169cdee5	cargo run -p jxl-encoder --release --features 'parallel butteraugli-loop ssim2-loop' --example w44_170_cjxl_step025_sweep -- --image 1025469 --effort 9 --distance-min 0.75 --distance-max 0.75 --distance-step 0.75 --strategy zenjxl --corpus-manifest benchmarks/corpora/w44_170_varied_corpus.tsv
1025469	cid22	512	512	zenjxl	9	1.0000	35666	35656	87.3564	87.9311	1.143454	1.187872	1548.905	1724.153	0.028	-0.5747	-3.739	-10.164	OK	44c8be367ca8a3918e67d3d2b62de9e0169cdee5	cargo run -p jxl-encoder --release --features 'parallel butteraugli-loop ssim2-loop' --example w44_170_cjxl_step025_sweep -- --image 1025469 --effort 9 --distance-min 1 --distance-max 1 --distance-step 1 --strategy zenjxl --corpus-manifest benchmarks/corpora/w44_170_varied_corpus.tsv
1025469	cid22	512	512	zenjxl	9	1.2500	30073	30159	84.8688	85.2589	1.535830	1.533757	1646.736	2256.747	-0.285	-0.3901	0.135	-27.031	OK	44c8be367ca8a3918e67d3d2b62de9e0169cdee5	cargo run -p jxl-encoder --release --features 'parallel butteraugli-loop ssim2-loop' --example w44_170_cjxl_step025_sweep -- --image 1025469 --effort 9 --distance-min 1.25 --distance-max 1.25 --distance-step 1.25 --strategy zenjxl --corpus-manifest benchmarks/corpora/w44_170_varied_corpus.tsv
1025469	cid22	512	512	zenjxl	9	1.5000	26112	26284	82.4573	82.5756	1.820701	1.827328	1996.636	2364.296	-0.654	-0.1184	-0.363	-15.551	OK	44c8be367ca8a3918e67d3d2b62de9e0169cdee5	cargo run -p jxl-encoder --release --features 'parallel butteraugli-loop ssim2-loop' --example w44_170_cjxl_step025_sweep -- --image 1025469 --effort 9 --distance-min 1.5 --distance-max 1.5 --distance-step 1.5 --strategy zenjxl --corpus-manifest benchmarks/corpora/w44_170_varied_corpus.tsv
1025469	cid22	512	512	zenjxl	9	1.7500	22973	23483	80.3133	80.7589	1.902556	1.894651	2078.620	2161.648	-2.172	-0.4456	0.417	-3.841	OK	44c8be367ca8a3918e67d3d2b62de9e0169cdee5	cargo run -p jxl-encoder --release --features 'parallel butteraugli-loop ssim2-loop' --example w44_170_cjxl_step025_sweep -- --image 1025469 --effort 9 --distance-min 1.75 --distance-max 1.75 --distance-step 1.75 --strategy zenjxl --corpus-manifest benchmarks/corpora/w44_170_varied_corpus.tsv
1025469	cid22	512	512	zenjxl	9	2.0000	20494	21008	78.5006	78.8558	2.073131	2.075254	1773.015	2022.135	-2.447	-0.3552	-0.102	-12.320	OK	44c8be367ca8a3918e67d3d2b62de9e0169cdee5	cargo run -p jxl-encoder --release --features 'parallel butteraugli-loop ssim2-loop' --example w44_170_cjxl_step025_sweep -- --image 1025469 --effort 9 --distance-min 2 --distance-max 2 --distance-step 2 --strategy zenjxl --corpus-manifest benchmarks/corpora/w44_170_varied_corpus.tsv
1025469	cid22	512	512	zenjxl	9	2.2500	18465	19108	76.4738	76.5175	2.386338	2.495846	2188.141	2212.448	-3.365	-0.0437	-4.388	-1.099	OK	44c8be367ca8a3918e67d3d2b62de9e0169cdee5	cargo run -p jxl-encoder --release --features 'parallel butteraugli-loop ssim2-loop' --example w44_170_cjxl_step025_sweep -- --image 1025469 --effort 9 --distance-min 2.25 --distance-max 2.25 --distance-step 2.25 --strategy zenjxl --corpus-manifest benchmarks/corpora/w44_170_varied_corpus.tsv
1025469	cid22	512	512	zenjxl	9	2.5000	17067	17694	74.3199	74.6049	2.589925	2.604743	1838.323	1932.376	-3.544	-0.2850	-0.569	-4.867	OK	44c8be367ca8a3918e67d3d2b62de9e0169cdee5	cargo run -p jxl-encoder --release --features 'parallel butteraugli-loop ssim2-loop' --example w44_170_cjxl_step025_sweep -- --image 1025469 --effort 9 --distance-min 2.5 --distance-max 2.5 --distance-step 2.5 --strategy zenjxl --corpus-manifest benchmarks/corpora/w44_170_varied_corpus.tsv
1025469	cid22	512	512	zenjxl	9	2.7500	15675	16272	72.2354	73.0236	2.711185	2.741898	1887.066	2443.190	-3.669	-0.7882	-1.120	-22.762	OK	44c8be367ca8a3918e67d3d2b62de9e0169cdee5	cargo run -p jxl-encoder --release --features 'parallel butteraugli-loop ssim2-loop' --example w44_170_cjxl_step025_sweep -- --image 1025469 --effort 9 --distance-min 2.75 --distance-max 2.75 --distance-step 2.75 --strategy zenjxl --corpus-manifest benchmarks/corpora/w44_170_varied_corpus.tsv
1025469	cid22	512	512	zenjxl	9	3.0000	14603	15346	69.6399	70.3009	3.094816	2.912284	1503.675	1823.836	-4.842	-0.6610	6.268	-17.554	OK	44c8be367ca8a3918e67d3d2b62de9e0169cdee5	cargo run -p jxl-encoder --release --features 'parallel butteraugli-loop ssim2-loop' --example w44_170_cjxl_step025_sweep -- --image 1025469 --effort 9 --distance-min 3 --distance-max 3 --distance-step 3 --strategy zenjxl --corpus-manifest benchmarks/corpora/w44_170_varied_corpus.tsv
1025469	cid22	512	512	zenjxl	9	3.2500	13487	14399	68.1021	68.5831	3.297858	3.018332	1795.910	2234.905	-6.334	-0.4811	9.261	-19.643	OK	44c8be367ca8a3918e67d3d2b62de9e0169cdee5	cargo run -p jxl-encoder --release --features 'parallel butteraugli-loop ssim2-loop' --example w44_170_cjxl_step025_sweep -- --image 1025469 --effort 9 --distance-min 3.25 --distance-max 3.25 --distance-step 3.25 --strategy zenjxl --corpus-manifest benchmarks/corpora/w44_170_varied_corpus.tsv
1025469	cid22	512	512	zenjxl	9	3.5000	12697	13495	66.0378	66.8500	3.827174	4.081243	1893.657	2148.352	-5.913	-0.8121	-6.225	-11.855	OK	44c8be367ca8a3918e67d3d2b62de9e0169cdee5	cargo run -p jxl-encoder --release --features 'parallel butteraugli-loop ssim2-loop' --example w44_170_cjxl_step025_sweep -- --image 1025469 --effort 9 --distance-min 3.5 --distance-max 3.5 --distance-step 3.5 --strategy zenjxl --corpus-manifest benchmarks/corpora/w44_170_varied_corpus.tsv
1025469	cid22	512	512	zenjxl	9	3.7500	11931	12736	63.4972	64.5752	4.113312	4.077169	1901.718	1998.549	-6.321	-1.0780	0.886	-4.845	OK	44c8be367ca8a3918e67d3d2b62de9e0169cdee5	cargo run -p jxl-encoder --release --features 'parallel butteraugli-loop ssim2-loop' --example w44_170_cjxl_step025_sweep -- --image 1025469 --effort 9 --distance-min 3.75 --distance-max 3.75 --distance-step 3.75 --strategy zenjxl --corpus-manifest benchmarks/corpora/w44_170_varied_corpus.tsv
1025469	cid22	512	512	zenjxl	9	4.0000	11406	12219	62.6040	63.2392	3.820097	4.090178	2187.192	2008.880	-6.654	-0.6352	-6.603	8.876	OK	44c8be367ca8a3918e67d3d2b62de9e0169cdee5	cargo run -p jxl-encoder --release --features 'parallel butteraugli-loop ssim2-loop' --example w44_170_cjxl_step025_sweep -- --image 1025469 --effort 9 --distance-min 4 --distance-max 4 --distance-step 4 --strategy zenjxl --corpus-manifest benchmarks/corpora/w44_170_varied_corpus.tsv
1025469	cid22	512	512	zenjxl	9	4.2500	11052	11932	60.1171	60.7851	3.948114	4.150997	2099.042	2524.611	-7.375	-0.6681	-4.888	-16.857	OK	44c8be367ca8a3918e67d3d2b62de9e0169cdee5	cargo run -p jxl-encoder --release --features 'parallel butteraugli-loop ssim2-loop' --example w44_170_cjxl_step025_sweep -- --image 1025469 --effort 9 --distance-min 4.25 --distance-max 4.25 --distance-step 4.25 --strategy zenjxl --corpus-manifest benchmarks/corpora/w44_170_varied_corpus.tsv
1025469	cid22	512	512	zenjxl	9	4.5000	10379	11458	58.4992	58.7528	4.332329	4.343229	2039.475	2127.282	-9.417	-0.2536	-0.251	-4.128	OK	44c8be367ca8a3918e67d3d2b62de9e0169cdee5	cargo run -p jxl-encoder --release --features 'parallel butteraugli-loop ssim2-loop' --example w44_170_cjxl_step025_sweep -- --image 1025469 --effort 9 --distance-min 4.5 --distance-max 4.5 --distance-step 4.5 --strategy zenjxl --corpus-manifest benchmarks/corpora/w44_170_varied_corpus.tsv
1025469	cid22	512	512	zenjxl	9	4.7500	9668	10465	56.2185	57.0351	4.436712	4.592836	2168.404	2454.032	-7.616	-0.8166	-3.399	-11.639	OK	44c8be367ca8a3918e67d3d2b62de9e0169cdee5	cargo run -p jxl-encoder --release --features 'parallel butteraugli-loop ssim2-loop' --example w44_170_cjxl_step025_sweep -- --image 1025469 --effort 9 --distance-min 4.75 --distance-max 4.75 --distance-step 4.75 --strategy zenjxl --corpus-manifest benchmarks/corpora/w44_170_varied_corpus.tsv
1025469	cid22	512	512	zenjxl	9	5.0000	9287	10139	54.5896	55.1609	4.444746	4.571290	1766.758	2425.094	-8.403	-0.5713	-2.768	-27.147	OK	44c8be367ca8a3918e67d3d2b62de9e0169cdee5	cargo run -p jxl-encoder --release --features 'parallel butteraugli-loop ssim2-loop' --example w44_170_cjxl_step025_sweep -- --image 1025469 --effort 9 --distance-min 5 --distance-max 5 --distance-step 5 --strategy zenjxl --corpus-manifest benchmarks/corpora/w44_170_varied_corpus.tsv
1189261	cid22	512	512	zenjxl	5	0.2500	157025	156106	94.0269	93.8851	0.461225	0.543957	223.484	242.350	0.589	0.1418	-15.209	-7.784	OK	44c8be367ca8a3918e67d3d2b62de9e0169cdee5	cargo run -p jxl-encoder --release --features 'parallel butteraugli-loop ssim2-loop' --example w44_170_cjxl_step025_sweep -- --image 1189261 --effort 5 --distance-min 0.25 --distance-max 0.25 --distance-step 0.25 --strategy zenjxl --corpus-manifest benchmarks/corpora/w44_170_varied_corpus.tsv
1189261	cid22	512	512	zenjxl	5	0.5000	104510	104752	91.7992	91.6778	0.802410	0.822214	208.826	297.281	-0.231	0.1214	-2.409	-29.755	OK	44c8be367ca8a3918e67d3d2b62de9e0169cdee5	cargo run -p jxl-encoder --release --features 'parallel butteraugli-loop ssim2-loop' --example w44_170_cjxl_step025_sweep -- --image 1189261 --effort 5 --distance-min 0.5 --distance-max 0.5 --distance-step 0.5 --strategy zenjxl --corpus-manifest benchmarks/corpora/w44_170_varied_corpus.tsv
1189261	cid22	512	512	zenjxl	5	0.7500	78359	78544	88.9759	88.9492	1.097699	1.098248	138.414	249.606	-0.236	0.0267	-0.050	-44.547	OK	44c8be367ca8a3918e67d3d2b62de9e0169cdee5	cargo run -p jxl-encoder --release --features 'parallel butteraugli-loop ssim2-loop' --example w44_170_cjxl_step025_sweep -- --image 1189261 --effort 5 --distance-min 0.75 --distance-max 0.75 --distance-step 0.75 --strategy zenjxl --corpus-manifest benchmarks/corpora/w44_170_varied_corpus.tsv
1189261	cid22	512	512	zenjxl	5	1.0000	64460	64584	86.6916	86.6134	1.328577	1.324982	172.253	308.466	-0.192	0.0782	0.271	-44.158	OK	44c8be367ca8a3918e67d3d2b62de9e0169cdee5	cargo run -p jxl-encoder --release --features 'parallel butteraugli-loop ssim2-loop' --example w44_170_cjxl_step025_sweep -- --image 1189261 --effort 5 --distance-min 1 --distance-max 1 --distance-step 1 --strategy zenjxl --corpus-manifest benchmarks/corpora/w44_170_varied_corpus.tsv
1189261	cid22	512	512	zenjxl	5	1.2500	55038	55217	84.4589	84.4580	1.635182	1.659015	147.535	215.050	-0.324	0.0009	-1.437	-31.395	OK	44c8be367ca8a3918e67d3d2b62de9e0169cdee5	cargo run -p jxl-encoder --release --features 'parallel butteraugli-loop ssim2-loop' --example w44_170_cjxl_step025_sweep -- --image 1189261 --effort 5 --distance-min 1.25 --distance-max 1.25 --distance-step 1.25 --strategy zenjxl --corpus-manifest benchmarks/corpora/w44_170_varied_corpus.tsv
1189261	cid22	512	512	zenjxl	5	1.5000	48144	48201	82.5470	82.4307	2.334745	2.326470	150.737	159.555	-0.118	0.1162	0.356	-5.526	OK	44c8be367ca8a3918e67d3d2b62de9e0169cdee5	cargo run -p jxl-encoder --release --features 'parallel butteraugli-loop ssim2-loop' --example w44_170_cjxl_step025_sweep -- --image 1189261 --effort 5 --distance-min 1.5 --distance-max 1.5 --distance-step 1.5 --strategy zenjxl --corpus-manifest benchmarks/corpora/w44_170_varied_corpus.tsv
1189261	cid22	512	512	zenjxl	5	1.7500	42997	43146	80.6358	80.6362	2.259694	2.264630	203.873	176.763	-0.345	-0.0004	-0.218	15.337	OK	44c8be367ca8a3918e67d3d2b62de9e0169cdee5	cargo run -p jxl-encoder --release --features 'parallel butteraugli-loop ssim2-loop' --example w44_170_cjxl_step025_sweep -- --image 1189261 --effort 5 --distance-min 1.75 --distance-max 1.75 --distance-step 1.75 --strategy zenjxl --corpus-manifest benchmarks/corpora/w44_170_varied_corpus.tsv
1189261	cid22	512	512	zenjxl	5	2.0000	38923	39009	78.7996	78.7477	2.573416	2.567533	185.623	177.494	-0.220	0.0519	0.229	4.580	OK	44c8be367ca8a3918e67d3d2b62de9e0169cdee5	cargo run -p jxl-encoder --release --features 'parallel butteraugli-loop ssim2-loop' --example w44_170_cjxl_step025_sweep -- --image 1189261 --effort 5 --distance-min 2 --distance-max 2 --distance-step 2 --strategy zenjxl --corpus-manifest benchmarks/corpora/w44_170_varied_corpus.tsv
1189261	cid22	512	512	zenjxl	5	2.2500	35629	35760	76.4603	76.4878	2.797687	2.777297	132.745	326.927	-0.366	-0.0274	0.734	-59.396	OK	44c8be367ca8a3918e67d3d2b62de9e0169cdee5	cargo run -p jxl-encoder --release --features 'parallel butteraugli-loop ssim2-loop' --example w44_170_cjxl_step025_sweep -- --image 1189261 --effort 5 --distance-min 2.25 --distance-max 2.25 --distance-step 2.25 --strategy zenjxl --corpus-manifest benchmarks/corpora/w44_170_varied_corpus.tsv
1189261	cid22	512	512	zenjxl	5	2.5000	32593	32793	74.6235	74.3765	3.002266	2.977139	150.703	294.469	-0.610	0.2470	0.844	-48.822	OK	44c8be367ca8a3918e67d3d2b62de9e0169cdee5	cargo run -p jxl-encoder --release --features 'parallel butteraugli-loop ssim2-loop' --example w44_170_cjxl_step025_sweep -- --image 1189261 --effort 5 --distance-min 2.5 --distance-max 2.5 --distance-step 2.5 --strategy zenjxl --corpus-manifest benchmarks/corpora/w44_170_varied_corpus.tsv
1189261	cid22	512	512	zenjxl	5	2.7500	30679	30891	72.5082	72.4617	3.074481	2.963587	181.272	244.456	-0.686	0.0464	3.742	-25.847	OK	44c8be367ca8a3918e67d3d2b62de9e0169cdee5	cargo run -p jxl-encoder --release --features 'parallel butteraugli-loop ssim2-loop' --example w44_170_cjxl_step025_sweep -- --image 1189261 --effort 5 --distance-min 2.75 --distance-max 2.75 --distance-step 2.75 --strategy zenjxl --corpus-manifest benchmarks/corpora/w44_170_varied_corpus.tsv
1189261	cid22	512	512	zenjxl	5	3.0000	28263	28859	70.8996	71.0663	3.113842	3.223667	163.034	203.523	-2.065	-0.1667	-3.407	-19.894	OK	44c8be367ca8a3918e67d3d2b62de9e0169cdee5	cargo run -p jxl-encoder --release --features 'parallel butteraugli-loop ssim2-loop' --example w44_170_cjxl_step025_sweep -- --image 1189261 --effort 5 --distance-min 3 --distance-max 3 --distance-step 3 --strategy zenjxl --corpus-manifest benchmarks/corpora/w44_170_varied_corpus.tsv
1189261	cid22	512	512	zenjxl	5	3.2500	26202	26778	68.8746	68.7621	3.124563	3.122637	212.716	268.482	-2.151	0.1125	0.062	-20.771	OK	44c8be367ca8a3918e67d3d2b62de9e0169cdee5	cargo run -p jxl-encoder --release --features 'parallel butteraugli-loop ssim2-loop' --example w44_170_cjxl_step025_sweep -- --image 1189261 --effort 5 --distance-min 3.25 --distance-max 3.25 --distance-step 3.25 --strategy zenjxl --corpus-manifest benchmarks/corpora/w44_170_varied_corpus.tsv
1189261	cid22	512	512	zenjxl	5	3.5000	24758	25371	66.9568	66.9577	3.995946	3.292117	179.680	322.443	-2.416	-0.0009	21.379	-44.275	OK	44c8be367ca8a3918e67d3d2b62de9e0169cdee5	cargo run -p jxl-encoder --release --features 'parallel butteraugli-loop ssim2-loop' --example w44_170_cjxl_step025_sweep -- --image 1189261 --effort 5 --distance-min 3.5 --distance-max 3.5 --distance-step 3.5 --strategy zenjxl --corpus-manifest benchmarks/corpora/w44_170_varied_corpus.tsv
1189261	cid22	512	512	zenjxl	5	3.7500	23467	24082	66.2015	66.2088	3.734613	3.847719	173.297	170.900	-2.554	-0.0073	-2.940	1.402	OK	44c8be367ca8a3918e67d3d2b62de9e0169cdee5	cargo run -p jxl-encoder --release --features 'parallel butteraugli-loop ssim2-loop' --example w44_170_cjxl_step025_sweep -- --image 1189261 --effort 5 --distance-min 3.75 --distance-max 3.75 --distance-step 3.75 --strategy zenjxl --corpus-manifest benchmarks/corpora/w44_170_varied_corpus.tsv
1189261	cid22	512	512	zenjxl	5	4.0000	22261	22811	61.2178	60.8805	4.384778	3.916037	353.542	233.694	-2.411	0.3373	11.970	51.284	OK	44c8be367ca8a3918e67d3d2b62de9e0169cdee5	cargo run -p jxl-encoder --release --features 'parallel butteraugli-loop ssim2-loop' --example w44_170_cjxl_step025_sweep -- --image 1189261 --effort 5 --distance-min 4 --distance-max 4 --distance-step 4 --strategy zenjxl --corpus-manifest benchmarks/corpora/w44_170_varied_corpus.tsv
1189261	cid22	512	512	zenjxl	5	4.2500	21091	21773	58.8318	58.9448	4.055614	4.041475	155.662	281.638	-3.132	-0.1129	0.350	-44.730	OK	44c8be367ca8a3918e67d3d2b62de9e0169cdee5	cargo run -p jxl-encoder --release --features 'parallel butteraugli-loop ssim2-loop' --example w44_170_cjxl_step025_sweep -- --image 1189261 --effort 5 --distance-min 4.25 --distance-max 4.25 --distance-step 4.25 --strategy zenjxl --corpus-manifest benchmarks/corpora/w44_170_varied_corpus.tsv
1189261	cid22	512	512	zenjxl	5	4.5000	19968	20783	57.9496	57.5373	4.885008	4.069977	133.249	338.299	-3.921	0.4123	20.025	-60.612	OK	44c8be367ca8a3918e67d3d2b62de9e0169cdee5	cargo run -p jxl-encoder --release --features 'parallel butteraugli-loop ssim2-loop' --example w44_170_cjxl_step025_sweep -- --image 1189261 --effort 5 --distance-min 4.5 --distance-max 4.5 --distance-step 4.5 --strategy zenjxl --corpus-manifest benchmarks/corpora/w44_170_varied_corpus.tsv
1189261	cid22	512	512	zenjxl	5	4.7500	19048	19899	56.4278	55.5400	5.133546	5.123033	129.514	263.763	-4.277	0.8878	0.205	-50.898	OK	44c8be367ca8a3918e67d3d2b62de9e0169cdee5	cargo run -p jxl-encoder --release --features 'parallel butteraugli-loop ssim2-loop' --example w44_170_cjxl_step025_sweep -- --image 1189261 --effort 5 --distance-min 4.75 --distance-max 4.75 --distance-step 4.75 --strategy zenjxl --corpus-manifest benchmarks/corpora/w44_170_varied_corpus.tsv
1189261	cid22	512	512	zenjxl	5	5.0000	18308	19021	55.4232	54.5609	5.017675	4.982890	163.348	198.625	-3.748	0.8624	0.698	-17.761	OK	44c8be367ca8a3918e67d3d2b62de9e0169cdee5	cargo run -p jxl-encoder --release --features 'parallel butteraugli-loop ssim2-loop' --example w44_170_cjxl_step025_sweep -- --image 1189261 --effort 5 --distance-min 5 --distance-max 5 --distance-step 5 --strategy zenjxl --corpus-manifest benchmarks/corpora/w44_170_varied_corpus.tsv
1189261	cid22	512	512	zenjxl	6	0.2500	156558	155682	94.0594	93.8620	0.461226	0.544073	290.121	273.039	0.563	0.1975	-15.227	6.256	OK	44c8be367ca8a3918e67d3d2b62de9e0169cdee5	cargo run -p jxl-encoder --release --features 'parallel butteraugli-loop ssim2-loop' --example w44_170_cjxl_step025_sweep -- --image 1189261 --effort 6 --distance-min 0.25 --distance-max 0.25 --distance-step 0.25 --strategy zenjxl --corpus-manifest benchmarks/corpora/w44_170_varied_corpus.tsv
1189261	cid22	512	512	zenjxl	6	0.5000	104124	104058	91.8167	91.5303	0.802411	0.823767	240.298	247.897	0.063	0.2864	-2.592	-3.066	OK	44c8be367ca8a3918e67d3d2b62de9e0169cdee5	cargo run -p jxl-encoder --release --features 'parallel butteraugli-loop ssim2-loop' --example w44_170_cjxl_step025_sweep -- --image 1189261 --effort 6 --distance-min 0.5 --distance-max 0.5 --distance-step 0.5 --strategy zenjxl --corpus-manifest benchmarks/corpora/w44_170_varied_corpus.tsv
1189261	cid22	512	512	zenjxl	6	0.7500	78113	78303	89.0094	89.0429	1.099730	1.105418	333.296	449.177	-0.243	-0.0335	-0.514	-25.799	OK	44c8be367ca8a3918e67d3d2b62de9e0169cdee5	cargo run -p jxl-encoder --release --features 'parallel butteraugli-loop ssim2-loop' --example w44_170_cjxl_step025_sweep -- --image 1189261 --effort 6 --distance-min 0.75 --distance-max 0.75 --distance-step 0.75 --strategy zenjxl --corpus-manifest benchmarks/corpora/w44_170_varied_corpus.tsv
1189261	cid22	512	512	zenjxl	6	1.0000	64413	64371	86.6873	86.6801	1.333797	1.206728	308.214	339.015	0.065	0.0072	10.530	-9.086	OK	44c8be367ca8a3918e67d3d2b62de9e0169cdee5	cargo run -p jxl-encoder --release --features 'parallel butteraugli-loop ssim2-loop' --example w44_170_cjxl_step025_sweep -- --image 1189261 --effort 6 --distance-min 1 --distance-max 1 --distance-step 1 --strategy zenjxl --corpus-manifest benchmarks/corpora/w44_170_varied_corpus.tsv
1189261	cid22	512	512	zenjxl	6	1.2500	54962	54942	84.4797	84.5604	1.636232	1.671652	336.469	519.013	0.036	-0.0807	-2.119	-35.171	OK	44c8be367ca8a3918e67d3d2b62de9e0169cdee5	cargo run -p jxl-encoder --release --features 'parallel butteraugli-loop ssim2-loop' --example w44_170_cjxl_step025_sweep -- --image 1189261 --effort 6 --distance-min 1.25 --distance-max 1.25 --distance-step 1.25 --strategy zenjxl --corpus-manifest benchmarks/corpora/w44_170_varied_corpus.tsv
1189261	cid22	512	512	zenjxl	6	1.5000	48231	48207	82.5682	82.5816	2.320785	2.312575	272.018	145.440	0.050	-0.0134	0.355	87.032	OK	44c8be367ca8a3918e67d3d2b62de9e0169cdee5	cargo run -p jxl-encoder --release --features 'parallel butteraugli-loop ssim2-loop' --example w44_170_cjxl_step025_sweep -- --image 1189261 --effort 6 --distance-min 1.5 --distance-max 1.5 --distance-step 1.5 --strategy zenjxl --corpus-manifest benchmarks/corpora/w44_170_varied_corpus.tsv
1189261	cid22	512	512	zenjxl	6	1.7500	43289	43377	80.7266	80.7792	2.204800	2.074194	261.909	323.088	-0.203	-0.0526	6.297	-18.936	OK	44c8be367ca8a3918e67d3d2b62de9e0169cdee5	cargo run -p jxl-encoder --release --features 'parallel butteraugli-loop ssim2-loop' --example w44_170_cjxl_step025_sweep -- --image 1189261 --effort 6 --distance-min 1.75 --distance-max 1.75 --distance-step 1.75 --strategy zenjxl --corpus-manifest benchmarks/corpora/w44_170_varied_corpus.tsv
1189261	cid22	512	512	zenjxl	6	2.0000	39385	39338	78.8523	78.9832	2.344997	2.329523	327.439	273.171	0.119	-0.1310	0.664	19.866	OK	44c8be367ca8a3918e67d3d2b62de9e0169cdee5	cargo run -p jxl-encoder --release --features 'parallel butteraugli-loop ssim2-loop' --example w44_170_cjxl_step025_sweep -- --image 1189261 --effort 6 --distance-min 2 --distance-max 2 --distance-step 2 --strategy zenjxl --corpus-manifest benchmarks/corpora/w44_170_varied_corpus.tsv
1189261	cid22	512	512	zenjxl	6	2.2500	36062	35947	76.5292	76.6457	2.776674	2.767292	303.476	376.474	0.320	-0.1165	0.339	-19.390	OK	44c8be367ca8a3918e67d3d2b62de9e0169cdee5	cargo run -p jxl-encoder --release --features 'parallel butteraugli-loop ssim2-loop' --example w44_170_cjxl_step025_sweep -- --image 1189261 --effort 6 --distance-min 2.25 --distance-max 2.25 --distance-step 2.25 --strategy zenjxl --corpus-manifest benchmarks/corpora/w44_170_varied_corpus.tsv
1189261	cid22	512	512	zenjxl	6	2.5000	33062	33149	74.9200	74.9359	2.812358	2.840825	317.012	363.679	-0.262	-0.0159	-1.002	-12.832	OK	44c8be367ca8a3918e67d3d2b62de9e0169cdee5	cargo run -p jxl-encoder --release --features 'parallel butteraugli-loop ssim2-loop' --example w44_170_cjxl_step025_sweep -- --image 1189261 --effort 6 --distance-min 2.5 --distance-max 2.5 --distance-step 2.5 --strategy zenjxl --corpus-manifest benchmarks/corpora/w44_170_varied_corpus.tsv
1189261	cid22	512	512	zenjxl	6	2.7500	31221	31085	73.2063	73.4804	2.942756	3.158810	355.842	320.526	0.438	-0.2741	-6.840	11.018	OK	44c8be367ca8a3918e67d3d2b62de9e0169cdee5	cargo run -p jxl-encoder --release --features 'parallel butteraugli-loop ssim2-loop' --example w44_170_cjxl_step025_sweep -- --image 1189261 --effort 6 --distance-min 2.75 --distance-max 2.75 --distance-step 2.75 --strategy zenjxl --corpus-manifest benchmarks/corpora/w44_170_varied_corpus.tsv
1189261	cid22	512	512	zenjxl	6	3.0000	28914	29331	71.6125	72.0091	3.100787	3.187688	292.438	671.234	-1.422	-0.3966	-2.726	-56.433	OK	44c8be367ca8a3918e67d3d2b62de9e0169cdee5	cargo run -p jxl-encoder --release --features 'parallel butteraugli-loop ssim2-loop' --example w44_170_cjxl_step025_sweep -- --image 1189261 --effort 6 --distance-min 3 --distance-max 3 --distance-step 3 --strategy zenjxl --corpus-manifest benchmarks/corpora/w44_170_varied_corpus.tsv
1189261	cid22	512	512	zenjxl	6	3.2500	26905	27425	69.7337	70.0843	3.756801	3.379906	401.290	343.759	-1.896	-0.3506	11.151	16.736	OK	44c8be367ca8a3918e67d3d2b62de9e0169cdee5	cargo run -p jxl-encoder --release --features 'parallel butteraugli-loop ssim2-loop' --example w44_170_cjxl_step025_sweep -- --image 1189261 --effort 6 --distance-min 3.25 --distance-max 3.25 --distance-step 3.25 --strategy zenjxl --corpus-manifest benchmarks/corpora/w44_170_varied_corpus.tsv
1189261	cid22	512	512	zenjxl	6	3.5000	25526	25901	67.8504	67.9456	3.376789	3.423316	284.214	377.388	-1.448	-0.0952	-1.359	-24.689	OK	44c8be367ca8a3918e67d3d2b62de9e0169cdee5	cargo run -p jxl-encoder --release --features 'parallel butteraugli-loop ssim2-loop' --example w44_170_cjxl_step025_sweep -- --image 1189261 --effort 6 --distance-min 3.5 --distance-max 3.5 --distance-step 3.5 --strategy zenjxl --corpus-manifest benchmarks/corpora/w44_170_varied_corpus.tsv
1189261	cid22	512	512	zenjxl	6	3.7500	24163	24730	67.1770	67.2635	3.815376	3.535205	302.504	345.281	-2.293	-0.0864	7.925	-12.389	OK	44c8be367ca8a3918e67d3d2b62de9e0169cdee5	cargo run -p jxl-encoder --release --features 'parallel butteraugli-loop ssim2-loop' --example w44_170_cjxl_step025_sweep -- --image 1189261 --effort 6 --distance-min 3.75 --distance-max 3.75 --distance-step 3.75 --strategy zenjxl --corpus-manifest benchmarks/corpora/w44_170_varied_corpus.tsv
1189261	cid22	512	512	zenjxl	6	4.0000	23267	23729	65.5957	65.4771	4.073109	4.387672	440.471	358.597	-1.947	0.1186	-7.169	22.832	OK	44c8be367ca8a3918e67d3d2b62de9e0169cdee5	cargo run -p jxl-encoder --release --features 'parallel butteraugli-loop ssim2-loop' --example w44_170_cjxl_step025_sweep -- --image 1189261 --effort 6 --distance-min 4 --distance-max 4 --distance-step 4 --strategy zenjxl --corpus-manifest benchmarks/corpora/w44_170_varied_corpus.tsv
1189261	cid22	512	512	zenjxl	6	4.2500	21684	22383	63.4791	62.8542	4.596814	4.638182	450.200	503.856	-3.123	0.6250	-0.892	-10.649	OK	44c8be367ca8a3918e67d3d2b62de9e0169cdee5	cargo run -p jxl-encoder --release --features 'parallel butteraugli-loop ssim2-loop' --example w44_170_cjxl_step025_sweep -- --image 1189261 --effort 6 --distance-min 4.25 --distance-max 4.25 --distance-step 4.25 --strategy zenjxl --corpus-manifest benchmarks/corpora/w44_170_varied_corpus.tsv
1189261	cid22	512	512	zenjxl	6	4.5000	20571	21363	62.3965	62.1011	4.364551	4.699029	371.506	334.125	-3.707	0.2954	-7.118	11.188	OK	44c8be367ca8a3918e67d3d2b62de9e0169cdee5	cargo run -p jxl-encoder --release --features 'parallel butteraugli-loop ssim2-loop' --example w44_170_cjxl_step025_sweep -- --image 1189261 --effort 6 --distance-min 4.5 --distance-max 4.5 --distance-step 4.5 --strategy zenjxl --corpus-manifest benchmarks/corpora/w44_170_varied_corpus.tsv
1189261	cid22	512	512	zenjxl	6	4.7500	19515	20220	60.9226	60.5687	4.859214	4.826694	295.395	385.119	-3.487	0.3539	0.674	-23.298	OK	44c8be367ca8a3918e67d3d2b62de9e0169cdee5	cargo run -p jxl-encoder --release --features 'parallel butteraugli-loop ssim2-loop' --example w44_170_cjxl_step025_sweep -- --image 1189261 --effort 6 --distance-min 4.75 --distance-max 4.75 --distance-step 4.75 --strategy zenjxl --corpus-manifest benchmarks/corpora/w44_170_varied_corpus.tsv
1189261	cid22	512	512	zenjxl	6	5.0000	18775	19457	60.0650	59.8905	4.827559	4.851011	339.891	364.043	-3.505	0.1745	-0.483	-6.634	OK	44c8be367ca8a3918e67d3d2b62de9e0169cdee5	cargo run -p jxl-encoder --release --features 'parallel butteraugli-loop ssim2-loop' --example w44_170_cjxl_step025_sweep -- --image 1189261 --effort 6 --distance-min 5 --distance-max 5 --distance-step 5 --strategy zenjxl --corpus-manifest benchmarks/corpora/w44_170_varied_corpus.tsv
1189261	cid22	512	512	zenjxl	7	0.2500	161265	160169	94.0882	94.0047	0.464265	0.528268	436.432	283.231	0.684	0.0834	-12.116	54.090	OK	44c8be367ca8a3918e67d3d2b62de9e0169cdee5	cargo run -p jxl-encoder --release --features 'parallel butteraugli-loop ssim2-loop' --example w44_170_cjxl_step025_sweep -- --image 1189261 --effort 7 --distance-min 0.25 --distance-max 0.25 --distance-step 0.25 --strategy zenjxl --corpus-manifest benchmarks/corpora/w44_170_varied_corpus.tsv
1189261	cid22	512	512	zenjxl	7	0.5000	106852	106894	91.7682	91.3892	0.776716	0.778297	270.646	264.077	-0.039	0.3790	-0.203	2.488	OK	44c8be367ca8a3918e67d3d2b62de9e0169cdee5	cargo run -p jxl-encoder --release --features 'parallel butteraugli-loop ssim2-loop' --example w44_170_cjxl_step025_sweep -- --image 1189261 --effort 7 --distance-min 0.5 --distance-max 0.5 --distance-step 0.5 --strategy zenjxl --corpus-manifest benchmarks/corpora/w44_170_varied_corpus.tsv
1189261	cid22	512	512	zenjxl	7	0.7500	80115	80133	89.2634	89.2681	1.122549	1.145560	313.586	374.980	-0.022	-0.0048	-2.009	-16.373	OK	44c8be367ca8a3918e67d3d2b62de9e0169cdee5	cargo run -p jxl-encoder --release --features 'parallel butteraugli-loop ssim2-loop' --example w44_170_cjxl_step025_sweep -- --image 1189261 --effort 7 --distance-min 0.75 --distance-max 0.75 --distance-step 0.75 --strategy zenjxl --corpus-manifest benchmarks/corpora/w44_170_varied_corpus.tsv
1189261	cid22	512	512	zenjxl	7	1.0000	66087	65994	86.8700	87.0541	1.356464	1.257007	349.384	419.129	0.141	-0.1841	7.912	-16.640	OK	44c8be367ca8a3918e67d3d2b62de9e0169cdee5	cargo run -p jxl-encoder --release --features 'parallel butteraugli-loop ssim2-loop' --example w44_170_cjxl_step025_sweep -- --image 1189261 --effort 7 --distance-min 1 --distance-max 1 --distance-step 1 --strategy zenjxl --corpus-manifest benchmarks/corpora/w44_170_varied_corpus.tsv
1189261	cid22	512	512	zenjxl	7	1.2500	56233	56087	84.7099	84.8539	1.636395	1.646195	373.554	561.636	0.260	-0.1440	-0.595	-33.488	OK	44c8be367ca8a3918e67d3d2b62de9e0169cdee5	cargo run -p jxl-encoder --release --features 'parallel butteraugli-loop ssim2-loop' --example w44_170_cjxl_step025_sweep -- --image 1189261 --effort 7 --distance-min 1.25 --distance-max 1.25 --distance-step 1.25 --strategy zenjxl --corpus-manifest benchmarks/corpora/w44_170_varied_corpus.tsv
1189261	cid22	512	512	zenjxl	7	1.5000	49319	49276	82.8104	82.5757	2.320422	2.310601	348.938	334.088	0.087	0.2347	0.425	4.445	OK	44c8be367ca8a3918e67d3d2b62de9e0169cdee5	cargo run -p jxl-encoder --release --features 'parallel butteraugli-loop ssim2-loop' --example w44_170_cjxl_step025_sweep -- --image 1189261 --effort 7 --distance-min 1.5 --distance-max 1.5 --distance-step 1.5 --strategy zenjxl --corpus-manifest benchmarks/corpora/w44_170_varied_corpus.tsv
1189261	cid22	512	512	zenjxl	7	1.7500	44211	44150	81.0787	80.9983	2.204993	2.072364	424.289	429.000	0.138	0.0804	6.400	-1.098	OK	44c8be367ca8a3918e67d3d2b62de9e0169cdee5	cargo run -p jxl-encoder --release --features 'parallel butteraugli-loop ssim2-loop' --example w44_170_cjxl_step025_sweep -- --image 1189261 --effort 7 --distance-min 1.75 --distance-max 1.75 --distance-step 1.75 --strategy zenjxl --corpus-manifest benchmarks/corpora/w44_170_varied_corpus.tsv
1189261	cid22	512	512	zenjxl	7	2.0000	39913	40101	78.6719	79.2778	2.345220	2.328590	385.117	462.794	-0.469	-0.6059	0.714	-16.784	OK	44c8be367ca8a3918e67d3d2b62de9e0169cdee5	cargo run -p jxl-encoder --release --features 'parallel butteraugli-loop ssim2-loop' --example w44_170_cjxl_step025_sweep -- --image 1189261 --effort 7 --distance-min 2 --distance-max 2 --distance-step 2 --strategy zenjxl --corpus-manifest benchmarks/corpora/w44_170_varied_corpus.tsv
1189261	cid22	512	512	zenjxl	7	2.2500	36502	36606	76.6510	77.0110	2.777984	2.767582	416.568	387.753	-0.284	-0.3600	0.376	7.431	OK	44c8be367ca8a3918e67d3d2b62de9e0169cdee5	cargo run -p jxl-encoder --release --features 'parallel butteraugli-loop ssim2-loop' --example w44_170_cjxl_step025_sweep -- --image 1189261 --effort 7 --distance-min 2.25 --distance-max 2.25 --distance-step 2.25 --strategy zenjxl --corpus-manifest benchmarks/corpora/w44_170_varied_corpus.tsv
1189261	cid22	512	512	zenjxl	7	2.5000	33516	33849	74.8497	75.0126	2.813104	2.844416	321.506	389.161	-0.984	-0.1629	-1.101	-17.385	OK	44c8be367ca8a3918e67d3d2b62de9e0169cdee5	cargo run -p jxl-encoder --release --features 'parallel butteraugli-loop ssim2-loop' --example w44_170_cjxl_step025_sweep -- --image 1189261 --effort 7 --distance-min 2.5 --distance-max 2.5 --distance-step 2.5 --strategy zenjxl --corpus-manifest benchmarks/corpora/w44_170_varied_corpus.tsv
1189261	cid22	512	512	zenjxl	7	2.7500	30905	31111	72.9408	73.4982	2.940396	3.155940	300.426	822.635	-0.662	-0.5574	-6.830	-63.480	OK	44c8be367ca8a3918e67d3d2b62de9e0169cdee5	cargo run -p jxl-encoder --release --features 'parallel butteraugli-loop ssim2-loop' --example w44_170_cjxl_step025_sweep -- --image 1189261 --effort 7 --distance-min 2.75 --distance-max 2.75 --distance-step 2.75 --strategy zenjxl --corpus-manifest benchmarks/corpora/w44_170_varied_corpus.tsv
1189261	cid22	512	512	zenjxl	7	3.0000	28662	29197	71.0306	71.8181	3.095165	3.141826	445.583	438.146	-1.832	-0.7875	-1.485	1.697	OK	44c8be367ca8a3918e67d3d2b62de9e0169cdee5	cargo run -p jxl-encoder --release --features 'parallel butteraugli-loop ssim2-loop' --example w44_170_cjxl_step025_sweep -- --image 1189261 --effort 7 --distance-min 3 --distance-max 3 --distance-step 3 --strategy zenjxl --corpus-manifest benchmarks/corpora/w44_170_varied_corpus.tsv
1189261	cid22	512	512	zenjxl	7	3.2500	26585	27327	69.2522	70.2115	3.759206	3.329569	337.459	495.327	-2.715	-0.9593	12.904	-31.871	OK	44c8be367ca8a3918e67d3d2b62de9e0169cdee5	cargo run -p jxl-encoder --release --features 'parallel butteraugli-loop ssim2-loop' --example w44_170_cjxl_step025_sweep -- --image 1189261 --effort 7 --distance-min 3.25 --distance-max 3.25 --distance-step 3.25 --strategy zenjxl --corpus-manifest benchmarks/corpora/w44_170_varied_corpus.tsv
1189261	cid22	512	512	zenjxl	7	3.5000	25284	25950	67.5979	67.9631	3.378841	3.422648	311.114	696.818	-2.566	-0.3652	-1.280	-55.352	OK	44c8be367ca8a3918e67d3d2b62de9e0169cdee5	cargo run -p jxl-encoder --release --features 'parallel butteraugli-loop ssim2-loop' --example w44_170_cjxl_step025_sweep -- --image 1189261 --effort 7 --distance-min 3.5 --distance-max 3.5 --distance-step 3.5 --strategy zenjxl --corpus-manifest benchmarks/corpora/w44_170_varied_corpus.tsv
1189261	cid22	512	512	zenjxl	7	3.7500	23918	24770	66.4592	66.9803	3.672694	3.485435	317.782	487.411	-3.440	-0.5211	5.373	-34.802	OK	44c8be367ca8a3918e67d3d2b62de9e0169cdee5	cargo run -p jxl-encoder --release --features 'parallel butteraugli-loop ssim2-loop' --example w44_170_cjxl_step025_sweep -- --image 1189261 --effort 7 --distance-min 3.75 --distance-max 3.75 --distance-step 3.75 --strategy zenjxl --corpus-manifest benchmarks/corpora/w44_170_varied_corpus.tsv
1189261	cid22	512	512	zenjxl	7	4.0000	23034	23751	65.2256	65.4949	4.074547	3.739074	427.370	500.756	-3.019	-0.2693	8.972	-14.655	OK	44c8be367ca8a3918e67d3d2b62de9e0169cdee5	cargo run -p jxl-encoder --release --features 'parallel butteraugli-loop ssim2-loop' --example w44_170_cjxl_step025_sweep -- --image 1189261 --effort 7 --distance-min 4 --distance-max 4 --distance-step 4 --strategy zenjxl --corpus-manifest benchmarks/corpora/w44_170_varied_corpus.tsv
1189261	cid22	512	512	zenjxl	7	4.2500	21530	22298	62.2951	62.9831	4.187176	4.743655	446.459	301.240	-3.444	-0.6879	-11.731	48.207	OK	44c8be367ca8a3918e67d3d2b62de9e0169cdee5	cargo run -p jxl-encoder --release --features 'parallel butteraugli-loop ssim2-loop' --example w44_170_cjxl_step025_sweep -- --image 1189261 --effort 7 --distance-min 4.25 --distance-max 4.25 --distance-step 4.25 --strategy zenjxl --corpus-manifest benchmarks/corpora/w44_170_varied_corpus.tsv
1189261	cid22	512	512	zenjxl	7	4.5000	20449	21439	61.9594	62.1254	4.502904	4.720907	463.016	372.937	-4.618	-0.1660	-4.618	24.154	OK	44c8be367ca8a3918e67d3d2b62de9e0169cdee5	cargo run -p jxl-encoder --release --features 'parallel butteraugli-loop ssim2-loop' --example w44_170_cjxl_step025_sweep -- --image 1189261 --effort 7 --distance-min 4.5 --distance-max 4.5 --distance-step 4.5 --strategy zenjxl --corpus-manifest benchmarks/corpora/w44_170_varied_corpus.tsv
1189261	cid22	512	512	zenjxl	7	4.7500	19372	20148	60.6828	60.6514	4.858658	4.826694	406.209	475.031	-3.851	0.0313	0.662	-14.488	OK	44c8be367ca8a3918e67d3d2b62de9e0169cdee5	cargo run -p jxl-encoder --release --features 'parallel butteraugli-loop ssim2-loop' --example w44_170_cjxl_step025_sweep -- --image 1189261 --effort 7 --distance-min 4.75 --distance-max 4.75 --distance-step 4.75 --strategy zenjxl --corpus-manifest benchmarks/corpora/w44_170_varied_corpus.tsv
1189261	cid22	512	512	zenjxl	7	5.0000	18631	19385	59.7457	59.3950	4.826821	4.851021	448.786	384.418	-3.890	0.3507	-0.499	16.744	OK	44c8be367ca8a3918e67d3d2b62de9e0169cdee5	cargo run -p jxl-encoder --release --features 'parallel butteraugli-loop ssim2-loop' --example w44_170_cjxl_step025_sweep -- --image 1189261 --effort 7 --distance-min 5 --distance-max 5 --distance-step 5 --strategy zenjxl --corpus-manifest benchmarks/corpora/w44_170_varied_corpus.tsv
1189261	cid22	512	512	zenjxl	8	0.2500	165870	165393	94.3829	94.4101	0.326659	0.361159	969.246	1593.785	0.288	-0.0272	-9.553	-39.186	OK	44c8be367ca8a3918e67d3d2b62de9e0169cdee5	cargo run -p jxl-encoder --release --features 'parallel butteraugli-loop ssim2-loop' --example w44_170_cjxl_step025_sweep -- --image 1189261 --effort 8 --distance-min 0.25 --distance-max 0.25 --distance-step 0.25 --strategy zenjxl --corpus-manifest benchmarks/corpora/w44_170_varied_corpus.tsv
1189261	cid22	512	512	zenjxl	8	0.5000	106161	106708	91.7094	91.6024	0.748263	0.745802	1133.968	1332.072	-0.513	0.1070	0.330	-14.872	OK	44c8be367ca8a3918e67d3d2b62de9e0169cdee5	cargo run -p jxl-encoder --release --features 'parallel butteraugli-loop ssim2-loop' --example w44_170_cjxl_step025_sweep -- --image 1189261 --effort 8 --distance-min 0.5 --distance-max 0.5 --distance-step 0.5 --strategy zenjxl --corpus-manifest benchmarks/corpora/w44_170_varied_corpus.tsv
1189261	cid22	512	512	zenjxl	8	0.7500	78654	78856	89.1175	89.4826	0.934568	0.864825	1101.844	1783.301	-0.256	-0.3651	8.064	-38.213	OK	44c8be367ca8a3918e67d3d2b62de9e0169cdee5	cargo run -p jxl-encoder --release --features 'parallel butteraugli-loop ssim2-loop' --example w44_170_cjxl_step025_sweep -- --image 1189261 --effort 8 --distance-min 0.75 --distance-max 0.75 --distance-step 0.75 --strategy zenjxl --corpus-manifest benchmarks/corpora/w44_170_varied_corpus.tsv
1189261	cid22	512	512	zenjxl	8	1.0000	64185	64415	87.0809	87.1009	1.232544	1.195247	1041.484	1217.752	-0.357	-0.0200	3.120	-14.475	OK	44c8be367ca8a3918e67d3d2b62de9e0169cdee5	cargo run -p jxl-encoder --release --features 'parallel butteraugli-loop ssim2-loop' --example w44_170_cjxl_step025_sweep -- --image 1189261 --effort 8 --distance-min 1 --distance-max 1 --distance-step 1 --strategy zenjxl --corpus-manifest benchmarks/corpora/w44_170_varied_corpus.tsv
1189261	cid22	512	512	zenjxl	8	1.2500	54416	54225	84.7055	84.7111	1.595675	1.482548	1258.218	1322.512	0.352	-0.0056	7.631	-4.861	OK	44c8be367ca8a3918e67d3d2b62de9e0169cdee5	cargo run -p jxl-encoder --release --features 'parallel butteraugli-loop ssim2-loop' --example w44_170_cjxl_step025_sweep -- --image 1189261 --effort 8 --distance-min 1.25 --distance-max 1.25 --distance-step 1.25 --strategy zenjxl --corpus-manifest benchmarks/corpora/w44_170_varied_corpus.tsv
1189261	cid22	512	512	zenjxl	8	1.5000	47746	47719	83.1070	82.9904	1.682086	1.698012	1284.662	1383.602	0.057	0.1166	-0.938	-7.151	OK	44c8be367ca8a3918e67d3d2b62de9e0169cdee5	cargo run -p jxl-encoder --release --features 'parallel butteraugli-loop ssim2-loop' --example w44_170_cjxl_step025_sweep -- --image 1189261 --effort 8 --distance-min 1.5 --distance-max 1.5 --distance-step 1.5 --strategy zenjxl --corpus-manifest benchmarks/corpora/w44_170_varied_corpus.tsv
1189261	cid22	512	512	zenjxl	8	1.7500	42750	42825	81.2189	81.3006	1.914341	1.880088	1205.424	1452.826	-0.175	-0.0818	1.822	-17.029	OK	44c8be367ca8a3918e67d3d2b62de9e0169cdee5	cargo run -p jxl-encoder --release --features 'parallel butteraugli-loop ssim2-loop' --example w44_170_cjxl_step025_sweep -- --image 1189261 --effort 8 --distance-min 1.75 --distance-max 1.75 --distance-step 1.75 --strategy zenjxl --corpus-manifest benchmarks/corpora/w44_170_varied_corpus.tsv
1189261	cid22	512	512	zenjxl	8	2.0000	38278	38685	79.2285	79.0877	2.177850	2.284333	1127.717	1517.094	-1.052	0.1408	-4.661	-25.666	OK	44c8be367ca8a3918e67d3d2b62de9e0169cdee5	cargo run -p jxl-encoder --release --features 'parallel butteraugli-loop ssim2-loop' --example w44_170_cjxl_step025_sweep -- --image 1189261 --effort 8 --distance-min 2 --distance-max 2 --distance-step 2 --strategy zenjxl --corpus-manifest benchmarks/corpora/w44_170_varied_corpus.tsv
1189261	cid22	512	512	zenjxl	8	2.2500	34522	35094	76.7768	77.5082	2.290956	2.299364	1146.968	1790.987	-1.630	-0.7313	-0.366	-35.959	OK	44c8be367ca8a3918e67d3d2b62de9e0169cdee5	cargo run -p jxl-encoder --release --features 'parallel butteraugli-loop ssim2-loop' --example w44_170_cjxl_step025_sweep -- --image 1189261 --effort 8 --distance-min 2.25 --distance-max 2.25 --distance-step 2.25 --strategy zenjxl --corpus-manifest benchmarks/corpora/w44_170_varied_corpus.tsv
1189261	cid22	512	512	zenjxl	8	2.5000	31621	32211	74.7954	74.8922	2.653467	2.579384	1134.373	1309.359	-1.832	-0.0969	2.872	-13.364	OK	44c8be367ca8a3918e67d3d2b62de9e0169cdee5	cargo run -p jxl-encoder --release --features 'parallel butteraugli-loop ssim2-loop' --example w44_170_cjxl_step025_sweep -- --image 1189261 --effort 8 --distance-min 2.5 --distance-max 2.5 --distance-step 2.5 --strategy zenjxl --corpus-manifest benchmarks/corpora/w44_170_varied_corpus.tsv
1189261	cid22	512	512	zenjxl	8	2.7500	29008	29405	72.7579	73.4910	2.804748	2.851950	1081.233	1719.114	-1.350	-0.7331	-1.655	-37.105	OK	44c8be367ca8a3918e67d3d2b62de9e0169cdee5	cargo run -p jxl-encoder --release --features 'parallel butteraugli-loop ssim2-loop' --example w44_170_cjxl_step025_sweep -- --image 1189261 --effort 8 --distance-min 2.75 --distance-max 2.75 --distance-step 2.75 --strategy zenjxl --corpus-manifest benchmarks/corpora/w44_170_varied_corpus.tsv
1189261	cid22	512	512	zenjxl	8	3.0000	26783	27462	70.4681	71.1025	2.917902	2.858675	1063.232	1111.262	-2.473	-0.6344	2.072	-4.322	OK	44c8be367ca8a3918e67d3d2b62de9e0169cdee5	cargo run -p jxl-encoder --release --features 'parallel butteraugli-loop ssim2-loop' --example w44_170_cjxl_step025_sweep -- --image 1189261 --effort 8 --distance-min 3 --distance-max 3 --distance-step 3 --strategy zenjxl --corpus-manifest benchmarks/corpora/w44_170_varied_corpus.tsv
1189261	cid22	512	512	zenjxl	8	3.2500	24642	25598	69.0150	69.5799	3.252256	3.531365	1107.541	1333.803	-3.735	-0.5648	-7.904	-16.964	OK	44c8be367ca8a3918e67d3d2b62de9e0169cdee5	cargo run -p jxl-encoder --release --features 'parallel butteraugli-loop ssim2-loop' --example w44_170_cjxl_step025_sweep -- --image 1189261 --effort 8 --distance-min 3.25 --distance-max 3.25 --distance-step 3.25 --strategy zenjxl --corpus-manifest benchmarks/corpora/w44_170_varied_corpus.tsv
1189261	cid22	512	512	zenjxl	8	3.5000	23397	24319	67.3552	67.6505	3.192289	3.667070	1103.026	1567.281	-3.791	-0.2953	-12.947	-29.622	OK	44c8be367ca8a3918e67d3d2b62de9e0169cdee5	cargo run -p jxl-encoder --release --features 'parallel butteraugli-loop ssim2-loop' --example w44_170_cjxl_step025_sweep -- --image 1189261 --effort 8 --distance-min 3.5 --distance-max 3.5 --distance-step 3.5 --strategy zenjxl --corpus-manifest benchmarks/corpora/w44_170_varied_corpus.tsv
1189261	cid22	512	512	zenjxl	8	3.7500	21997	23025	65.3291	65.4068	3.551893	3.531980	991.082	1405.456	-4.465	-0.0777	0.564	-29.483	OK	44c8be367ca8a3918e67d3d2b62de9e0169cdee5	cargo run -p jxl-encoder --release --features 'parallel butteraugli-loop ssim2-loop' --example w44_170_cjxl_step025_sweep -- --image 1189261 --effort 8 --distance-min 3.75 --distance-max 3.75 --distance-step 3.75 --strategy zenjxl --corpus-manifest benchmarks/corpora/w44_170_varied_corpus.tsv
1189261	cid22	512	512	zenjxl	8	4.0000	20922	22019	63.2757	63.8344	4.078424	3.840046	1615.235	1659.160	-4.982	-0.5587	6.208	-2.647	OK	44c8be367ca8a3918e67d3d2b62de9e0169cdee5	cargo run -p jxl-encoder --release --features 'parallel butteraugli-loop ssim2-loop' --example w44_170_cjxl_step025_sweep -- --image 1189261 --effort 8 --distance-min 4 --distance-max 4 --distance-step 4 --strategy zenjxl --corpus-manifest benchmarks/corpora/w44_170_varied_corpus.tsv
1189261	cid22	512	512	zenjxl	8	4.2500	19567	20740	61.6271	61.5128	4.115632	3.999708	1674.291	1747.063	-5.656	0.1143	2.898	-4.165	OK	44c8be367ca8a3918e67d3d2b62de9e0169cdee5	cargo run -p jxl-encoder --release --features 'parallel butteraugli-loop ssim2-loop' --example w44_170_cjxl_step025_sweep -- --image 1189261 --effort 8 --distance-min 4.25 --distance-max 4.25 --distance-step 4.25 --strategy zenjxl --corpus-manifest benchmarks/corpora/w44_170_varied_corpus.tsv
1189261	cid22	512	512	zenjxl	8	4.5000	18584	19757	60.0510	60.3257	4.234531	4.192434	1588.585	1653.247	-5.937	-0.2747	1.004	-3.911	OK	44c8be367ca8a3918e67d3d2b62de9e0169cdee5	cargo run -p jxl-encoder --release --features 'parallel butteraugli-loop ssim2-loop' --example w44_170_cjxl_step025_sweep -- --image 1189261 --effort 8 --distance-min 4.5 --distance-max 4.5 --distance-step 4.5 --strategy zenjxl --corpus-manifest benchmarks/corpora/w44_170_varied_corpus.tsv
1189261	cid22	512	512	zenjxl	8	4.7500	17625	18535	58.9324	58.7231	4.887650	4.563388	1393.158	1771.887	-4.910	0.2093	7.106	-21.374	OK	44c8be367ca8a3918e67d3d2b62de9e0169cdee5	cargo run -p jxl-encoder --release --features 'parallel butteraugli-loop ssim2-loop' --example w44_170_cjxl_step025_sweep -- --image 1189261 --effort 8 --distance-min 4.75 --distance-max 4.75 --distance-step 4.75 --strategy zenjxl --corpus-manifest benchmarks/corpora/w44_170_varied_corpus.tsv
1189261	cid22	512	512	zenjxl	8	5.0000	16890	17868	57.2834	57.3972	4.979215	4.974682	1412.766	1318.032	-5.473	-0.1138	0.091	7.188	OK	44c8be367ca8a3918e67d3d2b62de9e0169cdee5	cargo run -p jxl-encoder --release --features 'parallel butteraugli-loop ssim2-loop' --example w44_170_cjxl_step025_sweep -- --image 1189261 --effort 8 --distance-min 5 --distance-max 5 --distance-step 5 --strategy zenjxl --corpus-manifest benchmarks/corpora/w44_170_varied_corpus.tsv
1189261	cid22	512	512	zenjxl	9	0.2500	168718	166891	94.4156	94.4224	0.296873	0.300233	4392.331	2542.632	1.095	-0.0069	-1.119	72.747	OK	44c8be367ca8a3918e67d3d2b62de9e0169cdee5	cargo run -p jxl-encoder --release --features 'parallel butteraugli-loop ssim2-loop' --example w44_170_cjxl_step025_sweep -- --image 1189261 --effort 9 --distance-min 0.25 --distance-max 0.25 --distance-step 0.25 --strategy zenjxl --corpus-manifest benchmarks/corpora/w44_170_varied_corpus.tsv
1189261	cid22	512	512	zenjxl	9	0.5000	107497	107128	91.7377	91.6369	0.608623	0.602089	2655.724	2137.894	0.344	0.1007	1.085	24.222	OK	44c8be367ca8a3918e67d3d2b62de9e0169cdee5	cargo run -p jxl-encoder --release --features 'parallel butteraugli-loop ssim2-loop' --example w44_170_cjxl_step025_sweep -- --image 1189261 --effort 9 --distance-min 0.5 --distance-max 0.5 --distance-step 0.5 --strategy zenjxl --corpus-manifest benchmarks/corpora/w44_170_varied_corpus.tsv
1189261	cid22	512	512	zenjxl	9	0.7500	79426	78899	89.2766	89.4706	0.838104	0.827355	1955.817	2154.576	0.668	-0.1940	1.299	-9.225	OK	44c8be367ca8a3918e67d3d2b62de9e0169cdee5	cargo run -p jxl-encoder --release --features 'parallel butteraugli-loop ssim2-loop' --example w44_170_cjxl_step025_sweep -- --image 1189261 --effort 9 --distance-min 0.75 --distance-max 0.75 --distance-step 0.75 --strategy zenjxl --corpus-manifest benchmarks/corpora/w44_170_varied_corpus.tsv
1189261	cid22	512	512	zenjxl	9	1.0000	64652	64417	87.0149	87.1692	1.218010	1.134560	1866.159	1852.765	0.365	-0.1543	7.355	0.723	OK	44c8be367ca8a3918e67d3d2b62de9e0169cdee5	cargo run -p jxl-encoder --release --features 'parallel butteraugli-loop ssim2-loop' --example w44_170_cjxl_step025_sweep -- --image 1189261 --effort 9 --distance-min 1 --distance-max 1 --distance-step 1 --strategy zenjxl --corpus-manifest benchmarks/corpora/w44_170_varied_corpus.tsv
1189261	cid22	512	512	zenjxl	9	1.2500	54817	54192	84.9089	84.7504	1.351452	1.344386	1850.364	2137.534	1.153	0.1585	0.526	-13.435	OK	44c8be367ca8a3918e67d3d2b62de9e0169cdee5	cargo run -p jxl-encoder --release --features 'parallel butteraugli-loop ssim2-loop' --example w44_170_cjxl_step025_sweep -- --image 1189261 --effort 9 --distance-min 1.25 --distance-max 1.25 --distance-step 1.25 --strategy zenjxl --corpus-manifest benchmarks/corpora/w44_170_varied_corpus.tsv
1189261	cid22	512	512	zenjxl	9	1.5000	48017	47742	83.1041	82.9303	1.682086	1.702636	1845.952	2110.866	0.576	0.1738	-1.207	-12.550	OK	44c8be367ca8a3918e67d3d2b62de9e0169cdee5	cargo run -p jxl-encoder --release --features 'parallel butteraugli-loop ssim2-loop' --example w44_170_cjxl_step025_sweep -- --image 1189261 --effort 9 --distance-min 1.5 --distance-max 1.5 --distance-step 1.5 --strategy zenjxl --corpus-manifest benchmarks/corpora/w44_170_varied_corpus.tsv
1189261	cid22	512	512	zenjxl	9	1.7500	42929	42748	81.2335	81.2965	1.806822	1.880088	1791.192	2300.591	0.423	-0.0630	-3.897	-22.142	OK	44c8be367ca8a3918e67d3d2b62de9e0169cdee5	cargo run -p jxl-encoder --release --features 'parallel butteraugli-loop ssim2-loop' --example w44_170_cjxl_step025_sweep -- --image 1189261 --effort 9 --distance-min 1.75 --distance-max 1.75 --distance-step 1.75 --strategy zenjxl --corpus-manifest benchmarks/corpora/w44_170_varied_corpus.tsv
1189261	cid22	512	512	zenjxl	9	2.0000	38625	38643	79.2285	78.9298	2.177850	2.290541	1965.550	1731.342	-0.047	0.2986	-4.920	13.528	OK	44c8be367ca8a3918e67d3d2b62de9e0169cdee5	cargo run -p jxl-encoder --release --features 'parallel butteraugli-loop ssim2-loop' --example w44_170_cjxl_step025_sweep -- --image 1189261 --effort 9 --distance-min 2 --distance-max 2 --distance-step 2 --strategy zenjxl --corpus-manifest benchmarks/corpora/w44_170_varied_corpus.tsv
1189261	cid22	512	512	zenjxl	9	2.2500	34815	35053	76.7768	77.5082	2.290956	2.299364	1971.354	1823.955	-0.679	-0.7313	-0.366	8.081	OK	44c8be367ca8a3918e67d3d2b62de9e0169cdee5	cargo run -p jxl-encoder --release --features 'parallel butteraugli-loop ssim2-loop' --example w44_170_cjxl_step025_sweep -- --image 1189261 --effort 9 --distance-min 2.25 --distance-max 2.25 --distance-step 2.25 --strategy zenjxl --corpus-manifest benchmarks/corpora/w44_170_varied_corpus.tsv
1189261	cid22	512	512	zenjxl	9	2.5000	32080	32172	74.7992	74.8922	2.653467	2.579384	2059.376	2357.130	-0.286	-0.0930	2.872	-12.632	OK	44c8be367ca8a3918e67d3d2b62de9e0169cdee5	cargo run -p jxl-encoder --release --features 'parallel butteraugli-loop ssim2-loop' --example w44_170_cjxl_step025_sweep -- --image 1189261 --effort 9 --distance-min 2.5 --distance-max 2.5 --distance-step 2.5 --strategy zenjxl --corpus-manifest benchmarks/corpora/w44_170_varied_corpus.tsv
1189261	cid22	512	512	zenjxl	9	2.7500	29218	29339	72.7569	73.4898	2.804748	2.851950	1784.825	2187.869	-0.412	-0.7328	-1.655	-18.422	OK	44c8be367ca8a3918e67d3d2b62de9e0169cdee5	cargo run -p jxl-encoder --release --features 'parallel butteraugli-loop ssim2-loop' --example w44_170_cjxl_step025_sweep -- --image 1189261 --effort 9 --distance-min 2.75 --distance-max 2.75 --distance-step 2.75 --strategy zenjxl --corpus-manifest benchmarks/corpora/w44_170_varied_corpus.tsv
1189261	cid22	512	512	zenjxl	9	3.0000	27114	27351	70.4681	71.1025	2.917902	2.858675	1790.183	2235.501	-0.867	-0.6344	2.072	-19.920	OK	44c8be367ca8a3918e67d3d2b62de9e0169cdee5	cargo run -p jxl-encoder --release --features 'parallel butteraugli-loop ssim2-loop' --example w44_170_cjxl_step025_sweep -- --image 1189261 --effort 9 --distance-min 3 --distance-max 3 --distance-step 3 --strategy zenjxl --corpus-manifest benchmarks/corpora/w44_170_varied_corpus.tsv
1189261	cid22	512	512	zenjxl	9	3.2500	24783	25540	69.0150	69.5799	3.252256	3.531365	1802.771	1982.516	-2.964	-0.5648	-7.904	-9.067	OK	44c8be367ca8a3918e67d3d2b62de9e0169cdee5	cargo run -p jxl-encoder --release --features 'parallel butteraugli-loop ssim2-loop' --example w44_170_cjxl_step025_sweep -- --image 1189261 --effort 9 --distance-min 3.25 --distance-max 3.25 --distance-step 3.25 --strategy zenjxl --corpus-manifest benchmarks/corpora/w44_170_varied_corpus.tsv
1189261	cid22	512	512	zenjxl	9	3.5000	23558	24246	67.3552	67.6546	3.192289	3.240040	1557.921	2313.164	-2.838	-0.2995	-1.474	-32.650	OK	44c8be367ca8a3918e67d3d2b62de9e0169cdee5	cargo run -p jxl-encoder --release --features 'parallel butteraugli-loop ssim2-loop' --example w44_170_cjxl_step025_sweep -- --image 1189261 --effort 9 --distance-min 3.5 --distance-max 3.5 --distance-step 3.5 --strategy zenjxl --corpus-manifest benchmarks/corpora/w44_170_varied_corpus.tsv
1189261	cid22	512	512	zenjxl	9	3.7500	22231	22969	65.3291	65.4068	3.551893	3.531980	1586.293	2185.570	-3.213	-0.0777	0.564	-27.420	OK	44c8be367ca8a3918e67d3d2b62de9e0169cdee5	cargo run -p jxl-encoder --release --features 'parallel butteraugli-loop ssim2-loop' --example w44_170_cjxl_step025_sweep -- --image 1189261 --effort 9 --distance-min 3.75 --distance-max 3.75 --distance-step 3.75 --strategy zenjxl --corpus-manifest benchmarks/corpora/w44_170_varied_corpus.tsv
1189261	cid22	512	512	zenjxl	9	4.0000	21039	21945	63.2757	63.8344	4.078424	3.840046	2219.232	2149.960	-4.129	-0.5587	6.208	3.222	OK	44c8be367ca8a3918e67d3d2b62de9e0169cdee5	cargo run -p jxl-encoder --release --features 'parallel butteraugli-loop ssim2-loop' --example w44_170_cjxl_step025_sweep -- --image 1189261 --effort 9 --distance-min 4 --distance-max 4 --distance-step 4 --strategy zenjxl --corpus-manifest benchmarks/corpora/w44_170_varied_corpus.tsv
1189261	cid22	512	512	zenjxl	9	4.2500	19786	20670	61.6271	61.5128	4.115632	3.999708	1992.531	2330.965	-4.277	0.1143	2.898	-14.519	OK	44c8be367ca8a3918e67d3d2b62de9e0169cdee5	cargo run -p jxl-encoder --release --features 'parallel butteraugli-loop ssim2-loop' --example w44_170_cjxl_step025_sweep -- --image 1189261 --effort 9 --distance-min 4.25 --distance-max 4.25 --distance-step 4.25 --strategy zenjxl --corpus-manifest benchmarks/corpora/w44_170_varied_corpus.tsv
1189261	cid22	512	512	zenjxl	9	4.5000	18738	19683	60.0510	60.3257	4.234531	4.192434	2414.961	2445.604	-4.801	-0.2747	1.004	-1.253	OK	44c8be367ca8a3918e67d3d2b62de9e0169cdee5	cargo run -p jxl-encoder --release --features 'parallel butteraugli-loop ssim2-loop' --example w44_170_cjxl_step025_sweep -- --image 1189261 --effort 9 --distance-min 4.5 --distance-max 4.5 --distance-step 4.5 --strategy zenjxl --corpus-manifest benchmarks/corpora/w44_170_varied_corpus.tsv
1189261	cid22	512	512	zenjxl	9	4.7500	17856	18498	58.9324	58.7231	4.887650	4.563388	2188.656	1931.449	-3.471	0.2093	7.106	13.317	OK	44c8be367ca8a3918e67d3d2b62de9e0169cdee5	cargo run -p jxl-encoder --release --features 'parallel butteraugli-loop ssim2-loop' --example w44_170_cjxl_step025_sweep -- --image 1189261 --effort 9 --distance-min 4.75 --distance-max 4.75 --distance-step 4.75 --strategy zenjxl --corpus-manifest benchmarks/corpora/w44_170_varied_corpus.tsv
1189261	cid22	512	512	zenjxl	9	5.0000	17100	17806	57.2834	57.3972	4.979215	4.974682	2145.036	2237.844	-3.965	-0.1138	0.091	-4.147	OK	44c8be367ca8a3918e67d3d2b62de9e0169cdee5	cargo run -p jxl-encoder --release --features 'parallel butteraugli-loop ssim2-loop' --example w44_170_cjxl_step025_sweep -- --image 1189261 --effort 9 --distance-min 5 --distance-max 5 --distance-step 5 --strategy zenjxl --corpus-manifest benchmarks/corpora/w44_170_varied_corpus.tsv
1418519	cid22	512	512	zenjxl	5	0.2500	58228	58408	92.7623	92.7787	0.531148	0.531464	207.476	405.303	-0.308	-0.0164	-0.059	-48.810	OK	44c8be367ca8a3918e67d3d2b62de9e0169cdee5	cargo run -p jxl-encoder --release --features 'parallel butteraugli-loop ssim2-loop' --example w44_170_cjxl_step025_sweep -- --image 1418519 --effort 5 --distance-min 0.25 --distance-max 0.25 --distance-step 0.25 --strategy zenjxl --corpus-manifest benchmarks/corpora/w44_170_varied_corpus.tsv
1418519	cid22	512	512	zenjxl	5	0.5000	36845	37161	91.1373	91.0600	0.697684	0.703297	137.826	219.756	-0.850	0.0774	-0.798	-37.282	OK	44c8be367ca8a3918e67d3d2b62de9e0169cdee5	cargo run -p jxl-encoder --release --features 'parallel butteraugli-loop ssim2-loop' --example w44_170_cjxl_step025_sweep -- --image 1418519 --effort 5 --distance-min 0.5 --distance-max 0.5 --distance-step 0.5 --strategy zenjxl --corpus-manifest benchmarks/corpora/w44_170_varied_corpus.tsv
1418519	cid22	512	512	zenjxl	5	0.7500	25488	25922	89.5150	89.3042	0.961406	0.956281	219.409	150.653	-1.674	0.2108	0.536	45.639	OK	44c8be367ca8a3918e67d3d2b62de9e0169cdee5	cargo run -p jxl-encoder --release --features 'parallel butteraugli-loop ssim2-loop' --example w44_170_cjxl_step025_sweep -- --image 1418519 --effort 5 --distance-min 0.75 --distance-max 0.75 --distance-step 0.75 --strategy zenjxl --corpus-manifest benchmarks/corpora/w44_170_varied_corpus.tsv
1418519	cid22	512	512	zenjxl	5	1.0000	21209	21649	87.9388	87.9929	1.146021	1.142482	190.898	237.025	-2.032	-0.0541	0.310	-19.461	OK	44c8be367ca8a3918e67d3d2b62de9e0169cdee5	cargo run -p jxl-encoder --release --features 'parallel butteraugli-loop ssim2-loop' --example w44_170_cjxl_step025_sweep -- --image 1418519 --effort 5 --distance-min 1 --distance-max 1 --distance-step 1 --strategy zenjxl --corpus-manifest benchmarks/corpora/w44_170_varied_corpus.tsv
1418519	cid22	512	512	zenjxl	5	1.2500	18260	18803	86.3043	86.5487	1.472199	1.475274	146.727	216.275	-2.888	-0.2444	-0.208	-32.157	OK	44c8be367ca8a3918e67d3d2b62de9e0169cdee5	cargo run -p jxl-encoder --release --features 'parallel butteraugli-loop ssim2-loop' --example w44_170_cjxl_step025_sweep -- --image 1418519 --effort 5 --distance-min 1.25 --distance-max 1.25 --distance-step 1.25 --strategy zenjxl --corpus-manifest benchmarks/corpora/w44_170_varied_corpus.tsv
1418519	cid22	512	512	zenjxl	5	1.5000	16103	16707	84.8537	85.3776	1.834870	1.833988	168.790	160.976	-3.615	-0.5239	0.048	4.854	OK	44c8be367ca8a3918e67d3d2b62de9e0169cdee5	cargo run -p jxl-encoder --release --features 'parallel butteraugli-loop ssim2-loop' --example w44_170_cjxl_step025_sweep -- --image 1418519 --effort 5 --distance-min 1.5 --distance-max 1.5 --distance-step 1.5 --strategy zenjxl --corpus-manifest benchmarks/corpora/w44_170_varied_corpus.tsv
1418519	cid22	512	512	zenjxl	5	1.7500	14601	15188	83.4140	83.3285	1.848698	1.845507	135.767	220.815	-3.865	0.0855	0.173	-38.516	OK	44c8be367ca8a3918e67d3d2b62de9e0169cdee5	cargo run -p jxl-encoder --release --features 'parallel butteraugli-loop ssim2-loop' --example w44_170_cjxl_step025_sweep -- --image 1418519 --effort 5 --distance-min 1.75 --distance-max 1.75 --distance-step 1.75 --strategy zenjxl --corpus-manifest benchmarks/corpora/w44_170_varied_corpus.tsv
1418519	cid22	512	512	zenjxl	5	2.0000	13630	13825	82.1582	82.1161	2.154241	2.151351	146.779	206.041	-1.410	0.0421	0.134	-28.762	OK	44c8be367ca8a3918e67d3d2b62de9e0169cdee5	cargo run -p jxl-encoder --release --features 'parallel butteraugli-loop ssim2-loop' --example w44_170_cjxl_step025_sweep -- --image 1418519 --effort 5 --distance-min 2 --distance-max 2 --distance-step 2 --strategy zenjxl --corpus-manifest benchmarks/corpora/w44_170_varied_corpus.tsv
1418519	cid22	512	512	zenjxl	5	2.2500	12648	12817	80.6844	80.9139	2.400009	2.327267	154.948	309.734	-1.319	-0.2294	3.126	-49.974	OK	44c8be367ca8a3918e67d3d2b62de9e0169cdee5	cargo run -p jxl-encoder --release --features 'parallel butteraugli-loop ssim2-loop' --example w44_170_cjxl_step025_sweep -- --image 1418519 --effort 5 --distance-min 2.25 --distance-max 2.25 --distance-step 2.25 --strategy zenjxl --corpus-manifest benchmarks/corpora/w44_170_varied_corpus.tsv
1418519	cid22	512	512	zenjxl	5	2.5000	11660	11854	79.3227	79.6271	2.403862	2.395874	144.675	274.286	-1.637	-0.3044	0.333	-47.254	OK	44c8be367ca8a3918e67d3d2b62de9e0169cdee5	cargo run -p jxl-encoder --release --features 'parallel butteraugli-loop ssim2-loop' --example w44_170_cjxl_step025_sweep -- --image 1418519 --effort 5 --distance-min 2.5 --distance-max 2.5 --distance-step 2.5 --strategy zenjxl --corpus-manifest benchmarks/corpora/w44_170_varied_corpus.tsv
1418519	cid22	512	512	zenjxl	5	2.7500	10909	11206	78.1217	78.2321	2.698719	2.670665	167.087	157.508	-2.650	-0.1104	1.050	6.082	OK	44c8be367ca8a3918e67d3d2b62de9e0169cdee5	cargo run -p jxl-encoder --release --features 'parallel butteraugli-loop ssim2-loop' --example w44_170_cjxl_step025_sweep -- --image 1418519 --effort 5 --distance-min 2.75 --distance-max 2.75 --distance-step 2.75 --strategy zenjxl --corpus-manifest benchmarks/corpora/w44_170_varied_corpus.tsv
1418519	cid22	512	512	zenjxl	5	3.0000	10137	10681	76.0356	77.2090	3.393856	2.821595	101.264	195.046	-5.093	-1.1734	20.281	-48.082	OK	44c8be367ca8a3918e67d3d2b62de9e0169cdee5	cargo run -p jxl-encoder --release --features 'parallel butteraugli-loop ssim2-loop' --example w44_170_cjxl_step025_sweep -- --image 1418519 --effort 5 --distance-min 3 --distance-max 3 --distance-step 3 --strategy zenjxl --corpus-manifest benchmarks/corpora/w44_170_varied_corpus.tsv
1418519	cid22	512	512	zenjxl	5	3.2500	9547	9971	75.1366	76.1715	3.165598	2.835871	164.277	163.949	-4.252	-1.0349	11.627	0.200	OK	44c8be367ca8a3918e67d3d2b62de9e0169cdee5	cargo run -p jxl-encoder --release --features 'parallel butteraugli-loop ssim2-loop' --example w44_170_cjxl_step025_sweep -- --image 1418519 --effort 5 --distance-min 3.25 --distance-max 3.25 --distance-step 3.25 --strategy zenjxl --corpus-manifest benchmarks/corpora/w44_170_varied_corpus.tsv
1418519	cid22	512	512	zenjxl	5	3.5000	9032	9450	73.2551	74.5846	3.597718	3.356124	105.925	172.464	-4.423	-1.3296	7.199	-38.582	OK	44c8be367ca8a3918e67d3d2b62de9e0169cdee5	cargo run -p jxl-encoder --release --features 'parallel butteraugli-loop ssim2-loop' --example w44_170_cjxl_step025_sweep -- --image 1418519 --effort 5 --distance-min 3.5 --distance-max 3.5 --distance-step 3.5 --strategy zenjxl --corpus-manifest benchmarks/corpora/w44_170_varied_corpus.tsv
1418519	cid22	512	512	zenjxl	5	3.7500	8590	9020	72.0859	73.7081	3.841911	3.649014	114.998	296.800	-4.767	-1.6222	5.286	-61.254	OK	44c8be367ca8a3918e67d3d2b62de9e0169cdee5	cargo run -p jxl-encoder --release --features 'parallel butteraugli-loop ssim2-loop' --example w44_170_cjxl_step025_sweep -- --image 1418519 --effort 5 --distance-min 3.75 --distance-max 3.75 --distance-step 3.75 --strategy zenjxl --corpus-manifest benchmarks/corpora/w44_170_varied_corpus.tsv
1418519	cid22	512	512	zenjxl	5	4.0000	8200	8564	70.6917	72.1796	3.909554	3.935837	115.438	185.115	-4.250	-1.4879	-0.668	-37.640	OK	44c8be367ca8a3918e67d3d2b62de9e0169cdee5	cargo run -p jxl-encoder --release --features 'parallel butteraugli-loop ssim2-loop' --example w44_170_cjxl_step025_sweep -- --image 1418519 --effort 5 --distance-min 4 --distance-max 4 --distance-step 4 --strategy zenjxl --corpus-manifest benchmarks/corpora/w44_170_varied_corpus.tsv
1418519	cid22	512	512	zenjxl	5	4.2500	7856	8472	69.6125	70.8352	4.020506	3.985266	158.466	152.914	-7.271	-1.2227	0.884	3.631	OK	44c8be367ca8a3918e67d3d2b62de9e0169cdee5	cargo run -p jxl-encoder --release --features 'parallel butteraugli-loop ssim2-loop' --example w44_170_cjxl_step025_sweep -- --image 1418519 --effort 5 --distance-min 4.25 --distance-max 4.25 --distance-step 4.25 --strategy zenjxl --corpus-manifest benchmarks/corpora/w44_170_varied_corpus.tsv
1418519	cid22	512	512	zenjxl	5	4.5000	7543	8134	68.4884	69.6704	4.118046	4.119631	141.731	346.974	-7.266	-1.1820	-0.038	-59.152	OK	44c8be367ca8a3918e67d3d2b62de9e0169cdee5	cargo run -p jxl-encoder --release --features 'parallel butteraugli-loop ssim2-loop' --example w44_170_cjxl_step025_sweep -- --image 1418519 --effort 5 --distance-min 4.5 --distance-max 4.5 --distance-step 4.5 --strategy zenjxl --corpus-manifest benchmarks/corpora/w44_170_varied_corpus.tsv
1418519	cid22	512	512	zenjxl	5	4.7500	7211	7962	67.5575	68.7954	4.546999	4.225729	136.338	357.034	-9.432	-1.2378	7.603	-61.814	OK	44c8be367ca8a3918e67d3d2b62de9e0169cdee5	cargo run -p jxl-encoder --release --features 'parallel butteraugli-loop ssim2-loop' --example w44_170_cjxl_step025_sweep -- --image 1418519 --effort 5 --distance-min 4.75 --distance-max 4.75 --distance-step 4.75 --strategy zenjxl --corpus-manifest benchmarks/corpora/w44_170_varied_corpus.tsv
1418519	cid22	512	512	zenjxl	5	5.0000	7055	7697	66.4504	67.2293	4.599121	4.562566	126.227	142.963	-8.341	-0.7789	0.801	-11.707	OK	44c8be367ca8a3918e67d3d2b62de9e0169cdee5	cargo run -p jxl-encoder --release --features 'parallel butteraugli-loop ssim2-loop' --example w44_170_cjxl_step025_sweep -- --image 1418519 --effort 5 --distance-min 5 --distance-max 5 --distance-step 5 --strategy zenjxl --corpus-manifest benchmarks/corpora/w44_170_varied_corpus.tsv
1418519	cid22	512	512	zenjxl	6	0.2500	57980	58307	92.7852	92.9510	0.531040	0.530417	246.375	226.858	-0.561	-0.1658	0.118	8.603	OK	44c8be367ca8a3918e67d3d2b62de9e0169cdee5	cargo run -p jxl-encoder --release --features 'parallel butteraugli-loop ssim2-loop' --example w44_170_cjxl_step025_sweep -- --image 1418519 --effort 6 --distance-min 0.25 --distance-max 0.25 --distance-step 0.25 --strategy zenjxl --corpus-manifest benchmarks/corpora/w44_170_varied_corpus.tsv
1418519	cid22	512	512	zenjxl	6	0.5000	36644	37048	91.0872	91.0467	0.754340	0.753129	202.265	229.852	-1.090	0.0405	0.161	-12.002	OK	44c8be367ca8a3918e67d3d2b62de9e0169cdee5	cargo run -p jxl-encoder --release --features 'parallel butteraugli-loop ssim2-loop' --example w44_170_cjxl_step025_sweep -- --image 1418519 --effort 6 --distance-min 0.5 --distance-max 0.5 --distance-step 0.5 --strategy zenjxl --corpus-manifest benchmarks/corpora/w44_170_varied_corpus.tsv
1418519	cid22	512	512	zenjxl	6	0.7500	26002	26273	89.3982	89.2557	0.951729	0.932040	297.785	356.845	-1.031	0.1425	2.112	-16.551	OK	44c8be367ca8a3918e67d3d2b62de9e0169cdee5	cargo run -p jxl-encoder --release --features 'parallel butteraugli-loop ssim2-loop' --example w44_170_cjxl_step025_sweep -- --image 1418519 --effort 6 --distance-min 0.75 --distance-max 0.75 --distance-step 0.75 --strategy zenjxl --corpus-manifest benchmarks/corpora/w44_170_varied_corpus.tsv
1418519	cid22	512	512	zenjxl	6	1.0000	21587	21954	87.8826	87.6355	1.143892	1.109438	268.691	313.202	-1.672	0.2472	3.106	-14.211	OK	44c8be367ca8a3918e67d3d2b62de9e0169cdee5	cargo run -p jxl-encoder --release --features 'parallel butteraugli-loop ssim2-loop' --example w44_170_cjxl_step025_sweep -- --image 1418519 --effort 6 --distance-min 1 --distance-max 1 --distance-step 1 --strategy zenjxl --corpus-manifest benchmarks/corpora/w44_170_varied_corpus.tsv
1418519	cid22	512	512	zenjxl	6	1.2500	18723	19153	86.2647	86.1407	1.471708	1.550025	315.604	415.671	-2.245	0.1240	-5.053	-24.074	OK	44c8be367ca8a3918e67d3d2b62de9e0169cdee5	cargo run -p jxl-encoder --release --features 'parallel butteraugli-loop ssim2-loop' --example w44_170_cjxl_step025_sweep -- --image 1418519 --effort 6 --distance-min 1.25 --distance-max 1.25 --distance-step 1.25 --strategy zenjxl --corpus-manifest benchmarks/corpora/w44_170_varied_corpus.tsv
1418519	cid22	512	512	zenjxl	6	1.5000	16641	17077	84.6278	84.9107	1.805717	1.812122	533.280	331.981	-2.553	-0.2829	-0.353	60.636	OK	44c8be367ca8a3918e67d3d2b62de9e0169cdee5	cargo run -p jxl-encoder --release --features 'parallel butteraugli-loop ssim2-loop' --example w44_170_cjxl_step025_sweep -- --image 1418519 --effort 6 --distance-min 1.5 --distance-max 1.5 --distance-step 1.5 --strategy zenjxl --corpus-manifest benchmarks/corpora/w44_170_varied_corpus.tsv
1418519	cid22	512	512	zenjxl	6	1.7500	15163	15658	83.2943	83.2545	1.882149	1.880004	261.219	403.268	-3.161	0.0398	0.114	-35.225	OK	44c8be367ca8a3918e67d3d2b62de9e0169cdee5	cargo run -p jxl-encoder --release --features 'parallel butteraugli-loop ssim2-loop' --example w44_170_cjxl_step025_sweep -- --image 1418519 --effort 6 --distance-min 1.75 --distance-max 1.75 --distance-step 1.75 --strategy zenjxl --corpus-manifest benchmarks/corpora/w44_170_varied_corpus.tsv
1418519	cid22	512	512	zenjxl	6	2.0000	14266	14404	82.0372	81.9194	2.150958	2.150974	279.156	477.383	-0.958	0.1178	-0.001	-41.524	OK	44c8be367ca8a3918e67d3d2b62de9e0169cdee5	cargo run -p jxl-encoder --release --features 'parallel butteraugli-loop ssim2-loop' --example w44_170_cjxl_step025_sweep -- --image 1418519 --effort 6 --distance-min 2 --distance-max 2 --distance-step 2 --strategy zenjxl --corpus-manifest benchmarks/corpora/w44_170_varied_corpus.tsv
1418519	cid22	512	512	zenjxl	6	2.2500	13240	13374	80.6412	80.6548	2.419978	2.387192	277.162	332.298	-1.002	-0.0136	1.373	-16.592	OK	44c8be367ca8a3918e67d3d2b62de9e0169cdee5	cargo run -p jxl-encoder --release --features 'parallel butteraugli-loop ssim2-loop' --example w44_170_cjxl_step025_sweep -- --image 1418519 --effort 6 --distance-min 2.25 --distance-max 2.25 --distance-step 2.25 --strategy zenjxl --corpus-manifest benchmarks/corpora/w44_170_varied_corpus.tsv
1418519	cid22	512	512	zenjxl	6	2.5000	12243	12444	78.9667	79.3812	2.434286	2.433161	198.071	285.823	-1.615	-0.4145	0.046	-30.702	OK	44c8be367ca8a3918e67d3d2b62de9e0169cdee5	cargo run -p jxl-encoder --release --features 'parallel butteraugli-loop ssim2-loop' --example w44_170_cjxl_step025_sweep -- --image 1418519 --effort 6 --distance-min 2.5 --distance-max 2.5 --distance-step 2.5 --strategy zenjxl --corpus-manifest benchmarks/corpora/w44_170_varied_corpus.tsv
1418519	cid22	512	512	zenjxl	6	2.7500	11574	11853	77.7712	77.9297	2.674953	2.665776	312.576	466.187	-2.354	-0.1585	0.344	-32.951	OK	44c8be367ca8a3918e67d3d2b62de9e0169cdee5	cargo run -p jxl-encoder --release --features 'parallel butteraugli-loop ssim2-loop' --example w44_170_cjxl_step025_sweep -- --image 1418519 --effort 6 --distance-min 2.75 --distance-max 2.75 --distance-step 2.75 --strategy zenjxl --corpus-manifest benchmarks/corpora/w44_170_varied_corpus.tsv
1418519	cid22	512	512	zenjxl	6	3.0000	10739	11221	75.9553	77.2345	3.316912	2.965509	263.180	437.167	-4.296	-1.2792	11.850	-39.799	OK	44c8be367ca8a3918e67d3d2b62de9e0169cdee5	cargo run -p jxl-encoder --release --features 'parallel butteraugli-loop ssim2-loop' --example w44_170_cjxl_step025_sweep -- --image 1418519 --effort 6 --distance-min 3 --distance-max 3 --distance-step 3 --strategy zenjxl --corpus-manifest benchmarks/corpora/w44_170_varied_corpus.tsv
1418519	cid22	512	512	zenjxl	6	3.2500	10194	10562	74.9635	75.8490	3.095221	2.917485	218.555	277.843	-3.484	-0.8855	6.092	-21.339	OK	44c8be367ca8a3918e67d3d2b62de9e0169cdee5	cargo run -p jxl-encoder --release --features 'parallel butteraugli-loop ssim2-loop' --example w44_170_cjxl_step025_sweep -- --image 1418519 --effort 6 --distance-min 3.25 --distance-max 3.25 --distance-step 3.25 --strategy zenjxl --corpus-manifest benchmarks/corpora/w44_170_varied_corpus.tsv
1418519	cid22	512	512	zenjxl	6	3.5000	9666	10120	73.1631	74.6975	3.725383	3.219443	294.763	384.901	-4.486	-1.5344	15.715	-23.419	OK	44c8be367ca8a3918e67d3d2b62de9e0169cdee5	cargo run -p jxl-encoder --release --features 'parallel butteraugli-loop ssim2-loop' --example w44_170_cjxl_step025_sweep -- --image 1418519 --effort 6 --distance-min 3.5 --distance-max 3.5 --distance-step 3.5 --strategy zenjxl --corpus-manifest benchmarks/corpora/w44_170_varied_corpus.tsv
1418519	cid22	512	512	zenjxl	6	3.7500	9300	9684	71.9788	73.3391	3.447674	3.433758	192.645	421.798	-3.965	-1.3603	0.405	-54.328	OK	44c8be367ca8a3918e67d3d2b62de9e0169cdee5	cargo run -p jxl-encoder --release --features 'parallel butteraugli-loop ssim2-loop' --example w44_170_cjxl_step025_sweep -- --image 1418519 --effort 6 --distance-min 3.75 --distance-max 3.75 --distance-step 3.75 --strategy zenjxl --corpus-manifest benchmarks/corpora/w44_170_varied_corpus.tsv
1418519	cid22	512	512	zenjxl	6	4.0000	8960	9294	71.8305	72.8907	3.776652	4.175093	495.968	359.670	-3.594	-1.0601	-9.543	37.895	OK	44c8be367ca8a3918e67d3d2b62de9e0169cdee5	cargo run -p jxl-encoder --release --features 'parallel butteraugli-loop ssim2-loop' --example w44_170_cjxl_step025_sweep -- --image 1418519 --effort 6 --distance-min 4 --distance-max 4 --distance-step 4 --strategy zenjxl --corpus-manifest benchmarks/corpora/w44_170_varied_corpus.tsv
1418519	cid22	512	512	zenjxl	6	4.2500	8570	9223	70.7720	71.8573	4.091434	3.970496	376.792	423.276	-7.080	-1.0853	3.046	-10.982	OK	44c8be367ca8a3918e67d3d2b62de9e0169cdee5	cargo run -p jxl-encoder --release --features 'parallel butteraugli-loop ssim2-loop' --example w44_170_cjxl_step025_sweep -- --image 1418519 --effort 6 --distance-min 4.25 --distance-max 4.25 --distance-step 4.25 --strategy zenjxl --corpus-manifest benchmarks/corpora/w44_170_varied_corpus.tsv
1418519	cid22	512	512	zenjxl	6	4.5000	8255	8777	69.5792	70.8014	4.121533	3.931125	415.672	362.300	-5.947	-1.2222	4.844	14.731	OK	44c8be367ca8a3918e67d3d2b62de9e0169cdee5	cargo run -p jxl-encoder --release --features 'parallel butteraugli-loop ssim2-loop' --example w44_170_cjxl_step025_sweep -- --image 1418519 --effort 6 --distance-min 4.5 --distance-max 4.5 --distance-step 4.5 --strategy zenjxl --corpus-manifest benchmarks/corpora/w44_170_varied_corpus.tsv
1418519	cid22	512	512	zenjxl	6	4.7500	7724	8373	68.6999	70.2228	4.225317	4.224888	292.324	261.119	-7.751	-1.5229	0.010	11.950	OK	44c8be367ca8a3918e67d3d2b62de9e0169cdee5	cargo run -p jxl-encoder --release --features 'parallel butteraugli-loop ssim2-loop' --example w44_170_cjxl_step025_sweep -- --image 1418519 --effort 6 --distance-min 4.75 --distance-max 4.75 --distance-step 4.75 --strategy zenjxl --corpus-manifest benchmarks/corpora/w44_170_varied_corpus.tsv
1418519	cid22	512	512	zenjxl	6	5.0000	7562	8155	68.0034	68.8877	4.740450	4.727833	339.775	351.268	-7.272	-0.8843	0.267	-3.272	OK	44c8be367ca8a3918e67d3d2b62de9e0169cdee5	cargo run -p jxl-encoder --release --features 'parallel butteraugli-loop ssim2-loop' --example w44_170_cjxl_step025_sweep -- --image 1418519 --effort 6 --distance-min 5 --distance-max 5 --distance-step 5 --strategy zenjxl --corpus-manifest benchmarks/corpora/w44_170_varied_corpus.tsv
1418519	cid22	512	512	zenjxl	7	0.2500	58006	58129	92.8610	92.9746	0.532913	0.530277	204.171	369.644	-0.212	-0.1136	0.497	-44.766	OK	44c8be367ca8a3918e67d3d2b62de9e0169cdee5	cargo run -p jxl-encoder --release --features 'parallel butteraugli-loop ssim2-loop' --example w44_170_cjxl_step025_sweep -- --image 1418519 --effort 7 --distance-min 0.25 --distance-max 0.25 --distance-step 0.25 --strategy zenjxl --corpus-manifest benchmarks/corpora/w44_170_varied_corpus.tsv
1418519	cid22	512	512	zenjxl	7	0.5000	36655	36914	91.0001	91.2657	0.754510	0.746955	303.699	401.667	-0.702	-0.2657	1.011	-24.390	OK	44c8be367ca8a3918e67d3d2b62de9e0169cdee5	cargo run -p jxl-encoder --release --features 'parallel butteraugli-loop ssim2-loop' --example w44_170_cjxl_step025_sweep -- --image 1418519 --effort 7 --distance-min 0.5 --distance-max 0.5 --distance-step 0.5 --strategy zenjxl --corpus-manifest benchmarks/corpora/w44_170_varied_corpus.tsv
1418519	cid22	512	512	zenjxl	7	0.7500	25991	26257	89.5953	89.5502	0.951729	0.934532	361.673	266.204	-1.013	0.0451	1.840	35.863	OK	44c8be367ca8a3918e67d3d2b62de9e0169cdee5	cargo run -p jxl-encoder --release --features 'parallel butteraugli-loop ssim2-loop' --example w44_170_cjxl_step025_sweep -- --image 1418519 --effort 7 --distance-min 0.75 --distance-max 0.75 --distance-step 0.75 --strategy zenjxl --corpus-manifest benchmarks/corpora/w44_170_varied_corpus.tsv
1418519	cid22	512	512	zenjxl	7	1.0000	21583	21947	87.8455	88.2853	1.140542	1.111072	434.431	454.025	-1.659	-0.4398	2.652	-4.316	OK	44c8be367ca8a3918e67d3d2b62de9e0169cdee5	cargo run -p jxl-encoder --release --features 'parallel butteraugli-loop ssim2-loop' --example w44_170_cjxl_step025_sweep -- --image 1418519 --effort 7 --distance-min 1 --distance-max 1 --distance-step 1 --strategy zenjxl --corpus-manifest benchmarks/corpora/w44_170_varied_corpus.tsv
1418519	cid22	512	512	zenjxl	7	1.2500	18725	19125	86.2809	86.6339	1.471687	1.550154	255.818	432.032	-2.092	-0.3530	-5.062	-40.787	OK	44c8be367ca8a3918e67d3d2b62de9e0169cdee5	cargo run -p jxl-encoder --release --features 'parallel butteraugli-loop ssim2-loop' --example w44_170_cjxl_step025_sweep -- --image 1418519 --effort 7 --distance-min 1.25 --distance-max 1.25 --distance-step 1.25 --strategy zenjxl --corpus-manifest benchmarks/corpora/w44_170_varied_corpus.tsv
1418519	cid22	512	512	zenjxl	7	1.5000	16637	17048	84.6930	85.1410	1.805742	1.805905	332.298	472.189	-2.411	-0.4479	-0.009	-29.626	OK	44c8be367ca8a3918e67d3d2b62de9e0169cdee5	cargo run -p jxl-encoder --release --features 'parallel butteraugli-loop ssim2-loop' --example w44_170_cjxl_step025_sweep -- --image 1418519 --effort 7 --distance-min 1.5 --distance-max 1.5 --distance-step 1.5 --strategy zenjxl --corpus-manifest benchmarks/corpora/w44_170_varied_corpus.tsv
1418519	cid22	512	512	zenjxl	7	1.7500	15159	15645	83.2224	83.9370	1.882191	1.883491	323.509	412.769	-3.106	-0.7146	-0.069	-21.625	OK	44c8be367ca8a3918e67d3d2b62de9e0169cdee5	cargo run -p jxl-encoder --release --features 'parallel butteraugli-loop ssim2-loop' --example w44_170_cjxl_step025_sweep -- --image 1418519 --effort 7 --distance-min 1.75 --distance-max 1.75 --distance-step 1.75 --strategy zenjxl --corpus-manifest benchmarks/corpora/w44_170_varied_corpus.tsv
1418519	cid22	512	512	zenjxl	7	2.0000	13873	14410	81.7266	81.9265	2.152095	2.150204	326.443	412.952	-3.727	-0.2000	0.088	-20.949	OK	44c8be367ca8a3918e67d3d2b62de9e0169cdee5	cargo run -p jxl-encoder --release --features 'parallel butteraugli-loop ssim2-loop' --example w44_170_cjxl_step025_sweep -- --image 1418519 --effort 7 --distance-min 2 --distance-max 2 --distance-step 2 --strategy zenjxl --corpus-manifest benchmarks/corpora/w44_170_varied_corpus.tsv
1418519	cid22	512	512	zenjxl	7	2.2500	12914	13372	80.2593	80.9535	2.439679	2.387192	282.756	527.762	-3.425	-0.6942	2.199	-46.424	OK	44c8be367ca8a3918e67d3d2b62de9e0169cdee5	cargo run -p jxl-encoder --release --features 'parallel butteraugli-loop ssim2-loop' --example w44_170_cjxl_step025_sweep -- --image 1418519 --effort 7 --distance-min 2.25 --distance-max 2.25 --distance-step 2.25 --strategy zenjxl --corpus-manifest benchmarks/corpora/w44_170_varied_corpus.tsv
1418519	cid22	512	512	zenjxl	7	2.5000	11948	12463	78.5507	79.5477	2.438383	2.433027	357.203	553.783	-4.132	-0.9970	0.220	-35.498	OK	44c8be367ca8a3918e67d3d2b62de9e0169cdee5	cargo run -p jxl-encoder --release --features 'parallel butteraugli-loop ssim2-loop' --example w44_170_cjxl_step025_sweep -- --image 1418519 --effort 7 --distance-min 2.5 --distance-max 2.5 --distance-step 2.5 --strategy zenjxl --corpus-manifest benchmarks/corpora/w44_170_varied_corpus.tsv
1418519	cid22	512	512	zenjxl	7	2.7500	11327	11857	77.3580	78.1114	2.674885	2.665741	267.989	148.414	-4.470	-0.7535	0.343	80.568	OK	44c8be367ca8a3918e67d3d2b62de9e0169cdee5	cargo run -p jxl-encoder --release --features 'parallel butteraugli-loop ssim2-loop' --example w44_170_cjxl_step025_sweep -- --image 1418519 --effort 7 --distance-min 2.75 --distance-max 2.75 --distance-step 2.75 --strategy zenjxl --corpus-manifest benchmarks/corpora/w44_170_varied_corpus.tsv
1418519	cid22	512	512	zenjxl	7	3.0000	10545	11256	75.4092	77.0655	3.316914	2.882906	307.398	378.624	-6.317	-1.6563	15.055	-18.812	OK	44c8be367ca8a3918e67d3d2b62de9e0169cdee5	cargo run -p jxl-encoder --release --features 'parallel butteraugli-loop ssim2-loop' --example w44_170_cjxl_step025_sweep -- --image 1418519 --effort 7 --distance-min 3 --distance-max 3 --distance-step 3 --strategy zenjxl --corpus-manifest benchmarks/corpora/w44_170_varied_corpus.tsv
1418519	cid22	512	512	zenjxl	7	3.2500	9936	10589	74.5601	75.9012	3.084195	2.980910	375.438	357.649	-6.167	-1.3411	3.465	4.974	OK	44c8be367ca8a3918e67d3d2b62de9e0169cdee5	cargo run -p jxl-encoder --release --features 'parallel butteraugli-loop ssim2-loop' --example w44_170_cjxl_step025_sweep -- --image 1418519 --effort 7 --distance-min 3.25 --distance-max 3.25 --distance-step 3.25 --strategy zenjxl --corpus-manifest benchmarks/corpora/w44_170_varied_corpus.tsv
1418519	cid22	512	512	zenjxl	7	3.5000	9432	10167	72.7405	74.5814	3.725639	3.360585	392.859	396.837	-7.229	-1.8408	10.863	-1.002	OK	44c8be367ca8a3918e67d3d2b62de9e0169cdee5	cargo run -p jxl-encoder --release --features 'parallel butteraugli-loop ssim2-loop' --example w44_170_cjxl_step025_sweep -- --image 1418519 --effort 7 --distance-min 3.5 --distance-max 3.5 --distance-step 3.5 --strategy zenjxl --corpus-manifest benchmarks/corpora/w44_170_varied_corpus.tsv
1418519	cid22	512	512	zenjxl	7	3.7500	9078	9752	71.7049	73.9209	3.456791	3.416892	383.028	549.372	-6.911	-2.2160	1.168	-30.279	OK	44c8be367ca8a3918e67d3d2b62de9e0169cdee5	cargo run -p jxl-encoder --release --features 'parallel butteraugli-loop ssim2-loop' --example w44_170_cjxl_step025_sweep -- --image 1418519 --effort 7 --distance-min 3.75 --distance-max 3.75 --distance-step 3.75 --strategy zenjxl --corpus-manifest benchmarks/corpora/w44_170_varied_corpus.tsv
1418519	cid22	512	512	zenjxl	7	4.0000	8747	9351	71.3451	72.9955	3.782830	4.175093	447.958	388.747	-6.459	-1.6504	-9.395	15.231	OK	44c8be367ca8a3918e67d3d2b62de9e0169cdee5	cargo run -p jxl-encoder --release --features 'parallel butteraugli-loop ssim2-loop' --example w44_170_cjxl_step025_sweep -- --image 1418519 --effort 7 --distance-min 4 --distance-max 4 --distance-step 4 --strategy zenjxl --corpus-manifest benchmarks/corpora/w44_170_varied_corpus.tsv
1418519	cid22	512	512	zenjxl	7	4.2500	8457	9185	70.1029	72.0421	4.091048	3.970496	500.792	406.800	-7.926	-1.9392	3.036	23.105	OK	44c8be367ca8a3918e67d3d2b62de9e0169cdee5	cargo run -p jxl-encoder --release --features 'parallel butteraugli-loop ssim2-loop' --example w44_170_cjxl_step025_sweep -- --image 1418519 --effort 7 --distance-min 4.25 --distance-max 4.25 --distance-step 4.25 --strategy zenjxl --corpus-manifest benchmarks/corpora/w44_170_varied_corpus.tsv
1418519	cid22	512	512	zenjxl	7	4.5000	8104	8843	69.2063	70.9706	4.115730	3.931125	495.195	389.111	-8.357	-1.7643	4.696	27.263	OK	44c8be367ca8a3918e67d3d2b62de9e0169cdee5	cargo run -p jxl-encoder --release --features 'parallel butteraugli-loop ssim2-loop' --example w44_170_cjxl_step025_sweep -- --image 1418519 --effort 7 --distance-min 4.5 --distance-max 4.5 --distance-step 4.5 --strategy zenjxl --corpus-manifest benchmarks/corpora/w44_170_varied_corpus.tsv
1418519	cid22	512	512	zenjxl	7	4.7500	7634	8424	68.2386	70.2241	4.225371	4.224888	367.349	486.699	-9.378	-1.9855	0.011	-24.522	OK	44c8be367ca8a3918e67d3d2b62de9e0169cdee5	cargo run -p jxl-encoder --release --features 'parallel butteraugli-loop ssim2-loop' --example w44_170_cjxl_step025_sweep -- --image 1418519 --effort 7 --distance-min 4.75 --distance-max 4.75 --distance-step 4.75 --strategy zenjxl --corpus-manifest benchmarks/corpora/w44_170_varied_corpus.tsv
1418519	cid22	512	512	zenjxl	7	5.0000	7466	8185	67.6653	69.2771	4.745216	4.721256	424.330	385.398	-8.784	-1.6119	0.507	10.102	OK	44c8be367ca8a3918e67d3d2b62de9e0169cdee5	cargo run -p jxl-encoder --release --features 'parallel butteraugli-loop ssim2-loop' --example w44_170_cjxl_step025_sweep -- --image 1418519 --effort 7 --distance-min 5 --distance-max 5 --distance-step 5 --strategy zenjxl --corpus-manifest benchmarks/corpora/w44_170_varied_corpus.tsv
1418519	cid22	512	512	zenjxl	8	0.2500	58854	58820	92.8023	92.8762	0.316159	0.378264	1132.872	1366.972	0.058	-0.0739	-16.418	-17.125	OK	44c8be367ca8a3918e67d3d2b62de9e0169cdee5	cargo run -p jxl-encoder --release --features 'parallel butteraugli-loop ssim2-loop' --example w44_170_cjxl_step025_sweep -- --image 1418519 --effort 8 --distance-min 0.25 --distance-max 0.25 --distance-step 0.25 --strategy zenjxl --corpus-manifest benchmarks/corpora/w44_170_varied_corpus.tsv
1418519	cid22	512	512	zenjxl	8	0.5000	36073	36339	91.1675	91.5822	0.728461	0.695994	946.189	1362.906	-0.732	-0.4147	4.665	-30.576	OK	44c8be367ca8a3918e67d3d2b62de9e0169cdee5	cargo run -p jxl-encoder --release --features 'parallel butteraugli-loop ssim2-loop' --example w44_170_cjxl_step025_sweep -- --image 1418519 --effort 8 --distance-min 0.5 --distance-max 0.5 --distance-step 0.5 --strategy zenjxl --corpus-manifest benchmarks/corpora/w44_170_varied_corpus.tsv
1418519	cid22	512	512	zenjxl	8	0.7500	25852	26095	89.9818	90.1013	0.921044	0.831267	1027.184	1281.549	-0.931	-0.1196	10.800	-19.848	OK	44c8be367ca8a3918e67d3d2b62de9e0169cdee5	cargo run -p jxl-encoder --release --features 'parallel butteraugli-loop ssim2-loop' --example w44_170_cjxl_step025_sweep -- --image 1418519 --effort 8 --distance-min 0.75 --distance-max 0.75 --distance-step 0.75 --strategy zenjxl --corpus-manifest benchmarks/corpora/w44_170_varied_corpus.tsv
1418519	cid22	512	512	zenjxl	8	1.0000	21362	21826	88.2987	88.7117	1.219866	1.167616	1151.995	1854.692	-2.126	-0.4130	4.475	-37.888	OK	44c8be367ca8a3918e67d3d2b62de9e0169cdee5	cargo run -p jxl-encoder --release --features 'parallel butteraugli-loop ssim2-loop' --example w44_170_cjxl_step025_sweep -- --image 1418519 --effort 8 --distance-min 1 --distance-max 1 --distance-step 1 --strategy zenjxl --corpus-manifest benchmarks/corpora/w44_170_varied_corpus.tsv
1418519	cid22	512	512	zenjxl	8	1.2500	18411	18852	86.5803	87.0752	1.742269	1.778855	1025.434	1326.709	-2.339	-0.4949	-2.057	-22.708	OK	44c8be367ca8a3918e67d3d2b62de9e0169cdee5	cargo run -p jxl-encoder --release --features 'parallel butteraugli-loop ssim2-loop' --example w44_170_cjxl_step025_sweep -- --image 1418519 --effort 8 --distance-min 1.25 --distance-max 1.25 --distance-step 1.25 --strategy zenjxl --corpus-manifest benchmarks/corpora/w44_170_varied_corpus.tsv
1418519	cid22	512	512	zenjxl	8	1.5000	16274	16867	84.8398	85.4617	1.803026	1.649745	1278.095	1658.700	-3.516	-0.6219	9.291	-22.946	OK	44c8be367ca8a3918e67d3d2b62de9e0169cdee5	cargo run -p jxl-encoder --release --features 'parallel butteraugli-loop ssim2-loop' --example w44_170_cjxl_step025_sweep -- --image 1418519 --effort 8 --distance-min 1.5 --distance-max 1.5 --distance-step 1.5 --strategy zenjxl --corpus-manifest benchmarks/corpora/w44_170_varied_corpus.tsv
1418519	cid22	512	512	zenjxl	8	1.7500	14728	15435	83.6490	83.9736	1.886448	1.900079	1167.031	1539.430	-4.580	-0.3246	-0.717	-24.191	OK	44c8be367ca8a3918e67d3d2b62de9e0169cdee5	cargo run -p jxl-encoder --release --features 'parallel butteraugli-loop ssim2-loop' --example w44_170_cjxl_step025_sweep -- --image 1418519 --effort 8 --distance-min 1.75 --distance-max 1.75 --distance-step 1.75 --strategy zenjxl --corpus-manifest benchmarks/corpora/w44_170_varied_corpus.tsv
1418519	cid22	512	512	zenjxl	8	2.0000	13346	14033	81.8214	82.4427	2.224091	2.188739	1066.962	1220.912	-4.896	-0.6213	1.615	-12.609	OK	44c8be367ca8a3918e67d3d2b62de9e0169cdee5	cargo run -p jxl-encoder --release --features 'parallel butteraugli-loop ssim2-loop' --example w44_170_cjxl_step025_sweep -- --image 1418519 --effort 8 --distance-min 2 --distance-max 2 --distance-step 2 --strategy zenjxl --corpus-manifest benchmarks/corpora/w44_170_varied_corpus.tsv
1418519	cid22	512	512	zenjxl	8	2.2500	12367	13117	80.3327	80.9743	2.358970	2.287498	1194.596	1128.333	-5.718	-0.6416	3.124	5.873	OK	44c8be367ca8a3918e67d3d2b62de9e0169cdee5	cargo run -p jxl-encoder --release --features 'parallel butteraugli-loop ssim2-loop' --example w44_170_cjxl_step025_sweep -- --image 1418519 --effort 8 --distance-min 2.25 --distance-max 2.25 --distance-step 2.25 --strategy zenjxl --corpus-manifest benchmarks/corpora/w44_170_varied_corpus.tsv
1418519	cid22	512	512	zenjxl	8	2.5000	11379	12163	78.5279	79.5784	2.445078	2.747586	1305.340	1452.186	-6.446	-1.0505	-11.010	-10.112	OK	44c8be367ca8a3918e67d3d2b62de9e0169cdee5	cargo run -p jxl-encoder --release --features 'parallel butteraugli-loop ssim2-loop' --example w44_170_cjxl_step025_sweep -- --image 1418519 --effort 8 --distance-min 2.5 --distance-max 2.5 --distance-step 2.5 --strategy zenjxl --corpus-manifest benchmarks/corpora/w44_170_varied_corpus.tsv
1418519	cid22	512	512	zenjxl	8	2.7500	10665	11438	77.1587	78.0498	2.769887	2.778131	956.819	1647.281	-6.758	-0.8911	-0.297	-41.915	OK	44c8be367ca8a3918e67d3d2b62de9e0169cdee5	cargo run -p jxl-encoder --release --features 'parallel butteraugli-loop ssim2-loop' --example w44_170_cjxl_step025_sweep -- --image 1418519 --effort 8 --distance-min 2.75 --distance-max 2.75 --distance-step 2.75 --strategy zenjxl --corpus-manifest benchmarks/corpora/w44_170_varied_corpus.tsv
1418519	cid22	512	512	zenjxl	8	3.0000	10098	10788	75.8322	76.6440	2.946505	2.857833	1222.620	1752.460	-6.396	-0.8117	3.103	-30.234	OK	44c8be367ca8a3918e67d3d2b62de9e0169cdee5	cargo run -p jxl-encoder --release --features 'parallel butteraugli-loop ssim2-loop' --example w44_170_cjxl_step025_sweep -- --image 1418519 --effort 8 --distance-min 3 --distance-max 3 --distance-step 3 --strategy zenjxl --corpus-manifest benchmarks/corpora/w44_170_varied_corpus.tsv
1418519	cid22	512	512	zenjxl	8	3.2500	9540	10271	74.5950	75.6674	3.006180	3.102920	1003.940	1669.715	-7.117	-1.0724	-3.118	-39.874	OK	44c8be367ca8a3918e67d3d2b62de9e0169cdee5	cargo run -p jxl-encoder --release --features 'parallel butteraugli-loop ssim2-loop' --example w44_170_cjxl_step025_sweep -- --image 1418519 --effort 8 --distance-min 3.25 --distance-max 3.25 --distance-step 3.25 --strategy zenjxl --corpus-manifest benchmarks/corpora/w44_170_varied_corpus.tsv
1418519	cid22	512	512	zenjxl	8	3.5000	8909	9722	73.0752	74.5244	3.386109	3.352241	1516.594	1752.729	-8.362	-1.4492	1.010	-13.472	OK	44c8be367ca8a3918e67d3d2b62de9e0169cdee5	cargo run -p jxl-encoder --release --features 'parallel butteraugli-loop ssim2-loop' --example w44_170_cjxl_step025_sweep -- --image 1418519 --effort 8 --distance-min 3.5 --distance-max 3.5 --distance-step 3.5 --strategy zenjxl --corpus-manifest benchmarks/corpora/w44_170_varied_corpus.tsv
1418519	cid22	512	512	zenjxl	8	3.7500	8560	9277	71.9579	73.6620	3.357403	3.315987	1340.949	1592.955	-7.729	-1.7042	1.249	-15.820	OK	44c8be367ca8a3918e67d3d2b62de9e0169cdee5	cargo run -p jxl-encoder --release --features 'parallel butteraugli-loop ssim2-loop' --example w44_170_cjxl_step025_sweep -- --image 1418519 --effort 8 --distance-min 3.75 --distance-max 3.75 --distance-step 3.75 --strategy zenjxl --corpus-manifest benchmarks/corpora/w44_170_varied_corpus.tsv
1418519	cid22	512	512	zenjxl	8	4.0000	8333	8932	71.6929	72.3045	3.833120	3.544480	1004.450	1550.136	-6.706	-0.6116	8.143	-35.202	OK	44c8be367ca8a3918e67d3d2b62de9e0169cdee5	cargo run -p jxl-encoder --release --features 'parallel butteraugli-loop ssim2-loop' --example w44_170_cjxl_step025_sweep -- --image 1418519 --effort 8 --distance-min 4 --distance-max 4 --distance-step 4 --strategy zenjxl --corpus-manifest benchmarks/corpora/w44_170_varied_corpus.tsv
1418519	cid22	512	512	zenjxl	8	4.2500	7998	8880	70.0887	71.3028	4.145875	4.150731	1067.375	1513.341	-9.932	-1.2141	-0.117	-29.469	OK	44c8be367ca8a3918e67d3d2b62de9e0169cdee5	cargo run -p jxl-encoder --release --features 'parallel butteraugli-loop ssim2-loop' --example w44_170_cjxl_step025_sweep -- --image 1418519 --effort 8 --distance-min 4.25 --distance-max 4.25 --distance-step 4.25 --strategy zenjxl --corpus-manifest benchmarks/corpora/w44_170_varied_corpus.tsv
1418519	cid22	512	512	zenjxl	8	4.5000	7836	8492	69.3250	70.3958	3.853697	4.091115	1087.641	1445.613	-7.725	-1.0708	-5.803	-24.763	OK	44c8be367ca8a3918e67d3d2b62de9e0169cdee5	cargo run -p jxl-encoder --release --features 'parallel butteraugli-loop ssim2-loop' --example w44_170_cjxl_step025_sweep -- --image 1418519 --effort 8 --distance-min 4.5 --distance-max 4.5 --distance-step 4.5 --strategy zenjxl --corpus-manifest benchmarks/corpora/w44_170_varied_corpus.tsv
1418519	cid22	512	512	zenjxl	8	4.7500	7303	8048	67.6873	69.7259	4.129334	4.342392	935.940	1262.307	-9.257	-2.0387	-4.906	-25.855	OK	44c8be367ca8a3918e67d3d2b62de9e0169cdee5	cargo run -p jxl-encoder --release --features 'parallel butteraugli-loop ssim2-loop' --example w44_170_cjxl_step025_sweep -- --image 1418519 --effort 8 --distance-min 4.75 --distance-max 4.75 --distance-step 4.75 --strategy zenjxl --corpus-manifest benchmarks/corpora/w44_170_varied_corpus.tsv
1418519	cid22	512	512	zenjxl	8	5.0000	7064	7766	66.8657	67.9760	4.282366	4.694778	1123.070	1538.058	-9.039	-1.1103	-8.784	-26.981	OK	44c8be367ca8a3918e67d3d2b62de9e0169cdee5	cargo run -p jxl-encoder --release --features 'parallel butteraugli-loop ssim2-loop' --example w44_170_cjxl_step025_sweep -- --image 1418519 --effort 8 --distance-min 5 --distance-max 5 --distance-step 5 --strategy zenjxl --corpus-manifest benchmarks/corpora/w44_170_varied_corpus.tsv
1418519	cid22	512	512	zenjxl	9	0.2500	60053	59130	92.7926	92.8517	0.305276	0.306868	1776.074	2118.685	1.561	-0.0591	-0.519	-16.171	OK	44c8be367ca8a3918e67d3d2b62de9e0169cdee5	cargo run -p jxl-encoder --release --features 'parallel butteraugli-loop ssim2-loop' --example w44_170_cjxl_step025_sweep -- --image 1418519 --effort 9 --distance-min 0.25 --distance-max 0.25 --distance-step 0.25 --strategy zenjxl --corpus-manifest benchmarks/corpora/w44_170_varied_corpus.tsv
1418519	cid22	512	512	zenjxl	9	0.5000	36693	36443	91.1612	91.5666	0.567080	0.592916	1771.038	1775.800	0.686	-0.4054	-4.358	-0.268	OK	44c8be367ca8a3918e67d3d2b62de9e0169cdee5	cargo run -p jxl-encoder --release --features 'parallel butteraugli-loop ssim2-loop' --example w44_170_cjxl_step025_sweep -- --image 1418519 --effort 9 --distance-min 0.5 --distance-max 0.5 --distance-step 0.5 --strategy zenjxl --corpus-manifest benchmarks/corpora/w44_170_varied_corpus.tsv
1418519	cid22	512	512	zenjxl	9	0.7500	26163	26127	89.9582	90.0782	0.921044	0.849487	1840.887	2485.717	0.138	-0.1199	8.424	-25.941	OK	44c8be367ca8a3918e67d3d2b62de9e0169cdee5	cargo run -p jxl-encoder --release --features 'parallel butteraugli-loop ssim2-loop' --example w44_170_cjxl_step025_sweep -- --image 1418519 --effort 9 --distance-min 0.75 --distance-max 0.75 --distance-step 0.75 --strategy zenjxl --corpus-manifest benchmarks/corpora/w44_170_varied_corpus.tsv
1418519	cid22	512	512	zenjxl	9	1.0000	21603	21811	88.3249	88.7416	1.116874	1.086164	1694.407	1871.173	-0.954	-0.4166	2.827	-9.447	OK	44c8be367ca8a3918e67d3d2b62de9e0169cdee5	cargo run -p jxl-encoder --release --features 'parallel butteraugli-loop ssim2-loop' --example w44_170_cjxl_step025_sweep -- --image 1418519 --effort 9 --distance-min 1 --distance-max 1 --distance-step 1 --strategy zenjxl --corpus-manifest benchmarks/corpora/w44_170_varied_corpus.tsv
1418519	cid22	512	512	zenjxl	9	1.2500	18679	18835	86.5590	87.0880	1.336115	1.329233	2029.444	2148.862	-0.828	-0.5290	0.518	-5.557	OK	44c8be367ca8a3918e67d3d2b62de9e0169cdee5	cargo run -p jxl-encoder --release --features 'parallel butteraugli-loop ssim2-loop' --example w44_170_cjxl_step025_sweep -- --image 1418519 --effort 9 --distance-min 1.25 --distance-max 1.25 --distance-step 1.25 --strategy zenjxl --corpus-manifest benchmarks/corpora/w44_170_varied_corpus.tsv
1418519	cid22	512	512	zenjxl	9	1.5000	16548	16856	84.8699	85.5312	1.549489	1.567261	1528.979	1784.432	-1.827	-0.6613	-1.134	-14.316	OK	44c8be367ca8a3918e67d3d2b62de9e0169cdee5	cargo run -p jxl-encoder --release --features 'parallel butteraugli-loop ssim2-loop' --example w44_170_cjxl_step025_sweep -- --image 1418519 --effort 9 --distance-min 1.5 --distance-max 1.5 --distance-step 1.5 --strategy zenjxl --corpus-manifest benchmarks/corpora/w44_170_varied_corpus.tsv
1418519	cid22	512	512	zenjxl	9	1.7500	14895	15393	83.6541	83.9736	1.886448	1.900079	1120.143	1867.748	-3.235	-0.3195	-0.717	-40.027	OK	44c8be367ca8a3918e67d3d2b62de9e0169cdee5	cargo run -p jxl-encoder --release --features 'parallel butteraugli-loop ssim2-loop' --example w44_170_cjxl_step025_sweep -- --image 1418519 --effort 9 --distance-min 1.75 --distance-max 1.75 --distance-step 1.75 --strategy zenjxl --corpus-manifest benchmarks/corpora/w44_170_varied_corpus.tsv
1418519	cid22	512	512	zenjxl	9	2.0000	13501	14031	81.8132	82.4380	2.008215	2.007027	2071.471	1913.630	-3.777	-0.6248	0.059	8.248	OK	44c8be367ca8a3918e67d3d2b62de9e0169cdee5	cargo run -p jxl-encoder --release --features 'parallel butteraugli-loop ssim2-loop' --example w44_170_cjxl_step025_sweep -- --image 1418519 --effort 9 --distance-min 2 --distance-max 2 --distance-step 2 --strategy zenjxl --corpus-manifest benchmarks/corpora/w44_170_varied_corpus.tsv
1418519	cid22	512	512	zenjxl	9	2.2500	12572	13074	80.3327	80.9743	2.358970	2.287498	2036.979	2160.445	-3.840	-0.6416	3.124	-5.715	OK	44c8be367ca8a3918e67d3d2b62de9e0169cdee5	cargo run -p jxl-encoder --release --features 'parallel butteraugli-loop ssim2-loop' --example w44_170_cjxl_step025_sweep -- --image 1418519 --effort 9 --distance-min 2.25 --distance-max 2.25 --distance-step 2.25 --strategy zenjxl --corpus-manifest benchmarks/corpora/w44_170_varied_corpus.tsv
1418519	cid22	512	512	zenjxl	9	2.5000	11566	12147	78.5279	79.5673	2.445078	2.593042	1781.055	1751.579	-4.783	-1.0393	-5.706	1.683	OK	44c8be367ca8a3918e67d3d2b62de9e0169cdee5	cargo run -p jxl-encoder --release --features 'parallel butteraugli-loop ssim2-loop' --example w44_170_cjxl_step025_sweep -- --image 1418519 --effort 9 --distance-min 2.5 --distance-max 2.5 --distance-step 2.5 --strategy zenjxl --corpus-manifest benchmarks/corpora/w44_170_varied_corpus.tsv
1418519	cid22	512	512	zenjxl	9	2.7500	10854	11382	77.1587	78.0498	2.769887	2.778131	1796.548	1954.594	-4.639	-0.8911	-0.297	-8.086	OK	44c8be367ca8a3918e67d3d2b62de9e0169cdee5	cargo run -p jxl-encoder --release --features 'parallel butteraugli-loop ssim2-loop' --example w44_170_cjxl_step025_sweep -- --image 1418519 --effort 9 --distance-min 2.75 --distance-max 2.75 --distance-step 2.75 --strategy zenjxl --corpus-manifest benchmarks/corpora/w44_170_varied_corpus.tsv
1418519	cid22	512	512	zenjxl	9	3.0000	10193	10772	75.8667	76.6541	2.652344	2.857833	1662.237	2186.857	-5.375	-0.7874	-7.190	-23.990	OK	44c8be367ca8a3918e67d3d2b62de9e0169cdee5	cargo run -p jxl-encoder --release --features 'parallel butteraugli-loop ssim2-loop' --example w44_170_cjxl_step025_sweep -- --image 1418519 --effort 9 --distance-min 3 --distance-max 3 --distance-step 3 --strategy zenjxl --corpus-manifest benchmarks/corpora/w44_170_varied_corpus.tsv
1418519	cid22	512	512	zenjxl	9	3.2500	9622	10243	74.5950	75.6789	3.006180	3.102920	1554.177	2158.136	-6.063	-1.0838	-3.118	-27.985	OK	44c8be367ca8a3918e67d3d2b62de9e0169cdee5	cargo run -p jxl-encoder --release --features 'parallel butteraugli-loop ssim2-loop' --example w44_170_cjxl_step025_sweep -- --image 1418519 --effort 9 --distance-min 3.25 --distance-max 3.25 --distance-step 3.25 --strategy zenjxl --corpus-manifest benchmarks/corpora/w44_170_varied_corpus.tsv
1418519	cid22	512	512	zenjxl	9	3.5000	9101	9699	73.0752	74.5244	3.386109	3.352241	1913.858	2130.969	-6.166	-1.4492	1.010	-10.188	OK	44c8be367ca8a3918e67d3d2b62de9e0169cdee5	cargo run -p jxl-encoder --release --features 'parallel butteraugli-loop ssim2-loop' --example w44_170_cjxl_step025_sweep -- --image 1418519 --effort 9 --distance-min 3.5 --distance-max 3.5 --distance-step 3.5 --strategy zenjxl --corpus-manifest benchmarks/corpora/w44_170_varied_corpus.tsv
1418519	cid22	512	512	zenjxl	9	3.7500	8674	9269	71.9579	73.7442	3.357403	3.316303	1756.999	1855.302	-6.419	-1.7863	1.239	-5.298	OK	44c8be367ca8a3918e67d3d2b62de9e0169cdee5	cargo run -p jxl-encoder --release --features 'parallel butteraugli-loop ssim2-loop' --example w44_170_cjxl_step025_sweep -- --image 1418519 --effort 9 --distance-min 3.75 --distance-max 3.75 --distance-step 3.75 --strategy zenjxl --corpus-manifest benchmarks/corpora/w44_170_varied_corpus.tsv
1418519	cid22	512	512	zenjxl	9	4.0000	8306	8939	71.0659	72.3082	3.745483	3.472333	1805.919	2222.856	-7.081	-1.2424	7.866	-18.757	OK	44c8be367ca8a3918e67d3d2b62de9e0169cdee5	cargo run -p jxl-encoder --release --features 'parallel butteraugli-loop ssim2-loop' --example w44_170_cjxl_step025_sweep -- --image 1418519 --effort 9 --distance-min 4 --distance-max 4 --distance-step 4 --strategy zenjxl --corpus-manifest benchmarks/corpora/w44_170_varied_corpus.tsv
1418519	cid22	512	512	zenjxl	9	4.2500	8077	8846	69.9344	71.3028	3.957100	4.150731	1874.017	2250.446	-8.693	-1.3684	-4.665	-16.727	OK	44c8be367ca8a3918e67d3d2b62de9e0169cdee5	cargo run -p jxl-encoder --release --features 'parallel butteraugli-loop ssim2-loop' --example w44_170_cjxl_step025_sweep -- --image 1418519 --effort 9 --distance-min 4.25 --distance-max 4.25 --distance-step 4.25 --strategy zenjxl --corpus-manifest benchmarks/corpora/w44_170_varied_corpus.tsv
1418519	cid22	512	512	zenjxl	9	4.5000	7714	8446	68.5964	70.3958	4.067545	4.091115	2002.212	2120.531	-8.667	-1.7993	-0.576	-5.580	OK	44c8be367ca8a3918e67d3d2b62de9e0169cdee5	cargo run -p jxl-encoder --release --features 'parallel butteraugli-loop ssim2-loop' --example w44_170_cjxl_step025_sweep -- --image 1418519 --effort 9 --distance-min 4.5 --distance-max 4.5 --distance-step 4.5 --strategy zenjxl --corpus-manifest benchmarks/corpora/w44_170_varied_corpus.tsv
1418519	cid22	512	512	zenjxl	9	4.7500	7201	8023	67.6336	69.7259	4.165087	4.342392	1758.294	2190.081	-10.246	-2.0923	-4.083	-19.716	OK	44c8be367ca8a3918e67d3d2b62de9e0169cdee5	cargo run -p jxl-encoder --release --features 'parallel butteraugli-loop ssim2-loop' --example w44_170_cjxl_step025_sweep -- --image 1418519 --effort 9 --distance-min 4.75 --distance-max 4.75 --distance-step 4.75 --strategy zenjxl --corpus-manifest benchmarks/corpora/w44_170_varied_corpus.tsv
1418519	cid22	512	512	zenjxl	9	5.0000	6966	7767	66.3034	67.9760	4.436721	4.694778	2006.144	1950.782	-10.313	-1.6726	-5.497	2.838	OK	44c8be367ca8a3918e67d3d2b62de9e0169cdee5	cargo run -p jxl-encoder --release --features 'parallel butteraugli-loop ssim2-loop' --example w44_170_cjxl_step025_sweep -- --image 1418519 --effort 9 --distance-min 5 --distance-max 5 --distance-step 5 --strategy zenjxl --corpus-manifest benchmarks/corpora/w44_170_varied_corpus.tsv
1420710	cid22	512	512	zenjxl	5	0.2500	184049	183569	94.1370	94.1362	0.498971	0.500593	172.800	250.384	0.261	0.0008	-0.324	-30.986	OK	44c8be367ca8a3918e67d3d2b62de9e0169cdee5	cargo run -p jxl-encoder --release --features 'parallel butteraugli-loop ssim2-loop' --example w44_170_cjxl_step025_sweep -- --image 1420710 --effort 5 --distance-min 0.25 --distance-max 0.25 --distance-step 0.25 --strategy zenjxl --corpus-manifest benchmarks/corpora/w44_170_varied_corpus.tsv
1420710	cid22	512	512	zenjxl	5	0.5000	134716	134658	91.5460	91.5475	0.778299	0.773514	183.277	188.063	0.043	-0.0015	0.619	-2.545	OK	44c8be367ca8a3918e67d3d2b62de9e0169cdee5	cargo run -p jxl-encoder --release --features 'parallel butteraugli-loop ssim2-loop' --example w44_170_cjxl_step025_sweep -- --image 1420710 --effort 5 --distance-min 0.5 --distance-max 0.5 --distance-step 0.5 --strategy zenjxl --corpus-manifest benchmarks/corpora/w44_170_varied_corpus.tsv
1420710	cid22	512	512	zenjxl	5	0.7500	109352	109373	89.0407	89.0550	0.931347	0.938263	199.853	283.890	-0.019	-0.0143	-0.737	-29.602	OK	44c8be367ca8a3918e67d3d2b62de9e0169cdee5	cargo run -p jxl-encoder --release --features 'parallel butteraugli-loop ssim2-loop' --example w44_170_cjxl_step025_sweep -- --image 1420710 --effort 5 --distance-min 0.75 --distance-max 0.75 --distance-step 0.75 --strategy zenjxl --corpus-manifest benchmarks/corpora/w44_170_varied_corpus.tsv
1420710	cid22	512	512	zenjxl	5	1.0000	92047	92164	86.6416	86.7811	1.202974	1.198212	273.832	355.475	-0.127	-0.1395	0.397	-22.967	OK	44c8be367ca8a3918e67d3d2b62de9e0169cdee5	cargo run -p jxl-encoder --release --features 'parallel butteraugli-loop ssim2-loop' --example w44_170_cjxl_step025_sweep -- --image 1420710 --effort 5 --distance-min 1 --distance-max 1 --distance-step 1 --strategy zenjxl --corpus-manifest benchmarks/corpora/w44_170_varied_corpus.tsv
1420710	cid22	512	512	zenjxl	5	1.2500	79548	79722	84.2024	84.2615	1.505900	1.549901	302.604	319.845	-0.218	-0.0591	-2.839	-5.390	OK	44c8be367ca8a3918e67d3d2b62de9e0169cdee5	cargo run -p jxl-encoder --release --features 'parallel butteraugli-loop ssim2-loop' --example w44_170_cjxl_step025_sweep -- --image 1420710 --effort 5 --distance-min 1.25 --distance-max 1.25 --distance-step 1.25 --strategy zenjxl --corpus-manifest benchmarks/corpora/w44_170_varied_corpus.tsv
1420710	cid22	512	512	zenjxl	5	1.5000	69859	70155	82.0026	82.1666	1.759713	1.767006	131.333	254.088	-0.422	-0.1641	-0.413	-48.312	OK	44c8be367ca8a3918e67d3d2b62de9e0169cdee5	cargo run -p jxl-encoder --release --features 'parallel butteraugli-loop ssim2-loop' --example w44_170_cjxl_step025_sweep -- --image 1420710 --effort 5 --distance-min 1.5 --distance-max 1.5 --distance-step 1.5 --strategy zenjxl --corpus-manifest benchmarks/corpora/w44_170_varied_corpus.tsv
1420710	cid22	512	512	zenjxl	5	1.7500	62154	62474	79.8465	80.0298	1.993277	2.001183	131.871	456.515	-0.512	-0.1834	-0.395	-71.113	OK	44c8be367ca8a3918e67d3d2b62de9e0169cdee5	cargo run -p jxl-encoder --release --features 'parallel butteraugli-loop ssim2-loop' --example w44_170_cjxl_step025_sweep -- --image 1420710 --effort 5 --distance-min 1.75 --distance-max 1.75 --distance-step 1.75 --strategy zenjxl --corpus-manifest benchmarks/corpora/w44_170_varied_corpus.tsv
1420710	cid22	512	512	zenjxl	5	2.0000	55264	55662	77.4232	77.7805	2.438870	2.430695	136.339	405.351	-0.715	-0.3573	0.336	-66.365	OK	44c8be367ca8a3918e67d3d2b62de9e0169cdee5	cargo run -p jxl-encoder --release --features 'parallel butteraugli-loop ssim2-loop' --example w44_170_cjxl_step025_sweep -- --image 1420710 --effort 5 --distance-min 2 --distance-max 2 --distance-step 2 --strategy zenjxl --corpus-manifest benchmarks/corpora/w44_170_varied_corpus.tsv
1420710	cid22	512	512	zenjxl	5	2.2500	49264	49508	75.5002	75.8494	2.521360	2.579849	143.005	204.135	-0.493	-0.3492	-2.267	-29.946	OK	44c8be367ca8a3918e67d3d2b62de9e0169cdee5	cargo run -p jxl-encoder --release --features 'parallel butteraugli-loop ssim2-loop' --example w44_170_cjxl_step025_sweep -- --image 1420710 --effort 5 --distance-min 2.25 --distance-max 2.25 --distance-step 2.25 --strategy zenjxl --corpus-manifest benchmarks/corpora/w44_170_varied_corpus.tsv
1420710	cid22	512	512	zenjxl	5	2.5000	44032	44056	73.8018	73.8547	2.987433	2.977906	110.968	354.099	-0.054	-0.0529	0.320	-68.662	OK	44c8be367ca8a3918e67d3d2b62de9e0169cdee5	cargo run -p jxl-encoder --release --features 'parallel butteraugli-loop ssim2-loop' --example w44_170_cjxl_step025_sweep -- --image 1420710 --effort 5 --distance-min 2.5 --distance-max 2.5 --distance-step 2.5 --strategy zenjxl --corpus-manifest benchmarks/corpora/w44_170_varied_corpus.tsv
1420710	cid22	512	512	zenjxl	5	2.7500	39374	39532	71.8017	72.1667	3.204149	3.289352	161.637	267.891	-0.400	-0.3650	-2.590	-39.663	OK	44c8be367ca8a3918e67d3d2b62de9e0169cdee5	cargo run -p jxl-encoder --release --features 'parallel butteraugli-loop ssim2-loop' --example w44_170_cjxl_step025_sweep -- --image 1420710 --effort 5 --distance-min 2.75 --distance-max 2.75 --distance-step 2.75 --strategy zenjxl --corpus-manifest benchmarks/corpora/w44_170_varied_corpus.tsv
1420710	cid22	512	512	zenjxl	5	3.0000	33809	35879	69.4296	70.2656	3.252934	3.321720	141.403	196.374	-5.769	-0.8359	-2.071	-27.993	OK	44c8be367ca8a3918e67d3d2b62de9e0169cdee5	cargo run -p jxl-encoder --release --features 'parallel butteraugli-loop ssim2-loop' --example w44_170_cjxl_step025_sweep -- --image 1420710 --effort 5 --distance-min 3 --distance-max 3 --distance-step 3 --strategy zenjxl --corpus-manifest benchmarks/corpora/w44_170_varied_corpus.tsv
1420710	cid22	512	512	zenjxl	5	3.2500	31266	32504	67.8359	68.6650	3.663218	3.668725	135.986	187.943	-3.809	-0.8291	-0.150	-27.645	OK	44c8be367ca8a3918e67d3d2b62de9e0169cdee5	cargo run -p jxl-encoder --release --features 'parallel butteraugli-loop ssim2-loop' --example w44_170_cjxl_step025_sweep -- --image 1420710 --effort 5 --distance-min 3.25 --distance-max 3.25 --distance-step 3.25 --strategy zenjxl --corpus-manifest benchmarks/corpora/w44_170_varied_corpus.tsv
1420710	cid22	512	512	zenjxl	5	3.5000	29363	30422	66.1504	67.2939	3.817505	3.693478	117.832	298.045	-3.481	-1.1435	3.358	-60.465	OK	44c8be367ca8a3918e67d3d2b62de9e0169cdee5	cargo run -p jxl-encoder --release --features 'parallel butteraugli-loop ssim2-loop' --example w44_170_cjxl_step025_sweep -- --image 1420710 --effort 5 --distance-min 3.5 --distance-max 3.5 --distance-step 3.5 --strategy zenjxl --corpus-manifest benchmarks/corpora/w44_170_varied_corpus.tsv
1420710	cid22	512	512	zenjxl	5	3.7500	27877	28599	65.1607	65.9572	3.958534	3.987480	187.501	259.450	-2.525	-0.7965	-0.726	-27.731	OK	44c8be367ca8a3918e67d3d2b62de9e0169cdee5	cargo run -p jxl-encoder --release --features 'parallel butteraugli-loop ssim2-loop' --example w44_170_cjxl_step025_sweep -- --image 1420710 --effort 5 --distance-min 3.75 --distance-max 3.75 --distance-step 3.75 --strategy zenjxl --corpus-manifest benchmarks/corpora/w44_170_varied_corpus.tsv
1420710	cid22	512	512	zenjxl	5	4.0000	26609	27191	62.5363	63.1105	4.102270	4.134878	162.624	211.714	-2.140	-0.5741	-0.789	-23.187	OK	44c8be367ca8a3918e67d3d2b62de9e0169cdee5	cargo run -p jxl-encoder --release --features 'parallel butteraugli-loop ssim2-loop' --example w44_170_cjxl_step025_sweep -- --image 1420710 --effort 5 --distance-min 4 --distance-max 4 --distance-step 4 --strategy zenjxl --corpus-manifest benchmarks/corpora/w44_170_varied_corpus.tsv
1420710	cid22	512	512	zenjxl	5	4.2500	25329	26305	60.8108	61.6915	4.584341	4.619252	120.575	411.525	-3.710	-0.8807	-0.756	-70.700	OK	44c8be367ca8a3918e67d3d2b62de9e0169cdee5	cargo run -p jxl-encoder --release --features 'parallel butteraugli-loop ssim2-loop' --example w44_170_cjxl_step025_sweep -- --image 1420710 --effort 5 --distance-min 4.25 --distance-max 4.25 --distance-step 4.25 --strategy zenjxl --corpus-manifest benchmarks/corpora/w44_170_varied_corpus.tsv
1420710	cid22	512	512	zenjxl	5	4.5000	24233	25193	59.5093	60.6320	4.324758	4.334537	140.226	203.364	-3.811	-1.1227	-0.226	-31.047	OK	44c8be367ca8a3918e67d3d2b62de9e0169cdee5	cargo run -p jxl-encoder --release --features 'parallel butteraugli-loop ssim2-loop' --example w44_170_cjxl_step025_sweep -- --image 1420710 --effort 5 --distance-min 4.5 --distance-max 4.5 --distance-step 4.5 --strategy zenjxl --corpus-manifest benchmarks/corpora/w44_170_varied_corpus.tsv
1420710	cid22	512	512	zenjxl	5	4.7500	23229	24194	58.0848	59.3198	4.702633	4.696537	133.617	176.177	-3.989	-1.2350	0.130	-24.158	OK	44c8be367ca8a3918e67d3d2b62de9e0169cdee5	cargo run -p jxl-encoder --release --features 'parallel butteraugli-loop ssim2-loop' --example w44_170_cjxl_step025_sweep -- --image 1420710 --effort 5 --distance-min 4.75 --distance-max 4.75 --distance-step 4.75 --strategy zenjxl --corpus-manifest benchmarks/corpora/w44_170_varied_corpus.tsv
1420710	cid22	512	512	zenjxl	5	5.0000	22486	23261	56.9300	58.0268	4.782934	4.443818	167.433	169.768	-3.332	-1.0968	7.631	-1.375	OK	44c8be367ca8a3918e67d3d2b62de9e0169cdee5	cargo run -p jxl-encoder --release --features 'parallel butteraugli-loop ssim2-loop' --example w44_170_cjxl_step025_sweep -- --image 1420710 --effort 5 --distance-min 5 --distance-max 5 --distance-step 5 --strategy zenjxl --corpus-manifest benchmarks/corpora/w44_170_varied_corpus.tsv
1420710	cid22	512	512	zenjxl	6	0.2500	184051	183561	94.1329	94.1379	0.498971	0.500593	282.922	480.969	0.267	-0.0049	-0.324	-41.177	OK	44c8be367ca8a3918e67d3d2b62de9e0169cdee5	cargo run -p jxl-encoder --release --features 'parallel butteraugli-loop ssim2-loop' --example w44_170_cjxl_step025_sweep -- --image 1420710 --effort 6 --distance-min 0.25 --distance-max 0.25 --distance-step 0.25 --strategy zenjxl --corpus-manifest benchmarks/corpora/w44_170_varied_corpus.tsv
1420710	cid22	512	512	zenjxl	6	0.5000	134774	134672	91.5294	91.5530	0.778299	0.773514	232.661	294.184	0.076	-0.0236	0.619	-20.913	OK	44c8be367ca8a3918e67d3d2b62de9e0169cdee5	cargo run -p jxl-encoder --release --features 'parallel butteraugli-loop ssim2-loop' --example w44_170_cjxl_step025_sweep -- --image 1420710 --effort 6 --distance-min 0.5 --distance-max 0.5 --distance-step 0.5 --strategy zenjxl --corpus-manifest benchmarks/corpora/w44_170_varied_corpus.tsv
1420710	cid22	512	512	zenjxl	6	0.7500	109301	109626	89.0390	89.0361	0.932298	0.942133	344.911	450.963	-0.296	0.0029	-1.044	-23.517	OK	44c8be367ca8a3918e67d3d2b62de9e0169cdee5	cargo run -p jxl-encoder --release --features 'parallel butteraugli-loop ssim2-loop' --example w44_170_cjxl_step025_sweep -- --image 1420710 --effort 6 --distance-min 0.75 --distance-max 0.75 --distance-step 0.75 --strategy zenjxl --corpus-manifest benchmarks/corpora/w44_170_varied_corpus.tsv
1420710	cid22	512	512	zenjxl	6	1.0000	91980	92416	86.6301	86.7442	1.203190	1.211805	291.841	340.008	-0.472	-0.1141	-0.711	-14.166	OK	44c8be367ca8a3918e67d3d2b62de9e0169cdee5	cargo run -p jxl-encoder --release --features 'parallel butteraugli-loop ssim2-loop' --example w44_170_cjxl_step025_sweep -- --image 1420710 --effort 6 --distance-min 1 --distance-max 1 --distance-step 1 --strategy zenjxl --corpus-manifest benchmarks/corpora/w44_170_varied_corpus.tsv
1420710	cid22	512	512	zenjxl	6	1.2500	79303	79796	84.1217	84.3606	1.505525	1.525527	331.700	514.957	-0.618	-0.2389	-1.311	-35.587	OK	44c8be367ca8a3918e67d3d2b62de9e0169cdee5	cargo run -p jxl-encoder --release --features 'parallel butteraugli-loop ssim2-loop' --example w44_170_cjxl_step025_sweep -- --image 1420710 --effort 6 --distance-min 1.25 --distance-max 1.25 --distance-step 1.25 --strategy zenjxl --corpus-manifest benchmarks/corpora/w44_170_varied_corpus.tsv
1420710	cid22	512	512	zenjxl	6	1.5000	69859	70316	81.9840	82.2518	1.769625	1.784778	329.943	281.792	-0.650	-0.2678	-0.849	17.087	OK	44c8be367ca8a3918e67d3d2b62de9e0169cdee5	cargo run -p jxl-encoder --release --features 'parallel butteraugli-loop ssim2-loop' --example w44_170_cjxl_step025_sweep -- --image 1420710 --effort 6 --distance-min 1.5 --distance-max 1.5 --distance-step 1.5 --strategy zenjxl --corpus-manifest benchmarks/corpora/w44_170_varied_corpus.tsv
1420710	cid22	512	512	zenjxl	6	1.7500	62158	62540	79.8333	80.0106	1.991855	2.022210	288.940	407.148	-0.611	-0.1773	-1.501	-29.033	OK	44c8be367ca8a3918e67d3d2b62de9e0169cdee5	cargo run -p jxl-encoder --release --features 'parallel butteraugli-loop ssim2-loop' --example w44_170_cjxl_step025_sweep -- --image 1420710 --effort 6 --distance-min 1.75 --distance-max 1.75 --distance-step 1.75 --strategy zenjxl --corpus-manifest benchmarks/corpora/w44_170_varied_corpus.tsv
1420710	cid22	512	512	zenjxl	6	2.0000	55591	55940	77.5258	77.8710	2.310233	2.336734	302.093	397.971	-0.624	-0.3453	-1.134	-24.092	OK	44c8be367ca8a3918e67d3d2b62de9e0169cdee5	cargo run -p jxl-encoder --release --features 'parallel butteraugli-loop ssim2-loop' --example w44_170_cjxl_step025_sweep -- --image 1420710 --effort 6 --distance-min 2 --distance-max 2 --distance-step 2 --strategy zenjxl --corpus-manifest benchmarks/corpora/w44_170_varied_corpus.tsv
1420710	cid22	512	512	zenjxl	6	2.2500	49798	49800	75.6851	75.9539	2.518694	2.584845	305.725	463.228	-0.004	-0.2688	-2.559	-34.001	OK	44c8be367ca8a3918e67d3d2b62de9e0169cdee5	cargo run -p jxl-encoder --release --features 'parallel butteraugli-loop ssim2-loop' --example w44_170_cjxl_step025_sweep -- --image 1420710 --effort 6 --distance-min 2.25 --distance-max 2.25 --distance-step 2.25 --strategy zenjxl --corpus-manifest benchmarks/corpora/w44_170_varied_corpus.tsv
1420710	cid22	512	512	zenjxl	6	2.5000	44817	44313	74.0154	73.8801	2.805637	2.824249	171.957	471.204	1.137	0.1352	-0.659	-63.507	OK	44c8be367ca8a3918e67d3d2b62de9e0169cdee5	cargo run -p jxl-encoder --release --features 'parallel butteraugli-loop ssim2-loop' --example w44_170_cjxl_step025_sweep -- --image 1420710 --effort 6 --distance-min 2.5 --distance-max 2.5 --distance-step 2.5 --strategy zenjxl --corpus-manifest benchmarks/corpora/w44_170_varied_corpus.tsv
1420710	cid22	512	512	zenjxl	6	2.7500	40070	40162	72.1186	72.6379	3.123791	3.148883	277.020	397.694	-0.229	-0.5193	-0.797	-30.343	OK	44c8be367ca8a3918e67d3d2b62de9e0169cdee5	cargo run -p jxl-encoder --release --features 'parallel butteraugli-loop ssim2-loop' --example w44_170_cjxl_step025_sweep -- --image 1420710 --effort 6 --distance-min 2.75 --distance-max 2.75 --distance-step 2.75 --strategy zenjxl --corpus-manifest benchmarks/corpora/w44_170_varied_corpus.tsv
1420710	cid22	512	512	zenjxl	6	3.0000	34129	36567	69.6497	70.6345	3.463162	3.524226	304.439	367.686	-6.667	-0.9847	-1.733	-17.201	OK	44c8be367ca8a3918e67d3d2b62de9e0169cdee5	cargo run -p jxl-encoder --release --features 'parallel butteraugli-loop ssim2-loop' --example w44_170_cjxl_step025_sweep -- --image 1420710 --effort 6 --distance-min 3 --distance-max 3 --distance-step 3 --strategy zenjxl --corpus-manifest benchmarks/corpora/w44_170_varied_corpus.tsv
1420710	cid22	512	512	zenjxl	6	3.2500	31578	33252	68.0478	69.1466	3.723786	3.445857	260.458	296.155	-5.034	-1.0987	8.066	-12.053	OK	44c8be367ca8a3918e67d3d2b62de9e0169cdee5	cargo run -p jxl-encoder --release --features 'parallel butteraugli-loop ssim2-loop' --example w44_170_cjxl_step025_sweep -- --image 1420710 --effort 6 --distance-min 3.25 --distance-max 3.25 --distance-step 3.25 --strategy zenjxl --corpus-manifest benchmarks/corpora/w44_170_varied_corpus.tsv
1420710	cid22	512	512	zenjxl	6	3.5000	29703	31055	66.3991	67.5926	3.773552	3.541120	280.034	379.066	-4.354	-1.1935	6.564	-26.125	OK	44c8be367ca8a3918e67d3d2b62de9e0169cdee5	cargo run -p jxl-encoder --release --features 'parallel butteraugli-loop ssim2-loop' --example w44_170_cjxl_step025_sweep -- --image 1420710 --effort 6 --distance-min 3.5 --distance-max 3.5 --distance-step 3.5 --strategy zenjxl --corpus-manifest benchmarks/corpora/w44_170_varied_corpus.tsv
1420710	cid22	512	512	zenjxl	6	3.7500	28108	29215	65.5143	66.5052	3.989896	3.984661	193.876	304.230	-3.789	-0.9909	0.131	-36.273	OK	44c8be367ca8a3918e67d3d2b62de9e0169cdee5	cargo run -p jxl-encoder --release --features 'parallel butteraugli-loop ssim2-loop' --example w44_170_cjxl_step025_sweep -- --image 1420710 --effort 6 --distance-min 3.75 --distance-max 3.75 --distance-step 3.75 --strategy zenjxl --corpus-manifest benchmarks/corpora/w44_170_varied_corpus.tsv
1420710	cid22	512	512	zenjxl	6	4.0000	26857	27931	64.2027	65.1915	4.050607	3.956807	499.540	378.786	-3.845	-0.9888	2.371	31.879	OK	44c8be367ca8a3918e67d3d2b62de9e0169cdee5	cargo run -p jxl-encoder --release --features 'parallel butteraugli-loop ssim2-loop' --example w44_170_cjxl_step025_sweep -- --image 1420710 --effort 6 --distance-min 4 --distance-max 4 --distance-step 4 --strategy zenjxl --corpus-manifest benchmarks/corpora/w44_170_varied_corpus.tsv
1420710	cid22	512	512	zenjxl	6	4.2500	25537	26795	62.6635	63.7753	4.668184	4.314613	296.856	350.503	-4.695	-1.1118	8.195	-15.306	OK	44c8be367ca8a3918e67d3d2b62de9e0169cdee5	cargo run -p jxl-encoder --release --features 'parallel butteraugli-loop ssim2-loop' --example w44_170_cjxl_step025_sweep -- --image 1420710 --effort 6 --distance-min 4.25 --distance-max 4.25 --distance-step 4.25 --strategy zenjxl --corpus-manifest benchmarks/corpora/w44_170_varied_corpus.tsv
1420710	cid22	512	512	zenjxl	6	4.5000	24445	25735	61.2945	62.5868	4.659933	4.516955	394.871	672.708	-5.013	-1.2924	3.165	-41.301	OK	44c8be367ca8a3918e67d3d2b62de9e0169cdee5	cargo run -p jxl-encoder --release --features 'parallel butteraugli-loop ssim2-loop' --example w44_170_cjxl_step025_sweep -- --image 1420710 --effort 6 --distance-min 4.5 --distance-max 4.5 --distance-step 4.5 --strategy zenjxl --corpus-manifest benchmarks/corpora/w44_170_varied_corpus.tsv
1420710	cid22	512	512	zenjxl	6	4.7500	23421	24642	60.1699	61.8352	4.508339	4.245632	344.998	339.129	-4.955	-1.6653	6.188	1.731	OK	44c8be367ca8a3918e67d3d2b62de9e0169cdee5	cargo run -p jxl-encoder --release --features 'parallel butteraugli-loop ssim2-loop' --example w44_170_cjxl_step025_sweep -- --image 1420710 --effort 6 --distance-min 4.75 --distance-max 4.75 --distance-step 4.75 --strategy zenjxl --corpus-manifest benchmarks/corpora/w44_170_varied_corpus.tsv
1420710	cid22	512	512	zenjxl	6	5.0000	22700	23643	59.3712	60.8768	5.288063	4.526969	325.933	285.260	-3.988	-1.5056	16.812	14.258	OK	44c8be367ca8a3918e67d3d2b62de9e0169cdee5	cargo run -p jxl-encoder --release --features 'parallel butteraugli-loop ssim2-loop' --example w44_170_cjxl_step025_sweep -- --image 1420710 --effort 6 --distance-min 5 --distance-max 5 --distance-step 5 --strategy zenjxl --corpus-manifest benchmarks/corpora/w44_170_varied_corpus.tsv
1420710	cid22	512	512	zenjxl	7	0.2500	184051	183612	94.1329	94.0970	0.498971	0.500593	311.012	425.739	0.239	0.0359	-0.324	-26.948	OK	44c8be367ca8a3918e67d3d2b62de9e0169cdee5	cargo run -p jxl-encoder --release --features 'parallel butteraugli-loop ssim2-loop' --example w44_170_cjxl_step025_sweep -- --image 1420710 --effort 7 --distance-min 0.25 --distance-max 0.25 --distance-step 0.25 --strategy zenjxl --corpus-manifest benchmarks/corpora/w44_170_varied_corpus.tsv
1420710	cid22	512	512	zenjxl	7	0.5000	134779	134670	91.4890	91.5814	0.778299	0.773057	234.367	219.281	0.081	-0.0925	0.678	6.880	OK	44c8be367ca8a3918e67d3d2b62de9e0169cdee5	cargo run -p jxl-encoder --release --features 'parallel butteraugli-loop ssim2-loop' --example w44_170_cjxl_step025_sweep -- --image 1420710 --effort 7 --distance-min 0.5 --distance-max 0.5 --distance-step 0.5 --strategy zenjxl --corpus-manifest benchmarks/corpora/w44_170_varied_corpus.tsv
1420710	cid22	512	512	zenjxl	7	0.7500	109311	109648	89.0366	89.0469	0.932298	0.942133	332.288	527.884	-0.307	-0.0104	-1.044	-37.053	OK	44c8be367ca8a3918e67d3d2b62de9e0169cdee5	cargo run -p jxl-encoder --release --features 'parallel butteraugli-loop ssim2-loop' --example w44_170_cjxl_step025_sweep -- --image 1420710 --effort 7 --distance-min 0.75 --distance-max 0.75 --distance-step 0.75 --strategy zenjxl --corpus-manifest benchmarks/corpora/w44_170_varied_corpus.tsv
1420710	cid22	512	512	zenjxl	7	1.0000	91988	92420	86.6158	86.7500	1.203190	1.211805	402.050	450.902	-0.467	-0.1342	-0.711	-10.834	OK	44c8be367ca8a3918e67d3d2b62de9e0169cdee5	cargo run -p jxl-encoder --release --features 'parallel butteraugli-loop ssim2-loop' --example w44_170_cjxl_step025_sweep -- --image 1420710 --effort 7 --distance-min 1 --distance-max 1 --distance-step 1 --strategy zenjxl --corpus-manifest benchmarks/corpora/w44_170_varied_corpus.tsv
1420710	cid22	512	512	zenjxl	7	1.2500	79311	79798	84.1221	84.3695	1.505096	1.525527	275.164	451.958	-0.610	-0.2475	-1.339	-39.117	OK	44c8be367ca8a3918e67d3d2b62de9e0169cdee5	cargo run -p jxl-encoder --release --features 'parallel butteraugli-loop ssim2-loop' --example w44_170_cjxl_step025_sweep -- --image 1420710 --effort 7 --distance-min 1.25 --distance-max 1.25 --distance-step 1.25 --strategy zenjxl --corpus-manifest benchmarks/corpora/w44_170_varied_corpus.tsv
1420710	cid22	512	512	zenjxl	7	1.5000	69859	70295	81.9617	82.2420	1.769625	1.784778	452.720	357.802	-0.620	-0.2803	-0.849	26.528	OK	44c8be367ca8a3918e67d3d2b62de9e0169cdee5	cargo run -p jxl-encoder --release --features 'parallel butteraugli-loop ssim2-loop' --example w44_170_cjxl_step025_sweep -- --image 1420710 --effort 7 --distance-min 1.5 --distance-max 1.5 --distance-step 1.5 --strategy zenjxl --corpus-manifest benchmarks/corpora/w44_170_varied_corpus.tsv
1420710	cid22	512	512	zenjxl	7	1.7500	62156	62534	79.8094	80.0234	1.991855	2.022210	363.935	354.535	-0.604	-0.2140	-1.501	2.651	OK	44c8be367ca8a3918e67d3d2b62de9e0169cdee5	cargo run -p jxl-encoder --release --features 'parallel butteraugli-loop ssim2-loop' --example w44_170_cjxl_step025_sweep -- --image 1420710 --effort 7 --distance-min 1.75 --distance-max 1.75 --distance-step 1.75 --strategy zenjxl --corpus-manifest benchmarks/corpora/w44_170_varied_corpus.tsv
1420710	cid22	512	512	zenjxl	7	2.0000	55311	55869	77.4838	77.8999	2.310382	2.336734	425.575	450.318	-0.999	-0.4162	-1.128	-5.495	OK	44c8be367ca8a3918e67d3d2b62de9e0169cdee5	cargo run -p jxl-encoder --release --features 'parallel butteraugli-loop ssim2-loop' --example w44_170_cjxl_step025_sweep -- --image 1420710 --effort 7 --distance-min 2 --distance-max 2 --distance-step 2 --strategy zenjxl --corpus-manifest benchmarks/corpora/w44_170_varied_corpus.tsv
1420710	cid22	512	512	zenjxl	7	2.2500	49252	49788	75.5642	75.9542	2.519142	2.584845	378.275	552.149	-1.077	-0.3900	-2.542	-31.490	OK	44c8be367ca8a3918e67d3d2b62de9e0169cdee5	cargo run -p jxl-encoder --release --features 'parallel butteraugli-loop ssim2-loop' --example w44_170_cjxl_step025_sweep -- --image 1420710 --effort 7 --distance-min 2.25 --distance-max 2.25 --distance-step 2.25 --strategy zenjxl --corpus-manifest benchmarks/corpora/w44_170_varied_corpus.tsv
1420710	cid22	512	512	zenjxl	7	2.5000	44230	44315	73.9591	73.8919	2.806531	2.824249	320.973	280.173	-0.192	0.0672	-0.627	14.562	OK	44c8be367ca8a3918e67d3d2b62de9e0169cdee5	cargo run -p jxl-encoder --release --features 'parallel butteraugli-loop ssim2-loop' --example w44_170_cjxl_step025_sweep -- --image 1420710 --effort 7 --distance-min 2.5 --distance-max 2.5 --distance-step 2.5 --strategy zenjxl --corpus-manifest benchmarks/corpora/w44_170_varied_corpus.tsv
1420710	cid22	512	512	zenjxl	7	2.7500	39653	40193	72.1101	72.6327	3.123791	3.148883	405.040	457.236	-1.344	-0.5226	-0.797	-11.416	OK	44c8be367ca8a3918e67d3d2b62de9e0169cdee5	cargo run -p jxl-encoder --release --features 'parallel butteraugli-loop ssim2-loop' --example w44_170_cjxl_step025_sweep -- --image 1420710 --effort 7 --distance-min 2.75 --distance-max 2.75 --distance-step 2.75 --strategy zenjxl --corpus-manifest benchmarks/corpora/w44_170_varied_corpus.tsv
1420710	cid22	512	512	zenjxl	7	3.0000	34075	36567	69.5584	70.6436	3.463837	3.524226	484.385	457.840	-6.815	-1.0853	-1.714	5.798	OK	44c8be367ca8a3918e67d3d2b62de9e0169cdee5	cargo run -p jxl-encoder --release --features 'parallel butteraugli-loop ssim2-loop' --example w44_170_cjxl_step025_sweep -- --image 1420710 --effort 7 --distance-min 3 --distance-max 3 --distance-step 3 --strategy zenjxl --corpus-manifest benchmarks/corpora/w44_170_varied_corpus.tsv
1420710	cid22	512	512	zenjxl	7	3.2500	31525	33238	68.0189	69.1099	3.723786	3.445857	329.141	522.077	-5.154	-1.0910	8.066	-36.955	OK	44c8be367ca8a3918e67d3d2b62de9e0169cdee5	cargo run -p jxl-encoder --release --features 'parallel butteraugli-loop ssim2-loop' --example w44_170_cjxl_step025_sweep -- --image 1420710 --effort 7 --distance-min 3.25 --distance-max 3.25 --distance-step 3.25 --strategy zenjxl --corpus-manifest benchmarks/corpora/w44_170_varied_corpus.tsv
1420710	cid22	512	512	zenjxl	7	3.5000	29675	31055	66.4137	67.5926	3.773482	3.541120	448.592	349.558	-4.444	-1.1789	6.562	28.331	OK	44c8be367ca8a3918e67d3d2b62de9e0169cdee5	cargo run -p jxl-encoder --release --features 'parallel butteraugli-loop ssim2-loop' --example w44_170_cjxl_step025_sweep -- --image 1420710 --effort 7 --distance-min 3.5 --distance-max 3.5 --distance-step 3.5 --strategy zenjxl --corpus-manifest benchmarks/corpora/w44_170_varied_corpus.tsv
1420710	cid22	512	512	zenjxl	7	3.7500	28101	29213	65.5211	66.4818	3.989896	3.984661	354.164	507.223	-3.807	-0.9607	0.131	-30.176	OK	44c8be367ca8a3918e67d3d2b62de9e0169cdee5	cargo run -p jxl-encoder --release --features 'parallel butteraugli-loop ssim2-loop' --example w44_170_cjxl_step025_sweep -- --image 1420710 --effort 7 --distance-min 3.75 --distance-max 3.75 --distance-step 3.75 --strategy zenjxl --corpus-manifest benchmarks/corpora/w44_170_varied_corpus.tsv
1420710	cid22	512	512	zenjxl	7	4.0000	26827	27929	64.1671	65.1841	4.050607	3.956807	460.956	594.610	-3.946	-1.0170	2.371	-22.478	OK	44c8be367ca8a3918e67d3d2b62de9e0169cdee5	cargo run -p jxl-encoder --release --features 'parallel butteraugli-loop ssim2-loop' --example w44_170_cjxl_step025_sweep -- --image 1420710 --effort 7 --distance-min 4 --distance-max 4 --distance-step 4 --strategy zenjxl --corpus-manifest benchmarks/corpora/w44_170_varied_corpus.tsv
1420710	cid22	512	512	zenjxl	7	4.2500	25521	26795	62.6783	63.7753	4.668184	4.314613	481.985	314.604	-4.755	-1.0970	8.195	53.204	OK	44c8be367ca8a3918e67d3d2b62de9e0169cdee5	cargo run -p jxl-encoder --release --features 'parallel butteraugli-loop ssim2-loop' --example w44_170_cjxl_step025_sweep -- --image 1420710 --effort 7 --distance-min 4.25 --distance-max 4.25 --distance-step 4.25 --strategy zenjxl --corpus-manifest benchmarks/corpora/w44_170_varied_corpus.tsv
1420710	cid22	512	512	zenjxl	7	4.5000	24447	25734	61.3344	62.5757	4.659933	4.516955	488.112	359.221	-5.001	-1.2413	3.165	35.881	OK	44c8be367ca8a3918e67d3d2b62de9e0169cdee5	cargo run -p jxl-encoder --release --features 'parallel butteraugli-loop ssim2-loop' --example w44_170_cjxl_step025_sweep -- --image 1420710 --effort 7 --distance-min 4.5 --distance-max 4.5 --distance-step 4.5 --strategy zenjxl --corpus-manifest benchmarks/corpora/w44_170_varied_corpus.tsv
1420710	cid22	512	512	zenjxl	7	4.7500	23424	24642	60.1810	61.8352	4.508339	4.245632	376.006	332.699	-4.943	-1.6542	6.188	13.017	OK	44c8be367ca8a3918e67d3d2b62de9e0169cdee5	cargo run -p jxl-encoder --release --features 'parallel butteraugli-loop ssim2-loop' --example w44_170_cjxl_step025_sweep -- --image 1420710 --effort 7 --distance-min 4.75 --distance-max 4.75 --distance-step 4.75 --strategy zenjxl --corpus-manifest benchmarks/corpora/w44_170_varied_corpus.tsv
1420710	cid22	512	512	zenjxl	7	5.0000	22702	23643	59.3781	60.8768	5.288063	4.526969	347.183	369.876	-3.980	-1.4986	16.812	-6.135	OK	44c8be367ca8a3918e67d3d2b62de9e0169cdee5	cargo run -p jxl-encoder --release --features 'parallel butteraugli-loop ssim2-loop' --example w44_170_cjxl_step025_sweep -- --image 1420710 --effort 7 --distance-min 5 --distance-max 5 --distance-step 5 --strategy zenjxl --corpus-manifest benchmarks/corpora/w44_170_varied_corpus.tsv
1420710	cid22	512	512	zenjxl	8	0.2500	194120	193955	94.5541	94.4701	0.389287	0.365015	1181.548	1682.578	0.085	0.0840	6.649	-29.778	OK	44c8be367ca8a3918e67d3d2b62de9e0169cdee5	cargo run -p jxl-encoder --release --features 'parallel butteraugli-loop ssim2-loop' --example w44_170_cjxl_step025_sweep -- --image 1420710 --effort 8 --distance-min 0.25 --distance-max 0.25 --distance-step 0.25 --strategy zenjxl --corpus-manifest benchmarks/corpora/w44_170_varied_corpus.tsv
1420710	cid22	512	512	zenjxl	8	0.5000	137993	137953	91.7272	91.7494	0.703071	0.697580	803.691	1171.590	0.029	-0.0222	0.787	-31.402	OK	44c8be367ca8a3918e67d3d2b62de9e0169cdee5	cargo run -p jxl-encoder --release --features 'parallel butteraugli-loop ssim2-loop' --example w44_170_cjxl_step025_sweep -- --image 1420710 --effort 8 --distance-min 0.5 --distance-max 0.5 --distance-step 0.5 --strategy zenjxl --corpus-manifest benchmarks/corpora/w44_170_varied_corpus.tsv
1420710	cid22	512	512	zenjxl	8	0.7500	105585	106003	88.5747	88.6881	0.932404	0.938008	1257.221	1611.983	-0.394	-0.1134	-0.597	-22.008	OK	44c8be367ca8a3918e67d3d2b62de9e0169cdee5	cargo run -p jxl-encoder --release --features 'parallel butteraugli-loop ssim2-loop' --example w44_170_cjxl_step025_sweep -- --image 1420710 --effort 8 --distance-min 0.75 --distance-max 0.75 --distance-step 0.75 --strategy zenjxl --corpus-manifest benchmarks/corpora/w44_170_varied_corpus.tsv
1420710	cid22	512	512	zenjxl	8	1.0000	87870	88485	85.9772	86.1693	1.316883	1.335591	1038.154	1556.240	-0.695	-0.1921	-1.401	-33.291	OK	44c8be367ca8a3918e67d3d2b62de9e0169cdee5	cargo run -p jxl-encoder --release --features 'parallel butteraugli-loop ssim2-loop' --example w44_170_cjxl_step025_sweep -- --image 1420710 --effort 8 --distance-min 1 --distance-max 1 --distance-step 1 --strategy zenjxl --corpus-manifest benchmarks/corpora/w44_170_varied_corpus.tsv
1420710	cid22	512	512	zenjxl	8	1.2500	75179	75801	83.1121	83.5073	1.675416	1.675465	959.176	1565.140	-0.821	-0.3952	-0.003	-38.716	OK	44c8be367ca8a3918e67d3d2b62de9e0169cdee5	cargo run -p jxl-encoder --release --features 'parallel butteraugli-loop ssim2-loop' --example w44_170_cjxl_step025_sweep -- --image 1420710 --effort 8 --distance-min 1.25 --distance-max 1.25 --distance-step 1.25 --strategy zenjxl --corpus-manifest benchmarks/corpora/w44_170_varied_corpus.tsv
1420710	cid22	512	512	zenjxl	8	1.5000	65875	66535	80.9299	81.2347	1.741155	1.762561	1184.957	1756.669	-0.992	-0.3048	-1.214	-32.545	OK	44c8be367ca8a3918e67d3d2b62de9e0169cdee5	cargo run -p jxl-encoder --release --features 'parallel butteraugli-loop ssim2-loop' --example w44_170_cjxl_step025_sweep -- --image 1420710 --effort 8 --distance-min 1.5 --distance-max 1.5 --distance-step 1.5 --strategy zenjxl --corpus-manifest benchmarks/corpora/w44_170_varied_corpus.tsv
1420710	cid22	512	512	zenjxl	8	1.7500	58247	58868	78.8380	79.0781	2.015933	1.923471	1079.906	1903.650	-1.055	-0.2400	4.807	-43.272	OK	44c8be367ca8a3918e67d3d2b62de9e0169cdee5	cargo run -p jxl-encoder --release --features 'parallel butteraugli-loop ssim2-loop' --example w44_170_cjxl_step025_sweep -- --image 1420710 --effort 8 --distance-min 1.75 --distance-max 1.75 --distance-step 1.75 --strategy zenjxl --corpus-manifest benchmarks/corpora/w44_170_varied_corpus.tsv
1420710	cid22	512	512	zenjxl	8	2.0000	51667	52481	76.5142	77.0121	2.343131	2.495016	1301.786	1504.414	-1.551	-0.4979	-6.088	-13.469	OK	44c8be367ca8a3918e67d3d2b62de9e0169cdee5	cargo run -p jxl-encoder --release --features 'parallel butteraugli-loop ssim2-loop' --example w44_170_cjxl_step025_sweep -- --image 1420710 --effort 8 --distance-min 2 --distance-max 2 --distance-step 2 --strategy zenjxl --corpus-manifest benchmarks/corpora/w44_170_varied_corpus.tsv
1420710	cid22	512	512	zenjxl	8	2.2500	46090	47006	74.3806	74.9406	2.562474	2.504970	1319.632	1246.936	-1.949	-0.5600	2.296	5.830	OK	44c8be367ca8a3918e67d3d2b62de9e0169cdee5	cargo run -p jxl-encoder --release --features 'parallel butteraugli-loop ssim2-loop' --example w44_170_cjxl_step025_sweep -- --image 1420710 --effort 8 --distance-min 2.25 --distance-max 2.25 --distance-step 2.25 --strategy zenjxl --corpus-manifest benchmarks/corpora/w44_170_varied_corpus.tsv
1420710	cid22	512	512	zenjxl	8	2.5000	40929	41773	72.4894	72.9656	2.937817	2.975180	1198.247	1365.921	-2.020	-0.4762	-1.256	-12.276	OK	44c8be367ca8a3918e67d3d2b62de9e0169cdee5	cargo run -p jxl-encoder --release --features 'parallel butteraugli-loop ssim2-loop' --example w44_170_cjxl_step025_sweep -- --image 1420710 --effort 8 --distance-min 2.5 --distance-max 2.5 --distance-step 2.5 --strategy zenjxl --corpus-manifest benchmarks/corpora/w44_170_varied_corpus.tsv
1420710	cid22	512	512	zenjxl	8	2.7500	36788	37662	70.7812	71.1771	3.179906	3.195005	1127.184	1880.022	-2.321	-0.3959	-0.473	-40.044	OK	44c8be367ca8a3918e67d3d2b62de9e0169cdee5	cargo run -p jxl-encoder --release --features 'parallel butteraugli-loop ssim2-loop' --example w44_170_cjxl_step025_sweep -- --image 1420710 --effort 8 --distance-min 2.75 --distance-max 2.75 --distance-step 2.75 --strategy zenjxl --corpus-manifest benchmarks/corpora/w44_170_varied_corpus.tsv
1420710	cid22	512	512	zenjxl	8	3.0000	32315	34454	68.5401	69.4006	3.376996	3.360425	1168.720	1499.494	-6.208	-0.8605	0.493	-22.059	OK	44c8be367ca8a3918e67d3d2b62de9e0169cdee5	cargo run -p jxl-encoder --release --features 'parallel butteraugli-loop ssim2-loop' --example w44_170_cjxl_step025_sweep -- --image 1420710 --effort 8 --distance-min 3 --distance-max 3 --distance-step 3 --strategy zenjxl --corpus-manifest benchmarks/corpora/w44_170_varied_corpus.tsv
1420710	cid22	512	512	zenjxl	8	3.2500	29842	31485	67.0814	67.9636	3.759111	3.601276	1099.294	1780.662	-5.218	-0.8822	4.383	-38.265	OK	44c8be367ca8a3918e67d3d2b62de9e0169cdee5	cargo run -p jxl-encoder --release --features 'parallel butteraugli-loop ssim2-loop' --example w44_170_cjxl_step025_sweep -- --image 1420710 --effort 8 --distance-min 3.25 --distance-max 3.25 --distance-step 3.25 --strategy zenjxl --corpus-manifest benchmarks/corpora/w44_170_varied_corpus.tsv
1420710	cid22	512	512	zenjxl	8	3.5000	27985	29285	65.3979	66.3792	3.762165	3.861942	1139.908	1775.247	-4.439	-0.9813	-2.584	-35.789	OK	44c8be367ca8a3918e67d3d2b62de9e0169cdee5	cargo run -p jxl-encoder --release --features 'parallel butteraugli-loop ssim2-loop' --example w44_170_cjxl_step025_sweep -- --image 1420710 --effort 8 --distance-min 3.5 --distance-max 3.5 --distance-step 3.5 --strategy zenjxl --corpus-manifest benchmarks/corpora/w44_170_varied_corpus.tsv
1420710	cid22	512	512	zenjxl	8	3.7500	26373	27562	64.0828	65.2067	4.146160	4.242418	1387.423	1206.933	-4.314	-1.1239	-2.269	14.954	OK	44c8be367ca8a3918e67d3d2b62de9e0169cdee5	cargo run -p jxl-encoder --release --features 'parallel butteraugli-loop ssim2-loop' --example w44_170_cjxl_step025_sweep -- --image 1420710 --effort 8 --distance-min 3.75 --distance-max 3.75 --distance-step 3.75 --strategy zenjxl --corpus-manifest benchmarks/corpora/w44_170_varied_corpus.tsv
1420710	cid22	512	512	zenjxl	8	4.0000	24973	26257	62.4744	63.4660	4.181579	4.322836	1661.244	1143.493	-4.890	-0.9916	-3.268	45.278	OK	44c8be367ca8a3918e67d3d2b62de9e0169cdee5	cargo run -p jxl-encoder --release --features 'parallel butteraugli-loop ssim2-loop' --example w44_170_cjxl_step025_sweep -- --image 1420710 --effort 8 --distance-min 4 --distance-max 4 --distance-step 4 --strategy zenjxl --corpus-manifest benchmarks/corpora/w44_170_varied_corpus.tsv
1420710	cid22	512	512	zenjxl	8	4.2500	23686	25098	60.9569	62.2145	4.605518	4.526469	1864.253	1507.570	-5.626	-1.2576	1.746	23.659	OK	44c8be367ca8a3918e67d3d2b62de9e0169cdee5	cargo run -p jxl-encoder --release --features 'parallel butteraugli-loop ssim2-loop' --example w44_170_cjxl_step025_sweep -- --image 1420710 --effort 8 --distance-min 4.25 --distance-max 4.25 --distance-step 4.25 --strategy zenjxl --corpus-manifest benchmarks/corpora/w44_170_varied_corpus.tsv
1420710	cid22	512	512	zenjxl	8	4.5000	22485	24058	59.7340	61.0818	4.756919	4.614526	1629.918	1600.373	-6.538	-1.3479	3.086	1.846	OK	44c8be367ca8a3918e67d3d2b62de9e0169cdee5	cargo run -p jxl-encoder --release --features 'parallel butteraugli-loop ssim2-loop' --example w44_170_cjxl_step025_sweep -- --image 1420710 --effort 8 --distance-min 4.5 --distance-max 4.5 --distance-step 4.5 --strategy zenjxl --corpus-manifest benchmarks/corpora/w44_170_varied_corpus.tsv
1420710	cid22	512	512	zenjxl	8	4.7500	21533	22854	58.4780	59.7848	4.916332	4.742850	1390.522	1422.800	-5.780	-1.3068	3.658	-2.269	OK	44c8be367ca8a3918e67d3d2b62de9e0169cdee5	cargo run -p jxl-encoder --release --features 'parallel butteraugli-loop ssim2-loop' --example w44_170_cjxl_step025_sweep -- --image 1420710 --effort 8 --distance-min 4.75 --distance-max 4.75 --distance-step 4.75 --strategy zenjxl --corpus-manifest benchmarks/corpora/w44_170_varied_corpus.tsv
1420710	cid22	512	512	zenjxl	8	5.0000	20550	21814	57.3028	58.8165	4.889793	5.255217	1329.758	1546.471	-5.794	-1.5137	-6.954	-14.013	OK	44c8be367ca8a3918e67d3d2b62de9e0169cdee5	cargo run -p jxl-encoder --release --features 'parallel butteraugli-loop ssim2-loop' --example w44_170_cjxl_step025_sweep -- --image 1420710 --effort 8 --distance-min 5 --distance-max 5 --distance-step 5 --strategy zenjxl --corpus-manifest benchmarks/corpora/w44_170_varied_corpus.tsv
1420710	cid22	512	512	zenjxl	9	0.2500	197450	196279	94.5908	94.5321	0.313929	0.330995	3977.612	2214.128	0.597	0.0587	-5.156	79.647	OK	44c8be367ca8a3918e67d3d2b62de9e0169cdee5	cargo run -p jxl-encoder --release --features 'parallel butteraugli-loop ssim2-loop' --example w44_170_cjxl_step025_sweep -- --image 1420710 --effort 9 --distance-min 0.25 --distance-max 0.25 --distance-step 0.25 --strategy zenjxl --corpus-manifest benchmarks/corpora/w44_170_varied_corpus.tsv
1420710	cid22	512	512	zenjxl	9	0.5000	139613	138885	91.8005	91.8564	0.577979	0.614729	3161.954	1962.574	0.524	-0.0559	-5.978	61.113	OK	44c8be367ca8a3918e67d3d2b62de9e0169cdee5	cargo run -p jxl-encoder --release --features 'parallel butteraugli-loop ssim2-loop' --example w44_170_cjxl_step025_sweep -- --image 1420710 --effort 9 --distance-min 0.5 --distance-max 0.5 --distance-step 0.5 --strategy zenjxl --corpus-manifest benchmarks/corpora/w44_170_varied_corpus.tsv
1420710	cid22	512	512	zenjxl	9	0.7500	106199	106104	88.6293	88.6333	0.865690	0.806565	2150.896	2329.560	0.090	-0.0041	7.330	-7.669	OK	44c8be367ca8a3918e67d3d2b62de9e0169cdee5	cargo run -p jxl-encoder --release --features 'parallel butteraugli-loop ssim2-loop' --example w44_170_cjxl_step025_sweep -- --image 1420710 --effort 9 --distance-min 0.75 --distance-max 0.75 --distance-step 0.75 --strategy zenjxl --corpus-manifest benchmarks/corpora/w44_170_varied_corpus.tsv
1420710	cid22	512	512	zenjxl	9	1.0000	88476	88544	85.9561	86.1200	1.061018	1.097700	2059.498	2137.562	-0.077	-0.1640	-3.342	-3.652	OK	44c8be367ca8a3918e67d3d2b62de9e0169cdee5	cargo run -p jxl-encoder --release --features 'parallel butteraugli-loop ssim2-loop' --example w44_170_cjxl_step025_sweep -- --image 1420710 --effort 9 --distance-min 1 --distance-max 1 --distance-step 1 --strategy zenjxl --corpus-manifest benchmarks/corpora/w44_170_varied_corpus.tsv
1420710	cid22	512	512	zenjxl	9	1.2500	75520	75878	83.1454	83.4324	1.350577	1.336839	1844.589	2230.598	-0.472	-0.2870	1.028	-17.305	OK	44c8be367ca8a3918e67d3d2b62de9e0169cdee5	cargo run -p jxl-encoder --release --features 'parallel butteraugli-loop ssim2-loop' --example w44_170_cjxl_step025_sweep -- --image 1420710 --effort 9 --distance-min 1.25 --distance-max 1.25 --distance-step 1.25 --strategy zenjxl --corpus-manifest benchmarks/corpora/w44_170_varied_corpus.tsv
1420710	cid22	512	512	zenjxl	9	1.5000	66161	66499	80.9377	81.2951	1.615204	1.610354	1821.717	2196.898	-0.508	-0.3574	0.301	-17.078	OK	44c8be367ca8a3918e67d3d2b62de9e0169cdee5	cargo run -p jxl-encoder --release --features 'parallel butteraugli-loop ssim2-loop' --example w44_170_cjxl_step025_sweep -- --image 1420710 --effort 9 --distance-min 1.5 --distance-max 1.5 --distance-step 1.5 --strategy zenjxl --corpus-manifest benchmarks/corpora/w44_170_varied_corpus.tsv
1420710	cid22	512	512	zenjxl	9	1.7500	58463	58748	78.8539	79.1548	1.867923	1.970013	1927.573	2243.044	-0.485	-0.3009	-5.182	-14.064	OK	44c8be367ca8a3918e67d3d2b62de9e0169cdee5	cargo run -p jxl-encoder --release --features 'parallel butteraugli-loop ssim2-loop' --example w44_170_cjxl_step025_sweep -- --image 1420710 --effort 9 --distance-min 1.75 --distance-max 1.75 --distance-step 1.75 --strategy zenjxl --corpus-manifest benchmarks/corpora/w44_170_varied_corpus.tsv
1420710	cid22	512	512	zenjxl	9	2.0000	51969	52473	76.5451	77.0824	2.289457	2.495016	1732.369	2303.558	-0.960	-0.5373	-8.239	-24.796	OK	44c8be367ca8a3918e67d3d2b62de9e0169cdee5	cargo run -p jxl-encoder --release --features 'parallel butteraugli-loop ssim2-loop' --example w44_170_cjxl_step025_sweep -- --image 1420710 --effort 9 --distance-min 2 --distance-max 2 --distance-step 2 --strategy zenjxl --corpus-manifest benchmarks/corpora/w44_170_varied_corpus.tsv
1420710	cid22	512	512	zenjxl	9	2.2500	46427	46969	74.3963	74.9608	2.510733	2.501426	1578.797	2332.147	-1.154	-0.5645	0.372	-32.303	OK	44c8be367ca8a3918e67d3d2b62de9e0169cdee5	cargo run -p jxl-encoder --release --features 'parallel butteraugli-loop ssim2-loop' --example w44_170_cjxl_step025_sweep -- --image 1420710 --effort 9 --distance-min 2.25 --distance-max 2.25 --distance-step 2.25 --strategy zenjxl --corpus-manifest benchmarks/corpora/w44_170_varied_corpus.tsv
1420710	cid22	512	512	zenjxl	9	2.5000	41280	41675	72.5561	73.0076	2.909391	2.865612	1529.595	2183.918	-0.948	-0.4515	1.528	-29.961	OK	44c8be367ca8a3918e67d3d2b62de9e0169cdee5	cargo run -p jxl-encoder --release --features 'parallel butteraugli-loop ssim2-loop' --example w44_170_cjxl_step025_sweep -- --image 1420710 --effort 9 --distance-min 2.5 --distance-max 2.5 --distance-step 2.5 --strategy zenjxl --corpus-manifest benchmarks/corpora/w44_170_varied_corpus.tsv
1420710	cid22	512	512	zenjxl	9	2.7500	37142	37585	70.7833	71.1859	3.180040	3.195140	1717.941	2122.457	-1.179	-0.4026	-0.473	-19.059	OK	44c8be367ca8a3918e67d3d2b62de9e0169cdee5	cargo run -p jxl-encoder --release --features 'parallel butteraugli-loop ssim2-loop' --example w44_170_cjxl_step025_sweep -- --image 1420710 --effort 9 --distance-min 2.75 --distance-max 2.75 --distance-step 2.75 --strategy zenjxl --corpus-manifest benchmarks/corpora/w44_170_varied_corpus.tsv
1420710	cid22	512	512	zenjxl	9	3.0000	32631	34414	68.5401	69.4030	3.376996	3.360425	1484.342	1968.797	-5.181	-0.8629	0.493	-24.607	OK	44c8be367ca8a3918e67d3d2b62de9e0169cdee5	cargo run -p jxl-encoder --release --features 'parallel butteraugli-loop ssim2-loop' --example w44_170_cjxl_step025_sweep -- --image 1420710 --effort 9 --distance-min 3 --distance-max 3 --distance-step 3 --strategy zenjxl --corpus-manifest benchmarks/corpora/w44_170_varied_corpus.tsv
1420710	cid22	512	512	zenjxl	9	3.2500	29929	31454	67.0823	67.9583	3.759111	3.441803	1860.016	2123.193	-4.848	-0.8760	9.219	-12.395	OK	44c8be367ca8a3918e67d3d2b62de9e0169cdee5	cargo run -p jxl-encoder --release --features 'parallel butteraugli-loop ssim2-loop' --example w44_170_cjxl_step025_sweep -- --image 1420710 --effort 9 --distance-min 3.25 --distance-max 3.25 --distance-step 3.25 --strategy zenjxl --corpus-manifest benchmarks/corpora/w44_170_varied_corpus.tsv
1420710	cid22	512	512	zenjxl	9	3.5000	27971	29258	65.3979	66.3792	3.762165	3.861942	1463.995	2435.630	-4.399	-0.9813	-2.584	-39.893	OK	44c8be367ca8a3918e67d3d2b62de9e0169cdee5	cargo run -p jxl-encoder --release --features 'parallel butteraugli-loop ssim2-loop' --example w44_170_cjxl_step025_sweep -- --image 1420710 --effort 9 --distance-min 3.5 --distance-max 3.5 --distance-step 3.5 --strategy zenjxl --corpus-manifest benchmarks/corpora/w44_170_varied_corpus.tsv
1420710	cid22	512	512	zenjxl	9	3.7500	26406	27522	64.0864	65.2051	4.014072	3.983106	1546.781	2152.292	-4.055	-1.1188	0.777	-28.133	OK	44c8be367ca8a3918e67d3d2b62de9e0169cdee5	cargo run -p jxl-encoder --release --features 'parallel butteraugli-loop ssim2-loop' --example w44_170_cjxl_step025_sweep -- --image 1420710 --effort 9 --distance-min 3.75 --distance-max 3.75 --distance-step 3.75 --strategy zenjxl --corpus-manifest benchmarks/corpora/w44_170_varied_corpus.tsv
1420710	cid22	512	512	zenjxl	9	4.0000	25014	26229	62.4744	63.4660	4.181579	4.322836	2389.047	2247.608	-4.632	-0.9916	-3.268	6.293	OK	44c8be367ca8a3918e67d3d2b62de9e0169cdee5	cargo run -p jxl-encoder --release --features 'parallel butteraugli-loop ssim2-loop' --example w44_170_cjxl_step025_sweep -- --image 1420710 --effort 9 --distance-min 4 --distance-max 4 --distance-step 4 --strategy zenjxl --corpus-manifest benchmarks/corpora/w44_170_varied_corpus.tsv
1420710	cid22	512	512	zenjxl	9	4.2500	23689	25047	60.9569	62.2145	4.605518	4.526469	1989.572	2063.663	-5.422	-1.2576	1.746	-3.590	OK	44c8be367ca8a3918e67d3d2b62de9e0169cdee5	cargo run -p jxl-encoder --release --features 'parallel butteraugli-loop ssim2-loop' --example w44_170_cjxl_step025_sweep -- --image 1420710 --effort 9 --distance-min 4.25 --distance-max 4.25 --distance-step 4.25 --strategy zenjxl --corpus-manifest benchmarks/corpora/w44_170_varied_corpus.tsv
1420710	cid22	512	512	zenjxl	9	4.5000	22486	24044	59.7340	61.0818	4.756919	4.614526	1704.264	2058.594	-6.480	-1.3479	3.086	-17.212	OK	44c8be367ca8a3918e67d3d2b62de9e0169cdee5	cargo run -p jxl-encoder --release --features 'parallel butteraugli-loop ssim2-loop' --example w44_170_cjxl_step025_sweep -- --image 1420710 --effort 9 --distance-min 4.5 --distance-max 4.5 --distance-step 4.5 --strategy zenjxl --corpus-manifest benchmarks/corpora/w44_170_varied_corpus.tsv
1420710	cid22	512	512	zenjxl	9	4.7500	21480	22835	58.4780	59.7848	4.916332	4.742850	1684.567	1780.449	-5.934	-1.3068	3.658	-5.385	OK	44c8be367ca8a3918e67d3d2b62de9e0169cdee5	cargo run -p jxl-encoder --release --features 'parallel butteraugli-loop ssim2-loop' --example w44_170_cjxl_step025_sweep -- --image 1420710 --effort 9 --distance-min 4.75 --distance-max 4.75 --distance-step 4.75 --strategy zenjxl --corpus-manifest benchmarks/corpora/w44_170_varied_corpus.tsv
1420710	cid22	512	512	zenjxl	9	5.0000	20546	21814	57.3028	58.8165	4.889793	5.255217	1938.886	2379.478	-5.813	-1.5137	-6.954	-18.516	OK	44c8be367ca8a3918e67d3d2b62de9e0169cdee5	cargo run -p jxl-encoder --release --features 'parallel butteraugli-loop ssim2-loop' --example w44_170_cjxl_step025_sweep -- --image 1420710 --effort 9 --distance-min 5 --distance-max 5 --distance-step 5 --strategy zenjxl --corpus-manifest benchmarks/corpora/w44_170_varied_corpus.tsv
1475938	cid22	512	512	zenjxl	5	0.2500	84118	84216	92.9687	93.0435	0.399266	0.399167	243.745	136.897	-0.116	-0.0749	0.025	78.050	OK	44c8be367ca8a3918e67d3d2b62de9e0169cdee5	cargo run -p jxl-encoder --release --features 'parallel butteraugli-loop ssim2-loop' --example w44_170_cjxl_step025_sweep -- --image 1475938 --effort 5 --distance-min 0.25 --distance-max 0.25 --distance-step 0.25 --strategy zenjxl --corpus-manifest benchmarks/corpora/w44_170_varied_corpus.tsv
1475938	cid22	512	512	zenjxl	5	0.5000	54700	55194	91.1727	91.1613	0.645130	0.947806	209.688	181.937	-0.895	0.0113	-31.934	15.253	OK	44c8be367ca8a3918e67d3d2b62de9e0169cdee5	cargo run -p jxl-encoder --release --features 'parallel butteraugli-loop ssim2-loop' --example w44_170_cjxl_step025_sweep -- --image 1475938 --effort 5 --distance-min 0.5 --distance-max 0.5 --distance-step 0.5 --strategy zenjxl --corpus-manifest benchmarks/corpora/w44_170_varied_corpus.tsv
1475938	cid22	512	512	zenjxl	5	0.7500	40390	40245	89.4023	89.3867	0.903980	0.962334	160.312	219.517	0.360	0.0156	-6.064	-26.970	OK	44c8be367ca8a3918e67d3d2b62de9e0169cdee5	cargo run -p jxl-encoder --release --features 'parallel butteraugli-loop ssim2-loop' --example w44_170_cjxl_step025_sweep -- --image 1475938 --effort 5 --distance-min 0.75 --distance-max 0.75 --distance-step 0.75 --strategy zenjxl --corpus-manifest benchmarks/corpora/w44_170_varied_corpus.tsv
1475938	cid22	512	512	zenjxl	5	1.0000	33463	33387	87.6541	87.3941	1.148632	1.191149	139.506	206.370	0.228	0.2600	-3.569	-32.400	OK	44c8be367ca8a3918e67d3d2b62de9e0169cdee5	cargo run -p jxl-encoder --release --features 'parallel butteraugli-loop ssim2-loop' --example w44_170_cjxl_step025_sweep -- --image 1475938 --effort 5 --distance-min 1 --distance-max 1 --distance-step 1 --strategy zenjxl --corpus-manifest benchmarks/corpora/w44_170_varied_corpus.tsv
1475938	cid22	512	512	zenjxl	5	1.2500	28953	29017	85.8384	86.0228	1.414642	1.421197	175.222	182.764	-0.221	-0.1844	-0.461	-4.127	OK	44c8be367ca8a3918e67d3d2b62de9e0169cdee5	cargo run -p jxl-encoder --release --features 'parallel butteraugli-loop ssim2-loop' --example w44_170_cjxl_step025_sweep -- --image 1475938 --effort 5 --distance-min 1.25 --distance-max 1.25 --distance-step 1.25 --strategy zenjxl --corpus-manifest benchmarks/corpora/w44_170_varied_corpus.tsv
1475938	cid22	512	512	zenjxl	5	1.5000	25614	25630	84.0424	84.3782	1.566544	1.590228	161.246	169.866	-0.062	-0.3358	-1.489	-5.075	OK	44c8be367ca8a3918e67d3d2b62de9e0169cdee5	cargo run -p jxl-encoder --release --features 'parallel butteraugli-loop ssim2-loop' --example w44_170_cjxl_step025_sweep -- --image 1475938 --effort 5 --distance-min 1.5 --distance-max 1.5 --distance-step 1.5 --strategy zenjxl --corpus-manifest benchmarks/corpora/w44_170_varied_corpus.tsv
1475938	cid22	512	512	zenjxl	5	1.7500	23076	23006	82.3254	82.3059	1.967402	1.951744	214.330	190.399	0.304	0.0196	0.802	12.569	OK	44c8be367ca8a3918e67d3d2b62de9e0169cdee5	cargo run -p jxl-encoder --release --features 'parallel butteraugli-loop ssim2-loop' --example w44_170_cjxl_step025_sweep -- --image 1475938 --effort 5 --distance-min 1.75 --distance-max 1.75 --distance-step 1.75 --strategy zenjxl --corpus-manifest benchmarks/corpora/w44_170_varied_corpus.tsv
1475938	cid22	512	512	zenjxl	5	2.0000	21105	20963	80.5173	81.0359	2.089205	2.094776	154.128	181.735	0.677	-0.5186	-0.266	-15.191	OK	44c8be367ca8a3918e67d3d2b62de9e0169cdee5	cargo run -p jxl-encoder --release --features 'parallel butteraugli-loop ssim2-loop' --example w44_170_cjxl_step025_sweep -- --image 1475938 --effort 5 --distance-min 2 --distance-max 2 --distance-step 2 --strategy zenjxl --corpus-manifest benchmarks/corpora/w44_170_varied_corpus.tsv
1475938	cid22	512	512	zenjxl	5	2.2500	19242	19330	79.3019	79.7561	2.525640	2.490233	199.270	307.141	-0.455	-0.4542	1.422	-35.121	OK	44c8be367ca8a3918e67d3d2b62de9e0169cdee5	cargo run -p jxl-encoder --release --features 'parallel butteraugli-loop ssim2-loop' --example w44_170_cjxl_step025_sweep -- --image 1475938 --effort 5 --distance-min 2.25 --distance-max 2.25 --distance-step 2.25 --strategy zenjxl --corpus-manifest benchmarks/corpora/w44_170_varied_corpus.tsv
1475938	cid22	512	512	zenjxl	5	2.5000	17827	17875	77.3040	78.0607	2.760369	2.759650	169.735	312.733	-0.269	-0.7567	0.026	-45.725	OK	44c8be367ca8a3918e67d3d2b62de9e0169cdee5	cargo run -p jxl-encoder --release --features 'parallel butteraugli-loop ssim2-loop' --example w44_170_cjxl_step025_sweep -- --image 1475938 --effort 5 --distance-min 2.5 --distance-max 2.5 --distance-step 2.5 --strategy zenjxl --corpus-manifest benchmarks/corpora/w44_170_varied_corpus.tsv
1475938	cid22	512	512	zenjxl	5	2.7500	16617	16667	76.0694	76.9322	2.679448	2.671693	183.776	224.646	-0.300	-0.8628	0.290	-18.193	OK	44c8be367ca8a3918e67d3d2b62de9e0169cdee5	cargo run -p jxl-encoder --release --features 'parallel butteraugli-loop ssim2-loop' --example w44_170_cjxl_step025_sweep -- --image 1475938 --effort 5 --distance-min 2.75 --distance-max 2.75 --distance-step 2.75 --strategy zenjxl --corpus-manifest benchmarks/corpora/w44_170_varied_corpus.tsv
1475938	cid22	512	512	zenjxl	5	3.0000	15547	15611	74.2277	74.7955	2.868411	2.830792	105.808	237.375	-0.410	-0.5678	1.329	-55.426	OK	44c8be367ca8a3918e67d3d2b62de9e0169cdee5	cargo run -p jxl-encoder --release --features 'parallel butteraugli-loop ssim2-loop' --example w44_170_cjxl_step025_sweep -- --image 1475938 --effort 5 --distance-min 3 --distance-max 3 --distance-step 3 --strategy zenjxl --corpus-manifest benchmarks/corpora/w44_170_varied_corpus.tsv
1475938	cid22	512	512	zenjxl	5	3.2500	14566	14598	72.6258	73.5335	3.279049	3.307912	199.295	214.821	-0.219	-0.9077	-0.873	-7.227	OK	44c8be367ca8a3918e67d3d2b62de9e0169cdee5	cargo run -p jxl-encoder --release --features 'parallel butteraugli-loop ssim2-loop' --example w44_170_cjxl_step025_sweep -- --image 1475938 --effort 5 --distance-min 3.25 --distance-max 3.25 --distance-step 3.25 --strategy zenjxl --corpus-manifest benchmarks/corpora/w44_170_varied_corpus.tsv
1475938	cid22	512	512	zenjxl	5	3.5000	13580	13636	70.5810	71.0796	4.620456	4.597976	216.001	144.629	-0.411	-0.4985	0.489	49.349	OK	44c8be367ca8a3918e67d3d2b62de9e0169cdee5	cargo run -p jxl-encoder --release --features 'parallel butteraugli-loop ssim2-loop' --example w44_170_cjxl_step025_sweep -- --image 1475938 --effort 5 --distance-min 3.5 --distance-max 3.5 --distance-step 3.5 --strategy zenjxl --corpus-manifest benchmarks/corpora/w44_170_varied_corpus.tsv
1475938	cid22	512	512	zenjxl	5	3.7500	12915	12937	69.3686	69.9795	3.511916	3.481439	185.278	238.670	-0.170	-0.6109	0.875	-22.371	OK	44c8be367ca8a3918e67d3d2b62de9e0169cdee5	cargo run -p jxl-encoder --release --features 'parallel butteraugli-loop ssim2-loop' --example w44_170_cjxl_step025_sweep -- --image 1475938 --effort 5 --distance-min 3.75 --distance-max 3.75 --distance-step 3.75 --strategy zenjxl --corpus-manifest benchmarks/corpora/w44_170_varied_corpus.tsv
1475938	cid22	512	512	zenjxl	5	4.0000	12198	12243	66.9876	67.6432	3.675451	3.678538	97.481	188.269	-0.368	-0.6556	-0.084	-48.222	OK	44c8be367ca8a3918e67d3d2b62de9e0169cdee5	cargo run -p jxl-encoder --release --features 'parallel butteraugli-loop ssim2-loop' --example w44_170_cjxl_step025_sweep -- --image 1475938 --effort 5 --distance-min 4 --distance-max 4 --distance-step 4 --strategy zenjxl --corpus-manifest benchmarks/corpora/w44_170_varied_corpus.tsv
1475938	cid22	512	512	zenjxl	5	4.2500	11661	11976	65.8466	66.5882	4.301201	4.408535	187.546	348.782	-2.630	-0.7416	-2.435	-46.228	OK	44c8be367ca8a3918e67d3d2b62de9e0169cdee5	cargo run -p jxl-encoder --release --features 'parallel butteraugli-loop ssim2-loop' --example w44_170_cjxl_step025_sweep -- --image 1475938 --effort 5 --distance-min 4.25 --distance-max 4.25 --distance-step 4.25 --strategy zenjxl --corpus-manifest benchmarks/corpora/w44_170_varied_corpus.tsv
1475938	cid22	512	512	zenjxl	5	4.5000	11049	11337	64.2836	65.2605	3.979509	3.869821	128.155	416.145	-2.540	-0.9769	2.834	-69.204	OK	44c8be367ca8a3918e67d3d2b62de9e0169cdee5	cargo run -p jxl-encoder --release --features 'parallel butteraugli-loop ssim2-loop' --example w44_170_cjxl_step025_sweep -- --image 1475938 --effort 5 --distance-min 4.5 --distance-max 4.5 --distance-step 4.5 --strategy zenjxl --corpus-manifest benchmarks/corpora/w44_170_varied_corpus.tsv
1475938	cid22	512	512	zenjxl	5	4.7500	10595	10877	63.0620	64.0329	4.532408	4.529480	137.753	298.913	-2.593	-0.9709	0.065	-53.915	OK	44c8be367ca8a3918e67d3d2b62de9e0169cdee5	cargo run -p jxl-encoder --release --features 'parallel butteraugli-loop ssim2-loop' --example w44_170_cjxl_step025_sweep -- --image 1475938 --effort 5 --distance-min 4.75 --distance-max 4.75 --distance-step 4.75 --strategy zenjxl --corpus-manifest benchmarks/corpora/w44_170_varied_corpus.tsv
1475938	cid22	512	512	zenjxl	5	5.0000	10130	10380	61.7640	62.7598	4.303624	4.295939	244.975	315.691	-2.408	-0.9958	0.179	-22.401	OK	44c8be367ca8a3918e67d3d2b62de9e0169cdee5	cargo run -p jxl-encoder --release --features 'parallel butteraugli-loop ssim2-loop' --example w44_170_cjxl_step025_sweep -- --image 1475938 --effort 5 --distance-min 5 --distance-max 5 --distance-step 5 --strategy zenjxl --corpus-manifest benchmarks/corpora/w44_170_varied_corpus.tsv
1475938	cid22	512	512	zenjxl	6	0.2500	83930	84046	93.0103	92.9235	0.399181	0.392290	193.558	376.830	-0.138	0.0868	1.757	-48.635	OK	44c8be367ca8a3918e67d3d2b62de9e0169cdee5	cargo run -p jxl-encoder --release --features 'parallel butteraugli-loop ssim2-loop' --example w44_170_cjxl_step025_sweep -- --image 1475938 --effort 6 --distance-min 0.25 --distance-max 0.25 --distance-step 0.25 --strategy zenjxl --corpus-manifest benchmarks/corpora/w44_170_varied_corpus.tsv
1475938	cid22	512	512	zenjxl	6	0.5000	54526	54622	91.2685	91.1933	0.645124	0.946091	136.802	312.099	-0.176	0.0752	-31.812	-56.167	OK	44c8be367ca8a3918e67d3d2b62de9e0169cdee5	cargo run -p jxl-encoder --release --features 'parallel butteraugli-loop ssim2-loop' --example w44_170_cjxl_step025_sweep -- --image 1475938 --effort 6 --distance-min 0.5 --distance-max 0.5 --distance-step 0.5 --strategy zenjxl --corpus-manifest benchmarks/corpora/w44_170_varied_corpus.tsv
1475938	cid22	512	512	zenjxl	6	0.7500	40542	40393	89.4044	89.6233	0.905093	0.945845	318.904	489.740	0.369	-0.2188	-4.309	-34.883	OK	44c8be367ca8a3918e67d3d2b62de9e0169cdee5	cargo run -p jxl-encoder --release --features 'parallel butteraugli-loop ssim2-loop' --example w44_170_cjxl_step025_sweep -- --image 1475938 --effort 6 --distance-min 0.75 --distance-max 0.75 --distance-step 0.75 --strategy zenjxl --corpus-manifest benchmarks/corpora/w44_170_varied_corpus.tsv
1475938	cid22	512	512	zenjxl	6	1.0000	33673	33556	87.6423	87.7288	1.152374	1.145028	298.821	396.859	0.349	-0.0865	0.642	-24.703	OK	44c8be367ca8a3918e67d3d2b62de9e0169cdee5	cargo run -p jxl-encoder --release --features 'parallel butteraugli-loop ssim2-loop' --example w44_170_cjxl_step025_sweep -- --image 1475938 --effort 6 --distance-min 1 --distance-max 1 --distance-step 1 --strategy zenjxl --corpus-manifest benchmarks/corpora/w44_170_varied_corpus.tsv
1475938	cid22	512	512	zenjxl	6	1.2500	29141	29171	85.7909	85.8752	1.510360	1.405448	338.328	320.890	-0.103	-0.0843	7.465	5.434	OK	44c8be367ca8a3918e67d3d2b62de9e0169cdee5	cargo run -p jxl-encoder --release --features 'parallel butteraugli-loop ssim2-loop' --example w44_170_cjxl_step025_sweep -- --image 1475938 --effort 6 --distance-min 1.25 --distance-max 1.25 --distance-step 1.25 --strategy zenjxl --corpus-manifest benchmarks/corpora/w44_170_varied_corpus.tsv
1475938	cid22	512	512	zenjxl	6	1.5000	26004	25843	84.0056	84.3327	1.651811	1.575689	310.649	340.154	0.623	-0.3271	4.831	-8.674	OK	44c8be367ca8a3918e67d3d2b62de9e0169cdee5	cargo run -p jxl-encoder --release --features 'parallel butteraugli-loop ssim2-loop' --example w44_170_cjxl_step025_sweep -- --image 1475938 --effort 6 --distance-min 1.5 --distance-max 1.5 --distance-step 1.5 --strategy zenjxl --corpus-manifest benchmarks/corpora/w44_170_varied_corpus.tsv
1475938	cid22	512	512	zenjxl	6	1.7500	23374	23381	82.3509	82.9548	2.130414	2.058741	324.630	342.252	-0.030	-0.6039	3.481	-5.149	OK	44c8be367ca8a3918e67d3d2b62de9e0169cdee5	cargo run -p jxl-encoder --release --features 'parallel butteraugli-loop ssim2-loop' --example w44_170_cjxl_step025_sweep -- --image 1475938 --effort 6 --distance-min 1.75 --distance-max 1.75 --distance-step 1.75 --strategy zenjxl --corpus-manifest benchmarks/corpora/w44_170_varied_corpus.tsv
1475938	cid22	512	512	zenjxl	6	2.0000	21386	21348	80.3697	81.1613	2.041138	2.060662	345.452	397.051	0.178	-0.7916	-0.947	-12.995	OK	44c8be367ca8a3918e67d3d2b62de9e0169cdee5	cargo run -p jxl-encoder --release --features 'parallel butteraugli-loop ssim2-loop' --example w44_170_cjxl_step025_sweep -- --image 1475938 --effort 6 --distance-min 2 --distance-max 2 --distance-step 2 --strategy zenjxl --corpus-manifest benchmarks/corpora/w44_170_varied_corpus.tsv
1475938	cid22	512	512	zenjxl	6	2.2500	19609	19572	79.0506	79.4258	2.672423	2.567677	276.100	330.207	0.189	-0.3752	4.079	-16.386	OK	44c8be367ca8a3918e67d3d2b62de9e0169cdee5	cargo run -p jxl-encoder --release --features 'parallel butteraugli-loop ssim2-loop' --example w44_170_cjxl_step025_sweep -- --image 1475938 --effort 6 --distance-min 2.25 --distance-max 2.25 --distance-step 2.25 --strategy zenjxl --corpus-manifest benchmarks/corpora/w44_170_varied_corpus.tsv
1475938	cid22	512	512	zenjxl	6	2.5000	18295	18285	77.3041	77.9667	2.787467	2.695844	313.894	414.985	0.055	-0.6626	3.399	-24.360	OK	44c8be367ca8a3918e67d3d2b62de9e0169cdee5	cargo run -p jxl-encoder --release --features 'parallel butteraugli-loop ssim2-loop' --example w44_170_cjxl_step025_sweep -- --image 1475938 --effort 6 --distance-min 2.5 --distance-max 2.5 --distance-step 2.5 --strategy zenjxl --corpus-manifest benchmarks/corpora/w44_170_varied_corpus.tsv
1475938	cid22	512	512	zenjxl	6	2.7500	17175	17106	76.1935	76.8987	3.048274	3.165815	321.896	308.630	0.403	-0.7052	-3.713	4.298	OK	44c8be367ca8a3918e67d3d2b62de9e0169cdee5	cargo run -p jxl-encoder --release --features 'parallel butteraugli-loop ssim2-loop' --example w44_170_cjxl_step025_sweep -- --image 1475938 --effort 6 --distance-min 2.75 --distance-max 2.75 --distance-step 2.75 --strategy zenjxl --corpus-manifest benchmarks/corpora/w44_170_varied_corpus.tsv
1475938	cid22	512	512	zenjxl	6	3.0000	15982	15983	74.2788	75.0362	2.920142	2.829264	303.116	326.276	-0.006	-0.7574	3.212	-7.098	OK	44c8be367ca8a3918e67d3d2b62de9e0169cdee5	cargo run -p jxl-encoder --release --features 'parallel butteraugli-loop ssim2-loop' --example w44_170_cjxl_step025_sweep -- --image 1475938 --effort 6 --distance-min 3 --distance-max 3 --distance-step 3 --strategy zenjxl --corpus-manifest benchmarks/corpora/w44_170_varied_corpus.tsv
1475938	cid22	512	512	zenjxl	6	3.2500	15117	15039	72.8205	73.6036	3.202816	3.033673	298.721	298.500	0.519	-0.7831	5.576	0.074	OK	44c8be367ca8a3918e67d3d2b62de9e0169cdee5	cargo run -p jxl-encoder --release --features 'parallel butteraugli-loop ssim2-loop' --example w44_170_cjxl_step025_sweep -- --image 1475938 --effort 6 --distance-min 3.25 --distance-max 3.25 --distance-step 3.25 --strategy zenjxl --corpus-manifest benchmarks/corpora/w44_170_varied_corpus.tsv
1475938	cid22	512	512	zenjxl	6	3.5000	14284	14227	70.9046	71.2878	3.717292	3.947219	430.031	367.704	0.401	-0.3832	-5.825	16.950	OK	44c8be367ca8a3918e67d3d2b62de9e0169cdee5	cargo run -p jxl-encoder --release --features 'parallel butteraugli-loop ssim2-loop' --example w44_170_cjxl_step025_sweep -- --image 1475938 --effort 6 --distance-min 3.5 --distance-max 3.5 --distance-step 3.5 --strategy zenjxl --corpus-manifest benchmarks/corpora/w44_170_varied_corpus.tsv
1475938	cid22	512	512	zenjxl	6	3.7500	13537	13476	69.6230	70.4585	3.662995	3.481304	239.956	405.754	0.453	-0.8355	5.219	-40.862	OK	44c8be367ca8a3918e67d3d2b62de9e0169cdee5	cargo run -p jxl-encoder --release --features 'parallel butteraugli-loop ssim2-loop' --example w44_170_cjxl_step025_sweep -- --image 1475938 --effort 6 --distance-min 3.75 --distance-max 3.75 --distance-step 3.75 --strategy zenjxl --corpus-manifest benchmarks/corpora/w44_170_varied_corpus.tsv
1475938	cid22	512	512	zenjxl	6	4.0000	12933	12981	68.8068	69.5924	3.618462	3.969178	403.756	326.167	-0.370	-0.7856	-8.836	23.788	OK	44c8be367ca8a3918e67d3d2b62de9e0169cdee5	cargo run -p jxl-encoder --release --features 'parallel butteraugli-loop ssim2-loop' --example w44_170_cjxl_step025_sweep -- --image 1475938 --effort 6 --distance-min 4 --distance-max 4 --distance-step 4 --strategy zenjxl --corpus-manifest benchmarks/corpora/w44_170_varied_corpus.tsv
1475938	cid22	512	512	zenjxl	6	4.2500	12266	12435	66.7311	67.8811	3.966072	3.948730	461.943	360.289	-1.359	-1.1500	0.439	28.215	OK	44c8be367ca8a3918e67d3d2b62de9e0169cdee5	cargo run -p jxl-encoder --release --features 'parallel butteraugli-loop ssim2-loop' --example w44_170_cjxl_step025_sweep -- --image 1475938 --effort 6 --distance-min 4.25 --distance-max 4.25 --distance-step 4.25 --strategy zenjxl --corpus-manifest benchmarks/corpora/w44_170_varied_corpus.tsv
1475938	cid22	512	512	zenjxl	6	4.5000	11644	11907	65.2715	66.4652	3.818736	3.791292	422.960	392.063	-2.209	-1.1938	0.724	7.881	OK	44c8be367ca8a3918e67d3d2b62de9e0169cdee5	cargo run -p jxl-encoder --release --features 'parallel butteraugli-loop ssim2-loop' --example w44_170_cjxl_step025_sweep -- --image 1475938 --effort 6 --distance-min 4.5 --distance-max 4.5 --distance-step 4.5 --strategy zenjxl --corpus-manifest benchmarks/corpora/w44_170_varied_corpus.tsv
1475938	cid22	512	512	zenjxl	6	4.7500	11049	11187	64.3016	65.6517	4.283866	3.933114	358.663	335.644	-1.234	-1.3501	8.918	6.858	OK	44c8be367ca8a3918e67d3d2b62de9e0169cdee5	cargo run -p jxl-encoder --release --features 'parallel butteraugli-loop ssim2-loop' --example w44_170_cjxl_step025_sweep -- --image 1475938 --effort 6 --distance-min 4.75 --distance-max 4.75 --distance-step 4.75 --strategy zenjxl --corpus-manifest benchmarks/corpora/w44_170_varied_corpus.tsv
1475938	cid22	512	512	zenjxl	6	5.0000	10575	10677	62.6870	64.0700	4.413016	4.261415	402.359	376.079	-0.955	-1.3831	3.558	6.988	OK	44c8be367ca8a3918e67d3d2b62de9e0169cdee5	cargo run -p jxl-encoder --release --features 'parallel butteraugli-loop ssim2-loop' --example w44_170_cjxl_step025_sweep -- --image 1475938 --effort 6 --distance-min 5 --distance-max 5 --distance-step 5 --strategy zenjxl --corpus-manifest benchmarks/corpora/w44_170_varied_corpus.tsv
1475938	cid22	512	512	zenjxl	7	0.2500	83894	84175	92.9477	92.9914	0.398285	0.421271	276.602	388.874	-0.334	-0.0437	-5.456	-28.871	OK	44c8be367ca8a3918e67d3d2b62de9e0169cdee5	cargo run -p jxl-encoder --release --features 'parallel butteraugli-loop ssim2-loop' --example w44_170_cjxl_step025_sweep -- --image 1475938 --effort 7 --distance-min 0.25 --distance-max 0.25 --distance-step 0.25 --strategy zenjxl --corpus-manifest benchmarks/corpora/w44_170_varied_corpus.tsv
1475938	cid22	512	512	zenjxl	7	0.5000	54569	55115	91.1141	91.4141	0.645112	0.657826	308.582	408.203	-0.991	-0.3000	-1.933	-24.405	OK	44c8be367ca8a3918e67d3d2b62de9e0169cdee5	cargo run -p jxl-encoder --release --features 'parallel butteraugli-loop ssim2-loop' --example w44_170_cjxl_step025_sweep -- --image 1475938 --effort 7 --distance-min 0.5 --distance-max 0.5 --distance-step 0.5 --strategy zenjxl --corpus-manifest benchmarks/corpora/w44_170_varied_corpus.tsv
1475938	cid22	512	512	zenjxl	7	0.7500	40509	40518	89.6458	89.8392	0.905104	0.938710	293.458	451.278	-0.022	-0.1934	-3.580	-34.972	OK	44c8be367ca8a3918e67d3d2b62de9e0169cdee5	cargo run -p jxl-encoder --release --features 'parallel butteraugli-loop ssim2-loop' --example w44_170_cjxl_step025_sweep -- --image 1475938 --effort 7 --distance-min 0.75 --distance-max 0.75 --distance-step 0.75 --strategy zenjxl --corpus-manifest benchmarks/corpora/w44_170_varied_corpus.tsv
1475938	cid22	512	512	zenjxl	7	1.0000	33686	33599	87.7004	87.8418	1.152161	1.153485	333.271	429.631	0.259	-0.1414	-0.115	-22.428	OK	44c8be367ca8a3918e67d3d2b62de9e0169cdee5	cargo run -p jxl-encoder --release --features 'parallel butteraugli-loop ssim2-loop' --example w44_170_cjxl_step025_sweep -- --image 1475938 --effort 7 --distance-min 1 --distance-max 1 --distance-step 1 --strategy zenjxl --corpus-manifest benchmarks/corpora/w44_170_varied_corpus.tsv
1475938	cid22	512	512	zenjxl	7	1.2500	29154	29145	85.9194	86.0775	1.510033	1.406412	327.468	403.508	0.031	-0.1580	7.368	-18.845	OK	44c8be367ca8a3918e67d3d2b62de9e0169cdee5	cargo run -p jxl-encoder --release --features 'parallel butteraugli-loop ssim2-loop' --example w44_170_cjxl_step025_sweep -- --image 1475938 --effort 7 --distance-min 1.25 --distance-max 1.25 --distance-step 1.25 --strategy zenjxl --corpus-manifest benchmarks/corpora/w44_170_varied_corpus.tsv
1475938	cid22	512	512	zenjxl	7	1.5000	26003	25823	84.2268	84.5260	1.651814	1.579513	345.841	367.698	0.697	-0.2992	4.577	-5.944	OK	44c8be367ca8a3918e67d3d2b62de9e0169cdee5	cargo run -p jxl-encoder --release --features 'parallel butteraugli-loop ssim2-loop' --example w44_170_cjxl_step025_sweep -- --image 1475938 --effort 7 --distance-min 1.5 --distance-max 1.5 --distance-step 1.5 --strategy zenjxl --corpus-manifest benchmarks/corpora/w44_170_varied_corpus.tsv
1475938	cid22	512	512	zenjxl	7	1.7500	23381	23346	82.4141	83.0273	2.130419	2.092397	353.292	313.641	0.150	-0.6133	1.817	12.642	OK	44c8be367ca8a3918e67d3d2b62de9e0169cdee5	cargo run -p jxl-encoder --release --features 'parallel butteraugli-loop ssim2-loop' --example w44_170_cjxl_step025_sweep -- --image 1475938 --effort 7 --distance-min 1.75 --distance-max 1.75 --distance-step 1.75 --strategy zenjxl --corpus-manifest benchmarks/corpora/w44_170_varied_corpus.tsv
1475938	cid22	512	512	zenjxl	7	2.0000	21151	21305	80.2438	81.2734	2.041135	2.060642	274.364	469.051	-0.723	-1.0295	-0.947	-41.507	OK	44c8be367ca8a3918e67d3d2b62de9e0169cdee5	cargo run -p jxl-encoder --release --features 'parallel butteraugli-loop ssim2-loop' --example w44_170_cjxl_step025_sweep -- --image 1475938 --effort 7 --distance-min 2 --distance-max 2 --distance-step 2 --strategy zenjxl --corpus-manifest benchmarks/corpora/w44_170_varied_corpus.tsv
1475938	cid22	512	512	zenjxl	7	2.2500	19334	19546	78.8401	79.9545	2.528592	2.548652	442.307	383.148	-1.085	-1.1144	-0.787	15.440	OK	44c8be367ca8a3918e67d3d2b62de9e0169cdee5	cargo run -p jxl-encoder --release --features 'parallel butteraugli-loop ssim2-loop' --example w44_170_cjxl_step025_sweep -- --image 1475938 --effort 7 --distance-min 2.25 --distance-max 2.25 --distance-step 2.25 --strategy zenjxl --corpus-manifest benchmarks/corpora/w44_170_varied_corpus.tsv
1475938	cid22	512	512	zenjxl	7	2.5000	18065	18266	77.1965	78.3586	2.787638	2.695970	366.242	321.422	-1.100	-1.1620	3.400	13.944	OK	44c8be367ca8a3918e67d3d2b62de9e0169cdee5	cargo run -p jxl-encoder --release --features 'parallel butteraugli-loop ssim2-loop' --example w44_170_cjxl_step025_sweep -- --image 1475938 --effort 7 --distance-min 2.5 --distance-max 2.5 --distance-step 2.5 --strategy zenjxl --corpus-manifest benchmarks/corpora/w44_170_varied_corpus.tsv
1475938	cid22	512	512	zenjxl	7	2.7500	16881	17107	75.8244	77.1046	3.046433	3.165870	357.237	305.184	-1.321	-1.2801	-3.773	17.056	OK	44c8be367ca8a3918e67d3d2b62de9e0169cdee5	cargo run -p jxl-encoder --release --features 'parallel butteraugli-loop ssim2-loop' --example w44_170_cjxl_step025_sweep -- --image 1475938 --effort 7 --distance-min 2.75 --distance-max 2.75 --distance-step 2.75 --strategy zenjxl --corpus-manifest benchmarks/corpora/w44_170_varied_corpus.tsv
1475938	cid22	512	512	zenjxl	7	3.0000	15775	16039	73.9404	75.4887	2.921093	2.829264	342.886	430.410	-1.646	-1.5484	3.246	-20.335	OK	44c8be367ca8a3918e67d3d2b62de9e0169cdee5	cargo run -p jxl-encoder --release --features 'parallel butteraugli-loop ssim2-loop' --example w44_170_cjxl_step025_sweep -- --image 1475938 --effort 7 --distance-min 3 --distance-max 3 --distance-step 3 --strategy zenjxl --corpus-manifest benchmarks/corpora/w44_170_varied_corpus.tsv
1475938	cid22	512	512	zenjxl	7	3.2500	14832	15107	71.9847	73.8345	3.202423	3.106890	310.326	519.761	-1.820	-1.8498	3.075	-40.294	OK	44c8be367ca8a3918e67d3d2b62de9e0169cdee5	cargo run -p jxl-encoder --release --features 'parallel butteraugli-loop ssim2-loop' --example w44_170_cjxl_step025_sweep -- --image 1475938 --effort 7 --distance-min 3.25 --distance-max 3.25 --distance-step 3.25 --strategy zenjxl --corpus-manifest benchmarks/corpora/w44_170_varied_corpus.tsv
1475938	cid22	512	512	zenjxl	7	3.5000	14072	14336	70.4474	71.6111	3.719066	3.954763	314.003	491.608	-1.842	-1.1637	-5.960	-36.127	OK	44c8be367ca8a3918e67d3d2b62de9e0169cdee5	cargo run -p jxl-encoder --release --features 'parallel butteraugli-loop ssim2-loop' --example w44_170_cjxl_step025_sweep -- --image 1475938 --effort 7 --distance-min 3.5 --distance-max 3.5 --distance-step 3.5 --strategy zenjxl --corpus-manifest benchmarks/corpora/w44_170_varied_corpus.tsv
1475938	cid22	512	512	zenjxl	7	3.7500	13240	13513	69.0997	70.5197	3.662790	3.398487	355.290	424.016	-2.020	-1.4200	7.777	-16.208	OK	44c8be367ca8a3918e67d3d2b62de9e0169cdee5	cargo run -p jxl-encoder --release --features 'parallel butteraugli-loop ssim2-loop' --example w44_170_cjxl_step025_sweep -- --image 1475938 --effort 7 --distance-min 3.75 --distance-max 3.75 --distance-step 3.75 --strategy zenjxl --corpus-manifest benchmarks/corpora/w44_170_varied_corpus.tsv
1475938	cid22	512	512	zenjxl	7	4.0000	12759	13033	68.0552	69.6607	4.425231	3.971872	439.479	531.846	-2.102	-1.6055	11.414	-17.367	OK	44c8be367ca8a3918e67d3d2b62de9e0169cdee5	cargo run -p jxl-encoder --release --features 'parallel butteraugli-loop ssim2-loop' --example w44_170_cjxl_step025_sweep -- --image 1475938 --effort 7 --distance-min 4 --distance-max 4 --distance-step 4 --strategy zenjxl --corpus-manifest benchmarks/corpora/w44_170_varied_corpus.tsv
1475938	cid22	512	512	zenjxl	7	4.2500	12066	12491	66.0361	67.6687	3.966821	3.936654	555.718	395.624	-3.402	-1.6326	0.766	40.466	OK	44c8be367ca8a3918e67d3d2b62de9e0169cdee5	cargo run -p jxl-encoder --release --features 'parallel butteraugli-loop ssim2-loop' --example w44_170_cjxl_step025_sweep -- --image 1475938 --effort 7 --distance-min 4.25 --distance-max 4.25 --distance-step 4.25 --strategy zenjxl --corpus-manifest benchmarks/corpora/w44_170_varied_corpus.tsv
1475938	cid22	512	512	zenjxl	7	4.5000	11447	11935	64.3275	66.1676	3.912305	3.717012	485.928	470.512	-4.089	-1.8401	5.254	3.276	OK	44c8be367ca8a3918e67d3d2b62de9e0169cdee5	cargo run -p jxl-encoder --release --features 'parallel butteraugli-loop ssim2-loop' --example w44_170_cjxl_step025_sweep -- --image 1475938 --effort 7 --distance-min 4.5 --distance-max 4.5 --distance-step 4.5 --strategy zenjxl --corpus-manifest benchmarks/corpora/w44_170_varied_corpus.tsv
1475938	cid22	512	512	zenjxl	7	4.7500	10881	11256	63.4478	65.4820	4.266391	4.117961	394.646	419.229	-3.332	-2.0342	3.604	-5.864	OK	44c8be367ca8a3918e67d3d2b62de9e0169cdee5	cargo run -p jxl-encoder --release --features 'parallel butteraugli-loop ssim2-loop' --example w44_170_cjxl_step025_sweep -- --image 1475938 --effort 7 --distance-min 4.75 --distance-max 4.75 --distance-step 4.75 --strategy zenjxl --corpus-manifest benchmarks/corpora/w44_170_varied_corpus.tsv
1475938	cid22	512	512	zenjxl	7	5.0000	10422	10768	61.7523	64.2574	4.411802	4.370249	389.970	403.435	-3.213	-2.5051	0.951	-3.338	OK	44c8be367ca8a3918e67d3d2b62de9e0169cdee5	cargo run -p jxl-encoder --release --features 'parallel butteraugli-loop ssim2-loop' --example w44_170_cjxl_step025_sweep -- --image 1475938 --effort 7 --distance-min 5 --distance-max 5 --distance-step 5 --strategy zenjxl --corpus-manifest benchmarks/corpora/w44_170_varied_corpus.tsv
1475938	cid22	512	512	zenjxl	8	0.2500	82989	83343	93.1338	92.9836	0.320811	0.343382	948.965	1322.630	-0.425	0.1501	-6.573	-28.252	OK	44c8be367ca8a3918e67d3d2b62de9e0169cdee5	cargo run -p jxl-encoder --release --features 'parallel butteraugli-loop ssim2-loop' --example w44_170_cjxl_step025_sweep -- --image 1475938 --effort 8 --distance-min 0.25 --distance-max 0.25 --distance-step 0.25 --strategy zenjxl --corpus-manifest benchmarks/corpora/w44_170_varied_corpus.tsv
1475938	cid22	512	512	zenjxl	8	0.5000	52925	53335	90.9937	91.0670	0.593432	0.624378	954.641	1351.571	-0.769	-0.0733	-4.956	-29.368	OK	44c8be367ca8a3918e67d3d2b62de9e0169cdee5	cargo run -p jxl-encoder --release --features 'parallel butteraugli-loop ssim2-loop' --example w44_170_cjxl_step025_sweep -- --image 1475938 --effort 8 --distance-min 0.5 --distance-max 0.5 --distance-step 0.5 --strategy zenjxl --corpus-manifest benchmarks/corpora/w44_170_varied_corpus.tsv
1475938	cid22	512	512	zenjxl	8	0.7500	39218	39203	89.4087	89.4731	0.868543	0.858041	995.619	1510.195	0.038	-0.0643	1.224	-34.074	OK	44c8be367ca8a3918e67d3d2b62de9e0169cdee5	cargo run -p jxl-encoder --release --features 'parallel butteraugli-loop ssim2-loop' --example w44_170_cjxl_step025_sweep -- --image 1475938 --effort 8 --distance-min 0.75 --distance-max 0.75 --distance-step 0.75 --strategy zenjxl --corpus-manifest benchmarks/corpora/w44_170_varied_corpus.tsv
1475938	cid22	512	512	zenjxl	8	1.0000	32326	32358	87.6124	87.9242	1.270706	1.101691	809.372	1273.400	-0.099	-0.3117	15.341	-36.440	OK	44c8be367ca8a3918e67d3d2b62de9e0169cdee5	cargo run -p jxl-encoder --release --features 'parallel butteraugli-loop ssim2-loop' --example w44_170_cjxl_step025_sweep -- --image 1475938 --effort 8 --distance-min 1 --distance-max 1 --distance-step 1 --strategy zenjxl --corpus-manifest benchmarks/corpora/w44_170_varied_corpus.tsv
1475938	cid22	512	512	zenjxl	8	1.2500	27759	27904	85.6061	85.9572	1.368670	1.340239	1189.467	1676.059	-0.520	-0.3511	2.121	-29.032	OK	44c8be367ca8a3918e67d3d2b62de9e0169cdee5	cargo run -p jxl-encoder --release --features 'parallel butteraugli-loop ssim2-loop' --example w44_170_cjxl_step025_sweep -- --image 1475938 --effort 8 --distance-min 1.25 --distance-max 1.25 --distance-step 1.25 --strategy zenjxl --corpus-manifest benchmarks/corpora/w44_170_varied_corpus.tsv
1475938	cid22	512	512	zenjxl	8	1.5000	24643	24838	84.2070	84.2888	1.627564	1.730670	1102.315	1717.960	-0.785	-0.0817	-5.958	-35.836	OK	44c8be367ca8a3918e67d3d2b62de9e0169cdee5	cargo run -p jxl-encoder --release --features 'parallel butteraugli-loop ssim2-loop' --example w44_170_cjxl_step025_sweep -- --image 1475938 --effort 8 --distance-min 1.5 --distance-max 1.5 --distance-step 1.5 --strategy zenjxl --corpus-manifest benchmarks/corpora/w44_170_varied_corpus.tsv
1475938	cid22	512	512	zenjxl	8	1.7500	22132	22268	81.9637	82.4095	1.998629	1.794275	1014.916	1763.280	-0.611	-0.4457	11.389	-42.442	OK	44c8be367ca8a3918e67d3d2b62de9e0169cdee5	cargo run -p jxl-encoder --release --features 'parallel butteraugli-loop ssim2-loop' --example w44_170_cjxl_step025_sweep -- --image 1475938 --effort 8 --distance-min 1.75 --distance-max 1.75 --distance-step 1.75 --strategy zenjxl --corpus-manifest benchmarks/corpora/w44_170_varied_corpus.tsv
1475938	cid22	512	512	zenjxl	8	2.0000	19857	20464	80.1184	81.0677	2.279768	2.094538	1312.361	1577.886	-2.966	-0.9492	8.843	-16.828	OK	44c8be367ca8a3918e67d3d2b62de9e0169cdee5	cargo run -p jxl-encoder --release --features 'parallel butteraugli-loop ssim2-loop' --example w44_170_cjxl_step025_sweep -- --image 1475938 --effort 8 --distance-min 2 --distance-max 2 --distance-step 2 --strategy zenjxl --corpus-manifest benchmarks/corpora/w44_170_varied_corpus.tsv
1475938	cid22	512	512	zenjxl	8	2.2500	18107	18643	78.4688	79.3821	2.489286	2.273550	1245.916	1617.274	-2.875	-0.9132	9.489	-22.962	OK	44c8be367ca8a3918e67d3d2b62de9e0169cdee5	cargo run -p jxl-encoder --release --features 'parallel butteraugli-loop ssim2-loop' --example w44_170_cjxl_step025_sweep -- --image 1475938 --effort 8 --distance-min 2.25 --distance-max 2.25 --distance-step 2.25 --strategy zenjxl --corpus-manifest benchmarks/corpora/w44_170_varied_corpus.tsv
1475938	cid22	512	512	zenjxl	8	2.5000	16672	17306	76.1445	77.3869	2.917434	2.576334	898.774	1739.340	-3.663	-1.2424	13.240	-48.327	OK	44c8be367ca8a3918e67d3d2b62de9e0169cdee5	cargo run -p jxl-encoder --release --features 'parallel butteraugli-loop ssim2-loop' --example w44_170_cjxl_step025_sweep -- --image 1475938 --effort 8 --distance-min 2.5 --distance-max 2.5 --distance-step 2.5 --strategy zenjxl --corpus-manifest benchmarks/corpora/w44_170_varied_corpus.tsv
1475938	cid22	512	512	zenjxl	8	2.7500	15717	16111	74.6883	75.7029	2.771293	2.847406	985.947	1670.301	-2.446	-1.0146	-2.673	-40.972	OK	44c8be367ca8a3918e67d3d2b62de9e0169cdee5	cargo run -p jxl-encoder --release --features 'parallel butteraugli-loop ssim2-loop' --example w44_170_cjxl_step025_sweep -- --image 1475938 --effort 8 --distance-min 2.75 --distance-max 2.75 --distance-step 2.75 --strategy zenjxl --corpus-manifest benchmarks/corpora/w44_170_varied_corpus.tsv
1475938	cid22	512	512	zenjxl	8	3.0000	14672	15111	73.0573	74.0920	2.944007	2.984537	1026.921	1366.849	-2.905	-1.0347	-1.358	-24.869	OK	44c8be367ca8a3918e67d3d2b62de9e0169cdee5	cargo run -p jxl-encoder --release --features 'parallel butteraugli-loop ssim2-loop' --example w44_170_cjxl_step025_sweep -- --image 1475938 --effort 8 --distance-min 3 --distance-max 3 --distance-step 3 --strategy zenjxl --corpus-manifest benchmarks/corpora/w44_170_varied_corpus.tsv
1475938	cid22	512	512	zenjxl	8	3.2500	13656	14225	70.9895	72.2115	3.338980	3.246150	1157.874	1516.199	-4.000	-1.2220	2.860	-23.633	OK	44c8be367ca8a3918e67d3d2b62de9e0169cdee5	cargo run -p jxl-encoder --release --features 'parallel butteraugli-loop ssim2-loop' --example w44_170_cjxl_step025_sweep -- --image 1475938 --effort 8 --distance-min 3.25 --distance-max 3.25 --distance-step 3.25 --strategy zenjxl --corpus-manifest benchmarks/corpora/w44_170_varied_corpus.tsv
1475938	cid22	512	512	zenjxl	8	3.5000	12912	13363	69.0143	70.0976	3.536460	3.683844	1268.771	1342.707	-3.375	-1.0833	-4.001	-5.507	OK	44c8be367ca8a3918e67d3d2b62de9e0169cdee5	cargo run -p jxl-encoder --release --features 'parallel butteraugli-loop ssim2-loop' --example w44_170_cjxl_step025_sweep -- --image 1475938 --effort 8 --distance-min 3.5 --distance-max 3.5 --distance-step 3.5 --strategy zenjxl --corpus-manifest benchmarks/corpora/w44_170_varied_corpus.tsv
1475938	cid22	512	512	zenjxl	8	3.7500	12061	12468	67.2638	68.5743	3.625923	3.820514	1243.025	1642.209	-3.264	-1.3105	-5.093	-24.308	OK	44c8be367ca8a3918e67d3d2b62de9e0169cdee5	cargo run -p jxl-encoder --release --features 'parallel butteraugli-loop ssim2-loop' --example w44_170_cjxl_step025_sweep -- --image 1475938 --effort 8 --distance-min 3.75 --distance-max 3.75 --distance-step 3.75 --strategy zenjxl --corpus-manifest benchmarks/corpora/w44_170_varied_corpus.tsv
1475938	cid22	512	512	zenjxl	8	4.0000	11553	12021	66.1485	67.4128	4.137343	4.848214	1063.660	1172.382	-3.893	-1.2643	-14.663	-9.274	OK	44c8be367ca8a3918e67d3d2b62de9e0169cdee5	cargo run -p jxl-encoder --release --features 'parallel butteraugli-loop ssim2-loop' --example w44_170_cjxl_step025_sweep -- --image 1475938 --effort 8 --distance-min 4 --distance-max 4 --distance-step 4 --strategy zenjxl --corpus-manifest benchmarks/corpora/w44_170_varied_corpus.tsv
1475938	cid22	512	512	zenjxl	8	4.2500	10972	11696	64.5712	66.2373	4.239234	4.405343	1613.723	1467.982	-6.190	-1.6661	-3.771	9.928	OK	44c8be367ca8a3918e67d3d2b62de9e0169cdee5	cargo run -p jxl-encoder --release --features 'parallel butteraugli-loop ssim2-loop' --example w44_170_cjxl_step025_sweep -- --image 1475938 --effort 8 --distance-min 4.25 --distance-max 4.25 --distance-step 4.25 --strategy zenjxl --corpus-manifest benchmarks/corpora/w44_170_varied_corpus.tsv
1475938	cid22	512	512	zenjxl	8	4.5000	10555	11266	62.9746	64.4321	4.287148	4.718859	1292.868	1741.922	-6.311	-1.4575	-9.149	-25.779	OK	44c8be367ca8a3918e67d3d2b62de9e0169cdee5	cargo run -p jxl-encoder --release --features 'parallel butteraugli-loop ssim2-loop' --example w44_170_cjxl_step025_sweep -- --image 1475938 --effort 8 --distance-min 4.5 --distance-max 4.5 --distance-step 4.5 --strategy zenjxl --corpus-manifest benchmarks/corpora/w44_170_varied_corpus.tsv
1475938	cid22	512	512	zenjxl	8	4.7500	9888	10456	61.4583	63.0307	4.421425	5.266240	1458.318	1680.609	-5.432	-1.5724	-16.042	-13.227	OK	44c8be367ca8a3918e67d3d2b62de9e0169cdee5	cargo run -p jxl-encoder --release --features 'parallel butteraugli-loop ssim2-loop' --example w44_170_cjxl_step025_sweep -- --image 1475938 --effort 8 --distance-min 4.75 --distance-max 4.75 --distance-step 4.75 --strategy zenjxl --corpus-manifest benchmarks/corpora/w44_170_varied_corpus.tsv
1475938	cid22	512	512	zenjxl	8	5.0000	9410	9974	60.3753	62.2026	4.631191	4.767897	1170.404	1293.033	-5.655	-1.8273	-2.867	-9.484	OK	44c8be367ca8a3918e67d3d2b62de9e0169cdee5	cargo run -p jxl-encoder --release --features 'parallel butteraugli-loop ssim2-loop' --example w44_170_cjxl_step025_sweep -- --image 1475938 --effort 8 --distance-min 5 --distance-max 5 --distance-step 5 --strategy zenjxl --corpus-manifest benchmarks/corpora/w44_170_varied_corpus.tsv
1475938	cid22	512	512	zenjxl	9	0.2500	84297	83423	93.1091	93.0113	0.313745	0.310211	1782.821	1837.004	1.048	0.0978	1.139	-2.950	OK	44c8be367ca8a3918e67d3d2b62de9e0169cdee5	cargo run -p jxl-encoder --release --features 'parallel butteraugli-loop ssim2-loop' --example w44_170_cjxl_step025_sweep -- --image 1475938 --effort 9 --distance-min 0.25 --distance-max 0.25 --distance-step 0.25 --strategy zenjxl --corpus-manifest benchmarks/corpora/w44_170_varied_corpus.tsv
1475938	cid22	512	512	zenjxl	9	0.5000	53792	53386	91.0278	91.1202	0.593432	0.616680	1394.757	1964.025	0.760	-0.0925	-3.770	-28.985	OK	44c8be367ca8a3918e67d3d2b62de9e0169cdee5	cargo run -p jxl-encoder --release --features 'parallel butteraugli-loop ssim2-loop' --example w44_170_cjxl_step025_sweep -- --image 1475938 --effort 9 --distance-min 0.5 --distance-max 0.5 --distance-step 0.5 --strategy zenjxl --corpus-manifest benchmarks/corpora/w44_170_varied_corpus.tsv
1475938	cid22	512	512	zenjxl	9	0.7500	39693	39172	89.4761	89.4610	0.832965	0.858041	1635.427	2183.856	1.330	0.0151	-2.923	-25.113	OK	44c8be367ca8a3918e67d3d2b62de9e0169cdee5	cargo run -p jxl-encoder --release --features 'parallel butteraugli-loop ssim2-loop' --example w44_170_cjxl_step025_sweep -- --image 1475938 --effort 9 --distance-min 0.75 --distance-max 0.75 --distance-step 0.75 --strategy zenjxl --corpus-manifest benchmarks/corpora/w44_170_varied_corpus.tsv
1475938	cid22	512	512	zenjxl	9	1.0000	32692	32355	87.6275	87.9583	1.171131	1.101691	1917.967	1948.317	1.042	-0.3308	6.303	-1.558	OK	44c8be367ca8a3918e67d3d2b62de9e0169cdee5	cargo run -p jxl-encoder --release --features 'parallel butteraugli-loop ssim2-loop' --example w44_170_cjxl_step025_sweep -- --image 1475938 --effort 9 --distance-min 1 --distance-max 1 --distance-step 1 --strategy zenjxl --corpus-manifest benchmarks/corpora/w44_170_varied_corpus.tsv
1475938	cid22	512	512	zenjxl	9	1.2500	27887	27845	85.6061	85.9636	1.368670	1.340239	1482.360	1711.889	0.151	-0.3575	2.121	-13.408	OK	44c8be367ca8a3918e67d3d2b62de9e0169cdee5	cargo run -p jxl-encoder --release --features 'parallel butteraugli-loop ssim2-loop' --example w44_170_cjxl_step025_sweep -- --image 1475938 --effort 9 --distance-min 1.25 --distance-max 1.25 --distance-step 1.25 --strategy zenjxl --corpus-manifest benchmarks/corpora/w44_170_varied_corpus.tsv
1475938	cid22	512	512	zenjxl	9	1.5000	24805	24820	84.2776	84.3064	1.586027	1.585492	2383.112	1924.315	-0.060	-0.0288	0.034	23.842	OK	44c8be367ca8a3918e67d3d2b62de9e0169cdee5	cargo run -p jxl-encoder --release --features 'parallel butteraugli-loop ssim2-loop' --example w44_170_cjxl_step025_sweep -- --image 1475938 --effort 9 --distance-min 1.5 --distance-max 1.5 --distance-step 1.5 --strategy zenjxl --corpus-manifest benchmarks/corpora/w44_170_varied_corpus.tsv
1475938	cid22	512	512	zenjxl	9	1.7500	22196	22231	82.0027	82.4294	1.817035	1.784561	1630.622	1972.363	-0.157	-0.4267	1.820	-17.326	OK	44c8be367ca8a3918e67d3d2b62de9e0169cdee5	cargo run -p jxl-encoder --release --features 'parallel butteraugli-loop ssim2-loop' --example w44_170_cjxl_step025_sweep -- --image 1475938 --effort 9 --distance-min 1.75 --distance-max 1.75 --distance-step 1.75 --strategy zenjxl --corpus-manifest benchmarks/corpora/w44_170_varied_corpus.tsv
1475938	cid22	512	512	zenjxl	9	2.0000	20045	20378	80.1352	81.0748	2.097696	2.094538	1742.045	1943.577	-1.634	-0.9395	0.151	-10.369	OK	44c8be367ca8a3918e67d3d2b62de9e0169cdee5	cargo run -p jxl-encoder --release --features 'parallel butteraugli-loop ssim2-loop' --example w44_170_cjxl_step025_sweep -- --image 1475938 --effort 9 --distance-min 2 --distance-max 2 --distance-step 2 --strategy zenjxl --corpus-manifest benchmarks/corpora/w44_170_varied_corpus.tsv
1475938	cid22	512	512	zenjxl	9	2.2500	18282	18583	78.4764	79.3821	2.340976	2.273550	1933.585	2189.739	-1.620	-0.9057	2.966	-11.698	OK	44c8be367ca8a3918e67d3d2b62de9e0169cdee5	cargo run -p jxl-encoder --release --features 'parallel butteraugli-loop ssim2-loop' --example w44_170_cjxl_step025_sweep -- --image 1475938 --effort 9 --distance-min 2.25 --distance-max 2.25 --distance-step 2.25 --strategy zenjxl --corpus-manifest benchmarks/corpora/w44_170_varied_corpus.tsv
1475938	cid22	512	512	zenjxl	9	2.5000	16769	17245	76.1728	77.4108	2.917434	2.576334	1956.244	1985.798	-2.760	-1.2380	13.240	-1.488	OK	44c8be367ca8a3918e67d3d2b62de9e0169cdee5	cargo run -p jxl-encoder --release --features 'parallel butteraugli-loop ssim2-loop' --example w44_170_cjxl_step025_sweep -- --image 1475938 --effort 9 --distance-min 2.5 --distance-max 2.5 --distance-step 2.5 --strategy zenjxl --corpus-manifest benchmarks/corpora/w44_170_varied_corpus.tsv
1475938	cid22	512	512	zenjxl	9	2.7500	15899	16052	74.6883	75.7132	2.771293	2.602637	1930.384	1961.805	-0.953	-1.0250	6.480	-1.602	OK	44c8be367ca8a3918e67d3d2b62de9e0169cdee5	cargo run -p jxl-encoder --release --features 'parallel butteraugli-loop ssim2-loop' --example w44_170_cjxl_step025_sweep -- --image 1475938 --effort 9 --distance-min 2.75 --distance-max 2.75 --distance-step 2.75 --strategy zenjxl --corpus-manifest benchmarks/corpora/w44_170_varied_corpus.tsv
1475938	cid22	512	512	zenjxl	9	3.0000	14760	15116	73.0559	74.1002	2.908595	2.984537	1708.579	2065.653	-2.355	-1.0443	-2.545	-17.286	OK	44c8be367ca8a3918e67d3d2b62de9e0169cdee5	cargo run -p jxl-encoder --release --features 'parallel butteraugli-loop ssim2-loop' --example w44_170_cjxl_step025_sweep -- --image 1475938 --effort 9 --distance-min 3 --distance-max 3 --distance-step 3 --strategy zenjxl --corpus-manifest benchmarks/corpora/w44_170_varied_corpus.tsv
1475938	cid22	512	512	zenjxl	9	3.2500	13726	14181	70.9895	72.2135	3.338980	3.246150	1694.974	1968.503	-3.209	-1.2241	2.860	-13.895	OK	44c8be367ca8a3918e67d3d2b62de9e0169cdee5	cargo run -p jxl-encoder --release --features 'parallel butteraugli-loop ssim2-loop' --example w44_170_cjxl_step025_sweep -- --image 1475938 --effort 9 --distance-min 3.25 --distance-max 3.25 --distance-step 3.25 --strategy zenjxl --corpus-manifest benchmarks/corpora/w44_170_varied_corpus.tsv
1475938	cid22	512	512	zenjxl	9	3.5000	12995	13341	69.0143	70.1160	3.536460	3.683844	1890.054	2486.590	-2.594	-1.1017	-4.001	-23.990	OK	44c8be367ca8a3918e67d3d2b62de9e0169cdee5	cargo run -p jxl-encoder --release --features 'parallel butteraugli-loop ssim2-loop' --example w44_170_cjxl_step025_sweep -- --image 1475938 --effort 9 --distance-min 3.5 --distance-max 3.5 --distance-step 3.5 --strategy zenjxl --corpus-manifest benchmarks/corpora/w44_170_varied_corpus.tsv
1475938	cid22	512	512	zenjxl	9	3.7500	12170	12460	67.2638	68.5727	3.625923	3.660307	1731.779	1946.508	-2.327	-1.3089	-0.939	-11.032	OK	44c8be367ca8a3918e67d3d2b62de9e0169cdee5	cargo run -p jxl-encoder --release --features 'parallel butteraugli-loop ssim2-loop' --example w44_170_cjxl_step025_sweep -- --image 1475938 --effort 9 --distance-min 3.75 --distance-max 3.75 --distance-step 3.75 --strategy zenjxl --corpus-manifest benchmarks/corpora/w44_170_varied_corpus.tsv
1475938	cid22	512	512	zenjxl	9	4.0000	11629	12044	66.1497	67.3928	4.137361	4.848214	2183.712	2246.891	-3.446	-1.2431	-14.662	-2.812	OK	44c8be367ca8a3918e67d3d2b62de9e0169cdee5	cargo run -p jxl-encoder --release --features 'parallel butteraugli-loop ssim2-loop' --example w44_170_cjxl_step025_sweep -- --image 1475938 --effort 9 --distance-min 4 --distance-max 4 --distance-step 4 --strategy zenjxl --corpus-manifest benchmarks/corpora/w44_170_varied_corpus.tsv
1475938	cid22	512	512	zenjxl	9	4.2500	11112	11809	64.5712	66.2833	4.239234	3.938940	2596.743	2221.391	-5.902	-1.7121	7.624	16.897	OK	44c8be367ca8a3918e67d3d2b62de9e0169cdee5	cargo run -p jxl-encoder --release --features 'parallel butteraugli-loop ssim2-loop' --example w44_170_cjxl_step025_sweep -- --image 1475938 --effort 9 --distance-min 4.25 --distance-max 4.25 --distance-step 4.25 --strategy zenjxl --corpus-manifest benchmarks/corpora/w44_170_varied_corpus.tsv
1475938	cid22	512	512	zenjxl	9	4.5000	10633	11401	62.9746	64.4620	4.287148	4.611429	2398.087	2100.251	-6.736	-1.4873	-7.032	14.181	OK	44c8be367ca8a3918e67d3d2b62de9e0169cdee5	cargo run -p jxl-encoder --release --features 'parallel butteraugli-loop ssim2-loop' --example w44_170_cjxl_step025_sweep -- --image 1475938 --effort 9 --distance-min 4.5 --distance-max 4.5 --distance-step 4.5 --strategy zenjxl --corpus-manifest benchmarks/corpora/w44_170_varied_corpus.tsv
1475938	cid22	512	512	zenjxl	9	4.7500	9966	10584	61.4583	63.0664	4.421425	5.128305	2501.097	1988.848	-5.839	-1.6081	-13.784	25.756	OK	44c8be367ca8a3918e67d3d2b62de9e0169cdee5	cargo run -p jxl-encoder --release --features 'parallel butteraugli-loop ssim2-loop' --example w44_170_cjxl_step025_sweep -- --image 1475938 --effort 9 --distance-min 4.75 --distance-max 4.75 --distance-step 4.75 --strategy zenjxl --corpus-manifest benchmarks/corpora/w44_170_varied_corpus.tsv
1475938	cid22	512	512	zenjxl	9	5.0000	9492	10063	60.3753	62.1734	4.631191	4.767897	2422.894	2027.488	-5.674	-1.7981	-2.867	19.502	OK	44c8be367ca8a3918e67d3d2b62de9e0169cdee5	cargo run -p jxl-encoder --release --features 'parallel butteraugli-loop ssim2-loop' --example w44_170_cjxl_step025_sweep -- --image 1475938 --effort 9 --distance-min 5 --distance-max 5 --distance-step 5 --strategy zenjxl --corpus-manifest benchmarks/corpora/w44_170_varied_corpus.tsv
1531677	cid22	512	512	zenjxl	5	0.2500	169495	169440	94.0490	94.0208	0.440549	0.447055	193.120	95.889	0.032	0.0282	-1.455	101.400	OK	44c8be367ca8a3918e67d3d2b62de9e0169cdee5	cargo run -p jxl-encoder --release --features 'parallel butteraugli-loop ssim2-loop' --example w44_170_cjxl_step025_sweep -- --image 1531677 --effort 5 --distance-min 0.25 --distance-max 0.25 --distance-step 0.25 --strategy zenjxl --corpus-manifest benchmarks/corpora/w44_170_varied_corpus.tsv
1531677	cid22	512	512	zenjxl	5	0.5000	120096	120215	90.6586	90.7853	0.813854	0.814778	164.253	219.247	-0.099	-0.1267	-0.113	-25.083	OK	44c8be367ca8a3918e67d3d2b62de9e0169cdee5	cargo run -p jxl-encoder --release --features 'parallel butteraugli-loop ssim2-loop' --example w44_170_cjxl_step025_sweep -- --image 1531677 --effort 5 --distance-min 0.5 --distance-max 0.5 --distance-step 0.5 --strategy zenjxl --corpus-manifest benchmarks/corpora/w44_170_varied_corpus.tsv
1531677	cid22	512	512	zenjxl	5	0.7500	98634	99006	88.0968	88.1484	0.995348	1.004402	164.066	231.603	-0.376	-0.0515	-0.901	-29.160	OK	44c8be367ca8a3918e67d3d2b62de9e0169cdee5	cargo run -p jxl-encoder --release --features 'parallel butteraugli-loop ssim2-loop' --example w44_170_cjxl_step025_sweep -- --image 1531677 --effort 5 --distance-min 0.75 --distance-max 0.75 --distance-step 0.75 --strategy zenjxl --corpus-manifest benchmarks/corpora/w44_170_varied_corpus.tsv
1531677	cid22	512	512	zenjxl	5	1.0000	82917	83207	85.2131	85.4174	1.265342	1.251395	184.455	198.602	-0.349	-0.2043	1.115	-7.123	OK	44c8be367ca8a3918e67d3d2b62de9e0169cdee5	cargo run -p jxl-encoder --release --features 'parallel butteraugli-loop ssim2-loop' --example w44_170_cjxl_step025_sweep -- --image 1531677 --effort 5 --distance-min 1 --distance-max 1 --distance-step 1 --strategy zenjxl --corpus-manifest benchmarks/corpora/w44_170_varied_corpus.tsv
1531677	cid22	512	512	zenjxl	5	1.2500	71433	71833	82.4292	82.7346	1.748142	1.752280	200.601	255.397	-0.557	-0.3053	-0.236	-21.455	OK	44c8be367ca8a3918e67d3d2b62de9e0169cdee5	cargo run -p jxl-encoder --release --features 'parallel butteraugli-loop ssim2-loop' --example w44_170_cjxl_step025_sweep -- --image 1531677 --effort 5 --distance-min 1.25 --distance-max 1.25 --distance-step 1.25 --strategy zenjxl --corpus-manifest benchmarks/corpora/w44_170_varied_corpus.tsv
1531677	cid22	512	512	zenjxl	5	1.5000	62521	62888	79.4003	79.8884	2.012328	2.006012	180.060	265.329	-0.584	-0.4881	0.315	-32.137	OK	44c8be367ca8a3918e67d3d2b62de9e0169cdee5	cargo run -p jxl-encoder --release --features 'parallel butteraugli-loop ssim2-loop' --example w44_170_cjxl_step025_sweep -- --image 1531677 --effort 5 --distance-min 1.5 --distance-max 1.5 --distance-step 1.5 --strategy zenjxl --corpus-manifest benchmarks/corpora/w44_170_varied_corpus.tsv
1531677	cid22	512	512	zenjxl	5	1.7500	55164	55520	76.9020	77.3191	2.099220	2.098441	201.724	292.183	-0.641	-0.4171	0.037	-30.960	OK	44c8be367ca8a3918e67d3d2b62de9e0169cdee5	cargo run -p jxl-encoder --release --features 'parallel butteraugli-loop ssim2-loop' --example w44_170_cjxl_step025_sweep -- --image 1531677 --effort 5 --distance-min 1.75 --distance-max 1.75 --distance-step 1.75 --strategy zenjxl --corpus-manifest benchmarks/corpora/w44_170_varied_corpus.tsv
1531677	cid22	512	512	zenjxl	5	2.0000	48956	49240	74.2368	74.7250	2.753036	2.743781	162.344	297.141	-0.577	-0.4882	0.337	-45.365	OK	44c8be367ca8a3918e67d3d2b62de9e0169cdee5	cargo run -p jxl-encoder --release --features 'parallel butteraugli-loop ssim2-loop' --example w44_170_cjxl_step025_sweep -- --image 1531677 --effort 5 --distance-min 2 --distance-max 2 --distance-step 2 --strategy zenjxl --corpus-manifest benchmarks/corpora/w44_170_varied_corpus.tsv
1531677	cid22	512	512	zenjxl	5	2.2500	43566	43640	71.7682	71.7502	2.757508	2.747221	168.522	153.537	-0.170	0.0180	0.374	9.760	OK	44c8be367ca8a3918e67d3d2b62de9e0169cdee5	cargo run -p jxl-encoder --release --features 'parallel butteraugli-loop ssim2-loop' --example w44_170_cjxl_step025_sweep -- --image 1531677 --effort 5 --distance-min 2.25 --distance-max 2.25 --distance-step 2.25 --strategy zenjxl --corpus-manifest benchmarks/corpora/w44_170_varied_corpus.tsv
1531677	cid22	512	512	zenjxl	5	2.5000	38979	39062	69.3335	69.5099	2.812438	2.893104	180.105	206.222	-0.212	-0.1764	-2.788	-12.664	OK	44c8be367ca8a3918e67d3d2b62de9e0169cdee5	cargo run -p jxl-encoder --release --features 'parallel butteraugli-loop ssim2-loop' --example w44_170_cjxl_step025_sweep -- --image 1531677 --effort 5 --distance-min 2.5 --distance-max 2.5 --distance-step 2.5 --strategy zenjxl --corpus-manifest benchmarks/corpora/w44_170_varied_corpus.tsv
1531677	cid22	512	512	zenjxl	5	2.7500	34623	35409	66.2190	66.9920	3.184329	3.206180	145.274	301.260	-2.220	-0.7730	-0.682	-51.778	OK	44c8be367ca8a3918e67d3d2b62de9e0169cdee5	cargo run -p jxl-encoder --release --features 'parallel butteraugli-loop ssim2-loop' --example w44_170_cjxl_step025_sweep -- --image 1531677 --effort 5 --distance-min 2.75 --distance-max 2.75 --distance-step 2.75 --strategy zenjxl --corpus-manifest benchmarks/corpora/w44_170_varied_corpus.tsv
1531677	cid22	512	512	zenjxl	5	3.0000	29885	32095	63.5476	64.8653	3.378609	3.277554	173.635	218.161	-6.886	-1.3177	3.083	-20.410	OK	44c8be367ca8a3918e67d3d2b62de9e0169cdee5	cargo run -p jxl-encoder --release --features 'parallel butteraugli-loop ssim2-loop' --example w44_170_cjxl_step025_sweep -- --image 1531677 --effort 5 --distance-min 3 --distance-max 3 --distance-step 3 --strategy zenjxl --corpus-manifest benchmarks/corpora/w44_170_varied_corpus.tsv
1531677	cid22	512	512	zenjxl	5	3.2500	27550	29390	61.3666	62.4924	3.520521	3.553176	173.798	177.384	-6.261	-1.1258	-0.919	-2.021	OK	44c8be367ca8a3918e67d3d2b62de9e0169cdee5	cargo run -p jxl-encoder --release --features 'parallel butteraugli-loop ssim2-loop' --example w44_170_cjxl_step025_sweep -- --image 1531677 --effort 5 --distance-min 3.25 --distance-max 3.25 --distance-step 3.25 --strategy zenjxl --corpus-manifest benchmarks/corpora/w44_170_varied_corpus.tsv
1531677	cid22	512	512	zenjxl	5	3.5000	25738	27097	59.5326	60.7084	3.892843	3.717794	192.318	177.260	-5.015	-1.1757	4.708	8.495	OK	44c8be367ca8a3918e67d3d2b62de9e0169cdee5	cargo run -p jxl-encoder --release --features 'parallel butteraugli-loop ssim2-loop' --example w44_170_cjxl_step025_sweep -- --image 1531677 --effort 5 --distance-min 3.5 --distance-max 3.5 --distance-step 3.5 --strategy zenjxl --corpus-manifest benchmarks/corpora/w44_170_varied_corpus.tsv
1531677	cid22	512	512	zenjxl	5	3.7500	24453	25464	57.9099	59.0683	4.263240	4.237746	139.520	213.199	-3.970	-1.1584	0.602	-34.559	OK	44c8be367ca8a3918e67d3d2b62de9e0169cdee5	cargo run -p jxl-encoder --release --features 'parallel butteraugli-loop ssim2-loop' --example w44_170_cjxl_step025_sweep -- --image 1531677 --effort 5 --distance-min 3.75 --distance-max 3.75 --distance-step 3.75 --strategy zenjxl --corpus-manifest benchmarks/corpora/w44_170_varied_corpus.tsv
1531677	cid22	512	512	zenjxl	5	4.0000	23049	24216	52.8908	54.0598	4.280867	4.215425	192.575	240.090	-4.819	-1.1690	1.552	-19.790	OK	44c8be367ca8a3918e67d3d2b62de9e0169cdee5	cargo run -p jxl-encoder --release --features 'parallel butteraugli-loop ssim2-loop' --example w44_170_cjxl_step025_sweep -- --image 1531677 --effort 5 --distance-min 4 --distance-max 4 --distance-step 4 --strategy zenjxl --corpus-manifest benchmarks/corpora/w44_170_varied_corpus.tsv
1531677	cid22	512	512	zenjxl	5	4.2500	22181	23084	51.0184	52.1684	4.309109	4.240118	142.699	209.666	-3.912	-1.1501	1.627	-31.940	OK	44c8be367ca8a3918e67d3d2b62de9e0169cdee5	cargo run -p jxl-encoder --release --features 'parallel butteraugli-loop ssim2-loop' --example w44_170_cjxl_step025_sweep -- --image 1531677 --effort 5 --distance-min 4.25 --distance-max 4.25 --distance-step 4.25 --strategy zenjxl --corpus-manifest benchmarks/corpora/w44_170_varied_corpus.tsv
1531677	cid22	512	512	zenjxl	5	4.5000	20877	21962	48.8158	50.0921	4.347972	4.337692	144.808	248.072	-4.940	-1.2762	0.237	-41.627	OK	44c8be367ca8a3918e67d3d2b62de9e0169cdee5	cargo run -p jxl-encoder --release --features 'parallel butteraugli-loop ssim2-loop' --example w44_170_cjxl_step025_sweep -- --image 1531677 --effort 5 --distance-min 4.5 --distance-max 4.5 --distance-step 4.5 --strategy zenjxl --corpus-manifest benchmarks/corpora/w44_170_varied_corpus.tsv
1531677	cid22	512	512	zenjxl	5	4.7500	19977	20949	47.0974	48.2689	4.786078	4.766497	139.418	259.278	-4.640	-1.1715	0.411	-46.228	OK	44c8be367ca8a3918e67d3d2b62de9e0169cdee5	cargo run -p jxl-encoder --release --features 'parallel butteraugli-loop ssim2-loop' --example w44_170_cjxl_step025_sweep -- --image 1531677 --effort 5 --distance-min 4.75 --distance-max 4.75 --distance-step 4.75 --strategy zenjxl --corpus-manifest benchmarks/corpora/w44_170_varied_corpus.tsv
1531677	cid22	512	512	zenjxl	5	5.0000	19178	20227	45.3560	46.7910	4.919607	4.531577	169.045	236.530	-5.186	-1.4350	8.563	-28.531	OK	44c8be367ca8a3918e67d3d2b62de9e0169cdee5	cargo run -p jxl-encoder --release --features 'parallel butteraugli-loop ssim2-loop' --example w44_170_cjxl_step025_sweep -- --image 1531677 --effort 5 --distance-min 5 --distance-max 5 --distance-step 5 --strategy zenjxl --corpus-manifest benchmarks/corpora/w44_170_varied_corpus.tsv
1531677	cid22	512	512	zenjxl	6	0.2500	169522	169526	94.0533	94.0199	0.440549	0.447055	332.539	264.351	-0.002	0.0334	-1.455	25.795	OK	44c8be367ca8a3918e67d3d2b62de9e0169cdee5	cargo run -p jxl-encoder --release --features 'parallel butteraugli-loop ssim2-loop' --example w44_170_cjxl_step025_sweep -- --image 1531677 --effort 6 --distance-min 0.25 --distance-max 0.25 --distance-step 0.25 --strategy zenjxl --corpus-manifest benchmarks/corpora/w44_170_varied_corpus.tsv
1531677	cid22	512	512	zenjxl	6	0.5000	120101	120237	90.6739	90.7996	0.813854	0.814778	230.085	289.687	-0.113	-0.1256	-0.113	-20.575	OK	44c8be367ca8a3918e67d3d2b62de9e0169cdee5	cargo run -p jxl-encoder --release --features 'parallel butteraugli-loop ssim2-loop' --example w44_170_cjxl_step025_sweep -- --image 1531677 --effort 6 --distance-min 0.5 --distance-max 0.5 --distance-step 0.5 --strategy zenjxl --corpus-manifest benchmarks/corpora/w44_170_varied_corpus.tsv
1531677	cid22	512	512	zenjxl	6	0.7500	98456	99165	88.0720	88.1826	0.995285	1.009501	280.964	374.745	-0.715	-0.1105	-1.408	-25.025	OK	44c8be367ca8a3918e67d3d2b62de9e0169cdee5	cargo run -p jxl-encoder --release --features 'parallel butteraugli-loop ssim2-loop' --example w44_170_cjxl_step025_sweep -- --image 1531677 --effort 6 --distance-min 0.75 --distance-max 0.75 --distance-step 0.75 --strategy zenjxl --corpus-manifest benchmarks/corpora/w44_170_varied_corpus.tsv
1531677	cid22	512	512	zenjxl	6	1.0000	82627	83289	85.1233	85.4028	1.265687	1.263211	436.137	494.869	-0.795	-0.2794	0.196	-11.868	OK	44c8be367ca8a3918e67d3d2b62de9e0169cdee5	cargo run -p jxl-encoder --release --features 'parallel butteraugli-loop ssim2-loop' --example w44_170_cjxl_step025_sweep -- --image 1531677 --effort 6 --distance-min 1 --distance-max 1 --distance-step 1 --strategy zenjxl --corpus-manifest benchmarks/corpora/w44_170_varied_corpus.tsv
1531677	cid22	512	512	zenjxl	6	1.2500	71227	71879	82.2796	82.6204	1.717811	1.708816	302.507	359.122	-0.907	-0.3408	0.526	-15.765	OK	44c8be367ca8a3918e67d3d2b62de9e0169cdee5	cargo run -p jxl-encoder --release --features 'parallel butteraugli-loop ssim2-loop' --example w44_170_cjxl_step025_sweep -- --image 1531677 --effort 6 --distance-min 1.25 --distance-max 1.25 --distance-step 1.25 --strategy zenjxl --corpus-manifest benchmarks/corpora/w44_170_varied_corpus.tsv
1531677	cid22	512	512	zenjxl	6	1.5000	62353	62902	79.3432	79.9548	2.002383	1.991889	296.409	376.639	-0.873	-0.6116	0.527	-21.302	OK	44c8be367ca8a3918e67d3d2b62de9e0169cdee5	cargo run -p jxl-encoder --release --features 'parallel butteraugli-loop ssim2-loop' --example w44_170_cjxl_step025_sweep -- --image 1531677 --effort 6 --distance-min 1.5 --distance-max 1.5 --distance-step 1.5 --strategy zenjxl --corpus-manifest benchmarks/corpora/w44_170_varied_corpus.tsv
1531677	cid22	512	512	zenjxl	6	1.7500	55311	55790	76.9028	77.4111	2.095575	2.090323	300.037	376.690	-0.859	-0.5083	0.251	-20.349	OK	44c8be367ca8a3918e67d3d2b62de9e0169cdee5	cargo run -p jxl-encoder --release --features 'parallel butteraugli-loop ssim2-loop' --example w44_170_cjxl_step025_sweep -- --image 1531677 --effort 6 --distance-min 1.75 --distance-max 1.75 --distance-step 1.75 --strategy zenjxl --corpus-manifest benchmarks/corpora/w44_170_varied_corpus.tsv
1531677	cid22	512	512	zenjxl	6	2.0000	49190	49650	74.3440	74.7276	2.354126	2.361437	358.894	399.537	-0.926	-0.3836	-0.310	-10.173	OK	44c8be367ca8a3918e67d3d2b62de9e0169cdee5	cargo run -p jxl-encoder --release --features 'parallel butteraugli-loop ssim2-loop' --example w44_170_cjxl_step025_sweep -- --image 1531677 --effort 6 --distance-min 2 --distance-max 2 --distance-step 2 --strategy zenjxl --corpus-manifest benchmarks/corpora/w44_170_varied_corpus.tsv
1531677	cid22	512	512	zenjxl	6	2.2500	43961	43858	72.0360	72.0413	2.745849	2.736697	325.367	375.866	0.235	-0.0053	0.334	-13.435	OK	44c8be367ca8a3918e67d3d2b62de9e0169cdee5	cargo run -p jxl-encoder --release --features 'parallel butteraugli-loop ssim2-loop' --example w44_170_cjxl_step025_sweep -- --image 1531677 --effort 6 --distance-min 2.25 --distance-max 2.25 --distance-step 2.25 --strategy zenjxl --corpus-manifest benchmarks/corpora/w44_170_varied_corpus.tsv
1531677	cid22	512	512	zenjxl	6	2.5000	39489	39533	69.6305	69.9164	2.833642	2.906096	376.656	296.096	-0.111	-0.2859	-2.493	27.207	OK	44c8be367ca8a3918e67d3d2b62de9e0169cdee5	cargo run -p jxl-encoder --release --features 'parallel butteraugli-loop ssim2-loop' --example w44_170_cjxl_step025_sweep -- --image 1531677 --effort 6 --distance-min 2.5 --distance-max 2.5 --distance-step 2.5 --strategy zenjxl --corpus-manifest benchmarks/corpora/w44_170_varied_corpus.tsv
1531677	cid22	512	512	zenjxl	6	2.7500	35272	35968	66.6975	67.6079	3.252810	3.288436	315.209	462.263	-1.935	-0.9105	-1.083	-31.812	OK	44c8be367ca8a3918e67d3d2b62de9e0169cdee5	cargo run -p jxl-encoder --release --features 'parallel butteraugli-loop ssim2-loop' --example w44_170_cjxl_step025_sweep -- --image 1531677 --effort 6 --distance-min 2.75 --distance-max 2.75 --distance-step 2.75 --strategy zenjxl --corpus-manifest benchmarks/corpora/w44_170_varied_corpus.tsv
1531677	cid22	512	512	zenjxl	6	3.0000	30304	32674	63.9492	65.1184	3.346959	3.316137	308.011	320.251	-7.253	-1.1692	0.929	-3.822	OK	44c8be367ca8a3918e67d3d2b62de9e0169cdee5	cargo run -p jxl-encoder --release --features 'parallel butteraugli-loop ssim2-loop' --example w44_170_cjxl_step025_sweep -- --image 1531677 --effort 6 --distance-min 3 --distance-max 3 --distance-step 3 --strategy zenjxl --corpus-manifest benchmarks/corpora/w44_170_varied_corpus.tsv
1531677	cid22	512	512	zenjxl	6	3.2500	27960	30086	61.9422	63.0838	3.513440	3.484797	298.728	308.110	-7.066	-1.1416	0.822	-3.045	OK	44c8be367ca8a3918e67d3d2b62de9e0169cdee5	cargo run -p jxl-encoder --release --features 'parallel butteraugli-loop ssim2-loop' --example w44_170_cjxl_step025_sweep -- --image 1531677 --effort 6 --distance-min 3.25 --distance-max 3.25 --distance-step 3.25 --strategy zenjxl --corpus-manifest benchmarks/corpora/w44_170_varied_corpus.tsv
1531677	cid22	512	512	zenjxl	6	3.5000	26086	27803	60.3077	61.3708	3.823318	3.680226	248.719	315.670	-6.176	-1.0631	3.888	-21.209	OK	44c8be367ca8a3918e67d3d2b62de9e0169cdee5	cargo run -p jxl-encoder --release --features 'parallel butteraugli-loop ssim2-loop' --example w44_170_cjxl_step025_sweep -- --image 1531677 --effort 6 --distance-min 3.5 --distance-max 3.5 --distance-step 3.5 --strategy zenjxl --corpus-manifest benchmarks/corpora/w44_170_varied_corpus.tsv
1531677	cid22	512	512	zenjxl	6	3.7500	24804	26148	58.6796	59.8304	3.974856	4.099417	244.449	348.056	-5.140	-1.1508	-3.039	-29.767	OK	44c8be367ca8a3918e67d3d2b62de9e0169cdee5	cargo run -p jxl-encoder --release --features 'parallel butteraugli-loop ssim2-loop' --example w44_170_cjxl_step025_sweep -- --image 1531677 --effort 6 --distance-min 3.75 --distance-max 3.75 --distance-step 3.75 --strategy zenjxl --corpus-manifest benchmarks/corpora/w44_170_varied_corpus.tsv
1531677	cid22	512	512	zenjxl	6	4.0000	23418	24881	56.5732	57.8238	4.433307	4.070038	312.781	424.689	-5.880	-1.2506	8.925	-26.351	OK	44c8be367ca8a3918e67d3d2b62de9e0169cdee5	cargo run -p jxl-encoder --release --features 'parallel butteraugli-loop ssim2-loop' --example w44_170_cjxl_step025_sweep -- --image 1531677 --effort 6 --distance-min 4 --distance-max 4 --distance-step 4 --strategy zenjxl --corpus-manifest benchmarks/corpora/w44_170_varied_corpus.tsv
1531677	cid22	512	512	zenjxl	6	4.2500	22439	23700	54.9873	55.9915	4.599131	4.490708	439.773	369.385	-5.321	-1.0042	2.414	19.055	OK	44c8be367ca8a3918e67d3d2b62de9e0169cdee5	cargo run -p jxl-encoder --release --features 'parallel butteraugli-loop ssim2-loop' --example w44_170_cjxl_step025_sweep -- --image 1531677 --effort 6 --distance-min 4.25 --distance-max 4.25 --distance-step 4.25 --strategy zenjxl --corpus-manifest benchmarks/corpora/w44_170_varied_corpus.tsv
1531677	cid22	512	512	zenjxl	6	4.5000	21160	22517	53.1031	54.2756	4.667021	4.230068	373.355	388.776	-6.027	-1.1725	10.330	-3.967	OK	44c8be367ca8a3918e67d3d2b62de9e0169cdee5	cargo run -p jxl-encoder --release --features 'parallel butteraugli-loop ssim2-loop' --example w44_170_cjxl_step025_sweep -- --image 1531677 --effort 6 --distance-min 4.5 --distance-max 4.5 --distance-step 4.5 --strategy zenjxl --corpus-manifest benchmarks/corpora/w44_170_varied_corpus.tsv
1531677	cid22	512	512	zenjxl	6	4.7500	20209	21411	51.7451	53.3180	4.712758	4.624206	270.401	332.026	-5.614	-1.5728	1.915	-18.560	OK	44c8be367ca8a3918e67d3d2b62de9e0169cdee5	cargo run -p jxl-encoder --release --features 'parallel butteraugli-loop ssim2-loop' --example w44_170_cjxl_step025_sweep -- --image 1531677 --effort 6 --distance-min 4.75 --distance-max 4.75 --distance-step 4.75 --strategy zenjxl --corpus-manifest benchmarks/corpora/w44_170_varied_corpus.tsv
1531677	cid22	512	512	zenjxl	6	5.0000	19422	20560	50.1654	51.9585	4.616327	4.500546	351.647	285.099	-5.535	-1.7931	2.573	23.342	OK	44c8be367ca8a3918e67d3d2b62de9e0169cdee5	cargo run -p jxl-encoder --release --features 'parallel butteraugli-loop ssim2-loop' --example w44_170_cjxl_step025_sweep -- --image 1531677 --effort 6 --distance-min 5 --distance-max 5 --distance-step 5 --strategy zenjxl --corpus-manifest benchmarks/corpora/w44_170_varied_corpus.tsv
1531677	cid22	512	512	zenjxl	7	0.2500	169538	169463	94.0233	93.9778	0.440549	0.446266	259.399	447.518	0.044	0.0455	-1.281	-42.036	OK	44c8be367ca8a3918e67d3d2b62de9e0169cdee5	cargo run -p jxl-encoder --release --features 'parallel butteraugli-loop ssim2-loop' --example w44_170_cjxl_step025_sweep -- --image 1531677 --effort 7 --distance-min 0.25 --distance-max 0.25 --distance-step 0.25 --strategy zenjxl --corpus-manifest benchmarks/corpora/w44_170_varied_corpus.tsv
1531677	cid22	512	512	zenjxl	7	0.5000	120037	120274	90.6853	90.7934	0.813854	0.814782	289.807	302.159	-0.197	-0.1081	-0.114	-4.088	OK	44c8be367ca8a3918e67d3d2b62de9e0169cdee5	cargo run -p jxl-encoder --release --features 'parallel butteraugli-loop ssim2-loop' --example w44_170_cjxl_step025_sweep -- --image 1531677 --effort 7 --distance-min 0.5 --distance-max 0.5 --distance-step 0.5 --strategy zenjxl --corpus-manifest benchmarks/corpora/w44_170_varied_corpus.tsv
1531677	cid22	512	512	zenjxl	7	0.7500	98471	99157	88.0534	88.2158	0.995285	1.009547	364.970	460.884	-0.692	-0.1624	-1.413	-20.811	OK	44c8be367ca8a3918e67d3d2b62de9e0169cdee5	cargo run -p jxl-encoder --release --features 'parallel butteraugli-loop ssim2-loop' --example w44_170_cjxl_step025_sweep -- --image 1531677 --effort 7 --distance-min 0.75 --distance-max 0.75 --distance-step 0.75 --strategy zenjxl --corpus-manifest benchmarks/corpora/w44_170_varied_corpus.tsv
1531677	cid22	512	512	zenjxl	7	1.0000	82647	83326	85.1205	85.4008	1.265687	1.263743	290.132	516.258	-0.815	-0.2802	0.154	-43.801	OK	44c8be367ca8a3918e67d3d2b62de9e0169cdee5	cargo run -p jxl-encoder --release --features 'parallel butteraugli-loop ssim2-loop' --example w44_170_cjxl_step025_sweep -- --image 1531677 --effort 7 --distance-min 1 --distance-max 1 --distance-step 1 --strategy zenjxl --corpus-manifest benchmarks/corpora/w44_170_varied_corpus.tsv
1531677	cid22	512	512	zenjxl	7	1.2500	71231	71910	82.2923	82.6421	1.717811	1.708816	338.108	492.530	-0.944	-0.3498	0.526	-31.353	OK	44c8be367ca8a3918e67d3d2b62de9e0169cdee5	cargo run -p jxl-encoder --release --features 'parallel butteraugli-loop ssim2-loop' --example w44_170_cjxl_step025_sweep -- --image 1531677 --effort 7 --distance-min 1.25 --distance-max 1.25 --distance-step 1.25 --strategy zenjxl --corpus-manifest benchmarks/corpora/w44_170_varied_corpus.tsv
1531677	cid22	512	512	zenjxl	7	1.5000	62353	62861	79.3166	80.0099	2.002383	1.991889	354.171	330.446	-0.808	-0.6934	0.527	7.180	OK	44c8be367ca8a3918e67d3d2b62de9e0169cdee5	cargo run -p jxl-encoder --release --features 'parallel butteraugli-loop ssim2-loop' --example w44_170_cjxl_step025_sweep -- --image 1531677 --effort 7 --distance-min 1.5 --distance-max 1.5 --distance-step 1.5 --strategy zenjxl --corpus-manifest benchmarks/corpora/w44_170_varied_corpus.tsv
1531677	cid22	512	512	zenjxl	7	1.7500	55313	55792	76.8640	77.4017	2.095575	2.090323	380.729	461.535	-0.859	-0.5377	0.251	-17.508	OK	44c8be367ca8a3918e67d3d2b62de9e0169cdee5	cargo run -p jxl-encoder --release --features 'parallel butteraugli-loop ssim2-loop' --example w44_170_cjxl_step025_sweep -- --image 1531677 --effort 7 --distance-min 1.75 --distance-max 1.75 --distance-step 1.75 --strategy zenjxl --corpus-manifest benchmarks/corpora/w44_170_varied_corpus.tsv
1531677	cid22	512	512	zenjxl	7	2.0000	48957	49664	74.3794	74.7450	2.353977	2.329872	387.193	378.184	-1.424	-0.3656	1.035	2.382	OK	44c8be367ca8a3918e67d3d2b62de9e0169cdee5	cargo run -p jxl-encoder --release --features 'parallel butteraugli-loop ssim2-loop' --example w44_170_cjxl_step025_sweep -- --image 1531677 --effort 7 --distance-min 2 --distance-max 2 --distance-step 2 --strategy zenjxl --corpus-manifest benchmarks/corpora/w44_170_varied_corpus.tsv
1531677	cid22	512	512	zenjxl	7	2.2500	43545	43869	72.0034	72.1484	2.746150	2.737184	404.812	330.842	-0.739	-0.1450	0.328	22.358	OK	44c8be367ca8a3918e67d3d2b62de9e0169cdee5	cargo run -p jxl-encoder --release --features 'parallel butteraugli-loop ssim2-loop' --example w44_170_cjxl_step025_sweep -- --image 1531677 --effort 7 --distance-min 2.25 --distance-max 2.25 --distance-step 2.25 --strategy zenjxl --corpus-manifest benchmarks/corpora/w44_170_varied_corpus.tsv
1531677	cid22	512	512	zenjxl	7	2.5000	39162	39504	69.5365	69.9127	2.921043	2.906096	208.238	375.528	-0.866	-0.3761	0.514	-44.548	OK	44c8be367ca8a3918e67d3d2b62de9e0169cdee5	cargo run -p jxl-encoder --release --features 'parallel butteraugli-loop ssim2-loop' --example w44_170_cjxl_step025_sweep -- --image 1531677 --effort 7 --distance-min 2.5 --distance-max 2.5 --distance-step 2.5 --strategy zenjxl --corpus-manifest benchmarks/corpora/w44_170_varied_corpus.tsv
1531677	cid22	512	512	zenjxl	7	2.7500	34927	35969	66.6282	67.6175	3.312181	3.287836	324.241	322.692	-2.897	-0.9892	0.740	0.480	OK	44c8be367ca8a3918e67d3d2b62de9e0169cdee5	cargo run -p jxl-encoder --release --features 'parallel butteraugli-loop ssim2-loop' --example w44_170_cjxl_step025_sweep -- --image 1531677 --effort 7 --distance-min 2.75 --distance-max 2.75 --distance-step 2.75 --strategy zenjxl --corpus-manifest benchmarks/corpora/w44_170_varied_corpus.tsv
1531677	cid22	512	512	zenjxl	7	3.0000	30209	32698	63.9376	65.2641	3.346959	3.261528	371.483	507.157	-7.612	-1.3265	2.619	-26.752	OK	44c8be367ca8a3918e67d3d2b62de9e0169cdee5	cargo run -p jxl-encoder --release --features 'parallel butteraugli-loop ssim2-loop' --example w44_170_cjxl_step025_sweep -- --image 1531677 --effort 7 --distance-min 3 --distance-max 3 --distance-step 3 --strategy zenjxl --corpus-manifest benchmarks/corpora/w44_170_varied_corpus.tsv
1531677	cid22	512	512	zenjxl	7	3.2500	27945	30151	61.9262	63.1615	3.511973	3.496032	358.540	412.381	-7.317	-1.2353	0.456	-13.056	OK	44c8be367ca8a3918e67d3d2b62de9e0169cdee5	cargo run -p jxl-encoder --release --features 'parallel butteraugli-loop ssim2-loop' --example w44_170_cjxl_step025_sweep -- --image 1531677 --effort 7 --distance-min 3.25 --distance-max 3.25 --distance-step 3.25 --strategy zenjxl --corpus-manifest benchmarks/corpora/w44_170_varied_corpus.tsv
1531677	cid22	512	512	zenjxl	7	3.5000	26052	27823	60.2998	61.3647	3.823270	3.628610	283.911	441.962	-6.365	-1.0648	5.365	-35.761	OK	44c8be367ca8a3918e67d3d2b62de9e0169cdee5	cargo run -p jxl-encoder --release --features 'parallel butteraugli-loop ssim2-loop' --example w44_170_cjxl_step025_sweep -- --image 1531677 --effort 7 --distance-min 3.5 --distance-max 3.5 --distance-step 3.5 --strategy zenjxl --corpus-manifest benchmarks/corpora/w44_170_varied_corpus.tsv
1531677	cid22	512	512	zenjxl	7	3.7500	24730	26211	58.6089	59.7330	3.974901	4.149543	310.933	365.818	-5.650	-1.1240	-4.209	-15.003	OK	44c8be367ca8a3918e67d3d2b62de9e0169cdee5	cargo run -p jxl-encoder --release --features 'parallel butteraugli-loop ssim2-loop' --example w44_170_cjxl_step025_sweep -- --image 1531677 --effort 7 --distance-min 3.75 --distance-max 3.75 --distance-step 3.75 --strategy zenjxl --corpus-manifest benchmarks/corpora/w44_170_varied_corpus.tsv
1531677	cid22	512	512	zenjxl	7	4.0000	23375	24918	56.5706	57.8301	4.432672	4.064468	414.016	386.786	-6.192	-1.2596	9.059	7.040	OK	44c8be367ca8a3918e67d3d2b62de9e0169cdee5	cargo run -p jxl-encoder --release --features 'parallel butteraugli-loop ssim2-loop' --example w44_170_cjxl_step025_sweep -- --image 1531677 --effort 7 --distance-min 4 --distance-max 4 --distance-step 4 --strategy zenjxl --corpus-manifest benchmarks/corpora/w44_170_varied_corpus.tsv
1531677	cid22	512	512	zenjxl	7	4.2500	22349	23691	54.9832	56.0713	4.599131	4.424093	389.676	427.452	-5.665	-1.0880	3.956	-8.838	OK	44c8be367ca8a3918e67d3d2b62de9e0169cdee5	cargo run -p jxl-encoder --release --features 'parallel butteraugli-loop ssim2-loop' --example w44_170_cjxl_step025_sweep -- --image 1531677 --effort 7 --distance-min 4.25 --distance-max 4.25 --distance-step 4.25 --strategy zenjxl --corpus-manifest benchmarks/corpora/w44_170_varied_corpus.tsv
1531677	cid22	512	512	zenjxl	7	4.5000	21099	22647	53.1080	54.2878	4.667021	4.235520	528.051	367.206	-6.835	-1.1798	10.188	43.803	OK	44c8be367ca8a3918e67d3d2b62de9e0169cdee5	cargo run -p jxl-encoder --release --features 'parallel butteraugli-loop ssim2-loop' --example w44_170_cjxl_step025_sweep -- --image 1531677 --effort 7 --distance-min 4.5 --distance-max 4.5 --distance-step 4.5 --strategy zenjxl --corpus-manifest benchmarks/corpora/w44_170_varied_corpus.tsv
1531677	cid22	512	512	zenjxl	7	4.7500	20197	21450	51.5791	53.1524	4.712758	4.583351	363.135	493.309	-5.841	-1.5733	2.823	-26.388	OK	44c8be367ca8a3918e67d3d2b62de9e0169cdee5	cargo run -p jxl-encoder --release --features 'parallel butteraugli-loop ssim2-loop' --example w44_170_cjxl_step025_sweep -- --image 1531677 --effort 7 --distance-min 4.75 --distance-max 4.75 --distance-step 4.75 --strategy zenjxl --corpus-manifest benchmarks/corpora/w44_170_varied_corpus.tsv
1531677	cid22	512	512	zenjxl	7	5.0000	19444	20620	50.1680	51.9966	4.616327	4.498281	313.268	317.945	-5.703	-1.8287	2.624	-1.471	OK	44c8be367ca8a3918e67d3d2b62de9e0169cdee5	cargo run -p jxl-encoder --release --features 'parallel butteraugli-loop ssim2-loop' --example w44_170_cjxl_step025_sweep -- --image 1531677 --effort 7 --distance-min 5 --distance-max 5 --distance-step 5 --strategy zenjxl --corpus-manifest benchmarks/corpora/w44_170_varied_corpus.tsv
1531677	cid22	512	512	zenjxl	8	0.2500	173033	172934	94.1773	94.2197	0.373528	0.373383	1191.260	1455.730	0.057	-0.0424	0.039	-18.168	OK	44c8be367ca8a3918e67d3d2b62de9e0169cdee5	cargo run -p jxl-encoder --release --features 'parallel butteraugli-loop ssim2-loop' --example w44_170_cjxl_step025_sweep -- --image 1531677 --effort 8 --distance-min 0.25 --distance-max 0.25 --distance-step 0.25 --strategy zenjxl --corpus-manifest benchmarks/corpora/w44_170_varied_corpus.tsv
1531677	cid22	512	512	zenjxl	8	0.5000	122204	122603	91.0964	90.8098	0.708913	0.687075	1013.689	1781.089	-0.325	0.2866	3.178	-43.086	OK	44c8be367ca8a3918e67d3d2b62de9e0169cdee5	cargo run -p jxl-encoder --release --features 'parallel butteraugli-loop ssim2-loop' --example w44_170_cjxl_step025_sweep -- --image 1531677 --effort 8 --distance-min 0.5 --distance-max 0.5 --distance-step 0.5 --strategy zenjxl --corpus-manifest benchmarks/corpora/w44_170_varied_corpus.tsv
1531677	cid22	512	512	zenjxl	8	0.7500	94771	95563	87.3341	87.5098	0.939234	0.943440	1393.639	1469.971	-0.829	-0.1757	-0.446	-5.193	OK	44c8be367ca8a3918e67d3d2b62de9e0169cdee5	cargo run -p jxl-encoder --release --features 'parallel butteraugli-loop ssim2-loop' --example w44_170_cjxl_step025_sweep -- --image 1531677 --effort 8 --distance-min 0.75 --distance-max 0.75 --distance-step 0.75 --strategy zenjxl --corpus-manifest benchmarks/corpora/w44_170_varied_corpus.tsv
1531677	cid22	512	512	zenjxl	8	1.0000	78889	79804	84.5425	84.8113	1.293485	1.253318	1129.941	1327.347	-1.147	-0.2688	3.205	-14.872	OK	44c8be367ca8a3918e67d3d2b62de9e0169cdee5	cargo run -p jxl-encoder --release --features 'parallel butteraugli-loop ssim2-loop' --example w44_170_cjxl_step025_sweep -- --image 1531677 --effort 8 --distance-min 1 --distance-max 1 --distance-step 1 --strategy zenjxl --corpus-manifest benchmarks/corpora/w44_170_varied_corpus.tsv
1531677	cid22	512	512	zenjxl	8	1.2500	67376	68184	81.4304	81.6673	1.632846	1.612756	1092.854	1685.671	-1.185	-0.2369	1.246	-35.168	OK	44c8be367ca8a3918e67d3d2b62de9e0169cdee5	cargo run -p jxl-encoder --release --features 'parallel butteraugli-loop ssim2-loop' --example w44_170_cjxl_step025_sweep -- --image 1531677 --effort 8 --distance-min 1.25 --distance-max 1.25 --distance-step 1.25 --strategy zenjxl --corpus-manifest benchmarks/corpora/w44_170_varied_corpus.tsv
1531677	cid22	512	512	zenjxl	8	1.5000	58773	59532	78.7727	79.0791	1.909867	1.861448	1090.485	1410.438	-1.275	-0.3065	2.601	-22.685	OK	44c8be367ca8a3918e67d3d2b62de9e0169cdee5	cargo run -p jxl-encoder --release --features 'parallel butteraugli-loop ssim2-loop' --example w44_170_cjxl_step025_sweep -- --image 1531677 --effort 8 --distance-min 1.5 --distance-max 1.5 --distance-step 1.5 --strategy zenjxl --corpus-manifest benchmarks/corpora/w44_170_varied_corpus.tsv
1531677	cid22	512	512	zenjxl	8	1.7500	51531	52577	75.5570	76.0987	2.134213	2.112837	1050.154	1506.898	-1.989	-0.5417	1.012	-30.310	OK	44c8be367ca8a3918e67d3d2b62de9e0169cdee5	cargo run -p jxl-encoder --release --features 'parallel butteraugli-loop ssim2-loop' --example w44_170_cjxl_step025_sweep -- --image 1531677 --effort 8 --distance-min 1.75 --distance-max 1.75 --distance-step 1.75 --strategy zenjxl --corpus-manifest benchmarks/corpora/w44_170_varied_corpus.tsv
1531677	cid22	512	512	zenjxl	8	2.0000	45391	46642	73.0238	73.4123	2.332274	2.347596	1430.272	1450.155	-2.682	-0.3886	-0.653	-1.371	OK	44c8be367ca8a3918e67d3d2b62de9e0169cdee5	cargo run -p jxl-encoder --release --features 'parallel butteraugli-loop ssim2-loop' --example w44_170_cjxl_step025_sweep -- --image 1531677 --effort 8 --distance-min 2 --distance-max 2 --distance-step 2 --strategy zenjxl --corpus-manifest benchmarks/corpora/w44_170_varied_corpus.tsv
1531677	cid22	512	512	zenjxl	8	2.2500	40106	41274	70.4082	70.8527	2.915500	2.837220	1141.990	1436.486	-2.830	-0.4446	2.759	-20.501	OK	44c8be367ca8a3918e67d3d2b62de9e0169cdee5	cargo run -p jxl-encoder --release --features 'parallel butteraugli-loop ssim2-loop' --example w44_170_cjxl_step025_sweep -- --image 1531677 --effort 8 --distance-min 2.25 --distance-max 2.25 --distance-step 2.25 --strategy zenjxl --corpus-manifest benchmarks/corpora/w44_170_varied_corpus.tsv
1531677	cid22	512	512	zenjxl	8	2.5000	36023	37149	67.6946	67.9700	3.041241	3.075759	1072.280	1222.793	-3.031	-0.2754	-1.122	-12.309	OK	44c8be367ca8a3918e67d3d2b62de9e0169cdee5	cargo run -p jxl-encoder --release --features 'parallel butteraugli-loop ssim2-loop' --example w44_170_cjxl_step025_sweep -- --image 1531677 --effort 8 --distance-min 2.5 --distance-max 2.5 --distance-step 2.5 --strategy zenjxl --corpus-manifest benchmarks/corpora/w44_170_varied_corpus.tsv
1531677	cid22	512	512	zenjxl	8	2.7500	32636	33812	65.4919	66.0678	3.076093	2.984854	1264.209	1338.508	-3.478	-0.5759	3.057	-5.551	OK	44c8be367ca8a3918e67d3d2b62de9e0169cdee5	cargo run -p jxl-encoder --release --features 'parallel butteraugli-loop ssim2-loop' --example w44_170_cjxl_step025_sweep -- --image 1531677 --effort 8 --distance-min 2.75 --distance-max 2.75 --distance-step 2.75 --strategy zenjxl --corpus-manifest benchmarks/corpora/w44_170_varied_corpus.tsv
1531677	cid22	512	512	zenjxl	8	3.0000	28557	30772	62.8640	63.5696	3.458973	3.406408	1158.211	1433.284	-7.198	-0.7056	1.543	-19.192	OK	44c8be367ca8a3918e67d3d2b62de9e0169cdee5	cargo run -p jxl-encoder --release --features 'parallel butteraugli-loop ssim2-loop' --example w44_170_cjxl_step025_sweep -- --image 1531677 --effort 8 --distance-min 3 --distance-max 3 --distance-step 3 --strategy zenjxl --corpus-manifest benchmarks/corpora/w44_170_varied_corpus.tsv
1531677	cid22	512	512	zenjxl	8	3.2500	26231	28208	60.5645	61.3739	3.593194	3.519356	1115.275	1638.563	-7.009	-0.8094	2.098	-31.936	OK	44c8be367ca8a3918e67d3d2b62de9e0169cdee5	cargo run -p jxl-encoder --release --features 'parallel butteraugli-loop ssim2-loop' --example w44_170_cjxl_step025_sweep -- --image 1531677 --effort 8 --distance-min 3.25 --distance-max 3.25 --distance-step 3.25 --strategy zenjxl --corpus-manifest benchmarks/corpora/w44_170_varied_corpus.tsv
1531677	cid22	512	512	zenjxl	8	3.5000	24446	26153	58.7343	59.4864	4.011919	3.932817	1372.308	1602.486	-6.527	-0.7522	2.011	-14.364	OK	44c8be367ca8a3918e67d3d2b62de9e0169cdee5	cargo run -p jxl-encoder --release --features 'parallel butteraugli-loop ssim2-loop' --example w44_170_cjxl_step025_sweep -- --image 1531677 --effort 8 --distance-min 3.5 --distance-max 3.5 --distance-step 3.5 --strategy zenjxl --corpus-manifest benchmarks/corpora/w44_170_varied_corpus.tsv
1531677	cid22	512	512	zenjxl	8	3.7500	22881	24493	56.3066	57.6790	3.983716	4.062116	1486.801	1462.807	-6.581	-1.3724	-1.930	1.640	OK	44c8be367ca8a3918e67d3d2b62de9e0169cdee5	cargo run -p jxl-encoder --release --features 'parallel butteraugli-loop ssim2-loop' --example w44_170_cjxl_step025_sweep -- --image 1531677 --effort 8 --distance-min 3.75 --distance-max 3.75 --distance-step 3.75 --strategy zenjxl --corpus-manifest benchmarks/corpora/w44_170_varied_corpus.tsv
1531677	cid22	512	512	zenjxl	8	4.0000	21695	23329	54.8632	55.8740	4.259075	4.211393	1678.381	1336.143	-7.004	-1.0108	1.132	25.614	OK	44c8be367ca8a3918e67d3d2b62de9e0169cdee5	cargo run -p jxl-encoder --release --features 'parallel butteraugli-loop ssim2-loop' --example w44_170_cjxl_step025_sweep -- --image 1531677 --effort 8 --distance-min 4 --distance-max 4 --distance-step 4 --strategy zenjxl --corpus-manifest benchmarks/corpora/w44_170_varied_corpus.tsv
1531677	cid22	512	512	zenjxl	8	4.2500	20477	22072	52.4705	53.5833	4.274080	4.259998	1820.544	1382.286	-7.226	-1.1128	0.331	31.705	OK	44c8be367ca8a3918e67d3d2b62de9e0169cdee5	cargo run -p jxl-encoder --release --features 'parallel butteraugli-loop ssim2-loop' --example w44_170_cjxl_step025_sweep -- --image 1531677 --effort 8 --distance-min 4.25 --distance-max 4.25 --distance-step 4.25 --strategy zenjxl --corpus-manifest benchmarks/corpora/w44_170_varied_corpus.tsv
1531677	cid22	512	512	zenjxl	8	4.5000	19282	21050	50.6421	51.4658	4.525300	4.441068	1385.741	1471.395	-8.399	-0.8237	1.897	-5.821	OK	44c8be367ca8a3918e67d3d2b62de9e0169cdee5	cargo run -p jxl-encoder --release --features 'parallel butteraugli-loop ssim2-loop' --example w44_170_cjxl_step025_sweep -- --image 1531677 --effort 8 --distance-min 4.5 --distance-max 4.5 --distance-step 4.5 --strategy zenjxl --corpus-manifest benchmarks/corpora/w44_170_varied_corpus.tsv
1531677	cid22	512	512	zenjxl	8	4.7500	18383	19752	48.5164	49.9249	4.623186	4.406624	1612.726	1587.033	-6.931	-1.4085	4.914	1.619	OK	44c8be367ca8a3918e67d3d2b62de9e0169cdee5	cargo run -p jxl-encoder --release --features 'parallel butteraugli-loop ssim2-loop' --example w44_170_cjxl_step025_sweep -- --image 1531677 --effort 8 --distance-min 4.75 --distance-max 4.75 --distance-step 4.75 --strategy zenjxl --corpus-manifest benchmarks/corpora/w44_170_varied_corpus.tsv
1531677	cid22	512	512	zenjxl	8	5.0000	17546	18838	47.1102	48.2888	4.790294	4.826147	1473.159	1670.845	-6.858	-1.1786	-0.743	-11.832	OK	44c8be367ca8a3918e67d3d2b62de9e0169cdee5	cargo run -p jxl-encoder --release --features 'parallel butteraugli-loop ssim2-loop' --example w44_170_cjxl_step025_sweep -- --image 1531677 --effort 8 --distance-min 5 --distance-max 5 --distance-step 5 --strategy zenjxl --corpus-manifest benchmarks/corpora/w44_170_varied_corpus.tsv
1531677	cid22	512	512	zenjxl	9	0.2500	175584	174576	94.3243	94.3306	0.328860	0.316828	2739.487	2585.523	0.577	-0.0063	3.798	5.955	OK	44c8be367ca8a3918e67d3d2b62de9e0169cdee5	cargo run -p jxl-encoder --release --features 'parallel butteraugli-loop ssim2-loop' --example w44_170_cjxl_step025_sweep -- --image 1531677 --effort 9 --distance-min 0.25 --distance-max 0.25 --distance-step 0.25 --strategy zenjxl --corpus-manifest benchmarks/corpora/w44_170_varied_corpus.tsv
1531677	cid22	512	512	zenjxl	9	0.5000	123754	123212	90.8984	91.0401	0.638917	0.569261	2004.626	2359.378	0.440	-0.1417	12.236	-15.036	OK	44c8be367ca8a3918e67d3d2b62de9e0169cdee5	cargo run -p jxl-encoder --release --features 'parallel butteraugli-loop ssim2-loop' --example w44_170_cjxl_step025_sweep -- --image 1531677 --effort 9 --distance-min 0.5 --distance-max 0.5 --distance-step 0.5 --strategy zenjxl --corpus-manifest benchmarks/corpora/w44_170_varied_corpus.tsv
1531677	cid22	512	512	zenjxl	9	0.7500	95346	95653	87.4526	87.6113	0.836747	0.808011	2130.845	2617.956	-0.321	-0.1587	3.556	-18.607	OK	44c8be367ca8a3918e67d3d2b62de9e0169cdee5	cargo run -p jxl-encoder --release --features 'parallel butteraugli-loop ssim2-loop' --example w44_170_cjxl_step025_sweep -- --image 1531677 --effort 9 --distance-min 0.75 --distance-max 0.75 --distance-step 0.75 --strategy zenjxl --corpus-manifest benchmarks/corpora/w44_170_varied_corpus.tsv
1531677	cid22	512	512	zenjxl	9	1.0000	79487	79909	84.6627	84.8297	1.212013	1.120157	1863.673	2214.749	-0.528	-0.1670	8.200	-15.852	OK	44c8be367ca8a3918e67d3d2b62de9e0169cdee5	cargo run -p jxl-encoder --release --features 'parallel butteraugli-loop ssim2-loop' --example w44_170_cjxl_step025_sweep -- --image 1531677 --effort 9 --distance-min 1 --distance-max 1 --distance-step 1 --strategy zenjxl --corpus-manifest benchmarks/corpora/w44_170_varied_corpus.tsv
1531677	cid22	512	512	zenjxl	9	1.2500	67719	68397	81.4391	81.7722	1.526572	1.536337	1770.764	1924.243	-0.991	-0.3331	-0.636	-7.976	OK	44c8be367ca8a3918e67d3d2b62de9e0169cdee5	cargo run -p jxl-encoder --release --features 'parallel butteraugli-loop ssim2-loop' --example w44_170_cjxl_step025_sweep -- --image 1531677 --effort 9 --distance-min 1.25 --distance-max 1.25 --distance-step 1.25 --strategy zenjxl --corpus-manifest benchmarks/corpora/w44_170_varied_corpus.tsv
1531677	cid22	512	512	zenjxl	9	1.5000	59066	59595	78.7712	79.1238	1.732673	1.725965	1963.912	2338.730	-0.888	-0.3525	0.389	-16.027	OK	44c8be367ca8a3918e67d3d2b62de9e0169cdee5	cargo run -p jxl-encoder --release --features 'parallel butteraugli-loop ssim2-loop' --example w44_170_cjxl_step025_sweep -- --image 1531677 --effort 9 --distance-min 1.5 --distance-max 1.5 --distance-step 1.5 --strategy zenjxl --corpus-manifest benchmarks/corpora/w44_170_varied_corpus.tsv
1531677	cid22	512	512	zenjxl	9	1.7500	51866	52607	75.6622	76.2618	2.034264	2.028349	2322.348	2549.802	-1.409	-0.5996	0.292	-8.920	OK	44c8be367ca8a3918e67d3d2b62de9e0169cdee5	cargo run -p jxl-encoder --release --features 'parallel butteraugli-loop ssim2-loop' --example w44_170_cjxl_step025_sweep -- --image 1531677 --effort 9 --distance-min 1.75 --distance-max 1.75 --distance-step 1.75 --strategy zenjxl --corpus-manifest benchmarks/corpora/w44_170_varied_corpus.tsv
1531677	cid22	512	512	zenjxl	9	2.0000	45698	46588	73.0214	73.5326	2.301703	2.288761	1680.038	2338.365	-1.910	-0.5112	0.565	-28.153	OK	44c8be367ca8a3918e67d3d2b62de9e0169cdee5	cargo run -p jxl-encoder --release --features 'parallel butteraugli-loop ssim2-loop' --example w44_170_cjxl_step025_sweep -- --image 1531677 --effort 9 --distance-min 2 --distance-max 2 --distance-step 2 --strategy zenjxl --corpus-manifest benchmarks/corpora/w44_170_varied_corpus.tsv
1531677	cid22	512	512	zenjxl	9	2.2500	40323	41223	70.4442	70.8823	2.546620	2.636731	1897.683	2107.723	-2.183	-0.4381	-3.418	-9.965	OK	44c8be367ca8a3918e67d3d2b62de9e0169cdee5	cargo run -p jxl-encoder --release --features 'parallel butteraugli-loop ssim2-loop' --example w44_170_cjxl_step025_sweep -- --image 1531677 --effort 9 --distance-min 2.25 --distance-max 2.25 --distance-step 2.25 --strategy zenjxl --corpus-manifest benchmarks/corpora/w44_170_varied_corpus.tsv
1531677	cid22	512	512	zenjxl	9	2.5000	36294	37105	67.6976	68.1205	3.041252	3.111737	1971.007	2316.070	-2.186	-0.4229	-2.265	-14.899	OK	44c8be367ca8a3918e67d3d2b62de9e0169cdee5	cargo run -p jxl-encoder --release --features 'parallel butteraugli-loop ssim2-loop' --example w44_170_cjxl_step025_sweep -- --image 1531677 --effort 9 --distance-min 2.5 --distance-max 2.5 --distance-step 2.5 --strategy zenjxl --corpus-manifest benchmarks/corpora/w44_170_varied_corpus.tsv
1531677	cid22	512	512	zenjxl	9	2.7500	32959	33754	65.4951	66.0694	3.076093	2.984854	2264.015	2127.316	-2.355	-0.5744	3.057	6.426	OK	44c8be367ca8a3918e67d3d2b62de9e0169cdee5	cargo run -p jxl-encoder --release --features 'parallel butteraugli-loop ssim2-loop' --example w44_170_cjxl_step025_sweep -- --image 1531677 --effort 9 --distance-min 2.75 --distance-max 2.75 --distance-step 2.75 --strategy zenjxl --corpus-manifest benchmarks/corpora/w44_170_varied_corpus.tsv
1531677	cid22	512	512	zenjxl	9	3.0000	28806	30687	62.8644	63.5715	3.373696	3.406408	1950.432	2125.343	-6.130	-0.7071	-0.960	-8.230	OK	44c8be367ca8a3918e67d3d2b62de9e0169cdee5	cargo run -p jxl-encoder --release --features 'parallel butteraugli-loop ssim2-loop' --example w44_170_cjxl_step025_sweep -- --image 1531677 --effort 9 --distance-min 3 --distance-max 3 --distance-step 3 --strategy zenjxl --corpus-manifest benchmarks/corpora/w44_170_varied_corpus.tsv
1531677	cid22	512	512	zenjxl	9	3.2500	26459	28148	60.5686	61.3862	3.593194	3.519356	2002.060	2252.334	-6.000	-0.8177	2.098	-11.112	OK	44c8be367ca8a3918e67d3d2b62de9e0169cdee5	cargo run -p jxl-encoder --release --features 'parallel butteraugli-loop ssim2-loop' --example w44_170_cjxl_step025_sweep -- --image 1531677 --effort 9 --distance-min 3.25 --distance-max 3.25 --distance-step 3.25 --strategy zenjxl --corpus-manifest benchmarks/corpora/w44_170_varied_corpus.tsv
1531677	cid22	512	512	zenjxl	9	3.5000	24606	26133	58.7537	59.5013	4.011779	3.932817	1694.731	2554.806	-5.843	-0.7477	2.008	-33.665	OK	44c8be367ca8a3918e67d3d2b62de9e0169cdee5	cargo run -p jxl-encoder --release --features 'parallel butteraugli-loop ssim2-loop' --example w44_170_cjxl_step025_sweep -- --image 1531677 --effort 9 --distance-min 3.5 --distance-max 3.5 --distance-step 3.5 --strategy zenjxl --corpus-manifest benchmarks/corpora/w44_170_varied_corpus.tsv
1531677	cid22	512	512	zenjxl	9	3.7500	23009	24460	56.3066	57.6790	3.983716	4.062116	1770.804	2356.466	-5.932	-1.3724	-1.930	-24.853	OK	44c8be367ca8a3918e67d3d2b62de9e0169cdee5	cargo run -p jxl-encoder --release --features 'parallel butteraugli-loop ssim2-loop' --example w44_170_cjxl_step025_sweep -- --image 1531677 --effort 9 --distance-min 3.75 --distance-max 3.75 --distance-step 3.75 --strategy zenjxl --corpus-manifest benchmarks/corpora/w44_170_varied_corpus.tsv
1531677	cid22	512	512	zenjxl	9	4.0000	21822	23293	54.8632	55.8740	4.259075	4.211393	2627.606	2163.117	-6.315	-1.0108	1.132	21.473	OK	44c8be367ca8a3918e67d3d2b62de9e0169cdee5	cargo run -p jxl-encoder --release --features 'parallel butteraugli-loop ssim2-loop' --example w44_170_cjxl_step025_sweep -- --image 1531677 --effort 9 --distance-min 4 --distance-max 4 --distance-step 4 --strategy zenjxl --corpus-manifest benchmarks/corpora/w44_170_varied_corpus.tsv
1531677	cid22	512	512	zenjxl	9	4.2500	20639	22041	52.4705	53.5833	4.274080	4.259998	2471.137	2487.339	-6.361	-1.1128	0.331	-0.651	OK	44c8be367ca8a3918e67d3d2b62de9e0169cdee5	cargo run -p jxl-encoder --release --features 'parallel butteraugli-loop ssim2-loop' --example w44_170_cjxl_step025_sweep -- --image 1531677 --effort 9 --distance-min 4.25 --distance-max 4.25 --distance-step 4.25 --strategy zenjxl --corpus-manifest benchmarks/corpora/w44_170_varied_corpus.tsv
1531677	cid22	512	512	zenjxl	9	4.5000	19439	20994	50.6421	51.4658	4.525300	4.441068	2299.572	2109.796	-7.407	-0.8237	1.897	8.995	OK	44c8be367ca8a3918e67d3d2b62de9e0169cdee5	cargo run -p jxl-encoder --release --features 'parallel butteraugli-loop ssim2-loop' --example w44_170_cjxl_step025_sweep -- --image 1531677 --effort 9 --distance-min 4.5 --distance-max 4.5 --distance-step 4.5 --strategy zenjxl --corpus-manifest benchmarks/corpora/w44_170_varied_corpus.tsv
1531677	cid22	512	512	zenjxl	9	4.7500	18517	19717	48.5164	49.9249	4.623186	4.406624	2261.444	2421.459	-6.086	-1.4085	4.914	-6.608	OK	44c8be367ca8a3918e67d3d2b62de9e0169cdee5	cargo run -p jxl-encoder --release --features 'parallel butteraugli-loop ssim2-loop' --example w44_170_cjxl_step025_sweep -- --image 1531677 --effort 9 --distance-min 4.75 --distance-max 4.75 --distance-step 4.75 --strategy zenjxl --corpus-manifest benchmarks/corpora/w44_170_varied_corpus.tsv
1531677	cid22	512	512	zenjxl	9	5.0000	17707	18802	47.1102	48.2888	4.790294	4.826147	1980.507	2206.082	-5.824	-1.1786	-0.743	-10.225	OK	44c8be367ca8a3918e67d3d2b62de9e0169cdee5	cargo run -p jxl-encoder --release --features 'parallel butteraugli-loop ssim2-loop' --example w44_170_cjxl_step025_sweep -- --image 1531677 --effort 9 --distance-min 5 --distance-max 5 --distance-step 5 --strategy zenjxl --corpus-manifest benchmarks/corpora/w44_170_varied_corpus.tsv
2389166	cid22	512	512	zenjxl	5	0.2500	127315	127538	93.8147	93.7542	0.461336	0.522931	247.389	393.154	-0.175	0.0605	-11.779	-37.076	OK	44c8be367ca8a3918e67d3d2b62de9e0169cdee5	cargo run -p jxl-encoder --release --features 'parallel butteraugli-loop ssim2-loop' --example w44_170_cjxl_step025_sweep -- --image 2389166 --effort 5 --distance-min 0.25 --distance-max 0.25 --distance-step 0.25 --strategy zenjxl --corpus-manifest benchmarks/corpora/w44_170_varied_corpus.tsv
2389166	cid22	512	512	zenjxl	5	0.5000	85903	86065	90.1058	90.1909	0.802848	0.779340	143.842	184.613	-0.188	-0.0851	3.016	-22.085	OK	44c8be367ca8a3918e67d3d2b62de9e0169cdee5	cargo run -p jxl-encoder --release --features 'parallel butteraugli-loop ssim2-loop' --example w44_170_cjxl_step025_sweep -- --image 2389166 --effort 5 --distance-min 0.5 --distance-max 0.5 --distance-step 0.5 --strategy zenjxl --corpus-manifest benchmarks/corpora/w44_170_varied_corpus.tsv
2389166	cid22	512	512	zenjxl	5	0.7500	65125	65334	86.8217	86.9312	1.057814	1.058817	244.819	241.579	-0.320	-0.1096	-0.095	1.341	OK	44c8be367ca8a3918e67d3d2b62de9e0169cdee5	cargo run -p jxl-encoder --release --features 'parallel butteraugli-loop ssim2-loop' --example w44_170_cjxl_step025_sweep -- --image 2389166 --effort 5 --distance-min 0.75 --distance-max 0.75 --distance-step 0.75 --strategy zenjxl --corpus-manifest benchmarks/corpora/w44_170_varied_corpus.tsv
2389166	cid22	512	512	zenjxl	5	1.0000	53606	53656	83.8196	83.7669	1.317388	1.304788	97.890	347.469	-0.093	0.0527	0.966	-71.828	OK	44c8be367ca8a3918e67d3d2b62de9e0169cdee5	cargo run -p jxl-encoder --release --features 'parallel butteraugli-loop ssim2-loop' --example w44_170_cjxl_step025_sweep -- --image 2389166 --effort 5 --distance-min 1 --distance-max 1 --distance-step 1 --strategy zenjxl --corpus-manifest benchmarks/corpora/w44_170_varied_corpus.tsv
2389166	cid22	512	512	zenjxl	5	1.2500	45741	45754	80.4493	80.2695	1.550393	1.845589	149.808	279.277	-0.028	0.1798	-15.995	-46.359	OK	44c8be367ca8a3918e67d3d2b62de9e0169cdee5	cargo run -p jxl-encoder --release --features 'parallel butteraugli-loop ssim2-loop' --example w44_170_cjxl_step025_sweep -- --image 2389166 --effort 5 --distance-min 1.25 --distance-max 1.25 --distance-step 1.25 --strategy zenjxl --corpus-manifest benchmarks/corpora/w44_170_varied_corpus.tsv
2389166	cid22	512	512	zenjxl	5	1.5000	39977	39961	77.3177	77.0821	2.000071	1.975639	130.870	295.447	0.040	0.2355	1.237	-55.704	OK	44c8be367ca8a3918e67d3d2b62de9e0169cdee5	cargo run -p jxl-encoder --release --features 'parallel butteraugli-loop ssim2-loop' --example w44_170_cjxl_step025_sweep -- --image 2389166 --effort 5 --distance-min 1.5 --distance-max 1.5 --distance-step 1.5 --strategy zenjxl --corpus-manifest benchmarks/corpora/w44_170_varied_corpus.tsv
2389166	cid22	512	512	zenjxl	5	1.7500	35434	35478	74.7101	74.5906	2.872365	2.820471	145.048	363.943	-0.124	0.1195	1.840	-60.145	OK	44c8be367ca8a3918e67d3d2b62de9e0169cdee5	cargo run -p jxl-encoder --release --features 'parallel butteraugli-loop ssim2-loop' --example w44_170_cjxl_step025_sweep -- --image 2389166 --effort 5 --distance-min 1.75 --distance-max 1.75 --distance-step 1.75 --strategy zenjxl --corpus-manifest benchmarks/corpora/w44_170_varied_corpus.tsv
2389166	cid22	512	512	zenjxl	5	2.0000	31797	31847	72.8011	72.3496	2.344264	2.341924	111.429	180.891	-0.157	0.4516	0.100	-38.400	OK	44c8be367ca8a3918e67d3d2b62de9e0169cdee5	cargo run -p jxl-encoder --release --features 'parallel butteraugli-loop ssim2-loop' --example w44_170_cjxl_step025_sweep -- --image 2389166 --effort 5 --distance-min 2 --distance-max 2 --distance-step 2 --strategy zenjxl --corpus-manifest benchmarks/corpora/w44_170_varied_corpus.tsv
2389166	cid22	512	512	zenjxl	5	2.2500	29129	29208	70.2137	70.0463	2.699154	2.733712	138.695	200.950	-0.270	0.1674	-1.264	-30.980	OK	44c8be367ca8a3918e67d3d2b62de9e0169cdee5	cargo run -p jxl-encoder --release --features 'parallel butteraugli-loop ssim2-loop' --example w44_170_cjxl_step025_sweep -- --image 2389166 --effort 5 --distance-min 2.25 --distance-max 2.25 --distance-step 2.25 --strategy zenjxl --corpus-manifest benchmarks/corpora/w44_170_varied_corpus.tsv
2389166	cid22	512	512	zenjxl	5	2.5000	26619	26682	67.7238	67.3284	2.682399	2.680021	135.763	210.593	-0.236	0.3954	0.089	-35.533	OK	44c8be367ca8a3918e67d3d2b62de9e0169cdee5	cargo run -p jxl-encoder --release --features 'parallel butteraugli-loop ssim2-loop' --example w44_170_cjxl_step025_sweep -- --image 2389166 --effort 5 --distance-min 2.5 --distance-max 2.5 --distance-step 2.5 --strategy zenjxl --corpus-manifest benchmarks/corpora/w44_170_varied_corpus.tsv
2389166	cid22	512	512	zenjxl	5	2.7500	24686	24964	65.6586	65.6701	3.012659	3.008889	150.255	419.132	-1.114	-0.0115	0.125	-64.151	OK	44c8be367ca8a3918e67d3d2b62de9e0169cdee5	cargo run -p jxl-encoder --release --features 'parallel butteraugli-loop ssim2-loop' --example w44_170_cjxl_step025_sweep -- --image 2389166 --effort 5 --distance-min 2.75 --distance-max 2.75 --distance-step 2.75 --strategy zenjxl --corpus-manifest benchmarks/corpora/w44_170_varied_corpus.tsv
2389166	cid22	512	512	zenjxl	5	3.0000	22408	23027	62.4536	62.8964	3.490861	3.507705	251.796	204.533	-2.688	-0.4428	-0.480	23.108	OK	44c8be367ca8a3918e67d3d2b62de9e0169cdee5	cargo run -p jxl-encoder --release --features 'parallel butteraugli-loop ssim2-loop' --example w44_170_cjxl_step025_sweep -- --image 2389166 --effort 5 --distance-min 3 --distance-max 3 --distance-step 3 --strategy zenjxl --corpus-manifest benchmarks/corpora/w44_170_varied_corpus.tsv
2389166	cid22	512	512	zenjxl	5	3.2500	20679	21385	60.1808	60.7920	3.769546	3.747813	151.997	367.141	-3.301	-0.6113	0.580	-58.600	OK	44c8be367ca8a3918e67d3d2b62de9e0169cdee5	cargo run -p jxl-encoder --release --features 'parallel butteraugli-loop ssim2-loop' --example w44_170_cjxl_step025_sweep -- --image 2389166 --effort 5 --distance-min 3.25 --distance-max 3.25 --distance-step 3.25 --strategy zenjxl --corpus-manifest benchmarks/corpora/w44_170_varied_corpus.tsv
2389166	cid22	512	512	zenjxl	5	3.5000	19382	20119	58.2062	58.7348	3.886047	3.914473	119.998	226.113	-3.663	-0.5286	-0.726	-46.930	OK	44c8be367ca8a3918e67d3d2b62de9e0169cdee5	cargo run -p jxl-encoder --release --features 'parallel butteraugli-loop ssim2-loop' --example w44_170_cjxl_step025_sweep -- --image 2389166 --effort 5 --distance-min 3.5 --distance-max 3.5 --distance-step 3.5 --strategy zenjxl --corpus-manifest benchmarks/corpora/w44_170_varied_corpus.tsv
2389166	cid22	512	512	zenjxl	5	3.7500	18358	18984	56.2359	56.6572	4.136447	4.164214	188.938	172.174	-3.298	-0.4213	-0.667	9.737	OK	44c8be367ca8a3918e67d3d2b62de9e0169cdee5	cargo run -p jxl-encoder --release --features 'parallel butteraugli-loop ssim2-loop' --example w44_170_cjxl_step025_sweep -- --image 2389166 --effort 5 --distance-min 3.75 --distance-max 3.75 --distance-step 3.75 --strategy zenjxl --corpus-manifest benchmarks/corpora/w44_170_varied_corpus.tsv
2389166	cid22	512	512	zenjxl	5	4.0000	17470	18004	51.7306	51.3821	4.464544	4.390118	125.340	313.340	-2.966	0.3485	1.695	-59.999	OK	44c8be367ca8a3918e67d3d2b62de9e0169cdee5	cargo run -p jxl-encoder --release --features 'parallel butteraugli-loop ssim2-loop' --example w44_170_cjxl_step025_sweep -- --image 2389166 --effort 5 --distance-min 4 --distance-max 4 --distance-step 4 --strategy zenjxl --corpus-manifest benchmarks/corpora/w44_170_varied_corpus.tsv
2389166	cid22	512	512	zenjxl	5	4.2500	16694	17300	49.4346	49.5288	4.189508	4.254303	182.923	245.930	-3.503	-0.0942	-1.523	-25.620	OK	44c8be367ca8a3918e67d3d2b62de9e0169cdee5	cargo run -p jxl-encoder --release --features 'parallel butteraugli-loop ssim2-loop' --example w44_170_cjxl_step025_sweep -- --image 2389166 --effort 5 --distance-min 4.25 --distance-max 4.25 --distance-step 4.25 --strategy zenjxl --corpus-manifest benchmarks/corpora/w44_170_varied_corpus.tsv
2389166	cid22	512	512	zenjxl	5	4.5000	15889	16511	47.4949	46.6131	4.431655	4.250589	131.690	299.462	-3.767	0.8818	4.260	-56.025	OK	44c8be367ca8a3918e67d3d2b62de9e0169cdee5	cargo run -p jxl-encoder --release --features 'parallel butteraugli-loop ssim2-loop' --example w44_170_cjxl_step025_sweep -- --image 2389166 --effort 5 --distance-min 4.5 --distance-max 4.5 --distance-step 4.5 --strategy zenjxl --corpus-manifest benchmarks/corpora/w44_170_varied_corpus.tsv
2389166	cid22	512	512	zenjxl	5	4.7500	15104	15726	45.1674	45.4687	4.525719	4.545133	193.108	331.525	-3.955	-0.3013	-0.427	-41.752	OK	44c8be367ca8a3918e67d3d2b62de9e0169cdee5	cargo run -p jxl-encoder --release --features 'parallel butteraugli-loop ssim2-loop' --example w44_170_cjxl_step025_sweep -- --image 2389166 --effort 5 --distance-min 4.75 --distance-max 4.75 --distance-step 4.75 --strategy zenjxl --corpus-manifest benchmarks/corpora/w44_170_varied_corpus.tsv
2389166	cid22	512	512	zenjxl	5	5.0000	14596	15197	43.4461	43.6236	4.594868	4.569245	161.018	196.427	-3.955	-0.1775	0.561	-18.027	OK	44c8be367ca8a3918e67d3d2b62de9e0169cdee5	cargo run -p jxl-encoder --release --features 'parallel butteraugli-loop ssim2-loop' --example w44_170_cjxl_step025_sweep -- --image 2389166 --effort 5 --distance-min 5 --distance-max 5 --distance-step 5 --strategy zenjxl --corpus-manifest benchmarks/corpora/w44_170_varied_corpus.tsv
2389166	cid22	512	512	zenjxl	6	0.2500	127233	127422	93.8283	93.7061	0.461336	0.522361	325.950	444.820	-0.148	0.1222	-11.683	-26.723	OK	44c8be367ca8a3918e67d3d2b62de9e0169cdee5	cargo run -p jxl-encoder --release --features 'parallel butteraugli-loop ssim2-loop' --example w44_170_cjxl_step025_sweep -- --image 2389166 --effort 6 --distance-min 0.25 --distance-max 0.25 --distance-step 0.25 --strategy zenjxl --corpus-manifest benchmarks/corpora/w44_170_varied_corpus.tsv
2389166	cid22	512	512	zenjxl	6	0.5000	85854	85992	90.0876	90.1670	0.802848	0.788134	229.179	424.559	-0.160	-0.0794	1.867	-46.020	OK	44c8be367ca8a3918e67d3d2b62de9e0169cdee5	cargo run -p jxl-encoder --release --features 'parallel butteraugli-loop ssim2-loop' --example w44_170_cjxl_step025_sweep -- --image 2389166 --effort 6 --distance-min 0.5 --distance-max 0.5 --distance-step 0.5 --strategy zenjxl --corpus-manifest benchmarks/corpora/w44_170_varied_corpus.tsv
2389166	cid22	512	512	zenjxl	6	0.7500	65446	65717	86.8183	87.0786	1.059058	1.067496	332.008	327.875	-0.412	-0.2603	-0.790	1.261	OK	44c8be367ca8a3918e67d3d2b62de9e0169cdee5	cargo run -p jxl-encoder --release --features 'parallel butteraugli-loop ssim2-loop' --example w44_170_cjxl_step025_sweep -- --image 2389166 --effort 6 --distance-min 0.75 --distance-max 0.75 --distance-step 0.75 --strategy zenjxl --corpus-manifest benchmarks/corpora/w44_170_varied_corpus.tsv
2389166	cid22	512	512	zenjxl	6	1.0000	54030	54099	83.8098	83.6734	1.314289	1.297885	355.170	453.683	-0.128	0.1365	1.264	-21.714	OK	44c8be367ca8a3918e67d3d2b62de9e0169cdee5	cargo run -p jxl-encoder --release --features 'parallel butteraugli-loop ssim2-loop' --example w44_170_cjxl_step025_sweep -- --image 2389166 --effort 6 --distance-min 1 --distance-max 1 --distance-step 1 --strategy zenjxl --corpus-manifest benchmarks/corpora/w44_170_varied_corpus.tsv
2389166	cid22	512	512	zenjxl	6	1.2500	46131	46139	80.5180	80.3974	1.531930	1.853728	295.125	425.422	-0.017	0.1206	-17.360	-30.628	OK	44c8be367ca8a3918e67d3d2b62de9e0169cdee5	cargo run -p jxl-encoder --release --features 'parallel butteraugli-loop ssim2-loop' --example w44_170_cjxl_step025_sweep -- --image 2389166 --effort 6 --distance-min 1.25 --distance-max 1.25 --distance-step 1.25 --strategy zenjxl --corpus-manifest benchmarks/corpora/w44_170_varied_corpus.tsv
2389166	cid22	512	512	zenjxl	6	1.5000	40397	40329	77.4436	77.3191	1.967175	1.857806	318.009	441.994	0.169	0.1245	5.887	-28.051	OK	44c8be367ca8a3918e67d3d2b62de9e0169cdee5	cargo run -p jxl-encoder --release --features 'parallel butteraugli-loop ssim2-loop' --example w44_170_cjxl_step025_sweep -- --image 2389166 --effort 6 --distance-min 1.5 --distance-max 1.5 --distance-step 1.5 --strategy zenjxl --corpus-manifest benchmarks/corpora/w44_170_varied_corpus.tsv
2389166	cid22	512	512	zenjxl	6	1.7500	35851	36099	74.7954	74.9571	2.705419	2.775573	346.448	437.747	-0.687	-0.1618	-2.528	-20.857	OK	44c8be367ca8a3918e67d3d2b62de9e0169cdee5	cargo run -p jxl-encoder --release --features 'parallel butteraugli-loop ssim2-loop' --example w44_170_cjxl_step025_sweep -- --image 2389166 --effort 6 --distance-min 1.75 --distance-max 1.75 --distance-step 1.75 --strategy zenjxl --corpus-manifest benchmarks/corpora/w44_170_varied_corpus.tsv
2389166	cid22	512	512	zenjxl	6	2.0000	32267	32549	72.9185	72.9471	2.360178	2.278789	363.895	352.996	-0.866	-0.0286	3.572	3.088	OK	44c8be367ca8a3918e67d3d2b62de9e0169cdee5	cargo run -p jxl-encoder --release --features 'parallel butteraugli-loop ssim2-loop' --example w44_170_cjxl_step025_sweep -- --image 2389166 --effort 6 --distance-min 2 --distance-max 2 --distance-step 2 --strategy zenjxl --corpus-manifest benchmarks/corpora/w44_170_varied_corpus.tsv
2389166	cid22	512	512	zenjxl	6	2.2500	29707	29877	70.2936	70.2504	2.651370	2.493609	239.909	489.191	-0.569	0.0432	6.327	-50.958	OK	44c8be367ca8a3918e67d3d2b62de9e0169cdee5	cargo run -p jxl-encoder --release --features 'parallel butteraugli-loop ssim2-loop' --example w44_170_cjxl_step025_sweep -- --image 2389166 --effort 6 --distance-min 2.25 --distance-max 2.25 --distance-step 2.25 --strategy zenjxl --corpus-manifest benchmarks/corpora/w44_170_varied_corpus.tsv
2389166	cid22	512	512	zenjxl	6	2.5000	27233	27326	68.1318	67.8738	2.645088	2.599664	273.818	448.471	-0.340	0.2580	1.747	-38.944	OK	44c8be367ca8a3918e67d3d2b62de9e0169cdee5	cargo run -p jxl-encoder --release --features 'parallel butteraugli-loop ssim2-loop' --example w44_170_cjxl_step025_sweep -- --image 2389166 --effort 6 --distance-min 2.5 --distance-max 2.5 --distance-step 2.5 --strategy zenjxl --corpus-manifest benchmarks/corpora/w44_170_varied_corpus.tsv
2389166	cid22	512	512	zenjxl	6	2.7500	25364	25575	66.2248	66.2665	2.984890	3.038871	258.327	318.858	-0.825	-0.0417	-1.776	-18.984	OK	44c8be367ca8a3918e67d3d2b62de9e0169cdee5	cargo run -p jxl-encoder --release --features 'parallel butteraugli-loop ssim2-loop' --example w44_170_cjxl_step025_sweep -- --image 2389166 --effort 6 --distance-min 2.75 --distance-max 2.75 --distance-step 2.75 --strategy zenjxl --corpus-manifest benchmarks/corpora/w44_170_varied_corpus.tsv
2389166	cid22	512	512	zenjxl	6	3.0000	23029	23711	63.4986	63.4148	3.235969	3.226528	350.045	618.627	-2.876	0.0839	0.293	-43.416	OK	44c8be367ca8a3918e67d3d2b62de9e0169cdee5	cargo run -p jxl-encoder --release --features 'parallel butteraugli-loop ssim2-loop' --example w44_170_cjxl_step025_sweep -- --image 2389166 --effort 6 --distance-min 3 --distance-max 3 --distance-step 3 --strategy zenjxl --corpus-manifest benchmarks/corpora/w44_170_varied_corpus.tsv
2389166	cid22	512	512	zenjxl	6	3.2500	21266	22023	60.8700	61.3167	3.606202	3.596653	211.756	314.190	-3.437	-0.4468	0.265	-32.603	OK	44c8be367ca8a3918e67d3d2b62de9e0169cdee5	cargo run -p jxl-encoder --release --features 'parallel butteraugli-loop ssim2-loop' --example w44_170_cjxl_step025_sweep -- --image 2389166 --effort 6 --distance-min 3.25 --distance-max 3.25 --distance-step 3.25 --strategy zenjxl --corpus-manifest benchmarks/corpora/w44_170_varied_corpus.tsv
2389166	cid22	512	512	zenjxl	6	3.5000	20035	20748	59.1001	59.7082	3.810229	3.760600	286.383	433.664	-3.436	-0.6081	1.320	-33.962	OK	44c8be367ca8a3918e67d3d2b62de9e0169cdee5	cargo run -p jxl-encoder --release --features 'parallel butteraugli-loop ssim2-loop' --example w44_170_cjxl_step025_sweep -- --image 2389166 --effort 6 --distance-min 3.5 --distance-max 3.5 --distance-step 3.5 --strategy zenjxl --corpus-manifest benchmarks/corpora/w44_170_varied_corpus.tsv
2389166	cid22	512	512	zenjxl	6	3.7500	19083	19757	57.6107	57.9362	3.935788	3.966090	214.057	295.659	-3.411	-0.3255	-0.764	-27.600	OK	44c8be367ca8a3918e67d3d2b62de9e0169cdee5	cargo run -p jxl-encoder --release --features 'parallel butteraugli-loop ssim2-loop' --example w44_170_cjxl_step025_sweep -- --image 2389166 --effort 6 --distance-min 3.75 --distance-max 3.75 --distance-step 3.75 --strategy zenjxl --corpus-manifest benchmarks/corpora/w44_170_varied_corpus.tsv
2389166	cid22	512	512	zenjxl	6	4.0000	18377	18893	55.8836	55.7232	4.332006	4.262263	420.646	445.455	-2.731	0.1604	1.636	-5.569	OK	44c8be367ca8a3918e67d3d2b62de9e0169cdee5	cargo run -p jxl-encoder --release --features 'parallel butteraugli-loop ssim2-loop' --example w44_170_cjxl_step025_sweep -- --image 2389166 --effort 6 --distance-min 4 --distance-max 4 --distance-step 4 --strategy zenjxl --corpus-manifest benchmarks/corpora/w44_170_varied_corpus.tsv
2389166	cid22	512	512	zenjxl	6	4.2500	17334	17951	53.3686	52.6909	4.329410	4.358006	439.533	442.136	-3.437	0.6777	-0.656	-0.589	OK	44c8be367ca8a3918e67d3d2b62de9e0169cdee5	cargo run -p jxl-encoder --release --features 'parallel butteraugli-loop ssim2-loop' --example w44_170_cjxl_step025_sweep -- --image 2389166 --effort 6 --distance-min 4.25 --distance-max 4.25 --distance-step 4.25 --strategy zenjxl --corpus-manifest benchmarks/corpora/w44_170_varied_corpus.tsv
2389166	cid22	512	512	zenjxl	6	4.5000	16520	17192	51.8440	50.7250	4.428884	4.177313	388.725	436.804	-3.909	1.1190	6.022	-11.007	OK	44c8be367ca8a3918e67d3d2b62de9e0169cdee5	cargo run -p jxl-encoder --release --features 'parallel butteraugli-loop ssim2-loop' --example w44_170_cjxl_step025_sweep -- --image 2389166 --effort 6 --distance-min 4.5 --distance-max 4.5 --distance-step 4.5 --strategy zenjxl --corpus-manifest benchmarks/corpora/w44_170_varied_corpus.tsv
2389166	cid22	512	512	zenjxl	6	4.7500	15576	16164	49.9187	49.9467	4.512448	4.485436	404.984	496.184	-3.638	-0.0280	0.602	-18.380	OK	44c8be367ca8a3918e67d3d2b62de9e0169cdee5	cargo run -p jxl-encoder --release --features 'parallel butteraugli-loop ssim2-loop' --example w44_170_cjxl_step025_sweep -- --image 2389166 --effort 6 --distance-min 4.75 --distance-max 4.75 --distance-step 4.75 --strategy zenjxl --corpus-manifest benchmarks/corpora/w44_170_varied_corpus.tsv
2389166	cid22	512	512	zenjxl	6	5.0000	15067	15659	48.2766	48.2416	4.754632	4.712717	355.304	458.316	-3.781	0.0350	0.889	-22.476	OK	44c8be367ca8a3918e67d3d2b62de9e0169cdee5	cargo run -p jxl-encoder --release --features 'parallel butteraugli-loop ssim2-loop' --example w44_170_cjxl_step025_sweep -- --image 2389166 --effort 6 --distance-min 5 --distance-max 5 --distance-step 5 --strategy zenjxl --corpus-manifest benchmarks/corpora/w44_170_varied_corpus.tsv
2389166	cid22	512	512	zenjxl	7	0.2500	127518	127012	93.8189	93.7551	0.463489	0.468207	487.933	385.308	0.398	0.0637	-1.008	26.635	OK	44c8be367ca8a3918e67d3d2b62de9e0169cdee5	cargo run -p jxl-encoder --release --features 'parallel butteraugli-loop ssim2-loop' --example w44_170_cjxl_step025_sweep -- --image 2389166 --effort 7 --distance-min 0.25 --distance-max 0.25 --distance-step 0.25 --strategy zenjxl --corpus-manifest benchmarks/corpora/w44_170_varied_corpus.tsv
2389166	cid22	512	512	zenjxl	7	0.5000	86023	85535	90.0791	90.2431	0.802404	0.809157	232.078	458.576	0.571	-0.1640	-0.835	-49.392	OK	44c8be367ca8a3918e67d3d2b62de9e0169cdee5	cargo run -p jxl-encoder --release --features 'parallel butteraugli-loop ssim2-loop' --example w44_170_cjxl_step025_sweep -- --image 2389166 --effort 7 --distance-min 0.5 --distance-max 0.5 --distance-step 0.5 --strategy zenjxl --corpus-manifest benchmarks/corpora/w44_170_varied_corpus.tsv
2389166	cid22	512	512	zenjxl	7	0.7500	65535	65395	86.5859	86.5853	1.055055	1.055808	461.117	693.315	0.214	0.0007	-0.071	-33.491	OK	44c8be367ca8a3918e67d3d2b62de9e0169cdee5	cargo run -p jxl-encoder --release --features 'parallel butteraugli-loop ssim2-loop' --example w44_170_cjxl_step025_sweep -- --image 2389166 --effort 7 --distance-min 0.75 --distance-max 0.75 --distance-step 0.75 --strategy zenjxl --corpus-manifest benchmarks/corpora/w44_170_varied_corpus.tsv
2389166	cid22	512	512	zenjxl	7	1.0000	53969	53964	83.6885	83.7969	1.312370	1.298290	222.582	476.659	0.009	-0.1084	1.085	-53.304	OK	44c8be367ca8a3918e67d3d2b62de9e0169cdee5	cargo run -p jxl-encoder --release --features 'parallel butteraugli-loop ssim2-loop' --example w44_170_cjxl_step025_sweep -- --image 2389166 --effort 7 --distance-min 1 --distance-max 1 --distance-step 1 --strategy zenjxl --corpus-manifest benchmarks/corpora/w44_170_varied_corpus.tsv
2389166	cid22	512	512	zenjxl	7	1.2500	46084	46012	80.2153	80.4986	1.532879	1.592067	275.067	629.632	0.156	-0.2833	-3.718	-56.313	OK	44c8be367ca8a3918e67d3d2b62de9e0169cdee5	cargo run -p jxl-encoder --release --features 'parallel butteraugli-loop ssim2-loop' --example w44_170_cjxl_step025_sweep -- --image 2389166 --effort 7 --distance-min 1.25 --distance-max 1.25 --distance-step 1.25 --strategy zenjxl --corpus-manifest benchmarks/corpora/w44_170_varied_corpus.tsv
2389166	cid22	512	512	zenjxl	7	1.5000	40375	40271	77.3191	77.5452	1.967104	1.804745	364.158	577.686	0.258	-0.2261	8.996	-36.963	OK	44c8be367ca8a3918e67d3d2b62de9e0169cdee5	cargo run -p jxl-encoder --release --features 'parallel butteraugli-loop ssim2-loop' --example w44_170_cjxl_step025_sweep -- --image 2389166 --effort 7 --distance-min 1.5 --distance-max 1.5 --distance-step 1.5 --strategy zenjxl --corpus-manifest benchmarks/corpora/w44_170_varied_corpus.tsv
2389166	cid22	512	512	zenjxl	7	1.7500	35807	36041	74.6458	75.1880	2.705339	2.723962	194.382	648.203	-0.649	-0.5422	-0.684	-70.012	OK	44c8be367ca8a3918e67d3d2b62de9e0169cdee5	cargo run -p jxl-encoder --release --features 'parallel butteraugli-loop ssim2-loop' --example w44_170_cjxl_step025_sweep -- --image 2389166 --effort 7 --distance-min 1.75 --distance-max 1.75 --distance-step 1.75 --strategy zenjxl --corpus-manifest benchmarks/corpora/w44_170_varied_corpus.tsv
2389166	cid22	512	512	zenjxl	7	2.0000	32006	32470	72.7281	73.1423	2.391925	2.366426	269.211	635.067	-1.429	-0.4143	1.078	-57.609	OK	44c8be367ca8a3918e67d3d2b62de9e0169cdee5	cargo run -p jxl-encoder --release --features 'parallel butteraugli-loop ssim2-loop' --example w44_170_cjxl_step025_sweep -- --image 2389166 --effort 7 --distance-min 2 --distance-max 2 --distance-step 2 --strategy zenjxl --corpus-manifest benchmarks/corpora/w44_170_varied_corpus.tsv
2389166	cid22	512	512	zenjxl	7	2.2500	29375	29736	70.3341	70.5418	2.654154	2.618496	386.122	404.365	-1.214	-0.2077	1.362	-4.512	OK	44c8be367ca8a3918e67d3d2b62de9e0169cdee5	cargo run -p jxl-encoder --release --features 'parallel butteraugli-loop ssim2-loop' --example w44_170_cjxl_step025_sweep -- --image 2389166 --effort 7 --distance-min 2.25 --distance-max 2.25 --distance-step 2.25 --strategy zenjxl --corpus-manifest benchmarks/corpora/w44_170_varied_corpus.tsv
2389166	cid22	512	512	zenjxl	7	2.5000	26801	27342	67.9563	68.0492	2.776528	2.928668	228.055	381.278	-1.979	-0.0929	-5.195	-40.187	OK	44c8be367ca8a3918e67d3d2b62de9e0169cdee5	cargo run -p jxl-encoder --release --features 'parallel butteraugli-loop ssim2-loop' --example w44_170_cjxl_step025_sweep -- --image 2389166 --effort 7 --distance-min 2.5 --distance-max 2.5 --distance-step 2.5 --strategy zenjxl --corpus-manifest benchmarks/corpora/w44_170_varied_corpus.tsv
2389166	cid22	512	512	zenjxl	7	2.7500	25039	25584	65.9600	66.3971	2.984924	3.067712	258.499	465.852	-2.130	-0.4371	-2.699	-44.510	OK	44c8be367ca8a3918e67d3d2b62de9e0169cdee5	cargo run -p jxl-encoder --release --features 'parallel butteraugli-loop ssim2-loop' --example w44_170_cjxl_step025_sweep -- --image 2389166 --effort 7 --distance-min 2.75 --distance-max 2.75 --distance-step 2.75 --strategy zenjxl --corpus-manifest benchmarks/corpora/w44_170_varied_corpus.tsv
2389166	cid22	512	512	zenjxl	7	3.0000	23065	24002	63.2151	63.7428	3.235773	3.242921	409.550	603.136	-3.904	-0.5277	-0.220	-32.097	OK	44c8be367ca8a3918e67d3d2b62de9e0169cdee5	cargo run -p jxl-encoder --release --features 'parallel butteraugli-loop ssim2-loop' --example w44_170_cjxl_step025_sweep -- --image 2389166 --effort 7 --distance-min 3 --distance-max 3 --distance-step 3 --strategy zenjxl --corpus-manifest benchmarks/corpora/w44_170_varied_corpus.tsv
2389166	cid22	512	512	zenjxl	7	3.2500	21332	22300	60.8299	61.6699	3.606116	3.599990	415.411	403.939	-4.341	-0.8400	0.170	2.840	OK	44c8be367ca8a3918e67d3d2b62de9e0169cdee5	cargo run -p jxl-encoder --release --features 'parallel butteraugli-loop ssim2-loop' --example w44_170_cjxl_step025_sweep -- --image 2389166 --effort 7 --distance-min 3.25 --distance-max 3.25 --distance-step 3.25 --strategy zenjxl --corpus-manifest benchmarks/corpora/w44_170_varied_corpus.tsv
2389166	cid22	512	512	zenjxl	7	3.5000	20103	21056	58.7050	59.5230	3.809943	3.768247	255.227	423.691	-4.526	-0.8180	1.107	-39.761	OK	44c8be367ca8a3918e67d3d2b62de9e0169cdee5	cargo run -p jxl-encoder --release --features 'parallel butteraugli-loop ssim2-loop' --example w44_170_cjxl_step025_sweep -- --image 2389166 --effort 7 --distance-min 3.5 --distance-max 3.5 --distance-step 3.5 --strategy zenjxl --corpus-manifest benchmarks/corpora/w44_170_varied_corpus.tsv
2389166	cid22	512	512	zenjxl	7	3.7500	19208	20082	57.3113	58.5169	3.936553	3.988787	440.427	506.088	-4.352	-1.2056	-1.310	-12.974	OK	44c8be367ca8a3918e67d3d2b62de9e0169cdee5	cargo run -p jxl-encoder --release --features 'parallel butteraugli-loop ssim2-loop' --example w44_170_cjxl_step025_sweep -- --image 2389166 --effort 7 --distance-min 3.75 --distance-max 3.75 --distance-step 3.75 --strategy zenjxl --corpus-manifest benchmarks/corpora/w44_170_varied_corpus.tsv
2389166	cid22	512	512	zenjxl	7	4.0000	18520	19284	55.7164	56.0583	4.333188	4.275710	578.905	484.091	-3.962	-0.3419	1.344	19.586	OK	44c8be367ca8a3918e67d3d2b62de9e0169cdee5	cargo run -p jxl-encoder --release --features 'parallel butteraugli-loop ssim2-loop' --example w44_170_cjxl_step025_sweep -- --image 2389166 --effort 7 --distance-min 4 --distance-max 4 --distance-step 4 --strategy zenjxl --corpus-manifest benchmarks/corpora/w44_170_varied_corpus.tsv
2389166	cid22	512	512	zenjxl	7	4.2500	17607	18446	52.9487	52.8922	4.331428	4.309859	327.441	345.542	-4.548	0.0565	0.500	-5.238	OK	44c8be367ca8a3918e67d3d2b62de9e0169cdee5	cargo run -p jxl-encoder --release --features 'parallel butteraugli-loop ssim2-loop' --example w44_170_cjxl_step025_sweep -- --image 2389166 --effort 7 --distance-min 4.25 --distance-max 4.25 --distance-step 4.25 --strategy zenjxl --corpus-manifest benchmarks/corpora/w44_170_varied_corpus.tsv
2389166	cid22	512	512	zenjxl	7	4.5000	16740	17561	51.2723	51.0312	4.429927	4.177702	534.712	529.532	-4.675	0.2411	6.037	0.978	OK	44c8be367ca8a3918e67d3d2b62de9e0169cdee5	cargo run -p jxl-encoder --release --features 'parallel butteraugli-loop ssim2-loop' --example w44_170_cjxl_step025_sweep -- --image 2389166 --effort 7 --distance-min 4.5 --distance-max 4.5 --distance-step 4.5 --strategy zenjxl --corpus-manifest benchmarks/corpora/w44_170_varied_corpus.tsv
2389166	cid22	512	512	zenjxl	7	4.7500	15901	16527	49.4688	50.2379	4.499611	4.491529	406.168	605.697	-3.788	-0.7691	0.180	-32.942	OK	44c8be367ca8a3918e67d3d2b62de9e0169cdee5	cargo run -p jxl-encoder --release --features 'parallel butteraugli-loop ssim2-loop' --example w44_170_cjxl_step025_sweep -- --image 2389166 --effort 7 --distance-min 4.75 --distance-max 4.75 --distance-step 4.75 --strategy zenjxl --corpus-manifest benchmarks/corpora/w44_170_varied_corpus.tsv
2389166	cid22	512	512	zenjxl	7	5.0000	15315	15938	47.7608	48.3333	4.754163	4.721845	375.839	626.882	-3.909	-0.5725	0.684	-40.046	OK	44c8be367ca8a3918e67d3d2b62de9e0169cdee5	cargo run -p jxl-encoder --release --features 'parallel butteraugli-loop ssim2-loop' --example w44_170_cjxl_step025_sweep -- --image 2389166 --effort 7 --distance-min 5 --distance-max 5 --distance-step 5 --strategy zenjxl --corpus-manifest benchmarks/corpora/w44_170_varied_corpus.tsv
2389166	cid22	512	512	zenjxl	8	0.2500	131728	131185	94.1161	94.0613	0.374992	0.400575	1142.142	1227.117	0.414	0.0548	-6.387	-6.925	OK	44c8be367ca8a3918e67d3d2b62de9e0169cdee5	cargo run -p jxl-encoder --release --features 'parallel butteraugli-loop ssim2-loop' --example w44_170_cjxl_step025_sweep -- --image 2389166 --effort 8 --distance-min 0.25 --distance-max 0.25 --distance-step 0.25 --strategy zenjxl --corpus-manifest benchmarks/corpora/w44_170_varied_corpus.tsv
2389166	cid22	512	512	zenjxl	8	0.5000	87483	86602	90.6280	90.6188	0.699070	0.757277	1421.723	1245.180	1.017	0.0092	-7.686	14.178	OK	44c8be367ca8a3918e67d3d2b62de9e0169cdee5	cargo run -p jxl-encoder --release --features 'parallel butteraugli-loop ssim2-loop' --example w44_170_cjxl_step025_sweep -- --image 2389166 --effort 8 --distance-min 0.5 --distance-max 0.5 --distance-step 0.5 --strategy zenjxl --corpus-manifest benchmarks/corpora/w44_170_varied_corpus.tsv
2389166	cid22	512	512	zenjxl	8	0.7500	62837	62650	86.1327	86.1624	0.938885	0.977362	885.065	1588.329	0.298	-0.0297	-3.937	-44.277	OK	44c8be367ca8a3918e67d3d2b62de9e0169cdee5	cargo run -p jxl-encoder --release --features 'parallel butteraugli-loop ssim2-loop' --example w44_170_cjxl_step025_sweep -- --image 2389166 --effort 8 --distance-min 0.75 --distance-max 0.75 --distance-step 0.75 --strategy zenjxl --corpus-manifest benchmarks/corpora/w44_170_varied_corpus.tsv
2389166	cid22	512	512	zenjxl	8	1.0000	51291	51234	82.8818	82.7332	1.261430	1.258618	1198.033	1519.753	0.111	0.1486	0.223	-21.169	OK	44c8be367ca8a3918e67d3d2b62de9e0169cdee5	cargo run -p jxl-encoder --release --features 'parallel butteraugli-loop ssim2-loop' --example w44_170_cjxl_step025_sweep -- --image 2389166 --effort 8 --distance-min 1 --distance-max 1 --distance-step 1 --strategy zenjxl --corpus-manifest benchmarks/corpora/w44_170_varied_corpus.tsv
2389166	cid22	512	512	zenjxl	8	1.2500	43474	43561	79.1044	79.2007	1.561455	1.460849	1085.188	1746.246	-0.200	-0.0964	6.887	-37.856	OK	44c8be367ca8a3918e67d3d2b62de9e0169cdee5	cargo run -p jxl-encoder --release --features 'parallel butteraugli-loop ssim2-loop' --example w44_170_cjxl_step025_sweep -- --image 2389166 --effort 8 --distance-min 1.25 --distance-max 1.25 --distance-step 1.25 --strategy zenjxl --corpus-manifest benchmarks/corpora/w44_170_varied_corpus.tsv
2389166	cid22	512	512	zenjxl	8	1.5000	37904	38139	76.1008	76.5200	1.844514	1.678920	1346.698	1711.372	-0.616	-0.4192	9.863	-21.309	OK	44c8be367ca8a3918e67d3d2b62de9e0169cdee5	cargo run -p jxl-encoder --release --features 'parallel butteraugli-loop ssim2-loop' --example w44_170_cjxl_step025_sweep -- --image 2389166 --effort 8 --distance-min 1.5 --distance-max 1.5 --distance-step 1.5 --strategy zenjxl --corpus-manifest benchmarks/corpora/w44_170_varied_corpus.tsv
2389166	cid22	512	512	zenjxl	8	1.7500	33339	33845	73.1779	73.7177	2.768964	2.632674	1264.274	1165.976	-1.495	-0.5398	5.177	8.431	OK	44c8be367ca8a3918e67d3d2b62de9e0169cdee5	cargo run -p jxl-encoder --release --features 'parallel butteraugli-loop ssim2-loop' --example w44_170_cjxl_step025_sweep -- --image 2389166 --effort 8 --distance-min 1.75 --distance-max 1.75 --distance-step 1.75 --strategy zenjxl --corpus-manifest benchmarks/corpora/w44_170_varied_corpus.tsv
2389166	cid22	512	512	zenjxl	8	2.0000	29794	30514	71.2363	71.4172	2.550321	2.614756	1281.720	1230.613	-2.360	-0.1808	-2.464	4.153	OK	44c8be367ca8a3918e67d3d2b62de9e0169cdee5	cargo run -p jxl-encoder --release --features 'parallel butteraugli-loop ssim2-loop' --example w44_170_cjxl_step025_sweep -- --image 2389166 --effort 8 --distance-min 2 --distance-max 2 --distance-step 2 --strategy zenjxl --corpus-manifest benchmarks/corpora/w44_170_varied_corpus.tsv
2389166	cid22	512	512	zenjxl	8	2.2500	26953	27704	68.2641	68.7855	2.617349	2.596623	1412.440	1127.984	-2.711	-0.5214	0.798	25.218	OK	44c8be367ca8a3918e67d3d2b62de9e0169cdee5	cargo run -p jxl-encoder --release --features 'parallel butteraugli-loop ssim2-loop' --example w44_170_cjxl_step025_sweep -- --image 2389166 --effort 8 --distance-min 2.25 --distance-max 2.25 --distance-step 2.25 --strategy zenjxl --corpus-manifest benchmarks/corpora/w44_170_varied_corpus.tsv
2389166	cid22	512	512	zenjxl	8	2.5000	24591	25368	66.2764	66.3101	2.911365	2.859982	921.598	1693.748	-3.063	-0.0337	1.797	-45.588	OK	44c8be367ca8a3918e67d3d2b62de9e0169cdee5	cargo run -p jxl-encoder --release --features 'parallel butteraugli-loop ssim2-loop' --example w44_170_cjxl_step025_sweep -- --image 2389166 --effort 8 --distance-min 2.5 --distance-max 2.5 --distance-step 2.5 --strategy zenjxl --corpus-manifest benchmarks/corpora/w44_170_varied_corpus.tsv
2389166	cid22	512	512	zenjxl	8	2.7500	22969	23740	63.9593	64.1756	2.970667	2.929306	1354.661	1464.463	-3.248	-0.2163	1.412	-7.498	OK	44c8be367ca8a3918e67d3d2b62de9e0169cdee5	cargo run -p jxl-encoder --release --features 'parallel butteraugli-loop ssim2-loop' --example w44_170_cjxl_step025_sweep -- --image 2389166 --effort 8 --distance-min 2.75 --distance-max 2.75 --distance-step 2.75 --strategy zenjxl --corpus-manifest benchmarks/corpora/w44_170_varied_corpus.tsv
2389166	cid22	512	512	zenjxl	8	3.0000	21209	25083	61.6278	62.1196	3.242996	3.505899	967.634	2085.451	-15.445	-0.4918	-7.499	-53.601	OK	44c8be367ca8a3918e67d3d2b62de9e0169cdee5	cargo run -p jxl-encoder --release --features 'parallel butteraugli-loop ssim2-loop' --example w44_170_cjxl_step025_sweep -- --image 2389166 --effort 8 --distance-min 3 --distance-max 3 --distance-step 3 --strategy zenjxl --corpus-manifest benchmarks/corpora/w44_170_varied_corpus.tsv
2389166	cid22	512	512	zenjxl	8	3.2500	19723	23418	58.1524	59.7527	3.573881	3.618029	1479.308	1587.693	-15.778	-1.6004	-1.220	-6.827	OK	44c8be367ca8a3918e67d3d2b62de9e0169cdee5	cargo run -p jxl-encoder --release --features 'parallel butteraugli-loop ssim2-loop' --example w44_170_cjxl_step025_sweep -- --image 2389166 --effort 8 --distance-min 3.25 --distance-max 3.25 --distance-step 3.25 --strategy zenjxl --corpus-manifest benchmarks/corpora/w44_170_varied_corpus.tsv
2389166	cid22	512	512	zenjxl	8	3.5000	18397	21833	55.9838	57.4686	3.957007	3.890578	1508.370	1755.375	-15.738	-1.4848	1.707	-14.071	OK	44c8be367ca8a3918e67d3d2b62de9e0169cdee5	cargo run -p jxl-encoder --release --features 'parallel butteraugli-loop ssim2-loop' --example w44_170_cjxl_step025_sweep -- --image 2389166 --effort 8 --distance-min 3.5 --distance-max 3.5 --distance-step 3.5 --strategy zenjxl --corpus-manifest benchmarks/corpora/w44_170_varied_corpus.tsv
2389166	cid22	512	512	zenjxl	8	3.7500	17620	20589	53.7059	55.5501	4.007427	4.310196	1464.188	1310.238	-14.420	-1.8443	-7.024	11.750	OK	44c8be367ca8a3918e67d3d2b62de9e0169cdee5	cargo run -p jxl-encoder --release --features 'parallel butteraugli-loop ssim2-loop' --example w44_170_cjxl_step025_sweep -- --image 2389166 --effort 8 --distance-min 3.75 --distance-max 3.75 --distance-step 3.75 --strategy zenjxl --corpus-manifest benchmarks/corpora/w44_170_varied_corpus.tsv
2389166	cid22	512	512	zenjxl	8	4.0000	16900	19671	52.5325	53.4197	4.216542	4.400678	1334.538	2012.452	-14.087	-0.8872	-4.184	-33.686	OK	44c8be367ca8a3918e67d3d2b62de9e0169cdee5	cargo run -p jxl-encoder --release --features 'parallel butteraugli-loop ssim2-loop' --example w44_170_cjxl_step025_sweep -- --image 2389166 --effort 8 --distance-min 4 --distance-max 4 --distance-step 4 --strategy zenjxl --corpus-manifest benchmarks/corpora/w44_170_varied_corpus.tsv
2389166	cid22	512	512	zenjxl	8	4.2500	15965	18545	49.3632	50.7231	4.369565	4.330748	1652.409	1467.591	-13.912	-1.3599	0.896	12.593	OK	44c8be367ca8a3918e67d3d2b62de9e0169cdee5	cargo run -p jxl-encoder --release --features 'parallel butteraugli-loop ssim2-loop' --example w44_170_cjxl_step025_sweep -- --image 2389166 --effort 8 --distance-min 4.25 --distance-max 4.25 --distance-step 4.25 --strategy zenjxl --corpus-manifest benchmarks/corpora/w44_170_varied_corpus.tsv
2389166	cid22	512	512	zenjxl	8	4.5000	15084	17563	47.1502	47.8519	4.752886	4.403062	1775.771	1539.012	-14.115	-0.7018	7.945	15.384	OK	44c8be367ca8a3918e67d3d2b62de9e0169cdee5	cargo run -p jxl-encoder --release --features 'parallel butteraugli-loop ssim2-loop' --example w44_170_cjxl_step025_sweep -- --image 2389166 --effort 8 --distance-min 4.5 --distance-max 4.5 --distance-step 4.5 --strategy zenjxl --corpus-manifest benchmarks/corpora/w44_170_varied_corpus.tsv
2389166	cid22	512	512	zenjxl	8	4.7500	14433	16199	45.7607	45.8421	4.654924	4.759761	1957.852	2164.996	-10.902	-0.0813	-2.203	-9.568	OK	44c8be367ca8a3918e67d3d2b62de9e0169cdee5	cargo run -p jxl-encoder --release --features 'parallel butteraugli-loop ssim2-loop' --example w44_170_cjxl_step025_sweep -- --image 2389166 --effort 8 --distance-min 4.75 --distance-max 4.75 --distance-step 4.75 --strategy zenjxl --corpus-manifest benchmarks/corpora/w44_170_varied_corpus.tsv
2389166	cid22	512	512	zenjxl	8	5.0000	13769	15511	43.3261	43.4542	5.128069	4.617066	1732.017	1529.301	-11.231	-0.1281	11.068	13.255	OK	44c8be367ca8a3918e67d3d2b62de9e0169cdee5	cargo run -p jxl-encoder --release --features 'parallel butteraugli-loop ssim2-loop' --example w44_170_cjxl_step025_sweep -- --image 2389166 --effort 8 --distance-min 5 --distance-max 5 --distance-step 5 --strategy zenjxl --corpus-manifest benchmarks/corpora/w44_170_varied_corpus.tsv
2389166	cid22	512	512	zenjxl	9	0.2500	133922	131960	94.1278	94.0777	0.293576	0.301261	1759.687	2388.116	1.487	0.0501	-2.551	-26.315	OK	44c8be367ca8a3918e67d3d2b62de9e0169cdee5	cargo run -p jxl-encoder --release --features 'parallel butteraugli-loop ssim2-loop' --example w44_170_cjxl_step025_sweep -- --image 2389166 --effort 9 --distance-min 0.25 --distance-max 0.25 --distance-step 0.25 --strategy zenjxl --corpus-manifest benchmarks/corpora/w44_170_varied_corpus.tsv
2389166	cid22	512	512	zenjxl	9	0.5000	89080	87910	90.7050	91.0307	0.683402	0.638727	2343.566	2173.264	1.331	-0.3257	6.994	7.836	OK	44c8be367ca8a3918e67d3d2b62de9e0169cdee5	cargo run -p jxl-encoder --release --features 'parallel butteraugli-loop ssim2-loop' --example w44_170_cjxl_step025_sweep -- --image 2389166 --effort 9 --distance-min 0.5 --distance-max 0.5 --distance-step 0.5 --strategy zenjxl --corpus-manifest benchmarks/corpora/w44_170_varied_corpus.tsv
2389166	cid22	512	512	zenjxl	9	0.7500	64003	63021	86.3160	86.4803	0.948009	1.032355	1849.999	1959.080	1.558	-0.1643	-8.170	-5.568	OK	44c8be367ca8a3918e67d3d2b62de9e0169cdee5	cargo run -p jxl-encoder --release --features 'parallel butteraugli-loop ssim2-loop' --example w44_170_cjxl_step025_sweep -- --image 2389166 --effort 9 --distance-min 0.75 --distance-max 0.75 --distance-step 0.75 --strategy zenjxl --corpus-manifest benchmarks/corpora/w44_170_varied_corpus.tsv
2389166	cid22	512	512	zenjxl	9	1.0000	52001	51421	82.8576	82.6418	1.258882	1.181379	2119.606	1728.892	1.128	0.2159	6.560	22.599	OK	44c8be367ca8a3918e67d3d2b62de9e0169cdee5	cargo run -p jxl-encoder --release --features 'parallel butteraugli-loop ssim2-loop' --example w44_170_cjxl_step025_sweep -- --image 2389166 --effort 9 --distance-min 1 --distance-max 1 --distance-step 1 --strategy zenjxl --corpus-manifest benchmarks/corpora/w44_170_varied_corpus.tsv
2389166	cid22	512	512	zenjxl	9	1.2500	43953	43641	79.1946	79.3923	1.487861	1.392428	1971.409	2077.140	0.715	-0.1977	6.854	-5.090	OK	44c8be367ca8a3918e67d3d2b62de9e0169cdee5	cargo run -p jxl-encoder --release --features 'parallel butteraugli-loop ssim2-loop' --example w44_170_cjxl_step025_sweep -- --image 2389166 --effort 9 --distance-min 1.25 --distance-max 1.25 --distance-step 1.25 --strategy zenjxl --corpus-manifest benchmarks/corpora/w44_170_varied_corpus.tsv
2389166	cid22	512	512	zenjxl	9	1.5000	38396	38173	76.2237	76.5465	1.795379	1.662249	1987.660	2076.839	0.584	-0.3228	8.009	-4.294	OK	44c8be367ca8a3918e67d3d2b62de9e0169cdee5	cargo run -p jxl-encoder --release --features 'parallel butteraugli-loop ssim2-loop' --example w44_170_cjxl_step025_sweep -- --image 2389166 --effort 9 --distance-min 1.5 --distance-max 1.5 --distance-step 1.5 --strategy zenjxl --corpus-manifest benchmarks/corpora/w44_170_varied_corpus.tsv
2389166	cid22	512	512	zenjxl	9	1.7500	33771	33959	73.2690	73.6711	2.207893	1.981998	2385.118	2586.590	-0.554	-0.4021	11.397	-7.789	OK	44c8be367ca8a3918e67d3d2b62de9e0169cdee5	cargo run -p jxl-encoder --release --features 'parallel butteraugli-loop ssim2-loop' --example w44_170_cjxl_step025_sweep -- --image 2389166 --effort 9 --distance-min 1.75 --distance-max 1.75 --distance-step 1.75 --strategy zenjxl --corpus-manifest benchmarks/corpora/w44_170_varied_corpus.tsv
2389166	cid22	512	512	zenjxl	9	2.0000	29959	30545	71.2978	71.4262	2.236953	2.228618	2085.039	2110.668	-1.918	-0.1284	0.374	-1.214	OK	44c8be367ca8a3918e67d3d2b62de9e0169cdee5	cargo run -p jxl-encoder --release --features 'parallel butteraugli-loop ssim2-loop' --example w44_170_cjxl_step025_sweep -- --image 2389166 --effort 9 --distance-min 2 --distance-max 2 --distance-step 2 --strategy zenjxl --corpus-manifest benchmarks/corpora/w44_170_varied_corpus.tsv
2389166	cid22	512	512	zenjxl	9	2.2500	27365	27645	68.4248	68.7915	2.621918	2.596623	2203.247	1935.967	-1.013	-0.3668	0.974	13.806	OK	44c8be367ca8a3918e67d3d2b62de9e0169cdee5	cargo run -p jxl-encoder --release --features 'parallel butteraugli-loop ssim2-loop' --example w44_170_cjxl_step025_sweep -- --image 2389166 --effort 9 --distance-min 2.25 --distance-max 2.25 --distance-step 2.25 --strategy zenjxl --corpus-manifest benchmarks/corpora/w44_170_varied_corpus.tsv
2389166	cid22	512	512	zenjxl	9	2.5000	24841	25324	66.2875	66.3129	2.852196	2.859982	2037.850	1643.544	-1.907	-0.0254	-0.272	23.991	OK	44c8be367ca8a3918e67d3d2b62de9e0169cdee5	cargo run -p jxl-encoder --release --features 'parallel butteraugli-loop ssim2-loop' --example w44_170_cjxl_step025_sweep -- --image 2389166 --effort 9 --distance-min 2.5 --distance-max 2.5 --distance-step 2.5 --strategy zenjxl --corpus-manifest benchmarks/corpora/w44_170_varied_corpus.tsv
2389166	cid22	512	512	zenjxl	9	2.7500	23176	23700	63.9593	64.1754	2.970667	2.929306	2921.332	2375.326	-2.211	-0.2161	1.412	22.987	OK	44c8be367ca8a3918e67d3d2b62de9e0169cdee5	cargo run -p jxl-encoder --release --features 'parallel butteraugli-loop ssim2-loop' --example w44_170_cjxl_step025_sweep -- --image 2389166 --effort 9 --distance-min 2.75 --distance-max 2.75 --distance-step 2.75 --strategy zenjxl --corpus-manifest benchmarks/corpora/w44_170_varied_corpus.tsv
2389166	cid22	512	512	zenjxl	9	3.0000	21453	25875	61.6277	62.3581	3.242996	3.161827	2154.854	1921.839	-17.090	-0.7304	2.567	12.125	OK	44c8be367ca8a3918e67d3d2b62de9e0169cdee5	cargo run -p jxl-encoder --release --features 'parallel butteraugli-loop ssim2-loop' --example w44_170_cjxl_step025_sweep -- --image 2389166 --effort 9 --distance-min 3 --distance-max 3 --distance-step 3 --strategy zenjxl --corpus-manifest benchmarks/corpora/w44_170_varied_corpus.tsv
2389166	cid22	512	512	zenjxl	9	3.2500	19854	24012	58.1572	59.7851	3.573881	3.618029	1930.590	2484.142	-17.316	-1.6279	-1.220	-22.283	OK	44c8be367ca8a3918e67d3d2b62de9e0169cdee5	cargo run -p jxl-encoder --release --features 'parallel butteraugli-loop ssim2-loop' --example w44_170_cjxl_step025_sweep -- --image 2389166 --effort 9 --distance-min 3.25 --distance-max 3.25 --distance-step 3.25 --strategy zenjxl --corpus-manifest benchmarks/corpora/w44_170_varied_corpus.tsv
2389166	cid22	512	512	zenjxl	9	3.5000	18573	22500	55.9838	57.4089	3.957007	3.883366	2137.586	3014.524	-17.453	-1.4252	1.896	-29.090	OK	44c8be367ca8a3918e67d3d2b62de9e0169cdee5	cargo run -p jxl-encoder --release --features 'parallel butteraugli-loop ssim2-loop' --example w44_170_cjxl_step025_sweep -- --image 2389166 --effort 9 --distance-min 3.5 --distance-max 3.5 --distance-step 3.5 --strategy zenjxl --corpus-manifest benchmarks/corpora/w44_170_varied_corpus.tsv
2389166	cid22	512	512	zenjxl	9	3.7500	17891	21214	53.7059	55.7044	4.007427	4.298262	1792.366	2613.116	-15.664	-1.9985	-6.766	-31.409	OK	44c8be367ca8a3918e67d3d2b62de9e0169cdee5	cargo run -p jxl-encoder --release --features 'parallel butteraugli-loop ssim2-loop' --example w44_170_cjxl_step025_sweep -- --image 2389166 --effort 9 --distance-min 3.75 --distance-max 3.75 --distance-step 3.75 --strategy zenjxl --corpus-manifest benchmarks/corpora/w44_170_varied_corpus.tsv
2389166	cid22	512	512	zenjxl	9	4.0000	17209	20390	52.5325	53.4611	4.216542	4.400678	3756.274	2543.485	-15.601	-0.9285	-4.184	47.682	OK	44c8be367ca8a3918e67d3d2b62de9e0169cdee5	cargo run -p jxl-encoder --release --features 'parallel butteraugli-loop ssim2-loop' --example w44_170_cjxl_step025_sweep -- --image 2389166 --effort 9 --distance-min 4 --distance-max 4 --distance-step 4 --strategy zenjxl --corpus-manifest benchmarks/corpora/w44_170_varied_corpus.tsv
2389166	cid22	512	512	zenjxl	9	4.2500	16266	19195	49.3632	50.8022	4.369565	4.289530	4061.759	2312.578	-15.259	-1.4390	1.866	75.638	OK	44c8be367ca8a3918e67d3d2b62de9e0169cdee5	cargo run -p jxl-encoder --release --features 'parallel butteraugli-loop ssim2-loop' --example w44_170_cjxl_step025_sweep -- --image 2389166 --effort 9 --distance-min 4.25 --distance-max 4.25 --distance-step 4.25 --strategy zenjxl --corpus-manifest benchmarks/corpora/w44_170_varied_corpus.tsv
2389166	cid22	512	512	zenjxl	9	4.5000	15358	18181	47.1833	47.8816	4.824708	4.403062	3531.304	1836.033	-15.527	-0.6982	9.576	92.333	OK	44c8be367ca8a3918e67d3d2b62de9e0169cdee5	cargo run -p jxl-encoder --release --features 'parallel butteraugli-loop ssim2-loop' --example w44_170_cjxl_step025_sweep -- --image 2389166 --effort 9 --distance-min 4.5 --distance-max 4.5 --distance-step 4.5 --strategy zenjxl --corpus-manifest benchmarks/corpora/w44_170_varied_corpus.tsv
2389166	cid22	512	512	zenjxl	9	4.7500	14697	16962	45.7607	46.7729	4.654924	4.715504	2858.655	2081.613	-13.353	-1.0121	-1.285	37.329	OK	44c8be367ca8a3918e67d3d2b62de9e0169cdee5	cargo run -p jxl-encoder --release --features 'parallel butteraugli-loop ssim2-loop' --example w44_170_cjxl_step025_sweep -- --image 2389166 --effort 9 --distance-min 4.75 --distance-max 4.75 --distance-step 4.75 --strategy zenjxl --corpus-manifest benchmarks/corpora/w44_170_varied_corpus.tsv
2389166	cid22	512	512	zenjxl	9	5.0000	14086	16284	43.3261	43.6357	5.128069	4.713703	2894.916	2157.294	-13.498	-0.3096	8.791	34.192	OK	44c8be367ca8a3918e67d3d2b62de9e0169cdee5	cargo run -p jxl-encoder --release --features 'parallel butteraugli-loop ssim2-loop' --example w44_170_cjxl_step025_sweep -- --image 2389166 --effort 9 --distance-min 5 --distance-max 5 --distance-step 5 --strategy zenjxl --corpus-manifest benchmarks/corpora/w44_170_varied_corpus.tsv
297394	cid22	512	512	zenjxl	5	0.2500	189654	186892	94.1989	93.5473	0.459438	0.760957	187.369	514.482	1.478	0.6516	-39.624	-63.581	OK	44c8be367ca8a3918e67d3d2b62de9e0169cdee5	cargo run -p jxl-encoder --release --features 'parallel butteraugli-loop ssim2-loop' --example w44_170_cjxl_step025_sweep -- --image 297394 --effort 5 --distance-min 0.25 --distance-max 0.25 --distance-step 0.25 --strategy zenjxl --corpus-manifest benchmarks/corpora/w44_170_varied_corpus.tsv
297394	cid22	512	512	zenjxl	5	0.5000	130633	129730	91.4309	90.8330	0.773437	0.992658	182.146	345.929	0.696	0.5979	-22.084	-47.346	OK	44c8be367ca8a3918e67d3d2b62de9e0169cdee5	cargo run -p jxl-encoder --release --features 'parallel butteraugli-loop ssim2-loop' --example w44_170_cjxl_step025_sweep -- --image 297394 --effort 5 --distance-min 0.5 --distance-max 0.5 --distance-step 0.5 --strategy zenjxl --corpus-manifest benchmarks/corpora/w44_170_varied_corpus.tsv
297394	cid22	512	512	zenjxl	5	0.7500	100771	100652	88.9011	88.5431	1.034640	1.023594	149.381	208.203	0.118	0.3580	1.079	-28.253	OK	44c8be367ca8a3918e67d3d2b62de9e0169cdee5	cargo run -p jxl-encoder --release --features 'parallel butteraugli-loop ssim2-loop' --example w44_170_cjxl_step025_sweep -- --image 297394 --effort 5 --distance-min 0.75 --distance-max 0.75 --distance-step 0.75 --strategy zenjxl --corpus-manifest benchmarks/corpora/w44_170_varied_corpus.tsv
297394	cid22	512	512	zenjxl	5	1.0000	83663	83391	86.5281	86.4508	1.457207	1.338830	164.122	327.652	0.326	0.0772	8.842	-49.910	OK	44c8be367ca8a3918e67d3d2b62de9e0169cdee5	cargo run -p jxl-encoder --release --features 'parallel butteraugli-loop ssim2-loop' --example w44_170_cjxl_step025_sweep -- --image 297394 --effort 5 --distance-min 1 --distance-max 1 --distance-step 1 --strategy zenjxl --corpus-manifest benchmarks/corpora/w44_170_varied_corpus.tsv
297394	cid22	512	512	zenjxl	5	1.2500	71904	71634	84.0471	84.2249	1.616062	1.768816	161.810	385.001	0.377	-0.1778	-8.636	-57.972	OK	44c8be367ca8a3918e67d3d2b62de9e0169cdee5	cargo run -p jxl-encoder --release --features 'parallel butteraugli-loop ssim2-loop' --example w44_170_cjxl_step025_sweep -- --image 297394 --effort 5 --distance-min 1.25 --distance-max 1.25 --distance-step 1.25 --strategy zenjxl --corpus-manifest benchmarks/corpora/w44_170_varied_corpus.tsv
297394	cid22	512	512	zenjxl	5	1.5000	62881	62906	81.9841	81.8953	1.944799	1.943087	229.037	223.070	-0.040	0.0888	0.088	2.675	OK	44c8be367ca8a3918e67d3d2b62de9e0169cdee5	cargo run -p jxl-encoder --release --features 'parallel butteraugli-loop ssim2-loop' --example w44_170_cjxl_step025_sweep -- --image 297394 --effort 5 --distance-min 1.5 --distance-max 1.5 --distance-step 1.5 --strategy zenjxl --corpus-manifest benchmarks/corpora/w44_170_varied_corpus.tsv
297394	cid22	512	512	zenjxl	5	1.7500	56588	56570	80.0436	79.9549	2.071506	2.141827	125.967	375.662	0.032	0.0887	-3.283	-66.468	OK	44c8be367ca8a3918e67d3d2b62de9e0169cdee5	cargo run -p jxl-encoder --release --features 'parallel butteraugli-loop ssim2-loop' --example w44_170_cjxl_step025_sweep -- --image 297394 --effort 5 --distance-min 1.75 --distance-max 1.75 --distance-step 1.75 --strategy zenjxl --corpus-manifest benchmarks/corpora/w44_170_varied_corpus.tsv
297394	cid22	512	512	zenjxl	5	2.0000	51565	51558	77.9671	77.9940	2.155793	2.333136	127.305	228.845	0.014	-0.0268	-7.601	-44.371	OK	44c8be367ca8a3918e67d3d2b62de9e0169cdee5	cargo run -p jxl-encoder --release --features 'parallel butteraugli-loop ssim2-loop' --example w44_170_cjxl_step025_sweep -- --image 297394 --effort 5 --distance-min 2 --distance-max 2 --distance-step 2 --strategy zenjxl --corpus-manifest benchmarks/corpora/w44_170_varied_corpus.tsv
297394	cid22	512	512	zenjxl	5	2.2500	47229	47277	76.0403	76.1080	2.495381	2.565228	69.811	287.928	-0.102	-0.0677	-2.723	-75.754	OK	44c8be367ca8a3918e67d3d2b62de9e0169cdee5	cargo run -p jxl-encoder --release --features 'parallel butteraugli-loop ssim2-loop' --example w44_170_cjxl_step025_sweep -- --image 297394 --effort 5 --distance-min 2.25 --distance-max 2.25 --distance-step 2.25 --strategy zenjxl --corpus-manifest benchmarks/corpora/w44_170_varied_corpus.tsv
297394	cid22	512	512	zenjxl	5	2.5000	43199	43360	74.2550	74.6278	2.601824	2.601941	192.231	225.153	-0.371	-0.3728	-0.004	-14.622	OK	44c8be367ca8a3918e67d3d2b62de9e0169cdee5	cargo run -p jxl-encoder --release --features 'parallel butteraugli-loop ssim2-loop' --example w44_170_cjxl_step025_sweep -- --image 297394 --effort 5 --distance-min 2.5 --distance-max 2.5 --distance-step 2.5 --strategy zenjxl --corpus-manifest benchmarks/corpora/w44_170_varied_corpus.tsv
297394	cid22	512	512	zenjxl	5	2.7500	41120	41309	72.4990	72.3123	3.238458	3.168818	144.915	502.603	-0.458	0.1867	2.198	-71.167	OK	44c8be367ca8a3918e67d3d2b62de9e0169cdee5	cargo run -p jxl-encoder --release --features 'parallel butteraugli-loop ssim2-loop' --example w44_170_cjxl_step025_sweep -- --image 297394 --effort 5 --distance-min 2.75 --distance-max 2.75 --distance-step 2.75 --strategy zenjxl --corpus-manifest benchmarks/corpora/w44_170_varied_corpus.tsv
297394	cid22	512	512	zenjxl	5	3.0000	38272	38465	70.6962	70.7167	3.085301	3.168772	133.938	261.005	-0.502	-0.0205	-2.634	-48.684	OK	44c8be367ca8a3918e67d3d2b62de9e0169cdee5	cargo run -p jxl-encoder --release --features 'parallel butteraugli-loop ssim2-loop' --example w44_170_cjxl_step025_sweep -- --image 297394 --effort 5 --distance-min 3 --distance-max 3 --distance-step 3 --strategy zenjxl --corpus-manifest benchmarks/corpora/w44_170_varied_corpus.tsv
297394	cid22	512	512	zenjxl	5	3.2500	35797	35902	68.4743	68.7629	3.388369	3.501260	133.527	199.287	-0.292	-0.2886	-3.224	-32.997	OK	44c8be367ca8a3918e67d3d2b62de9e0169cdee5	cargo run -p jxl-encoder --release --features 'parallel butteraugli-loop ssim2-loop' --example w44_170_cjxl_step025_sweep -- --image 297394 --effort 5 --distance-min 3.25 --distance-max 3.25 --distance-step 3.25 --strategy zenjxl --corpus-manifest benchmarks/corpora/w44_170_varied_corpus.tsv
297394	cid22	512	512	zenjxl	5	3.5000	33733	33684	67.3690	66.6942	3.432607	3.432499	209.802	315.564	0.145	0.6748	0.003	-33.515	OK	44c8be367ca8a3918e67d3d2b62de9e0169cdee5	cargo run -p jxl-encoder --release --features 'parallel butteraugli-loop ssim2-loop' --example w44_170_cjxl_step025_sweep -- --image 297394 --effort 5 --distance-min 3.5 --distance-max 3.5 --distance-step 3.5 --strategy zenjxl --corpus-manifest benchmarks/corpora/w44_170_varied_corpus.tsv
297394	cid22	512	512	zenjxl	5	3.7500	31698	31910	65.5135	65.0758	3.934325	3.910661	170.437	254.324	-0.664	0.4377	0.605	-32.984	OK	44c8be367ca8a3918e67d3d2b62de9e0169cdee5	cargo run -p jxl-encoder --release --features 'parallel butteraugli-loop ssim2-loop' --example w44_170_cjxl_step025_sweep -- --image 297394 --effort 5 --distance-min 3.75 --distance-max 3.75 --distance-step 3.75 --strategy zenjxl --corpus-manifest benchmarks/corpora/w44_170_varied_corpus.tsv
297394	cid22	512	512	zenjxl	5	4.0000	29826	30012	62.0096	62.2341	4.201961	4.028656	143.043	277.124	-0.620	-0.2245	4.302	-48.383	OK	44c8be367ca8a3918e67d3d2b62de9e0169cdee5	cargo run -p jxl-encoder --release --features 'parallel butteraugli-loop ssim2-loop' --example w44_170_cjxl_step025_sweep -- --image 297394 --effort 5 --distance-min 4 --distance-max 4 --distance-step 4 --strategy zenjxl --corpus-manifest benchmarks/corpora/w44_170_varied_corpus.tsv
297394	cid22	512	512	zenjxl	5	4.2500	28210	28641	60.4224	60.5414	4.438517	4.385615	253.335	227.937	-1.505	-0.1190	1.206	11.142	OK	44c8be367ca8a3918e67d3d2b62de9e0169cdee5	cargo run -p jxl-encoder --release --features 'parallel butteraugli-loop ssim2-loop' --example w44_170_cjxl_step025_sweep -- --image 297394 --effort 5 --distance-min 4.25 --distance-max 4.25 --distance-step 4.25 --strategy zenjxl --corpus-manifest benchmarks/corpora/w44_170_varied_corpus.tsv
297394	cid22	512	512	zenjxl	5	4.5000	26797	27235	58.8706	58.9870	4.460566	4.466351	153.698	199.828	-1.608	-0.1165	-0.130	-23.085	OK	44c8be367ca8a3918e67d3d2b62de9e0169cdee5	cargo run -p jxl-encoder --release --features 'parallel butteraugli-loop ssim2-loop' --example w44_170_cjxl_step025_sweep -- --image 297394 --effort 5 --distance-min 4.5 --distance-max 4.5 --distance-step 4.5 --strategy zenjxl --corpus-manifest benchmarks/corpora/w44_170_varied_corpus.tsv
297394	cid22	512	512	zenjxl	5	4.7500	25598	25840	58.0057	57.2950	4.320466	4.277332	108.876	224.345	-0.937	0.7107	1.008	-51.469	OK	44c8be367ca8a3918e67d3d2b62de9e0169cdee5	cargo run -p jxl-encoder --release --features 'parallel butteraugli-loop ssim2-loop' --example w44_170_cjxl_step025_sweep -- --image 297394 --effort 5 --distance-min 4.75 --distance-max 4.75 --distance-step 4.75 --strategy zenjxl --corpus-manifest benchmarks/corpora/w44_170_varied_corpus.tsv
297394	cid22	512	512	zenjxl	5	5.0000	24252	24873	56.6384	56.3903	4.394394	4.637182	110.257	173.519	-2.497	0.2481	-5.236	-36.458	OK	44c8be367ca8a3918e67d3d2b62de9e0169cdee5	cargo run -p jxl-encoder --release --features 'parallel butteraugli-loop ssim2-loop' --example w44_170_cjxl_step025_sweep -- --image 297394 --effort 5 --distance-min 5 --distance-max 5 --distance-step 5 --strategy zenjxl --corpus-manifest benchmarks/corpora/w44_170_varied_corpus.tsv
297394	cid22	512	512	zenjxl	6	0.2500	188098	185493	94.1366	93.5753	0.459442	0.758867	275.364	307.695	1.404	0.5613	-39.457	-10.507	OK	44c8be367ca8a3918e67d3d2b62de9e0169cdee5	cargo run -p jxl-encoder --release --features 'parallel butteraugli-loop ssim2-loop' --example w44_170_cjxl_step025_sweep -- --image 297394 --effort 6 --distance-min 0.25 --distance-max 0.25 --distance-step 0.25 --strategy zenjxl --corpus-manifest benchmarks/corpora/w44_170_varied_corpus.tsv
297394	cid22	512	512	zenjxl	6	0.5000	128878	128013	91.4686	91.0969	0.773432	0.998500	323.443	442.249	0.676	0.3717	-22.541	-26.864	OK	44c8be367ca8a3918e67d3d2b62de9e0169cdee5	cargo run -p jxl-encoder --release --features 'parallel butteraugli-loop ssim2-loop' --example w44_170_cjxl_step025_sweep -- --image 297394 --effort 6 --distance-min 0.5 --distance-max 0.5 --distance-step 0.5 --strategy zenjxl --corpus-manifest benchmarks/corpora/w44_170_varied_corpus.tsv
297394	cid22	512	512	zenjxl	6	0.7500	99598	99395	88.9377	88.2547	1.033134	1.058748	351.249	371.205	0.204	0.6830	-2.419	-5.376	OK	44c8be367ca8a3918e67d3d2b62de9e0169cdee5	cargo run -p jxl-encoder --release --features 'parallel butteraugli-loop ssim2-loop' --example w44_170_cjxl_step025_sweep -- --image 297394 --effort 6 --distance-min 0.75 --distance-max 0.75 --distance-step 0.75 --strategy zenjxl --corpus-manifest benchmarks/corpora/w44_170_varied_corpus.tsv
297394	cid22	512	512	zenjxl	6	1.0000	82719	82283	86.5983	86.2030	1.471939	1.366309	293.673	339.527	0.530	0.3953	7.731	-13.505	OK	44c8be367ca8a3918e67d3d2b62de9e0169cdee5	cargo run -p jxl-encoder --release --features 'parallel butteraugli-loop ssim2-loop' --example w44_170_cjxl_step025_sweep -- --image 297394 --effort 6 --distance-min 1 --distance-max 1 --distance-step 1 --strategy zenjxl --corpus-manifest benchmarks/corpora/w44_170_varied_corpus.tsv
297394	cid22	512	512	zenjxl	6	1.2500	71177	70903	84.0427	84.2305	1.606008	1.636107	334.442	505.650	0.386	-0.1878	-1.840	-33.859	OK	44c8be367ca8a3918e67d3d2b62de9e0169cdee5	cargo run -p jxl-encoder --release --features 'parallel butteraugli-loop ssim2-loop' --example w44_170_cjxl_step025_sweep -- --image 297394 --effort 6 --distance-min 1.25 --distance-max 1.25 --distance-step 1.25 --strategy zenjxl --corpus-manifest benchmarks/corpora/w44_170_varied_corpus.tsv
297394	cid22	512	512	zenjxl	6	1.5000	62594	62416	82.0046	82.2099	1.742455	1.954080	238.858	721.756	0.285	-0.2053	-10.830	-66.906	OK	44c8be367ca8a3918e67d3d2b62de9e0169cdee5	cargo run -p jxl-encoder --release --features 'parallel butteraugli-loop ssim2-loop' --example w44_170_cjxl_step025_sweep -- --image 297394 --effort 6 --distance-min 1.5 --distance-max 1.5 --distance-step 1.5 --strategy zenjxl --corpus-manifest benchmarks/corpora/w44_170_varied_corpus.tsv
297394	cid22	512	512	zenjxl	6	1.7500	56506	56103	80.0624	80.0248	2.064574	2.100711	235.817	572.417	0.718	0.0376	-1.720	-58.803	OK	44c8be367ca8a3918e67d3d2b62de9e0169cdee5	cargo run -p jxl-encoder --release --features 'parallel butteraugli-loop ssim2-loop' --example w44_170_cjxl_step025_sweep -- --image 297394 --effort 6 --distance-min 1.75 --distance-max 1.75 --distance-step 1.75 --strategy zenjxl --corpus-manifest benchmarks/corpora/w44_170_varied_corpus.tsv
297394	cid22	512	512	zenjxl	6	2.0000	51620	51229	78.0241	78.2254	2.203274	2.198365	243.058	340.580	0.763	-0.2013	0.223	-28.634	OK	44c8be367ca8a3918e67d3d2b62de9e0169cdee5	cargo run -p jxl-encoder --release --features 'parallel butteraugli-loop ssim2-loop' --example w44_170_cjxl_step025_sweep -- --image 297394 --effort 6 --distance-min 2 --distance-max 2 --distance-step 2 --strategy zenjxl --corpus-manifest benchmarks/corpora/w44_170_varied_corpus.tsv
297394	cid22	512	512	zenjxl	6	2.2500	47364	47047	76.1686	76.0741	2.515364	2.588989	265.579	333.499	0.674	0.0945	-2.844	-20.366	OK	44c8be367ca8a3918e67d3d2b62de9e0169cdee5	cargo run -p jxl-encoder --release --features 'parallel butteraugli-loop ssim2-loop' --example w44_170_cjxl_step025_sweep -- --image 297394 --effort 6 --distance-min 2.25 --distance-max 2.25 --distance-step 2.25 --strategy zenjxl --corpus-manifest benchmarks/corpora/w44_170_varied_corpus.tsv
297394	cid22	512	512	zenjxl	6	2.5000	43599	43454	74.1741	74.3895	2.789712	2.757865	245.549	350.741	0.334	-0.2153	1.155	-29.991	OK	44c8be367ca8a3918e67d3d2b62de9e0169cdee5	cargo run -p jxl-encoder --release --features 'parallel butteraugli-loop ssim2-loop' --example w44_170_cjxl_step025_sweep -- --image 297394 --effort 6 --distance-min 2.5 --distance-max 2.5 --distance-step 2.5 --strategy zenjxl --corpus-manifest benchmarks/corpora/w44_170_varied_corpus.tsv
297394	cid22	512	512	zenjxl	6	2.7500	41747	41473	72.8581	72.8203	3.182796	2.910853	295.191	618.871	0.661	0.0378	9.342	-52.302	OK	44c8be367ca8a3918e67d3d2b62de9e0169cdee5	cargo run -p jxl-encoder --release --features 'parallel butteraugli-loop ssim2-loop' --example w44_170_cjxl_step025_sweep -- --image 297394 --effort 6 --distance-min 2.75 --distance-max 2.75 --distance-step 2.75 --strategy zenjxl --corpus-manifest benchmarks/corpora/w44_170_varied_corpus.tsv
297394	cid22	512	512	zenjxl	6	3.0000	38940	38661	70.9864	70.7652	2.995830	2.934656	249.971	327.757	0.722	0.2211	2.085	-23.733	OK	44c8be367ca8a3918e67d3d2b62de9e0169cdee5	cargo run -p jxl-encoder --release --features 'parallel butteraugli-loop ssim2-loop' --example w44_170_cjxl_step025_sweep -- --image 297394 --effort 6 --distance-min 3 --distance-max 3 --distance-step 3 --strategy zenjxl --corpus-manifest benchmarks/corpora/w44_170_varied_corpus.tsv
297394	cid22	512	512	zenjxl	6	3.2500	36597	36035	68.8656	69.2226	3.414815	3.428088	245.577	474.873	1.560	-0.3570	-0.387	-48.286	OK	44c8be367ca8a3918e67d3d2b62de9e0169cdee5	cargo run -p jxl-encoder --release --features 'parallel butteraugli-loop ssim2-loop' --example w44_170_cjxl_step025_sweep -- --image 297394 --effort 6 --distance-min 3.25 --distance-max 3.25 --distance-step 3.25 --strategy zenjxl --corpus-manifest benchmarks/corpora/w44_170_varied_corpus.tsv
297394	cid22	512	512	zenjxl	6	3.5000	34327	33869	67.7393	67.5225	3.340342	3.598061	149.645	578.854	1.352	0.2168	-7.163	-74.148	OK	44c8be367ca8a3918e67d3d2b62de9e0169cdee5	cargo run -p jxl-encoder --release --features 'parallel butteraugli-loop ssim2-loop' --example w44_170_cjxl_step025_sweep -- --image 297394 --effort 6 --distance-min 3.5 --distance-max 3.5 --distance-step 3.5 --strategy zenjxl --corpus-manifest benchmarks/corpora/w44_170_varied_corpus.tsv
297394	cid22	512	512	zenjxl	6	3.7500	32347	32216	65.9807	65.7173	3.506450	3.956636	273.978	438.050	0.407	0.2634	-11.378	-37.455	OK	44c8be367ca8a3918e67d3d2b62de9e0169cdee5	cargo run -p jxl-encoder --release --features 'parallel butteraugli-loop ssim2-loop' --example w44_170_cjxl_step025_sweep -- --image 297394 --effort 6 --distance-min 3.75 --distance-max 3.75 --distance-step 3.75 --strategy zenjxl --corpus-manifest benchmarks/corpora/w44_170_varied_corpus.tsv
297394	cid22	512	512	zenjxl	6	4.0000	30736	30615	63.9474	63.9897	4.140198	4.165970	392.654	681.402	0.395	-0.0423	-0.619	-42.376	OK	44c8be367ca8a3918e67d3d2b62de9e0169cdee5	cargo run -p jxl-encoder --release --features 'parallel butteraugli-loop ssim2-loop' --example w44_170_cjxl_step025_sweep -- --image 297394 --effort 6 --distance-min 4 --distance-max 4 --distance-step 4 --strategy zenjxl --corpus-manifest benchmarks/corpora/w44_170_varied_corpus.tsv
297394	cid22	512	512	zenjxl	6	4.2500	28841	29154	62.4750	62.6833	4.266049	3.963452	384.481	233.474	-1.074	-0.2083	7.635	64.679	OK	44c8be367ca8a3918e67d3d2b62de9e0169cdee5	cargo run -p jxl-encoder --release --features 'parallel butteraugli-loop ssim2-loop' --example w44_170_cjxl_step025_sweep -- --image 297394 --effort 6 --distance-min 4.25 --distance-max 4.25 --distance-step 4.25 --strategy zenjxl --corpus-manifest benchmarks/corpora/w44_170_varied_corpus.tsv
297394	cid22	512	512	zenjxl	6	4.5000	27411	27803	60.8821	60.8211	4.224392	4.163118	373.676	363.548	-1.410	0.0610	1.472	2.786	OK	44c8be367ca8a3918e67d3d2b62de9e0169cdee5	cargo run -p jxl-encoder --release --features 'parallel butteraugli-loop ssim2-loop' --example w44_170_cjxl_step025_sweep -- --image 297394 --effort 6 --distance-min 4.5 --distance-max 4.5 --distance-step 4.5 --strategy zenjxl --corpus-manifest benchmarks/corpora/w44_170_varied_corpus.tsv
297394	cid22	512	512	zenjxl	6	4.7500	26086	26132	59.9632	59.4674	4.436139	4.137593	355.826	344.003	-0.176	0.4959	7.215	3.437	OK	44c8be367ca8a3918e67d3d2b62de9e0169cdee5	cargo run -p jxl-encoder --release --features 'parallel butteraugli-loop ssim2-loop' --example w44_170_cjxl_step025_sweep -- --image 297394 --effort 6 --distance-min 4.75 --distance-max 4.75 --distance-step 4.75 --strategy zenjxl --corpus-manifest benchmarks/corpora/w44_170_varied_corpus.tsv
297394	cid22	512	512	zenjxl	6	5.0000	24784	25154	58.6233	58.6062	4.438992	4.620604	333.668	641.005	-1.471	0.0170	-3.930	-47.946	OK	44c8be367ca8a3918e67d3d2b62de9e0169cdee5	cargo run -p jxl-encoder --release --features 'parallel butteraugli-loop ssim2-loop' --example w44_170_cjxl_step025_sweep -- --image 297394 --effort 6 --distance-min 5 --distance-max 5 --distance-step 5 --strategy zenjxl --corpus-manifest benchmarks/corpora/w44_170_varied_corpus.tsv
297394	cid22	512	512	zenjxl	7	0.2500	202517	198405	94.4120	93.7905	0.435388	0.760419	334.805	417.881	2.073	0.6214	-42.744	-19.880	OK	44c8be367ca8a3918e67d3d2b62de9e0169cdee5	cargo run -p jxl-encoder --release --features 'parallel butteraugli-loop ssim2-loop' --example w44_170_cjxl_step025_sweep -- --image 297394 --effort 7 --distance-min 0.25 --distance-max 0.25 --distance-step 0.25 --strategy zenjxl --corpus-manifest benchmarks/corpora/w44_170_varied_corpus.tsv
297394	cid22	512	512	zenjxl	7	0.5000	139390	137508	91.8154	91.4491	0.811453	0.948928	307.269	453.761	1.369	0.3664	-14.487	-32.284	OK	44c8be367ca8a3918e67d3d2b62de9e0169cdee5	cargo run -p jxl-encoder --release --features 'parallel butteraugli-loop ssim2-loop' --example w44_170_cjxl_step025_sweep -- --image 297394 --effort 7 --distance-min 0.5 --distance-max 0.5 --distance-step 0.5 --strategy zenjxl --corpus-manifest benchmarks/corpora/w44_170_varied_corpus.tsv
297394	cid22	512	512	zenjxl	7	0.7500	107351	106606	89.3236	89.6836	1.044240	1.040358	376.569	452.217	0.699	-0.3600	0.373	-16.728	OK	44c8be367ca8a3918e67d3d2b62de9e0169cdee5	cargo run -p jxl-encoder --release --features 'parallel butteraugli-loop ssim2-loop' --example w44_170_cjxl_step025_sweep -- --image 297394 --effort 7 --distance-min 0.75 --distance-max 0.75 --distance-step 0.75 --strategy zenjxl --corpus-manifest benchmarks/corpora/w44_170_varied_corpus.tsv
297394	cid22	512	512	zenjxl	7	1.0000	89126	88525	86.7373	87.5071	1.295989	1.337742	367.184	637.727	0.679	-0.7697	-3.121	-42.423	OK	44c8be367ca8a3918e67d3d2b62de9e0169cdee5	cargo run -p jxl-encoder --release --features 'parallel butteraugli-loop ssim2-loop' --example w44_170_cjxl_step025_sweep -- --image 297394 --effort 7 --distance-min 1 --distance-max 1 --distance-step 1 --strategy zenjxl --corpus-manifest benchmarks/corpora/w44_170_varied_corpus.tsv
297394	cid22	512	512	zenjxl	7	1.2500	76754	76327	85.0472	85.3996	1.546441	1.549706	339.680	418.647	0.559	-0.3525	-0.211	-18.863	OK	44c8be367ca8a3918e67d3d2b62de9e0169cdee5	cargo run -p jxl-encoder --release --features 'parallel butteraugli-loop ssim2-loop' --example w44_170_cjxl_step025_sweep -- --image 297394 --effort 7 --distance-min 1.25 --distance-max 1.25 --distance-step 1.25 --strategy zenjxl --corpus-manifest benchmarks/corpora/w44_170_varied_corpus.tsv
297394	cid22	512	512	zenjxl	7	1.5000	67539	67116	82.8809	83.1869	1.785761	1.817347	311.081	764.995	0.630	-0.3059	-1.738	-59.336	OK	44c8be367ca8a3918e67d3d2b62de9e0169cdee5	cargo run -p jxl-encoder --release --features 'parallel butteraugli-loop ssim2-loop' --example w44_170_cjxl_step025_sweep -- --image 297394 --effort 7 --distance-min 1.5 --distance-max 1.5 --distance-step 1.5 --strategy zenjxl --corpus-manifest benchmarks/corpora/w44_170_varied_corpus.tsv
297394	cid22	512	512	zenjxl	7	1.7500	60720	60363	81.0535	81.4786	1.969791	1.987463	336.697	588.179	0.591	-0.4251	-0.889	-42.756	OK	44c8be367ca8a3918e67d3d2b62de9e0169cdee5	cargo run -p jxl-encoder --release --features 'parallel butteraugli-loop ssim2-loop' --example w44_170_cjxl_step025_sweep -- --image 297394 --effort 7 --distance-min 1.75 --distance-max 1.75 --distance-step 1.75 --strategy zenjxl --corpus-manifest benchmarks/corpora/w44_170_varied_corpus.tsv
297394	cid22	512	512	zenjxl	7	2.0000	55045	54780	79.3068	79.3989	2.229499	2.541608	402.276	426.575	0.484	-0.0921	-12.280	-5.696	OK	44c8be367ca8a3918e67d3d2b62de9e0169cdee5	cargo run -p jxl-encoder --release --features 'parallel butteraugli-loop ssim2-loop' --example w44_170_cjxl_step025_sweep -- --image 297394 --effort 7 --distance-min 2 --distance-max 2 --distance-step 2 --strategy zenjxl --corpus-manifest benchmarks/corpora/w44_170_varied_corpus.tsv
297394	cid22	512	512	zenjxl	7	2.2500	50702	50212	76.8747	77.6313	2.544130	2.545094	340.890	802.559	0.976	-0.7566	-0.038	-57.525	OK	44c8be367ca8a3918e67d3d2b62de9e0169cdee5	cargo run -p jxl-encoder --release --features 'parallel butteraugli-loop ssim2-loop' --example w44_170_cjxl_step025_sweep -- --image 297394 --effort 7 --distance-min 2.25 --distance-max 2.25 --distance-step 2.25 --strategy zenjxl --corpus-manifest benchmarks/corpora/w44_170_varied_corpus.tsv
297394	cid22	512	512	zenjxl	7	2.5000	46668	46568	75.2584	75.5622	2.589044	2.533559	321.267	385.487	0.215	-0.3038	2.190	-16.659	OK	44c8be367ca8a3918e67d3d2b62de9e0169cdee5	cargo run -p jxl-encoder --release --features 'parallel butteraugli-loop ssim2-loop' --example w44_170_cjxl_step025_sweep -- --image 297394 --effort 7 --distance-min 2.5 --distance-max 2.5 --distance-step 2.5 --strategy zenjxl --corpus-manifest benchmarks/corpora/w44_170_varied_corpus.tsv
297394	cid22	512	512	zenjxl	7	2.7500	43223	43049	72.7191	73.6475	2.835157	2.786666	330.991	475.978	0.404	-0.9284	1.740	-30.461	OK	44c8be367ca8a3918e67d3d2b62de9e0169cdee5	cargo run -p jxl-encoder --release --features 'parallel butteraugli-loop ssim2-loop' --example w44_170_cjxl_step025_sweep -- --image 297394 --effort 7 --distance-min 2.75 --distance-max 2.75 --distance-step 2.75 --strategy zenjxl --corpus-manifest benchmarks/corpora/w44_170_varied_corpus.tsv
297394	cid22	512	512	zenjxl	7	3.0000	40221	40181	71.6029	72.1553	3.102827	3.105502	380.523	400.880	0.100	-0.5524	-0.086	-5.078	OK	44c8be367ca8a3918e67d3d2b62de9e0169cdee5	cargo run -p jxl-encoder --release --features 'parallel butteraugli-loop ssim2-loop' --example w44_170_cjxl_step025_sweep -- --image 297394 --effort 7 --distance-min 3 --distance-max 3 --distance-step 3 --strategy zenjxl --corpus-manifest benchmarks/corpora/w44_170_varied_corpus.tsv
297394	cid22	512	512	zenjxl	7	3.2500	37741	37618	69.4129	69.7587	4.049335	3.960047	457.669	393.393	0.327	-0.3458	2.255	16.339	OK	44c8be367ca8a3918e67d3d2b62de9e0169cdee5	cargo run -p jxl-encoder --release --features 'parallel butteraugli-loop ssim2-loop' --example w44_170_cjxl_step025_sweep -- --image 297394 --effort 7 --distance-min 3.25 --distance-max 3.25 --distance-step 3.25 --strategy zenjxl --corpus-manifest benchmarks/corpora/w44_170_varied_corpus.tsv
297394	cid22	512	512	zenjxl	7	3.5000	35496	35493	67.9254	68.4030	3.505782	3.522805	477.438	443.427	0.008	-0.4776	-0.483	7.670	OK	44c8be367ca8a3918e67d3d2b62de9e0169cdee5	cargo run -p jxl-encoder --release --features 'parallel butteraugli-loop ssim2-loop' --example w44_170_cjxl_step025_sweep -- --image 297394 --effort 7 --distance-min 3.5 --distance-max 3.5 --distance-step 3.5 --strategy zenjxl --corpus-manifest benchmarks/corpora/w44_170_varied_corpus.tsv
297394	cid22	512	512	zenjxl	7	3.7500	33548	33533	66.5481	66.7197	3.556231	3.619498	388.693	709.516	0.045	-0.1716	-1.748	-45.217	OK	44c8be367ca8a3918e67d3d2b62de9e0169cdee5	cargo run -p jxl-encoder --release --features 'parallel butteraugli-loop ssim2-loop' --example w44_170_cjxl_step025_sweep -- --image 297394 --effort 7 --distance-min 3.75 --distance-max 3.75 --distance-step 3.75 --strategy zenjxl --corpus-manifest benchmarks/corpora/w44_170_varied_corpus.tsv
297394	cid22	512	512	zenjxl	7	4.0000	31946	31913	64.9544	65.2776	4.030513	4.009250	565.846	511.371	0.103	-0.3232	0.530	10.653	OK	44c8be367ca8a3918e67d3d2b62de9e0169cdee5	cargo run -p jxl-encoder --release --features 'parallel butteraugli-loop ssim2-loop' --example w44_170_cjxl_step025_sweep -- --image 297394 --effort 7 --distance-min 4 --distance-max 4 --distance-step 4 --strategy zenjxl --corpus-manifest benchmarks/corpora/w44_170_varied_corpus.tsv
297394	cid22	512	512	zenjxl	7	4.2500	29796	30241	63.0230	63.4579	4.096374	3.987587	504.655	500.329	-1.472	-0.4349	2.728	0.865	OK	44c8be367ca8a3918e67d3d2b62de9e0169cdee5	cargo run -p jxl-encoder --release --features 'parallel butteraugli-loop ssim2-loop' --example w44_170_cjxl_step025_sweep -- --image 297394 --effort 7 --distance-min 4.25 --distance-max 4.25 --distance-step 4.25 --strategy zenjxl --corpus-manifest benchmarks/corpora/w44_170_varied_corpus.tsv
297394	cid22	512	512	zenjxl	7	4.5000	28352	28818	61.0473	61.5330	4.166732	4.095787	605.805	566.872	-1.617	-0.4856	1.732	6.868	OK	44c8be367ca8a3918e67d3d2b62de9e0169cdee5	cargo run -p jxl-encoder --release --features 'parallel butteraugli-loop ssim2-loop' --example w44_170_cjxl_step025_sweep -- --image 297394 --effort 7 --distance-min 4.5 --distance-max 4.5 --distance-step 4.5 --strategy zenjxl --corpus-manifest benchmarks/corpora/w44_170_varied_corpus.tsv
297394	cid22	512	512	zenjxl	7	4.7500	26971	27388	59.7447	60.9181	4.301038	4.406130	407.627	346.423	-1.523	-1.1734	-2.385	17.667	OK	44c8be367ca8a3918e67d3d2b62de9e0169cdee5	cargo run -p jxl-encoder --release --features 'parallel butteraugli-loop ssim2-loop' --example w44_170_cjxl_step025_sweep -- --image 297394 --effort 7 --distance-min 4.75 --distance-max 4.75 --distance-step 4.75 --strategy zenjxl --corpus-manifest benchmarks/corpora/w44_170_varied_corpus.tsv
297394	cid22	512	512	zenjxl	7	5.0000	25606	26023	58.2828	59.5190	4.404835	4.639399	394.829	364.862	-1.602	-1.2362	-5.056	8.213	OK	44c8be367ca8a3918e67d3d2b62de9e0169cdee5	cargo run -p jxl-encoder --release --features 'parallel butteraugli-loop ssim2-loop' --example w44_170_cjxl_step025_sweep -- --image 297394 --effort 7 --distance-min 5 --distance-max 5 --distance-step 5 --strategy zenjxl --corpus-manifest benchmarks/corpora/w44_170_varied_corpus.tsv
297394	cid22	512	512	zenjxl	8	0.2500	202292	201494	94.4514	94.3442	0.385834	0.386854	1226.931	1406.829	0.396	0.1072	-0.264	-12.787	OK	44c8be367ca8a3918e67d3d2b62de9e0169cdee5	cargo run -p jxl-encoder --release --features 'parallel butteraugli-loop ssim2-loop' --example w44_170_cjxl_step025_sweep -- --image 297394 --effort 8 --distance-min 0.25 --distance-max 0.25 --distance-step 0.25 --strategy zenjxl --corpus-manifest benchmarks/corpora/w44_170_varied_corpus.tsv
297394	cid22	512	512	zenjxl	8	0.5000	138035	137258	91.7792	91.9159	0.677342	0.678223	1256.984	1382.424	0.566	-0.1367	-0.130	-9.074	OK	44c8be367ca8a3918e67d3d2b62de9e0169cdee5	cargo run -p jxl-encoder --release --features 'parallel butteraugli-loop ssim2-loop' --example w44_170_cjxl_step025_sweep -- --image 297394 --effort 8 --distance-min 0.5 --distance-max 0.5 --distance-step 0.5 --strategy zenjxl --corpus-manifest benchmarks/corpora/w44_170_varied_corpus.tsv
297394	cid22	512	512	zenjxl	8	0.7500	104561	104232	89.4352	89.5879	0.973046	0.992075	1185.569	1293.252	0.316	-0.1527	-1.918	-8.327	OK	44c8be367ca8a3918e67d3d2b62de9e0169cdee5	cargo run -p jxl-encoder --release --features 'parallel butteraugli-loop ssim2-loop' --example w44_170_cjxl_step025_sweep -- --image 297394 --effort 8 --distance-min 0.75 --distance-max 0.75 --distance-step 0.75 --strategy zenjxl --corpus-manifest benchmarks/corpora/w44_170_varied_corpus.tsv
297394	cid22	512	512	zenjxl	8	1.0000	86015	85659	86.9884	87.4494	1.294943	1.186284	1224.148	1679.555	0.416	-0.4609	9.160	-27.115	OK	44c8be367ca8a3918e67d3d2b62de9e0169cdee5	cargo run -p jxl-encoder --release --features 'parallel butteraugli-loop ssim2-loop' --example w44_170_cjxl_step025_sweep -- --image 297394 --effort 8 --distance-min 1 --distance-max 1 --distance-step 1 --strategy zenjxl --corpus-manifest benchmarks/corpora/w44_170_varied_corpus.tsv
297394	cid22	512	512	zenjxl	8	1.2500	73689	73677	84.6908	84.9570	1.447683	1.485950	1523.520	1553.748	0.016	-0.2662	-2.575	-1.945	OK	44c8be367ca8a3918e67d3d2b62de9e0169cdee5	cargo run -p jxl-encoder --release --features 'parallel butteraugli-loop ssim2-loop' --example w44_170_cjxl_step025_sweep -- --image 297394 --effort 8 --distance-min 1.25 --distance-max 1.25 --distance-step 1.25 --strategy zenjxl --corpus-manifest benchmarks/corpora/w44_170_varied_corpus.tsv
297394	cid22	512	512	zenjxl	8	1.5000	64683	64862	82.4006	82.7148	1.759564	1.845027	1247.915	1863.031	-0.276	-0.3142	-4.632	-33.017	OK	44c8be367ca8a3918e67d3d2b62de9e0169cdee5	cargo run -p jxl-encoder --release --features 'parallel butteraugli-loop ssim2-loop' --example w44_170_cjxl_step025_sweep -- --image 297394 --effort 8 --distance-min 1.5 --distance-max 1.5 --distance-step 1.5 --strategy zenjxl --corpus-manifest benchmarks/corpora/w44_170_varied_corpus.tsv
297394	cid22	512	512	zenjxl	8	1.7500	57884	57840	80.5912	80.9510	2.046414	2.006766	1373.653	1592.933	0.076	-0.3598	1.976	-13.766	OK	44c8be367ca8a3918e67d3d2b62de9e0169cdee5	cargo run -p jxl-encoder --release --features 'parallel butteraugli-loop ssim2-loop' --example w44_170_cjxl_step025_sweep -- --image 297394 --effort 8 --distance-min 1.75 --distance-max 1.75 --distance-step 1.75 --strategy zenjxl --corpus-manifest benchmarks/corpora/w44_170_varied_corpus.tsv
297394	cid22	512	512	zenjxl	8	2.0000	52195	52292	78.7357	78.6436	2.223413	2.247049	1133.856	1208.559	-0.185	0.0921	-1.052	-6.181	OK	44c8be367ca8a3918e67d3d2b62de9e0169cdee5	cargo run -p jxl-encoder --release --features 'parallel butteraugli-loop ssim2-loop' --example w44_170_cjxl_step025_sweep -- --image 297394 --effort 8 --distance-min 2 --distance-max 2 --distance-step 2 --strategy zenjxl --corpus-manifest benchmarks/corpora/w44_170_varied_corpus.tsv
297394	cid22	512	512	zenjxl	8	2.2500	47525	47346	76.0567	76.0853	2.548059	2.504414	1154.615	1595.168	0.378	-0.0287	1.743	-27.618	OK	44c8be367ca8a3918e67d3d2b62de9e0169cdee5	cargo run -p jxl-encoder --release --features 'parallel butteraugli-loop ssim2-loop' --example w44_170_cjxl_step025_sweep -- --image 297394 --effort 8 --distance-min 2.25 --distance-max 2.25 --distance-step 2.25 --strategy zenjxl --corpus-manifest benchmarks/corpora/w44_170_varied_corpus.tsv
297394	cid22	512	512	zenjxl	8	2.5000	43456	43702	74.2703	74.7587	3.140448	2.865415	1261.840	1635.345	-0.563	-0.4884	9.598	-22.840	OK	44c8be367ca8a3918e67d3d2b62de9e0169cdee5	cargo run -p jxl-encoder --release --features 'parallel butteraugli-loop ssim2-loop' --example w44_170_cjxl_step025_sweep -- --image 297394 --effort 8 --distance-min 2.5 --distance-max 2.5 --distance-step 2.5 --strategy zenjxl --corpus-manifest benchmarks/corpora/w44_170_varied_corpus.tsv
297394	cid22	512	512	zenjxl	8	2.7500	40268	40370	71.5567	72.6303	2.957204	2.786682	1055.315	1369.459	-0.253	-1.0736	6.119	-22.939	OK	44c8be367ca8a3918e67d3d2b62de9e0169cdee5	cargo run -p jxl-encoder --release --features 'parallel butteraugli-loop ssim2-loop' --example w44_170_cjxl_step025_sweep -- --image 297394 --effort 8 --distance-min 2.75 --distance-max 2.75 --distance-step 2.75 --strategy zenjxl --corpus-manifest benchmarks/corpora/w44_170_varied_corpus.tsv
297394	cid22	512	512	zenjxl	8	3.0000	37074	37380	69.9258	70.4567	3.344902	3.303272	1017.823	1630.958	-0.819	-0.5309	1.260	-37.594	OK	44c8be367ca8a3918e67d3d2b62de9e0169cdee5	cargo run -p jxl-encoder --release --features 'parallel butteraugli-loop ssim2-loop' --example w44_170_cjxl_step025_sweep -- --image 297394 --effort 8 --distance-min 3 --distance-max 3 --distance-step 3 --strategy zenjxl --corpus-manifest benchmarks/corpora/w44_170_varied_corpus.tsv
297394	cid22	512	512	zenjxl	8	3.2500	34759	34978	68.0041	68.2858	3.544127	3.386702	1050.215	1320.268	-0.626	-0.2818	4.648	-20.454	OK	44c8be367ca8a3918e67d3d2b62de9e0169cdee5	cargo run -p jxl-encoder --release --features 'parallel butteraugli-loop ssim2-loop' --example w44_170_cjxl_step025_sweep -- --image 297394 --effort 8 --distance-min 3.25 --distance-max 3.25 --distance-step 3.25 --strategy zenjxl --corpus-manifest benchmarks/corpora/w44_170_varied_corpus.tsv
297394	cid22	512	512	zenjxl	8	3.5000	32527	32932	66.1475	66.8442	3.597219	3.577865	1118.514	1815.315	-1.230	-0.6968	0.541	-38.385	OK	44c8be367ca8a3918e67d3d2b62de9e0169cdee5	cargo run -p jxl-encoder --release --features 'parallel butteraugli-loop ssim2-loop' --example w44_170_cjxl_step025_sweep -- --image 297394 --effort 8 --distance-min 3.5 --distance-max 3.5 --distance-step 3.5 --strategy zenjxl --corpus-manifest benchmarks/corpora/w44_170_varied_corpus.tsv
297394	cid22	512	512	zenjxl	8	3.7500	30424	30869	64.2604	64.6911	3.853458	3.578265	1166.656	1276.806	-1.442	-0.4307	7.691	-8.627	OK	44c8be367ca8a3918e67d3d2b62de9e0169cdee5	cargo run -p jxl-encoder --release --features 'parallel butteraugli-loop ssim2-loop' --example w44_170_cjxl_step025_sweep -- --image 297394 --effort 8 --distance-min 3.75 --distance-max 3.75 --distance-step 3.75 --strategy zenjxl --corpus-manifest benchmarks/corpora/w44_170_varied_corpus.tsv
297394	cid22	512	512	zenjxl	8	4.0000	28838	29186	63.0092	62.7871	4.113961	4.391032	1524.440	1491.357	-1.192	0.2221	-6.310	2.218	OK	44c8be367ca8a3918e67d3d2b62de9e0169cdee5	cargo run -p jxl-encoder --release --features 'parallel butteraugli-loop ssim2-loop' --example w44_170_cjxl_step025_sweep -- --image 297394 --effort 8 --distance-min 4 --distance-max 4 --distance-step 4 --strategy zenjxl --corpus-manifest benchmarks/corpora/w44_170_varied_corpus.tsv
297394	cid22	512	512	zenjxl	8	4.2500	26944	27793	61.2353	61.7171	4.074250	4.467083	1112.122	1401.421	-3.055	-0.4818	-8.794	-20.643	OK	44c8be367ca8a3918e67d3d2b62de9e0169cdee5	cargo run -p jxl-encoder --release --features 'parallel butteraugli-loop ssim2-loop' --example w44_170_cjxl_step025_sweep -- --image 297394 --effort 8 --distance-min 4.25 --distance-max 4.25 --distance-step 4.25 --strategy zenjxl --corpus-manifest benchmarks/corpora/w44_170_varied_corpus.tsv
297394	cid22	512	512	zenjxl	8	4.5000	25697	26556	58.8633	59.5173	4.823104	4.386855	1635.300	1645.899	-3.235	-0.6540	9.944	-0.644	OK	44c8be367ca8a3918e67d3d2b62de9e0169cdee5	cargo run -p jxl-encoder --release --features 'parallel butteraugli-loop ssim2-loop' --example w44_170_cjxl_step025_sweep -- --image 297394 --effort 8 --distance-min 4.5 --distance-max 4.5 --distance-step 4.5 --strategy zenjxl --corpus-manifest benchmarks/corpora/w44_170_varied_corpus.tsv
297394	cid22	512	512	zenjxl	8	4.7500	24320	24920	57.8458	58.7965	4.382395	4.172672	1652.095	1708.355	-2.408	-0.9507	5.026	-3.293	OK	44c8be367ca8a3918e67d3d2b62de9e0169cdee5	cargo run -p jxl-encoder --release --features 'parallel butteraugli-loop ssim2-loop' --example w44_170_cjxl_step025_sweep -- --image 297394 --effort 8 --distance-min 4.75 --distance-max 4.75 --distance-step 4.75 --strategy zenjxl --corpus-manifest benchmarks/corpora/w44_170_varied_corpus.tsv
297394	cid22	512	512	zenjxl	8	5.0000	22915	23615	56.0586	56.9228	4.749294	4.585484	1409.238	1363.340	-2.964	-0.8642	3.572	3.367	OK	44c8be367ca8a3918e67d3d2b62de9e0169cdee5	cargo run -p jxl-encoder --release --features 'parallel butteraugli-loop ssim2-loop' --example w44_170_cjxl_step025_sweep -- --image 297394 --effort 8 --distance-min 5 --distance-max 5 --distance-step 5 --strategy zenjxl --corpus-manifest benchmarks/corpora/w44_170_varied_corpus.tsv
297394	cid22	512	512	zenjxl	9	0.2500	204729	202669	94.4815	94.3866	0.299069	0.342972	3725.270	1983.956	1.016	0.0948	-12.801	87.770	OK	44c8be367ca8a3918e67d3d2b62de9e0169cdee5	cargo run -p jxl-encoder --release --features 'parallel butteraugli-loop ssim2-loop' --example w44_170_cjxl_step025_sweep -- --image 297394 --effort 9 --distance-min 0.25 --distance-max 0.25 --distance-step 0.25 --strategy zenjxl --corpus-manifest benchmarks/corpora/w44_170_varied_corpus.tsv
297394	cid22	512	512	zenjxl	9	0.5000	139838	137999	91.8577	91.9694	0.580046	0.639338	2681.628	2069.292	1.333	-0.1117	-9.274	29.592	OK	44c8be367ca8a3918e67d3d2b62de9e0169cdee5	cargo run -p jxl-encoder --release --features 'parallel butteraugli-loop ssim2-loop' --example w44_170_cjxl_step025_sweep -- --image 297394 --effort 9 --distance-min 0.5 --distance-max 0.5 --distance-step 0.5 --strategy zenjxl --corpus-manifest benchmarks/corpora/w44_170_varied_corpus.tsv
297394	cid22	512	512	zenjxl	9	0.7500	105825	104620	89.4970	89.8268	0.892304	0.863348	2509.379	2304.906	1.152	-0.3298	3.354	8.871	OK	44c8be367ca8a3918e67d3d2b62de9e0169cdee5	cargo run -p jxl-encoder --release --features 'parallel butteraugli-loop ssim2-loop' --example w44_170_cjxl_step025_sweep -- --image 297394 --effort 9 --distance-min 0.75 --distance-max 0.75 --distance-step 0.75 --strategy zenjxl --corpus-manifest benchmarks/corpora/w44_170_varied_corpus.tsv
297394	cid22	512	512	zenjxl	9	1.0000	86680	85777	87.1671	87.4553	1.194812	1.162457	2550.129	1996.186	1.053	-0.2882	2.783	27.750	OK	44c8be367ca8a3918e67d3d2b62de9e0169cdee5	cargo run -p jxl-encoder --release --features 'parallel butteraugli-loop ssim2-loop' --example w44_170_cjxl_step025_sweep -- --image 297394 --effort 9 --distance-min 1 --distance-max 1 --distance-step 1 --strategy zenjxl --corpus-manifest benchmarks/corpora/w44_170_varied_corpus.tsv
297394	cid22	512	512	zenjxl	9	1.2500	74268	73587	84.6730	85.0135	1.461027	1.461683	2422.125	2372.223	0.925	-0.3404	-0.045	2.104	OK	44c8be367ca8a3918e67d3d2b62de9e0169cdee5	cargo run -p jxl-encoder --release --features 'parallel butteraugli-loop ssim2-loop' --example w44_170_cjxl_step025_sweep -- --image 297394 --effort 9 --distance-min 1.25 --distance-max 1.25 --distance-step 1.25 --strategy zenjxl --corpus-manifest benchmarks/corpora/w44_170_varied_corpus.tsv
297394	cid22	512	512	zenjxl	9	1.5000	65127	64673	82.4519	82.7568	1.757304	1.841271	2343.694	3010.208	0.702	-0.3049	-4.560	-22.142	OK	44c8be367ca8a3918e67d3d2b62de9e0169cdee5	cargo run -p jxl-encoder --release --features 'parallel butteraugli-loop ssim2-loop' --example w44_170_cjxl_step025_sweep -- --image 297394 --effort 9 --distance-min 1.5 --distance-max 1.5 --distance-step 1.5 --strategy zenjxl --corpus-manifest benchmarks/corpora/w44_170_varied_corpus.tsv
297394	cid22	512	512	zenjxl	9	1.7500	58249	57892	80.5956	80.9677	1.983116	1.968521	2278.162	2095.497	0.617	-0.3722	0.741	8.717	OK	44c8be367ca8a3918e67d3d2b62de9e0169cdee5	cargo run -p jxl-encoder --release --features 'parallel butteraugli-loop ssim2-loop' --example w44_170_cjxl_step025_sweep -- --image 297394 --effort 9 --distance-min 1.75 --distance-max 1.75 --distance-step 1.75 --strategy zenjxl --corpus-manifest benchmarks/corpora/w44_170_varied_corpus.tsv
297394	cid22	512	512	zenjxl	9	2.0000	52541	52256	78.8677	78.5146	2.173137	2.184585	2050.989	2084.277	0.545	0.3531	-0.524	-1.597	OK	44c8be367ca8a3918e67d3d2b62de9e0169cdee5	cargo run -p jxl-encoder --release --features 'parallel butteraugli-loop ssim2-loop' --example w44_170_cjxl_step025_sweep -- --image 297394 --effort 9 --distance-min 2 --distance-max 2 --distance-step 2 --strategy zenjxl --corpus-manifest benchmarks/corpora/w44_170_varied_corpus.tsv
297394	cid22	512	512	zenjxl	9	2.2500	47881	47297	76.0739	76.0982	2.548059	2.504414	2095.221	1932.013	1.235	-0.0243	1.743	8.448	OK	44c8be367ca8a3918e67d3d2b62de9e0169cdee5	cargo run -p jxl-encoder --release --features 'parallel butteraugli-loop ssim2-loop' --example w44_170_cjxl_step025_sweep -- --image 297394 --effort 9 --distance-min 2.25 --distance-max 2.25 --distance-step 2.25 --strategy zenjxl --corpus-manifest benchmarks/corpora/w44_170_varied_corpus.tsv
297394	cid22	512	512	zenjxl	9	2.5000	43879	43629	74.2905	74.7597	2.677039	2.561094	2606.701	1912.909	0.573	-0.4692	4.527	36.269	OK	44c8be367ca8a3918e67d3d2b62de9e0169cdee5	cargo run -p jxl-encoder --release --features 'parallel butteraugli-loop ssim2-loop' --example w44_170_cjxl_step025_sweep -- --image 297394 --effort 9 --distance-min 2.5 --distance-max 2.5 --distance-step 2.5 --strategy zenjxl --corpus-manifest benchmarks/corpora/w44_170_varied_corpus.tsv
297394	cid22	512	512	zenjxl	9	2.7500	40585	40271	71.5567	72.6303	2.957204	2.786682	1985.844	1966.484	0.780	-1.0736	6.119	0.985	OK	44c8be367ca8a3918e67d3d2b62de9e0169cdee5	cargo run -p jxl-encoder --release --features 'parallel butteraugli-loop ssim2-loop' --example w44_170_cjxl_step025_sweep -- --image 297394 --effort 9 --distance-min 2.75 --distance-max 2.75 --distance-step 2.75 --strategy zenjxl --corpus-manifest benchmarks/corpora/w44_170_varied_corpus.tsv
297394	cid22	512	512	zenjxl	9	3.0000	37442	37311	69.9630	70.4631	3.344908	3.303272	1965.915	1902.377	0.351	-0.5002	1.260	3.340	OK	44c8be367ca8a3918e67d3d2b62de9e0169cdee5	cargo run -p jxl-encoder --release --features 'parallel butteraugli-loop ssim2-loop' --example w44_170_cjxl_step025_sweep -- --image 297394 --effort 9 --distance-min 3 --distance-max 3 --distance-step 3 --strategy zenjxl --corpus-manifest benchmarks/corpora/w44_170_varied_corpus.tsv
297394	cid22	512	512	zenjxl	9	3.2500	35100	34913	68.0104	68.2858	3.433801	3.386702	2065.823	2064.673	0.536	-0.2754	1.391	0.056	OK	44c8be367ca8a3918e67d3d2b62de9e0169cdee5	cargo run -p jxl-encoder --release --features 'parallel butteraugli-loop ssim2-loop' --example w44_170_cjxl_step025_sweep -- --image 297394 --effort 9 --distance-min 3.25 --distance-max 3.25 --distance-step 3.25 --strategy zenjxl --corpus-manifest benchmarks/corpora/w44_170_varied_corpus.tsv
297394	cid22	512	512	zenjxl	9	3.5000	32739	32845	66.1475	66.8442	3.597219	3.577865	1727.863	2141.387	-0.323	-0.6968	0.541	-19.311	OK	44c8be367ca8a3918e67d3d2b62de9e0169cdee5	cargo run -p jxl-encoder --release --features 'parallel butteraugli-loop ssim2-loop' --example w44_170_cjxl_step025_sweep -- --image 297394 --effort 9 --distance-min 3.5 --distance-max 3.5 --distance-step 3.5 --strategy zenjxl --corpus-manifest benchmarks/corpora/w44_170_varied_corpus.tsv
297394	cid22	512	512	zenjxl	9	3.7500	30724	30789	64.2604	64.6911	3.853458	3.578265	1735.203	1933.280	-0.211	-0.4307	7.691	-10.246	OK	44c8be367ca8a3918e67d3d2b62de9e0169cdee5	cargo run -p jxl-encoder --release --features 'parallel butteraugli-loop ssim2-loop' --example w44_170_cjxl_step025_sweep -- --image 297394 --effort 9 --distance-min 3.75 --distance-max 3.75 --distance-step 3.75 --strategy zenjxl --corpus-manifest benchmarks/corpora/w44_170_varied_corpus.tsv
297394	cid22	512	512	zenjxl	9	4.0000	29047	29093	63.0092	62.7871	4.113961	4.391032	2350.090	2648.167	-0.158	0.2221	-6.310	-11.256	OK	44c8be367ca8a3918e67d3d2b62de9e0169cdee5	cargo run -p jxl-encoder --release --features 'parallel butteraugli-loop ssim2-loop' --example w44_170_cjxl_step025_sweep -- --image 297394 --effort 9 --distance-min 4 --distance-max 4 --distance-step 4 --strategy zenjxl --corpus-manifest benchmarks/corpora/w44_170_varied_corpus.tsv
297394	cid22	512	512	zenjxl	9	4.2500	27320	27732	61.2353	61.7171	4.074250	4.467083	2772.812	2227.084	-1.486	-0.4818	-8.794	24.504	OK	44c8be367ca8a3918e67d3d2b62de9e0169cdee5	cargo run -p jxl-encoder --release --features 'parallel butteraugli-loop ssim2-loop' --example w44_170_cjxl_step025_sweep -- --image 297394 --effort 9 --distance-min 4.25 --distance-max 4.25 --distance-step 4.25 --strategy zenjxl --corpus-manifest benchmarks/corpora/w44_170_varied_corpus.tsv
297394	cid22	512	512	zenjxl	9	4.5000	25966	26503	58.8633	59.5092	4.823104	4.386855	2308.834	2464.738	-2.026	-0.6459	9.944	-6.325	OK	44c8be367ca8a3918e67d3d2b62de9e0169cdee5	cargo run -p jxl-encoder --release --features 'parallel butteraugli-loop ssim2-loop' --example w44_170_cjxl_step025_sweep -- --image 297394 --effort 9 --distance-min 4.5 --distance-max 4.5 --distance-step 4.5 --strategy zenjxl --corpus-manifest benchmarks/corpora/w44_170_varied_corpus.tsv
297394	cid22	512	512	zenjxl	9	4.7500	24578	24877	57.8458	58.7965	4.382395	4.172672	2654.598	2339.544	-1.202	-0.9507	5.026	13.466	OK	44c8be367ca8a3918e67d3d2b62de9e0169cdee5	cargo run -p jxl-encoder --release --features 'parallel butteraugli-loop ssim2-loop' --example w44_170_cjxl_step025_sweep -- --image 297394 --effort 9 --distance-min 4.75 --distance-max 4.75 --distance-step 4.75 --strategy zenjxl --corpus-manifest benchmarks/corpora/w44_170_varied_corpus.tsv
297394	cid22	512	512	zenjxl	9	5.0000	23127	23556	56.0586	56.9228	4.749294	4.585484	2301.043	2101.458	-1.821	-0.8642	3.572	9.497	OK	44c8be367ca8a3918e67d3d2b62de9e0169cdee5	cargo run -p jxl-encoder --release --features 'parallel butteraugli-loop ssim2-loop' --example w44_170_cjxl_step025_sweep -- --image 297394 --effort 9 --distance-min 5 --distance-max 5 --distance-step 5 --strategy zenjxl --corpus-manifest benchmarks/corpora/w44_170_varied_corpus.tsv
3637739	cid22	512	512	zenjxl	5	0.2500	101511	101465	94.0983	94.2770	0.397260	0.403256	296.374	369.438	0.045	-0.1787	-1.487	-19.777	OK	44c8be367ca8a3918e67d3d2b62de9e0169cdee5	cargo run -p jxl-encoder --release --features 'parallel butteraugli-loop ssim2-loop' --example w44_170_cjxl_step025_sweep -- --image 3637739 --effort 5 --distance-min 0.25 --distance-max 0.25 --distance-step 0.25 --strategy zenjxl --corpus-manifest benchmarks/corpora/w44_170_varied_corpus.tsv
3637739	cid22	512	512	zenjxl	5	0.5000	67039	67165	92.0196	92.2114	0.730354	0.726671	194.622	213.053	-0.188	-0.1918	0.507	-8.651	OK	44c8be367ca8a3918e67d3d2b62de9e0169cdee5	cargo run -p jxl-encoder --release --features 'parallel butteraugli-loop ssim2-loop' --example w44_170_cjxl_step025_sweep -- --image 3637739 --effort 5 --distance-min 0.5 --distance-max 0.5 --distance-step 0.5 --strategy zenjxl --corpus-manifest benchmarks/corpora/w44_170_varied_corpus.tsv
3637739	cid22	512	512	zenjxl	5	0.7500	49543	49821	89.8817	90.2077	0.985757	1.008715	164.566	243.212	-0.558	-0.3260	-2.276	-32.336	OK	44c8be367ca8a3918e67d3d2b62de9e0169cdee5	cargo run -p jxl-encoder --release --features 'parallel butteraugli-loop ssim2-loop' --example w44_170_cjxl_step025_sweep -- --image 3637739 --effort 5 --distance-min 0.75 --distance-max 0.75 --distance-step 0.75 --strategy zenjxl --corpus-manifest benchmarks/corpora/w44_170_varied_corpus.tsv
3637739	cid22	512	512	zenjxl	5	1.0000	40299	40373	87.8665	88.1744	1.350465	1.349583	136.876	234.778	-0.183	-0.3079	0.065	-41.700	OK	44c8be367ca8a3918e67d3d2b62de9e0169cdee5	cargo run -p jxl-encoder --release --features 'parallel butteraugli-loop ssim2-loop' --example w44_170_cjxl_step025_sweep -- --image 3637739 --effort 5 --distance-min 1 --distance-max 1 --distance-step 1 --strategy zenjxl --corpus-manifest benchmarks/corpora/w44_170_varied_corpus.tsv
3637739	cid22	512	512	zenjxl	5	1.2500	34577	34572	86.1370	86.5027	1.594184	1.580935	196.464	200.412	0.014	-0.3657	0.838	-1.970	OK	44c8be367ca8a3918e67d3d2b62de9e0169cdee5	cargo run -p jxl-encoder --release --features 'parallel butteraugli-loop ssim2-loop' --example w44_170_cjxl_step025_sweep -- --image 3637739 --effort 5 --distance-min 1.25 --distance-max 1.25 --distance-step 1.25 --strategy zenjxl --corpus-manifest benchmarks/corpora/w44_170_varied_corpus.tsv
3637739	cid22	512	512	zenjxl	5	1.5000	30451	30536	84.5819	85.0256	1.668043	1.653626	147.801	178.312	-0.278	-0.4438	0.872	-17.111	OK	44c8be367ca8a3918e67d3d2b62de9e0169cdee5	cargo run -p jxl-encoder --release --features 'parallel butteraugli-loop ssim2-loop' --example w44_170_cjxl_step025_sweep -- --image 3637739 --effort 5 --distance-min 1.5 --distance-max 1.5 --distance-step 1.5 --strategy zenjxl --corpus-manifest benchmarks/corpora/w44_170_varied_corpus.tsv
3637739	cid22	512	512	zenjxl	5	1.7500	27378	27413	83.0965	83.6137	1.810190	1.780685	137.141	299.411	-0.128	-0.5173	1.657	-54.196	OK	44c8be367ca8a3918e67d3d2b62de9e0169cdee5	cargo run -p jxl-encoder --release --features 'parallel butteraugli-loop ssim2-loop' --example w44_170_cjxl_step025_sweep -- --image 3637739 --effort 5 --distance-min 1.75 --distance-max 1.75 --distance-step 1.75 --strategy zenjxl --corpus-manifest benchmarks/corpora/w44_170_varied_corpus.tsv
3637739	cid22	512	512	zenjxl	5	2.0000	25215	25247	81.5278	82.3052	1.795882	1.876766	125.430	259.393	-0.127	-0.7773	-4.310	-51.645	OK	44c8be367ca8a3918e67d3d2b62de9e0169cdee5	cargo run -p jxl-encoder --release --features 'parallel butteraugli-loop ssim2-loop' --example w44_170_cjxl_step025_sweep -- --image 3637739 --effort 5 --distance-min 2 --distance-max 2 --distance-step 2 --strategy zenjxl --corpus-manifest benchmarks/corpora/w44_170_varied_corpus.tsv
3637739	cid22	512	512	zenjxl	5	2.2500	23386	23285	80.5462	81.3538	2.398244	2.412256	133.607	417.019	0.434	-0.8076	-0.581	-67.962	OK	44c8be367ca8a3918e67d3d2b62de9e0169cdee5	cargo run -p jxl-encoder --release --features 'parallel butteraugli-loop ssim2-loop' --example w44_170_cjxl_step025_sweep -- --image 3637739 --effort 5 --distance-min 2.25 --distance-max 2.25 --distance-step 2.25 --strategy zenjxl --corpus-manifest benchmarks/corpora/w44_170_varied_corpus.tsv
3637739	cid22	512	512	zenjxl	5	2.5000	21748	21666	78.6875	79.8181	2.798138	2.902550	108.452	288.319	0.378	-1.1306	-3.597	-62.385	OK	44c8be367ca8a3918e67d3d2b62de9e0169cdee5	cargo run -p jxl-encoder --release --features 'parallel butteraugli-loop ssim2-loop' --example w44_170_cjxl_step025_sweep -- --image 3637739 --effort 5 --distance-min 2.5 --distance-max 2.5 --distance-step 2.5 --strategy zenjxl --corpus-manifest benchmarks/corpora/w44_170_varied_corpus.tsv
3637739	cid22	512	512	zenjxl	5	2.7500	20412	20204	77.3238	78.7484	2.530558	2.592652	136.800	288.745	1.029	-1.4246	-2.395	-52.623	OK	44c8be367ca8a3918e67d3d2b62de9e0169cdee5	cargo run -p jxl-encoder --release --features 'parallel butteraugli-loop ssim2-loop' --example w44_170_cjxl_step025_sweep -- --image 3637739 --effort 5 --distance-min 2.75 --distance-max 2.75 --distance-step 2.75 --strategy zenjxl --corpus-manifest benchmarks/corpora/w44_170_varied_corpus.tsv
3637739	cid22	512	512	zenjxl	5	3.0000	19152	19023	75.8654	77.4099	2.777397	2.763681	132.779	266.356	0.678	-1.5445	0.496	-50.150	OK	44c8be367ca8a3918e67d3d2b62de9e0169cdee5	cargo run -p jxl-encoder --release --features 'parallel butteraugli-loop ssim2-loop' --example w44_170_cjxl_step025_sweep -- --image 3637739 --effort 5 --distance-min 3 --distance-max 3 --distance-step 3 --strategy zenjxl --corpus-manifest benchmarks/corpora/w44_170_varied_corpus.tsv
3637739	cid22	512	512	zenjxl	5	3.2500	18129	17905	74.5913	76.1479	3.171231	3.142913	174.042	334.737	1.251	-1.5566	0.901	-48.006	OK	44c8be367ca8a3918e67d3d2b62de9e0169cdee5	cargo run -p jxl-encoder --release --features 'parallel butteraugli-loop ssim2-loop' --example w44_170_cjxl_step025_sweep -- --image 3637739 --effort 5 --distance-min 3.25 --distance-max 3.25 --distance-step 3.25 --strategy zenjxl --corpus-manifest benchmarks/corpora/w44_170_varied_corpus.tsv
3637739	cid22	512	512	zenjxl	5	3.5000	17287	17128	72.7902	74.4169	3.566454	3.572275	113.361	255.637	0.928	-1.6266	-0.163	-55.655	OK	44c8be367ca8a3918e67d3d2b62de9e0169cdee5	cargo run -p jxl-encoder --release --features 'parallel butteraugli-loop ssim2-loop' --example w44_170_cjxl_step025_sweep -- --image 3637739 --effort 5 --distance-min 3.5 --distance-max 3.5 --distance-step 3.5 --strategy zenjxl --corpus-manifest benchmarks/corpora/w44_170_varied_corpus.tsv
3637739	cid22	512	512	zenjxl	5	3.7500	16540	16307	71.6701	73.3743	3.711204	3.711064	132.680	292.038	1.429	-1.7041	0.004	-54.567	OK	44c8be367ca8a3918e67d3d2b62de9e0169cdee5	cargo run -p jxl-encoder --release --features 'parallel butteraugli-loop ssim2-loop' --example w44_170_cjxl_step025_sweep -- --image 3637739 --effort 5 --distance-min 3.75 --distance-max 3.75 --distance-step 3.75 --strategy zenjxl --corpus-manifest benchmarks/corpora/w44_170_varied_corpus.tsv
3637739	cid22	512	512	zenjxl	5	4.0000	15810	15563	70.2209	71.6853	3.834556	3.813459	127.781	194.829	1.587	-1.4644	0.553	-34.414	OK	44c8be367ca8a3918e67d3d2b62de9e0169cdee5	cargo run -p jxl-encoder --release --features 'parallel butteraugli-loop ssim2-loop' --example w44_170_cjxl_step025_sweep -- --image 3637739 --effort 5 --distance-min 4 --distance-max 4 --distance-step 4 --strategy zenjxl --corpus-manifest benchmarks/corpora/w44_170_varied_corpus.tsv
3637739	cid22	512	512	zenjxl	5	4.2500	15260	15092	68.8040	70.6885	3.921172	3.945788	117.374	180.174	1.113	-1.8845	-0.624	-34.856	OK	44c8be367ca8a3918e67d3d2b62de9e0169cdee5	cargo run -p jxl-encoder --release --features 'parallel butteraugli-loop ssim2-loop' --example w44_170_cjxl_step025_sweep -- --image 3637739 --effort 5 --distance-min 4.25 --distance-max 4.25 --distance-step 4.25 --strategy zenjxl --corpus-manifest benchmarks/corpora/w44_170_varied_corpus.tsv
3637739	cid22	512	512	zenjxl	5	4.5000	14684	14580	67.7381	69.7490	4.130650	4.110804	133.783	166.210	0.713	-2.0109	0.483	-19.510	OK	44c8be367ca8a3918e67d3d2b62de9e0169cdee5	cargo run -p jxl-encoder --release --features 'parallel butteraugli-loop ssim2-loop' --example w44_170_cjxl_step025_sweep -- --image 3637739 --effort 5 --distance-min 4.5 --distance-max 4.5 --distance-step 4.5 --strategy zenjxl --corpus-manifest benchmarks/corpora/w44_170_varied_corpus.tsv
3637739	cid22	512	512	zenjxl	5	4.7500	14185	13963	66.2704	68.6617	4.191860	4.141563	157.922	269.312	1.590	-2.3913	1.214	-41.361	OK	44c8be367ca8a3918e67d3d2b62de9e0169cdee5	cargo run -p jxl-encoder --release --features 'parallel butteraugli-loop ssim2-loop' --example w44_170_cjxl_step025_sweep -- --image 3637739 --effort 5 --distance-min 4.75 --distance-max 4.75 --distance-step 4.75 --strategy zenjxl --corpus-manifest benchmarks/corpora/w44_170_varied_corpus.tsv
3637739	cid22	512	512	zenjxl	5	5.0000	13793	13634	65.7505	68.0064	4.755765	4.777697	140.095	181.729	1.166	-2.2559	-0.459	-22.910	OK	44c8be367ca8a3918e67d3d2b62de9e0169cdee5	cargo run -p jxl-encoder --release --features 'parallel butteraugli-loop ssim2-loop' --example w44_170_cjxl_step025_sweep -- --image 3637739 --effort 5 --distance-min 5 --distance-max 5 --distance-step 5 --strategy zenjxl --corpus-manifest benchmarks/corpora/w44_170_varied_corpus.tsv
3637739	cid22	512	512	zenjxl	6	0.2500	100162	100229	93.9895	94.2364	0.397252	0.403266	300.204	423.533	-0.067	-0.2468	-1.491	-29.119	OK	44c8be367ca8a3918e67d3d2b62de9e0169cdee5	cargo run -p jxl-encoder --release --features 'parallel butteraugli-loop ssim2-loop' --example w44_170_cjxl_step025_sweep -- --image 3637739 --effort 6 --distance-min 0.25 --distance-max 0.25 --distance-step 0.25 --strategy zenjxl --corpus-manifest benchmarks/corpora/w44_170_varied_corpus.tsv
3637739	cid22	512	512	zenjxl	6	0.5000	65892	65478	91.9934	92.1153	0.730363	0.734201	239.346	232.504	0.632	-0.1220	-0.523	2.943	OK	44c8be367ca8a3918e67d3d2b62de9e0169cdee5	cargo run -p jxl-encoder --release --features 'parallel butteraugli-loop ssim2-loop' --example w44_170_cjxl_step025_sweep -- --image 3637739 --effort 6 --distance-min 0.5 --distance-max 0.5 --distance-step 0.5 --strategy zenjxl --corpus-manifest benchmarks/corpora/w44_170_varied_corpus.tsv
3637739	cid22	512	512	zenjxl	6	0.7500	48934	48694	89.8032	90.1914	1.001301	1.031700	259.594	434.668	0.493	-0.3882	-2.947	-40.278	OK	44c8be367ca8a3918e67d3d2b62de9e0169cdee5	cargo run -p jxl-encoder --release --features 'parallel butteraugli-loop ssim2-loop' --example w44_170_cjxl_step025_sweep -- --image 3637739 --effort 6 --distance-min 0.75 --distance-max 0.75 --distance-step 0.75 --strategy zenjxl --corpus-manifest benchmarks/corpora/w44_170_varied_corpus.tsv
3637739	cid22	512	512	zenjxl	6	1.0000	40065	39764	87.7381	88.1373	1.389549	1.403982	280.253	426.639	0.757	-0.3992	-1.028	-34.311	OK	44c8be367ca8a3918e67d3d2b62de9e0169cdee5	cargo run -p jxl-encoder --release --features 'parallel butteraugli-loop ssim2-loop' --example w44_170_cjxl_step025_sweep -- --image 3637739 --effort 6 --distance-min 1 --distance-max 1 --distance-step 1 --strategy zenjxl --corpus-manifest benchmarks/corpora/w44_170_varied_corpus.tsv
3637739	cid22	512	512	zenjxl	6	1.2500	34352	34251	86.0684	86.6332	1.607059	1.554393	280.145	353.310	0.295	-0.5648	3.388	-20.709	OK	44c8be367ca8a3918e67d3d2b62de9e0169cdee5	cargo run -p jxl-encoder --release --features 'parallel butteraugli-loop ssim2-loop' --example w44_170_cjxl_step025_sweep -- --image 3637739 --effort 6 --distance-min 1.25 --distance-max 1.25 --distance-step 1.25 --strategy zenjxl --corpus-manifest benchmarks/corpora/w44_170_varied_corpus.tsv
3637739	cid22	512	512	zenjxl	6	1.5000	30668	30394	84.4137	85.0494	1.556542	1.540034	258.338	698.902	0.901	-0.6357	1.072	-63.037	OK	44c8be367ca8a3918e67d3d2b62de9e0169cdee5	cargo run -p jxl-encoder --release --features 'parallel butteraugli-loop ssim2-loop' --example w44_170_cjxl_step025_sweep -- --image 3637739 --effort 6 --distance-min 1.5 --distance-max 1.5 --distance-step 1.5 --strategy zenjxl --corpus-manifest benchmarks/corpora/w44_170_varied_corpus.tsv
3637739	cid22	512	512	zenjxl	6	1.7500	27551	27391	82.9458	83.7318	1.869882	1.927522	221.385	361.149	0.584	-0.7860	-2.990	-38.700	OK	44c8be367ca8a3918e67d3d2b62de9e0169cdee5	cargo run -p jxl-encoder --release --features 'parallel butteraugli-loop ssim2-loop' --example w44_170_cjxl_step025_sweep -- --image 3637739 --effort 6 --distance-min 1.75 --distance-max 1.75 --distance-step 1.75 --strategy zenjxl --corpus-manifest benchmarks/corpora/w44_170_varied_corpus.tsv
3637739	cid22	512	512	zenjxl	6	2.0000	25411	25270	81.4687	82.5138	1.842213	1.814356	266.026	359.245	0.558	-1.0451	1.535	-25.948	OK	44c8be367ca8a3918e67d3d2b62de9e0169cdee5	cargo run -p jxl-encoder --release --features 'parallel butteraugli-loop ssim2-loop' --example w44_170_cjxl_step025_sweep -- --image 3637739 --effort 6 --distance-min 2 --distance-max 2 --distance-step 2 --strategy zenjxl --corpus-manifest benchmarks/corpora/w44_170_varied_corpus.tsv
3637739	cid22	512	512	zenjxl	6	2.2500	23658	23452	80.4093	81.5272	2.404880	2.315624	256.598	372.431	0.878	-1.1179	3.854	-31.102	OK	44c8be367ca8a3918e67d3d2b62de9e0169cdee5	cargo run -p jxl-encoder --release --features 'parallel butteraugli-loop ssim2-loop' --example w44_170_cjxl_step025_sweep -- --image 3637739 --effort 6 --distance-min 2.25 --distance-max 2.25 --distance-step 2.25 --strategy zenjxl --corpus-manifest benchmarks/corpora/w44_170_varied_corpus.tsv
3637739	cid22	512	512	zenjxl	6	2.5000	22103	21778	78.6961	80.1078	2.343261	2.404877	271.025	368.329	1.492	-1.4117	-2.562	-26.418	OK	44c8be367ca8a3918e67d3d2b62de9e0169cdee5	cargo run -p jxl-encoder --release --features 'parallel butteraugli-loop ssim2-loop' --example w44_170_cjxl_step025_sweep -- --image 3637739 --effort 6 --distance-min 2.5 --distance-max 2.5 --distance-step 2.5 --strategy zenjxl --corpus-manifest benchmarks/corpora/w44_170_varied_corpus.tsv
3637739	cid22	512	512	zenjxl	6	2.7500	20826	20500	77.1944	78.8382	2.471619	2.467355	302.649	388.969	1.590	-1.6438	0.173	-22.192	OK	44c8be367ca8a3918e67d3d2b62de9e0169cdee5	cargo run -p jxl-encoder --release --features 'parallel butteraugli-loop ssim2-loop' --example w44_170_cjxl_step025_sweep -- --image 3637739 --effort 6 --distance-min 2.75 --distance-max 2.75 --distance-step 2.75 --strategy zenjxl --corpus-manifest benchmarks/corpora/w44_170_varied_corpus.tsv
3637739	cid22	512	512	zenjxl	6	3.0000	19703	19386	75.9868	77.6352	2.892953	2.847712	199.920	440.737	1.635	-1.6484	1.589	-54.640	OK	44c8be367ca8a3918e67d3d2b62de9e0169cdee5	cargo run -p jxl-encoder --release --features 'parallel butteraugli-loop ssim2-loop' --example w44_170_cjxl_step025_sweep -- --image 3637739 --effort 6 --distance-min 3 --distance-max 3 --distance-step 3 --strategy zenjxl --corpus-manifest benchmarks/corpora/w44_170_varied_corpus.tsv
3637739	cid22	512	512	zenjxl	6	3.2500	18734	18441	74.6209	76.3740	2.945012	2.924309	258.314	375.430	1.589	-1.7531	0.708	-31.195	OK	44c8be367ca8a3918e67d3d2b62de9e0169cdee5	cargo run -p jxl-encoder --release --features 'parallel butteraugli-loop ssim2-loop' --example w44_170_cjxl_step025_sweep -- --image 3637739 --effort 6 --distance-min 3.25 --distance-max 3.25 --distance-step 3.25 --strategy zenjxl --corpus-manifest benchmarks/corpora/w44_170_varied_corpus.tsv
3637739	cid22	512	512	zenjxl	6	3.5000	17892	17509	72.7853	74.8897	3.238363	3.383889	211.433	348.790	2.187	-2.1044	-4.301	-39.381	OK	44c8be367ca8a3918e67d3d2b62de9e0169cdee5	cargo run -p jxl-encoder --release --features 'parallel butteraugli-loop ssim2-loop' --example w44_170_cjxl_step025_sweep -- --image 3637739 --effort 6 --distance-min 3.5 --distance-max 3.5 --distance-step 3.5 --strategy zenjxl --corpus-manifest benchmarks/corpora/w44_170_varied_corpus.tsv
3637739	cid22	512	512	zenjxl	6	3.7500	17106	16769	71.6410	73.7984	3.443299	3.453500	228.741	258.631	2.010	-2.1574	-0.295	-11.557	OK	44c8be367ca8a3918e67d3d2b62de9e0169cdee5	cargo run -p jxl-encoder --release --features 'parallel butteraugli-loop ssim2-loop' --example w44_170_cjxl_step025_sweep -- --image 3637739 --effort 6 --distance-min 3.75 --distance-max 3.75 --distance-step 3.75 --strategy zenjxl --corpus-manifest benchmarks/corpora/w44_170_varied_corpus.tsv
3637739	cid22	512	512	zenjxl	6	4.0000	16532	16337	70.5056	72.4576	3.801821	3.947332	621.223	739.129	1.194	-1.9520	-3.686	-15.952	OK	44c8be367ca8a3918e67d3d2b62de9e0169cdee5	cargo run -p jxl-encoder --release --features 'parallel butteraugli-loop ssim2-loop' --example w44_170_cjxl_step025_sweep -- --image 3637739 --effort 6 --distance-min 4 --distance-max 4 --distance-step 4 --strategy zenjxl --corpus-manifest benchmarks/corpora/w44_170_varied_corpus.tsv
3637739	cid22	512	512	zenjxl	6	4.2500	15963	15887	68.9812	71.1467	3.993387	3.926773	383.501	394.665	0.478	-2.1655	1.696	-2.829	OK	44c8be367ca8a3918e67d3d2b62de9e0169cdee5	cargo run -p jxl-encoder --release --features 'parallel butteraugli-loop ssim2-loop' --example w44_170_cjxl_step025_sweep -- --image 3637739 --effort 6 --distance-min 4.25 --distance-max 4.25 --distance-step 4.25 --strategy zenjxl --corpus-manifest benchmarks/corpora/w44_170_varied_corpus.tsv
3637739	cid22	512	512	zenjxl	6	4.5000	15385	15426	68.0684	70.8065	4.197695	4.190650	360.047	411.061	-0.266	-2.7381	0.168	-12.410	OK	44c8be367ca8a3918e67d3d2b62de9e0169cdee5	cargo run -p jxl-encoder --release --features 'parallel butteraugli-loop ssim2-loop' --example w44_170_cjxl_step025_sweep -- --image 3637739 --effort 6 --distance-min 4.5 --distance-max 4.5 --distance-step 4.5 --strategy zenjxl --corpus-manifest benchmarks/corpora/w44_170_varied_corpus.tsv
3637739	cid22	512	512	zenjxl	6	4.7500	14691	14419	66.6016	69.5309	4.209312	4.191485	301.433	430.895	1.886	-2.9293	0.425	-30.045	OK	44c8be367ca8a3918e67d3d2b62de9e0169cdee5	cargo run -p jxl-encoder --release --features 'parallel butteraugli-loop ssim2-loop' --example w44_170_cjxl_step025_sweep -- --image 3637739 --effort 6 --distance-min 4.75 --distance-max 4.75 --distance-step 4.75 --strategy zenjxl --corpus-manifest benchmarks/corpora/w44_170_varied_corpus.tsv
3637739	cid22	512	512	zenjxl	6	5.0000	14299	13988	66.1451	68.4544	4.682621	4.714557	276.631	362.454	2.223	-2.3092	-0.677	-23.678	OK	44c8be367ca8a3918e67d3d2b62de9e0169cdee5	cargo run -p jxl-encoder --release --features 'parallel butteraugli-loop ssim2-loop' --example w44_170_cjxl_step025_sweep -- --image 3637739 --effort 6 --distance-min 5 --distance-max 5 --distance-step 5 --strategy zenjxl --corpus-manifest benchmarks/corpora/w44_170_varied_corpus.tsv
3637739	cid22	512	512	zenjxl	7	0.2500	100164	100282	93.9949	94.1732	0.397252	0.403266	405.930	259.799	-0.118	-0.1784	-1.491	56.247	OK	44c8be367ca8a3918e67d3d2b62de9e0169cdee5	cargo run -p jxl-encoder --release --features 'parallel butteraugli-loop ssim2-loop' --example w44_170_cjxl_step025_sweep -- --image 3637739 --effort 7 --distance-min 0.25 --distance-max 0.25 --distance-step 0.25 --strategy zenjxl --corpus-manifest benchmarks/corpora/w44_170_varied_corpus.tsv
3637739	cid22	512	512	zenjxl	7	0.5000	65990	65536	91.9953	92.1395	0.730363	0.734201	253.186	405.531	0.693	-0.1442	-0.523	-37.567	OK	44c8be367ca8a3918e67d3d2b62de9e0169cdee5	cargo run -p jxl-encoder --release --features 'parallel butteraugli-loop ssim2-loop' --example w44_170_cjxl_step025_sweep -- --image 3637739 --effort 7 --distance-min 0.5 --distance-max 0.5 --distance-step 0.5 --strategy zenjxl --corpus-manifest benchmarks/corpora/w44_170_varied_corpus.tsv
3637739	cid22	512	512	zenjxl	7	0.7500	48932	48765	89.8066	90.1719	1.001301	1.023406	203.281	392.469	0.342	-0.3652	-2.160	-48.205	OK	44c8be367ca8a3918e67d3d2b62de9e0169cdee5	cargo run -p jxl-encoder --release --features 'parallel butteraugli-loop ssim2-loop' --example w44_170_cjxl_step025_sweep -- --image 3637739 --effort 7 --distance-min 0.75 --distance-max 0.75 --distance-step 0.75 --strategy zenjxl --corpus-manifest benchmarks/corpora/w44_170_varied_corpus.tsv
3637739	cid22	512	512	zenjxl	7	1.0000	40060	39779	87.7291	88.1179	1.389549	1.404588	334.553	578.216	0.706	-0.3888	-1.071	-42.140	OK	44c8be367ca8a3918e67d3d2b62de9e0169cdee5	cargo run -p jxl-encoder --release --features 'parallel butteraugli-loop ssim2-loop' --example w44_170_cjxl_step025_sweep -- --image 3637739 --effort 7 --distance-min 1 --distance-max 1 --distance-step 1 --strategy zenjxl --corpus-manifest benchmarks/corpora/w44_170_varied_corpus.tsv
3637739	cid22	512	512	zenjxl	7	1.2500	34350	34276	86.0589	86.6385	1.607059	1.554393	477.007	406.431	0.216	-0.5796	3.388	17.365	OK	44c8be367ca8a3918e67d3d2b62de9e0169cdee5	cargo run -p jxl-encoder --release --features 'parallel butteraugli-loop ssim2-loop' --example w44_170_cjxl_step025_sweep -- --image 3637739 --effort 7 --distance-min 1.25 --distance-max 1.25 --distance-step 1.25 --strategy zenjxl --corpus-manifest benchmarks/corpora/w44_170_varied_corpus.tsv
3637739	cid22	512	512	zenjxl	7	1.5000	30673	30407	84.4183	85.0079	1.556542	1.540034	206.352	521.336	0.875	-0.5896	1.072	-60.419	OK	44c8be367ca8a3918e67d3d2b62de9e0169cdee5	cargo run -p jxl-encoder --release --features 'parallel butteraugli-loop ssim2-loop' --example w44_170_cjxl_step025_sweep -- --image 3637739 --effort 7 --distance-min 1.5 --distance-max 1.5 --distance-step 1.5 --strategy zenjxl --corpus-manifest benchmarks/corpora/w44_170_varied_corpus.tsv
3637739	cid22	512	512	zenjxl	7	1.7500	27554	27393	82.9544	83.7393	1.869882	1.927522	239.613	393.999	0.588	-0.7848	-2.990	-39.184	OK	44c8be367ca8a3918e67d3d2b62de9e0169cdee5	cargo run -p jxl-encoder --release --features 'parallel butteraugli-loop ssim2-loop' --example w44_170_cjxl_step025_sweep -- --image 3637739 --effort 7 --distance-min 1.75 --distance-max 1.75 --distance-step 1.75 --strategy zenjxl --corpus-manifest benchmarks/corpora/w44_170_varied_corpus.tsv
3637739	cid22	512	512	zenjxl	7	2.0000	25268	25264	81.4172	82.5157	1.942610	1.814356	288.575	556.299	0.016	-1.0985	7.069	-48.126	OK	44c8be367ca8a3918e67d3d2b62de9e0169cdee5	cargo run -p jxl-encoder --release --features 'parallel butteraugli-loop ssim2-loop' --example w44_170_cjxl_step025_sweep -- --image 3637739 --effort 7 --distance-min 2 --distance-max 2 --distance-step 2 --strategy zenjxl --corpus-manifest benchmarks/corpora/w44_170_varied_corpus.tsv
3637739	cid22	512	512	zenjxl	7	2.2500	23559	23456	80.3069	81.5302	2.404298	2.315624	422.083	461.784	0.439	-1.2233	3.829	-8.597	OK	44c8be367ca8a3918e67d3d2b62de9e0169cdee5	cargo run -p jxl-encoder --release --features 'parallel butteraugli-loop ssim2-loop' --example w44_170_cjxl_step025_sweep -- --image 3637739 --effort 7 --distance-min 2.25 --distance-max 2.25 --distance-step 2.25 --strategy zenjxl --corpus-manifest benchmarks/corpora/w44_170_varied_corpus.tsv
3637739	cid22	512	512	zenjxl	7	2.5000	21931	21765	78.5755	80.1076	2.343570	2.404877	327.516	600.185	0.763	-1.5321	-2.549	-45.431	OK	44c8be367ca8a3918e67d3d2b62de9e0169cdee5	cargo run -p jxl-encoder --release --features 'parallel butteraugli-loop ssim2-loop' --example w44_170_cjxl_step025_sweep -- --image 3637739 --effort 7 --distance-min 2.5 --distance-max 2.5 --distance-step 2.5 --strategy zenjxl --corpus-manifest benchmarks/corpora/w44_170_varied_corpus.tsv
3637739	cid22	512	512	zenjxl	7	2.7500	20660	20490	77.0785	78.8029	2.471603	2.467355	320.112	462.947	0.830	-1.7243	0.172	-30.853	OK	44c8be367ca8a3918e67d3d2b62de9e0169cdee5	cargo run -p jxl-encoder --release --features 'parallel butteraugli-loop ssim2-loop' --example w44_170_cjxl_step025_sweep -- --image 3637739 --effort 7 --distance-min 2.75 --distance-max 2.75 --distance-step 2.75 --strategy zenjxl --corpus-manifest benchmarks/corpora/w44_170_varied_corpus.tsv
3637739	cid22	512	512	zenjxl	7	3.0000	19547	19421	75.7251	77.6955	2.893162	2.847703	386.053	545.044	0.649	-1.9704	1.596	-29.170	OK	44c8be367ca8a3918e67d3d2b62de9e0169cdee5	cargo run -p jxl-encoder --release --features 'parallel butteraugli-loop ssim2-loop' --example w44_170_cjxl_step025_sweep -- --image 3637739 --effort 7 --distance-min 3 --distance-max 3 --distance-step 3 --strategy zenjxl --corpus-manifest benchmarks/corpora/w44_170_varied_corpus.tsv
3637739	cid22	512	512	zenjxl	7	3.2500	18511	18484	74.2978	76.5216	2.945012	2.924309	378.047	505.718	0.146	-2.2237	0.708	-25.246	OK	44c8be367ca8a3918e67d3d2b62de9e0169cdee5	cargo run -p jxl-encoder --release --features 'parallel butteraugli-loop ssim2-loop' --example w44_170_cjxl_step025_sweep -- --image 3637739 --effort 7 --distance-min 3.25 --distance-max 3.25 --distance-step 3.25 --strategy zenjxl --corpus-manifest benchmarks/corpora/w44_170_varied_corpus.tsv
3637739	cid22	512	512	zenjxl	7	3.5000	17798	17548	72.3052	74.8284	3.338299	3.086510	318.434	506.364	1.425	-2.5232	8.158	-37.114	OK	44c8be367ca8a3918e67d3d2b62de9e0169cdee5	cargo run -p jxl-encoder --release --features 'parallel butteraugli-loop ssim2-loop' --example w44_170_cjxl_step025_sweep -- --image 3637739 --effort 7 --distance-min 3.5 --distance-max 3.5 --distance-step 3.5 --strategy zenjxl --corpus-manifest benchmarks/corpora/w44_170_varied_corpus.tsv
3637739	cid22	512	512	zenjxl	7	3.7500	17054	16784	71.1862	73.7521	3.511586	3.471120	358.104	687.265	1.609	-2.5659	1.166	-47.894	OK	44c8be367ca8a3918e67d3d2b62de9e0169cdee5	cargo run -p jxl-encoder --release --features 'parallel butteraugli-loop ssim2-loop' --example w44_170_cjxl_step025_sweep -- --image 3637739 --effort 7 --distance-min 3.75 --distance-max 3.75 --distance-step 3.75 --strategy zenjxl --corpus-manifest benchmarks/corpora/w44_170_varied_corpus.tsv
3637739	cid22	512	512	zenjxl	7	4.0000	16407	16318	70.0925	72.4672	3.801817	3.947332	416.218	503.060	0.545	-2.3747	-3.686	-17.263	OK	44c8be367ca8a3918e67d3d2b62de9e0169cdee5	cargo run -p jxl-encoder --release --features 'parallel butteraugli-loop ssim2-loop' --example w44_170_cjxl_step025_sweep -- --image 3637739 --effort 7 --distance-min 4 --distance-max 4 --distance-step 4 --strategy zenjxl --corpus-manifest benchmarks/corpora/w44_170_varied_corpus.tsv
3637739	cid22	512	512	zenjxl	7	4.2500	15934	15990	68.7014	71.1485	3.993375	3.928984	495.364	539.449	-0.350	-2.4472	1.639	-8.172	OK	44c8be367ca8a3918e67d3d2b62de9e0169cdee5	cargo run -p jxl-encoder --release --features 'parallel butteraugli-loop ssim2-loop' --example w44_170_cjxl_step025_sweep -- --image 3637739 --effort 7 --distance-min 4.25 --distance-max 4.25 --distance-step 4.25 --strategy zenjxl --corpus-manifest benchmarks/corpora/w44_170_varied_corpus.tsv
3637739	cid22	512	512	zenjxl	7	4.5000	15429	15376	67.6607	70.4957	4.197683	4.211363	493.113	468.889	0.345	-2.8349	-0.325	5.166	OK	44c8be367ca8a3918e67d3d2b62de9e0169cdee5	cargo run -p jxl-encoder --release --features 'parallel butteraugli-loop ssim2-loop' --example w44_170_cjxl_step025_sweep -- --image 3637739 --effort 7 --distance-min 4.5 --distance-max 4.5 --distance-step 4.5 --strategy zenjxl --corpus-manifest benchmarks/corpora/w44_170_varied_corpus.tsv
3637739	cid22	512	512	zenjxl	7	4.7500	14641	14466	66.1869	69.5524	4.209301	4.196516	409.826	430.123	1.210	-3.3655	0.305	-4.719	OK	44c8be367ca8a3918e67d3d2b62de9e0169cdee5	cargo run -p jxl-encoder --release --features 'parallel butteraugli-loop ssim2-loop' --example w44_170_cjxl_step025_sweep -- --image 3637739 --effort 7 --distance-min 4.75 --distance-max 4.75 --distance-step 4.75 --strategy zenjxl --corpus-manifest benchmarks/corpora/w44_170_varied_corpus.tsv
3637739	cid22	512	512	zenjxl	7	5.0000	14183	14079	65.7285	68.5926	4.682621	4.687177	404.866	849.484	0.739	-2.8641	-0.097	-52.340	OK	44c8be367ca8a3918e67d3d2b62de9e0169cdee5	cargo run -p jxl-encoder --release --features 'parallel butteraugli-loop ssim2-loop' --example w44_170_cjxl_step025_sweep -- --image 3637739 --effort 7 --distance-min 5 --distance-max 5 --distance-step 5 --strategy zenjxl --corpus-manifest benchmarks/corpora/w44_170_varied_corpus.tsv
3637739	cid22	512	512	zenjxl	8	0.2500	100946	101468	94.1087	94.2569	0.324052	0.331712	986.107	1826.595	-0.514	-0.1482	-2.309	-46.014	OK	44c8be367ca8a3918e67d3d2b62de9e0169cdee5	cargo run -p jxl-encoder --release --features 'parallel butteraugli-loop ssim2-loop' --example w44_170_cjxl_step025_sweep -- --image 3637739 --effort 8 --distance-min 0.25 --distance-max 0.25 --distance-step 0.25 --strategy zenjxl --corpus-manifest benchmarks/corpora/w44_170_varied_corpus.tsv
3637739	cid22	512	512	zenjxl	8	0.5000	64213	64546	91.9007	92.1639	0.638945	0.714547	1366.120	1385.703	-0.516	-0.2632	-10.580	-1.413	OK	44c8be367ca8a3918e67d3d2b62de9e0169cdee5	cargo run -p jxl-encoder --release --features 'parallel butteraugli-loop ssim2-loop' --example w44_170_cjxl_step025_sweep -- --image 3637739 --effort 8 --distance-min 0.5 --distance-max 0.5 --distance-step 0.5 --strategy zenjxl --corpus-manifest benchmarks/corpora/w44_170_varied_corpus.tsv
3637739	cid22	512	512	zenjxl	8	0.7500	47526	47865	89.9559	90.2306	0.921537	0.891035	1386.873	1415.904	-0.708	-0.2747	3.423	-2.050	OK	44c8be367ca8a3918e67d3d2b62de9e0169cdee5	cargo run -p jxl-encoder --release --features 'parallel butteraugli-loop ssim2-loop' --example w44_170_cjxl_step025_sweep -- --image 3637739 --effort 8 --distance-min 0.75 --distance-max 0.75 --distance-step 0.75 --strategy zenjxl --corpus-manifest benchmarks/corpora/w44_170_varied_corpus.tsv
3637739	cid22	512	512	zenjxl	8	1.0000	38443	38552	87.6265	88.1775	1.371379	1.219797	1164.230	1285.997	-0.283	-0.5509	12.427	-9.469	OK	44c8be367ca8a3918e67d3d2b62de9e0169cdee5	cargo run -p jxl-encoder --release --features 'parallel butteraugli-loop ssim2-loop' --example w44_170_cjxl_step025_sweep -- --image 3637739 --effort 8 --distance-min 1 --distance-max 1 --distance-step 1 --strategy zenjxl --corpus-manifest benchmarks/corpora/w44_170_varied_corpus.tsv
3637739	cid22	512	512	zenjxl	8	1.2500	32495	32863	85.7923	86.4372	1.513255	1.452852	855.511	1375.969	-1.120	-0.6449	4.158	-37.825	OK	44c8be367ca8a3918e67d3d2b62de9e0169cdee5	cargo run -p jxl-encoder --release --features 'parallel butteraugli-loop ssim2-loop' --example w44_170_cjxl_step025_sweep -- --image 3637739 --effort 8 --distance-min 1.25 --distance-max 1.25 --distance-step 1.25 --strategy zenjxl --corpus-manifest benchmarks/corpora/w44_170_varied_corpus.tsv
3637739	cid22	512	512	zenjxl	8	1.5000	28938	29108	84.2414	84.7579	1.584139	1.594876	867.417	2093.494	-0.584	-0.5165	-0.673	-58.566	OK	44c8be367ca8a3918e67d3d2b62de9e0169cdee5	cargo run -p jxl-encoder --release --features 'parallel butteraugli-loop ssim2-loop' --example w44_170_cjxl_step025_sweep -- --image 3637739 --effort 8 --distance-min 1.5 --distance-max 1.5 --distance-step 1.5 --strategy zenjxl --corpus-manifest benchmarks/corpora/w44_170_varied_corpus.tsv
3637739	cid22	512	512	zenjxl	8	1.7500	25732	25974	82.7395	83.2785	1.835198	1.884408	1323.263	1592.023	-0.932	-0.5390	-2.611	-16.882	OK	44c8be367ca8a3918e67d3d2b62de9e0169cdee5	cargo run -p jxl-encoder --release --features 'parallel butteraugli-loop ssim2-loop' --example w44_170_cjxl_step025_sweep -- --image 3637739 --effort 8 --distance-min 1.75 --distance-max 1.75 --distance-step 1.75 --strategy zenjxl --corpus-manifest benchmarks/corpora/w44_170_varied_corpus.tsv
3637739	cid22	512	512	zenjxl	8	2.0000	23580	23916	81.2281	82.1603	2.105316	2.021725	1603.933	1562.414	-1.405	-0.9322	4.135	2.657	OK	44c8be367ca8a3918e67d3d2b62de9e0169cdee5	cargo run -p jxl-encoder --release --features 'parallel butteraugli-loop ssim2-loop' --example w44_170_cjxl_step025_sweep -- --image 3637739 --effort 8 --distance-min 2 --distance-max 2 --distance-step 2 --strategy zenjxl --corpus-manifest benchmarks/corpora/w44_170_varied_corpus.tsv
3637739	cid22	512	512	zenjxl	8	2.2500	21591	22050	79.4734	80.5760	2.214377	2.296688	913.578	1770.125	-2.082	-1.1026	-3.584	-48.389	OK	44c8be367ca8a3918e67d3d2b62de9e0169cdee5	cargo run -p jxl-encoder --release --features 'parallel butteraugli-loop ssim2-loop' --example w44_170_cjxl_step025_sweep -- --image 3637739 --effort 8 --distance-min 2.25 --distance-max 2.25 --distance-step 2.25 --strategy zenjxl --corpus-manifest benchmarks/corpora/w44_170_varied_corpus.tsv
3637739	cid22	512	512	zenjxl	8	2.5000	20171	20354	77.6907	79.4190	2.531050	2.613998	1050.802	1862.234	-0.899	-1.7283	-3.173	-43.573	OK	44c8be367ca8a3918e67d3d2b62de9e0169cdee5	cargo run -p jxl-encoder --release --features 'parallel butteraugli-loop ssim2-loop' --example w44_170_cjxl_step025_sweep -- --image 3637739 --effort 8 --distance-min 2.5 --distance-max 2.5 --distance-step 2.5 --strategy zenjxl --corpus-manifest benchmarks/corpora/w44_170_varied_corpus.tsv
3637739	cid22	512	512	zenjxl	8	2.7500	18979	19168	76.2767	77.9127	2.742962	2.858661	1077.738	1326.073	-0.986	-1.6360	-4.047	-18.727	OK	44c8be367ca8a3918e67d3d2b62de9e0169cdee5	cargo run -p jxl-encoder --release --features 'parallel butteraugli-loop ssim2-loop' --example w44_170_cjxl_step025_sweep -- --image 3637739 --effort 8 --distance-min 2.75 --distance-max 2.75 --distance-step 2.75 --strategy zenjxl --corpus-manifest benchmarks/corpora/w44_170_varied_corpus.tsv
3637739	cid22	512	512	zenjxl	8	3.0000	17832	18088	74.7081	76.7201	2.834216	2.944096	1480.071	2011.035	-1.415	-2.0121	-3.732	-26.403	OK	44c8be367ca8a3918e67d3d2b62de9e0169cdee5	cargo run -p jxl-encoder --release --features 'parallel butteraugli-loop ssim2-loop' --example w44_170_cjxl_step025_sweep -- --image 3637739 --effort 8 --distance-min 3 --distance-max 3 --distance-step 3 --strategy zenjxl --corpus-manifest benchmarks/corpora/w44_170_varied_corpus.tsv
3637739	cid22	512	512	zenjxl	8	3.2500	16932	17200	73.1636	75.3560	2.996202	2.966443	1571.669	1761.280	-1.558	-2.1924	1.003	-10.766	OK	44c8be367ca8a3918e67d3d2b62de9e0169cdee5	cargo run -p jxl-encoder --release --features 'parallel butteraugli-loop ssim2-loop' --example w44_170_cjxl_step025_sweep -- --image 3637739 --effort 8 --distance-min 3.25 --distance-max 3.25 --distance-step 3.25 --strategy zenjxl --corpus-manifest benchmarks/corpora/w44_170_varied_corpus.tsv
3637739	cid22	512	512	zenjxl	8	3.5000	16074	16273	71.1344	73.7097	3.282278	3.212885	1056.997	1727.700	-1.223	-2.5753	2.160	-38.821	OK	44c8be367ca8a3918e67d3d2b62de9e0169cdee5	cargo run -p jxl-encoder --release --features 'parallel butteraugli-loop ssim2-loop' --example w44_170_cjxl_step025_sweep -- --image 3637739 --effort 8 --distance-min 3.5 --distance-max 3.5 --distance-step 3.5 --strategy zenjxl --corpus-manifest benchmarks/corpora/w44_170_varied_corpus.tsv
3637739	cid22	512	512	zenjxl	8	3.7500	15391	15536	69.8752	72.3568	3.613926	3.661701	1202.109	1434.561	-0.933	-2.4816	-1.305	-16.204	OK	44c8be367ca8a3918e67d3d2b62de9e0169cdee5	cargo run -p jxl-encoder --release --features 'parallel butteraugli-loop ssim2-loop' --example w44_170_cjxl_step025_sweep -- --image 3637739 --effort 8 --distance-min 3.75 --distance-max 3.75 --distance-step 3.75 --strategy zenjxl --corpus-manifest benchmarks/corpora/w44_170_varied_corpus.tsv
3637739	cid22	512	512	zenjxl	8	4.0000	14685	15004	68.7254	71.1017	4.355218	3.635713	1505.628	1762.547	-2.126	-2.3763	19.790	-14.577	OK	44c8be367ca8a3918e67d3d2b62de9e0169cdee5	cargo run -p jxl-encoder --release --features 'parallel butteraugli-loop ssim2-loop' --example w44_170_cjxl_step025_sweep -- --image 3637739 --effort 8 --distance-min 4 --distance-max 4 --distance-step 4 --strategy zenjxl --corpus-manifest benchmarks/corpora/w44_170_varied_corpus.tsv
3637739	cid22	512	512	zenjxl	8	4.2500	14268	14604	67.6282	69.7270	4.651623	3.993935	1235.642	1821.124	-2.301	-2.0988	16.467	-32.149	OK	44c8be367ca8a3918e67d3d2b62de9e0169cdee5	cargo run -p jxl-encoder --release --features 'parallel butteraugli-loop ssim2-loop' --example w44_170_cjxl_step025_sweep -- --image 3637739 --effort 8 --distance-min 4.25 --distance-max 4.25 --distance-step 4.25 --strategy zenjxl --corpus-manifest benchmarks/corpora/w44_170_varied_corpus.tsv
3637739	cid22	512	512	zenjxl	8	4.5000	13735	14132	66.1467	69.0020	4.789972	5.081542	1203.733	1540.091	-2.809	-2.8554	-5.738	-21.840	OK	44c8be367ca8a3918e67d3d2b62de9e0169cdee5	cargo run -p jxl-encoder --release --features 'parallel butteraugli-loop ssim2-loop' --example w44_170_cjxl_step025_sweep -- --image 3637739 --effort 8 --distance-min 4.5 --distance-max 4.5 --distance-step 4.5 --strategy zenjxl --corpus-manifest benchmarks/corpora/w44_170_varied_corpus.tsv
3637739	cid22	512	512	zenjxl	8	4.7500	12979	13275	65.1190	67.7526	4.529459	4.469616	1051.877	1520.473	-2.230	-2.6336	1.339	-30.819	OK	44c8be367ca8a3918e67d3d2b62de9e0169cdee5	cargo run -p jxl-encoder --release --features 'parallel butteraugli-loop ssim2-loop' --example w44_170_cjxl_step025_sweep -- --image 3637739 --effort 8 --distance-min 4.75 --distance-max 4.75 --distance-step 4.75 --strategy zenjxl --corpus-manifest benchmarks/corpora/w44_170_varied_corpus.tsv
3637739	cid22	512	512	zenjxl	8	5.0000	12533	12787	64.0800	66.9491	4.884934	4.610849	1085.911	1533.624	-1.986	-2.8691	5.944	-29.193	OK	44c8be367ca8a3918e67d3d2b62de9e0169cdee5	cargo run -p jxl-encoder --release --features 'parallel butteraugli-loop ssim2-loop' --example w44_170_cjxl_step025_sweep -- --image 3637739 --effort 8 --distance-min 5 --distance-max 5 --distance-step 5 --strategy zenjxl --corpus-manifest benchmarks/corpora/w44_170_varied_corpus.tsv
3637739	cid22	512	512	zenjxl	9	0.2500	102680	102289	94.1872	94.2927	0.318093	0.329326	2209.097	2068.135	0.382	-0.1055	-3.411	6.816	OK	44c8be367ca8a3918e67d3d2b62de9e0169cdee5	cargo run -p jxl-encoder --release --features 'parallel butteraugli-loop ssim2-loop' --example w44_170_cjxl_step025_sweep -- --image 3637739 --effort 9 --distance-min 0.25 --distance-max 0.25 --distance-step 0.25 --strategy zenjxl --corpus-manifest benchmarks/corpora/w44_170_varied_corpus.tsv
3637739	cid22	512	512	zenjxl	9	0.5000	65277	64697	92.0066	92.2252	0.596293	0.587751	1520.571	2118.588	0.896	-0.2186	1.453	-28.227	OK	44c8be367ca8a3918e67d3d2b62de9e0169cdee5	cargo run -p jxl-encoder --release --features 'parallel butteraugli-loop ssim2-loop' --example w44_170_cjxl_step025_sweep -- --image 3637739 --effort 9 --distance-min 0.5 --distance-max 0.5 --distance-step 0.5 --strategy zenjxl --corpus-manifest benchmarks/corpora/w44_170_varied_corpus.tsv
3637739	cid22	512	512	zenjxl	9	0.7500	48408	47748	89.9628	90.2576	0.924576	0.885596	1063.590	3021.158	1.382	-0.2948	4.402	-64.795	OK	44c8be367ca8a3918e67d3d2b62de9e0169cdee5	cargo run -p jxl-encoder --release --features 'parallel butteraugli-loop ssim2-loop' --example w44_170_cjxl_step025_sweep -- --image 3637739 --effort 9 --distance-min 0.75 --distance-max 0.75 --distance-step 0.75 --strategy zenjxl --corpus-manifest benchmarks/corpora/w44_170_varied_corpus.tsv
3637739	cid22	512	512	zenjxl	9	1.0000	39136	38468	87.8747	88.2989	1.211111	1.224739	1285.329	2324.460	1.737	-0.4242	-1.113	-44.704	OK	44c8be367ca8a3918e67d3d2b62de9e0169cdee5	cargo run -p jxl-encoder --release --features 'parallel butteraugli-loop ssim2-loop' --example w44_170_cjxl_step025_sweep -- --image 3637739 --effort 9 --distance-min 1 --distance-max 1 --distance-step 1 --strategy zenjxl --corpus-manifest benchmarks/corpora/w44_170_varied_corpus.tsv
3637739	cid22	512	512	zenjxl	9	1.2500	32938	32769	85.8341	86.4165	1.532739	1.465111	1208.031	2235.693	0.516	-0.5824	4.616	-45.966	OK	44c8be367ca8a3918e67d3d2b62de9e0169cdee5	cargo run -p jxl-encoder --release --features 'parallel butteraugli-loop ssim2-loop' --example w44_170_cjxl_step025_sweep -- --image 3637739 --effort 9 --distance-min 1.25 --distance-max 1.25 --distance-step 1.25 --strategy zenjxl --corpus-manifest benchmarks/corpora/w44_170_varied_corpus.tsv
3637739	cid22	512	512	zenjxl	9	1.5000	29294	29002	84.2425	84.7596	1.584139	1.594876	1105.602	1897.887	1.007	-0.5171	-0.673	-41.746	OK	44c8be367ca8a3918e67d3d2b62de9e0169cdee5	cargo run -p jxl-encoder --release --features 'parallel butteraugli-loop ssim2-loop' --example w44_170_cjxl_step025_sweep -- --image 3637739 --effort 9 --distance-min 1.5 --distance-max 1.5 --distance-step 1.5 --strategy zenjxl --corpus-manifest benchmarks/corpora/w44_170_varied_corpus.tsv
3637739	cid22	512	512	zenjxl	9	1.7500	25998	25825	82.7435	83.5083	1.731515	1.711760	1291.659	2412.979	0.670	-0.7648	1.154	-46.470	OK	44c8be367ca8a3918e67d3d2b62de9e0169cdee5	cargo run -p jxl-encoder --release --features 'parallel butteraugli-loop ssim2-loop' --example w44_170_cjxl_step025_sweep -- --image 3637739 --effort 9 --distance-min 1.75 --distance-max 1.75 --distance-step 1.75 --strategy zenjxl --corpus-manifest benchmarks/corpora/w44_170_varied_corpus.tsv
3637739	cid22	512	512	zenjxl	9	2.0000	23922	23853	81.2199	82.1570	1.993414	1.908254	1496.604	2425.603	0.289	-0.9371	4.463	-38.300	OK	44c8be367ca8a3918e67d3d2b62de9e0169cdee5	cargo run -p jxl-encoder --release --features 'parallel butteraugli-loop ssim2-loop' --example w44_170_cjxl_step025_sweep -- --image 3637739 --effort 9 --distance-min 2 --distance-max 2 --distance-step 2 --strategy zenjxl --corpus-manifest benchmarks/corpora/w44_170_varied_corpus.tsv
3637739	cid22	512	512	zenjxl	9	2.2500	21864	21991	79.4734	80.5760	2.214377	2.296688	1416.831	2357.307	-0.578	-1.1026	-3.584	-39.896	OK	44c8be367ca8a3918e67d3d2b62de9e0169cdee5	cargo run -p jxl-encoder --release --features 'parallel butteraugli-loop ssim2-loop' --example w44_170_cjxl_step025_sweep -- --image 3637739 --effort 9 --distance-min 2.25 --distance-max 2.25 --distance-step 2.25 --strategy zenjxl --corpus-manifest benchmarks/corpora/w44_170_varied_corpus.tsv
3637739	cid22	512	512	zenjxl	9	2.5000	20378	20307	77.6907	79.4298	2.531050	2.334373	1170.734	3095.260	0.350	-1.7391	8.425	-62.177	OK	44c8be367ca8a3918e67d3d2b62de9e0169cdee5	cargo run -p jxl-encoder --release --features 'parallel butteraugli-loop ssim2-loop' --example w44_170_cjxl_step025_sweep -- --image 3637739 --effort 9 --distance-min 2.5 --distance-max 2.5 --distance-step 2.5 --strategy zenjxl --corpus-manifest benchmarks/corpora/w44_170_varied_corpus.tsv
3637739	cid22	512	512	zenjxl	9	2.7500	19182	19126	76.2767	77.9127	2.742962	2.858661	1245.208	1885.454	0.293	-1.6360	-4.047	-33.957	OK	44c8be367ca8a3918e67d3d2b62de9e0169cdee5	cargo run -p jxl-encoder --release --features 'parallel butteraugli-loop ssim2-loop' --example w44_170_cjxl_step025_sweep -- --image 3637739 --effort 9 --distance-min 2.75 --distance-max 2.75 --distance-step 2.75 --strategy zenjxl --corpus-manifest benchmarks/corpora/w44_170_varied_corpus.tsv
3637739	cid22	512	512	zenjxl	9	3.0000	18042	18056	74.7081	76.7266	2.834216	2.944096	1410.909	1852.826	-0.078	-2.0185	-3.732	-23.851	OK	44c8be367ca8a3918e67d3d2b62de9e0169cdee5	cargo run -p jxl-encoder --release --features 'parallel butteraugli-loop ssim2-loop' --example w44_170_cjxl_step025_sweep -- --image 3637739 --effort 9 --distance-min 3 --distance-max 3 --distance-step 3 --strategy zenjxl --corpus-manifest benchmarks/corpora/w44_170_varied_corpus.tsv
3637739	cid22	512	512	zenjxl	9	3.2500	17119	17149	73.1636	75.3635	2.996202	2.966443	1213.597	2847.234	-0.175	-2.1998	1.003	-57.376	OK	44c8be367ca8a3918e67d3d2b62de9e0169cdee5	cargo run -p jxl-encoder --release --features 'parallel butteraugli-loop ssim2-loop' --example w44_170_cjxl_step025_sweep -- --image 3637739 --effort 9 --distance-min 3.25 --distance-max 3.25 --distance-step 3.25 --strategy zenjxl --corpus-manifest benchmarks/corpora/w44_170_varied_corpus.tsv
3637739	cid22	512	512	zenjxl	9	3.5000	16249	16242	71.1344	73.7083	3.282278	3.212885	1243.656	2714.955	0.043	-2.5738	2.160	-54.192	OK	44c8be367ca8a3918e67d3d2b62de9e0169cdee5	cargo run -p jxl-encoder --release --features 'parallel butteraugli-loop ssim2-loop' --example w44_170_cjxl_step025_sweep -- --image 3637739 --effort 9 --distance-min 3.5 --distance-max 3.5 --distance-step 3.5 --strategy zenjxl --corpus-manifest benchmarks/corpora/w44_170_varied_corpus.tsv
3637739	cid22	512	512	zenjxl	9	3.7500	15548	15475	69.8752	72.3489	3.613926	3.661701	961.056	2236.489	0.472	-2.4737	-1.305	-57.028	OK	44c8be367ca8a3918e67d3d2b62de9e0169cdee5	cargo run -p jxl-encoder --release --features 'parallel butteraugli-loop ssim2-loop' --example w44_170_cjxl_step025_sweep -- --image 3637739 --effort 9 --distance-min 3.75 --distance-max 3.75 --distance-step 3.75 --strategy zenjxl --corpus-manifest benchmarks/corpora/w44_170_varied_corpus.tsv
3637739	cid22	512	512	zenjxl	9	4.0000	14837	14923	68.7254	71.0985	4.355218	3.635713	1616.729	2293.834	-0.576	-2.3731	19.790	-29.518	OK	44c8be367ca8a3918e67d3d2b62de9e0169cdee5	cargo run -p jxl-encoder --release --features 'parallel butteraugli-loop ssim2-loop' --example w44_170_cjxl_step025_sweep -- --image 3637739 --effort 9 --distance-min 4 --distance-max 4 --distance-step 4 --strategy zenjxl --corpus-manifest benchmarks/corpora/w44_170_varied_corpus.tsv
3637739	cid22	512	512	zenjxl	9	4.2500	14510	14547	67.6282	69.7298	4.651623	3.993935	1875.478	1883.063	-0.254	-2.1016	16.467	-0.403	OK	44c8be367ca8a3918e67d3d2b62de9e0169cdee5	cargo run -p jxl-encoder --release --features 'parallel butteraugli-loop ssim2-loop' --example w44_170_cjxl_step025_sweep -- --image 3637739 --effort 9 --distance-min 4.25 --distance-max 4.25 --distance-step 4.25 --strategy zenjxl --corpus-manifest benchmarks/corpora/w44_170_varied_corpus.tsv
3637739	cid22	512	512	zenjxl	9	4.5000	13829	14059	66.1467	69.0020	4.789972	5.081542	1758.913	1801.422	-1.636	-2.8554	-5.738	-2.360	OK	44c8be367ca8a3918e67d3d2b62de9e0169cdee5	cargo run -p jxl-encoder --release --features 'parallel butteraugli-loop ssim2-loop' --example w44_170_cjxl_step025_sweep -- --image 3637739 --effort 9 --distance-min 4.5 --distance-max 4.5 --distance-step 4.5 --strategy zenjxl --corpus-manifest benchmarks/corpora/w44_170_varied_corpus.tsv
3637739	cid22	512	512	zenjxl	9	4.7500	13050	13196	65.1190	67.7607	4.529459	4.469616	1984.817	2025.896	-1.106	-2.6417	1.339	-2.028	OK	44c8be367ca8a3918e67d3d2b62de9e0169cdee5	cargo run -p jxl-encoder --release --features 'parallel butteraugli-loop ssim2-loop' --example w44_170_cjxl_step025_sweep -- --image 3637739 --effort 9 --distance-min 4.75 --distance-max 4.75 --distance-step 4.75 --strategy zenjxl --corpus-manifest benchmarks/corpora/w44_170_varied_corpus.tsv
3637739	cid22	512	512	zenjxl	9	5.0000	12643	12738	64.0800	66.9456	4.884934	4.610849	1714.753	1815.537	-0.746	-2.8655	5.944	-5.551	OK	44c8be367ca8a3918e67d3d2b62de9e0169cdee5	cargo run -p jxl-encoder --release --features 'parallel butteraugli-loop ssim2-loop' --example w44_170_cjxl_step025_sweep -- --image 3637739 --effort 9 --distance-min 5 --distance-max 5 --distance-step 5 --strategy zenjxl --corpus-manifest benchmarks/corpora/w44_170_varied_corpus.tsv
7062219	cid22	512	512	zenjxl	5	0.2500	165296	164595	94.5804	94.2367	0.522832	0.560585	302.958	389.139	0.426	0.3437	-6.735	-22.147	OK	44c8be367ca8a3918e67d3d2b62de9e0169cdee5	cargo run -p jxl-encoder --release --features 'parallel butteraugli-loop ssim2-loop' --example w44_170_cjxl_step025_sweep -- --image 7062219 --effort 5 --distance-min 0.25 --distance-max 0.25 --distance-step 0.25 --strategy zenjxl --corpus-manifest benchmarks/corpora/w44_170_varied_corpus.tsv
7062219	cid22	512	512	zenjxl	5	0.5000	115727	115608	91.5427	91.4081	0.971463	1.001976	179.762	406.465	0.103	0.1346	-3.045	-55.774	OK	44c8be367ca8a3918e67d3d2b62de9e0169cdee5	cargo run -p jxl-encoder --release --features 'parallel butteraugli-loop ssim2-loop' --example w44_170_cjxl_step025_sweep -- --image 7062219 --effort 5 --distance-min 0.5 --distance-max 0.5 --distance-step 0.5 --strategy zenjxl --corpus-manifest benchmarks/corpora/w44_170_varied_corpus.tsv
7062219	cid22	512	512	zenjxl	5	0.7500	88812	88508	88.7156	88.6676	1.011919	1.038406	208.074	219.674	0.343	0.0480	-2.551	-5.281	OK	44c8be367ca8a3918e67d3d2b62de9e0169cdee5	cargo run -p jxl-encoder --release --features 'parallel butteraugli-loop ssim2-loop' --example w44_170_cjxl_step025_sweep -- --image 7062219 --effort 5 --distance-min 0.75 --distance-max 0.75 --distance-step 0.75 --strategy zenjxl --corpus-manifest benchmarks/corpora/w44_170_varied_corpus.tsv
7062219	cid22	512	512	zenjxl	5	1.0000	73977	73735	86.3903	86.3958	1.240418	1.231939	212.678	254.933	0.328	-0.0056	0.688	-16.575	OK	44c8be367ca8a3918e67d3d2b62de9e0169cdee5	cargo run -p jxl-encoder --release --features 'parallel butteraugli-loop ssim2-loop' --example w44_170_cjxl_step025_sweep -- --image 7062219 --effort 5 --distance-min 1 --distance-max 1 --distance-step 1 --strategy zenjxl --corpus-manifest benchmarks/corpora/w44_170_varied_corpus.tsv
7062219	cid22	512	512	zenjxl	5	1.2500	64012	63849	83.9443	83.8563	1.566715	1.563967	164.972	222.602	0.255	0.0880	0.176	-25.889	OK	44c8be367ca8a3918e67d3d2b62de9e0169cdee5	cargo run -p jxl-encoder --release --features 'parallel butteraugli-loop ssim2-loop' --example w44_170_cjxl_step025_sweep -- --image 7062219 --effort 5 --distance-min 1.25 --distance-max 1.25 --distance-step 1.25 --strategy zenjxl --corpus-manifest benchmarks/corpora/w44_170_varied_corpus.tsv
7062219	cid22	512	512	zenjxl	5	1.5000	56122	55847	81.6220	81.4777	1.720928	1.735864	268.747	377.485	0.492	0.1443	-0.860	-28.806	OK	44c8be367ca8a3918e67d3d2b62de9e0169cdee5	cargo run -p jxl-encoder --release --features 'parallel butteraugli-loop ssim2-loop' --example w44_170_cjxl_step025_sweep -- --image 7062219 --effort 5 --distance-min 1.5 --distance-max 1.5 --distance-step 1.5 --strategy zenjxl --corpus-manifest benchmarks/corpora/w44_170_varied_corpus.tsv
7062219	cid22	512	512	zenjxl	5	1.7500	50089	49782	79.3679	79.2710	2.002648	1.997518	122.241	234.812	0.617	0.0969	0.257	-47.941	OK	44c8be367ca8a3918e67d3d2b62de9e0169cdee5	cargo run -p jxl-encoder --release --features 'parallel butteraugli-loop ssim2-loop' --example w44_170_cjxl_step025_sweep -- --image 7062219 --effort 5 --distance-min 1.75 --distance-max 1.75 --distance-step 1.75 --strategy zenjxl --corpus-manifest benchmarks/corpora/w44_170_varied_corpus.tsv
7062219	cid22	512	512	zenjxl	5	2.0000	45155	44941	77.2822	77.5178	2.398548	2.410793	180.865	270.828	0.476	-0.2356	-0.508	-33.218	OK	44c8be367ca8a3918e67d3d2b62de9e0169cdee5	cargo run -p jxl-encoder --release --features 'parallel butteraugli-loop ssim2-loop' --example w44_170_cjxl_step025_sweep -- --image 7062219 --effort 5 --distance-min 2 --distance-max 2 --distance-step 2 --strategy zenjxl --corpus-manifest benchmarks/corpora/w44_170_varied_corpus.tsv
7062219	cid22	512	512	zenjxl	5	2.2500	41166	40918	75.4340	75.4735	2.551509	2.569795	147.819	375.697	0.606	-0.0395	-0.712	-60.655	OK	44c8be367ca8a3918e67d3d2b62de9e0169cdee5	cargo run -p jxl-encoder --release --features 'parallel butteraugli-loop ssim2-loop' --example w44_170_cjxl_step025_sweep -- --image 7062219 --effort 5 --distance-min 2.25 --distance-max 2.25 --distance-step 2.25 --strategy zenjxl --corpus-manifest benchmarks/corpora/w44_170_varied_corpus.tsv
7062219	cid22	512	512	zenjxl	5	2.5000	37833	37848	73.5605	73.6594	2.595682	2.673212	177.059	278.243	-0.040	-0.0990	-2.900	-36.366	OK	44c8be367ca8a3918e67d3d2b62de9e0169cdee5	cargo run -p jxl-encoder --release --features 'parallel butteraugli-loop ssim2-loop' --example w44_170_cjxl_step025_sweep -- --image 7062219 --effort 5 --distance-min 2.5 --distance-max 2.5 --distance-step 2.5 --strategy zenjxl --corpus-manifest benchmarks/corpora/w44_170_varied_corpus.tsv
7062219	cid22	512	512	zenjxl	5	2.7500	35767	35747	71.7686	71.8566	2.775495	2.815608	123.973	321.839	0.056	-0.0880	-1.425	-61.480	OK	44c8be367ca8a3918e67d3d2b62de9e0169cdee5	cargo run -p jxl-encoder --release --features 'parallel butteraugli-loop ssim2-loop' --example w44_170_cjxl_step025_sweep -- --image 7062219 --effort 5 --distance-min 2.75 --distance-max 2.75 --distance-step 2.75 --strategy zenjxl --corpus-manifest benchmarks/corpora/w44_170_varied_corpus.tsv
7062219	cid22	512	512	zenjxl	5	3.0000	32566	33324	70.5733	70.2633	2.770173	3.028394	130.371	207.980	-2.275	0.3100	-8.527	-37.316	OK	44c8be367ca8a3918e67d3d2b62de9e0169cdee5	cargo run -p jxl-encoder --release --features 'parallel butteraugli-loop ssim2-loop' --example w44_170_cjxl_step025_sweep -- --image 7062219 --effort 5 --distance-min 3 --distance-max 3 --distance-step 3 --strategy zenjxl --corpus-manifest benchmarks/corpora/w44_170_varied_corpus.tsv
7062219	cid22	512	512	zenjxl	5	3.2500	30270	30878	68.7601	68.5582	3.073050	3.062288	136.099	237.278	-1.969	0.2019	0.351	-42.641	OK	44c8be367ca8a3918e67d3d2b62de9e0169cdee5	cargo run -p jxl-encoder --release --features 'parallel butteraugli-loop ssim2-loop' --example w44_170_cjxl_step025_sweep -- --image 7062219 --effort 5 --distance-min 3.25 --distance-max 3.25 --distance-step 3.25 --strategy zenjxl --corpus-manifest benchmarks/corpora/w44_170_varied_corpus.tsv
7062219	cid22	512	512	zenjxl	5	3.5000	28365	29327	66.9256	67.6566	4.053608	3.969712	127.555	266.340	-3.280	-0.7310	2.113	-52.108	OK	44c8be367ca8a3918e67d3d2b62de9e0169cdee5	cargo run -p jxl-encoder --release --features 'parallel butteraugli-loop ssim2-loop' --example w44_170_cjxl_step025_sweep -- --image 7062219 --effort 5 --distance-min 3.5 --distance-max 3.5 --distance-step 3.5 --strategy zenjxl --corpus-manifest benchmarks/corpora/w44_170_varied_corpus.tsv
7062219	cid22	512	512	zenjxl	5	3.7500	26940	27664	65.7291	65.8824	3.658067	3.844010	166.535	328.286	-2.617	-0.1533	-4.837	-49.271	OK	44c8be367ca8a3918e67d3d2b62de9e0169cdee5	cargo run -p jxl-encoder --release --features 'parallel butteraugli-loop ssim2-loop' --example w44_170_cjxl_step025_sweep -- --image 7062219 --effort 5 --distance-min 3.75 --distance-max 3.75 --distance-step 3.75 --strategy zenjxl --corpus-manifest benchmarks/corpora/w44_170_varied_corpus.tsv
7062219	cid22	512	512	zenjxl	5	4.0000	25776	26240	62.9805	63.0050	4.195814	3.863245	151.396	159.421	-1.768	-0.0245	8.609	-5.034	OK	44c8be367ca8a3918e67d3d2b62de9e0169cdee5	cargo run -p jxl-encoder --release --features 'parallel butteraugli-loop ssim2-loop' --example w44_170_cjxl_step025_sweep -- --image 7062219 --effort 5 --distance-min 4 --distance-max 4 --distance-step 4 --strategy zenjxl --corpus-manifest benchmarks/corpora/w44_170_varied_corpus.tsv
7062219	cid22	512	512	zenjxl	5	4.2500	24519	25088	61.6066	61.6245	4.282700	4.312483	163.008	258.080	-2.268	-0.0179	-0.691	-36.838	OK	44c8be367ca8a3918e67d3d2b62de9e0169cdee5	cargo run -p jxl-encoder --release --features 'parallel butteraugli-loop ssim2-loop' --example w44_170_cjxl_step025_sweep -- --image 7062219 --effort 5 --distance-min 4.25 --distance-max 4.25 --distance-step 4.25 --strategy zenjxl --corpus-manifest benchmarks/corpora/w44_170_varied_corpus.tsv
7062219	cid22	512	512	zenjxl	5	4.5000	23400	24029	60.1617	60.1706	4.339424	4.177778	119.140	296.635	-2.618	-0.0089	3.869	-59.836	OK	44c8be367ca8a3918e67d3d2b62de9e0169cdee5	cargo run -p jxl-encoder --release --features 'parallel butteraugli-loop ssim2-loop' --example w44_170_cjxl_step025_sweep -- --image 7062219 --effort 5 --distance-min 4.5 --distance-max 4.5 --distance-step 4.5 --strategy zenjxl --corpus-manifest benchmarks/corpora/w44_170_varied_corpus.tsv
7062219	cid22	512	512	zenjxl	5	4.7500	22449	22991	58.4616	58.9266	4.142198	4.416640	126.220	281.818	-2.357	-0.4649	-6.214	-55.212	OK	44c8be367ca8a3918e67d3d2b62de9e0169cdee5	cargo run -p jxl-encoder --release --features 'parallel butteraugli-loop ssim2-loop' --example w44_170_cjxl_step025_sweep -- --image 7062219 --effort 5 --distance-min 4.75 --distance-max 4.75 --distance-step 4.75 --strategy zenjxl --corpus-manifest benchmarks/corpora/w44_170_varied_corpus.tsv
7062219	cid22	512	512	zenjxl	5	5.0000	21704	22292	57.5118	57.9139	4.679599	4.797814	134.346	206.057	-2.638	-0.4021	-2.464	-34.801	OK	44c8be367ca8a3918e67d3d2b62de9e0169cdee5	cargo run -p jxl-encoder --release --features 'parallel butteraugli-loop ssim2-loop' --example w44_170_cjxl_step025_sweep -- --image 7062219 --effort 5 --distance-min 5 --distance-max 5 --distance-step 5 --strategy zenjxl --corpus-manifest benchmarks/corpora/w44_170_varied_corpus.tsv
7062219	cid22	512	512	zenjxl	6	0.2500	163759	162596	94.5486	94.3304	0.522807	0.559684	369.822	410.316	0.715	0.2182	-6.589	-9.869	OK	44c8be367ca8a3918e67d3d2b62de9e0169cdee5	cargo run -p jxl-encoder --release --features 'parallel butteraugli-loop ssim2-loop' --example w44_170_cjxl_step025_sweep -- --image 7062219 --effort 6 --distance-min 0.25 --distance-max 0.25 --distance-step 0.25 --strategy zenjxl --corpus-manifest benchmarks/corpora/w44_170_varied_corpus.tsv
7062219	cid22	512	512	zenjxl	6	0.5000	114531	114211	91.5998	91.4311	0.971541	0.995940	283.416	311.709	0.280	0.1687	-2.450	-9.077	OK	44c8be367ca8a3918e67d3d2b62de9e0169cdee5	cargo run -p jxl-encoder --release --features 'parallel butteraugli-loop ssim2-loop' --example w44_170_cjxl_step025_sweep -- --image 7062219 --effort 6 --distance-min 0.5 --distance-max 0.5 --distance-step 0.5 --strategy zenjxl --corpus-manifest benchmarks/corpora/w44_170_varied_corpus.tsv
7062219	cid22	512	512	zenjxl	6	0.7500	88023	87326	88.7945	88.7058	1.011982	0.999146	284.083	477.428	0.798	0.0887	1.285	-40.497	OK	44c8be367ca8a3918e67d3d2b62de9e0169cdee5	cargo run -p jxl-encoder --release --features 'parallel butteraugli-loop ssim2-loop' --example w44_170_cjxl_step025_sweep -- --image 7062219 --effort 6 --distance-min 0.75 --distance-max 0.75 --distance-step 0.75 --strategy zenjxl --corpus-manifest benchmarks/corpora/w44_170_varied_corpus.tsv
7062219	cid22	512	512	zenjxl	6	1.0000	73470	72615	86.4660	86.2814	1.244299	1.197963	247.214	726.522	1.177	0.1847	3.868	-65.973	OK	44c8be367ca8a3918e67d3d2b62de9e0169cdee5	cargo run -p jxl-encoder --release --features 'parallel butteraugli-loop ssim2-loop' --example w44_170_cjxl_step025_sweep -- --image 7062219 --effort 6 --distance-min 1 --distance-max 1 --distance-step 1 --strategy zenjxl --corpus-manifest benchmarks/corpora/w44_170_varied_corpus.tsv
7062219	cid22	512	512	zenjxl	6	1.2500	63704	62870	84.0665	83.8835	1.591206	1.599084	505.728	706.081	1.327	0.1831	-0.493	-28.375	OK	44c8be367ca8a3918e67d3d2b62de9e0169cdee5	cargo run -p jxl-encoder --release --features 'parallel butteraugli-loop ssim2-loop' --example w44_170_cjxl_step025_sweep -- --image 7062219 --effort 6 --distance-min 1.25 --distance-max 1.25 --distance-step 1.25 --strategy zenjxl --corpus-manifest benchmarks/corpora/w44_170_varied_corpus.tsv
7062219	cid22	512	512	zenjxl	6	1.5000	56124	55523	81.9329	81.7918	1.729655	1.729972	273.266	549.375	1.082	0.1411	-0.018	-50.259	OK	44c8be367ca8a3918e67d3d2b62de9e0169cdee5	cargo run -p jxl-encoder --release --features 'parallel butteraugli-loop ssim2-loop' --example w44_170_cjxl_step025_sweep -- --image 7062219 --effort 6 --distance-min 1.5 --distance-max 1.5 --distance-step 1.5 --strategy zenjxl --corpus-manifest benchmarks/corpora/w44_170_varied_corpus.tsv
7062219	cid22	512	512	zenjxl	6	1.7500	50309	49555	79.3443	79.5150	1.961640	1.987756	250.132	432.785	1.522	-0.1708	-1.314	-42.204	OK	44c8be367ca8a3918e67d3d2b62de9e0169cdee5	cargo run -p jxl-encoder --release --features 'parallel butteraugli-loop ssim2-loop' --example w44_170_cjxl_step025_sweep -- --image 7062219 --effort 6 --distance-min 1.75 --distance-max 1.75 --distance-step 1.75 --strategy zenjxl --corpus-manifest benchmarks/corpora/w44_170_varied_corpus.tsv
7062219	cid22	512	512	zenjxl	6	2.0000	45614	45068	77.5542	77.7211	2.425856	2.383119	287.201	373.717	1.212	-0.1669	1.793	-23.150	OK	44c8be367ca8a3918e67d3d2b62de9e0169cdee5	cargo run -p jxl-encoder --release --features 'parallel butteraugli-loop ssim2-loop' --example w44_170_cjxl_step025_sweep -- --image 7062219 --effort 6 --distance-min 2 --distance-max 2 --distance-step 2 --strategy zenjxl --corpus-manifest benchmarks/corpora/w44_170_varied_corpus.tsv
7062219	cid22	512	512	zenjxl	6	2.2500	41874	41232	75.6205	75.7773	2.564344	2.464518	268.880	312.976	1.557	-0.1568	4.051	-14.089	OK	44c8be367ca8a3918e67d3d2b62de9e0169cdee5	cargo run -p jxl-encoder --release --features 'parallel butteraugli-loop ssim2-loop' --example w44_170_cjxl_step025_sweep -- --image 7062219 --effort 6 --distance-min 2.25 --distance-max 2.25 --distance-step 2.25 --strategy zenjxl --corpus-manifest benchmarks/corpora/w44_170_varied_corpus.tsv
7062219	cid22	512	512	zenjxl	6	2.5000	38304	38008	73.8748	74.2714	2.607003	2.730710	291.130	363.734	0.779	-0.3967	-4.530	-19.961	OK	44c8be367ca8a3918e67d3d2b62de9e0169cdee5	cargo run -p jxl-encoder --release --features 'parallel butteraugli-loop ssim2-loop' --example w44_170_cjxl_step025_sweep -- --image 7062219 --effort 6 --distance-min 2.5 --distance-max 2.5 --distance-step 2.5 --strategy zenjxl --corpus-manifest benchmarks/corpora/w44_170_varied_corpus.tsv
7062219	cid22	512	512	zenjxl	6	2.7500	36289	36008	71.9037	72.6452	2.766169	2.838081	112.120	522.984	0.780	-0.7416	-2.534	-78.562	OK	44c8be367ca8a3918e67d3d2b62de9e0169cdee5	cargo run -p jxl-encoder --release --features 'parallel butteraugli-loop ssim2-loop' --example w44_170_cjxl_step025_sweep -- --image 7062219 --effort 6 --distance-min 2.75 --distance-max 2.75 --distance-step 2.75 --strategy zenjxl --corpus-manifest benchmarks/corpora/w44_170_varied_corpus.tsv
7062219	cid22	512	512	zenjxl	6	3.0000	33422	33792	70.6993	71.0762	2.943341	2.941087	358.007	374.120	-1.095	-0.3769	0.077	-4.307	OK	44c8be367ca8a3918e67d3d2b62de9e0169cdee5	cargo run -p jxl-encoder --release --features 'parallel butteraugli-loop ssim2-loop' --example w44_170_cjxl_step025_sweep -- --image 7062219 --effort 6 --distance-min 3 --distance-max 3 --distance-step 3 --strategy zenjxl --corpus-manifest benchmarks/corpora/w44_170_varied_corpus.tsv
7062219	cid22	512	512	zenjxl	6	3.2500	31068	31584	68.7401	69.2462	3.408383	2.994948	269.083	615.146	-1.634	-0.5061	13.804	-56.257	OK	44c8be367ca8a3918e67d3d2b62de9e0169cdee5	cargo run -p jxl-encoder --release --features 'parallel butteraugli-loop ssim2-loop' --example w44_170_cjxl_step025_sweep -- --image 7062219 --effort 6 --distance-min 3.25 --distance-max 3.25 --distance-step 3.25 --strategy zenjxl --corpus-manifest benchmarks/corpora/w44_170_varied_corpus.tsv
7062219	cid22	512	512	zenjxl	6	3.5000	29099	29742	67.1188	67.7534	3.864142	3.867627	126.686	274.430	-2.162	-0.6346	-0.090	-53.836	OK	44c8be367ca8a3918e67d3d2b62de9e0169cdee5	cargo run -p jxl-encoder --release --features 'parallel butteraugli-loop ssim2-loop' --example w44_170_cjxl_step025_sweep -- --image 7062219 --effort 6 --distance-min 3.5 --distance-max 3.5 --distance-step 3.5 --strategy zenjxl --corpus-manifest benchmarks/corpora/w44_170_varied_corpus.tsv
7062219	cid22	512	512	zenjxl	6	3.7500	27704	28174	65.7665	66.0847	3.572190	3.865850	288.243	400.349	-1.668	-0.3182	-7.596	-28.002	OK	44c8be367ca8a3918e67d3d2b62de9e0169cdee5	cargo run -p jxl-encoder --release --features 'parallel butteraugli-loop ssim2-loop' --example w44_170_cjxl_step025_sweep -- --image 7062219 --effort 6 --distance-min 3.75 --distance-max 3.75 --distance-step 3.75 --strategy zenjxl --corpus-manifest benchmarks/corpora/w44_170_varied_corpus.tsv
7062219	cid22	512	512	zenjxl	6	4.0000	26585	27089	64.6992	64.6251	3.818655	3.852662	371.883	611.190	-1.861	0.0742	-0.883	-39.154	OK	44c8be367ca8a3918e67d3d2b62de9e0169cdee5	cargo run -p jxl-encoder --release --features 'parallel butteraugli-loop ssim2-loop' --example w44_170_cjxl_step025_sweep -- --image 7062219 --effort 6 --distance-min 4 --distance-max 4 --distance-step 4 --strategy zenjxl --corpus-manifest benchmarks/corpora/w44_170_varied_corpus.tsv
7062219	cid22	512	512	zenjxl	6	4.2500	25196	25726	63.2787	63.2270	4.172767	4.063662	377.948	680.469	-2.060	0.0516	2.685	-44.458	OK	44c8be367ca8a3918e67d3d2b62de9e0169cdee5	cargo run -p jxl-encoder --release --features 'parallel butteraugli-loop ssim2-loop' --example w44_170_cjxl_step025_sweep -- --image 7062219 --effort 6 --distance-min 4.25 --distance-max 4.25 --distance-step 4.25 --strategy zenjxl --corpus-manifest benchmarks/corpora/w44_170_varied_corpus.tsv
7062219	cid22	512	512	zenjxl	6	4.5000	24081	24823	61.9420	62.1821	4.220362	4.081204	417.826	397.204	-2.989	-0.2401	3.410	5.192	OK	44c8be367ca8a3918e67d3d2b62de9e0169cdee5	cargo run -p jxl-encoder --release --features 'parallel butteraugli-loop ssim2-loop' --example w44_170_cjxl_step025_sweep -- --image 7062219 --effort 6 --distance-min 4.5 --distance-max 4.5 --distance-step 4.5 --strategy zenjxl --corpus-manifest benchmarks/corpora/w44_170_varied_corpus.tsv
7062219	cid22	512	512	zenjxl	6	4.7500	22937	23403	60.4041	61.0053	4.172591	4.139087	417.563	512.067	-1.991	-0.6012	0.809	-18.455	OK	44c8be367ca8a3918e67d3d2b62de9e0169cdee5	cargo run -p jxl-encoder --release --features 'parallel butteraugli-loop ssim2-loop' --example w44_170_cjxl_step025_sweep -- --image 7062219 --effort 6 --distance-min 4.75 --distance-max 4.75 --distance-step 4.75 --strategy zenjxl --corpus-manifest benchmarks/corpora/w44_170_varied_corpus.tsv
7062219	cid22	512	512	zenjxl	6	5.0000	22179	22712	59.4998	60.2301	4.640811	4.877630	481.527	466.838	-2.347	-0.7302	-4.855	3.147	OK	44c8be367ca8a3918e67d3d2b62de9e0169cdee5	cargo run -p jxl-encoder --release --features 'parallel butteraugli-loop ssim2-loop' --example w44_170_cjxl_step025_sweep -- --image 7062219 --effort 6 --distance-min 5 --distance-max 5 --distance-step 5 --strategy zenjxl --corpus-manifest benchmarks/corpora/w44_170_varied_corpus.tsv
7062219	cid22	512	512	zenjxl	7	0.2500	163685	162610	94.4513	94.2307	0.522807	0.557396	370.665	497.872	0.661	0.2206	-6.206	-25.550	OK	44c8be367ca8a3918e67d3d2b62de9e0169cdee5	cargo run -p jxl-encoder --release --features 'parallel butteraugli-loop ssim2-loop' --example w44_170_cjxl_step025_sweep -- --image 7062219 --effort 7 --distance-min 0.25 --distance-max 0.25 --distance-step 0.25 --strategy zenjxl --corpus-manifest benchmarks/corpora/w44_170_varied_corpus.tsv
7062219	cid22	512	512	zenjxl	7	0.5000	114501	114165	91.4708	91.3378	0.966767	0.978642	346.520	267.427	0.294	0.1330	-1.213	29.576	OK	44c8be367ca8a3918e67d3d2b62de9e0169cdee5	cargo run -p jxl-encoder --release --features 'parallel butteraugli-loop ssim2-loop' --example w44_170_cjxl_step025_sweep -- --image 7062219 --effort 7 --distance-min 0.5 --distance-max 0.5 --distance-step 0.5 --strategy zenjxl --corpus-manifest benchmarks/corpora/w44_170_varied_corpus.tsv
7062219	cid22	512	512	zenjxl	7	0.7500	87950	87477	88.6665	88.9978	1.002093	1.060091	384.663	531.864	0.541	-0.3313	-5.471	-27.677	OK	44c8be367ca8a3918e67d3d2b62de9e0169cdee5	cargo run -p jxl-encoder --release --features 'parallel butteraugli-loop ssim2-loop' --example w44_170_cjxl_step025_sweep -- --image 7062219 --effort 7 --distance-min 0.75 --distance-max 0.75 --distance-step 0.75 --strategy zenjxl --corpus-manifest benchmarks/corpora/w44_170_varied_corpus.tsv
7062219	cid22	512	512	zenjxl	7	1.0000	73483	72741	86.0985	86.3689	1.244299	1.257462	349.576	811.132	1.020	-0.2704	-1.047	-56.903	OK	44c8be367ca8a3918e67d3d2b62de9e0169cdee5	cargo run -p jxl-encoder --release --features 'parallel butteraugli-loop ssim2-loop' --example w44_170_cjxl_step025_sweep -- --image 7062219 --effort 7 --distance-min 1 --distance-max 1 --distance-step 1 --strategy zenjxl --corpus-manifest benchmarks/corpora/w44_170_varied_corpus.tsv
7062219	cid22	512	512	zenjxl	7	1.2500	63655	62971	83.9377	83.8998	1.595521	1.594871	278.818	747.452	1.086	0.0379	0.041	-62.698	OK	44c8be367ca8a3918e67d3d2b62de9e0169cdee5	cargo run -p jxl-encoder --release --features 'parallel butteraugli-loop ssim2-loop' --example w44_170_cjxl_step025_sweep -- --image 7062219 --effort 7 --distance-min 1.25 --distance-max 1.25 --distance-step 1.25 --strategy zenjxl --corpus-manifest benchmarks/corpora/w44_170_varied_corpus.tsv
7062219	cid22	512	512	zenjxl	7	1.5000	56136	55405	81.5644	81.6126	1.733674	1.793481	268.871	488.639	1.319	-0.0481	-3.335	-44.975	OK	44c8be367ca8a3918e67d3d2b62de9e0169cdee5	cargo run -p jxl-encoder --release --features 'parallel butteraugli-loop ssim2-loop' --example w44_170_cjxl_step025_sweep -- --image 7062219 --effort 7 --distance-min 1.5 --distance-max 1.5 --distance-step 1.5 --strategy zenjxl --corpus-manifest benchmarks/corpora/w44_170_varied_corpus.tsv
7062219	cid22	512	512	zenjxl	7	1.7500	50299	49671	79.2011	79.3140	1.961640	1.986588	315.935	480.758	1.264	-0.1128	-1.256	-34.284	OK	44c8be367ca8a3918e67d3d2b62de9e0169cdee5	cargo run -p jxl-encoder --release --features 'parallel butteraugli-loop ssim2-loop' --example w44_170_cjxl_step025_sweep -- --image 7062219 --effort 7 --distance-min 1.75 --distance-max 1.75 --distance-step 1.75 --strategy zenjxl --corpus-manifest benchmarks/corpora/w44_170_varied_corpus.tsv
7062219	cid22	512	512	zenjxl	7	2.0000	45482	45023	77.2711	77.7642	2.425882	2.383099	231.862	437.598	1.019	-0.4930	1.795	-47.015	OK	44c8be367ca8a3918e67d3d2b62de9e0169cdee5	cargo run -p jxl-encoder --release --features 'parallel butteraugli-loop ssim2-loop' --example w44_170_cjxl_step025_sweep -- --image 7062219 --effort 7 --distance-min 2 --distance-max 2 --distance-step 2 --strategy zenjxl --corpus-manifest benchmarks/corpora/w44_170_varied_corpus.tsv
7062219	cid22	512	512	zenjxl	7	2.2500	41451	41200	75.8331	75.8751	2.610158	2.428853	312.276	489.864	0.609	-0.0419	7.465	-36.253	OK	44c8be367ca8a3918e67d3d2b62de9e0169cdee5	cargo run -p jxl-encoder --release --features 'parallel butteraugli-loop ssim2-loop' --example w44_170_cjxl_step025_sweep -- --image 7062219 --effort 7 --distance-min 2.25 --distance-max 2.25 --distance-step 2.25 --strategy zenjxl --corpus-manifest benchmarks/corpora/w44_170_varied_corpus.tsv
7062219	cid22	512	512	zenjxl	7	2.5000	38160	38064	73.7971	74.0326	2.619541	2.579695	254.764	649.527	0.252	-0.2355	1.545	-60.777	OK	44c8be367ca8a3918e67d3d2b62de9e0169cdee5	cargo run -p jxl-encoder --release --features 'parallel butteraugli-loop ssim2-loop' --example w44_170_cjxl_step025_sweep -- --image 7062219 --effort 7 --distance-min 2.5 --distance-max 2.5 --distance-step 2.5 --strategy zenjxl --corpus-manifest benchmarks/corpora/w44_170_varied_corpus.tsv
7062219	cid22	512	512	zenjxl	7	2.7500	35951	36021	72.0248	72.7888	2.766185	2.837145	369.085	640.832	-0.194	-0.7639	-2.501	-42.405	OK	44c8be367ca8a3918e67d3d2b62de9e0169cdee5	cargo run -p jxl-encoder --release --features 'parallel butteraugli-loop ssim2-loop' --example w44_170_cjxl_step025_sweep -- --image 7062219 --effort 7 --distance-min 2.75 --distance-max 2.75 --distance-step 2.75 --strategy zenjxl --corpus-manifest benchmarks/corpora/w44_170_varied_corpus.tsv
7062219	cid22	512	512	zenjxl	7	3.0000	32969	33826	70.3365	70.6945	2.943313	2.940266	310.160	394.621	-2.534	-0.3580	0.104	-21.403	OK	44c8be367ca8a3918e67d3d2b62de9e0169cdee5	cargo run -p jxl-encoder --release --features 'parallel butteraugli-loop ssim2-loop' --example w44_170_cjxl_step025_sweep -- --image 7062219 --effort 7 --distance-min 3 --distance-max 3 --distance-step 3 --strategy zenjxl --corpus-manifest benchmarks/corpora/w44_170_varied_corpus.tsv
7062219	cid22	512	512	zenjxl	7	3.2500	30908	31519	68.7230	69.3223	3.408383	2.994972	245.750	729.217	-1.939	-0.5993	13.803	-66.299	OK	44c8be367ca8a3918e67d3d2b62de9e0169cdee5	cargo run -p jxl-encoder --release --features 'parallel butteraugli-loop ssim2-loop' --example w44_170_cjxl_step025_sweep -- --image 7062219 --effort 7 --distance-min 3.25 --distance-max 3.25 --distance-step 3.25 --strategy zenjxl --corpus-manifest benchmarks/corpora/w44_170_varied_corpus.tsv
7062219	cid22	512	512	zenjxl	7	3.5000	29000	29852	66.8829	67.7008	3.348691	3.891851	366.614	289.096	-2.854	-0.8179	-13.956	26.814	OK	44c8be367ca8a3918e67d3d2b62de9e0169cdee5	cargo run -p jxl-encoder --release --features 'parallel butteraugli-loop ssim2-loop' --example w44_170_cjxl_step025_sweep -- --image 7062219 --effort 7 --distance-min 3.5 --distance-max 3.5 --distance-step 3.5 --strategy zenjxl --corpus-manifest benchmarks/corpora/w44_170_varied_corpus.tsv
7062219	cid22	512	512	zenjxl	7	3.7500	27567	28301	65.6694	66.4845	3.789843	3.865850	378.180	678.585	-2.594	-0.8150	-1.966	-44.269	OK	44c8be367ca8a3918e67d3d2b62de9e0169cdee5	cargo run -p jxl-encoder --release --features 'parallel butteraugli-loop ssim2-loop' --example w44_170_cjxl_step025_sweep -- --image 7062219 --effort 7 --distance-min 3.75 --distance-max 3.75 --distance-step 3.75 --strategy zenjxl --corpus-manifest benchmarks/corpora/w44_170_varied_corpus.tsv
7062219	cid22	512	512	zenjxl	7	4.0000	26434	27144	64.7123	65.1546	3.848334	3.852683	490.106	408.872	-2.616	-0.4423	-0.113	19.868	OK	44c8be367ca8a3918e67d3d2b62de9e0169cdee5	cargo run -p jxl-encoder --release --features 'parallel butteraugli-loop ssim2-loop' --example w44_170_cjxl_step025_sweep -- --image 7062219 --effort 7 --distance-min 4 --distance-max 4 --distance-step 4 --strategy zenjxl --corpus-manifest benchmarks/corpora/w44_170_varied_corpus.tsv
7062219	cid22	512	512	zenjxl	7	4.2500	25047	25766	63.0244	63.6527	4.170466	4.063662	508.358	369.790	-2.790	-0.6283	2.628	37.472	OK	44c8be367ca8a3918e67d3d2b62de9e0169cdee5	cargo run -p jxl-encoder --release --features 'parallel butteraugli-loop ssim2-loop' --example w44_170_cjxl_step025_sweep -- --image 7062219 --effort 7 --distance-min 4.25 --distance-max 4.25 --distance-step 4.25 --strategy zenjxl --corpus-manifest benchmarks/corpora/w44_170_varied_corpus.tsv
7062219	cid22	512	512	zenjxl	7	4.5000	23908	24754	61.7324	62.3815	4.220234	3.960354	542.630	357.683	-3.418	-0.6491	6.562	51.707	OK	44c8be367ca8a3918e67d3d2b62de9e0169cdee5	cargo run -p jxl-encoder --release --features 'parallel butteraugli-loop ssim2-loop' --example w44_170_cjxl_step025_sweep -- --image 7062219 --effort 7 --distance-min 4.5 --distance-max 4.5 --distance-step 4.5 --strategy zenjxl --corpus-manifest benchmarks/corpora/w44_170_varied_corpus.tsv
7062219	cid22	512	512	zenjxl	7	4.7500	22852	23851	60.3623	61.4053	4.173705	4.139040	447.180	347.793	-4.189	-1.0430	0.837	28.576	OK	44c8be367ca8a3918e67d3d2b62de9e0169cdee5	cargo run -p jxl-encoder --release --features 'parallel butteraugli-loop ssim2-loop' --example w44_170_cjxl_step025_sweep -- --image 7062219 --effort 7 --distance-min 4.75 --distance-max 4.75 --distance-step 4.75 --strategy zenjxl --corpus-manifest benchmarks/corpora/w44_170_varied_corpus.tsv
7062219	cid22	512	512	zenjxl	7	5.0000	22113	22786	59.4774	60.2764	4.549551	4.641558	380.462	552.384	-2.954	-0.7991	-1.982	-31.124	OK	44c8be367ca8a3918e67d3d2b62de9e0169cdee5	cargo run -p jxl-encoder --release --features 'parallel butteraugli-loop ssim2-loop' --example w44_170_cjxl_step025_sweep -- --image 7062219 --effort 7 --distance-min 5 --distance-max 5 --distance-step 5 --strategy zenjxl --corpus-manifest benchmarks/corpora/w44_170_varied_corpus.tsv
7062219	cid22	512	512	zenjxl	8	0.2500	160828	160234	94.4220	94.3688	0.316322	0.377897	889.929	2214.587	0.371	0.0532	-16.294	-59.815	OK	44c8be367ca8a3918e67d3d2b62de9e0169cdee5	cargo run -p jxl-encoder --release --features 'parallel butteraugli-loop ssim2-loop' --example w44_170_cjxl_step025_sweep -- --image 7062219 --effort 8 --distance-min 0.25 --distance-max 0.25 --distance-step 0.25 --strategy zenjxl --corpus-manifest benchmarks/corpora/w44_170_varied_corpus.tsv
7062219	cid22	512	512	zenjxl	8	0.5000	111595	111609	91.3339	91.3691	0.752838	0.752791	685.832	1202.657	-0.013	-0.0352	0.006	-42.974	OK	44c8be367ca8a3918e67d3d2b62de9e0169cdee5	cargo run -p jxl-encoder --release --features 'parallel butteraugli-loop ssim2-loop' --example w44_170_cjxl_step025_sweep -- --image 7062219 --effort 8 --distance-min 0.5 --distance-max 0.5 --distance-step 0.5 --strategy zenjxl --corpus-manifest benchmarks/corpora/w44_170_varied_corpus.tsv
7062219	cid22	512	512	zenjxl	8	0.7500	83849	83676	88.3788	88.4535	0.896107	0.890099	794.290	2333.302	0.207	-0.0746	0.675	-65.959	OK	44c8be367ca8a3918e67d3d2b62de9e0169cdee5	cargo run -p jxl-encoder --release --features 'parallel butteraugli-loop ssim2-loop' --example w44_170_cjxl_step025_sweep -- --image 7062219 --effort 8 --distance-min 0.75 --distance-max 0.75 --distance-step 0.75 --strategy zenjxl --corpus-manifest benchmarks/corpora/w44_170_varied_corpus.tsv
7062219	cid22	512	512	zenjxl	8	1.0000	69609	69190	85.8657	85.8834	1.196532	1.395952	923.382	1847.620	0.606	-0.0177	-14.286	-50.023	OK	44c8be367ca8a3918e67d3d2b62de9e0169cdee5	cargo run -p jxl-encoder --release --features 'parallel butteraugli-loop ssim2-loop' --example w44_170_cjxl_step025_sweep -- --image 7062219 --effort 8 --distance-min 1 --distance-max 1 --distance-step 1 --strategy zenjxl --corpus-manifest benchmarks/corpora/w44_170_varied_corpus.tsv
7062219	cid22	512	512	zenjxl	8	1.2500	59484	59350	83.2375	82.9012	1.401061	1.522010	640.786	1153.680	0.226	0.3363	-7.947	-44.457	OK	44c8be367ca8a3918e67d3d2b62de9e0169cdee5	cargo run -p jxl-encoder --release --features 'parallel butteraugli-loop ssim2-loop' --example w44_170_cjxl_step025_sweep -- --image 7062219 --effort 8 --distance-min 1.25 --distance-max 1.25 --distance-step 1.25 --strategy zenjxl --corpus-manifest benchmarks/corpora/w44_170_varied_corpus.tsv
7062219	cid22	512	512	zenjxl	8	1.5000	52367	52348	80.6732	81.1094	1.757831	1.874658	1218.905	1834.973	0.036	-0.4362	-6.232	-33.574	OK	44c8be367ca8a3918e67d3d2b62de9e0169cdee5	cargo run -p jxl-encoder --release --features 'parallel butteraugli-loop ssim2-loop' --example w44_170_cjxl_step025_sweep -- --image 7062219 --effort 8 --distance-min 1.5 --distance-max 1.5 --distance-step 1.5 --strategy zenjxl --corpus-manifest benchmarks/corpora/w44_170_varied_corpus.tsv
7062219	cid22	512	512	zenjxl	8	1.7500	46655	46439	78.1345	78.7352	1.933771	1.996797	934.874	1919.580	0.465	-0.6008	-3.156	-51.298	OK	44c8be367ca8a3918e67d3d2b62de9e0169cdee5	cargo run -p jxl-encoder --release --features 'parallel butteraugli-loop ssim2-loop' --example w44_170_cjxl_step025_sweep -- --image 7062219 --effort 8 --distance-min 1.75 --distance-max 1.75 --distance-step 1.75 --strategy zenjxl --corpus-manifest benchmarks/corpora/w44_170_varied_corpus.tsv
7062219	cid22	512	512	zenjxl	8	2.0000	41827	42037	75.9940	76.2409	2.280830	2.332092	861.428	1866.254	-0.500	-0.2470	-2.198	-53.842	OK	44c8be367ca8a3918e67d3d2b62de9e0169cdee5	cargo run -p jxl-encoder --release --features 'parallel butteraugli-loop ssim2-loop' --example w44_170_cjxl_step025_sweep -- --image 7062219 --effort 8 --distance-min 2 --distance-max 2 --distance-step 2 --strategy zenjxl --corpus-manifest benchmarks/corpora/w44_170_varied_corpus.tsv
7062219	cid22	512	512	zenjxl	8	2.2500	37949	38241	74.1836	74.1469	2.624250	2.575529	563.289	1462.054	-0.764	0.0367	1.892	-61.473	OK	44c8be367ca8a3918e67d3d2b62de9e0169cdee5	cargo run -p jxl-encoder --release --features 'parallel butteraugli-loop ssim2-loop' --example w44_170_cjxl_step025_sweep -- --image 7062219 --effort 8 --distance-min 2.25 --distance-max 2.25 --distance-step 2.25 --strategy zenjxl --corpus-manifest benchmarks/corpora/w44_170_varied_corpus.tsv
7062219	cid22	512	512	zenjxl	8	2.5000	34811	35158	72.2405	72.2527	2.644651	2.773414	628.947	1669.286	-0.987	-0.0122	-4.643	-62.322	OK	44c8be367ca8a3918e67d3d2b62de9e0169cdee5	cargo run -p jxl-encoder --release --features 'parallel butteraugli-loop ssim2-loop' --example w44_170_cjxl_step025_sweep -- --image 7062219 --effort 8 --distance-min 2.5 --distance-max 2.5 --distance-step 2.5 --strategy zenjxl --corpus-manifest benchmarks/corpora/w44_170_varied_corpus.tsv
7062219	cid22	512	512	zenjxl	8	2.7500	32622	33139	70.5697	71.0779	2.900123	2.826485	833.446	1449.280	-1.560	-0.5082	2.605	-42.492	OK	44c8be367ca8a3918e67d3d2b62de9e0169cdee5	cargo run -p jxl-encoder --release --features 'parallel butteraugli-loop ssim2-loop' --example w44_170_cjxl_step025_sweep -- --image 7062219 --effort 8 --distance-min 2.75 --distance-max 2.75 --distance-step 2.75 --strategy zenjxl --corpus-manifest benchmarks/corpora/w44_170_varied_corpus.tsv
7062219	cid22	512	512	zenjxl	8	3.0000	29976	31206	68.7077	68.5078	3.178811	3.179493	836.163	1599.263	-3.942	0.1999	-0.021	-47.716	OK	44c8be367ca8a3918e67d3d2b62de9e0169cdee5	cargo run -p jxl-encoder --release --features 'parallel butteraugli-loop ssim2-loop' --example w44_170_cjxl_step025_sweep -- --image 7062219 --effort 8 --distance-min 3 --distance-max 3 --distance-step 3 --strategy zenjxl --corpus-manifest benchmarks/corpora/w44_170_varied_corpus.tsv
7062219	cid22	512	512	zenjxl	8	3.2500	27925	29019	66.2557	67.0814	3.495753	3.362473	899.329	1954.024	-3.770	-0.8257	3.964	-53.976	OK	44c8be367ca8a3918e67d3d2b62de9e0169cdee5	cargo run -p jxl-encoder --release --features 'parallel butteraugli-loop ssim2-loop' --example w44_170_cjxl_step025_sweep -- --image 7062219 --effort 8 --distance-min 3.25 --distance-max 3.25 --distance-step 3.25 --strategy zenjxl --corpus-manifest benchmarks/corpora/w44_170_varied_corpus.tsv
7062219	cid22	512	512	zenjxl	8	3.5000	26119	27489	65.0219	65.5702	3.656085	3.656546	1104.614	2499.305	-4.984	-0.5482	-0.013	-55.803	OK	44c8be367ca8a3918e67d3d2b62de9e0169cdee5	cargo run -p jxl-encoder --release --features 'parallel butteraugli-loop ssim2-loop' --example w44_170_cjxl_step025_sweep -- --image 7062219 --effort 8 --distance-min 3.5 --distance-max 3.5 --distance-step 3.5 --strategy zenjxl --corpus-manifest benchmarks/corpora/w44_170_varied_corpus.tsv
7062219	cid22	512	512	zenjxl	8	3.7500	24805	25940	63.7421	64.3387	3.727031	3.865564	799.430	1682.123	-4.375	-0.5966	-3.584	-52.475	OK	44c8be367ca8a3918e67d3d2b62de9e0169cdee5	cargo run -p jxl-encoder --release --features 'parallel butteraugli-loop ssim2-loop' --example w44_170_cjxl_step025_sweep -- --image 7062219 --effort 8 --distance-min 3.75 --distance-max 3.75 --distance-step 3.75 --strategy zenjxl --corpus-manifest benchmarks/corpora/w44_170_varied_corpus.tsv
7062219	cid22	512	512	zenjxl	8	4.0000	23679	24866	62.2333	62.6609	3.846520	3.820844	1460.121	1403.226	-4.774	-0.4277	0.672	4.055	OK	44c8be367ca8a3918e67d3d2b62de9e0169cdee5	cargo run -p jxl-encoder --release --features 'parallel butteraugli-loop ssim2-loop' --example w44_170_cjxl_step025_sweep -- --image 7062219 --effort 8 --distance-min 4 --distance-max 4 --distance-step 4 --strategy zenjxl --corpus-manifest benchmarks/corpora/w44_170_varied_corpus.tsv
7062219	cid22	512	512	zenjxl	8	4.2500	22474	23682	60.8039	61.0943	4.232450	4.117715	1169.498	1281.903	-5.101	-0.2904	2.786	-8.769	OK	44c8be367ca8a3918e67d3d2b62de9e0169cdee5	cargo run -p jxl-encoder --release --features 'parallel butteraugli-loop ssim2-loop' --example w44_170_cjxl_step025_sweep -- --image 7062219 --effort 8 --distance-min 4.25 --distance-max 4.25 --distance-step 4.25 --strategy zenjxl --corpus-manifest benchmarks/corpora/w44_170_varied_corpus.tsv
7062219	cid22	512	512	zenjxl	8	4.5000	21394	22644	59.1978	59.7467	4.369141	4.053864	1103.963	1425.616	-5.520	-0.5489	7.777	-22.562	OK	44c8be367ca8a3918e67d3d2b62de9e0169cdee5	cargo run -p jxl-encoder --release --features 'parallel butteraugli-loop ssim2-loop' --example w44_170_cjxl_step025_sweep -- --image 7062219 --effort 8 --distance-min 4.5 --distance-max 4.5 --distance-step 4.5 --strategy zenjxl --corpus-manifest benchmarks/corpora/w44_170_varied_corpus.tsv
7062219	cid22	512	512	zenjxl	8	4.7500	20300	21540	58.3421	59.0635	4.221971	4.264479	851.842	1078.982	-5.757	-0.7214	-0.997	-21.051	OK	44c8be367ca8a3918e67d3d2b62de9e0169cdee5	cargo run -p jxl-encoder --release --features 'parallel butteraugli-loop ssim2-loop' --example w44_170_cjxl_step025_sweep -- --image 7062219 --effort 8 --distance-min 4.75 --distance-max 4.75 --distance-step 4.75 --strategy zenjxl --corpus-manifest benchmarks/corpora/w44_170_varied_corpus.tsv
7062219	cid22	512	512	zenjxl	8	5.0000	19455	20793	56.7943	57.3567	4.682858	4.643550	1134.860	1396.347	-6.435	-0.5624	0.846	-18.726	OK	44c8be367ca8a3918e67d3d2b62de9e0169cdee5	cargo run -p jxl-encoder --release --features 'parallel butteraugli-loop ssim2-loop' --example w44_170_cjxl_step025_sweep -- --image 7062219 --effort 8 --distance-min 5 --distance-max 5 --distance-step 5 --strategy zenjxl --corpus-manifest benchmarks/corpora/w44_170_varied_corpus.tsv
7062219	cid22	512	512	zenjxl	9	0.2500	162853	160905	94.4297	94.4441	0.289445	0.307982	2266.674	1782.429	1.211	-0.0144	-6.019	27.168	OK	44c8be367ca8a3918e67d3d2b62de9e0169cdee5	cargo run -p jxl-encoder --release --features 'parallel butteraugli-loop ssim2-loop' --example w44_170_cjxl_step025_sweep -- --image 7062219 --effort 9 --distance-min 0.25 --distance-max 0.25 --distance-step 0.25 --strategy zenjxl --corpus-manifest benchmarks/corpora/w44_170_varied_corpus.tsv
7062219	cid22	512	512	zenjxl	9	0.5000	112903	111718	91.4179	91.3916	0.542544	0.592943	1777.938	1945.489	1.061	0.0263	-8.500	-8.612	OK	44c8be367ca8a3918e67d3d2b62de9e0169cdee5	cargo run -p jxl-encoder --release --features 'parallel butteraugli-loop ssim2-loop' --example w44_170_cjxl_step025_sweep -- --image 7062219 --effort 9 --distance-min 0.5 --distance-max 0.5 --distance-step 0.5 --strategy zenjxl --corpus-manifest benchmarks/corpora/w44_170_varied_corpus.tsv
7062219	cid22	512	512	zenjxl	9	0.7500	85125	83732	88.5494	88.4244	0.834781	0.819312	1602.781	2672.322	1.664	0.1250	1.888	-40.023	OK	44c8be367ca8a3918e67d3d2b62de9e0169cdee5	cargo run -p jxl-encoder --release --features 'parallel butteraugli-loop ssim2-loop' --example w44_170_cjxl_step025_sweep -- --image 7062219 --effort 9 --distance-min 0.75 --distance-max 0.75 --distance-step 0.75 --strategy zenjxl --corpus-manifest benchmarks/corpora/w44_170_varied_corpus.tsv
7062219	cid22	512	512	zenjxl	9	1.0000	70445	69175	85.7059	85.7501	1.066171	1.311816	1371.147	1870.007	1.836	-0.0442	-18.726	-26.677	OK	44c8be367ca8a3918e67d3d2b62de9e0169cdee5	cargo run -p jxl-encoder --release --features 'parallel butteraugli-loop ssim2-loop' --example w44_170_cjxl_step025_sweep -- --image 7062219 --effort 9 --distance-min 1 --distance-max 1 --distance-step 1 --strategy zenjxl --corpus-manifest benchmarks/corpora/w44_170_varied_corpus.tsv
7062219	cid22	512	512	zenjxl	9	1.2500	60072	59355	83.1754	83.0601	1.407146	1.408590	1271.720	2658.092	1.208	0.1153	-0.102	-52.157	OK	44c8be367ca8a3918e67d3d2b62de9e0169cdee5	cargo run -p jxl-encoder --release --features 'parallel butteraugli-loop ssim2-loop' --example w44_170_cjxl_step025_sweep -- --image 7062219 --effort 9 --distance-min 1.25 --distance-max 1.25 --distance-step 1.25 --strategy zenjxl --corpus-manifest benchmarks/corpora/w44_170_varied_corpus.tsv
7062219	cid22	512	512	zenjxl	9	1.5000	52930	52313	80.6961	81.1379	1.696825	1.686413	1016.268	1642.229	1.179	-0.4418	0.617	-38.117	OK	44c8be367ca8a3918e67d3d2b62de9e0169cdee5	cargo run -p jxl-encoder --release --features 'parallel butteraugli-loop ssim2-loop' --example w44_170_cjxl_step025_sweep -- --image 7062219 --effort 9 --distance-min 1.5 --distance-max 1.5 --distance-step 1.5 --strategy zenjxl --corpus-manifest benchmarks/corpora/w44_170_varied_corpus.tsv
7062219	cid22	512	512	zenjxl	9	1.7500	47256	46461	78.1365	78.7370	1.893838	1.996797	1228.985	2166.435	1.711	-0.6005	-5.156	-43.272	OK	44c8be367ca8a3918e67d3d2b62de9e0169cdee5	cargo run -p jxl-encoder --release --features 'parallel butteraugli-loop ssim2-loop' --example w44_170_cjxl_step025_sweep -- --image 7062219 --effort 9 --distance-min 1.75 --distance-max 1.75 --distance-step 1.75 --strategy zenjxl --corpus-manifest benchmarks/corpora/w44_170_varied_corpus.tsv
7062219	cid22	512	512	zenjxl	9	2.0000	42430	41977	75.9971	76.2577	2.280830	2.332095	1569.794	2111.114	1.079	-0.2606	-2.198	-25.641	OK	44c8be367ca8a3918e67d3d2b62de9e0169cdee5	cargo run -p jxl-encoder --release --features 'parallel butteraugli-loop ssim2-loop' --example w44_170_cjxl_step025_sweep -- --image 7062219 --effort 9 --distance-min 2 --distance-max 2 --distance-step 2 --strategy zenjxl --corpus-manifest benchmarks/corpora/w44_170_varied_corpus.tsv
7062219	cid22	512	512	zenjxl	9	2.2500	38458	38178	74.1875	74.1534	2.519507	2.409544	1242.428	1869.747	0.733	0.0341	4.564	-33.551	OK	44c8be367ca8a3918e67d3d2b62de9e0169cdee5	cargo run -p jxl-encoder --release --features 'parallel butteraugli-loop ssim2-loop' --example w44_170_cjxl_step025_sweep -- --image 7062219 --effort 9 --distance-min 2.25 --distance-max 2.25 --distance-step 2.25 --strategy zenjxl --corpus-manifest benchmarks/corpora/w44_170_varied_corpus.tsv
7062219	cid22	512	512	zenjxl	9	2.5000	35412	35105	72.4891	72.2527	2.639895	2.773414	1343.787	1564.992	0.875	0.2365	-4.814	-14.135	OK	44c8be367ca8a3918e67d3d2b62de9e0169cdee5	cargo run -p jxl-encoder --release --features 'parallel butteraugli-loop ssim2-loop' --example w44_170_cjxl_step025_sweep -- --image 7062219 --effort 9 --distance-min 2.5 --distance-max 2.5 --distance-step 2.5 --strategy zenjxl --corpus-manifest benchmarks/corpora/w44_170_varied_corpus.tsv
7062219	cid22	512	512	zenjxl	9	2.7500	33310	33041	70.5697	71.0779	2.900123	2.826485	1284.128	2147.742	0.814	-0.5082	2.605	-40.210	OK	44c8be367ca8a3918e67d3d2b62de9e0169cdee5	cargo run -p jxl-encoder --release --features 'parallel butteraugli-loop ssim2-loop' --example w44_170_cjxl_step025_sweep -- --image 7062219 --effort 9 --distance-min 2.75 --distance-max 2.75 --distance-step 2.75 --strategy zenjxl --corpus-manifest benchmarks/corpora/w44_170_varied_corpus.tsv
7062219	cid22	512	512	zenjxl	9	3.0000	30579	31323	68.7077	68.5843	3.178811	3.179493	1396.690	2706.343	-2.375	0.1233	-0.021	-48.392	OK	44c8be367ca8a3918e67d3d2b62de9e0169cdee5	cargo run -p jxl-encoder --release --features 'parallel butteraugli-loop ssim2-loop' --example w44_170_cjxl_step025_sweep -- --image 7062219 --effort 9 --distance-min 3 --distance-max 3 --distance-step 3 --strategy zenjxl --corpus-manifest benchmarks/corpora/w44_170_varied_corpus.tsv
7062219	cid22	512	512	zenjxl	9	3.2500	28515	29128	66.2557	67.0916	3.495753	3.362473	1370.461	2020.069	-2.105	-0.8359	3.964	-32.158	OK	44c8be367ca8a3918e67d3d2b62de9e0169cdee5	cargo run -p jxl-encoder --release --features 'parallel butteraugli-loop ssim2-loop' --example w44_170_cjxl_step025_sweep -- --image 7062219 --effort 9 --distance-min 3.25 --distance-max 3.25 --distance-step 3.25 --strategy zenjxl --corpus-manifest benchmarks/corpora/w44_170_varied_corpus.tsv
7062219	cid22	512	512	zenjxl	9	3.5000	26715	27544	65.0219	65.5827	3.656085	3.656546	1129.140	2110.588	-3.010	-0.5608	-0.013	-46.501	OK	44c8be367ca8a3918e67d3d2b62de9e0169cdee5	cargo run -p jxl-encoder --release --features 'parallel butteraugli-loop ssim2-loop' --example w44_170_cjxl_step025_sweep -- --image 7062219 --effort 9 --distance-min 3.5 --distance-max 3.5 --distance-step 3.5 --strategy zenjxl --corpus-manifest benchmarks/corpora/w44_170_varied_corpus.tsv
7062219	cid22	512	512	zenjxl	9	3.7500	25267	25965	63.7421	64.3606	3.727031	3.865973	1304.441	2183.934	-2.688	-0.6185	-3.594	-40.271	OK	44c8be367ca8a3918e67d3d2b62de9e0169cdee5	cargo run -p jxl-encoder --release --features 'parallel butteraugli-loop ssim2-loop' --example w44_170_cjxl_step025_sweep -- --image 7062219 --effort 9 --distance-min 3.75 --distance-max 3.75 --distance-step 3.75 --strategy zenjxl --corpus-manifest benchmarks/corpora/w44_170_varied_corpus.tsv
7062219	cid22	512	512	zenjxl	9	4.0000	24195	24889	62.2333	62.6736	3.846520	3.820844	1486.521	2177.736	-2.788	-0.4404	0.672	-31.740	OK	44c8be367ca8a3918e67d3d2b62de9e0169cdee5	cargo run -p jxl-encoder --release --features 'parallel butteraugli-loop ssim2-loop' --example w44_170_cjxl_step025_sweep -- --image 7062219 --effort 9 --distance-min 4 --distance-max 4 --distance-step 4 --strategy zenjxl --corpus-manifest benchmarks/corpora/w44_170_varied_corpus.tsv
7062219	cid22	512	512	zenjxl	9	4.2500	22925	23703	60.8039	61.0918	4.232450	4.117715	1588.573	1931.111	-3.282	-0.2879	2.786	-17.738	OK	44c8be367ca8a3918e67d3d2b62de9e0169cdee5	cargo run -p jxl-encoder --release --features 'parallel butteraugli-loop ssim2-loop' --example w44_170_cjxl_step025_sweep -- --image 7062219 --effort 9 --distance-min 4.25 --distance-max 4.25 --distance-step 4.25 --strategy zenjxl --corpus-manifest benchmarks/corpora/w44_170_varied_corpus.tsv
7062219	cid22	512	512	zenjxl	9	4.5000	21987	22618	59.1978	59.7763	4.369141	4.053864	1632.026	2333.386	-2.790	-0.5786	7.777	-30.058	OK	44c8be367ca8a3918e67d3d2b62de9e0169cdee5	cargo run -p jxl-encoder --release --features 'parallel butteraugli-loop ssim2-loop' --example w44_170_cjxl_step025_sweep -- --image 7062219 --effort 9 --distance-min 4.5 --distance-max 4.5 --distance-step 4.5 --strategy zenjxl --corpus-manifest benchmarks/corpora/w44_170_varied_corpus.tsv
7062219	cid22	512	512	zenjxl	9	4.7500	20787	21591	58.3421	59.0896	4.221971	4.264479	1175.487	2614.409	-3.724	-0.7475	-0.997	-55.038	OK	44c8be367ca8a3918e67d3d2b62de9e0169cdee5	cargo run -p jxl-encoder --release --features 'parallel butteraugli-loop ssim2-loop' --example w44_170_cjxl_step025_sweep -- --image 7062219 --effort 9 --distance-min 4.75 --distance-max 4.75 --distance-step 4.75 --strategy zenjxl --corpus-manifest benchmarks/corpora/w44_170_varied_corpus.tsv
7062219	cid22	512	512	zenjxl	9	5.0000	19960	20754	56.7943	57.3716	4.682858	4.643550	1327.391	2243.046	-3.826	-0.5773	0.846	-40.822	OK	44c8be367ca8a3918e67d3d2b62de9e0169cdee5	cargo run -p jxl-encoder --release --features 'parallel butteraugli-loop ssim2-loop' --example w44_170_cjxl_step025_sweep -- --image 7062219 --effort 9 --distance-min 5 --distance-max 5 --distance-step 5 --strategy zenjxl --corpus-manifest benchmarks/corpora/w44_170_varied_corpus.tsv
clic_02809272	clic	1024	1024	zenjxl	5	0.2500	705451	709377	93.5889	93.3800	0.415058	0.500129	1190.830	859.684	-0.553	0.2089	-17.010	38.520	OK	44c8be367ca8a3918e67d3d2b62de9e0169cdee5	cargo run -p jxl-encoder --release --features 'parallel butteraugli-loop ssim2-loop' --example w44_170_cjxl_step025_sweep -- --image clic_02809272 --effort 5 --distance-min 0.25 --distance-max 0.25 --distance-step 0.25 --strategy zenjxl --corpus-manifest benchmarks/corpora/w44_170_varied_corpus.tsv
clic_02809272	clic	1024	1024	zenjxl	5	0.5000	491403	495687	91.1804	91.1039	0.865721	0.908152	731.591	937.377	-0.864	0.0765	-4.672	-21.953	OK	44c8be367ca8a3918e67d3d2b62de9e0169cdee5	cargo run -p jxl-encoder --release --features 'parallel butteraugli-loop ssim2-loop' --example w44_170_cjxl_step025_sweep -- --image clic_02809272 --effort 5 --distance-min 0.5 --distance-max 0.5 --distance-step 0.5 --strategy zenjxl --corpus-manifest benchmarks/corpora/w44_170_varied_corpus.tsv
clic_02809272	clic	1024	1024	zenjxl	5	0.7500	381180	385064	89.0112	89.0475	0.960252	0.948512	666.036	807.340	-1.009	-0.0363	1.238	-17.502	OK	44c8be367ca8a3918e67d3d2b62de9e0169cdee5	cargo run -p jxl-encoder --release --features 'parallel butteraugli-loop ssim2-loop' --example w44_170_cjxl_step025_sweep -- --image clic_02809272 --effort 5 --distance-min 0.75 --distance-max 0.75 --distance-step 0.75 --strategy zenjxl --corpus-manifest benchmarks/corpora/w44_170_varied_corpus.tsv
clic_02809272	clic	1024	1024	zenjxl	5	1.0000	321877	325104	86.9596	86.6381	1.276789	1.278130	865.863	691.829	-0.993	0.3215	-0.105	25.156	OK	44c8be367ca8a3918e67d3d2b62de9e0169cdee5	cargo run -p jxl-encoder --release --features 'parallel butteraugli-loop ssim2-loop' --example w44_170_cjxl_step025_sweep -- --image clic_02809272 --effort 5 --distance-min 1 --distance-max 1 --distance-step 1 --strategy zenjxl --corpus-manifest benchmarks/corpora/w44_170_varied_corpus.tsv
clic_02809272	clic	1024	1024	zenjxl	5	1.2500	280293	283581	84.6798	84.7092	1.535944	1.566408	679.743	866.533	-1.159	-0.0294	-1.945	-21.556	OK	44c8be367ca8a3918e67d3d2b62de9e0169cdee5	cargo run -p jxl-encoder --release --features 'parallel butteraugli-loop ssim2-loop' --example w44_170_cjxl_step025_sweep -- --image clic_02809272 --effort 5 --distance-min 1.25 --distance-max 1.25 --distance-step 1.25 --strategy zenjxl --corpus-manifest benchmarks/corpora/w44_170_varied_corpus.tsv
clic_02809272	clic	1024	1024	zenjxl	5	1.5000	248801	252058	82.9468	82.8555	1.892067	1.912920	904.789	603.685	-1.292	0.0913	-1.090	49.878	OK	44c8be367ca8a3918e67d3d2b62de9e0169cdee5	cargo run -p jxl-encoder --release --features 'parallel butteraugli-loop ssim2-loop' --example w44_170_cjxl_step025_sweep -- --image clic_02809272 --effort 5 --distance-min 1.5 --distance-max 1.5 --distance-step 1.5 --strategy zenjxl --corpus-manifest benchmarks/corpora/w44_170_varied_corpus.tsv
clic_02809272	clic	1024	1024	zenjxl	5	1.7500	225120	227658	81.0888	81.0440	2.163161	2.119216	719.246	903.590	-1.115	0.0448	2.074	-20.401	OK	44c8be367ca8a3918e67d3d2b62de9e0169cdee5	cargo run -p jxl-encoder --release --features 'parallel butteraugli-loop ssim2-loop' --example w44_170_cjxl_step025_sweep -- --image clic_02809272 --effort 5 --distance-min 1.75 --distance-max 1.75 --distance-step 1.75 --strategy zenjxl --corpus-manifest benchmarks/corpora/w44_170_varied_corpus.tsv
clic_02809272	clic	1024	1024	zenjxl	5	2.0000	205331	208381	79.1424	78.8219	2.295410	2.315358	739.203	1052.864	-1.464	0.3205	-0.862	-29.791	OK	44c8be367ca8a3918e67d3d2b62de9e0169cdee5	cargo run -p jxl-encoder --release --features 'parallel butteraugli-loop ssim2-loop' --example w44_170_cjxl_step025_sweep -- --image clic_02809272 --effort 5 --distance-min 2 --distance-max 2 --distance-step 2 --strategy zenjxl --corpus-manifest benchmarks/corpora/w44_170_varied_corpus.tsv
clic_02809272	clic	1024	1024	zenjxl	5	2.2500	189236	191588	77.4911	77.4411	2.571191	2.569359	573.080	978.199	-1.228	0.0500	0.071	-41.415	OK	44c8be367ca8a3918e67d3d2b62de9e0169cdee5	cargo run -p jxl-encoder --release --features 'parallel butteraugli-loop ssim2-loop' --example w44_170_cjxl_step025_sweep -- --image clic_02809272 --effort 5 --distance-min 2.25 --distance-max 2.25 --distance-step 2.25 --strategy zenjxl --corpus-manifest benchmarks/corpora/w44_170_varied_corpus.tsv
clic_02809272	clic	1024	1024	zenjxl	5	2.5000	174074	176965	75.8804	75.8701	2.914202	2.873562	777.257	677.575	-1.634	0.0104	1.414	14.712	OK	44c8be367ca8a3918e67d3d2b62de9e0169cdee5	cargo run -p jxl-encoder --release --features 'parallel butteraugli-loop ssim2-loop' --example w44_170_cjxl_step025_sweep -- --image clic_02809272 --effort 5 --distance-min 2.5 --distance-max 2.5 --distance-step 2.5 --strategy zenjxl --corpus-manifest benchmarks/corpora/w44_170_varied_corpus.tsv
clic_02809272	clic	1024	1024	zenjxl	5	2.7500	163860	166782	74.2441	74.3473	2.781428	2.885041	739.275	1019.259	-1.752	-0.1032	-3.591	-27.469	OK	44c8be367ca8a3918e67d3d2b62de9e0169cdee5	cargo run -p jxl-encoder --release --features 'parallel butteraugli-loop ssim2-loop' --example w44_170_cjxl_step025_sweep -- --image clic_02809272 --effort 5 --distance-min 2.75 --distance-max 2.75 --distance-step 2.75 --strategy zenjxl --corpus-manifest benchmarks/corpora/w44_170_varied_corpus.tsv
clic_02809272	clic	1024	1024	zenjxl	5	3.0000	152388	155393	72.3345	72.5107	3.232663	3.291924	608.319	587.503	-1.934	-0.1762	-1.800	3.543	OK	44c8be367ca8a3918e67d3d2b62de9e0169cdee5	cargo run -p jxl-encoder --release --features 'parallel butteraugli-loop ssim2-loop' --example w44_170_cjxl_step025_sweep -- --image clic_02809272 --effort 5 --distance-min 3 --distance-max 3 --distance-step 3 --strategy zenjxl --corpus-manifest benchmarks/corpora/w44_170_varied_corpus.tsv
clic_02809272	clic	1024	1024	zenjxl	5	3.2500	143516	146355	70.4959	70.6239	3.301926	3.396597	687.437	616.604	-1.940	-0.1279	-2.787	11.488	OK	44c8be367ca8a3918e67d3d2b62de9e0169cdee5	cargo run -p jxl-encoder --release --features 'parallel butteraugli-loop ssim2-loop' --example w44_170_cjxl_step025_sweep -- --image clic_02809272 --effort 5 --distance-min 3.25 --distance-max 3.25 --distance-step 3.25 --strategy zenjxl --corpus-manifest benchmarks/corpora/w44_170_varied_corpus.tsv
clic_02809272	clic	1024	1024	zenjxl	5	3.5000	135117	136965	68.9926	69.2802	3.650486	3.642473	565.728	826.696	-1.349	-0.2876	0.220	-31.568	OK	44c8be367ca8a3918e67d3d2b62de9e0169cdee5	cargo run -p jxl-encoder --release --features 'parallel butteraugli-loop ssim2-loop' --example w44_170_cjxl_step025_sweep -- --image clic_02809272 --effort 5 --distance-min 3.5 --distance-max 3.5 --distance-step 3.5 --strategy zenjxl --corpus-manifest benchmarks/corpora/w44_170_varied_corpus.tsv
clic_02809272	clic	1024	1024	zenjxl	5	3.7500	126552	129215	67.4058	68.0135	3.964193	3.969764	897.973	710.277	-2.061	-0.6078	-0.140	26.426	OK	44c8be367ca8a3918e67d3d2b62de9e0169cdee5	cargo run -p jxl-encoder --release --features 'parallel butteraugli-loop ssim2-loop' --example w44_170_cjxl_step025_sweep -- --image clic_02809272 --effort 5 --distance-min 3.75 --distance-max 3.75 --distance-step 3.75 --strategy zenjxl --corpus-manifest benchmarks/corpora/w44_170_varied_corpus.tsv
clic_02809272	clic	1024	1024	zenjxl	5	4.0000	119761	122523	64.9156	65.1072	3.971499	4.042417	662.966	968.069	-2.254	-0.1916	-1.754	-31.517	OK	44c8be367ca8a3918e67d3d2b62de9e0169cdee5	cargo run -p jxl-encoder --release --features 'parallel butteraugli-loop ssim2-loop' --example w44_170_cjxl_step025_sweep -- --image clic_02809272 --effort 5 --distance-min 4 --distance-max 4 --distance-step 4 --strategy zenjxl --corpus-manifest benchmarks/corpora/w44_170_varied_corpus.tsv
clic_02809272	clic	1024	1024	zenjxl	5	4.2500	114006	116589	63.0319	63.6504	4.466032	4.481524	682.873	478.328	-2.215	-0.6185	-0.346	42.763	OK	44c8be367ca8a3918e67d3d2b62de9e0169cdee5	cargo run -p jxl-encoder --release --features 'parallel butteraugli-loop ssim2-loop' --example w44_170_cjxl_step025_sweep -- --image clic_02809272 --effort 5 --distance-min 4.25 --distance-max 4.25 --distance-step 4.25 --strategy zenjxl --corpus-manifest benchmarks/corpora/w44_170_varied_corpus.tsv
clic_02809272	clic	1024	1024	zenjxl	5	4.5000	108508	111006	61.6876	62.1663	4.782806	4.757339	526.311	980.771	-2.250	-0.4787	0.535	-46.337	OK	44c8be367ca8a3918e67d3d2b62de9e0169cdee5	cargo run -p jxl-encoder --release --features 'parallel butteraugli-loop ssim2-loop' --example w44_170_cjxl_step025_sweep -- --image clic_02809272 --effort 5 --distance-min 4.5 --distance-max 4.5 --distance-step 4.5 --strategy zenjxl --corpus-manifest benchmarks/corpora/w44_170_varied_corpus.tsv
clic_02809272	clic	1024	1024	zenjxl	5	4.7500	103158	105916	59.9192	60.7694	4.920935	4.857309	785.066	669.538	-2.604	-0.8501	1.310	17.255	OK	44c8be367ca8a3918e67d3d2b62de9e0169cdee5	cargo run -p jxl-encoder --release --features 'parallel butteraugli-loop ssim2-loop' --example w44_170_cjxl_step025_sweep -- --image clic_02809272 --effort 5 --distance-min 4.75 --distance-max 4.75 --distance-step 4.75 --strategy zenjxl --corpus-manifest benchmarks/corpora/w44_170_varied_corpus.tsv
clic_02809272	clic	1024	1024	zenjxl	5	5.0000	98636	101357	58.5564	59.5810	5.017192	5.228658	702.416	546.253	-2.685	-1.0246	-4.044	28.588	OK	44c8be367ca8a3918e67d3d2b62de9e0169cdee5	cargo run -p jxl-encoder --release --features 'parallel butteraugli-loop ssim2-loop' --example w44_170_cjxl_step025_sweep -- --image clic_02809272 --effort 5 --distance-min 5 --distance-max 5 --distance-step 5 --strategy zenjxl --corpus-manifest benchmarks/corpora/w44_170_varied_corpus.tsv
clic_02809272	clic	1024	1024	zenjxl	6	0.2500	705025	708692	93.5456	93.4003	0.415058	0.499640	1240.560	890.695	-0.517	0.1454	-16.929	39.280	OK	44c8be367ca8a3918e67d3d2b62de9e0169cdee5	cargo run -p jxl-encoder --release --features 'parallel butteraugli-loop ssim2-loop' --example w44_170_cjxl_step025_sweep -- --image clic_02809272 --effort 6 --distance-min 0.25 --distance-max 0.25 --distance-step 0.25 --strategy zenjxl --corpus-manifest benchmarks/corpora/w44_170_varied_corpus.tsv
clic_02809272	clic	1024	1024	zenjxl	6	0.5000	490469	493845	91.1854	91.0757	0.865749	0.911425	1161.340	1051.297	-0.684	0.1098	-5.012	10.467	OK	44c8be367ca8a3918e67d3d2b62de9e0169cdee5	cargo run -p jxl-encoder --release --features 'parallel butteraugli-loop ssim2-loop' --example w44_170_cjxl_step025_sweep -- --image clic_02809272 --effort 6 --distance-min 0.5 --distance-max 0.5 --distance-step 0.5 --strategy zenjxl --corpus-manifest benchmarks/corpora/w44_170_varied_corpus.tsv
clic_02809272	clic	1024	1024	zenjxl	6	0.7500	381157	385524	88.9986	89.1531	0.960176	0.931951	1441.384	1519.023	-1.133	-0.1545	3.029	-5.111	OK	44c8be367ca8a3918e67d3d2b62de9e0169cdee5	cargo run -p jxl-encoder --release --features 'parallel butteraugli-loop ssim2-loop' --example w44_170_cjxl_step025_sweep -- --image clic_02809272 --effort 6 --distance-min 0.75 --distance-max 0.75 --distance-step 0.75 --strategy zenjxl --corpus-manifest benchmarks/corpora/w44_170_varied_corpus.tsv
clic_02809272	clic	1024	1024	zenjxl	6	1.0000	321273	325182	86.8963	86.7701	1.255056	1.241280	2395.620	1525.275	-1.202	0.1262	1.110	57.062	OK	44c8be367ca8a3918e67d3d2b62de9e0169cdee5	cargo run -p jxl-encoder --release --features 'parallel butteraugli-loop ssim2-loop' --example w44_170_cjxl_step025_sweep -- --image clic_02809272 --effort 6 --distance-min 1 --distance-max 1 --distance-step 1 --strategy zenjxl --corpus-manifest benchmarks/corpora/w44_170_varied_corpus.tsv
clic_02809272	clic	1024	1024	zenjxl	6	1.2500	279625	283469	84.5649	84.5770	1.628075	1.668458	2022.292	1679.228	-1.356	-0.0121	-2.420	20.430	OK	44c8be367ca8a3918e67d3d2b62de9e0169cdee5	cargo run -p jxl-encoder --release --features 'parallel butteraugli-loop ssim2-loop' --example w44_170_cjxl_step025_sweep -- --image clic_02809272 --effort 6 --distance-min 1.25 --distance-max 1.25 --distance-step 1.25 --strategy zenjxl --corpus-manifest benchmarks/corpora/w44_170_varied_corpus.tsv
clic_02809272	clic	1024	1024	zenjxl	6	1.5000	248382	252072	82.8505	82.7903	1.834597	1.834702	1585.226	1517.250	-1.464	0.0601	-0.006	4.480	OK	44c8be367ca8a3918e67d3d2b62de9e0169cdee5	cargo run -p jxl-encoder --release --features 'parallel butteraugli-loop ssim2-loop' --example w44_170_cjxl_step025_sweep -- --image clic_02809272 --effort 6 --distance-min 1.5 --distance-max 1.5 --distance-step 1.5 --strategy zenjxl --corpus-manifest benchmarks/corpora/w44_170_varied_corpus.tsv
clic_02809272	clic	1024	1024	zenjxl	6	1.7500	225254	229050	80.9420	81.1050	2.093512	2.062463	1686.837	1360.451	-1.657	-0.1630	1.505	23.991	OK	44c8be367ca8a3918e67d3d2b62de9e0169cdee5	cargo run -p jxl-encoder --release --features 'parallel butteraugli-loop ssim2-loop' --example w44_170_cjxl_step025_sweep -- --image clic_02809272 --effort 6 --distance-min 1.75 --distance-max 1.75 --distance-step 1.75 --strategy zenjxl --corpus-manifest benchmarks/corpora/w44_170_varied_corpus.tsv
clic_02809272	clic	1024	1024	zenjxl	6	2.0000	205962	209226	79.0701	79.1816	2.255669	2.329713	1347.337	1544.022	-1.560	-0.1115	-3.178	-12.739	OK	44c8be367ca8a3918e67d3d2b62de9e0169cdee5	cargo run -p jxl-encoder --release --features 'parallel butteraugli-loop ssim2-loop' --example w44_170_cjxl_step025_sweep -- --image clic_02809272 --effort 6 --distance-min 2 --distance-max 2 --distance-step 2 --strategy zenjxl --corpus-manifest benchmarks/corpora/w44_170_varied_corpus.tsv
clic_02809272	clic	1024	1024	zenjxl	6	2.2500	189663	192160	77.5003	77.9466	2.453695	2.526638	1189.159	1506.590	-1.299	-0.4463	-2.887	-21.070	OK	44c8be367ca8a3918e67d3d2b62de9e0169cdee5	cargo run -p jxl-encoder --release --features 'parallel butteraugli-loop ssim2-loop' --example w44_170_cjxl_step025_sweep -- --image clic_02809272 --effort 6 --distance-min 2.25 --distance-max 2.25 --distance-step 2.25 --strategy zenjxl --corpus-manifest benchmarks/corpora/w44_170_varied_corpus.tsv
clic_02809272	clic	1024	1024	zenjxl	6	2.5000	175431	178015	75.8205	76.1652	2.713609	2.668005	1509.006	1473.630	-1.452	-0.3447	1.709	2.401	OK	44c8be367ca8a3918e67d3d2b62de9e0169cdee5	cargo run -p jxl-encoder --release --features 'parallel butteraugli-loop ssim2-loop' --example w44_170_cjxl_step025_sweep -- --image clic_02809272 --effort 6 --distance-min 2.5 --distance-max 2.5 --distance-step 2.5 --strategy zenjxl --corpus-manifest benchmarks/corpora/w44_170_varied_corpus.tsv
clic_02809272	clic	1024	1024	zenjxl	6	2.7500	166510	168074	74.2757	74.8550	3.102341	2.699054	1448.666	1260.690	-0.931	-0.5793	14.942	14.911	OK	44c8be367ca8a3918e67d3d2b62de9e0169cdee5	cargo run -p jxl-encoder --release --features 'parallel butteraugli-loop ssim2-loop' --example w44_170_cjxl_step025_sweep -- --image clic_02809272 --effort 6 --distance-min 2.75 --distance-max 2.75 --distance-step 2.75 --strategy zenjxl --corpus-manifest benchmarks/corpora/w44_170_varied_corpus.tsv
clic_02809272	clic	1024	1024	zenjxl	6	3.0000	155327	157347	72.7372	73.2250	3.212152	3.098787	1209.527	1296.802	-1.284	-0.4878	3.658	-6.730	OK	44c8be367ca8a3918e67d3d2b62de9e0169cdee5	cargo run -p jxl-encoder --release --features 'parallel butteraugli-loop ssim2-loop' --example w44_170_cjxl_step025_sweep -- --image clic_02809272 --effort 6 --distance-min 3 --distance-max 3 --distance-step 3 --strategy zenjxl --corpus-manifest benchmarks/corpora/w44_170_varied_corpus.tsv
clic_02809272	clic	1024	1024	zenjxl	6	3.2500	145739	147920	70.9047	71.6299	3.667907	3.719725	1354.888	1356.086	-1.474	-0.7252	-1.393	-0.088	OK	44c8be367ca8a3918e67d3d2b62de9e0169cdee5	cargo run -p jxl-encoder --release --features 'parallel butteraugli-loop ssim2-loop' --example w44_170_cjxl_step025_sweep -- --image clic_02809272 --effort 6 --distance-min 3.25 --distance-max 3.25 --distance-step 3.25 --strategy zenjxl --corpus-manifest benchmarks/corpora/w44_170_varied_corpus.tsv
clic_02809272	clic	1024	1024	zenjxl	6	3.5000	137472	139314	69.3886	69.9888	3.396406	3.607217	1240.316	1214.907	-1.322	-0.6001	-5.844	2.091	OK	44c8be367ca8a3918e67d3d2b62de9e0169cdee5	cargo run -p jxl-encoder --release --features 'parallel butteraugli-loop ssim2-loop' --example w44_170_cjxl_step025_sweep -- --image clic_02809272 --effort 6 --distance-min 3.5 --distance-max 3.5 --distance-step 3.5 --strategy zenjxl --corpus-manifest benchmarks/corpora/w44_170_varied_corpus.tsv
clic_02809272	clic	1024	1024	zenjxl	6	3.7500	131095	132821	68.0509	68.9007	3.787522	3.819339	1269.202	1653.008	-1.299	-0.8498	-0.833	-23.219	OK	44c8be367ca8a3918e67d3d2b62de9e0169cdee5	cargo run -p jxl-encoder --release --features 'parallel butteraugli-loop ssim2-loop' --example w44_170_cjxl_step025_sweep -- --image clic_02809272 --effort 6 --distance-min 3.75 --distance-max 3.75 --distance-step 3.75 --strategy zenjxl --corpus-manifest benchmarks/corpora/w44_170_varied_corpus.tsv
clic_02809272	clic	1024	1024	zenjxl	6	4.0000	124680	126407	66.5631	66.9473	3.918749	4.019862	1750.274	1350.634	-1.366	-0.3841	-2.515	29.589	OK	44c8be367ca8a3918e67d3d2b62de9e0169cdee5	cargo run -p jxl-encoder --release --features 'parallel butteraugli-loop ssim2-loop' --example w44_170_cjxl_step025_sweep -- --image clic_02809272 --effort 6 --distance-min 4 --distance-max 4 --distance-step 4 --strategy zenjxl --corpus-manifest benchmarks/corpora/w44_170_varied_corpus.tsv
clic_02809272	clic	1024	1024	zenjxl	6	4.2500	116571	118749	64.4445	64.9250	4.640018	4.600902	1985.100	1349.238	-1.834	-0.4805	0.850	47.128	OK	44c8be367ca8a3918e67d3d2b62de9e0169cdee5	cargo run -p jxl-encoder --release --features 'parallel butteraugli-loop ssim2-loop' --example w44_170_cjxl_step025_sweep -- --image clic_02809272 --effort 6 --distance-min 4.25 --distance-max 4.25 --distance-step 4.25 --strategy zenjxl --corpus-manifest benchmarks/corpora/w44_170_varied_corpus.tsv
clic_02809272	clic	1024	1024	zenjxl	6	4.5000	111120	112794	63.3473	63.8477	4.787139	4.521315	2402.035	1390.694	-1.484	-0.5004	5.879	72.722	OK	44c8be367ca8a3918e67d3d2b62de9e0169cdee5	cargo run -p jxl-encoder --release --features 'parallel butteraugli-loop ssim2-loop' --example w44_170_cjxl_step025_sweep -- --image clic_02809272 --effort 6 --distance-min 4.5 --distance-max 4.5 --distance-step 4.5 --strategy zenjxl --corpus-manifest benchmarks/corpora/w44_170_varied_corpus.tsv
clic_02809272	clic	1024	1024	zenjxl	6	4.7500	105104	106762	61.6549	62.7176	4.742721	4.448211	1571.419	1207.568	-1.553	-1.0626	6.621	30.131	OK	44c8be367ca8a3918e67d3d2b62de9e0169cdee5	cargo run -p jxl-encoder --release --features 'parallel butteraugli-loop ssim2-loop' --example w44_170_cjxl_step025_sweep -- --image clic_02809272 --effort 6 --distance-min 4.75 --distance-max 4.75 --distance-step 4.75 --strategy zenjxl --corpus-manifest benchmarks/corpora/w44_170_varied_corpus.tsv
clic_02809272	clic	1024	1024	zenjxl	6	5.0000	100596	102395	60.4867	61.8902	5.296546	4.894277	1569.841	1218.702	-1.757	-1.4035	8.219	28.812	OK	44c8be367ca8a3918e67d3d2b62de9e0169cdee5	cargo run -p jxl-encoder --release --features 'parallel butteraugli-loop ssim2-loop' --example w44_170_cjxl_step025_sweep -- --image clic_02809272 --effort 6 --distance-min 5 --distance-max 5 --distance-step 5 --strategy zenjxl --corpus-manifest benchmarks/corpora/w44_170_varied_corpus.tsv
clic_02809272	clic	1024	1024	zenjxl	7	0.2500	705053	711730	93.4107	93.6065	0.415087	0.489026	1562.480	907.573	-0.938	-0.1958	-15.120	72.160	OK	44c8be367ca8a3918e67d3d2b62de9e0169cdee5	cargo run -p jxl-encoder --release --features 'parallel butteraugli-loop ssim2-loop' --example w44_170_cjxl_step025_sweep -- --image clic_02809272 --effort 7 --distance-min 0.25 --distance-max 0.25 --distance-step 0.25 --strategy zenjxl --corpus-manifest benchmarks/corpora/w44_170_varied_corpus.tsv
clic_02809272	clic	1024	1024	zenjxl	7	0.5000	490290	495867	91.1232	91.3502	0.865737	0.907362	1324.079	860.716	-1.125	-0.2270	-4.588	53.834	OK	44c8be367ca8a3918e67d3d2b62de9e0169cdee5	cargo run -p jxl-encoder --release --features 'parallel butteraugli-loop ssim2-loop' --example w44_170_cjxl_step025_sweep -- --image clic_02809272 --effort 7 --distance-min 0.5 --distance-max 0.5 --distance-step 0.5 --strategy zenjxl --corpus-manifest benchmarks/corpora/w44_170_varied_corpus.tsv
clic_02809272	clic	1024	1024	zenjxl	7	0.7500	380899	386388	89.0646	89.3553	0.957587	0.948757	2091.854	1443.198	-1.421	-0.2907	0.931	44.946	OK	44c8be367ca8a3918e67d3d2b62de9e0169cdee5	cargo run -p jxl-encoder --release --features 'parallel butteraugli-loop ssim2-loop' --example w44_170_cjxl_step025_sweep -- --image clic_02809272 --effort 7 --distance-min 0.75 --distance-max 0.75 --distance-step 0.75 --strategy zenjxl --corpus-manifest benchmarks/corpora/w44_170_varied_corpus.tsv
clic_02809272	clic	1024	1024	zenjxl	7	1.0000	320794	325993	86.8390	87.1600	1.252632	1.240366	1897.534	1393.638	-1.595	-0.3211	0.989	36.157	OK	44c8be367ca8a3918e67d3d2b62de9e0169cdee5	cargo run -p jxl-encoder --release --features 'parallel butteraugli-loop ssim2-loop' --example w44_170_cjxl_step025_sweep -- --image clic_02809272 --effort 7 --distance-min 1 --distance-max 1 --distance-step 1 --strategy zenjxl --corpus-manifest benchmarks/corpora/w44_170_varied_corpus.tsv
clic_02809272	clic	1024	1024	zenjxl	7	1.2500	279269	283669	84.3183	85.2120	1.631373	1.682923	1437.908	1258.598	-1.551	-0.8937	-3.063	14.247	OK	44c8be367ca8a3918e67d3d2b62de9e0169cdee5	cargo run -p jxl-encoder --release --features 'parallel butteraugli-loop ssim2-loop' --example w44_170_cjxl_step025_sweep -- --image clic_02809272 --effort 7 --distance-min 1.25 --distance-max 1.25 --distance-step 1.25 --strategy zenjxl --corpus-manifest benchmarks/corpora/w44_170_varied_corpus.tsv
clic_02809272	clic	1024	1024	zenjxl	7	1.5000	248035	252178	82.8347	83.3837	1.843881	1.841283	2383.615	1510.716	-1.643	-0.5490	0.141	57.780	OK	44c8be367ca8a3918e67d3d2b62de9e0169cdee5	cargo run -p jxl-encoder --release --features 'parallel butteraugli-loop ssim2-loop' --example w44_170_cjxl_step025_sweep -- --image clic_02809272 --effort 7 --distance-min 1.5 --distance-max 1.5 --distance-step 1.5 --strategy zenjxl --corpus-manifest benchmarks/corpora/w44_170_varied_corpus.tsv
clic_02809272	clic	1024	1024	zenjxl	7	1.7500	224693	228943	81.0197	81.5227	2.105389	2.074490	1906.352	1529.965	-1.856	-0.5029	1.489	24.601	OK	44c8be367ca8a3918e67d3d2b62de9e0169cdee5	cargo run -p jxl-encoder --release --features 'parallel butteraugli-loop ssim2-loop' --example w44_170_cjxl_step025_sweep -- --image clic_02809272 --effort 7 --distance-min 1.75 --distance-max 1.75 --distance-step 1.75 --strategy zenjxl --corpus-manifest benchmarks/corpora/w44_170_varied_corpus.tsv
clic_02809272	clic	1024	1024	zenjxl	7	2.0000	205012	209372	79.1645	79.5929	2.255449	2.322425	1732.105	1596.271	-2.082	-0.4284	-2.884	8.509	OK	44c8be367ca8a3918e67d3d2b62de9e0169cdee5	cargo run -p jxl-encoder --release --features 'parallel butteraugli-loop ssim2-loop' --example w44_170_cjxl_step025_sweep -- --image clic_02809272 --effort 7 --distance-min 2 --distance-max 2 --distance-step 2 --strategy zenjxl --corpus-manifest benchmarks/corpora/w44_170_varied_corpus.tsv
clic_02809272	clic	1024	1024	zenjxl	7	2.2500	188975	192581	77.4895	77.8970	2.453727	2.535552	1775.169	1415.198	-1.872	-0.4075	-3.227	25.436	OK	44c8be367ca8a3918e67d3d2b62de9e0169cdee5	cargo run -p jxl-encoder --release --features 'parallel butteraugli-loop ssim2-loop' --example w44_170_cjxl_step025_sweep -- --image clic_02809272 --effort 7 --distance-min 2.25 --distance-max 2.25 --distance-step 2.25 --strategy zenjxl --corpus-manifest benchmarks/corpora/w44_170_varied_corpus.tsv
clic_02809272	clic	1024	1024	zenjxl	7	2.5000	174454	178025	75.7418	76.2951	2.713726	2.666202	2423.043	1579.104	-2.006	-0.5533	1.782	53.444	OK	44c8be367ca8a3918e67d3d2b62de9e0169cdee5	cargo run -p jxl-encoder --release --features 'parallel butteraugli-loop ssim2-loop' --example w44_170_cjxl_step025_sweep -- --image clic_02809272 --effort 7 --distance-min 2.5 --distance-max 2.5 --distance-step 2.5 --strategy zenjxl --corpus-manifest benchmarks/corpora/w44_170_varied_corpus.tsv
clic_02809272	clic	1024	1024	zenjxl	7	2.7500	164695	168269	74.2400	74.9871	2.968469	2.979068	1851.764	1510.103	-2.124	-0.7471	-0.356	22.625	OK	44c8be367ca8a3918e67d3d2b62de9e0169cdee5	cargo run -p jxl-encoder --release --features 'parallel butteraugli-loop ssim2-loop' --example w44_170_cjxl_step025_sweep -- --image clic_02809272 --effort 7 --distance-min 2.75 --distance-max 2.75 --distance-step 2.75 --strategy zenjxl --corpus-manifest benchmarks/corpora/w44_170_varied_corpus.tsv
clic_02809272	clic	1024	1024	zenjxl	7	3.0000	154680	156541	72.7512	73.4150	3.210787	3.174983	2030.328	1929.440	-1.189	-0.6638	1.128	5.229	OK	44c8be367ca8a3918e67d3d2b62de9e0169cdee5	cargo run -p jxl-encoder --release --features 'parallel butteraugli-loop ssim2-loop' --example w44_170_cjxl_step025_sweep -- --image clic_02809272 --effort 7 --distance-min 3 --distance-max 3 --distance-step 3 --strategy zenjxl --corpus-manifest benchmarks/corpora/w44_170_varied_corpus.tsv
clic_02809272	clic	1024	1024	zenjxl	7	3.2500	144941	146778	70.6637	71.6152	3.690211	3.697315	1901.304	1820.005	-1.252	-0.9515	-0.192	4.467	OK	44c8be367ca8a3918e67d3d2b62de9e0169cdee5	cargo run -p jxl-encoder --release --features 'parallel butteraugli-loop ssim2-loop' --example w44_170_cjxl_step025_sweep -- --image clic_02809272 --effort 7 --distance-min 3.25 --distance-max 3.25 --distance-step 3.25 --strategy zenjxl --corpus-manifest benchmarks/corpora/w44_170_varied_corpus.tsv
clic_02809272	clic	1024	1024	zenjxl	7	3.5000	136699	138374	69.3631	70.0404	3.612947	3.496429	3275.808	2168.821	-1.210	-0.6773	3.332	51.041	OK	44c8be367ca8a3918e67d3d2b62de9e0169cdee5	cargo run -p jxl-encoder --release --features 'parallel butteraugli-loop ssim2-loop' --example w44_170_cjxl_step025_sweep -- --image clic_02809272 --effort 7 --distance-min 3.5 --distance-max 3.5 --distance-step 3.5 --strategy zenjxl --corpus-manifest benchmarks/corpora/w44_170_varied_corpus.tsv
clic_02809272	clic	1024	1024	zenjxl	7	3.7500	130026	131791	67.9965	68.8007	3.782931	3.822113	1886.090	1826.732	-1.339	-0.8042	-1.025	3.249	OK	44c8be367ca8a3918e67d3d2b62de9e0169cdee5	cargo run -p jxl-encoder --release --features 'parallel butteraugli-loop ssim2-loop' --example w44_170_cjxl_step025_sweep -- --image clic_02809272 --effort 7 --distance-min 3.75 --distance-max 3.75 --distance-step 3.75 --strategy zenjxl --corpus-manifest benchmarks/corpora/w44_170_varied_corpus.tsv
clic_02809272	clic	1024	1024	zenjxl	7	4.0000	123497	125495	66.5051	67.1119	4.026184	3.996368	3308.983	1957.191	-1.592	-0.6068	0.746	69.068	OK	44c8be367ca8a3918e67d3d2b62de9e0169cdee5	cargo run -p jxl-encoder --release --features 'parallel butteraugli-loop ssim2-loop' --example w44_170_cjxl_step025_sweep -- --image clic_02809272 --effort 7 --distance-min 4 --distance-max 4 --distance-step 4 --strategy zenjxl --corpus-manifest benchmarks/corpora/w44_170_varied_corpus.tsv
clic_02809272	clic	1024	1024	zenjxl	7	4.2500	115763	117985	64.2997	65.0803	4.639039	4.609564	2338.227	1899.279	-1.883	-0.7807	0.639	23.111	OK	44c8be367ca8a3918e67d3d2b62de9e0169cdee5	cargo run -p jxl-encoder --release --features 'parallel butteraugli-loop ssim2-loop' --example w44_170_cjxl_step025_sweep -- --image clic_02809272 --effort 7 --distance-min 4.25 --distance-max 4.25 --distance-step 4.25 --strategy zenjxl --corpus-manifest benchmarks/corpora/w44_170_varied_corpus.tsv
clic_02809272	clic	1024	1024	zenjxl	7	4.5000	110480	112193	63.2133	63.9078	4.760712	4.532941	2371.183	1482.482	-1.527	-0.6946	5.025	59.947	OK	44c8be367ca8a3918e67d3d2b62de9e0169cdee5	cargo run -p jxl-encoder --release --features 'parallel butteraugli-loop ssim2-loop' --example w44_170_cjxl_step025_sweep -- --image clic_02809272 --effort 7 --distance-min 4.5 --distance-max 4.5 --distance-step 4.5 --strategy zenjxl --corpus-manifest benchmarks/corpora/w44_170_varied_corpus.tsv
clic_02809272	clic	1024	1024	zenjxl	7	4.7500	104385	106180	61.5897	62.9135	4.389722	4.506739	1785.996	1192.987	-1.691	-1.3238	-2.596	49.708	OK	44c8be367ca8a3918e67d3d2b62de9e0169cdee5	cargo run -p jxl-encoder --release --features 'parallel butteraugli-loop ssim2-loop' --example w44_170_cjxl_step025_sweep -- --image clic_02809272 --effort 7 --distance-min 4.75 --distance-max 4.75 --distance-step 4.75 --strategy zenjxl --corpus-manifest benchmarks/corpora/w44_170_varied_corpus.tsv
clic_02809272	clic	1024	1024	zenjxl	7	5.0000	100010	101826	60.4780	61.8584	5.304776	4.951284	1785.510	1239.295	-1.783	-1.3804	7.139	44.075	OK	44c8be367ca8a3918e67d3d2b62de9e0169cdee5	cargo run -p jxl-encoder --release --features 'parallel butteraugli-loop ssim2-loop' --example w44_170_cjxl_step025_sweep -- --image clic_02809272 --effort 7 --distance-min 5 --distance-max 5 --distance-step 5 --strategy zenjxl --corpus-manifest benchmarks/corpora/w44_170_varied_corpus.tsv
clic_02809272	clic	1024	1024	zenjxl	8	0.2500	698320	712624	93.5111	93.6065	0.378794	0.489026	6114.013	1065.478	-2.007	-0.0955	-22.541	473.828	OK	44c8be367ca8a3918e67d3d2b62de9e0169cdee5	cargo run -p jxl-encoder --release --features 'parallel butteraugli-loop ssim2-loop' --example w44_170_cjxl_step025_sweep -- --image clic_02809272 --effort 8 --distance-min 0.25 --distance-max 0.25 --distance-step 0.25 --strategy zenjxl --corpus-manifest benchmarks/corpora/w44_170_varied_corpus.tsv
clic_02809272	clic	1024	1024	zenjxl	8	0.5000	481140	496509	91.1169	91.3502	0.803634	0.907362	5302.012	1164.041	-3.095	-0.2334	-11.432	355.483	OK	44c8be367ca8a3918e67d3d2b62de9e0169cdee5	cargo run -p jxl-encoder --release --features 'parallel butteraugli-loop ssim2-loop' --example w44_170_cjxl_step025_sweep -- --image clic_02809272 --effort 8 --distance-min 0.5 --distance-max 0.5 --distance-step 0.5 --strategy zenjxl --corpus-manifest benchmarks/corpora/w44_170_varied_corpus.tsv
clic_02809272	clic	1024	1024	zenjxl	8	0.7500	365227	367918	88.8611	88.9757	0.926545	0.948368	5282.777	5770.664	-0.731	-0.1146	-2.301	-8.455	OK	44c8be367ca8a3918e67d3d2b62de9e0169cdee5	cargo run -p jxl-encoder --release --features 'parallel butteraugli-loop ssim2-loop' --example w44_170_cjxl_step025_sweep -- --image clic_02809272 --effort 8 --distance-min 0.75 --distance-max 0.75 --distance-step 0.75 --strategy zenjxl --corpus-manifest benchmarks/corpora/w44_170_varied_corpus.tsv
clic_02809272	clic	1024	1024	zenjxl	8	1.0000	305515	307970	86.5078	86.6971	1.195099	1.136990	7062.161	5944.476	-0.797	-0.1892	5.111	18.802	OK	44c8be367ca8a3918e67d3d2b62de9e0169cdee5	cargo run -p jxl-encoder --release --features 'parallel butteraugli-loop ssim2-loop' --example w44_170_cjxl_step025_sweep -- --image clic_02809272 --effort 8 --distance-min 1 --distance-max 1 --distance-step 1 --strategy zenjxl --corpus-manifest benchmarks/corpora/w44_170_varied_corpus.tsv
clic_02809272	clic	1024	1024	zenjxl	8	1.2500	264389	266636	84.0573	84.5981	1.639504	1.625401	7518.586	6657.207	-0.843	-0.5407	0.868	12.939	OK	44c8be367ca8a3918e67d3d2b62de9e0169cdee5	cargo run -p jxl-encoder --release --features 'parallel butteraugli-loop ssim2-loop' --example w44_170_cjxl_step025_sweep -- --image clic_02809272 --effort 8 --distance-min 1.25 --distance-max 1.25 --distance-step 1.25 --strategy zenjxl --corpus-manifest benchmarks/corpora/w44_170_varied_corpus.tsv
clic_02809272	clic	1024	1024	zenjxl	8	1.5000	233865	235958	82.0617	82.3706	1.799237	1.804428	7488.765	6217.021	-0.887	-0.3089	-0.288	20.456	OK	44c8be367ca8a3918e67d3d2b62de9e0169cdee5	cargo run -p jxl-encoder --release --features 'parallel butteraugli-loop ssim2-loop' --example w44_170_cjxl_step025_sweep -- --image clic_02809272 --effort 8 --distance-min 1.5 --distance-max 1.5 --distance-step 1.5 --strategy zenjxl --corpus-manifest benchmarks/corpora/w44_170_varied_corpus.tsv
clic_02809272	clic	1024	1024	zenjxl	8	1.7500	210048	212251	80.2387	80.4747	1.995241	1.978877	7124.920	6009.437	-1.038	-0.2360	0.827	18.562	OK	44c8be367ca8a3918e67d3d2b62de9e0169cdee5	cargo run -p jxl-encoder --release --features 'parallel butteraugli-loop ssim2-loop' --example w44_170_cjxl_step025_sweep -- --image clic_02809272 --effort 8 --distance-min 1.75 --distance-max 1.75 --distance-step 1.75 --strategy zenjxl --corpus-manifest benchmarks/corpora/w44_170_varied_corpus.tsv
clic_02809272	clic	1024	1024	zenjxl	8	2.0000	190902	193772	78.0860	78.5317	2.225231	2.315068	6874.812	5953.734	-1.481	-0.4457	-3.881	15.471	OK	44c8be367ca8a3918e67d3d2b62de9e0169cdee5	cargo run -p jxl-encoder --release --features 'parallel butteraugli-loop ssim2-loop' --example w44_170_cjxl_step025_sweep -- --image clic_02809272 --effort 8 --distance-min 2 --distance-max 2 --distance-step 2 --strategy zenjxl --corpus-manifest benchmarks/corpora/w44_170_varied_corpus.tsv
clic_02809272	clic	1024	1024	zenjxl	8	2.2500	175395	177278	76.2424	76.7795	2.772790	2.673758	8730.061	5171.288	-1.062	-0.5371	3.704	68.818	OK	44c8be367ca8a3918e67d3d2b62de9e0169cdee5	cargo run -p jxl-encoder --release --features 'parallel butteraugli-loop ssim2-loop' --example w44_170_cjxl_step025_sweep -- --image clic_02809272 --effort 8 --distance-min 2.25 --distance-max 2.25 --distance-step 2.25 --strategy zenjxl --corpus-manifest benchmarks/corpora/w44_170_varied_corpus.tsv
clic_02809272	clic	1024	1024	zenjxl	8	2.5000	161407	163370	74.3581	74.7874	2.732203	2.855735	7724.385	7176.414	-1.202	-0.4293	-4.326	7.636	OK	44c8be367ca8a3918e67d3d2b62de9e0169cdee5	cargo run -p jxl-encoder --release --features 'parallel butteraugli-loop ssim2-loop' --example w44_170_cjxl_step025_sweep -- --image clic_02809272 --effort 8 --distance-min 2.5 --distance-max 2.5 --distance-step 2.5 --strategy zenjxl --corpus-manifest benchmarks/corpora/w44_170_varied_corpus.tsv
clic_02809272	clic	1024	1024	zenjxl	8	2.7500	151715	153595	72.7698	73.5188	2.984365	3.022795	7529.045	6202.969	-1.224	-0.7490	-1.271	21.378	OK	44c8be367ca8a3918e67d3d2b62de9e0169cdee5	cargo run -p jxl-encoder --release --features 'parallel butteraugli-loop ssim2-loop' --example w44_170_cjxl_step025_sweep -- --image clic_02809272 --effort 8 --distance-min 2.75 --distance-max 2.75 --distance-step 2.75 --strategy zenjxl --corpus-manifest benchmarks/corpora/w44_170_varied_corpus.tsv
clic_02809272	clic	1024	1024	zenjxl	8	3.0000	141978	146239	71.0256	71.7812	3.485639	3.115246	8211.530	6280.903	-2.914	-0.7556	11.890	30.738	OK	44c8be367ca8a3918e67d3d2b62de9e0169cdee5	cargo run -p jxl-encoder --release --features 'parallel butteraugli-loop ssim2-loop' --example w44_170_cjxl_step025_sweep -- --image clic_02809272 --effort 8 --distance-min 3 --distance-max 3 --distance-step 3 --strategy zenjxl --corpus-manifest benchmarks/corpora/w44_170_varied_corpus.tsv
clic_02809272	clic	1024	1024	zenjxl	8	3.2500	132510	136964	69.0556	69.9840	3.753961	3.503427	6690.914	6761.095	-3.252	-0.9284	7.151	-1.038	OK	44c8be367ca8a3918e67d3d2b62de9e0169cdee5	cargo run -p jxl-encoder --release --features 'parallel butteraugli-loop ssim2-loop' --example w44_170_cjxl_step025_sweep -- --image clic_02809272 --effort 8 --distance-min 3.25 --distance-max 3.25 --distance-step 3.25 --strategy zenjxl --corpus-manifest benchmarks/corpora/w44_170_varied_corpus.tsv
clic_02809272	clic	1024	1024	zenjxl	8	3.5000	124719	128612	67.5006	68.2917	3.743037	3.752889	7553.624	5543.851	-3.027	-0.7911	-0.263	36.252	OK	44c8be367ca8a3918e67d3d2b62de9e0169cdee5	cargo run -p jxl-encoder --release --features 'parallel butteraugli-loop ssim2-loop' --example w44_170_cjxl_step025_sweep -- --image clic_02809272 --effort 8 --distance-min 3.5 --distance-max 3.5 --distance-step 3.5 --strategy zenjxl --corpus-manifest benchmarks/corpora/w44_170_varied_corpus.tsv
clic_02809272	clic	1024	1024	zenjxl	8	3.7500	117843	121850	65.9776	66.8129	4.236847	3.986575	8668.800	6054.681	-3.288	-0.8353	6.278	43.175	OK	44c8be367ca8a3918e67d3d2b62de9e0169cdee5	cargo run -p jxl-encoder --release --features 'parallel butteraugli-loop ssim2-loop' --example w44_170_cjxl_step025_sweep -- --image clic_02809272 --effort 8 --distance-min 3.75 --distance-max 3.75 --distance-step 3.75 --strategy zenjxl --corpus-manifest benchmarks/corpora/w44_170_varied_corpus.tsv
clic_02809272	clic	1024	1024	zenjxl	8	4.0000	111940	115978	64.3390	65.0254	4.498164	4.748278	10359.522	7197.025	-3.482	-0.6864	-5.267	43.942	OK	44c8be367ca8a3918e67d3d2b62de9e0169cdee5	cargo run -p jxl-encoder --release --features 'parallel butteraugli-loop ssim2-loop' --example w44_170_cjxl_step025_sweep -- --image clic_02809272 --effort 8 --distance-min 4 --distance-max 4 --distance-step 4 --strategy zenjxl --corpus-manifest benchmarks/corpora/w44_170_varied_corpus.tsv
clic_02809272	clic	1024	1024	zenjxl	8	4.2500	104640	109049	62.0833	62.8423	4.520922	4.742610	10011.186	6609.088	-4.043	-0.7590	-4.674	51.476	OK	44c8be367ca8a3918e67d3d2b62de9e0169cdee5	cargo run -p jxl-encoder --release --features 'parallel butteraugli-loop ssim2-loop' --example w44_170_cjxl_step025_sweep -- --image clic_02809272 --effort 8 --distance-min 4.25 --distance-max 4.25 --distance-step 4.25 --strategy zenjxl --corpus-manifest benchmarks/corpora/w44_170_varied_corpus.tsv
clic_02809272	clic	1024	1024	zenjxl	8	4.5000	99541	103615	60.5068	61.3086	4.635115	4.997350	11454.485	6002.960	-3.932	-0.8018	-7.249	90.814	OK	44c8be367ca8a3918e67d3d2b62de9e0169cdee5	cargo run -p jxl-encoder --release --features 'parallel butteraugli-loop ssim2-loop' --example w44_170_cjxl_step025_sweep -- --image clic_02809272 --effort 8 --distance-min 4.5 --distance-max 4.5 --distance-step 4.5 --strategy zenjxl --corpus-manifest benchmarks/corpora/w44_170_varied_corpus.tsv
clic_02809272	clic	1024	1024	zenjxl	8	4.7500	93864	97553	59.2515	60.3342	4.816514	4.779163	8201.950	6195.378	-3.782	-1.0827	0.782	32.388	OK	44c8be367ca8a3918e67d3d2b62de9e0169cdee5	cargo run -p jxl-encoder --release --features 'parallel butteraugli-loop ssim2-loop' --example w44_170_cjxl_step025_sweep -- --image clic_02809272 --effort 8 --distance-min 4.75 --distance-max 4.75 --distance-step 4.75 --strategy zenjxl --corpus-manifest benchmarks/corpora/w44_170_varied_corpus.tsv
clic_02809272	clic	1024	1024	zenjxl	8	5.0000	89705	93114	57.5560	59.0015	4.864284	4.922289	10553.372	5764.855	-3.661	-1.4455	-1.178	83.064	OK	44c8be367ca8a3918e67d3d2b62de9e0169cdee5	cargo run -p jxl-encoder --release --features 'parallel butteraugli-loop ssim2-loop' --example w44_170_cjxl_step025_sweep -- --image clic_02809272 --effort 8 --distance-min 5 --distance-max 5 --distance-step 5 --strategy zenjxl --corpus-manifest benchmarks/corpora/w44_170_varied_corpus.tsv
clic_02809272	clic	1024	1024	zenjxl	9	0.2500	703807	712291	93.5380	93.6065	0.327307	0.489026	31390.022	921.905	-1.191	-0.0686	-33.070	3304.908	OK	44c8be367ca8a3918e67d3d2b62de9e0169cdee5	cargo run -p jxl-encoder --release --features 'parallel butteraugli-loop ssim2-loop' --example w44_170_cjxl_step025_sweep -- --image clic_02809272 --effort 9 --distance-min 0.25 --distance-max 0.25 --distance-step 0.25 --strategy zenjxl --corpus-manifest benchmarks/corpora/w44_170_varied_corpus.tsv
clic_02809272	clic	1024	1024	zenjxl	9	0.5000	484325	496191	91.1918	91.3502	0.589499	0.907362	20345.664	1146.311	-2.391	-0.1584	-35.032	1674.882	OK	44c8be367ca8a3918e67d3d2b62de9e0169cdee5	cargo run -p jxl-encoder --release --features 'parallel butteraugli-loop ssim2-loop' --example w44_170_cjxl_step025_sweep -- --image clic_02809272 --effort 9 --distance-min 0.5 --distance-max 0.5 --distance-step 0.5 --strategy zenjxl --corpus-manifest benchmarks/corpora/w44_170_varied_corpus.tsv
clic_02809272	clic	1024	1024	zenjxl	9	0.7500	366824	368002	88.7937	89.0120	0.934225	0.832178	20067.334	8788.647	-0.320	-0.2183	12.263	128.332	OK	44c8be367ca8a3918e67d3d2b62de9e0169cdee5	cargo run -p jxl-encoder --release --features 'parallel butteraugli-loop ssim2-loop' --example w44_170_cjxl_step025_sweep -- --image clic_02809272 --effort 9 --distance-min 0.75 --distance-max 0.75 --distance-step 0.75 --strategy zenjxl --corpus-manifest benchmarks/corpora/w44_170_varied_corpus.tsv
clic_02809272	clic	1024	1024	zenjxl	9	1.0000	306746	307865	86.4432	86.7633	1.203235	1.120557	17717.604	7908.327	-0.363	-0.3201	7.378	124.037	OK	44c8be367ca8a3918e67d3d2b62de9e0169cdee5	cargo run -p jxl-encoder --release --features 'parallel butteraugli-loop ssim2-loop' --example w44_170_cjxl_step025_sweep -- --image clic_02809272 --effort 9 --distance-min 1 --distance-max 1 --distance-step 1 --strategy zenjxl --corpus-manifest benchmarks/corpora/w44_170_varied_corpus.tsv
clic_02809272	clic	1024	1024	zenjxl	9	1.2500	265356	266649	84.0731	84.6514	1.385794	1.406873	14251.061	7787.182	-0.485	-0.5783	-1.498	83.007	OK	44c8be367ca8a3918e67d3d2b62de9e0169cdee5	cargo run -p jxl-encoder --release --features 'parallel butteraugli-loop ssim2-loop' --example w44_170_cjxl_step025_sweep -- --image clic_02809272 --effort 9 --distance-min 1.25 --distance-max 1.25 --distance-step 1.25 --strategy zenjxl --corpus-manifest benchmarks/corpora/w44_170_varied_corpus.tsv
clic_02809272	clic	1024	1024	zenjxl	9	1.5000	234329	235692	82.0655	82.3902	1.667862	1.716390	14528.162	8104.297	-0.578	-0.3247	-2.827	79.265	OK	44c8be367ca8a3918e67d3d2b62de9e0169cdee5	cargo run -p jxl-encoder --release --features 'parallel butteraugli-loop ssim2-loop' --example w44_170_cjxl_step025_sweep -- --image clic_02809272 --effort 9 --distance-min 1.5 --distance-max 1.5 --distance-step 1.5 --strategy zenjxl --corpus-manifest benchmarks/corpora/w44_170_varied_corpus.tsv
clic_02809272	clic	1024	1024	zenjxl	9	1.7500	210271	212060	80.2053	80.4704	1.856401	1.991728	15057.615	7922.048	-0.844	-0.2652	-6.794	90.072	OK	44c8be367ca8a3918e67d3d2b62de9e0169cdee5	cargo run -p jxl-encoder --release --features 'parallel butteraugli-loop ssim2-loop' --example w44_170_cjxl_step025_sweep -- --image clic_02809272 --effort 9 --distance-min 1.75 --distance-max 1.75 --distance-step 1.75 --strategy zenjxl --corpus-manifest benchmarks/corpora/w44_170_varied_corpus.tsv
clic_02809272	clic	1024	1024	zenjxl	9	2.0000	191320	193470	78.0889	78.5321	2.225231	2.315068	14385.304	8509.360	-1.111	-0.4431	-3.881	69.053	OK	44c8be367ca8a3918e67d3d2b62de9e0169cdee5	cargo run -p jxl-encoder --release --features 'parallel butteraugli-loop ssim2-loop' --example w44_170_cjxl_step025_sweep -- --image clic_02809272 --effort 9 --distance-min 2 --distance-max 2 --distance-step 2 --strategy zenjxl --corpus-manifest benchmarks/corpora/w44_170_varied_corpus.tsv
clic_02809272	clic	1024	1024	zenjxl	9	2.2500	175546	176983	76.3152	76.7886	2.495728	2.614760	12230.875	8485.483	-0.812	-0.4734	-4.552	44.139	OK	44c8be367ca8a3918e67d3d2b62de9e0169cdee5	cargo run -p jxl-encoder --release --features 'parallel butteraugli-loop ssim2-loop' --example w44_170_cjxl_step025_sweep -- --image clic_02809272 --effort 9 --distance-min 2.25 --distance-max 2.25 --distance-step 2.25 --strategy zenjxl --corpus-manifest benchmarks/corpora/w44_170_varied_corpus.tsv
clic_02809272	clic	1024	1024	zenjxl	9	2.5000	161428	163088	74.3622	74.8698	2.702617	2.700000	12187.404	7525.915	-1.018	-0.5076	0.097	61.939	OK	44c8be367ca8a3918e67d3d2b62de9e0169cdee5	cargo run -p jxl-encoder --release --features 'parallel butteraugli-loop ssim2-loop' --example w44_170_cjxl_step025_sweep -- --image clic_02809272 --effort 9 --distance-min 2.5 --distance-max 2.5 --distance-step 2.5 --strategy zenjxl --corpus-manifest benchmarks/corpora/w44_170_varied_corpus.tsv
clic_02809272	clic	1024	1024	zenjxl	9	2.7500	151799	153384	72.7680	73.5188	2.974994	3.022795	10580.129	7908.122	-1.033	-0.7507	-1.581	33.788	OK	44c8be367ca8a3918e67d3d2b62de9e0169cdee5	cargo run -p jxl-encoder --release --features 'parallel butteraugli-loop ssim2-loop' --example w44_170_cjxl_step025_sweep -- --image clic_02809272 --effort 9 --distance-min 2.75 --distance-max 2.75 --distance-step 2.75 --strategy zenjxl --corpus-manifest benchmarks/corpora/w44_170_varied_corpus.tsv
clic_02809272	clic	1024	1024	zenjxl	9	3.0000	141979	147166	71.0295	71.8027	3.208650	3.115274	10966.025	9192.614	-3.525	-0.7732	2.997	19.292	OK	44c8be367ca8a3918e67d3d2b62de9e0169cdee5	cargo run -p jxl-encoder --release --features 'parallel butteraugli-loop ssim2-loop' --example w44_170_cjxl_step025_sweep -- --image clic_02809272 --effort 9 --distance-min 3 --distance-max 3 --distance-step 3 --strategy zenjxl --corpus-manifest benchmarks/corpora/w44_170_varied_corpus.tsv
clic_02809272	clic	1024	1024	zenjxl	9	3.2500	132379	137759	69.0585	70.0045	3.497539	3.503427	11410.067	9003.781	-3.905	-0.9460	-0.168	26.725	OK	44c8be367ca8a3918e67d3d2b62de9e0169cdee5	cargo run -p jxl-encoder --release --features 'parallel butteraugli-loop ssim2-loop' --example w44_170_cjxl_step025_sweep -- --image clic_02809272 --effort 9 --distance-min 3.25 --distance-max 3.25 --distance-step 3.25 --strategy zenjxl --corpus-manifest benchmarks/corpora/w44_170_varied_corpus.tsv
clic_02809272	clic	1024	1024	zenjxl	9	3.5000	124518	129279	67.5028	68.3003	3.512269	3.534474	11521.519	9331.004	-3.683	-0.7975	-0.628	23.476	OK	44c8be367ca8a3918e67d3d2b62de9e0169cdee5	cargo run -p jxl-encoder --release --features 'parallel butteraugli-loop ssim2-loop' --example w44_170_cjxl_step025_sweep -- --image clic_02809272 --effort 9 --distance-min 3.5 --distance-max 3.5 --distance-step 3.5 --strategy zenjxl --corpus-manifest benchmarks/corpora/w44_170_varied_corpus.tsv
clic_02809272	clic	1024	1024	zenjxl	9	3.7500	117487	122370	65.9796	66.8350	4.236847	3.986575	9999.427	8611.007	-3.990	-0.8554	6.278	16.124	OK	44c8be367ca8a3918e67d3d2b62de9e0169cdee5	cargo run -p jxl-encoder --release --features 'parallel butteraugli-loop ssim2-loop' --example w44_170_cjxl_step025_sweep -- --image clic_02809272 --effort 9 --distance-min 3.75 --distance-max 3.75 --distance-step 3.75 --strategy zenjxl --corpus-manifest benchmarks/corpora/w44_170_varied_corpus.tsv
clic_02809272	clic	1024	1024	zenjxl	9	4.0000	111908	116376	64.3343	65.0278	4.498164	4.748279	15159.657	8789.081	-3.839	-0.6935	-5.267	72.483	OK	44c8be367ca8a3918e67d3d2b62de9e0169cdee5	cargo run -p jxl-encoder --release --features 'parallel butteraugli-loop ssim2-loop' --example w44_170_cjxl_step025_sweep -- --image clic_02809272 --effort 9 --distance-min 4 --distance-max 4 --distance-step 4 --strategy zenjxl --corpus-manifest benchmarks/corpora/w44_170_varied_corpus.tsv
clic_02809272	clic	1024	1024	zenjxl	9	4.2500	104983	109809	62.0833	62.8813	4.520922	4.742610	15987.739	7812.599	-4.395	-0.7980	-4.674	104.640	OK	44c8be367ca8a3918e67d3d2b62de9e0169cdee5	cargo run -p jxl-encoder --release --features 'parallel butteraugli-loop ssim2-loop' --example w44_170_cjxl_step025_sweep -- --image clic_02809272 --effort 9 --distance-min 4.25 --distance-max 4.25 --distance-step 4.25 --strategy zenjxl --corpus-manifest benchmarks/corpora/w44_170_varied_corpus.tsv
clic_02809272	clic	1024	1024	zenjxl	9	4.5000	99783	104387	60.5121	61.3483	4.635115	4.997350	12890.078	9629.168	-4.411	-0.8362	-7.249	33.865	OK	44c8be367ca8a3918e67d3d2b62de9e0169cdee5	cargo run -p jxl-encoder --release --features 'parallel butteraugli-loop ssim2-loop' --example w44_170_cjxl_step025_sweep -- --image clic_02809272 --effort 9 --distance-min 4.5 --distance-max 4.5 --distance-step 4.5 --strategy zenjxl --corpus-manifest benchmarks/corpora/w44_170_varied_corpus.tsv
clic_02809272	clic	1024	1024	zenjxl	9	4.7500	94253	98299	59.2515	60.3474	4.816514	4.779163	13359.133	8828.715	-4.116	-1.0959	0.782	51.315	OK	44c8be367ca8a3918e67d3d2b62de9e0169cdee5	cargo run -p jxl-encoder --release --features 'parallel butteraugli-loop ssim2-loop' --example w44_170_cjxl_step025_sweep -- --image clic_02809272 --effort 9 --distance-min 4.75 --distance-max 4.75 --distance-step 4.75 --strategy zenjxl --corpus-manifest benchmarks/corpora/w44_170_varied_corpus.tsv
clic_02809272	clic	1024	1024	zenjxl	9	5.0000	89956	93538	57.5560	59.0037	4.864284	4.922289	15263.695	9132.858	-3.829	-1.4477	-1.178	67.129	OK	44c8be367ca8a3918e67d3d2b62de9e0169cdee5	cargo run -p jxl-encoder --release --features 'parallel butteraugli-loop ssim2-loop' --example w44_170_cjxl_step025_sweep -- --image clic_02809272 --effort 9 --distance-min 5 --distance-max 5 --distance-step 5 --strategy zenjxl --corpus-manifest benchmarks/corpora/w44_170_varied_corpus.tsv
clic_0369d229	clic	1024	1024	zenjxl	5	0.2500	430022	433250	92.9904	92.8223	0.554671	0.684355	737.173	1086.539	-0.745	0.1680	-18.950	-32.154	OK	44c8be367ca8a3918e67d3d2b62de9e0169cdee5	cargo run -p jxl-encoder --release --features 'parallel butteraugli-loop ssim2-loop' --example w44_170_cjxl_step025_sweep -- --image clic_0369d229 --effort 5 --distance-min 0.25 --distance-max 0.25 --distance-step 0.25 --strategy zenjxl --corpus-manifest benchmarks/corpora/w44_170_varied_corpus.tsv
clic_0369d229	clic	1024	1024	zenjxl	5	0.5000	254187	257532	90.5035	90.6629	1.002663	0.997475	750.129	747.095	-1.299	-0.1594	0.520	0.406	OK	44c8be367ca8a3918e67d3d2b62de9e0169cdee5	cargo run -p jxl-encoder --release --features 'parallel butteraugli-loop ssim2-loop' --example w44_170_cjxl_step025_sweep -- --image clic_0369d229 --effort 5 --distance-min 0.5 --distance-max 0.5 --distance-step 0.5 --strategy zenjxl --corpus-manifest benchmarks/corpora/w44_170_varied_corpus.tsv
clic_0369d229	clic	1024	1024	zenjxl	5	0.7500	171855	174583	88.0657	88.0934	1.187451	1.176185	860.234	686.424	-1.563	-0.0277	0.958	25.321	OK	44c8be367ca8a3918e67d3d2b62de9e0169cdee5	cargo run -p jxl-encoder --release --features 'parallel butteraugli-loop ssim2-loop' --example w44_170_cjxl_step025_sweep -- --image clic_0369d229 --effort 5 --distance-min 0.75 --distance-max 0.75 --distance-step 0.75 --strategy zenjxl --corpus-manifest benchmarks/corpora/w44_170_varied_corpus.tsv
clic_0369d229	clic	1024	1024	zenjxl	5	1.0000	131597	133992	85.4328	85.5064	1.525425	1.634290	1032.017	928.025	-1.787	-0.0736	-6.661	11.206	OK	44c8be367ca8a3918e67d3d2b62de9e0169cdee5	cargo run -p jxl-encoder --release --features 'parallel butteraugli-loop ssim2-loop' --example w44_170_cjxl_step025_sweep -- --image clic_0369d229 --effort 5 --distance-min 1 --distance-max 1 --distance-step 1 --strategy zenjxl --corpus-manifest benchmarks/corpora/w44_170_varied_corpus.tsv
clic_0369d229	clic	1024	1024	zenjxl	5	1.2500	106455	108534	82.9535	82.8555	1.893946	2.091794	1072.647	638.278	-1.916	0.0980	-9.458	68.053	OK	44c8be367ca8a3918e67d3d2b62de9e0169cdee5	cargo run -p jxl-encoder --release --features 'parallel butteraugli-loop ssim2-loop' --example w44_170_cjxl_step025_sweep -- --image clic_0369d229 --effort 5 --distance-min 1.25 --distance-max 1.25 --distance-step 1.25 --strategy zenjxl --corpus-manifest benchmarks/corpora/w44_170_varied_corpus.tsv
clic_0369d229	clic	1024	1024	zenjxl	5	1.5000	88679	91046	80.2911	80.5583	2.313962	2.288820	803.074	889.623	-2.600	-0.2672	1.098	-9.729	OK	44c8be367ca8a3918e67d3d2b62de9e0169cdee5	cargo run -p jxl-encoder --release --features 'parallel butteraugli-loop ssim2-loop' --example w44_170_cjxl_step025_sweep -- --image clic_0369d229 --effort 5 --distance-min 1.5 --distance-max 1.5 --distance-step 1.5 --strategy zenjxl --corpus-manifest benchmarks/corpora/w44_170_varied_corpus.tsv
clic_0369d229	clic	1024	1024	zenjxl	5	1.7500	76473	78132	77.8747	77.0618	2.786062	3.712237	938.996	1029.774	-2.123	0.8129	-24.949	-8.815	OK	44c8be367ca8a3918e67d3d2b62de9e0169cdee5	cargo run -p jxl-encoder --release --features 'parallel butteraugli-loop ssim2-loop' --example w44_170_cjxl_step025_sweep -- --image clic_0369d229 --effort 5 --distance-min 1.75 --distance-max 1.75 --distance-step 1.75 --strategy zenjxl --corpus-manifest benchmarks/corpora/w44_170_varied_corpus.tsv
clic_0369d229	clic	1024	1024	zenjxl	5	2.0000	67288	68453	75.6349	74.9139	3.435890	3.846996	1020.298	666.358	-1.702	0.7210	-10.686	53.116	OK	44c8be367ca8a3918e67d3d2b62de9e0169cdee5	cargo run -p jxl-encoder --release --features 'parallel butteraugli-loop ssim2-loop' --example w44_170_cjxl_step025_sweep -- --image clic_0369d229 --effort 5 --distance-min 2 --distance-max 2 --distance-step 2 --strategy zenjxl --corpus-manifest benchmarks/corpora/w44_170_varied_corpus.tsv
clic_0369d229	clic	1024	1024	zenjxl	5	2.2500	59555	60619	73.3928	72.3996	3.817389	4.149627	943.381	500.661	-1.755	0.9932	-8.006	88.427	OK	44c8be367ca8a3918e67d3d2b62de9e0169cdee5	cargo run -p jxl-encoder --release --features 'parallel butteraugli-loop ssim2-loop' --example w44_170_cjxl_step025_sweep -- --image clic_0369d229 --effort 5 --distance-min 2.25 --distance-max 2.25 --distance-step 2.25 --strategy zenjxl --corpus-manifest benchmarks/corpora/w44_170_varied_corpus.tsv
clic_0369d229	clic	1024	1024	zenjxl	5	2.5000	53218	54590	70.7385	70.4413	4.400845	4.452738	522.908	701.819	-2.513	0.2972	-1.165	-25.493	OK	44c8be367ca8a3918e67d3d2b62de9e0169cdee5	cargo run -p jxl-encoder --release --features 'parallel butteraugli-loop ssim2-loop' --example w44_170_cjxl_step025_sweep -- --image clic_0369d229 --effort 5 --distance-min 2.5 --distance-max 2.5 --distance-step 2.5 --strategy zenjxl --corpus-manifest benchmarks/corpora/w44_170_varied_corpus.tsv
clic_0369d229	clic	1024	1024	zenjxl	5	2.7500	47892	49659	68.3995	67.9969	4.579535	4.613181	799.338	754.774	-3.558	0.4026	-0.729	5.904	OK	44c8be367ca8a3918e67d3d2b62de9e0169cdee5	cargo run -p jxl-encoder --release --features 'parallel butteraugli-loop ssim2-loop' --example w44_170_cjxl_step025_sweep -- --image clic_0369d229 --effort 5 --distance-min 2.75 --distance-max 2.75 --distance-step 2.75 --strategy zenjxl --corpus-manifest benchmarks/corpora/w44_170_varied_corpus.tsv
clic_0369d229	clic	1024	1024	zenjxl	5	3.0000	43805	45605	66.2205	66.1006	4.993741	4.984242	700.322	680.842	-3.947	0.1198	0.191	2.861	OK	44c8be367ca8a3918e67d3d2b62de9e0169cdee5	cargo run -p jxl-encoder --release --features 'parallel butteraugli-loop ssim2-loop' --example w44_170_cjxl_step025_sweep -- --image clic_0369d229 --effort 5 --distance-min 3 --distance-max 3 --distance-step 3 --strategy zenjxl --corpus-manifest benchmarks/corpora/w44_170_varied_corpus.tsv
clic_0369d229	clic	1024	1024	zenjxl	5	3.2500	40268	41815	64.1898	64.0980	4.822505	4.923655	468.661	556.796	-3.700	0.0918	-2.054	-15.829	OK	44c8be367ca8a3918e67d3d2b62de9e0169cdee5	cargo run -p jxl-encoder --release --features 'parallel butteraugli-loop ssim2-loop' --example w44_170_cjxl_step025_sweep -- --image clic_0369d229 --effort 5 --distance-min 3.25 --distance-max 3.25 --distance-step 3.25 --strategy zenjxl --corpus-manifest benchmarks/corpora/w44_170_varied_corpus.tsv
clic_0369d229	clic	1024	1024	zenjxl	5	3.5000	37638	38821	62.3951	62.3266	4.821170	4.875033	593.899	637.556	-3.047	0.0686	-1.105	-6.847	OK	44c8be367ca8a3918e67d3d2b62de9e0169cdee5	cargo run -p jxl-encoder --release --features 'parallel butteraugli-loop ssim2-loop' --example w44_170_cjxl_step025_sweep -- --image clic_0369d229 --effort 5 --distance-min 3.5 --distance-max 3.5 --distance-step 3.5 --strategy zenjxl --corpus-manifest benchmarks/corpora/w44_170_varied_corpus.tsv
clic_0369d229	clic	1024	1024	zenjxl	5	3.7500	35553	36881	60.9508	60.9781	5.019742	5.058171	720.033	653.152	-3.601	-0.0274	-0.760	10.240	OK	44c8be367ca8a3918e67d3d2b62de9e0169cdee5	cargo run -p jxl-encoder --release --features 'parallel butteraugli-loop ssim2-loop' --example w44_170_cjxl_step025_sweep -- --image clic_0369d229 --effort 5 --distance-min 3.75 --distance-max 3.75 --distance-step 3.75 --strategy zenjxl --corpus-manifest benchmarks/corpora/w44_170_varied_corpus.tsv
clic_0369d229	clic	1024	1024	zenjxl	5	4.0000	33432	34687	56.7584	56.3958	5.461112	5.194358	741.253	523.737	-3.618	0.3626	5.135	41.532	OK	44c8be367ca8a3918e67d3d2b62de9e0169cdee5	cargo run -p jxl-encoder --release --features 'parallel butteraugli-loop ssim2-loop' --example w44_170_cjxl_step025_sweep -- --image clic_0369d229 --effort 5 --distance-min 4 --distance-max 4 --distance-step 4 --strategy zenjxl --corpus-manifest benchmarks/corpora/w44_170_varied_corpus.tsv
clic_0369d229	clic	1024	1024	zenjxl	5	4.2500	31571	33021	54.7800	54.4041	5.592131	5.463851	585.116	535.756	-4.391	0.3759	2.348	9.213	OK	44c8be367ca8a3918e67d3d2b62de9e0169cdee5	cargo run -p jxl-encoder --release --features 'parallel butteraugli-loop ssim2-loop' --example w44_170_cjxl_step025_sweep -- --image clic_0369d229 --effort 5 --distance-min 4.25 --distance-max 4.25 --distance-step 4.25 --strategy zenjxl --corpus-manifest benchmarks/corpora/w44_170_varied_corpus.tsv
clic_0369d229	clic	1024	1024	zenjxl	5	4.5000	29837	31290	53.2671	52.7571	5.467375	5.577417	598.094	684.259	-4.644	0.5100	-1.973	-12.592	OK	44c8be367ca8a3918e67d3d2b62de9e0169cdee5	cargo run -p jxl-encoder --release --features 'parallel butteraugli-loop ssim2-loop' --example w44_170_cjxl_step025_sweep -- --image clic_0369d229 --effort 5 --distance-min 4.5 --distance-max 4.5 --distance-step 4.5 --strategy zenjxl --corpus-manifest benchmarks/corpora/w44_170_varied_corpus.tsv
clic_0369d229	clic	1024	1024	zenjxl	5	4.7500	28301	29656	51.8775	51.5276	5.569035	5.507149	512.159	581.202	-4.569	0.3499	1.124	-11.879	OK	44c8be367ca8a3918e67d3d2b62de9e0169cdee5	cargo run -p jxl-encoder --release --features 'parallel butteraugli-loop ssim2-loop' --example w44_170_cjxl_step025_sweep -- --image clic_0369d229 --effort 5 --distance-min 4.75 --distance-max 4.75 --distance-step 4.75 --strategy zenjxl --corpus-manifest benchmarks/corpora/w44_170_varied_corpus.tsv
clic_0369d229	clic	1024	1024	zenjxl	5	5.0000	27293	28663	50.8148	50.1376	5.613417	5.704577	659.675	684.644	-4.780	0.6772	-1.598	-3.647	OK	44c8be367ca8a3918e67d3d2b62de9e0169cdee5	cargo run -p jxl-encoder --release --features 'parallel butteraugli-loop ssim2-loop' --example w44_170_cjxl_step025_sweep -- --image clic_0369d229 --effort 5 --distance-min 5 --distance-max 5 --distance-step 5 --strategy zenjxl --corpus-manifest benchmarks/corpora/w44_170_varied_corpus.tsv
clic_0369d229	clic	1024	1024	zenjxl	6	0.2500	429978	431379	92.8863	92.8176	0.554671	0.684785	1092.763	673.381	-0.325	0.0687	-19.001	62.280	OK	44c8be367ca8a3918e67d3d2b62de9e0169cdee5	cargo run -p jxl-encoder --release --features 'parallel butteraugli-loop ssim2-loop' --example w44_170_cjxl_step025_sweep -- --image clic_0369d229 --effort 6 --distance-min 0.25 --distance-max 0.25 --distance-step 0.25 --strategy zenjxl --corpus-manifest benchmarks/corpora/w44_170_varied_corpus.tsv
clic_0369d229	clic	1024	1024	zenjxl	6	0.5000	254261	256914	90.5333	90.6592	1.002663	0.997293	951.713	766.762	-1.033	-0.1260	0.538	24.121	OK	44c8be367ca8a3918e67d3d2b62de9e0169cdee5	cargo run -p jxl-encoder --release --features 'parallel butteraugli-loop ssim2-loop' --example w44_170_cjxl_step025_sweep -- --image clic_0369d229 --effort 6 --distance-min 0.5 --distance-max 0.5 --distance-step 0.5 --strategy zenjxl --corpus-manifest benchmarks/corpora/w44_170_varied_corpus.tsv
clic_0369d229	clic	1024	1024	zenjxl	6	0.7500	172794	176306	88.0937	88.1767	1.213794	1.097489	1499.875	1431.028	-1.992	-0.0830	10.597	4.811	OK	44c8be367ca8a3918e67d3d2b62de9e0169cdee5	cargo run -p jxl-encoder --release --features 'parallel butteraugli-loop ssim2-loop' --example w44_170_cjxl_step025_sweep -- --image clic_0369d229 --effort 6 --distance-min 0.75 --distance-max 0.75 --distance-step 0.75 --strategy zenjxl --corpus-manifest benchmarks/corpora/w44_170_varied_corpus.tsv
clic_0369d229	clic	1024	1024	zenjxl	6	1.0000	132480	135433	85.4399	85.5316	1.563444	1.627609	1305.285	1102.850	-2.180	-0.0916	-3.942	18.356	OK	44c8be367ca8a3918e67d3d2b62de9e0169cdee5	cargo run -p jxl-encoder --release --features 'parallel butteraugli-loop ssim2-loop' --example w44_170_cjxl_step025_sweep -- --image clic_0369d229 --effort 6 --distance-min 1 --distance-max 1 --distance-step 1 --strategy zenjxl --corpus-manifest benchmarks/corpora/w44_170_varied_corpus.tsv
clic_0369d229	clic	1024	1024	zenjxl	6	1.2500	107354	110071	82.9880	82.8399	1.823881	2.054341	1268.297	1151.422	-2.468	0.1482	-11.218	10.150	OK	44c8be367ca8a3918e67d3d2b62de9e0169cdee5	cargo run -p jxl-encoder --release --features 'parallel butteraugli-loop ssim2-loop' --example w44_170_cjxl_step025_sweep -- --image clic_0369d229 --effort 6 --distance-min 1.25 --distance-max 1.25 --distance-step 1.25 --strategy zenjxl --corpus-manifest benchmarks/corpora/w44_170_varied_corpus.tsv
clic_0369d229	clic	1024	1024	zenjxl	6	1.5000	90157	92838	80.4309	80.5841	2.395793	2.561362	1324.616	1181.489	-2.888	-0.1532	-6.464	12.114	OK	44c8be367ca8a3918e67d3d2b62de9e0169cdee5	cargo run -p jxl-encoder --release --features 'parallel butteraugli-loop ssim2-loop' --example w44_170_cjxl_step025_sweep -- --image clic_0369d229 --effort 6 --distance-min 1.5 --distance-max 1.5 --distance-step 1.5 --strategy zenjxl --corpus-manifest benchmarks/corpora/w44_170_varied_corpus.tsv
clic_0369d229	clic	1024	1024	zenjxl	6	1.7500	78077	80119	78.1664	77.4526	2.553477	3.557882	1225.080	1073.234	-2.549	0.7138	-28.230	14.148	OK	44c8be367ca8a3918e67d3d2b62de9e0169cdee5	cargo run -p jxl-encoder --release --features 'parallel butteraugli-loop ssim2-loop' --example w44_170_cjxl_step025_sweep -- --image clic_0369d229 --effort 6 --distance-min 1.75 --distance-max 1.75 --distance-step 1.75 --strategy zenjxl --corpus-manifest benchmarks/corpora/w44_170_varied_corpus.tsv
clic_0369d229	clic	1024	1024	zenjxl	6	2.0000	68687	70653	76.0533	75.1773	3.346103	3.942307	1264.157	1754.716	-2.783	0.8760	-15.123	-27.957	OK	44c8be367ca8a3918e67d3d2b62de9e0169cdee5	cargo run -p jxl-encoder --release --features 'parallel butteraugli-loop ssim2-loop' --example w44_170_cjxl_step025_sweep -- --image clic_0369d229 --effort 6 --distance-min 2 --distance-max 2 --distance-step 2 --strategy zenjxl --corpus-manifest benchmarks/corpora/w44_170_varied_corpus.tsv
clic_0369d229	clic	1024	1024	zenjxl	6	2.2500	60999	62826	73.9166	72.8986	3.724964	3.964977	1592.046	1320.415	-2.908	1.0181	-6.053	20.572	OK	44c8be367ca8a3918e67d3d2b62de9e0169cdee5	cargo run -p jxl-encoder --release --features 'parallel butteraugli-loop ssim2-loop' --example w44_170_cjxl_step025_sweep -- --image clic_0369d229 --effort 6 --distance-min 2.25 --distance-max 2.25 --distance-step 2.25 --strategy zenjxl --corpus-manifest benchmarks/corpora/w44_170_varied_corpus.tsv
clic_0369d229	clic	1024	1024	zenjxl	6	2.5000	54756	56837	71.4338	71.0897	4.472889	4.716189	1396.465	1265.481	-3.661	0.3441	-5.159	10.351	OK	44c8be367ca8a3918e67d3d2b62de9e0169cdee5	cargo run -p jxl-encoder --release --features 'parallel butteraugli-loop ssim2-loop' --example w44_170_cjxl_step025_sweep -- --image clic_0369d229 --effort 6 --distance-min 2.5 --distance-max 2.5 --distance-step 2.5 --strategy zenjxl --corpus-manifest benchmarks/corpora/w44_170_varied_corpus.tsv
clic_0369d229	clic	1024	1024	zenjxl	6	2.7500	49402	51840	69.1855	68.8881	4.553436	4.574162	1259.103	1218.231	-4.703	0.2974	-0.453	3.355	OK	44c8be367ca8a3918e67d3d2b62de9e0169cdee5	cargo run -p jxl-encoder --release --features 'parallel butteraugli-loop ssim2-loop' --example w44_170_cjxl_step025_sweep -- --image clic_0369d229 --effort 6 --distance-min 2.75 --distance-max 2.75 --distance-step 2.75 --strategy zenjxl --corpus-manifest benchmarks/corpora/w44_170_varied_corpus.tsv
clic_0369d229	clic	1024	1024	zenjxl	6	3.0000	45312	47797	67.2381	66.9985	4.782049	4.920662	1435.207	1028.368	-5.199	0.2396	-2.817	39.562	OK	44c8be367ca8a3918e67d3d2b62de9e0169cdee5	cargo run -p jxl-encoder --release --features 'parallel butteraugli-loop ssim2-loop' --example w44_170_cjxl_step025_sweep -- --image clic_0369d229 --effort 6 --distance-min 3 --distance-max 3 --distance-step 3 --strategy zenjxl --corpus-manifest benchmarks/corpora/w44_170_varied_corpus.tsv
clic_0369d229	clic	1024	1024	zenjxl	6	3.2500	41759	44018	65.2697	65.1986	4.537566	4.770224	1312.658	1137.230	-5.132	0.0710	-4.877	15.426	OK	44c8be367ca8a3918e67d3d2b62de9e0169cdee5	cargo run -p jxl-encoder --release --features 'parallel butteraugli-loop ssim2-loop' --example w44_170_cjxl_step025_sweep -- --image clic_0369d229 --effort 6 --distance-min 3.25 --distance-max 3.25 --distance-step 3.25 --strategy zenjxl --corpus-manifest benchmarks/corpora/w44_170_varied_corpus.tsv
clic_0369d229	clic	1024	1024	zenjxl	6	3.5000	39151	41043	63.5518	63.6334	4.503353	4.722948	1393.159	1288.609	-4.610	-0.0816	-4.650	8.113	OK	44c8be367ca8a3918e67d3d2b62de9e0169cdee5	cargo run -p jxl-encoder --release --features 'parallel butteraugli-loop ssim2-loop' --example w44_170_cjxl_step025_sweep -- --image clic_0369d229 --effort 6 --distance-min 3.5 --distance-max 3.5 --distance-step 3.5 --strategy zenjxl --corpus-manifest benchmarks/corpora/w44_170_varied_corpus.tsv
clic_0369d229	clic	1024	1024	zenjxl	6	3.7500	36957	38903	62.1313	62.2934	4.661854	4.782856	1186.789	1223.497	-5.002	-0.1621	-2.530	-3.000	OK	44c8be367ca8a3918e67d3d2b62de9e0169cdee5	cargo run -p jxl-encoder --release --features 'parallel butteraugli-loop ssim2-loop' --example w44_170_cjxl_step025_sweep -- --image clic_0369d229 --effort 6 --distance-min 3.75 --distance-max 3.75 --distance-step 3.75 --strategy zenjxl --corpus-manifest benchmarks/corpora/w44_170_varied_corpus.tsv
clic_0369d229	clic	1024	1024	zenjxl	6	4.0000	35400	37236	60.9149	60.6793	4.869710	5.190431	2065.636	1462.712	-4.931	0.2357	-6.179	41.220	OK	44c8be367ca8a3918e67d3d2b62de9e0169cdee5	cargo run -p jxl-encoder --release --features 'parallel butteraugli-loop ssim2-loop' --example w44_170_cjxl_step025_sweep -- --image clic_0369d229 --effort 6 --distance-min 4 --distance-max 4 --distance-step 4 --strategy zenjxl --corpus-manifest benchmarks/corpora/w44_170_varied_corpus.tsv
clic_0369d229	clic	1024	1024	zenjxl	6	4.2500	33447	35350	59.3360	59.2334	5.125313	5.257761	1471.207	1534.136	-5.383	0.1025	-2.519	-4.102	OK	44c8be367ca8a3918e67d3d2b62de9e0169cdee5	cargo run -p jxl-encoder --release --features 'parallel butteraugli-loop ssim2-loop' --example w44_170_cjxl_step025_sweep -- --image clic_0369d229 --effort 6 --distance-min 4.25 --distance-max 4.25 --distance-step 4.25 --strategy zenjxl --corpus-manifest benchmarks/corpora/w44_170_varied_corpus.tsv
clic_0369d229	clic	1024	1024	zenjxl	6	4.5000	31678	33669	57.8204	57.6212	5.021138	5.528535	1898.904	1323.158	-5.913	0.1991	-9.178	43.513	OK	44c8be367ca8a3918e67d3d2b62de9e0169cdee5	cargo run -p jxl-encoder --release --features 'parallel butteraugli-loop ssim2-loop' --example w44_170_cjxl_step025_sweep -- --image clic_0369d229 --effort 6 --distance-min 4.5 --distance-max 4.5 --distance-step 4.5 --strategy zenjxl --corpus-manifest benchmarks/corpora/w44_170_varied_corpus.tsv
clic_0369d229	clic	1024	1024	zenjxl	6	4.7500	29743	31269	56.4971	56.3200	5.277455	5.365609	1635.601	1205.306	-4.880	0.1771	-1.643	35.700	OK	44c8be367ca8a3918e67d3d2b62de9e0169cdee5	cargo run -p jxl-encoder --release --features 'parallel butteraugli-loop ssim2-loop' --example w44_170_cjxl_step025_sweep -- --image clic_0369d229 --effort 6 --distance-min 4.75 --distance-max 4.75 --distance-step 4.75 --strategy zenjxl --corpus-manifest benchmarks/corpora/w44_170_varied_corpus.tsv
clic_0369d229	clic	1024	1024	zenjxl	6	5.0000	28711	30322	55.4193	55.1257	5.076297	5.414011	1199.013	1070.213	-5.313	0.2936	-6.238	12.035	OK	44c8be367ca8a3918e67d3d2b62de9e0169cdee5	cargo run -p jxl-encoder --release --features 'parallel butteraugli-loop ssim2-loop' --example w44_170_cjxl_step025_sweep -- --image clic_0369d229 --effort 6 --distance-min 5 --distance-max 5 --distance-step 5 --strategy zenjxl --corpus-manifest benchmarks/corpora/w44_170_varied_corpus.tsv
clic_0369d229	clic	1024	1024	zenjxl	7	0.2500	429162	430924	92.9433	92.9830	0.553759	0.683779	1424.381	795.990	-0.409	-0.0397	-19.015	78.944	OK	44c8be367ca8a3918e67d3d2b62de9e0169cdee5	cargo run -p jxl-encoder --release --features 'parallel butteraugli-loop ssim2-loop' --example w44_170_cjxl_step025_sweep -- --image clic_0369d229 --effort 7 --distance-min 0.25 --distance-max 0.25 --distance-step 0.25 --strategy zenjxl --corpus-manifest benchmarks/corpora/w44_170_varied_corpus.tsv
clic_0369d229	clic	1024	1024	zenjxl	7	0.5000	253397	256961	90.5408	90.6735	1.002297	0.995484	1147.672	764.221	-1.387	-0.1327	0.684	50.175	OK	44c8be367ca8a3918e67d3d2b62de9e0169cdee5	cargo run -p jxl-encoder --release --features 'parallel butteraugli-loop ssim2-loop' --example w44_170_cjxl_step025_sweep -- --image clic_0369d229 --effort 7 --distance-min 0.5 --distance-max 0.5 --distance-step 0.5 --strategy zenjxl --corpus-manifest benchmarks/corpora/w44_170_varied_corpus.tsv
clic_0369d229	clic	1024	1024	zenjxl	7	0.7500	171874	176323	87.9844	88.2674	1.213793	1.097909	1391.905	1361.790	-2.523	-0.2830	10.555	2.211	OK	44c8be367ca8a3918e67d3d2b62de9e0169cdee5	cargo run -p jxl-encoder --release --features 'parallel butteraugli-loop ssim2-loop' --example w44_170_cjxl_step025_sweep -- --image clic_0369d229 --effort 7 --distance-min 0.75 --distance-max 0.75 --distance-step 0.75 --strategy zenjxl --corpus-manifest benchmarks/corpora/w44_170_varied_corpus.tsv
clic_0369d229	clic	1024	1024	zenjxl	7	1.0000	131442	135532	85.3862	85.6685	1.567022	1.566330	1243.732	1203.996	-3.018	-0.2823	0.044	3.300	OK	44c8be367ca8a3918e67d3d2b62de9e0169cdee5	cargo run -p jxl-encoder --release --features 'parallel butteraugli-loop ssim2-loop' --example w44_170_cjxl_step025_sweep -- --image clic_0369d229 --effort 7 --distance-min 1 --distance-max 1 --distance-step 1 --strategy zenjxl --corpus-manifest benchmarks/corpora/w44_170_varied_corpus.tsv
clic_0369d229	clic	1024	1024	zenjxl	7	1.2500	106170	109911	82.7634	83.0873	2.067926	2.073431	1814.172	1326.958	-3.404	-0.3239	-0.266	36.717	OK	44c8be367ca8a3918e67d3d2b62de9e0169cdee5	cargo run -p jxl-encoder --release --features 'parallel butteraugli-loop ssim2-loop' --example w44_170_cjxl_step025_sweep -- --image clic_0369d229 --effort 7 --distance-min 1.25 --distance-max 1.25 --distance-step 1.25 --strategy zenjxl --corpus-manifest benchmarks/corpora/w44_170_varied_corpus.tsv
clic_0369d229	clic	1024	1024	zenjxl	7	1.5000	88796	92555	80.2301	80.6300	2.347163	2.563015	1446.900	1527.339	-4.061	-0.3998	-8.422	-5.267	OK	44c8be367ca8a3918e67d3d2b62de9e0169cdee5	cargo run -p jxl-encoder --release --features 'parallel butteraugli-loop ssim2-loop' --example w44_170_cjxl_step025_sweep -- --image clic_0369d229 --effort 7 --distance-min 1.5 --distance-max 1.5 --distance-step 1.5 --strategy zenjxl --corpus-manifest benchmarks/corpora/w44_170_varied_corpus.tsv
clic_0369d229	clic	1024	1024	zenjxl	7	1.7500	76874	80336	77.1155	78.2828	3.546004	2.844976	1368.337	1263.485	-4.309	-1.1673	24.641	8.299	OK	44c8be367ca8a3918e67d3d2b62de9e0169cdee5	cargo run -p jxl-encoder --release --features 'parallel butteraugli-loop ssim2-loop' --example w44_170_cjxl_step025_sweep -- --image clic_0369d229 --effort 7 --distance-min 1.75 --distance-max 1.75 --distance-step 1.75 --strategy zenjxl --corpus-manifest benchmarks/corpora/w44_170_varied_corpus.tsv
clic_0369d229	clic	1024	1024	zenjxl	7	2.0000	67675	70629	75.0607	75.1867	3.695703	3.934928	1356.139	1269.293	-4.182	-0.1260	-6.080	6.842	OK	44c8be367ca8a3918e67d3d2b62de9e0169cdee5	cargo run -p jxl-encoder --release --features 'parallel butteraugli-loop ssim2-loop' --example w44_170_cjxl_step025_sweep -- --image clic_0369d229 --effort 7 --distance-min 2 --distance-max 2 --distance-step 2 --strategy zenjxl --corpus-manifest benchmarks/corpora/w44_170_varied_corpus.tsv
clic_0369d229	clic	1024	1024	zenjxl	7	2.2500	59993	62828	72.9373	73.1744	3.885225	3.911423	1453.071	1220.885	-4.512	-0.2371	-0.670	19.018	OK	44c8be367ca8a3918e67d3d2b62de9e0169cdee5	cargo run -p jxl-encoder --release --features 'parallel butteraugli-loop ssim2-loop' --example w44_170_cjxl_step025_sweep -- --image clic_0369d229 --effort 7 --distance-min 2.25 --distance-max 2.25 --distance-step 2.25 --strategy zenjxl --corpus-manifest benchmarks/corpora/w44_170_varied_corpus.tsv
clic_0369d229	clic	1024	1024	zenjxl	7	2.5000	53667	56793	70.6731	71.0600	4.481301	4.651486	1660.561	1137.622	-5.504	-0.3869	-3.659	45.968	OK	44c8be367ca8a3918e67d3d2b62de9e0169cdee5	cargo run -p jxl-encoder --release --features 'parallel butteraugli-loop ssim2-loop' --example w44_170_cjxl_step025_sweep -- --image clic_0369d229 --effort 7 --distance-min 2.5 --distance-max 2.5 --distance-step 2.5 --strategy zenjxl --corpus-manifest benchmarks/corpora/w44_170_varied_corpus.tsv
clic_0369d229	clic	1024	1024	zenjxl	7	2.7500	48337	51912	68.1787	68.8275	4.561605	4.569207	1280.327	1158.690	-6.887	-0.6487	-0.166	10.498	OK	44c8be367ca8a3918e67d3d2b62de9e0169cdee5	cargo run -p jxl-encoder --release --features 'parallel butteraugli-loop ssim2-loop' --example w44_170_cjxl_step025_sweep -- --image clic_0369d229 --effort 7 --distance-min 2.75 --distance-max 2.75 --distance-step 2.75 --strategy zenjxl --corpus-manifest benchmarks/corpora/w44_170_varied_corpus.tsv
clic_0369d229	clic	1024	1024	zenjxl	7	3.0000	44116	47338	66.3473	66.9930	4.792763	4.895204	1920.010	1376.359	-6.806	-0.6456	-2.093	39.499	OK	44c8be367ca8a3918e67d3d2b62de9e0169cdee5	cargo run -p jxl-encoder --release --features 'parallel butteraugli-loop ssim2-loop' --example w44_170_cjxl_step025_sweep -- --image clic_0369d229 --effort 7 --distance-min 3 --distance-max 3 --distance-step 3 --strategy zenjxl --corpus-manifest benchmarks/corpora/w44_170_varied_corpus.tsv
clic_0369d229	clic	1024	1024	zenjxl	7	3.2500	40713	43661	64.3258	65.2132	4.538823	4.770008	1770.907	1360.233	-6.752	-0.8874	-4.847	30.191	OK	44c8be367ca8a3918e67d3d2b62de9e0169cdee5	cargo run -p jxl-encoder --release --features 'parallel butteraugli-loop ssim2-loop' --example w44_170_cjxl_step025_sweep -- --image clic_0369d229 --effort 7 --distance-min 3.25 --distance-max 3.25 --distance-step 3.25 --strategy zenjxl --corpus-manifest benchmarks/corpora/w44_170_varied_corpus.tsv
clic_0369d229	clic	1024	1024	zenjxl	7	3.5000	37868	40474	62.4832	63.5012	4.518162	4.797001	1921.838	1335.285	-6.439	-1.0180	-5.813	43.927	OK	44c8be367ca8a3918e67d3d2b62de9e0169cdee5	cargo run -p jxl-encoder --release --features 'parallel butteraugli-loop ssim2-loop' --example w44_170_cjxl_step025_sweep -- --image clic_0369d229 --effort 7 --distance-min 3.5 --distance-max 3.5 --distance-step 3.5 --strategy zenjxl --corpus-manifest benchmarks/corpora/w44_170_varied_corpus.tsv
clic_0369d229	clic	1024	1024	zenjxl	7	3.7500	35864	38469	61.0433	62.2658	4.662614	4.846111	1990.893	1275.006	-6.772	-1.2226	-3.786	56.148	OK	44c8be367ca8a3918e67d3d2b62de9e0169cdee5	cargo run -p jxl-encoder --release --features 'parallel butteraugli-loop ssim2-loop' --example w44_170_cjxl_step025_sweep -- --image clic_0369d229 --effort 7 --distance-min 3.75 --distance-max 3.75 --distance-step 3.75 --strategy zenjxl --corpus-manifest benchmarks/corpora/w44_170_varied_corpus.tsv
clic_0369d229	clic	1024	1024	zenjxl	7	4.0000	34243	36978	59.6874	60.7508	5.262474	5.188834	2478.403	1198.764	-7.396	-1.0635	1.419	106.746	OK	44c8be367ca8a3918e67d3d2b62de9e0169cdee5	cargo run -p jxl-encoder --release --features 'parallel butteraugli-loop ssim2-loop' --example w44_170_cjxl_step025_sweep -- --image clic_0369d229 --effort 7 --distance-min 4 --distance-max 4 --distance-step 4 --strategy zenjxl --corpus-manifest benchmarks/corpora/w44_170_varied_corpus.tsv
clic_0369d229	clic	1024	1024	zenjxl	7	4.2500	32368	35128	58.2584	59.3878	4.816432	5.256064	2422.527	1684.995	-7.857	-1.1294	-8.364	43.771	OK	44c8be367ca8a3918e67d3d2b62de9e0169cdee5	cargo run -p jxl-encoder --release --features 'parallel butteraugli-loop ssim2-loop' --example w44_170_cjxl_step025_sweep -- --image clic_0369d229 --effort 7 --distance-min 4.25 --distance-max 4.25 --distance-step 4.25 --strategy zenjxl --corpus-manifest benchmarks/corpora/w44_170_varied_corpus.tsv
clic_0369d229	clic	1024	1024	zenjxl	7	4.5000	30587	33344	56.4817	57.7514	5.027591	5.412740	2568.484	1469.871	-8.268	-1.2698	-7.116	74.742	OK	44c8be367ca8a3918e67d3d2b62de9e0169cdee5	cargo run -p jxl-encoder --release --features 'parallel butteraugli-loop ssim2-loop' --example w44_170_cjxl_step025_sweep -- --image clic_0369d229 --effort 7 --distance-min 4.5 --distance-max 4.5 --distance-step 4.5 --strategy zenjxl --corpus-manifest benchmarks/corpora/w44_170_varied_corpus.tsv
clic_0369d229	clic	1024	1024	zenjxl	7	4.7500	28690	30994	54.9018	56.3112	5.277459	5.322505	2059.149	1365.564	-7.434	-1.4094	-0.846	50.791	OK	44c8be367ca8a3918e67d3d2b62de9e0169cdee5	cargo run -p jxl-encoder --release --features 'parallel butteraugli-loop ssim2-loop' --example w44_170_cjxl_step025_sweep -- --image clic_0369d229 --effort 7 --distance-min 4.75 --distance-max 4.75 --distance-step 4.75 --strategy zenjxl --corpus-manifest benchmarks/corpora/w44_170_varied_corpus.tsv
clic_0369d229	clic	1024	1024	zenjxl	7	5.0000	27620	29978	54.0012	55.1917	5.426558	5.414016	2357.790	1210.682	-7.866	-1.1904	0.232	94.749	OK	44c8be367ca8a3918e67d3d2b62de9e0169cdee5	cargo run -p jxl-encoder --release --features 'parallel butteraugli-loop ssim2-loop' --example w44_170_cjxl_step025_sweep -- --image clic_0369d229 --effort 7 --distance-min 5 --distance-max 5 --distance-step 5 --strategy zenjxl --corpus-manifest benchmarks/corpora/w44_170_varied_corpus.tsv
clic_0369d229	clic	1024	1024	zenjxl	8	0.2500	489918	431273	93.2992	92.9830	0.353428	0.683779	7560.064	1149.093	13.598	0.3161	-48.313	557.916	OK	44c8be367ca8a3918e67d3d2b62de9e0169cdee5	cargo run -p jxl-encoder --release --features 'parallel butteraugli-loop ssim2-loop' --example w44_170_cjxl_step025_sweep -- --image clic_0369d229 --effort 8 --distance-min 0.25 --distance-max 0.25 --distance-step 0.25 --strategy zenjxl --corpus-manifest benchmarks/corpora/w44_170_varied_corpus.tsv
clic_0369d229	clic	1024	1024	zenjxl	8	0.5000	269528	257294	90.9262	90.6735	0.702903	0.995484	5521.536	910.078	4.755	0.2527	-29.391	506.710	OK	44c8be367ca8a3918e67d3d2b62de9e0169cdee5	cargo run -p jxl-encoder --release --features 'parallel butteraugli-loop ssim2-loop' --example w44_170_cjxl_step025_sweep -- --image clic_0369d229 --effort 8 --distance-min 0.5 --distance-max 0.5 --distance-step 0.5 --strategy zenjxl --corpus-manifest benchmarks/corpora/w44_170_varied_corpus.tsv
clic_0369d229	clic	1024	1024	zenjxl	8	0.7500	178029	181345	88.4497	88.7609	0.993540	0.990779	7357.111	6922.280	-1.829	-0.3111	0.279	6.282	OK	44c8be367ca8a3918e67d3d2b62de9e0169cdee5	cargo run -p jxl-encoder --release --features 'parallel butteraugli-loop ssim2-loop' --example w44_170_cjxl_step025_sweep -- --image clic_0369d229 --effort 8 --distance-min 0.75 --distance-max 0.75 --distance-step 0.75 --strategy zenjxl --corpus-manifest benchmarks/corpora/w44_170_varied_corpus.tsv
clic_0369d229	clic	1024	1024	zenjxl	8	1.0000	134578	137918	86.0718	86.2739	1.236463	1.286216	6049.368	6144.021	-2.422	-0.2020	-3.868	-1.541	OK	44c8be367ca8a3918e67d3d2b62de9e0169cdee5	cargo run -p jxl-encoder --release --features 'parallel butteraugli-loop ssim2-loop' --example w44_170_cjxl_step025_sweep -- --image clic_0369d229 --effort 8 --distance-min 1 --distance-max 1 --distance-step 1 --strategy zenjxl --corpus-manifest benchmarks/corpora/w44_170_varied_corpus.tsv
clic_0369d229	clic	1024	1024	zenjxl	8	1.2500	106301	109845	83.2590	83.7186	1.687392	1.680418	5488.752	5475.224	-3.226	-0.4597	0.415	0.247	OK	44c8be367ca8a3918e67d3d2b62de9e0169cdee5	cargo run -p jxl-encoder --release --features 'parallel butteraugli-loop ssim2-loop' --example w44_170_cjxl_step025_sweep -- --image clic_0369d229 --effort 8 --distance-min 1.25 --distance-max 1.25 --distance-step 1.25 --strategy zenjxl --corpus-manifest benchmarks/corpora/w44_170_varied_corpus.tsv
clic_0369d229	clic	1024	1024	zenjxl	8	1.5000	88545	91793	80.9313	81.3823	1.927781	1.964308	7981.770	6055.428	-3.538	-0.4510	-1.860	31.812	OK	44c8be367ca8a3918e67d3d2b62de9e0169cdee5	cargo run -p jxl-encoder --release --features 'parallel butteraugli-loop ssim2-loop' --example w44_170_cjxl_step025_sweep -- --image clic_0369d229 --effort 8 --distance-min 1.5 --distance-max 1.5 --distance-step 1.5 --strategy zenjxl --corpus-manifest benchmarks/corpora/w44_170_varied_corpus.tsv
clic_0369d229	clic	1024	1024	zenjxl	8	1.7500	74654	77829	78.2641	78.7771	2.320858	2.608491	7765.588	5989.221	-4.079	-0.5130	-11.027	29.659	OK	44c8be367ca8a3918e67d3d2b62de9e0169cdee5	cargo run -p jxl-encoder --release --features 'parallel butteraugli-loop ssim2-loop' --example w44_170_cjxl_step025_sweep -- --image clic_0369d229 --effort 8 --distance-min 1.75 --distance-max 1.75 --distance-step 1.75 --strategy zenjxl --corpus-manifest benchmarks/corpora/w44_170_varied_corpus.tsv
clic_0369d229	clic	1024	1024	zenjxl	8	2.0000	65525	68598	76.0219	76.3740	2.707635	2.778778	6839.384	5407.257	-4.480	-0.3521	-2.560	26.485	OK	44c8be367ca8a3918e67d3d2b62de9e0169cdee5	cargo run -p jxl-encoder --release --features 'parallel butteraugli-loop ssim2-loop' --example w44_170_cjxl_step025_sweep -- --image clic_0369d229 --effort 8 --distance-min 2 --distance-max 2 --distance-step 2 --strategy zenjxl --corpus-manifest benchmarks/corpora/w44_170_varied_corpus.tsv
clic_0369d229	clic	1024	1024	zenjxl	8	2.2500	57235	60154	73.3407	74.0352	3.031141	3.207898	6578.046	5513.297	-4.853	-0.6945	-5.510	19.312	OK	44c8be367ca8a3918e67d3d2b62de9e0169cdee5	cargo run -p jxl-encoder --release --features 'parallel butteraugli-loop ssim2-loop' --example w44_170_cjxl_step025_sweep -- --image clic_0369d229 --effort 8 --distance-min 2.25 --distance-max 2.25 --distance-step 2.25 --strategy zenjxl --corpus-manifest benchmarks/corpora/w44_170_varied_corpus.tsv
clic_0369d229	clic	1024	1024	zenjxl	8	2.5000	51434	54469	71.1628	71.7319	3.573191	3.580230	7567.173	6036.254	-5.572	-0.5691	-0.197	25.362	OK	44c8be367ca8a3918e67d3d2b62de9e0169cdee5	cargo run -p jxl-encoder --release --features 'parallel butteraugli-loop ssim2-loop' --example w44_170_cjxl_step025_sweep -- --image clic_0369d229 --effort 8 --distance-min 2.5 --distance-max 2.5 --distance-step 2.5 --strategy zenjxl --corpus-manifest benchmarks/corpora/w44_170_varied_corpus.tsv
clic_0369d229	clic	1024	1024	zenjxl	8	2.7500	46856	49849	69.1367	69.6689	3.817073	4.171469	7911.370	5406.225	-6.004	-0.5323	-8.496	46.338	OK	44c8be367ca8a3918e67d3d2b62de9e0169cdee5	cargo run -p jxl-encoder --release --features 'parallel butteraugli-loop ssim2-loop' --example w44_170_cjxl_step025_sweep -- --image clic_0369d229 --effort 8 --distance-min 2.75 --distance-max 2.75 --distance-step 2.75 --strategy zenjxl --corpus-manifest benchmarks/corpora/w44_170_varied_corpus.tsv
clic_0369d229	clic	1024	1024	zenjxl	8	3.0000	42290	45815	66.7825	67.7708	3.925392	4.053774	6632.910	5313.841	-7.694	-0.9883	-3.167	24.823	OK	44c8be367ca8a3918e67d3d2b62de9e0169cdee5	cargo run -p jxl-encoder --release --features 'parallel butteraugli-loop ssim2-loop' --example w44_170_cjxl_step025_sweep -- --image clic_0369d229 --effort 8 --distance-min 3 --distance-max 3 --distance-step 3 --strategy zenjxl --corpus-manifest benchmarks/corpora/w44_170_varied_corpus.tsv
clic_0369d229	clic	1024	1024	zenjxl	8	3.2500	38843	41687	64.4984	65.0456	4.132436	4.439874	8576.589	5243.825	-6.822	-0.5471	-6.924	63.556	OK	44c8be367ca8a3918e67d3d2b62de9e0169cdee5	cargo run -p jxl-encoder --release --features 'parallel butteraugli-loop ssim2-loop' --example w44_170_cjxl_step025_sweep -- --image clic_0369d229 --effort 8 --distance-min 3.25 --distance-max 3.25 --distance-step 3.25 --strategy zenjxl --corpus-manifest benchmarks/corpora/w44_170_varied_corpus.tsv
clic_0369d229	clic	1024	1024	zenjxl	8	3.5000	36041	38695	62.2116	63.0745	4.384395	4.646380	6896.389	5156.313	-6.859	-0.8629	-5.638	33.747	OK	44c8be367ca8a3918e67d3d2b62de9e0169cdee5	cargo run -p jxl-encoder --release --features 'parallel butteraugli-loop ssim2-loop' --example w44_170_cjxl_step025_sweep -- --image clic_0369d229 --effort 8 --distance-min 3.5 --distance-max 3.5 --distance-step 3.5 --strategy zenjxl --corpus-manifest benchmarks/corpora/w44_170_varied_corpus.tsv
clic_0369d229	clic	1024	1024	zenjxl	8	3.7500	33357	36397	60.0517	61.2867	4.601971	4.913957	6474.131	5203.746	-8.352	-1.2350	-6.349	24.413	OK	44c8be367ca8a3918e67d3d2b62de9e0169cdee5	cargo run -p jxl-encoder --release --features 'parallel butteraugli-loop ssim2-loop' --example w44_170_cjxl_step025_sweep -- --image clic_0369d229 --effort 8 --distance-min 3.75 --distance-max 3.75 --distance-step 3.75 --strategy zenjxl --corpus-manifest benchmarks/corpora/w44_170_varied_corpus.tsv
clic_0369d229	clic	1024	1024	zenjxl	8	4.0000	32056	34743	59.1833	59.7579	4.306487	4.614224	7623.613	5241.638	-7.734	-0.5746	-6.669	45.443	OK	44c8be367ca8a3918e67d3d2b62de9e0169cdee5	cargo run -p jxl-encoder --release --features 'parallel butteraugli-loop ssim2-loop' --example w44_170_cjxl_step025_sweep -- --image clic_0369d229 --effort 8 --distance-min 4 --distance-max 4 --distance-step 4 --strategy zenjxl --corpus-manifest benchmarks/corpora/w44_170_varied_corpus.tsv
clic_0369d229	clic	1024	1024	zenjxl	8	4.2500	30075	33004	56.8678	58.3011	4.716764	5.059749	7107.539	6136.133	-8.875	-1.4333	-6.779	15.831	OK	44c8be367ca8a3918e67d3d2b62de9e0169cdee5	cargo run -p jxl-encoder --release --features 'parallel butteraugli-loop ssim2-loop' --example w44_170_cjxl_step025_sweep -- --image clic_0369d229 --effort 8 --distance-min 4.25 --distance-max 4.25 --distance-step 4.25 --strategy zenjxl --corpus-manifest benchmarks/corpora/w44_170_varied_corpus.tsv
clic_0369d229	clic	1024	1024	zenjxl	8	4.5000	28334	31004	55.0387	56.4395	5.540000	5.221402	7291.692	5725.119	-8.612	-1.4008	6.102	27.363	OK	44c8be367ca8a3918e67d3d2b62de9e0169cdee5	cargo run -p jxl-encoder --release --features 'parallel butteraugli-loop ssim2-loop' --example w44_170_cjxl_step025_sweep -- --image clic_0369d229 --effort 8 --distance-min 4.5 --distance-max 4.5 --distance-step 4.5 --strategy zenjxl --corpus-manifest benchmarks/corpora/w44_170_varied_corpus.tsv
clic_0369d229	clic	1024	1024	zenjxl	8	4.7500	26343	28877	53.2836	54.9231	5.693396	5.331331	6741.458	5078.082	-8.775	-1.6395	6.791	32.756	OK	44c8be367ca8a3918e67d3d2b62de9e0169cdee5	cargo run -p jxl-encoder --release --features 'parallel butteraugli-loop ssim2-loop' --example w44_170_cjxl_step025_sweep -- --image clic_0369d229 --effort 8 --distance-min 4.75 --distance-max 4.75 --distance-step 4.75 --strategy zenjxl --corpus-manifest benchmarks/corpora/w44_170_varied_corpus.tsv
clic_0369d229	clic	1024	1024	zenjxl	8	5.0000	25165	27457	52.0105	53.1139	5.770891	5.411549	7174.467	5255.175	-8.348	-1.1035	6.640	36.522	OK	44c8be367ca8a3918e67d3d2b62de9e0169cdee5	cargo run -p jxl-encoder --release --features 'parallel butteraugli-loop ssim2-loop' --example w44_170_cjxl_step025_sweep -- --image clic_0369d229 --effort 8 --distance-min 5 --distance-max 5 --distance-step 5 --strategy zenjxl --corpus-manifest benchmarks/corpora/w44_170_varied_corpus.tsv
clic_0369d229	clic	1024	1024	zenjxl	9	0.2500	502625	430938	93.3215	92.9830	0.336495	0.683779	24246.874	1026.449	16.635	0.3385	-50.789	2262.210	OK	44c8be367ca8a3918e67d3d2b62de9e0169cdee5	cargo run -p jxl-encoder --release --features 'parallel butteraugli-loop ssim2-loop' --example w44_170_cjxl_step025_sweep -- --image clic_0369d229 --effort 9 --distance-min 0.25 --distance-max 0.25 --distance-step 0.25 --strategy zenjxl --corpus-manifest benchmarks/corpora/w44_170_varied_corpus.tsv
clic_0369d229	clic	1024	1024	zenjxl	9	0.5000	273785	257088	90.9889	90.6735	0.689345	0.995484	13937.636	942.275	6.495	0.3154	-30.753	1379.147	OK	44c8be367ca8a3918e67d3d2b62de9e0169cdee5	cargo run -p jxl-encoder --release --features 'parallel butteraugli-loop ssim2-loop' --example w44_170_cjxl_step025_sweep -- --image clic_0369d229 --effort 9 --distance-min 0.5 --distance-max 0.5 --distance-step 0.5 --strategy zenjxl --corpus-manifest benchmarks/corpora/w44_170_varied_corpus.tsv
clic_0369d229	clic	1024	1024	zenjxl	9	0.7500	179949	182538	88.5137	88.7189	1.024976	0.977728	10795.670	8515.342	-1.418	-0.2052	4.832	26.779	OK	44c8be367ca8a3918e67d3d2b62de9e0169cdee5	cargo run -p jxl-encoder --release --features 'parallel butteraugli-loop ssim2-loop' --example w44_170_cjxl_step025_sweep -- --image clic_0369d229 --effort 9 --distance-min 0.75 --distance-max 0.75 --distance-step 0.75 --strategy zenjxl --corpus-manifest benchmarks/corpora/w44_170_varied_corpus.tsv
clic_0369d229	clic	1024	1024	zenjxl	9	1.0000	135675	138332	86.0547	86.3303	1.215564	1.223246	10125.756	8445.926	-1.921	-0.2756	-0.628	19.889	OK	44c8be367ca8a3918e67d3d2b62de9e0169cdee5	cargo run -p jxl-encoder --release --features 'parallel butteraugli-loop ssim2-loop' --example w44_170_cjxl_step025_sweep -- --image clic_0369d229 --effort 9 --distance-min 1 --distance-max 1 --distance-step 1 --strategy zenjxl --corpus-manifest benchmarks/corpora/w44_170_varied_corpus.tsv
clic_0369d229	clic	1024	1024	zenjxl	9	1.2500	107169	109805	83.4256	83.7351	1.544806	1.536715	8943.009	7895.382	-2.401	-0.3095	0.526	13.269	OK	44c8be367ca8a3918e67d3d2b62de9e0169cdee5	cargo run -p jxl-encoder --release --features 'parallel butteraugli-loop ssim2-loop' --example w44_170_cjxl_step025_sweep -- --image clic_0369d229 --effort 9 --distance-min 1.25 --distance-max 1.25 --distance-step 1.25 --strategy zenjxl --corpus-manifest benchmarks/corpora/w44_170_varied_corpus.tsv
clic_0369d229	clic	1024	1024	zenjxl	9	1.5000	89191	91890	81.0007	81.3716	1.857006	1.837084	8368.416	8196.450	-2.937	-0.3708	1.084	2.098	OK	44c8be367ca8a3918e67d3d2b62de9e0169cdee5	cargo run -p jxl-encoder --release --features 'parallel butteraugli-loop ssim2-loop' --example w44_170_cjxl_step025_sweep -- --image clic_0369d229 --effort 9 --distance-min 1.5 --distance-max 1.5 --distance-step 1.5 --strategy zenjxl --corpus-manifest benchmarks/corpora/w44_170_varied_corpus.tsv
clic_0369d229	clic	1024	1024	zenjxl	9	1.7500	75323	77733	78.2385	78.8261	2.321010	2.417091	8862.269	8360.319	-3.100	-0.5876	-3.975	6.004	OK	44c8be367ca8a3918e67d3d2b62de9e0169cdee5	cargo run -p jxl-encoder --release --features 'parallel butteraugli-loop ssim2-loop' --example w44_170_cjxl_step025_sweep -- --image clic_0369d229 --effort 9 --distance-min 1.75 --distance-max 1.75 --distance-step 1.75 --strategy zenjxl --corpus-manifest benchmarks/corpora/w44_170_varied_corpus.tsv
clic_0369d229	clic	1024	1024	zenjxl	9	2.0000	66034	68609	76.0972	76.6097	2.559810	2.639389	9047.432	8331.192	-3.753	-0.5126	-3.015	8.597	OK	44c8be367ca8a3918e67d3d2b62de9e0169cdee5	cargo run -p jxl-encoder --release --features 'parallel butteraugli-loop ssim2-loop' --example w44_170_cjxl_step025_sweep -- --image clic_0369d229 --effort 9 --distance-min 2 --distance-max 2 --distance-step 2 --strategy zenjxl --corpus-manifest benchmarks/corpora/w44_170_varied_corpus.tsv
clic_0369d229	clic	1024	1024	zenjxl	9	2.2500	57624	60135	73.4813	74.2049	2.810327	2.822691	7874.583	8059.937	-4.176	-0.7235	-0.438	-2.300	OK	44c8be367ca8a3918e67d3d2b62de9e0169cdee5	cargo run -p jxl-encoder --release --features 'parallel butteraugli-loop ssim2-loop' --example w44_170_cjxl_step025_sweep -- --image clic_0369d229 --effort 9 --distance-min 2.25 --distance-max 2.25 --distance-step 2.25 --strategy zenjxl --corpus-manifest benchmarks/corpora/w44_170_varied_corpus.tsv
clic_0369d229	clic	1024	1024	zenjxl	9	2.5000	51727	54493	71.4564	72.0941	3.157988	3.255334	9266.457	8530.824	-5.076	-0.6377	-2.990	8.623	OK	44c8be367ca8a3918e67d3d2b62de9e0169cdee5	cargo run -p jxl-encoder --release --features 'parallel butteraugli-loop ssim2-loop' --example w44_170_cjxl_step025_sweep -- --image clic_0369d229 --effort 9 --distance-min 2.5 --distance-max 2.5 --distance-step 2.5 --strategy zenjxl --corpus-manifest benchmarks/corpora/w44_170_varied_corpus.tsv
clic_0369d229	clic	1024	1024	zenjxl	9	2.7500	47086	49795	69.3804	69.9694	3.350424	3.382486	8815.140	7848.346	-5.440	-0.5890	-0.948	12.318	OK	44c8be367ca8a3918e67d3d2b62de9e0169cdee5	cargo run -p jxl-encoder --release --features 'parallel butteraugli-loop ssim2-loop' --example w44_170_cjxl_step025_sweep -- --image clic_0369d229 --effort 9 --distance-min 2.75 --distance-max 2.75 --distance-step 2.75 --strategy zenjxl --corpus-manifest benchmarks/corpora/w44_170_varied_corpus.tsv
clic_0369d229	clic	1024	1024	zenjxl	9	3.0000	42618	45830	66.8152	67.8124	3.787867	3.871587	10076.650	8130.564	-7.009	-0.9971	-2.162	23.935	OK	44c8be367ca8a3918e67d3d2b62de9e0169cdee5	cargo run -p jxl-encoder --release --features 'parallel butteraugli-loop ssim2-loop' --example w44_170_cjxl_step025_sweep -- --image clic_0369d229 --effort 9 --distance-min 3 --distance-max 3 --distance-step 3 --strategy zenjxl --corpus-manifest benchmarks/corpora/w44_170_varied_corpus.tsv
clic_0369d229	clic	1024	1024	zenjxl	9	3.2500	38946	41662	64.5384	65.1077	4.132436	4.163031	8743.436	7987.569	-6.519	-0.5693	-0.735	9.463	OK	44c8be367ca8a3918e67d3d2b62de9e0169cdee5	cargo run -p jxl-encoder --release --features 'parallel butteraugli-loop ssim2-loop' --example w44_170_cjxl_step025_sweep -- --image clic_0369d229 --effort 9 --distance-min 3.25 --distance-max 3.25 --distance-step 3.25 --strategy zenjxl --corpus-manifest benchmarks/corpora/w44_170_varied_corpus.tsv
clic_0369d229	clic	1024	1024	zenjxl	9	3.5000	36162	38641	62.2660	63.1483	4.384395	4.451893	8903.860	7934.146	-6.415	-0.8823	-1.516	12.222	OK	44c8be367ca8a3918e67d3d2b62de9e0169cdee5	cargo run -p jxl-encoder --release --features 'parallel butteraugli-loop ssim2-loop' --example w44_170_cjxl_step025_sweep -- --image clic_0369d229 --effort 9 --distance-min 3.5 --distance-max 3.5 --distance-step 3.5 --strategy zenjxl --corpus-manifest benchmarks/corpora/w44_170_varied_corpus.tsv
clic_0369d229	clic	1024	1024	zenjxl	9	3.7500	33565	36360	60.1066	61.3620	4.487251	4.493622	9676.265	8120.635	-7.687	-1.2554	-0.142	19.156	OK	44c8be367ca8a3918e67d3d2b62de9e0169cdee5	cargo run -p jxl-encoder --release --features 'parallel butteraugli-loop ssim2-loop' --example w44_170_cjxl_step025_sweep -- --image clic_0369d229 --effort 9 --distance-min 3.75 --distance-max 3.75 --distance-step 3.75 --strategy zenjxl --corpus-manifest benchmarks/corpora/w44_170_varied_corpus.tsv
clic_0369d229	clic	1024	1024	zenjxl	9	4.0000	32196	34706	59.1833	59.7706	4.306487	4.614224	11720.967	8385.749	-7.232	-0.5873	-6.669	39.772	OK	44c8be367ca8a3918e67d3d2b62de9e0169cdee5	cargo run -p jxl-encoder --release --features 'parallel butteraugli-loop ssim2-loop' --example w44_170_cjxl_step025_sweep -- --image clic_0369d229 --effort 9 --distance-min 4 --distance-max 4 --distance-step 4 --strategy zenjxl --corpus-manifest benchmarks/corpora/w44_170_varied_corpus.tsv
clic_0369d229	clic	1024	1024	zenjxl	9	4.2500	30166	32977	56.8733	58.3284	4.716764	5.059749	11200.423	8818.610	-8.524	-1.4551	-6.779	27.009	OK	44c8be367ca8a3918e67d3d2b62de9e0169cdee5	cargo run -p jxl-encoder --release --features 'parallel butteraugli-loop ssim2-loop' --example w44_170_cjxl_step025_sweep -- --image clic_0369d229 --effort 9 --distance-min 4.25 --distance-max 4.25 --distance-step 4.25 --strategy zenjxl --corpus-manifest benchmarks/corpora/w44_170_varied_corpus.tsv
clic_0369d229	clic	1024	1024	zenjxl	9	4.5000	28518	30972	55.3577	56.4760	4.957874	5.221402	11335.053	7889.739	-7.923	-1.1183	-5.047	43.668	OK	44c8be367ca8a3918e67d3d2b62de9e0169cdee5	cargo run -p jxl-encoder --release --features 'parallel butteraugli-loop ssim2-loop' --example w44_170_cjxl_step025_sweep -- --image clic_0369d229 --effort 9 --distance-min 4.5 --distance-max 4.5 --distance-step 4.5 --strategy zenjxl --corpus-manifest benchmarks/corpora/w44_170_varied_corpus.tsv
clic_0369d229	clic	1024	1024	zenjxl	9	4.7500	26434	28831	53.2836	54.9231	5.693396	5.331331	12331.405	8208.276	-8.314	-1.6395	6.791	50.231	OK	44c8be367ca8a3918e67d3d2b62de9e0169cdee5	cargo run -p jxl-encoder --release --features 'parallel butteraugli-loop ssim2-loop' --example w44_170_cjxl_step025_sweep -- --image clic_0369d229 --effort 9 --distance-min 4.75 --distance-max 4.75 --distance-step 4.75 --strategy zenjxl --corpus-manifest benchmarks/corpora/w44_170_varied_corpus.tsv
clic_0369d229	clic	1024	1024	zenjxl	9	5.0000	25167	27427	52.0105	53.1139	5.770891	5.411549	11423.045	8918.572	-8.240	-1.1035	6.640	28.082	OK	44c8be367ca8a3918e67d3d2b62de9e0169cdee5	cargo run -p jxl-encoder --release --features 'parallel butteraugli-loop ssim2-loop' --example w44_170_cjxl_step025_sweep -- --image clic_0369d229 --effort 9 --distance-min 5 --distance-max 5 --distance-step 5 --strategy zenjxl --corpus-manifest benchmarks/corpora/w44_170_varied_corpus.tsv
clic_097cb426	clic	1024	1024	zenjxl	5	0.2500	249110	252305	94.2520	94.3595	0.481822	0.477225	1388.735	518.119	-1.266	-0.1076	0.963	168.034	OK	44c8be367ca8a3918e67d3d2b62de9e0169cdee5	cargo run -p jxl-encoder --release --features 'parallel butteraugli-loop ssim2-loop' --example w44_170_cjxl_step025_sweep -- --image clic_097cb426 --effort 5 --distance-min 0.25 --distance-max 0.25 --distance-step 0.25 --strategy zenjxl --corpus-manifest benchmarks/corpora/w44_170_varied_corpus.tsv
clic_097cb426	clic	1024	1024	zenjxl	5	0.5000	141348	143987	91.1523	91.4202	0.825624	0.827744	1053.281	687.694	-1.833	-0.2678	-0.256	53.161	OK	44c8be367ca8a3918e67d3d2b62de9e0169cdee5	cargo run -p jxl-encoder --release --features 'parallel butteraugli-loop ssim2-loop' --example w44_170_cjxl_step025_sweep -- --image clic_097cb426 --effort 5 --distance-min 0.5 --distance-max 0.5 --distance-step 0.5 --strategy zenjxl --corpus-manifest benchmarks/corpora/w44_170_varied_corpus.tsv
clic_097cb426	clic	1024	1024	zenjxl	5	0.7500	95394	97207	87.8664	88.2037	1.255328	1.252881	1194.363	680.974	-1.865	-0.3374	0.195	75.390	OK	44c8be367ca8a3918e67d3d2b62de9e0169cdee5	cargo run -p jxl-encoder --release --features 'parallel butteraugli-loop ssim2-loop' --example w44_170_cjxl_step025_sweep -- --image clic_097cb426 --effort 5 --distance-min 0.75 --distance-max 0.75 --distance-step 0.75 --strategy zenjxl --corpus-manifest benchmarks/corpora/w44_170_varied_corpus.tsv
clic_097cb426	clic	1024	1024	zenjxl	5	1.0000	71042	72693	84.8102	85.0170	1.644186	1.645990	1022.726	793.034	-2.271	-0.2069	-0.110	28.964	OK	44c8be367ca8a3918e67d3d2b62de9e0169cdee5	cargo run -p jxl-encoder --release --features 'parallel butteraugli-loop ssim2-loop' --example w44_170_cjxl_step025_sweep -- --image clic_097cb426 --effort 5 --distance-min 1 --distance-max 1 --distance-step 1 --strategy zenjxl --corpus-manifest benchmarks/corpora/w44_170_varied_corpus.tsv
clic_097cb426	clic	1024	1024	zenjxl	5	1.2500	56383	57469	81.7733	82.3376	1.866700	1.861965	671.490	676.813	-1.890	-0.5643	0.254	-0.786	OK	44c8be367ca8a3918e67d3d2b62de9e0169cdee5	cargo run -p jxl-encoder --release --features 'parallel butteraugli-loop ssim2-loop' --example w44_170_cjxl_step025_sweep -- --image clic_097cb426 --effort 5 --distance-min 1.25 --distance-max 1.25 --distance-step 1.25 --strategy zenjxl --corpus-manifest benchmarks/corpora/w44_170_varied_corpus.tsv
clic_097cb426	clic	1024	1024	zenjxl	5	1.5000	46032	47801	79.3186	79.8787	2.174077	2.184582	1048.192	739.519	-3.701	-0.5600	-0.481	41.740	OK	44c8be367ca8a3918e67d3d2b62de9e0169cdee5	cargo run -p jxl-encoder --release --features 'parallel butteraugli-loop ssim2-loop' --example w44_170_cjxl_step025_sweep -- --image clic_097cb426 --effort 5 --distance-min 1.5 --distance-max 1.5 --distance-step 1.5 --strategy zenjxl --corpus-manifest benchmarks/corpora/w44_170_varied_corpus.tsv
clic_097cb426	clic	1024	1024	zenjxl	5	1.7500	39358	41053	77.0899	78.0518	2.408340	2.407734	752.911	867.990	-4.129	-0.9619	0.025	-13.258	OK	44c8be367ca8a3918e67d3d2b62de9e0169cdee5	cargo run -p jxl-encoder --release --features 'parallel butteraugli-loop ssim2-loop' --example w44_170_cjxl_step025_sweep -- --image clic_097cb426 --effort 5 --distance-min 1.75 --distance-max 1.75 --distance-step 1.75 --strategy zenjxl --corpus-manifest benchmarks/corpora/w44_170_varied_corpus.tsv
clic_097cb426	clic	1024	1024	zenjxl	5	2.0000	35072	35822	74.6495	76.2385	2.565042	2.566263	920.572	1016.533	-2.094	-1.5890	-0.048	-9.440	OK	44c8be367ca8a3918e67d3d2b62de9e0169cdee5	cargo run -p jxl-encoder --release --features 'parallel butteraugli-loop ssim2-loop' --example w44_170_cjxl_step025_sweep -- --image clic_097cb426 --effort 5 --distance-min 2 --distance-max 2 --distance-step 2 --strategy zenjxl --corpus-manifest benchmarks/corpora/w44_170_varied_corpus.tsv
clic_097cb426	clic	1024	1024	zenjxl	5	2.2500	31105	31384	72.7285	74.3777	2.696666	2.679003	732.408	611.017	-0.889	-1.6492	0.659	19.867	OK	44c8be367ca8a3918e67d3d2b62de9e0169cdee5	cargo run -p jxl-encoder --release --features 'parallel butteraugli-loop ssim2-loop' --example w44_170_cjxl_step025_sweep -- --image clic_097cb426 --effort 5 --distance-min 2.25 --distance-max 2.25 --distance-step 2.25 --strategy zenjxl --corpus-manifest benchmarks/corpora/w44_170_varied_corpus.tsv
clic_097cb426	clic	1024	1024	zenjxl	5	2.5000	27291	28496	71.1452	72.7907	2.915373	2.908474	699.535	632.015	-4.229	-1.6455	0.237	10.683	OK	44c8be367ca8a3918e67d3d2b62de9e0169cdee5	cargo run -p jxl-encoder --release --features 'parallel butteraugli-loop ssim2-loop' --example w44_170_cjxl_step025_sweep -- --image clic_097cb426 --effort 5 --distance-min 2.5 --distance-max 2.5 --distance-step 2.5 --strategy zenjxl --corpus-manifest benchmarks/corpora/w44_170_varied_corpus.tsv
clic_097cb426	clic	1024	1024	zenjxl	5	2.7500	24180	25695	68.9078	71.1017	2.960481	2.971276	1008.029	470.157	-5.896	-2.1939	-0.363	114.403	OK	44c8be367ca8a3918e67d3d2b62de9e0169cdee5	cargo run -p jxl-encoder --release --features 'parallel butteraugli-loop ssim2-loop' --example w44_170_cjxl_step025_sweep -- --image clic_097cb426 --effort 5 --distance-min 2.75 --distance-max 2.75 --distance-step 2.75 --strategy zenjxl --corpus-manifest benchmarks/corpora/w44_170_varied_corpus.tsv
clic_097cb426	clic	1024	1024	zenjxl	5	3.0000	21988	23300	66.6478	69.3809	3.168207	3.170430	950.314	584.117	-5.631	-2.7331	-0.070	62.692	OK	44c8be367ca8a3918e67d3d2b62de9e0169cdee5	cargo run -p jxl-encoder --release --features 'parallel butteraugli-loop ssim2-loop' --example w44_170_cjxl_step025_sweep -- --image clic_097cb426 --effort 5 --distance-min 3 --distance-max 3 --distance-step 3 --strategy zenjxl --corpus-manifest benchmarks/corpora/w44_170_varied_corpus.tsv
clic_097cb426	clic	1024	1024	zenjxl	5	3.2500	20187	20837	65.3617	67.8500	3.315351	3.315695	653.712	662.030	-3.119	-2.4884	-0.010	-1.256	OK	44c8be367ca8a3918e67d3d2b62de9e0169cdee5	cargo run -p jxl-encoder --release --features 'parallel butteraugli-loop ssim2-loop' --example w44_170_cjxl_step025_sweep -- --image clic_097cb426 --effort 5 --distance-min 3.25 --distance-max 3.25 --distance-step 3.25 --strategy zenjxl --corpus-manifest benchmarks/corpora/w44_170_varied_corpus.tsv
clic_097cb426	clic	1024	1024	zenjxl	5	3.5000	18701	19413	64.5802	66.2804	3.611445	3.564245	779.462	665.283	-3.668	-1.7002	1.324	17.163	OK	44c8be367ca8a3918e67d3d2b62de9e0169cdee5	cargo run -p jxl-encoder --release --features 'parallel butteraugli-loop ssim2-loop' --example w44_170_cjxl_step025_sweep -- --image clic_097cb426 --effort 5 --distance-min 3.5 --distance-max 3.5 --distance-step 3.5 --strategy zenjxl --corpus-manifest benchmarks/corpora/w44_170_varied_corpus.tsv
clic_097cb426	clic	1024	1024	zenjxl	5	3.7500	17660	18386	63.0193	65.0039	4.072071	4.058915	747.166	1032.588	-3.949	-1.9845	0.324	-27.641	OK	44c8be367ca8a3918e67d3d2b62de9e0169cdee5	cargo run -p jxl-encoder --release --features 'parallel butteraugli-loop ssim2-loop' --example w44_170_cjxl_step025_sweep -- --image clic_097cb426 --effort 5 --distance-min 3.75 --distance-max 3.75 --distance-step 3.75 --strategy zenjxl --corpus-manifest benchmarks/corpora/w44_170_varied_corpus.tsv
clic_097cb426	clic	1024	1024	zenjxl	5	4.0000	16454	17301	61.1915	62.4465	4.127895	4.104924	1112.109	903.482	-4.896	-1.2550	0.560	23.091	OK	44c8be367ca8a3918e67d3d2b62de9e0169cdee5	cargo run -p jxl-encoder --release --features 'parallel butteraugli-loop ssim2-loop' --example w44_170_cjxl_step025_sweep -- --image clic_097cb426 --effort 5 --distance-min 4 --distance-max 4 --distance-step 4 --strategy zenjxl --corpus-manifest benchmarks/corpora/w44_170_varied_corpus.tsv
clic_097cb426	clic	1024	1024	zenjxl	5	4.2500	15451	16444	60.0475	61.4762	4.390471	4.436275	950.553	632.375	-6.039	-1.4287	-1.032	50.315	OK	44c8be367ca8a3918e67d3d2b62de9e0169cdee5	cargo run -p jxl-encoder --release --features 'parallel butteraugli-loop ssim2-loop' --example w44_170_cjxl_step025_sweep -- --image clic_097cb426 --effort 5 --distance-min 4.25 --distance-max 4.25 --distance-step 4.25 --strategy zenjxl --corpus-manifest benchmarks/corpora/w44_170_varied_corpus.tsv
clic_097cb426	clic	1024	1024	zenjxl	5	4.5000	14886	15834	58.8892	60.3078	4.225257	4.213745	1585.235	495.025	-5.987	-1.4186	0.273	220.233	OK	44c8be367ca8a3918e67d3d2b62de9e0169cdee5	cargo run -p jxl-encoder --release --features 'parallel butteraugli-loop ssim2-loop' --example w44_170_cjxl_step025_sweep -- --image clic_097cb426 --effort 5 --distance-min 4.5 --distance-max 4.5 --distance-step 4.5 --strategy zenjxl --corpus-manifest benchmarks/corpora/w44_170_varied_corpus.tsv
clic_097cb426	clic	1024	1024	zenjxl	5	4.7500	14506	15260	56.9723	58.9390	4.348118	4.367970	789.734	523.810	-4.941	-1.9667	-0.454	50.767	OK	44c8be367ca8a3918e67d3d2b62de9e0169cdee5	cargo run -p jxl-encoder --release --features 'parallel butteraugli-loop ssim2-loop' --example w44_170_cjxl_step025_sweep -- --image clic_097cb426 --effort 5 --distance-min 4.75 --distance-max 4.75 --distance-step 4.75 --strategy zenjxl --corpus-manifest benchmarks/corpora/w44_170_varied_corpus.tsv
clic_097cb426	clic	1024	1024	zenjxl	5	5.0000	13890	14727	56.2288	57.9882	4.540843	4.500082	875.396	738.268	-5.683	-1.7594	0.906	18.574	OK	44c8be367ca8a3918e67d3d2b62de9e0169cdee5	cargo run -p jxl-encoder --release --features 'parallel butteraugli-loop ssim2-loop' --example w44_170_cjxl_step025_sweep -- --image clic_097cb426 --effort 5 --distance-min 5 --distance-max 5 --distance-step 5 --strategy zenjxl --corpus-manifest benchmarks/corpora/w44_170_varied_corpus.tsv
clic_097cb426	clic	1024	1024	zenjxl	6	0.2500	249032	251829	94.2429	94.3980	0.481822	0.482148	943.844	864.837	-1.111	-0.1551	-0.067	9.135	OK	44c8be367ca8a3918e67d3d2b62de9e0169cdee5	cargo run -p jxl-encoder --release --features 'parallel butteraugli-loop ssim2-loop' --example w44_170_cjxl_step025_sweep -- --image clic_097cb426 --effort 6 --distance-min 0.25 --distance-max 0.25 --distance-step 0.25 --strategy zenjxl --corpus-manifest benchmarks/corpora/w44_170_varied_corpus.tsv
clic_097cb426	clic	1024	1024	zenjxl	6	0.5000	141262	143835	91.1536	91.3673	0.817747	0.817703	1080.999	911.782	-1.789	-0.2137	0.005	18.559	OK	44c8be367ca8a3918e67d3d2b62de9e0169cdee5	cargo run -p jxl-encoder --release --features 'parallel butteraugli-loop ssim2-loop' --example w44_170_cjxl_step025_sweep -- --image clic_097cb426 --effort 6 --distance-min 0.5 --distance-max 0.5 --distance-step 0.5 --strategy zenjxl --corpus-manifest benchmarks/corpora/w44_170_varied_corpus.tsv
clic_097cb426	clic	1024	1024	zenjxl	6	0.7500	96413	98530	87.8520	88.1997	1.255746	1.225026	1382.398	1341.644	-2.149	-0.3477	2.508	3.038	OK	44c8be367ca8a3918e67d3d2b62de9e0169cdee5	cargo run -p jxl-encoder --release --features 'parallel butteraugli-loop ssim2-loop' --example w44_170_cjxl_step025_sweep -- --image clic_097cb426 --effort 6 --distance-min 0.75 --distance-max 0.75 --distance-step 0.75 --strategy zenjxl --corpus-manifest benchmarks/corpora/w44_170_varied_corpus.tsv
clic_097cb426	clic	1024	1024	zenjxl	6	1.0000	72119	74333	84.8054	85.1007	1.649641	1.621875	1319.649	1034.488	-2.978	-0.2953	1.712	27.565	OK	44c8be367ca8a3918e67d3d2b62de9e0169cdee5	cargo run -p jxl-encoder --release --features 'parallel butteraugli-loop ssim2-loop' --example w44_170_cjxl_step025_sweep -- --image clic_097cb426 --effort 6 --distance-min 1 --distance-max 1 --distance-step 1 --strategy zenjxl --corpus-manifest benchmarks/corpora/w44_170_varied_corpus.tsv
clic_097cb426	clic	1024	1024	zenjxl	6	1.2500	57457	58866	81.7912	82.4547	1.887526	1.890053	1199.236	1119.022	-2.394	-0.6635	-0.134	7.168	OK	44c8be367ca8a3918e67d3d2b62de9e0169cdee5	cargo run -p jxl-encoder --release --features 'parallel butteraugli-loop ssim2-loop' --example w44_170_cjxl_step025_sweep -- --image clic_097cb426 --effort 6 --distance-min 1.25 --distance-max 1.25 --distance-step 1.25 --strategy zenjxl --corpus-manifest benchmarks/corpora/w44_170_varied_corpus.tsv
clic_097cb426	clic	1024	1024	zenjxl	6	1.5000	47499	49238	79.4667	80.1585	2.112460	2.109547	1494.310	940.964	-3.532	-0.6917	0.138	58.806	OK	44c8be367ca8a3918e67d3d2b62de9e0169cdee5	cargo run -p jxl-encoder --release --features 'parallel butteraugli-loop ssim2-loop' --example w44_170_cjxl_step025_sweep -- --image clic_097cb426 --effort 6 --distance-min 1.5 --distance-max 1.5 --distance-step 1.5 --strategy zenjxl --corpus-manifest benchmarks/corpora/w44_170_varied_corpus.tsv
clic_097cb426	clic	1024	1024	zenjxl	6	1.7500	40837	42537	77.2629	78.3927	2.431281	2.417216	1412.525	1132.606	-3.997	-1.1299	0.582	24.715	OK	44c8be367ca8a3918e67d3d2b62de9e0169cdee5	cargo run -p jxl-encoder --release --features 'parallel butteraugli-loop ssim2-loop' --example w44_170_cjxl_step025_sweep -- --image clic_097cb426 --effort 6 --distance-min 1.75 --distance-max 1.75 --distance-step 1.75 --strategy zenjxl --corpus-manifest benchmarks/corpora/w44_170_varied_corpus.tsv
clic_097cb426	clic	1024	1024	zenjxl	6	2.0000	36545	37311	74.7272	76.6533	2.547119	2.516212	1134.796	1147.480	-2.053	-1.9262	1.228	-1.105	OK	44c8be367ca8a3918e67d3d2b62de9e0169cdee5	cargo run -p jxl-encoder --release --features 'parallel butteraugli-loop ssim2-loop' --example w44_170_cjxl_step025_sweep -- --image clic_097cb426 --effort 6 --distance-min 2 --distance-max 2 --distance-step 2 --strategy zenjxl --corpus-manifest benchmarks/corpora/w44_170_varied_corpus.tsv
clic_097cb426	clic	1024	1024	zenjxl	6	2.2500	32595	32881	72.8730	74.8477	2.634257	2.664251	1186.837	1061.577	-0.870	-1.9748	-1.126	11.799	OK	44c8be367ca8a3918e67d3d2b62de9e0169cdee5	cargo run -p jxl-encoder --release --features 'parallel butteraugli-loop ssim2-loop' --example w44_170_cjxl_step025_sweep -- --image clic_097cb426 --effort 6 --distance-min 2.25 --distance-max 2.25 --distance-step 2.25 --strategy zenjxl --corpus-manifest benchmarks/corpora/w44_170_varied_corpus.tsv
clic_097cb426	clic	1024	1024	zenjxl	6	2.5000	28765	29955	71.2658	73.2530	2.835270	2.817029	1336.211	1389.519	-3.973	-1.9872	0.648	-3.836	OK	44c8be367ca8a3918e67d3d2b62de9e0169cdee5	cargo run -p jxl-encoder --release --features 'parallel butteraugli-loop ssim2-loop' --example w44_170_cjxl_step025_sweep -- --image clic_097cb426 --effort 6 --distance-min 2.5 --distance-max 2.5 --distance-step 2.5 --strategy zenjxl --corpus-manifest benchmarks/corpora/w44_170_varied_corpus.tsv
clic_097cb426	clic	1024	1024	zenjxl	6	2.7500	25691	27219	69.0693	71.6731	2.943336	2.878490	1277.522	822.161	-5.614	-2.6037	2.253	55.386	OK	44c8be367ca8a3918e67d3d2b62de9e0169cdee5	cargo run -p jxl-encoder --release --features 'parallel butteraugli-loop ssim2-loop' --example w44_170_cjxl_step025_sweep -- --image clic_097cb426 --effort 6 --distance-min 2.75 --distance-max 2.75 --distance-step 2.75 --strategy zenjxl --corpus-manifest benchmarks/corpora/w44_170_varied_corpus.tsv
clic_097cb426	clic	1024	1024	zenjxl	6	3.0000	23391	24699	66.6901	69.8632	3.102379	3.082080	1332.056	918.256	-5.296	-3.1730	0.659	45.064	OK	44c8be367ca8a3918e67d3d2b62de9e0169cdee5	cargo run -p jxl-encoder --release --features 'parallel butteraugli-loop ssim2-loop' --example w44_170_cjxl_step025_sweep -- --image clic_097cb426 --effort 6 --distance-min 3 --distance-max 3 --distance-step 3 --strategy zenjxl --corpus-manifest benchmarks/corpora/w44_170_varied_corpus.tsv
clic_097cb426	clic	1024	1024	zenjxl	6	3.2500	21585	22218	65.3163	68.2677	3.243098	3.348219	1341.649	1485.593	-2.849	-2.9514	-3.140	-9.689	OK	44c8be367ca8a3918e67d3d2b62de9e0169cdee5	cargo run -p jxl-encoder --release --features 'parallel butteraugli-loop ssim2-loop' --example w44_170_cjxl_step025_sweep -- --image clic_097cb426 --effort 6 --distance-min 3.25 --distance-max 3.25 --distance-step 3.25 --strategy zenjxl --corpus-manifest benchmarks/corpora/w44_170_varied_corpus.tsv
clic_097cb426	clic	1024	1024	zenjxl	6	3.5000	20075	20767	64.6330	66.7453	3.623784	3.326398	1337.699	1324.786	-3.332	-2.1123	8.940	0.975	OK	44c8be367ca8a3918e67d3d2b62de9e0169cdee5	cargo run -p jxl-encoder --release --features 'parallel butteraugli-loop ssim2-loop' --example w44_170_cjxl_step025_sweep -- --image clic_097cb426 --effort 6 --distance-min 3.5 --distance-max 3.5 --distance-step 3.5 --strategy zenjxl --corpus-manifest benchmarks/corpora/w44_170_varied_corpus.tsv
clic_097cb426	clic	1024	1024	zenjxl	6	3.7500	19018	19648	63.0101	65.6062	3.878689	3.860834	1193.725	1394.208	-3.206	-2.5961	0.462	-14.380	OK	44c8be367ca8a3918e67d3d2b62de9e0169cdee5	cargo run -p jxl-encoder --release --features 'parallel butteraugli-loop ssim2-loop' --example w44_170_cjxl_step025_sweep -- --image clic_097cb426 --effort 6 --distance-min 3.75 --distance-max 3.75 --distance-step 3.75 --strategy zenjxl --corpus-manifest benchmarks/corpora/w44_170_varied_corpus.tsv
clic_097cb426	clic	1024	1024	zenjxl	6	4.0000	18290	18969	62.6680	64.5393	3.936486	3.914960	2015.484	1238.134	-3.580	-1.8714	0.550	62.784	OK	44c8be367ca8a3918e67d3d2b62de9e0169cdee5	cargo run -p jxl-encoder --release --features 'parallel butteraugli-loop ssim2-loop' --example w44_170_cjxl_step025_sweep -- --image clic_097cb426 --effort 6 --distance-min 4 --distance-max 4 --distance-step 4 --strategy zenjxl --corpus-manifest benchmarks/corpora/w44_170_varied_corpus.tsv
clic_097cb426	clic	1024	1024	zenjxl	6	4.2500	17217	18035	61.5076	63.5426	4.344583	4.311417	1855.750	1096.453	-4.536	-2.0350	0.769	69.250	OK	44c8be367ca8a3918e67d3d2b62de9e0169cdee5	cargo run -p jxl-encoder --release --features 'parallel butteraugli-loop ssim2-loop' --example w44_170_cjxl_step025_sweep -- --image clic_097cb426 --effort 6 --distance-min 4.25 --distance-max 4.25 --distance-step 4.25 --strategy zenjxl --corpus-manifest benchmarks/corpora/w44_170_varied_corpus.tsv
clic_097cb426	clic	1024	1024	zenjxl	6	4.5000	16595	17341	60.2129	62.3146	4.063868	4.104222	1746.849	1264.131	-4.302	-2.1017	-0.983	38.186	OK	44c8be367ca8a3918e67d3d2b62de9e0169cdee5	cargo run -p jxl-encoder --release --features 'parallel butteraugli-loop ssim2-loop' --example w44_170_cjxl_step025_sweep -- --image clic_097cb426 --effort 6 --distance-min 4.5 --distance-max 4.5 --distance-step 4.5 --strategy zenjxl --corpus-manifest benchmarks/corpora/w44_170_varied_corpus.tsv
clic_097cb426	clic	1024	1024	zenjxl	6	4.7500	15974	16247	58.0988	60.7871	4.903131	4.689986	1378.599	817.916	-1.680	-2.6883	4.545	68.550	OK	44c8be367ca8a3918e67d3d2b62de9e0169cdee5	cargo run -p jxl-encoder --release --features 'parallel butteraugli-loop ssim2-loop' --example w44_170_cjxl_step025_sweep -- --image clic_097cb426 --effort 6 --distance-min 4.75 --distance-max 4.75 --distance-step 4.75 --strategy zenjxl --corpus-manifest benchmarks/corpora/w44_170_varied_corpus.tsv
clic_097cb426	clic	1024	1024	zenjxl	6	5.0000	15290	15750	57.2767	59.8681	4.803021	4.264334	1578.976	1064.325	-2.921	-2.5914	12.632	48.355	OK	44c8be367ca8a3918e67d3d2b62de9e0169cdee5	cargo run -p jxl-encoder --release --features 'parallel butteraugli-loop ssim2-loop' --example w44_170_cjxl_step025_sweep -- --image clic_097cb426 --effort 6 --distance-min 5 --distance-max 5 --distance-step 5 --strategy zenjxl --corpus-manifest benchmarks/corpora/w44_170_varied_corpus.tsv
clic_097cb426	clic	1024	1024	zenjxl	7	0.2500	248624	252984	94.2461	94.4109	0.481822	0.478377	1020.381	820.706	-1.723	-0.1648	0.720	24.330	OK	44c8be367ca8a3918e67d3d2b62de9e0169cdee5	cargo run -p jxl-encoder --release --features 'parallel butteraugli-loop ssim2-loop' --example w44_170_cjxl_step025_sweep -- --image clic_097cb426 --effort 7 --distance-min 0.25 --distance-max 0.25 --distance-step 0.25 --strategy zenjxl --corpus-manifest benchmarks/corpora/w44_170_varied_corpus.tsv
clic_097cb426	clic	1024	1024	zenjxl	7	0.5000	140884	144275	91.1329	91.3081	0.817756	0.826968	1028.303	851.738	-2.350	-0.1752	-1.114	20.730	OK	44c8be367ca8a3918e67d3d2b62de9e0169cdee5	cargo run -p jxl-encoder --release --features 'parallel butteraugli-loop ssim2-loop' --example w44_170_cjxl_step025_sweep -- --image clic_097cb426 --effort 7 --distance-min 0.5 --distance-max 0.5 --distance-step 0.5 --strategy zenjxl --corpus-manifest benchmarks/corpora/w44_170_varied_corpus.tsv
clic_097cb426	clic	1024	1024	zenjxl	7	0.7500	95610	98692	87.8170	88.0773	1.255745	1.226869	1349.932	1484.325	-3.123	-0.2603	2.354	-9.054	OK	44c8be367ca8a3918e67d3d2b62de9e0169cdee5	cargo run -p jxl-encoder --release --features 'parallel butteraugli-loop ssim2-loop' --example w44_170_cjxl_step025_sweep -- --image clic_097cb426 --effort 7 --distance-min 0.75 --distance-max 0.75 --distance-step 0.75 --strategy zenjxl --corpus-manifest benchmarks/corpora/w44_170_varied_corpus.tsv
clic_097cb426	clic	1024	1024	zenjxl	7	1.0000	71248	73983	84.6592	85.0223	1.649699	1.624426	1882.238	1528.043	-3.697	-0.3630	1.556	23.180	OK	44c8be367ca8a3918e67d3d2b62de9e0169cdee5	cargo run -p jxl-encoder --release --features 'parallel butteraugli-loop ssim2-loop' --example w44_170_cjxl_step025_sweep -- --image clic_097cb426 --effort 7 --distance-min 1 --distance-max 1 --distance-step 1 --strategy zenjxl --corpus-manifest benchmarks/corpora/w44_170_varied_corpus.tsv
clic_097cb426	clic	1024	1024	zenjxl	7	1.2500	56841	58627	81.6667	82.4776	1.887515	1.889144	1425.491	1260.974	-3.046	-0.8109	-0.086	13.047	OK	44c8be367ca8a3918e67d3d2b62de9e0169cdee5	cargo run -p jxl-encoder --release --features 'parallel butteraugli-loop ssim2-loop' --example w44_170_cjxl_step025_sweep -- --image clic_097cb426 --effort 7 --distance-min 1.25 --distance-max 1.25 --distance-step 1.25 --strategy zenjxl --corpus-manifest benchmarks/corpora/w44_170_varied_corpus.tsv
clic_097cb426	clic	1024	1024	zenjxl	7	1.5000	46883	49256	79.3914	80.1498	2.112460	2.108185	1353.608	1767.437	-4.818	-0.7584	0.203	-23.414	OK	44c8be367ca8a3918e67d3d2b62de9e0169cdee5	cargo run -p jxl-encoder --release --features 'parallel butteraugli-loop ssim2-loop' --example w44_170_cjxl_step025_sweep -- --image clic_097cb426 --effort 7 --distance-min 1.5 --distance-max 1.5 --distance-step 1.5 --strategy zenjxl --corpus-manifest benchmarks/corpora/w44_170_varied_corpus.tsv
clic_097cb426	clic	1024	1024	zenjxl	7	1.7500	40466	42716	77.1748	78.3494	2.431282	2.415330	1322.078	1111.753	-5.267	-1.1746	0.660	18.918	OK	44c8be367ca8a3918e67d3d2b62de9e0169cdee5	cargo run -p jxl-encoder --release --features 'parallel butteraugli-loop ssim2-loop' --example w44_170_cjxl_step025_sweep -- --image clic_097cb426 --effort 7 --distance-min 1.75 --distance-max 1.75 --distance-step 1.75 --strategy zenjxl --corpus-manifest benchmarks/corpora/w44_170_varied_corpus.tsv
clic_097cb426	clic	1024	1024	zenjxl	7	2.0000	36313	37382	74.5732	76.5409	2.547119	2.514638	1229.214	956.508	-2.860	-1.9678	1.292	28.511	OK	44c8be367ca8a3918e67d3d2b62de9e0169cdee5	cargo run -p jxl-encoder --release --features 'parallel butteraugli-loop ssim2-loop' --example w44_170_cjxl_step025_sweep -- --image clic_097cb426 --effort 7 --distance-min 2 --distance-max 2 --distance-step 2 --strategy zenjxl --corpus-manifest benchmarks/corpora/w44_170_varied_corpus.tsv
clic_097cb426	clic	1024	1024	zenjxl	7	2.2500	32352	32869	72.7419	74.8185	2.634257	2.664251	1202.377	1683.403	-1.573	-2.0767	-1.126	-28.575	OK	44c8be367ca8a3918e67d3d2b62de9e0169cdee5	cargo run -p jxl-encoder --release --features 'parallel butteraugli-loop ssim2-loop' --example w44_170_cjxl_step025_sweep -- --image clic_097cb426 --effort 7 --distance-min 2.25 --distance-max 2.25 --distance-step 2.25 --strategy zenjxl --corpus-manifest benchmarks/corpora/w44_170_varied_corpus.tsv
clic_097cb426	clic	1024	1024	zenjxl	7	2.5000	28503	29962	70.9546	73.2909	2.835211	2.804607	1024.535	1267.421	-4.870	-2.3363	1.091	-19.164	OK	44c8be367ca8a3918e67d3d2b62de9e0169cdee5	cargo run -p jxl-encoder --release --features 'parallel butteraugli-loop ssim2-loop' --example w44_170_cjxl_step025_sweep -- --image clic_097cb426 --effort 7 --distance-min 2.5 --distance-max 2.5 --distance-step 2.5 --strategy zenjxl --corpus-manifest benchmarks/corpora/w44_170_varied_corpus.tsv
clic_097cb426	clic	1024	1024	zenjxl	7	2.7500	25349	27186	68.8187	71.6541	3.020917	2.854305	1955.110	1207.227	-6.757	-2.8353	5.837	61.951	OK	44c8be367ca8a3918e67d3d2b62de9e0169cdee5	cargo run -p jxl-encoder --release --features 'parallel butteraugli-loop ssim2-loop' --example w44_170_cjxl_step025_sweep -- --image clic_097cb426 --effort 7 --distance-min 2.75 --distance-max 2.75 --distance-step 2.75 --strategy zenjxl --corpus-manifest benchmarks/corpora/w44_170_varied_corpus.tsv
clic_097cb426	clic	1024	1024	zenjxl	7	3.0000	23187	24469	66.3501	69.8975	3.115800	3.082077	2283.004	1846.025	-5.239	-3.5473	1.094	23.671	OK	44c8be367ca8a3918e67d3d2b62de9e0169cdee5	cargo run -p jxl-encoder --release --features 'parallel butteraugli-loop ssim2-loop' --example w44_170_cjxl_step025_sweep -- --image clic_097cb426 --effort 7 --distance-min 3 --distance-max 3 --distance-step 3 --strategy zenjxl --corpus-manifest benchmarks/corpora/w44_170_varied_corpus.tsv
clic_097cb426	clic	1024	1024	zenjxl	7	3.2500	21414	21998	64.6907	68.3347	3.435405	3.363395	2056.701	1531.765	-2.655	-3.6440	2.141	34.270	OK	44c8be367ca8a3918e67d3d2b62de9e0169cdee5	cargo run -p jxl-encoder --release --features 'parallel butteraugli-loop ssim2-loop' --example w44_170_cjxl_step025_sweep -- --image clic_097cb426 --effort 7 --distance-min 3.25 --distance-max 3.25 --distance-step 3.25 --strategy zenjxl --corpus-manifest benchmarks/corpora/w44_170_varied_corpus.tsv
clic_097cb426	clic	1024	1024	zenjxl	7	3.5000	19690	20575	63.8369	66.8508	3.624452	3.326471	2060.186	1921.398	-4.301	-3.0139	8.958	7.223	OK	44c8be367ca8a3918e67d3d2b62de9e0169cdee5	cargo run -p jxl-encoder --release --features 'parallel butteraugli-loop ssim2-loop' --example w44_170_cjxl_step025_sweep -- --image clic_097cb426 --effort 7 --distance-min 3.5 --distance-max 3.5 --distance-step 3.5 --strategy zenjxl --corpus-manifest benchmarks/corpora/w44_170_varied_corpus.tsv
clic_097cb426	clic	1024	1024	zenjxl	7	3.7500	18685	19494	62.1597	65.6089	3.878732	3.860834	1695.056	1487.376	-4.150	-3.4492	0.464	13.963	OK	44c8be367ca8a3918e67d3d2b62de9e0169cdee5	cargo run -p jxl-encoder --release --features 'parallel butteraugli-loop ssim2-loop' --example w44_170_cjxl_step025_sweep -- --image clic_097cb426 --effort 7 --distance-min 3.75 --distance-max 3.75 --distance-step 3.75 --strategy zenjxl --corpus-manifest benchmarks/corpora/w44_170_varied_corpus.tsv
clic_097cb426	clic	1024	1024	zenjxl	7	4.0000	17904	18707	61.6286	64.5480	3.936577	3.914888	2890.590	1826.524	-4.293	-2.9194	0.554	58.256	OK	44c8be367ca8a3918e67d3d2b62de9e0169cdee5	cargo run -p jxl-encoder --release --features 'parallel butteraugli-loop ssim2-loop' --example w44_170_cjxl_step025_sweep -- --image clic_097cb426 --effort 7 --distance-min 4 --distance-max 4 --distance-step 4 --strategy zenjxl --corpus-manifest benchmarks/corpora/w44_170_varied_corpus.tsv
clic_097cb426	clic	1024	1024	zenjxl	7	4.2500	16833	17895	60.3602	63.5360	4.344721	4.311453	2525.947	1729.058	-5.935	-3.1758	0.772	46.088	OK	44c8be367ca8a3918e67d3d2b62de9e0169cdee5	cargo run -p jxl-encoder --release --features 'parallel butteraugli-loop ssim2-loop' --example w44_170_cjxl_step025_sweep -- --image clic_097cb426 --effort 7 --distance-min 4.25 --distance-max 4.25 --distance-step 4.25 --strategy zenjxl --corpus-manifest benchmarks/corpora/w44_170_varied_corpus.tsv
clic_097cb426	clic	1024	1024	zenjxl	7	4.5000	16151	17136	59.0211	62.3289	4.134044	4.106118	3028.148	1690.604	-5.748	-3.3078	0.680	79.116	OK	44c8be367ca8a3918e67d3d2b62de9e0169cdee5	cargo run -p jxl-encoder --release --features 'parallel butteraugli-loop ssim2-loop' --example w44_170_cjxl_step025_sweep -- --image clic_097cb426 --effort 7 --distance-min 4.5 --distance-max 4.5 --distance-step 4.5 --strategy zenjxl --corpus-manifest benchmarks/corpora/w44_170_varied_corpus.tsv
clic_097cb426	clic	1024	1024	zenjxl	7	4.7500	15545	16156	56.7370	60.7879	4.903217	4.690002	2524.992	1458.429	-3.782	-4.0509	4.546	73.131	OK	44c8be367ca8a3918e67d3d2b62de9e0169cdee5	cargo run -p jxl-encoder --release --features 'parallel butteraugli-loop ssim2-loop' --example w44_170_cjxl_step025_sweep -- --image clic_097cb426 --effort 7 --distance-min 4.75 --distance-max 4.75 --distance-step 4.75 --strategy zenjxl --corpus-manifest benchmarks/corpora/w44_170_varied_corpus.tsv
clic_097cb426	clic	1024	1024	zenjxl	7	5.0000	14920	15610	55.7962	59.8645	4.803147	4.264348	2203.051	1921.566	-4.420	-4.0683	12.635	14.649	OK	44c8be367ca8a3918e67d3d2b62de9e0169cdee5	cargo run -p jxl-encoder --release --features 'parallel butteraugli-loop ssim2-loop' --example w44_170_cjxl_step025_sweep -- --image clic_097cb426 --effort 7 --distance-min 5 --distance-max 5 --distance-step 5 --strategy zenjxl --corpus-manifest benchmarks/corpora/w44_170_varied_corpus.tsv
clic_097cb426	clic	1024	1024	zenjxl	8	0.2500	264293	253311	94.4541	94.4109	0.345183	0.478377	4933.162	703.490	4.335	0.0432	-27.843	601.241	OK	44c8be367ca8a3918e67d3d2b62de9e0169cdee5	cargo run -p jxl-encoder --release --features 'parallel butteraugli-loop ssim2-loop' --example w44_170_cjxl_step025_sweep -- --image clic_097cb426 --effort 8 --distance-min 0.25 --distance-max 0.25 --distance-step 0.25 --strategy zenjxl --corpus-manifest benchmarks/corpora/w44_170_varied_corpus.tsv
clic_097cb426	clic	1024	1024	zenjxl	8	0.5000	145733	144502	91.7073	91.3081	0.755064	0.826968	5296.370	951.359	0.852	0.3992	-8.695	456.716	OK	44c8be367ca8a3918e67d3d2b62de9e0169cdee5	cargo run -p jxl-encoder --release --features 'parallel butteraugli-loop ssim2-loop' --example w44_170_cjxl_step025_sweep -- --image clic_097cb426 --effort 8 --distance-min 0.5 --distance-max 0.5 --distance-step 0.5 --strategy zenjxl --corpus-manifest benchmarks/corpora/w44_170_varied_corpus.tsv
clic_097cb426	clic	1024	1024	zenjxl	8	0.7500	97377	100567	88.4032	88.6308	1.017464	1.010666	6301.611	5774.398	-3.172	-0.2276	0.673	9.130	OK	44c8be367ca8a3918e67d3d2b62de9e0169cdee5	cargo run -p jxl-encoder --release --features 'parallel butteraugli-loop ssim2-loop' --example w44_170_cjxl_step025_sweep -- --image clic_097cb426 --effort 8 --distance-min 0.75 --distance-max 0.75 --distance-step 0.75 --strategy zenjxl --corpus-manifest benchmarks/corpora/w44_170_varied_corpus.tsv
clic_097cb426	clic	1024	1024	zenjxl	8	1.0000	74256	76629	85.5780	85.8219	1.297118	1.293789	6738.046	5140.834	-3.097	-0.2438	0.257	31.069	OK	44c8be367ca8a3918e67d3d2b62de9e0169cdee5	cargo run -p jxl-encoder --release --features 'parallel butteraugli-loop ssim2-loop' --example w44_170_cjxl_step025_sweep -- --image clic_097cb426 --effort 8 --distance-min 1 --distance-max 1 --distance-step 1 --strategy zenjxl --corpus-manifest benchmarks/corpora/w44_170_varied_corpus.tsv
clic_097cb426	clic	1024	1024	zenjxl	8	1.2500	58561	60624	82.4801	83.3470	1.613072	1.685494	6435.682	5767.967	-3.403	-0.8669	-4.297	11.576	OK	44c8be367ca8a3918e67d3d2b62de9e0169cdee5	cargo run -p jxl-encoder --release --features 'parallel butteraugli-loop ssim2-loop' --example w44_170_cjxl_step025_sweep -- --image clic_097cb426 --effort 8 --distance-min 1.25 --distance-max 1.25 --distance-step 1.25 --strategy zenjxl --corpus-manifest benchmarks/corpora/w44_170_varied_corpus.tsv
clic_097cb426	clic	1024	1024	zenjxl	8	1.5000	47402	49496	80.2714	80.5120	2.088810	2.078123	7007.570	5911.798	-4.231	-0.2406	0.514	18.535	OK	44c8be367ca8a3918e67d3d2b62de9e0169cdee5	cargo run -p jxl-encoder --release --features 'parallel butteraugli-loop ssim2-loop' --example w44_170_cjxl_step025_sweep -- --image clic_097cb426 --effort 8 --distance-min 1.5 --distance-max 1.5 --distance-step 1.5 --strategy zenjxl --corpus-manifest benchmarks/corpora/w44_170_varied_corpus.tsv
clic_097cb426	clic	1024	1024	zenjxl	8	1.7500	39249	41596	77.2457	78.3461	2.231878	2.271152	6877.114	5792.807	-5.642	-1.1004	-1.729	18.718	OK	44c8be367ca8a3918e67d3d2b62de9e0169cdee5	cargo run -p jxl-encoder --release --features 'parallel butteraugli-loop ssim2-loop' --example w44_170_cjxl_step025_sweep -- --image clic_097cb426 --effort 8 --distance-min 1.75 --distance-max 1.75 --distance-step 1.75 --strategy zenjxl --corpus-manifest benchmarks/corpora/w44_170_varied_corpus.tsv
clic_097cb426	clic	1024	1024	zenjxl	8	2.0000	33765	35944	73.9698	76.3054	2.568505	2.525752	7596.716	5631.514	-6.062	-2.3356	1.693	34.896	OK	44c8be367ca8a3918e67d3d2b62de9e0169cdee5	cargo run -p jxl-encoder --release --features 'parallel butteraugli-loop ssim2-loop' --example w44_170_cjxl_step025_sweep -- --image clic_097cb426 --effort 8 --distance-min 2 --distance-max 2 --distance-step 2 --strategy zenjxl --corpus-manifest benchmarks/corpora/w44_170_varied_corpus.tsv
clic_097cb426	clic	1024	1024	zenjxl	8	2.2500	29546	30938	71.6844	74.3490	2.773775	2.633207	7563.613	6117.855	-4.499	-2.6645	5.338	23.632	OK	44c8be367ca8a3918e67d3d2b62de9e0169cdee5	cargo run -p jxl-encoder --release --features 'parallel butteraugli-loop ssim2-loop' --example w44_170_cjxl_step025_sweep -- --image clic_097cb426 --effort 8 --distance-min 2.25 --distance-max 2.25 --distance-step 2.25 --strategy zenjxl --corpus-manifest benchmarks/corpora/w44_170_varied_corpus.tsv
clic_097cb426	clic	1024	1024	zenjxl	8	2.5000	26048	28053	70.1515	72.6260	2.827965	2.780444	7579.861	6756.383	-7.147	-2.4746	1.709	12.188	OK	44c8be367ca8a3918e67d3d2b62de9e0169cdee5	cargo run -p jxl-encoder --release --features 'parallel butteraugli-loop ssim2-loop' --example w44_170_cjxl_step025_sweep -- --image clic_097cb426 --effort 8 --distance-min 2.5 --distance-max 2.5 --distance-step 2.5 --strategy zenjxl --corpus-manifest benchmarks/corpora/w44_170_varied_corpus.tsv
clic_097cb426	clic	1024	1024	zenjxl	8	2.7500	23414	25484	68.3919	70.7824	3.123165	3.215990	6128.121	5619.986	-8.123	-2.3905	-2.886	9.042	OK	44c8be367ca8a3918e67d3d2b62de9e0169cdee5	cargo run -p jxl-encoder --release --features 'parallel butteraugli-loop ssim2-loop' --example w44_170_cjxl_step025_sweep -- --image clic_097cb426 --effort 8 --distance-min 2.75 --distance-max 2.75 --distance-step 2.75 --strategy zenjxl --corpus-manifest benchmarks/corpora/w44_170_varied_corpus.tsv
clic_097cb426	clic	1024	1024	zenjxl	8	3.0000	21233	22962	65.7234	68.9402	3.250025	3.264494	7813.387	6601.841	-7.530	-3.2168	-0.443	18.352	OK	44c8be367ca8a3918e67d3d2b62de9e0169cdee5	cargo run -p jxl-encoder --release --features 'parallel butteraugli-loop ssim2-loop' --example w44_170_cjxl_step025_sweep -- --image clic_097cb426 --effort 8 --distance-min 3 --distance-max 3 --distance-step 3 --strategy zenjxl --corpus-manifest benchmarks/corpora/w44_170_varied_corpus.tsv
clic_097cb426	clic	1024	1024	zenjxl	8	3.2500	19382	20369	64.0227	67.1028	3.559998	3.368960	7993.609	6592.829	-4.846	-3.0800	5.671	21.247	OK	44c8be367ca8a3918e67d3d2b62de9e0169cdee5	cargo run -p jxl-encoder --release --features 'parallel butteraugli-loop ssim2-loop' --example w44_170_cjxl_step025_sweep -- --image clic_097cb426 --effort 8 --distance-min 3.25 --distance-max 3.25 --distance-step 3.25 --strategy zenjxl --corpus-manifest benchmarks/corpora/w44_170_varied_corpus.tsv
clic_097cb426	clic	1024	1024	zenjxl	8	3.5000	17686	19139	62.5762	65.6110	3.565638	3.622992	7564.453	6020.632	-7.592	-3.0348	-1.583	25.642	OK	44c8be367ca8a3918e67d3d2b62de9e0169cdee5	cargo run -p jxl-encoder --release --features 'parallel butteraugli-loop ssim2-loop' --example w44_170_cjxl_step025_sweep -- --image clic_097cb426 --effort 8 --distance-min 3.5 --distance-max 3.5 --distance-step 3.5 --strategy zenjxl --corpus-manifest benchmarks/corpora/w44_170_varied_corpus.tsv
clic_097cb426	clic	1024	1024	zenjxl	8	3.7500	16663	17745	61.2147	63.7670	3.912896	3.862665	8493.312	5984.008	-6.097	-2.5522	1.300	41.933	OK	44c8be367ca8a3918e67d3d2b62de9e0169cdee5	cargo run -p jxl-encoder --release --features 'parallel butteraugli-loop ssim2-loop' --example w44_170_cjxl_step025_sweep -- --image clic_097cb426 --effort 8 --distance-min 3.75 --distance-max 3.75 --distance-step 3.75 --strategy zenjxl --corpus-manifest benchmarks/corpora/w44_170_varied_corpus.tsv
clic_097cb426	clic	1024	1024	zenjxl	8	4.0000	16076	17203	60.5182	62.9553	3.890099	4.078696	9295.903	6045.821	-6.551	-2.4372	-4.624	53.758	OK	44c8be367ca8a3918e67d3d2b62de9e0169cdee5	cargo run -p jxl-encoder --release --features 'parallel butteraugli-loop ssim2-loop' --example w44_170_cjxl_step025_sweep -- --image clic_097cb426 --effort 8 --distance-min 4 --distance-max 4 --distance-step 4 --strategy zenjxl --corpus-manifest benchmarks/corpora/w44_170_varied_corpus.tsv
clic_097cb426	clic	1024	1024	zenjxl	8	4.2500	15153	16347	59.5025	61.6799	4.334552	4.434983	9725.008	5554.469	-7.304	-2.1773	-2.265	75.084	OK	44c8be367ca8a3918e67d3d2b62de9e0169cdee5	cargo run -p jxl-encoder --release --features 'parallel butteraugli-loop ssim2-loop' --example w44_170_cjxl_step025_sweep -- --image clic_097cb426 --effort 8 --distance-min 4.25 --distance-max 4.25 --distance-step 4.25 --strategy zenjxl --corpus-manifest benchmarks/corpora/w44_170_varied_corpus.tsv
clic_097cb426	clic	1024	1024	zenjxl	8	4.5000	14520	15685	57.2288	60.0254	4.212312	4.450624	8871.933	5813.549	-7.427	-2.7966	-5.355	52.608	OK	44c8be367ca8a3918e67d3d2b62de9e0169cdee5	cargo run -p jxl-encoder --release --features 'parallel butteraugli-loop ssim2-loop' --example w44_170_cjxl_step025_sweep -- --image clic_097cb426 --effort 8 --distance-min 4.5 --distance-max 4.5 --distance-step 4.5 --strategy zenjxl --corpus-manifest benchmarks/corpora/w44_170_varied_corpus.tsv
clic_097cb426	clic	1024	1024	zenjxl	8	4.7500	13774	14826	55.4616	58.6461	4.980238	4.387977	10173.895	5810.951	-7.096	-3.1846	13.497	75.081	OK	44c8be367ca8a3918e67d3d2b62de9e0169cdee5	cargo run -p jxl-encoder --release --features 'parallel butteraugli-loop ssim2-loop' --example w44_170_cjxl_step025_sweep -- --image clic_097cb426 --effort 8 --distance-min 4.75 --distance-max 4.75 --distance-step 4.75 --strategy zenjxl --corpus-manifest benchmarks/corpora/w44_170_varied_corpus.tsv
clic_097cb426	clic	1024	1024	zenjxl	8	5.0000	13438	14334	53.1158	57.6060	4.801122	4.685071	8545.307	6349.454	-6.251	-4.4902	2.477	34.583	OK	44c8be367ca8a3918e67d3d2b62de9e0169cdee5	cargo run -p jxl-encoder --release --features 'parallel butteraugli-loop ssim2-loop' --example w44_170_cjxl_step025_sweep -- --image clic_097cb426 --effort 8 --distance-min 5 --distance-max 5 --distance-step 5 --strategy zenjxl --corpus-manifest benchmarks/corpora/w44_170_varied_corpus.tsv
clic_097cb426	clic	1024	1024	zenjxl	9	0.2500	269122	253176	94.5517	94.4109	0.314158	0.478377	13913.636	1546.127	6.298	0.1408	-34.328	799.902	OK	44c8be367ca8a3918e67d3d2b62de9e0169cdee5	cargo run -p jxl-encoder --release --features 'parallel butteraugli-loop ssim2-loop' --example w44_170_cjxl_step025_sweep -- --image clic_097cb426 --effort 9 --distance-min 0.25 --distance-max 0.25 --distance-step 0.25 --strategy zenjxl --corpus-manifest benchmarks/corpora/w44_170_varied_corpus.tsv
clic_097cb426	clic	1024	1024	zenjxl	9	0.5000	147743	144465	91.7620	91.3081	0.603947	0.826968	8646.051	1193.139	2.269	0.4539	-26.969	624.647	OK	44c8be367ca8a3918e67d3d2b62de9e0169cdee5	cargo run -p jxl-encoder --release --features 'parallel butteraugli-loop ssim2-loop' --example w44_170_cjxl_step025_sweep -- --image clic_097cb426 --effort 9 --distance-min 0.5 --distance-max 0.5 --distance-step 0.5 --strategy zenjxl --corpus-manifest benchmarks/corpora/w44_170_varied_corpus.tsv
clic_097cb426	clic	1024	1024	zenjxl	9	0.7500	98734	101794	88.5292	88.8389	0.919956	0.887398	9250.773	8648.290	-3.006	-0.3096	3.669	6.967	OK	44c8be367ca8a3918e67d3d2b62de9e0169cdee5	cargo run -p jxl-encoder --release --features 'parallel butteraugli-loop ssim2-loop' --example w44_170_cjxl_step025_sweep -- --image clic_097cb426 --effort 9 --distance-min 0.75 --distance-max 0.75 --distance-step 0.75 --strategy zenjxl --corpus-manifest benchmarks/corpora/w44_170_varied_corpus.tsv
clic_097cb426	clic	1024	1024	zenjxl	9	1.0000	75448	77154	85.7172	85.9164	1.218092	1.212965	9902.904	9128.302	-2.211	-0.1992	0.423	8.486	OK	44c8be367ca8a3918e67d3d2b62de9e0169cdee5	cargo run -p jxl-encoder --release --features 'parallel butteraugli-loop ssim2-loop' --example w44_170_cjxl_step025_sweep -- --image clic_097cb426 --effort 9 --distance-min 1 --distance-max 1 --distance-step 1 --strategy zenjxl --corpus-manifest benchmarks/corpora/w44_170_varied_corpus.tsv
clic_097cb426	clic	1024	1024	zenjxl	9	1.2500	59841	61403	82.7083	83.5126	1.589619	1.497853	9392.599	7457.453	-2.544	-0.8042	6.126	25.949	OK	44c8be367ca8a3918e67d3d2b62de9e0169cdee5	cargo run -p jxl-encoder --release --features 'parallel butteraugli-loop ssim2-loop' --example w44_170_cjxl_step025_sweep -- --image clic_097cb426 --effort 9 --distance-min 1.25 --distance-max 1.25 --distance-step 1.25 --strategy zenjxl --corpus-manifest benchmarks/corpora/w44_170_varied_corpus.tsv
clic_097cb426	clic	1024	1024	zenjxl	9	1.5000	47883	50030	79.9232	80.8073	1.921194	1.858687	8838.092	8073.526	-4.291	-0.8841	3.363	9.470	OK	44c8be367ca8a3918e67d3d2b62de9e0169cdee5	cargo run -p jxl-encoder --release --features 'parallel butteraugli-loop ssim2-loop' --example w44_170_cjxl_step025_sweep -- --image clic_097cb426 --effort 9 --distance-min 1.5 --distance-max 1.5 --distance-step 1.5 --strategy zenjxl --corpus-manifest benchmarks/corpora/w44_170_varied_corpus.tsv
clic_097cb426	clic	1024	1024	zenjxl	9	1.7500	39781	41937	77.3831	78.5949	2.067862	2.125324	10173.336	8272.365	-5.141	-1.2117	-2.704	22.980	OK	44c8be367ca8a3918e67d3d2b62de9e0169cdee5	cargo run -p jxl-encoder --release --features 'parallel butteraugli-loop ssim2-loop' --example w44_170_cjxl_step025_sweep -- --image clic_097cb426 --effort 9 --distance-min 1.75 --distance-max 1.75 --distance-step 1.75 --strategy zenjxl --corpus-manifest benchmarks/corpora/w44_170_varied_corpus.tsv
clic_097cb426	clic	1024	1024	zenjxl	9	2.0000	34005	35859	74.0289	76.3523	2.456674	2.424075	9365.280	8174.144	-5.170	-2.3234	1.345	14.572	OK	44c8be367ca8a3918e67d3d2b62de9e0169cdee5	cargo run -p jxl-encoder --release --features 'parallel butteraugli-loop ssim2-loop' --example w44_170_cjxl_step025_sweep -- --image clic_097cb426 --effort 9 --distance-min 2 --distance-max 2 --distance-step 2 --strategy zenjxl --corpus-manifest benchmarks/corpora/w44_170_varied_corpus.tsv
clic_097cb426	clic	1024	1024	zenjxl	9	2.2500	29762	30903	71.6922	74.4101	2.773775	2.659288	9284.145	7999.707	-3.692	-2.7180	4.305	16.056	OK	44c8be367ca8a3918e67d3d2b62de9e0169cdee5	cargo run -p jxl-encoder --release --features 'parallel butteraugli-loop ssim2-loop' --example w44_170_cjxl_step025_sweep -- --image clic_097cb426 --effort 9 --distance-min 2.25 --distance-max 2.25 --distance-step 2.25 --strategy zenjxl --corpus-manifest benchmarks/corpora/w44_170_varied_corpus.tsv
clic_097cb426	clic	1024	1024	zenjxl	9	2.5000	26204	27964	70.1515	72.6351	2.827965	2.780427	9638.961	7763.247	-6.294	-2.4837	1.710	24.161	OK	44c8be367ca8a3918e67d3d2b62de9e0169cdee5	cargo run -p jxl-encoder --release --features 'parallel butteraugli-loop ssim2-loop' --example w44_170_cjxl_step025_sweep -- --image clic_097cb426 --effort 9 --distance-min 2.5 --distance-max 2.5 --distance-step 2.5 --strategy zenjxl --corpus-manifest benchmarks/corpora/w44_170_varied_corpus.tsv
clic_097cb426	clic	1024	1024	zenjxl	9	2.7500	23601	25373	68.3919	70.7778	2.996518	2.979629	8499.929	9755.792	-6.984	-2.3859	0.567	-12.873	OK	44c8be367ca8a3918e67d3d2b62de9e0169cdee5	cargo run -p jxl-encoder --release --features 'parallel butteraugli-loop ssim2-loop' --example w44_170_cjxl_step025_sweep -- --image clic_097cb426 --effort 9 --distance-min 2.75 --distance-max 2.75 --distance-step 2.75 --strategy zenjxl --corpus-manifest benchmarks/corpora/w44_170_varied_corpus.tsv
clic_097cb426	clic	1024	1024	zenjxl	9	3.0000	21456	22855	65.7208	68.9402	3.203883	3.264494	8672.219	8609.601	-6.121	-3.2194	-1.857	0.727	OK	44c8be367ca8a3918e67d3d2b62de9e0169cdee5	cargo run -p jxl-encoder --release --features 'parallel butteraugli-loop ssim2-loop' --example w44_170_cjxl_step025_sweep -- --image clic_097cb426 --effort 9 --distance-min 3 --distance-max 3 --distance-step 3 --strategy zenjxl --corpus-manifest benchmarks/corpora/w44_170_varied_corpus.tsv
clic_097cb426	clic	1024	1024	zenjxl	9	3.2500	19444	20279	64.0227	67.1028	3.559998	3.368960	10975.300	9613.325	-4.118	-3.0800	5.671	14.168	OK	44c8be367ca8a3918e67d3d2b62de9e0169cdee5	cargo run -p jxl-encoder --release --features 'parallel butteraugli-loop ssim2-loop' --example w44_170_cjxl_step025_sweep -- --image clic_097cb426 --effort 9 --distance-min 3.25 --distance-max 3.25 --distance-step 3.25 --strategy zenjxl --corpus-manifest benchmarks/corpora/w44_170_varied_corpus.tsv
clic_097cb426	clic	1024	1024	zenjxl	9	3.5000	17789	19070	62.5762	65.6110	3.565638	3.622992	12499.632	9858.158	-6.717	-3.0348	-1.583	26.795	OK	44c8be367ca8a3918e67d3d2b62de9e0169cdee5	cargo run -p jxl-encoder --release --features 'parallel butteraugli-loop ssim2-loop' --example w44_170_cjxl_step025_sweep -- --image clic_097cb426 --effort 9 --distance-min 3.5 --distance-max 3.5 --distance-step 3.5 --strategy zenjxl --corpus-manifest benchmarks/corpora/w44_170_varied_corpus.tsv
clic_097cb426	clic	1024	1024	zenjxl	9	3.7500	16771	17674	61.2225	63.7670	3.678551	3.862665	11049.661	8981.237	-5.109	-2.5445	-4.766	23.031	OK	44c8be367ca8a3918e67d3d2b62de9e0169cdee5	cargo run -p jxl-encoder --release --features 'parallel butteraugli-loop ssim2-loop' --example w44_170_cjxl_step025_sweep -- --image clic_097cb426 --effort 9 --distance-min 3.75 --distance-max 3.75 --distance-step 3.75 --strategy zenjxl --corpus-manifest benchmarks/corpora/w44_170_varied_corpus.tsv
clic_097cb426	clic	1024	1024	zenjxl	9	4.0000	16204	17148	60.5182	62.9553	3.890099	4.078696	15830.300	7713.944	-5.505	-2.4372	-4.624	105.217	OK	44c8be367ca8a3918e67d3d2b62de9e0169cdee5	cargo run -p jxl-encoder --release --features 'parallel butteraugli-loop ssim2-loop' --example w44_170_cjxl_step025_sweep -- --image clic_097cb426 --effort 9 --distance-min 4 --distance-max 4 --distance-step 4 --strategy zenjxl --corpus-manifest benchmarks/corpora/w44_170_varied_corpus.tsv
clic_097cb426	clic	1024	1024	zenjxl	9	4.2500	15260	16249	59.5025	61.6799	4.334552	4.434983	15972.458	8360.178	-6.087	-2.1773	-2.265	91.054	OK	44c8be367ca8a3918e67d3d2b62de9e0169cdee5	cargo run -p jxl-encoder --release --features 'parallel butteraugli-loop ssim2-loop' --example w44_170_cjxl_step025_sweep -- --image clic_097cb426 --effort 9 --distance-min 4.25 --distance-max 4.25 --distance-step 4.25 --strategy zenjxl --corpus-manifest benchmarks/corpora/w44_170_varied_corpus.tsv
clic_097cb426	clic	1024	1024	zenjxl	9	4.5000	14572	15595	57.2288	60.0254	4.212312	4.450624	11596.755	7724.202	-6.560	-2.7966	-5.355	50.135	OK	44c8be367ca8a3918e67d3d2b62de9e0169cdee5	cargo run -p jxl-encoder --release --features 'parallel butteraugli-loop ssim2-loop' --example w44_170_cjxl_step025_sweep -- --image clic_097cb426 --effort 9 --distance-min 4.5 --distance-max 4.5 --distance-step 4.5 --strategy zenjxl --corpus-manifest benchmarks/corpora/w44_170_varied_corpus.tsv
clic_097cb426	clic	1024	1024	zenjxl	9	4.7500	13841	14767	55.4616	58.6461	4.980238	4.387977	12441.090	8938.559	-6.271	-3.1846	13.497	39.185	OK	44c8be367ca8a3918e67d3d2b62de9e0169cdee5	cargo run -p jxl-encoder --release --features 'parallel butteraugli-loop ssim2-loop' --example w44_170_cjxl_step025_sweep -- --image clic_097cb426 --effort 9 --distance-min 4.75 --distance-max 4.75 --distance-step 4.75 --strategy zenjxl --corpus-manifest benchmarks/corpora/w44_170_varied_corpus.tsv
clic_097cb426	clic	1024	1024	zenjxl	9	5.0000	13420	14279	53.1158	57.6060	4.801122	4.685071	12867.210	9160.105	-6.016	-4.4902	2.477	40.470	OK	44c8be367ca8a3918e67d3d2b62de9e0169cdee5	cargo run -p jxl-encoder --release --features 'parallel butteraugli-loop ssim2-loop' --example w44_170_cjxl_step025_sweep -- --image clic_097cb426 --effort 9 --distance-min 5 --distance-max 5 --distance-step 5 --strategy zenjxl --corpus-manifest benchmarks/corpora/w44_170_varied_corpus.tsv
clic_0c49a5cc	clic	1024	1024	zenjxl	5	0.2500	497454	501692	93.2080	93.2926	0.443195	0.449052	1420.971	609.326	-0.845	-0.0846	-1.304	133.204	OK	44c8be367ca8a3918e67d3d2b62de9e0169cdee5	cargo run -p jxl-encoder --release --features 'parallel butteraugli-loop ssim2-loop' --example w44_170_cjxl_step025_sweep -- --image clic_0c49a5cc --effort 5 --distance-min 0.25 --distance-max 0.25 --distance-step 0.25 --strategy zenjxl --corpus-manifest benchmarks/corpora/w44_170_varied_corpus.tsv
clic_0c49a5cc	clic	1024	1024	zenjxl	5	0.5000	315161	317378	90.9713	91.1224	0.808428	0.813717	1133.146	814.628	-0.699	-0.1511	-0.650	39.100	OK	44c8be367ca8a3918e67d3d2b62de9e0169cdee5	cargo run -p jxl-encoder --release --features 'parallel butteraugli-loop ssim2-loop' --example w44_170_cjxl_step025_sweep -- --image clic_0c49a5cc --effort 5 --distance-min 0.5 --distance-max 0.5 --distance-step 0.5 --strategy zenjxl --corpus-manifest benchmarks/corpora/w44_170_varied_corpus.tsv
clic_0c49a5cc	clic	1024	1024	zenjxl	5	0.7500	225929	227639	88.7831	89.0712	1.065585	1.070839	1103.223	820.689	-0.751	-0.2881	-0.491	34.426	OK	44c8be367ca8a3918e67d3d2b62de9e0169cdee5	cargo run -p jxl-encoder --release --features 'parallel butteraugli-loop ssim2-loop' --example w44_170_cjxl_step025_sweep -- --image clic_0c49a5cc --effort 5 --distance-min 0.75 --distance-max 0.75 --distance-step 0.75 --strategy zenjxl --corpus-manifest benchmarks/corpora/w44_170_varied_corpus.tsv
clic_0c49a5cc	clic	1024	1024	zenjxl	5	1.0000	182198	184023	86.8223	86.9911	1.338578	1.333175	1377.298	1131.091	-0.992	-0.1688	0.405	21.767	OK	44c8be367ca8a3918e67d3d2b62de9e0169cdee5	cargo run -p jxl-encoder --release --features 'parallel butteraugli-loop ssim2-loop' --example w44_170_cjxl_step025_sweep -- --image clic_0c49a5cc --effort 5 --distance-min 1 --distance-max 1 --distance-step 1 --strategy zenjxl --corpus-manifest benchmarks/corpora/w44_170_varied_corpus.tsv
clic_0c49a5cc	clic	1024	1024	zenjxl	5	1.2500	154791	156247	84.8215	85.1022	1.540061	1.559350	794.681	576.688	-0.932	-0.2807	-1.237	37.801	OK	44c8be367ca8a3918e67d3d2b62de9e0169cdee5	cargo run -p jxl-encoder --release --features 'parallel butteraugli-loop ssim2-loop' --example w44_170_cjxl_step025_sweep -- --image clic_0c49a5cc --effort 5 --distance-min 1.25 --distance-max 1.25 --distance-step 1.25 --strategy zenjxl --corpus-manifest benchmarks/corpora/w44_170_varied_corpus.tsv
clic_0c49a5cc	clic	1024	1024	zenjxl	5	1.5000	136107	137129	82.9721	83.0449	1.832301	1.878860	784.714	714.284	-0.745	-0.0728	-2.478	9.860	OK	44c8be367ca8a3918e67d3d2b62de9e0169cdee5	cargo run -p jxl-encoder --release --features 'parallel butteraugli-loop ssim2-loop' --example w44_170_cjxl_step025_sweep -- --image clic_0c49a5cc --effort 5 --distance-min 1.5 --distance-max 1.5 --distance-step 1.5 --strategy zenjxl --corpus-manifest benchmarks/corpora/w44_170_varied_corpus.tsv
clic_0c49a5cc	clic	1024	1024	zenjxl	5	1.7500	122340	123507	81.3038	81.3522	1.969095	1.995880	681.290	562.877	-0.945	-0.0485	-1.342	21.037	OK	44c8be367ca8a3918e67d3d2b62de9e0169cdee5	cargo run -p jxl-encoder --release --features 'parallel butteraugli-loop ssim2-loop' --example w44_170_cjxl_step025_sweep -- --image clic_0c49a5cc --effort 5 --distance-min 1.75 --distance-max 1.75 --distance-step 1.75 --strategy zenjxl --corpus-manifest benchmarks/corpora/w44_170_varied_corpus.tsv
clic_0c49a5cc	clic	1024	1024	zenjxl	5	2.0000	110975	111742	79.8108	79.8727	2.245849	2.237547	629.001	691.952	-0.686	-0.0619	0.371	-9.098	OK	44c8be367ca8a3918e67d3d2b62de9e0169cdee5	cargo run -p jxl-encoder --release --features 'parallel butteraugli-loop ssim2-loop' --example w44_170_cjxl_step025_sweep -- --image clic_0c49a5cc --effort 5 --distance-min 2 --distance-max 2 --distance-step 2 --strategy zenjxl --corpus-manifest benchmarks/corpora/w44_170_varied_corpus.tsv
clic_0c49a5cc	clic	1024	1024	zenjxl	5	2.2500	101048	101874	78.1628	78.2055	2.290253	2.274117	572.029	1004.076	-0.811	-0.0427	0.710	-43.029	OK	44c8be367ca8a3918e67d3d2b62de9e0169cdee5	cargo run -p jxl-encoder --release --features 'parallel butteraugli-loop ssim2-loop' --example w44_170_cjxl_step025_sweep -- --image clic_0c49a5cc --effort 5 --distance-min 2.25 --distance-max 2.25 --distance-step 2.25 --strategy zenjxl --corpus-manifest benchmarks/corpora/w44_170_varied_corpus.tsv
clic_0c49a5cc	clic	1024	1024	zenjxl	5	2.5000	93154	93564	76.3530	76.5410	2.630347	2.637516	718.321	616.006	-0.438	-0.1880	-0.272	16.609	OK	44c8be367ca8a3918e67d3d2b62de9e0169cdee5	cargo run -p jxl-encoder --release --features 'parallel butteraugli-loop ssim2-loop' --example w44_170_cjxl_step025_sweep -- --image clic_0c49a5cc --effort 5 --distance-min 2.5 --distance-max 2.5 --distance-step 2.5 --strategy zenjxl --corpus-manifest benchmarks/corpora/w44_170_varied_corpus.tsv
clic_0c49a5cc	clic	1024	1024	zenjxl	5	2.7500	87115	88835	74.9193	75.1383	2.830832	2.832394	742.970	574.660	-1.936	-0.2190	-0.055	29.289	OK	44c8be367ca8a3918e67d3d2b62de9e0169cdee5	cargo run -p jxl-encoder --release --features 'parallel butteraugli-loop ssim2-loop' --example w44_170_cjxl_step025_sweep -- --image clic_0c49a5cc --effort 5 --distance-min 2.75 --distance-max 2.75 --distance-step 2.75 --strategy zenjxl --corpus-manifest benchmarks/corpora/w44_170_varied_corpus.tsv
clic_0c49a5cc	clic	1024	1024	zenjxl	5	3.0000	81066	82885	73.3948	73.2633	3.222844	3.090187	612.132	415.052	-2.195	0.1315	4.293	47.483	OK	44c8be367ca8a3918e67d3d2b62de9e0169cdee5	cargo run -p jxl-encoder --release --features 'parallel butteraugli-loop ssim2-loop' --example w44_170_cjxl_step025_sweep -- --image clic_0c49a5cc --effort 5 --distance-min 3 --distance-max 3 --distance-step 3 --strategy zenjxl --corpus-manifest benchmarks/corpora/w44_170_varied_corpus.tsv
clic_0c49a5cc	clic	1024	1024	zenjxl	5	3.2500	75780	76856	71.8986	71.7253	3.535548	3.527153	605.878	695.482	-1.400	0.1733	0.238	-12.884	OK	44c8be367ca8a3918e67d3d2b62de9e0169cdee5	cargo run -p jxl-encoder --release --features 'parallel butteraugli-loop ssim2-loop' --example w44_170_cjxl_step025_sweep -- --image clic_0c49a5cc --effort 5 --distance-min 3.25 --distance-max 3.25 --distance-step 3.25 --strategy zenjxl --corpus-manifest benchmarks/corpora/w44_170_varied_corpus.tsv
clic_0c49a5cc	clic	1024	1024	zenjxl	5	3.5000	71608	72802	70.2722	70.3705	3.474974	3.546958	663.468	861.210	-1.640	-0.0982	-2.029	-22.961	OK	44c8be367ca8a3918e67d3d2b62de9e0169cdee5	cargo run -p jxl-encoder --release --features 'parallel butteraugli-loop ssim2-loop' --example w44_170_cjxl_step025_sweep -- --image clic_0c49a5cc --effort 5 --distance-min 3.5 --distance-max 3.5 --distance-step 3.5 --strategy zenjxl --corpus-manifest benchmarks/corpora/w44_170_varied_corpus.tsv
clic_0c49a5cc	clic	1024	1024	zenjxl	5	3.7500	67901	69262	69.0172	68.9654	3.948427	3.608845	565.473	949.322	-1.965	0.0518	9.410	-40.434	OK	44c8be367ca8a3918e67d3d2b62de9e0169cdee5	cargo run -p jxl-encoder --release --features 'parallel butteraugli-loop ssim2-loop' --example w44_170_cjxl_step025_sweep -- --image clic_0c49a5cc --effort 5 --distance-min 3.75 --distance-max 3.75 --distance-step 3.75 --strategy zenjxl --corpus-manifest benchmarks/corpora/w44_170_varied_corpus.tsv
clic_0c49a5cc	clic	1024	1024	zenjxl	5	4.0000	64366	65659	66.6931	66.8105	4.601480	4.534042	561.458	668.638	-1.969	-0.1175	1.487	-16.030	OK	44c8be367ca8a3918e67d3d2b62de9e0169cdee5	cargo run -p jxl-encoder --release --features 'parallel butteraugli-loop ssim2-loop' --example w44_170_cjxl_step025_sweep -- --image clic_0c49a5cc --effort 5 --distance-min 4 --distance-max 4 --distance-step 4 --strategy zenjxl --corpus-manifest benchmarks/corpora/w44_170_varied_corpus.tsv
clic_0c49a5cc	clic	1024	1024	zenjxl	5	4.2500	61341	62771	65.1012	65.3128	3.855977	3.995265	804.618	590.209	-2.278	-0.2116	-3.486	36.328	OK	44c8be367ca8a3918e67d3d2b62de9e0169cdee5	cargo run -p jxl-encoder --release --features 'parallel butteraugli-loop ssim2-loop' --example w44_170_cjxl_step025_sweep -- --image clic_0c49a5cc --effort 5 --distance-min 4.25 --distance-max 4.25 --distance-step 4.25 --strategy zenjxl --corpus-manifest benchmarks/corpora/w44_170_varied_corpus.tsv
clic_0c49a5cc	clic	1024	1024	zenjxl	5	4.5000	58539	60128	63.7952	63.8314	4.246860	4.819900	622.717	638.046	-2.643	-0.0362	-11.889	-2.402	OK	44c8be367ca8a3918e67d3d2b62de9e0169cdee5	cargo run -p jxl-encoder --release --features 'parallel butteraugli-loop ssim2-loop' --example w44_170_cjxl_step025_sweep -- --image clic_0c49a5cc --effort 5 --distance-min 4.5 --distance-max 4.5 --distance-step 4.5 --strategy zenjxl --corpus-manifest benchmarks/corpora/w44_170_varied_corpus.tsv
clic_0c49a5cc	clic	1024	1024	zenjxl	5	4.7500	55897	57251	62.5733	62.2926	4.522943	4.777555	750.564	801.834	-2.365	0.2806	-5.329	-6.394	OK	44c8be367ca8a3918e67d3d2b62de9e0169cdee5	cargo run -p jxl-encoder --release --features 'parallel butteraugli-loop ssim2-loop' --example w44_170_cjxl_step025_sweep -- --image clic_0c49a5cc --effort 5 --distance-min 4.75 --distance-max 4.75 --distance-step 4.75 --strategy zenjxl --corpus-manifest benchmarks/corpora/w44_170_varied_corpus.tsv
clic_0c49a5cc	clic	1024	1024	zenjxl	5	5.0000	53527	55294	61.2893	61.2041	4.284865	4.648454	501.476	565.948	-3.196	0.0852	-7.822	-11.392	OK	44c8be367ca8a3918e67d3d2b62de9e0169cdee5	cargo run -p jxl-encoder --release --features 'parallel butteraugli-loop ssim2-loop' --example w44_170_cjxl_step025_sweep -- --image clic_0c49a5cc --effort 5 --distance-min 5 --distance-max 5 --distance-step 5 --strategy zenjxl --corpus-manifest benchmarks/corpora/w44_170_varied_corpus.tsv
clic_0c49a5cc	clic	1024	1024	zenjxl	6	0.2500	495624	499612	93.1973	93.2636	0.443190	0.451644	1627.615	903.287	-0.798	-0.0663	-1.872	80.188	OK	44c8be367ca8a3918e67d3d2b62de9e0169cdee5	cargo run -p jxl-encoder --release --features 'parallel butteraugli-loop ssim2-loop' --example w44_170_cjxl_step025_sweep -- --image clic_0c49a5cc --effort 6 --distance-min 0.25 --distance-max 0.25 --distance-step 0.25 --strategy zenjxl --corpus-manifest benchmarks/corpora/w44_170_varied_corpus.tsv
clic_0c49a5cc	clic	1024	1024	zenjxl	6	0.5000	313466	314834	91.0721	91.1430	0.797226	0.804040	1158.540	993.604	-0.435	-0.0710	-0.847	16.600	OK	44c8be367ca8a3918e67d3d2b62de9e0169cdee5	cargo run -p jxl-encoder --release --features 'parallel butteraugli-loop ssim2-loop' --example w44_170_cjxl_step025_sweep -- --image clic_0c49a5cc --effort 6 --distance-min 0.5 --distance-max 0.5 --distance-step 0.5 --strategy zenjxl --corpus-manifest benchmarks/corpora/w44_170_varied_corpus.tsv
clic_0c49a5cc	clic	1024	1024	zenjxl	6	0.7500	225537	227378	88.8029	88.9769	1.031232	1.049099	1592.728	1923.565	-0.810	-0.1740	-1.703	-17.199	OK	44c8be367ca8a3918e67d3d2b62de9e0169cdee5	cargo run -p jxl-encoder --release --features 'parallel butteraugli-loop ssim2-loop' --example w44_170_cjxl_step025_sweep -- --image clic_0c49a5cc --effort 6 --distance-min 0.75 --distance-max 0.75 --distance-step 0.75 --strategy zenjxl --corpus-manifest benchmarks/corpora/w44_170_varied_corpus.tsv
clic_0c49a5cc	clic	1024	1024	zenjxl	6	1.0000	182858	184279	86.8693	87.0570	1.328757	1.304395	1249.470	1714.268	-0.771	-0.1876	1.868	-27.113	OK	44c8be367ca8a3918e67d3d2b62de9e0169cdee5	cargo run -p jxl-encoder --release --features 'parallel butteraugli-loop ssim2-loop' --example w44_170_cjxl_step025_sweep -- --image clic_0c49a5cc --effort 6 --distance-min 1 --distance-max 1 --distance-step 1 --strategy zenjxl --corpus-manifest benchmarks/corpora/w44_170_varied_corpus.tsv
clic_0c49a5cc	clic	1024	1024	zenjxl	6	1.2500	155897	156817	84.8069	85.0058	1.546855	1.523665	973.175	1337.527	-0.587	-0.1988	1.522	-27.241	OK	44c8be367ca8a3918e67d3d2b62de9e0169cdee5	cargo run -p jxl-encoder --release --features 'parallel butteraugli-loop ssim2-loop' --example w44_170_cjxl_step025_sweep -- --image clic_0c49a5cc --effort 6 --distance-min 1.25 --distance-max 1.25 --distance-step 1.25 --strategy zenjxl --corpus-manifest benchmarks/corpora/w44_170_varied_corpus.tsv
clic_0c49a5cc	clic	1024	1024	zenjxl	6	1.5000	137371	138055	82.9672	83.2777	1.738593	1.782280	1143.527	1294.424	-0.495	-0.3106	-2.451	-11.657	OK	44c8be367ca8a3918e67d3d2b62de9e0169cdee5	cargo run -p jxl-encoder --release --features 'parallel butteraugli-loop ssim2-loop' --example w44_170_cjxl_step025_sweep -- --image clic_0c49a5cc --effort 6 --distance-min 1.5 --distance-max 1.5 --distance-step 1.5 --strategy zenjxl --corpus-manifest benchmarks/corpora/w44_170_varied_corpus.tsv
clic_0c49a5cc	clic	1024	1024	zenjxl	6	1.7500	123896	124065	81.2906	81.4231	2.153111	1.936911	1063.789	1119.588	-0.136	-0.1325	11.162	-4.984	OK	44c8be367ca8a3918e67d3d2b62de9e0169cdee5	cargo run -p jxl-encoder --release --features 'parallel butteraugli-loop ssim2-loop' --example w44_170_cjxl_step025_sweep -- --image clic_0c49a5cc --effort 6 --distance-min 1.75 --distance-max 1.75 --distance-step 1.75 --strategy zenjxl --corpus-manifest benchmarks/corpora/w44_170_varied_corpus.tsv
clic_0c49a5cc	clic	1024	1024	zenjxl	6	2.0000	112537	112649	79.8473	80.2274	2.435508	2.232738	1131.152	1140.103	-0.099	-0.3802	9.082	-0.785	OK	44c8be367ca8a3918e67d3d2b62de9e0169cdee5	cargo run -p jxl-encoder --release --features 'parallel butteraugli-loop ssim2-loop' --example w44_170_cjxl_step025_sweep -- --image clic_0c49a5cc --effort 6 --distance-min 2 --distance-max 2 --distance-step 2 --strategy zenjxl --corpus-manifest benchmarks/corpora/w44_170_varied_corpus.tsv
clic_0c49a5cc	clic	1024	1024	zenjxl	6	2.2500	102969	103609	78.1765	78.2599	2.366856	2.299480	810.872	1480.219	-0.618	-0.0834	2.930	-45.219	OK	44c8be367ca8a3918e67d3d2b62de9e0169cdee5	cargo run -p jxl-encoder --release --features 'parallel butteraugli-loop ssim2-loop' --example w44_170_cjxl_step025_sweep -- --image clic_0c49a5cc --effort 6 --distance-min 2.25 --distance-max 2.25 --distance-step 2.25 --strategy zenjxl --corpus-manifest benchmarks/corpora/w44_170_varied_corpus.tsv
clic_0c49a5cc	clic	1024	1024	zenjxl	6	2.5000	94627	95579	76.5143	76.8413	2.704961	2.613524	1214.469	1016.077	-0.996	-0.3270	3.499	19.525	OK	44c8be367ca8a3918e67d3d2b62de9e0169cdee5	cargo run -p jxl-encoder --release --features 'parallel butteraugli-loop ssim2-loop' --example w44_170_cjxl_step025_sweep -- --image clic_0c49a5cc --effort 6 --distance-min 2.5 --distance-max 2.5 --distance-step 2.5 --strategy zenjxl --corpus-manifest benchmarks/corpora/w44_170_varied_corpus.tsv
clic_0c49a5cc	clic	1024	1024	zenjxl	6	2.7500	89150	90514	75.1300	75.0786	2.867602	2.861261	1726.375	1284.074	-1.507	0.0514	0.222	34.445	OK	44c8be367ca8a3918e67d3d2b62de9e0169cdee5	cargo run -p jxl-encoder --release --features 'parallel butteraugli-loop ssim2-loop' --example w44_170_cjxl_step025_sweep -- --image clic_0c49a5cc --effort 6 --distance-min 2.75 --distance-max 2.75 --distance-step 2.75 --strategy zenjxl --corpus-manifest benchmarks/corpora/w44_170_varied_corpus.tsv
clic_0c49a5cc	clic	1024	1024	zenjxl	6	3.0000	83493	84775	73.7065	73.9948	3.031914	3.257737	1335.823	1660.862	-1.512	-0.2883	-6.932	-19.570	OK	44c8be367ca8a3918e67d3d2b62de9e0169cdee5	cargo run -p jxl-encoder --release --features 'parallel butteraugli-loop ssim2-loop' --example w44_170_cjxl_step025_sweep -- --image clic_0c49a5cc --effort 6 --distance-min 3 --distance-max 3 --distance-step 3 --strategy zenjxl --corpus-manifest benchmarks/corpora/w44_170_varied_corpus.tsv
clic_0c49a5cc	clic	1024	1024	zenjxl	6	3.2500	78297	79630	72.2899	72.3375	3.658113	3.483156	1128.203	1085.320	-1.674	-0.0476	5.023	3.951	OK	44c8be367ca8a3918e67d3d2b62de9e0169cdee5	cargo run -p jxl-encoder --release --features 'parallel butteraugli-loop ssim2-loop' --example w44_170_cjxl_step025_sweep -- --image clic_0c49a5cc --effort 6 --distance-min 3.25 --distance-max 3.25 --distance-step 3.25 --strategy zenjxl --corpus-manifest benchmarks/corpora/w44_170_varied_corpus.tsv
clic_0c49a5cc	clic	1024	1024	zenjxl	6	3.5000	74011	75253	70.6696	70.8134	3.427682	3.408823	942.508	1232.413	-1.650	-0.1437	0.553	-23.523	OK	44c8be367ca8a3918e67d3d2b62de9e0169cdee5	cargo run -p jxl-encoder --release --features 'parallel butteraugli-loop ssim2-loop' --example w44_170_cjxl_step025_sweep -- --image clic_0c49a5cc --effort 6 --distance-min 3.5 --distance-max 3.5 --distance-step 3.5 --strategy zenjxl --corpus-manifest benchmarks/corpora/w44_170_varied_corpus.tsv
clic_0c49a5cc	clic	1024	1024	zenjxl	6	3.7500	70308	71490	69.4627	69.5027	3.498987	3.584535	1121.880	1655.518	-1.653	-0.0400	-2.387	-32.234	OK	44c8be367ca8a3918e67d3d2b62de9e0169cdee5	cargo run -p jxl-encoder --release --features 'parallel butteraugli-loop ssim2-loop' --example w44_170_cjxl_step025_sweep -- --image clic_0c49a5cc --effort 6 --distance-min 3.75 --distance-max 3.75 --distance-step 3.75 --strategy zenjxl --corpus-manifest benchmarks/corpora/w44_170_varied_corpus.tsv
clic_0c49a5cc	clic	1024	1024	zenjxl	6	4.0000	67335	68819	68.2277	68.3742	3.967818	4.088321	1670.192	1127.032	-2.156	-0.1465	-2.947	48.194	OK	44c8be367ca8a3918e67d3d2b62de9e0169cdee5	cargo run -p jxl-encoder --release --features 'parallel butteraugli-loop ssim2-loop' --example w44_170_cjxl_step025_sweep -- --image clic_0c49a5cc --effort 6 --distance-min 4 --distance-max 4 --distance-step 4 --strategy zenjxl --corpus-manifest benchmarks/corpora/w44_170_varied_corpus.tsv
clic_0c49a5cc	clic	1024	1024	zenjxl	6	4.2500	64017	65621	66.6173	67.1918	3.874311	4.074792	1944.132	1176.462	-2.444	-0.5745	-4.920	65.252	OK	44c8be367ca8a3918e67d3d2b62de9e0169cdee5	cargo run -p jxl-encoder --release --features 'parallel butteraugli-loop ssim2-loop' --example w44_170_cjxl_step025_sweep -- --image clic_0c49a5cc --effort 6 --distance-min 4.25 --distance-max 4.25 --distance-step 4.25 --strategy zenjxl --corpus-manifest benchmarks/corpora/w44_170_varied_corpus.tsv
clic_0c49a5cc	clic	1024	1024	zenjxl	6	4.5000	61223	62888	65.3898	65.8443	4.542521	4.152077	1794.712	1337.962	-2.648	-0.4544	9.404	34.138	OK	44c8be367ca8a3918e67d3d2b62de9e0169cdee5	cargo run -p jxl-encoder --release --features 'parallel butteraugli-loop ssim2-loop' --example w44_170_cjxl_step025_sweep -- --image clic_0c49a5cc --effort 6 --distance-min 4.5 --distance-max 4.5 --distance-step 4.5 --strategy zenjxl --corpus-manifest benchmarks/corpora/w44_170_varied_corpus.tsv
clic_0c49a5cc	clic	1024	1024	zenjxl	6	4.7500	57875	58942	64.1373	64.2212	4.133656	4.125792	1352.553	1060.716	-1.810	-0.0838	0.191	27.513	OK	44c8be367ca8a3918e67d3d2b62de9e0169cdee5	cargo run -p jxl-encoder --release --features 'parallel butteraugli-loop ssim2-loop' --example w44_170_cjxl_step025_sweep -- --image clic_0c49a5cc --effort 6 --distance-min 4.75 --distance-max 4.75 --distance-step 4.75 --strategy zenjxl --corpus-manifest benchmarks/corpora/w44_170_varied_corpus.tsv
clic_0c49a5cc	clic	1024	1024	zenjxl	6	5.0000	55495	56887	62.8514	63.0048	4.298377	4.349748	1576.062	1198.166	-2.447	-0.1534	-1.181	31.540	OK	44c8be367ca8a3918e67d3d2b62de9e0169cdee5	cargo run -p jxl-encoder --release --features 'parallel butteraugli-loop ssim2-loop' --example w44_170_cjxl_step025_sweep -- --image clic_0c49a5cc --effort 6 --distance-min 5 --distance-max 5 --distance-step 5 --strategy zenjxl --corpus-manifest benchmarks/corpora/w44_170_varied_corpus.tsv
clic_0c49a5cc	clic	1024	1024	zenjxl	7	0.2500	495331	499374	93.1451	93.2349	0.444331	0.448780	1710.173	979.235	-0.810	-0.0897	-0.991	74.644	OK	44c8be367ca8a3918e67d3d2b62de9e0169cdee5	cargo run -p jxl-encoder --release --features 'parallel butteraugli-loop ssim2-loop' --example w44_170_cjxl_step025_sweep -- --image clic_0c49a5cc --effort 7 --distance-min 0.25 --distance-max 0.25 --distance-step 0.25 --strategy zenjxl --corpus-manifest benchmarks/corpora/w44_170_varied_corpus.tsv
clic_0c49a5cc	clic	1024	1024	zenjxl	7	0.5000	313015	315608	91.0438	91.3493	0.798269	0.811516	1349.970	765.020	-0.822	-0.3055	-1.632	76.462	OK	44c8be367ca8a3918e67d3d2b62de9e0169cdee5	cargo run -p jxl-encoder --release --features 'parallel butteraugli-loop ssim2-loop' --example w44_170_cjxl_step025_sweep -- --image clic_0c49a5cc --effort 7 --distance-min 0.5 --distance-max 0.5 --distance-step 0.5 --strategy zenjxl --corpus-manifest benchmarks/corpora/w44_170_varied_corpus.tsv
clic_0c49a5cc	clic	1024	1024	zenjxl	7	0.7500	224946	227280	88.6812	89.4106	1.031234	1.059761	1935.987	1306.724	-1.027	-0.7294	-2.692	48.156	OK	44c8be367ca8a3918e67d3d2b62de9e0169cdee5	cargo run -p jxl-encoder --release --features 'parallel butteraugli-loop ssim2-loop' --example w44_170_cjxl_step025_sweep -- --image clic_0c49a5cc --effort 7 --distance-min 0.75 --distance-max 0.75 --distance-step 0.75 --strategy zenjxl --corpus-manifest benchmarks/corpora/w44_170_varied_corpus.tsv
clic_0c49a5cc	clic	1024	1024	zenjxl	7	1.0000	181677	183877	86.6771	87.5502	1.328933	1.309437	2043.898	1408.476	-1.196	-0.8731	1.489	45.114	OK	44c8be367ca8a3918e67d3d2b62de9e0169cdee5	cargo run -p jxl-encoder --release --features 'parallel butteraugli-loop ssim2-loop' --example w44_170_cjxl_step025_sweep -- --image clic_0c49a5cc --effort 7 --distance-min 1 --distance-max 1 --distance-step 1 --strategy zenjxl --corpus-manifest benchmarks/corpora/w44_170_varied_corpus.tsv
clic_0c49a5cc	clic	1024	1024	zenjxl	7	1.2500	155216	156483	85.1743	85.9087	1.546909	1.540077	1990.555	1284.067	-0.810	-0.7344	0.444	55.020	OK	44c8be367ca8a3918e67d3d2b62de9e0169cdee5	cargo run -p jxl-encoder --release --features 'parallel butteraugli-loop ssim2-loop' --example w44_170_cjxl_step025_sweep -- --image clic_0c49a5cc --effort 7 --distance-min 1.25 --distance-max 1.25 --distance-step 1.25 --strategy zenjxl --corpus-manifest benchmarks/corpora/w44_170_varied_corpus.tsv
clic_0c49a5cc	clic	1024	1024	zenjxl	7	1.5000	136472	137906	82.9407	84.1251	1.743440	1.779350	1996.572	1089.827	-1.040	-1.1844	-2.018	83.201	OK	44c8be367ca8a3918e67d3d2b62de9e0169cdee5	cargo run -p jxl-encoder --release --features 'parallel butteraugli-loop ssim2-loop' --example w44_170_cjxl_step025_sweep -- --image clic_0c49a5cc --effort 7 --distance-min 1.5 --distance-max 1.5 --distance-step 1.5 --strategy zenjxl --corpus-manifest benchmarks/corpora/w44_170_varied_corpus.tsv
clic_0c49a5cc	clic	1024	1024	zenjxl	7	1.7500	122285	124052	81.1619	82.4084	2.160561	2.158100	1971.468	1309.451	-1.424	-1.2465	0.114	50.557	OK	44c8be367ca8a3918e67d3d2b62de9e0169cdee5	cargo run -p jxl-encoder --release --features 'parallel butteraugli-loop ssim2-loop' --example w44_170_cjxl_step025_sweep -- --image clic_0c49a5cc --effort 7 --distance-min 1.75 --distance-max 1.75 --distance-step 1.75 --strategy zenjxl --corpus-manifest benchmarks/corpora/w44_170_varied_corpus.tsv
clic_0c49a5cc	clic	1024	1024	zenjxl	7	2.0000	111972	112679	79.7196	80.8322	2.450100	2.181651	1631.114	1178.563	-0.627	-1.1126	12.305	38.399	OK	44c8be367ca8a3918e67d3d2b62de9e0169cdee5	cargo run -p jxl-encoder --release --features 'parallel butteraugli-loop ssim2-loop' --example w44_170_cjxl_step025_sweep -- --image clic_0c49a5cc --effort 7 --distance-min 2 --distance-max 2 --distance-step 2 --strategy zenjxl --corpus-manifest benchmarks/corpora/w44_170_varied_corpus.tsv
clic_0c49a5cc	clic	1024	1024	zenjxl	7	2.2500	102062	103617	78.1240	79.3030	2.364810	2.275486	2012.573	1088.048	-1.501	-1.1790	3.925	84.971	OK	44c8be367ca8a3918e67d3d2b62de9e0169cdee5	cargo run -p jxl-encoder --release --features 'parallel butteraugli-loop ssim2-loop' --example w44_170_cjxl_step025_sweep -- --image clic_0c49a5cc --effort 7 --distance-min 2.25 --distance-max 2.25 --distance-step 2.25 --strategy zenjxl --corpus-manifest benchmarks/corpora/w44_170_varied_corpus.tsv
clic_0c49a5cc	clic	1024	1024	zenjxl	7	2.5000	93787	95629	76.4946	77.6501	2.716682	2.566226	1721.458	1104.918	-1.926	-1.1554	5.863	55.800	OK	44c8be367ca8a3918e67d3d2b62de9e0169cdee5	cargo run -p jxl-encoder --release --features 'parallel butteraugli-loop ssim2-loop' --example w44_170_cjxl_step025_sweep -- --image clic_0c49a5cc --effort 7 --distance-min 2.5 --distance-max 2.5 --distance-step 2.5 --strategy zenjxl --corpus-manifest benchmarks/corpora/w44_170_varied_corpus.tsv
clic_0c49a5cc	clic	1024	1024	zenjxl	7	2.7500	88550	90667	74.6734	76.2665	2.874835	2.882185	1670.108	1099.053	-2.335	-1.5931	-0.255	51.959	OK	44c8be367ca8a3918e67d3d2b62de9e0169cdee5	cargo run -p jxl-encoder --release --features 'parallel butteraugli-loop ssim2-loop' --example w44_170_cjxl_step025_sweep -- --image clic_0c49a5cc --effort 7 --distance-min 2.75 --distance-max 2.75 --distance-step 2.75 --strategy zenjxl --corpus-manifest benchmarks/corpora/w44_170_varied_corpus.tsv
clic_0c49a5cc	clic	1024	1024	zenjxl	7	3.0000	82793	83980	72.9913	74.6352	3.212971	3.209641	1772.303	1679.390	-1.413	-1.6440	0.104	5.533	OK	44c8be367ca8a3918e67d3d2b62de9e0169cdee5	cargo run -p jxl-encoder --release --features 'parallel butteraugli-loop ssim2-loop' --example w44_170_cjxl_step025_sweep -- --image clic_0c49a5cc --effort 7 --distance-min 3 --distance-max 3 --distance-step 3 --strategy zenjxl --corpus-manifest benchmarks/corpora/w44_170_varied_corpus.tsv
clic_0c49a5cc	clic	1024	1024	zenjxl	7	3.2500	77701	79007	72.2594	73.0652	3.646412	3.571823	1925.296	1360.867	-1.653	-0.8059	2.088	41.476	OK	44c8be367ca8a3918e67d3d2b62de9e0169cdee5	cargo run -p jxl-encoder --release --features 'parallel butteraugli-loop ssim2-loop' --example w44_170_cjxl_step025_sweep -- --image clic_0c49a5cc --effort 7 --distance-min 3.25 --distance-max 3.25 --distance-step 3.25 --strategy zenjxl --corpus-manifest benchmarks/corpora/w44_170_varied_corpus.tsv
clic_0c49a5cc	clic	1024	1024	zenjxl	7	3.5000	72998	74611	70.0792	71.5127	3.469593	3.452682	2229.274	1370.476	-2.162	-1.4335	0.490	62.664	OK	44c8be367ca8a3918e67d3d2b62de9e0169cdee5	cargo run -p jxl-encoder --release --features 'parallel butteraugli-loop ssim2-loop' --example w44_170_cjxl_step025_sweep -- --image clic_0c49a5cc --effort 7 --distance-min 3.5 --distance-max 3.5 --distance-step 3.5 --strategy zenjxl --corpus-manifest benchmarks/corpora/w44_170_varied_corpus.tsv
clic_0c49a5cc	clic	1024	1024	zenjxl	7	3.7500	69571	70747	69.0371	70.1422	3.532393	3.633251	1919.608	1847.430	-1.662	-1.1051	-2.776	3.907	OK	44c8be367ca8a3918e67d3d2b62de9e0169cdee5	cargo run -p jxl-encoder --release --features 'parallel butteraugli-loop ssim2-loop' --example w44_170_cjxl_step025_sweep -- --image clic_0c49a5cc --effort 7 --distance-min 3.75 --distance-max 3.75 --distance-step 3.75 --strategy zenjxl --corpus-manifest benchmarks/corpora/w44_170_varied_corpus.tsv
clic_0c49a5cc	clic	1024	1024	zenjxl	7	4.0000	66740	68010	68.0217	68.9340	3.969155	4.107460	2851.284	1827.425	-1.867	-0.9123	-3.367	56.027	OK	44c8be367ca8a3918e67d3d2b62de9e0169cdee5	cargo run -p jxl-encoder --release --features 'parallel butteraugli-loop ssim2-loop' --example w44_170_cjxl_step025_sweep -- --image clic_0c49a5cc --effort 7 --distance-min 4 --distance-max 4 --distance-step 4 --strategy zenjxl --corpus-manifest benchmarks/corpora/w44_170_varied_corpus.tsv
clic_0c49a5cc	clic	1024	1024	zenjxl	7	4.2500	63555	65104	66.1971	67.3566	3.859309	3.875515	2509.399	1946.660	-2.379	-1.1595	-0.418	28.908	OK	44c8be367ca8a3918e67d3d2b62de9e0169cdee5	cargo run -p jxl-encoder --release --features 'parallel butteraugli-loop ssim2-loop' --example w44_170_cjxl_step025_sweep -- --image clic_0c49a5cc --effort 7 --distance-min 4.25 --distance-max 4.25 --distance-step 4.25 --strategy zenjxl --corpus-manifest benchmarks/corpora/w44_170_varied_corpus.tsv
clic_0c49a5cc	clic	1024	1024	zenjxl	7	4.5000	60626	62410	64.5934	65.9202	4.553597	4.197709	2884.105	1709.289	-2.859	-1.3268	8.478	68.731	OK	44c8be367ca8a3918e67d3d2b62de9e0169cdee5	cargo run -p jxl-encoder --release --features 'parallel butteraugli-loop ssim2-loop' --example w44_170_cjxl_step025_sweep -- --image clic_0c49a5cc --effort 7 --distance-min 4.5 --distance-max 4.5 --distance-step 4.5 --strategy zenjxl --corpus-manifest benchmarks/corpora/w44_170_varied_corpus.tsv
clic_0c49a5cc	clic	1024	1024	zenjxl	7	4.7500	57408	58699	63.5222	64.4229	4.126481	4.367639	2262.799	1512.049	-2.199	-0.9008	-5.521	49.651	OK	44c8be367ca8a3918e67d3d2b62de9e0169cdee5	cargo run -p jxl-encoder --release --features 'parallel butteraugli-loop ssim2-loop' --example w44_170_cjxl_step025_sweep -- --image clic_0c49a5cc --effort 7 --distance-min 4.75 --distance-max 4.75 --distance-step 4.75 --strategy zenjxl --corpus-manifest benchmarks/corpora/w44_170_varied_corpus.tsv
clic_0c49a5cc	clic	1024	1024	zenjxl	7	5.0000	55091	56645	61.8592	63.1516	4.296626	4.429207	2315.545	1375.831	-2.743	-1.2925	-2.993	68.302	OK	44c8be367ca8a3918e67d3d2b62de9e0169cdee5	cargo run -p jxl-encoder --release --features 'parallel butteraugli-loop ssim2-loop' --example w44_170_cjxl_step025_sweep -- --image clic_0c49a5cc --effort 7 --distance-min 5 --distance-max 5 --distance-step 5 --strategy zenjxl --corpus-manifest benchmarks/corpora/w44_170_varied_corpus.tsv
clic_0c49a5cc	clic	1024	1024	zenjxl	8	0.2500	504583	499426	93.1373	93.2349	0.364649	0.448780	5701.693	1108.123	1.033	-0.0975	-18.747	414.536	OK	44c8be367ca8a3918e67d3d2b62de9e0169cdee5	cargo run -p jxl-encoder --release --features 'parallel butteraugli-loop ssim2-loop' --example w44_170_cjxl_step025_sweep -- --image clic_0c49a5cc --effort 8 --distance-min 0.25 --distance-max 0.25 --distance-step 0.25 --strategy zenjxl --corpus-manifest benchmarks/corpora/w44_170_varied_corpus.tsv
clic_0c49a5cc	clic	1024	1024	zenjxl	8	0.5000	309255	315941	91.1121	91.3493	0.647721	0.811516	6295.187	959.564	-2.116	-0.2372	-20.184	556.047	OK	44c8be367ca8a3918e67d3d2b62de9e0169cdee5	cargo run -p jxl-encoder --release --features 'parallel butteraugli-loop ssim2-loop' --example w44_170_cjxl_step025_sweep -- --image clic_0c49a5cc --effort 8 --distance-min 0.5 --distance-max 0.5 --distance-step 0.5 --strategy zenjxl --corpus-manifest benchmarks/corpora/w44_170_varied_corpus.tsv
clic_0c49a5cc	clic	1024	1024	zenjxl	8	0.7500	219369	221564	88.7712	89.4337	0.950747	0.988097	7096.856	5561.250	-0.991	-0.6625	-3.780	27.613	OK	44c8be367ca8a3918e67d3d2b62de9e0169cdee5	cargo run -p jxl-encoder --release --features 'parallel butteraugli-loop ssim2-loop' --example w44_170_cjxl_step025_sweep -- --image clic_0c49a5cc --effort 8 --distance-min 0.75 --distance-max 0.75 --distance-step 0.75 --strategy zenjxl --corpus-manifest benchmarks/corpora/w44_170_varied_corpus.tsv
clic_0c49a5cc	clic	1024	1024	zenjxl	8	1.0000	175578	176303	86.7201	87.3587	1.208634	1.173274	7437.969	5480.592	-0.411	-0.6386	3.014	35.715	OK	44c8be367ca8a3918e67d3d2b62de9e0169cdee5	cargo run -p jxl-encoder --release --features 'parallel butteraugli-loop ssim2-loop' --example w44_170_cjxl_step025_sweep -- --image clic_0c49a5cc --effort 8 --distance-min 1 --distance-max 1 --distance-step 1 --strategy zenjxl --corpus-manifest benchmarks/corpora/w44_170_varied_corpus.tsv
clic_0c49a5cc	clic	1024	1024	zenjxl	8	1.2500	147704	148776	84.7605	85.4910	1.431540	1.453886	7152.894	6085.442	-0.721	-0.7305	-1.537	17.541	OK	44c8be367ca8a3918e67d3d2b62de9e0169cdee5	cargo run -p jxl-encoder --release --features 'parallel butteraugli-loop ssim2-loop' --example w44_170_cjxl_step025_sweep -- --image clic_0c49a5cc --effort 8 --distance-min 1.25 --distance-max 1.25 --distance-step 1.25 --strategy zenjxl --corpus-manifest benchmarks/corpora/w44_170_varied_corpus.tsv
clic_0c49a5cc	clic	1024	1024	zenjxl	8	1.5000	129780	130629	82.8522	83.7555	1.746637	1.750774	7812.253	6610.736	-0.650	-0.9033	-0.236	18.175	OK	44c8be367ca8a3918e67d3d2b62de9e0169cdee5	cargo run -p jxl-encoder --release --features 'parallel butteraugli-loop ssim2-loop' --example w44_170_cjxl_step025_sweep -- --image clic_0c49a5cc --effort 8 --distance-min 1.5 --distance-max 1.5 --distance-step 1.5 --strategy zenjxl --corpus-manifest benchmarks/corpora/w44_170_varied_corpus.tsv
clic_0c49a5cc	clic	1024	1024	zenjxl	8	1.7500	114611	116005	80.7830	82.0129	1.940820	1.998074	7386.883	6010.871	-1.202	-1.2299	-2.865	22.892	OK	44c8be367ca8a3918e67d3d2b62de9e0169cdee5	cargo run -p jxl-encoder --release --features 'parallel butteraugli-loop ssim2-loop' --example w44_170_cjxl_step025_sweep -- --image clic_0c49a5cc --effort 8 --distance-min 1.75 --distance-max 1.75 --distance-step 1.75 --strategy zenjxl --corpus-manifest benchmarks/corpora/w44_170_varied_corpus.tsv
clic_0c49a5cc	clic	1024	1024	zenjxl	8	2.0000	103370	105012	79.1494	80.1774	2.158961	2.199076	6537.736	6645.953	-1.564	-1.0280	-1.824	-1.628	OK	44c8be367ca8a3918e67d3d2b62de9e0169cdee5	cargo run -p jxl-encoder --release --features 'parallel butteraugli-loop ssim2-loop' --example w44_170_cjxl_step025_sweep -- --image clic_0c49a5cc --effort 8 --distance-min 2 --distance-max 2 --distance-step 2 --strategy zenjxl --corpus-manifest benchmarks/corpora/w44_170_varied_corpus.tsv
clic_0c49a5cc	clic	1024	1024	zenjxl	8	2.2500	93950	95656	77.1315	78.3502	2.228880	2.255316	6774.081	6302.800	-1.783	-1.2187	-1.172	7.477	OK	44c8be367ca8a3918e67d3d2b62de9e0169cdee5	cargo run -p jxl-encoder --release --features 'parallel butteraugli-loop ssim2-loop' --example w44_170_cjxl_step025_sweep -- --image clic_0c49a5cc --effort 8 --distance-min 2.25 --distance-max 2.25 --distance-step 2.25 --strategy zenjxl --corpus-manifest benchmarks/corpora/w44_170_varied_corpus.tsv
clic_0c49a5cc	clic	1024	1024	zenjxl	8	2.5000	86377	88376	75.2765	76.5962	2.664991	2.627177	6046.360	5568.062	-2.262	-1.3197	1.439	8.590	OK	44c8be367ca8a3918e67d3d2b62de9e0169cdee5	cargo run -p jxl-encoder --release --features 'parallel butteraugli-loop ssim2-loop' --example w44_170_cjxl_step025_sweep -- --image clic_0c49a5cc --effort 8 --distance-min 2.5 --distance-max 2.5 --distance-step 2.5 --strategy zenjxl --corpus-manifest benchmarks/corpora/w44_170_varied_corpus.tsv
clic_0c49a5cc	clic	1024	1024	zenjxl	8	2.7500	80889	82767	73.4292	74.7734	3.147827	3.126661	6261.518	5381.190	-2.269	-1.3441	0.677	16.359	OK	44c8be367ca8a3918e67d3d2b62de9e0169cdee5	cargo run -p jxl-encoder --release --features 'parallel butteraugli-loop ssim2-loop' --example w44_170_cjxl_step025_sweep -- --image clic_0c49a5cc --effort 8 --distance-min 2.75 --distance-max 2.75 --distance-step 2.75 --strategy zenjxl --corpus-manifest benchmarks/corpora/w44_170_varied_corpus.tsv
clic_0c49a5cc	clic	1024	1024	zenjxl	8	3.0000	75246	78006	71.5091	73.0007	3.352149	3.216699	5792.746	5904.059	-3.538	-1.4916	4.211	-1.885	OK	44c8be367ca8a3918e67d3d2b62de9e0169cdee5	cargo run -p jxl-encoder --release --features 'parallel butteraugli-loop ssim2-loop' --example w44_170_cjxl_step025_sweep -- --image clic_0c49a5cc --effort 8 --distance-min 3 --distance-max 3 --distance-step 3 --strategy zenjxl --corpus-manifest benchmarks/corpora/w44_170_varied_corpus.tsv
clic_0c49a5cc	clic	1024	1024	zenjxl	8	3.2500	70393	72907	70.4389	71.0834	3.537268	3.554114	6727.700	6017.802	-3.448	-0.6445	-0.474	11.797	OK	44c8be367ca8a3918e67d3d2b62de9e0169cdee5	cargo run -p jxl-encoder --release --features 'parallel butteraugli-loop ssim2-loop' --example w44_170_cjxl_step025_sweep -- --image clic_0c49a5cc --effort 8 --distance-min 3.25 --distance-max 3.25 --distance-step 3.25 --strategy zenjxl --corpus-manifest benchmarks/corpora/w44_170_varied_corpus.tsv
clic_0c49a5cc	clic	1024	1024	zenjxl	8	3.5000	65708	68498	68.1085	69.4324	3.668277	3.756414	7576.851	5160.069	-4.073	-1.3240	-2.346	46.836	OK	44c8be367ca8a3918e67d3d2b62de9e0169cdee5	cargo run -p jxl-encoder --release --features 'parallel butteraugli-loop ssim2-loop' --example w44_170_cjxl_step025_sweep -- --image clic_0c49a5cc --effort 8 --distance-min 3.5 --distance-max 3.5 --distance-step 3.5 --strategy zenjxl --corpus-manifest benchmarks/corpora/w44_170_varied_corpus.tsv
clic_0c49a5cc	clic	1024	1024	zenjxl	8	3.7500	62387	64917	66.6589	67.7341	3.924167	3.854112	7154.427	6182.150	-3.897	-1.0752	1.818	15.727	OK	44c8be367ca8a3918e67d3d2b62de9e0169cdee5	cargo run -p jxl-encoder --release --features 'parallel butteraugli-loop ssim2-loop' --example w44_170_cjxl_step025_sweep -- --image clic_0c49a5cc --effort 8 --distance-min 3.75 --distance-max 3.75 --distance-step 3.75 --strategy zenjxl --corpus-manifest benchmarks/corpora/w44_170_varied_corpus.tsv
clic_0c49a5cc	clic	1024	1024	zenjxl	8	4.0000	59449	62096	65.5135	66.3807	4.387203	4.140409	8760.582	6418.279	-4.263	-0.8672	5.961	36.494	OK	44c8be367ca8a3918e67d3d2b62de9e0169cdee5	cargo run -p jxl-encoder --release --features 'parallel butteraugli-loop ssim2-loop' --example w44_170_cjxl_step025_sweep -- --image clic_0c49a5cc --effort 8 --distance-min 4 --distance-max 4 --distance-step 4 --strategy zenjxl --corpus-manifest benchmarks/corpora/w44_170_varied_corpus.tsv
clic_0c49a5cc	clic	1024	1024	zenjxl	8	4.2500	56283	59190	63.5457	64.7831	4.456171	4.205812	9156.553	6392.682	-4.911	-1.2374	5.953	43.235	OK	44c8be367ca8a3918e67d3d2b62de9e0169cdee5	cargo run -p jxl-encoder --release --features 'parallel butteraugli-loop ssim2-loop' --example w44_170_cjxl_step025_sweep -- --image clic_0c49a5cc --effort 8 --distance-min 4.25 --distance-max 4.25 --distance-step 4.25 --strategy zenjxl --corpus-manifest benchmarks/corpora/w44_170_varied_corpus.tsv
clic_0c49a5cc	clic	1024	1024	zenjxl	8	4.5000	53735	56621	61.8710	62.8147	4.307610	4.714940	9027.526	6688.344	-5.097	-0.9437	-8.639	34.974	OK	44c8be367ca8a3918e67d3d2b62de9e0169cdee5	cargo run -p jxl-encoder --release --features 'parallel butteraugli-loop ssim2-loop' --example w44_170_cjxl_step025_sweep -- --image clic_0c49a5cc --effort 8 --distance-min 4.5 --distance-max 4.5 --distance-step 4.5 --strategy zenjxl --corpus-manifest benchmarks/corpora/w44_170_varied_corpus.tsv
clic_0c49a5cc	clic	1024	1024	zenjxl	8	4.7500	50791	53419	61.0686	62.0355	4.279315	4.310117	8615.346	5733.750	-4.920	-0.9670	-0.715	50.257	OK	44c8be367ca8a3918e67d3d2b62de9e0169cdee5	cargo run -p jxl-encoder --release --features 'parallel butteraugli-loop ssim2-loop' --example w44_170_cjxl_step025_sweep -- --image clic_0c49a5cc --effort 8 --distance-min 4.75 --distance-max 4.75 --distance-step 4.75 --strategy zenjxl --corpus-manifest benchmarks/corpora/w44_170_varied_corpus.tsv
clic_0c49a5cc	clic	1024	1024	zenjxl	8	5.0000	48494	51170	59.1534	60.2878	4.658718	4.758442	8344.607	5627.540	-5.230	-1.1344	-2.096	48.282	OK	44c8be367ca8a3918e67d3d2b62de9e0169cdee5	cargo run -p jxl-encoder --release --features 'parallel butteraugli-loop ssim2-loop' --example w44_170_cjxl_step025_sweep -- --image clic_0c49a5cc --effort 8 --distance-min 5 --distance-max 5 --distance-step 5 --strategy zenjxl --corpus-manifest benchmarks/corpora/w44_170_varied_corpus.tsv
clic_0c49a5cc	clic	1024	1024	zenjxl	9	0.2500	511441	499259	93.2367	93.2349	0.320741	0.448780	24218.199	966.654	2.440	0.0018	-28.531	2405.363	OK	44c8be367ca8a3918e67d3d2b62de9e0169cdee5	cargo run -p jxl-encoder --release --features 'parallel butteraugli-loop ssim2-loop' --example w44_170_cjxl_step025_sweep -- --image clic_0c49a5cc --effort 9 --distance-min 0.25 --distance-max 0.25 --distance-step 0.25 --strategy zenjxl --corpus-manifest benchmarks/corpora/w44_170_varied_corpus.tsv
clic_0c49a5cc	clic	1024	1024	zenjxl	9	0.5000	312013	315788	91.1288	91.3493	0.605335	0.811516	16896.897	961.755	-1.195	-0.2205	-25.407	1656.881	OK	44c8be367ca8a3918e67d3d2b62de9e0169cdee5	cargo run -p jxl-encoder --release --features 'parallel butteraugli-loop ssim2-loop' --example w44_170_cjxl_step025_sweep -- --image clic_0c49a5cc --effort 9 --distance-min 0.5 --distance-max 0.5 --distance-step 0.5 --strategy zenjxl --corpus-manifest benchmarks/corpora/w44_170_varied_corpus.tsv
clic_0c49a5cc	clic	1024	1024	zenjxl	9	0.7500	221242	221615	88.7223	89.4340	0.928752	1.049108	15462.473	8858.447	-0.168	-0.7117	-11.472	74.551	OK	44c8be367ca8a3918e67d3d2b62de9e0169cdee5	cargo run -p jxl-encoder --release --features 'parallel butteraugli-loop ssim2-loop' --example w44_170_cjxl_step025_sweep -- --image clic_0c49a5cc --effort 9 --distance-min 0.75 --distance-max 0.75 --distance-step 0.75 --strategy zenjxl --corpus-manifest benchmarks/corpora/w44_170_varied_corpus.tsv
clic_0c49a5cc	clic	1024	1024	zenjxl	9	1.0000	176911	176079	86.7516	87.4631	1.181937	1.194782	12896.842	10161.011	0.473	-0.7114	-1.075	26.925	OK	44c8be367ca8a3918e67d3d2b62de9e0169cdee5	cargo run -p jxl-encoder --release --features 'parallel butteraugli-loop ssim2-loop' --example w44_170_cjxl_step025_sweep -- --image clic_0c49a5cc --effort 9 --distance-min 1 --distance-max 1 --distance-step 1 --strategy zenjxl --corpus-manifest benchmarks/corpora/w44_170_varied_corpus.tsv
clic_0c49a5cc	clic	1024	1024	zenjxl	9	1.2500	148615	148520	84.7747	85.4942	1.406845	1.411330	12506.392	8493.891	0.064	-0.7195	-0.318	47.240	OK	44c8be367ca8a3918e67d3d2b62de9e0169cdee5	cargo run -p jxl-encoder --release --features 'parallel butteraugli-loop ssim2-loop' --example w44_170_cjxl_step025_sweep -- --image clic_0c49a5cc --effort 9 --distance-min 1.25 --distance-max 1.25 --distance-step 1.25 --strategy zenjxl --corpus-manifest benchmarks/corpora/w44_170_varied_corpus.tsv
clic_0c49a5cc	clic	1024	1024	zenjxl	9	1.5000	130879	130296	82.8250	83.7477	1.746637	1.750774	12007.125	8044.656	0.447	-0.9227	-0.236	49.256	OK	44c8be367ca8a3918e67d3d2b62de9e0169cdee5	cargo run -p jxl-encoder --release --features 'parallel butteraugli-loop ssim2-loop' --example w44_170_cjxl_step025_sweep -- --image clic_0c49a5cc --effort 9 --distance-min 1.5 --distance-max 1.5 --distance-step 1.5 --strategy zenjxl --corpus-manifest benchmarks/corpora/w44_170_varied_corpus.tsv
clic_0c49a5cc	clic	1024	1024	zenjxl	9	1.7500	115731	115753	80.7860	82.0235	1.898651	1.897640	12507.038	8979.670	-0.019	-1.2375	0.053	39.282	OK	44c8be367ca8a3918e67d3d2b62de9e0169cdee5	cargo run -p jxl-encoder --release --features 'parallel butteraugli-loop ssim2-loop' --example w44_170_cjxl_step025_sweep -- --image clic_0c49a5cc --effort 9 --distance-min 1.75 --distance-max 1.75 --distance-step 1.75 --strategy zenjxl --corpus-manifest benchmarks/corpora/w44_170_varied_corpus.tsv
clic_0c49a5cc	clic	1024	1024	zenjxl	9	2.0000	104104	104692	79.1494	80.1774	2.158961	2.199076	11446.113	8092.288	-0.562	-1.0280	-1.824	41.445	OK	44c8be367ca8a3918e67d3d2b62de9e0169cdee5	cargo run -p jxl-encoder --release --features 'parallel butteraugli-loop ssim2-loop' --example w44_170_cjxl_step025_sweep -- --image clic_0c49a5cc --effort 9 --distance-min 2 --distance-max 2 --distance-step 2 --strategy zenjxl --corpus-manifest benchmarks/corpora/w44_170_varied_corpus.tsv
clic_0c49a5cc	clic	1024	1024	zenjxl	9	2.2500	94590	95433	77.1304	78.3378	2.228880	2.255316	12748.578	9962.248	-0.883	-1.2074	-1.172	27.969	OK	44c8be367ca8a3918e67d3d2b62de9e0169cdee5	cargo run -p jxl-encoder --release --features 'parallel butteraugli-loop ssim2-loop' --example w44_170_cjxl_step025_sweep -- --image clic_0c49a5cc --effort 9 --distance-min 2.25 --distance-max 2.25 --distance-step 2.25 --strategy zenjxl --corpus-manifest benchmarks/corpora/w44_170_varied_corpus.tsv
clic_0c49a5cc	clic	1024	1024	zenjxl	9	2.5000	87075	88150	75.2805	76.5973	2.664991	2.627177	12406.990	7391.038	-1.220	-1.3168	1.439	67.865	OK	44c8be367ca8a3918e67d3d2b62de9e0169cdee5	cargo run -p jxl-encoder --release --features 'parallel butteraugli-loop ssim2-loop' --example w44_170_cjxl_step025_sweep -- --image clic_0c49a5cc --effort 9 --distance-min 2.5 --distance-max 2.5 --distance-step 2.5 --strategy zenjxl --corpus-manifest benchmarks/corpora/w44_170_varied_corpus.tsv
clic_0c49a5cc	clic	1024	1024	zenjxl	9	2.7500	81293	82467	73.4292	74.7734	3.147827	3.126661	13051.657	8020.029	-1.424	-1.3441	0.677	62.738	OK	44c8be367ca8a3918e67d3d2b62de9e0169cdee5	cargo run -p jxl-encoder --release --features 'parallel butteraugli-loop ssim2-loop' --example w44_170_cjxl_step025_sweep -- --image clic_0c49a5cc --effort 9 --distance-min 2.75 --distance-max 2.75 --distance-step 2.75 --strategy zenjxl --corpus-manifest benchmarks/corpora/w44_170_varied_corpus.tsv
clic_0c49a5cc	clic	1024	1024	zenjxl	9	3.0000	75686	78206	71.5164	73.0051	3.215948	3.216704	11526.630	7726.775	-3.222	-1.4887	-0.023	49.178	OK	44c8be367ca8a3918e67d3d2b62de9e0169cdee5	cargo run -p jxl-encoder --release --features 'parallel butteraugli-loop ssim2-loop' --example w44_170_cjxl_step025_sweep -- --image clic_0c49a5cc --effort 9 --distance-min 3 --distance-max 3 --distance-step 3 --strategy zenjxl --corpus-manifest benchmarks/corpora/w44_170_varied_corpus.tsv
clic_0c49a5cc	clic	1024	1024	zenjxl	9	3.2500	70652	73071	70.4442	71.0814	3.537268	3.554114	11138.234	8573.109	-3.310	-0.6372	-0.474	29.921	OK	44c8be367ca8a3918e67d3d2b62de9e0169cdee5	cargo run -p jxl-encoder --release --features 'parallel butteraugli-loop ssim2-loop' --example w44_170_cjxl_step025_sweep -- --image clic_0c49a5cc --effort 9 --distance-min 3.25 --distance-max 3.25 --distance-step 3.25 --strategy zenjxl --corpus-manifest benchmarks/corpora/w44_170_varied_corpus.tsv
clic_0c49a5cc	clic	1024	1024	zenjxl	9	3.5000	66317	68670	68.1085	69.4190	3.668277	3.756590	9805.533	7512.504	-3.427	-1.3105	-2.351	30.523	OK	44c8be367ca8a3918e67d3d2b62de9e0169cdee5	cargo run -p jxl-encoder --release --features 'parallel butteraugli-loop ssim2-loop' --example w44_170_cjxl_step025_sweep -- --image clic_0c49a5cc --effort 9 --distance-min 3.5 --distance-max 3.5 --distance-step 3.5 --strategy zenjxl --corpus-manifest benchmarks/corpora/w44_170_varied_corpus.tsv
clic_0c49a5cc	clic	1024	1024	zenjxl	9	3.7500	62809	64955	66.6589	67.7301	3.924167	3.856299	13887.935	7486.446	-3.304	-1.0712	1.760	85.508	OK	44c8be367ca8a3918e67d3d2b62de9e0169cdee5	cargo run -p jxl-encoder --release --features 'parallel butteraugli-loop ssim2-loop' --example w44_170_cjxl_step025_sweep -- --image clic_0c49a5cc --effort 9 --distance-min 3.75 --distance-max 3.75 --distance-step 3.75 --strategy zenjxl --corpus-manifest benchmarks/corpora/w44_170_varied_corpus.tsv
clic_0c49a5cc	clic	1024	1024	zenjxl	9	4.0000	59826	62299	65.5135	66.3862	4.387203	4.140409	16856.446	7643.918	-3.970	-0.8728	5.961	120.521	OK	44c8be367ca8a3918e67d3d2b62de9e0169cdee5	cargo run -p jxl-encoder --release --features 'parallel butteraugli-loop ssim2-loop' --example w44_170_cjxl_step025_sweep -- --image clic_0c49a5cc --effort 9 --distance-min 4 --distance-max 4 --distance-step 4 --strategy zenjxl --corpus-manifest benchmarks/corpora/w44_170_varied_corpus.tsv
clic_0c49a5cc	clic	1024	1024	zenjxl	9	4.2500	56697	59236	63.5457	64.7842	4.456171	4.205812	17751.647	8692.098	-4.286	-1.2385	5.953	104.227	OK	44c8be367ca8a3918e67d3d2b62de9e0169cdee5	cargo run -p jxl-encoder --release --features 'parallel butteraugli-loop ssim2-loop' --example w44_170_cjxl_step025_sweep -- --image clic_0c49a5cc --effort 9 --distance-min 4.25 --distance-max 4.25 --distance-step 4.25 --strategy zenjxl --corpus-manifest benchmarks/corpora/w44_170_varied_corpus.tsv
clic_0c49a5cc	clic	1024	1024	zenjxl	9	4.5000	54099	56810	61.8710	62.8193	4.307610	4.714940	14329.718	8612.868	-4.772	-0.9483	-8.639	66.376	OK	44c8be367ca8a3918e67d3d2b62de9e0169cdee5	cargo run -p jxl-encoder --release --features 'parallel butteraugli-loop ssim2-loop' --example w44_170_cjxl_step025_sweep -- --image clic_0c49a5cc --effort 9 --distance-min 4.5 --distance-max 4.5 --distance-step 4.5 --strategy zenjxl --corpus-manifest benchmarks/corpora/w44_170_varied_corpus.tsv
clic_0c49a5cc	clic	1024	1024	zenjxl	9	4.7500	51150	53364	61.0686	62.0431	4.279315	4.310117	11279.219	7461.366	-4.149	-0.9745	-0.715	51.168	OK	44c8be367ca8a3918e67d3d2b62de9e0169cdee5	cargo run -p jxl-encoder --release --features 'parallel butteraugli-loop ssim2-loop' --example w44_170_cjxl_step025_sweep -- --image clic_0c49a5cc --effort 9 --distance-min 4.75 --distance-max 4.75 --distance-step 4.75 --strategy zenjxl --corpus-manifest benchmarks/corpora/w44_170_varied_corpus.tsv
clic_0c49a5cc	clic	1024	1024	zenjxl	9	5.0000	48738	51165	59.1534	60.2928	4.658718	4.758442	12462.167	8038.546	-4.743	-1.1395	-2.096	55.030	OK	44c8be367ca8a3918e67d3d2b62de9e0169cdee5	cargo run -p jxl-encoder --release --features 'parallel butteraugli-loop ssim2-loop' --example w44_170_cjxl_step025_sweep -- --image clic_0c49a5cc --effort 9 --distance-min 5 --distance-max 5 --distance-step 5 --strategy zenjxl --corpus-manifest benchmarks/corpora/w44_170_varied_corpus.tsv
codec_wiki	screenshot	2560	1664	zenjxl	5	0.2500	141311	183555	93.7015	93.7025	0.268256	0.417816	5114.253	1455.995	-23.014	-0.0010	-35.796	251.255	OK	44c8be367ca8a3918e67d3d2b62de9e0169cdee5	cargo run -p jxl-encoder --release --features 'parallel butteraugli-loop ssim2-loop' --example w44_170_cjxl_step025_sweep -- --image codec_wiki --effort 5 --distance-min 0.25 --distance-max 0.25 --distance-step 0.25 --strategy zenjxl --corpus-manifest benchmarks/corpora/w44_170_varied_corpus.tsv
codec_wiki	screenshot	2560	1664	zenjxl	5	0.5000	113439	146716	92.7946	92.6940	0.593057	0.852705	3383.087	1861.102	-22.681	0.1005	-30.450	81.779	OK	44c8be367ca8a3918e67d3d2b62de9e0169cdee5	cargo run -p jxl-encoder --release --features 'parallel butteraugli-loop ssim2-loop' --example w44_170_cjxl_step025_sweep -- --image codec_wiki --effort 5 --distance-min 0.5 --distance-max 0.5 --distance-step 0.5 --strategy zenjxl --corpus-manifest benchmarks/corpora/w44_170_varied_corpus.tsv
codec_wiki	screenshot	2560	1664	zenjxl	5	0.7500	112848	146768	91.1781	91.8640	0.918932	1.156292	3121.507	2040.570	-23.111	-0.6859	-20.528	52.972	OK	44c8be367ca8a3918e67d3d2b62de9e0169cdee5	cargo run -p jxl-encoder --release --features 'parallel butteraugli-loop ssim2-loop' --example w44_170_cjxl_step025_sweep -- --image codec_wiki --effort 5 --distance-min 0.75 --distance-max 0.75 --distance-step 0.75 --strategy zenjxl --corpus-manifest benchmarks/corpora/w44_170_varied_corpus.tsv
codec_wiki	screenshot	2560	1664	zenjxl	5	1.0000	101408	131602	90.5302	91.1645	1.020177	1.367672	3481.819	1914.922	-22.943	-0.6343	-25.408	81.826	OK	44c8be367ca8a3918e67d3d2b62de9e0169cdee5	cargo run -p jxl-encoder --release --features 'parallel butteraugli-loop ssim2-loop' --example w44_170_cjxl_step025_sweep -- --image codec_wiki --effort 5 --distance-min 1 --distance-max 1 --distance-step 1 --strategy zenjxl --corpus-manifest benchmarks/corpora/w44_170_varied_corpus.tsv
codec_wiki	screenshot	2560	1664	zenjxl	5	1.2500	93516	120723	90.4095	90.4221	1.373220	1.396623	3407.440	2011.244	-22.537	-0.0126	-1.676	69.420	OK	44c8be367ca8a3918e67d3d2b62de9e0169cdee5	cargo run -p jxl-encoder --release --features 'parallel butteraugli-loop ssim2-loop' --example w44_170_cjxl_step025_sweep -- --image codec_wiki --effort 5 --distance-min 1.25 --distance-max 1.25 --distance-step 1.25 --strategy zenjxl --corpus-manifest benchmarks/corpora/w44_170_varied_corpus.tsv
codec_wiki	screenshot	2560	1664	zenjxl	5	1.5000	89947	112507	89.9739	89.5016	1.435949	1.386107	3549.660	2262.898	-20.052	0.4723	3.596	56.863	OK	44c8be367ca8a3918e67d3d2b62de9e0169cdee5	cargo run -p jxl-encoder --release --features 'parallel butteraugli-loop ssim2-loop' --example w44_170_cjxl_step025_sweep -- --image codec_wiki --effort 5 --distance-min 1.5 --distance-max 1.5 --distance-step 1.5 --strategy zenjxl --corpus-manifest benchmarks/corpora/w44_170_varied_corpus.tsv
codec_wiki	screenshot	2560	1664	zenjxl	5	1.7500	84879	106319	88.3299	88.7038	1.434605	1.474474	3609.909	2101.830	-20.166	-0.3739	-2.704	71.751	OK	44c8be367ca8a3918e67d3d2b62de9e0169cdee5	cargo run -p jxl-encoder --release --features 'parallel butteraugli-loop ssim2-loop' --example w44_170_cjxl_step025_sweep -- --image codec_wiki --effort 5 --distance-min 1.75 --distance-max 1.75 --distance-step 1.75 --strategy zenjxl --corpus-manifest benchmarks/corpora/w44_170_varied_corpus.tsv
codec_wiki	screenshot	2560	1664	zenjxl	5	2.0000	80804	100135	87.2950	87.9478	1.880716	1.906564	3340.070	2167.834	-19.305	-0.6527	-1.356	54.074	OK	44c8be367ca8a3918e67d3d2b62de9e0169cdee5	cargo run -p jxl-encoder --release --features 'parallel butteraugli-loop ssim2-loop' --example w44_170_cjxl_step025_sweep -- --image codec_wiki --effort 5 --distance-min 2 --distance-max 2 --distance-step 2 --strategy zenjxl --corpus-manifest benchmarks/corpora/w44_170_varied_corpus.tsv
codec_wiki	screenshot	2560	1664	zenjxl	5	2.2500	76429	96844	86.8051	87.6762	1.929730	1.843454	3608.284	2198.661	-21.080	-0.8711	4.680	64.113	OK	44c8be367ca8a3918e67d3d2b62de9e0169cdee5	cargo run -p jxl-encoder --release --features 'parallel butteraugli-loop ssim2-loop' --example w44_170_cjxl_step025_sweep -- --image codec_wiki --effort 5 --distance-min 2.25 --distance-max 2.25 --distance-step 2.25 --strategy zenjxl --corpus-manifest benchmarks/corpora/w44_170_varied_corpus.tsv
codec_wiki	screenshot	2560	1664	zenjxl	5	2.5000	73778	91924	86.8200	86.7607	2.200667	2.261159	3391.066	2097.351	-19.740	0.0593	-2.675	61.683	OK	44c8be367ca8a3918e67d3d2b62de9e0169cdee5	cargo run -p jxl-encoder --release --features 'parallel butteraugli-loop ssim2-loop' --example w44_170_cjxl_step025_sweep -- --image codec_wiki --effort 5 --distance-min 2.5 --distance-max 2.5 --distance-step 2.5 --strategy zenjxl --corpus-manifest benchmarks/corpora/w44_170_varied_corpus.tsv
codec_wiki	screenshot	2560	1664	zenjxl	5	2.7500	71357	88983	85.1318	86.1403	3.110817	2.335597	3303.474	1948.183	-19.808	-1.0084	33.192	69.567	OK	44c8be367ca8a3918e67d3d2b62de9e0169cdee5	cargo run -p jxl-encoder --release --features 'parallel butteraugli-loop ssim2-loop' --example w44_170_cjxl_step025_sweep -- --image codec_wiki --effort 5 --distance-min 2.75 --distance-max 2.75 --distance-step 2.75 --strategy zenjxl --corpus-manifest benchmarks/corpora/w44_170_varied_corpus.tsv
codec_wiki	screenshot	2560	1664	zenjxl	5	3.0000	69286	85177	83.8179	85.7781	2.334760	2.397897	2945.246	2006.724	-18.656	-1.9602	-2.633	46.769	OK	44c8be367ca8a3918e67d3d2b62de9e0169cdee5	cargo run -p jxl-encoder --release --features 'parallel butteraugli-loop ssim2-loop' --example w44_170_cjxl_step025_sweep -- --image codec_wiki --effort 5 --distance-min 3 --distance-max 3 --distance-step 3 --strategy zenjxl --corpus-manifest benchmarks/corpora/w44_170_varied_corpus.tsv
codec_wiki	screenshot	2560	1664	zenjxl	5	3.2500	67602	82142	84.5936	84.8028	2.787166	2.705086	3631.654	1828.663	-17.701	-0.2093	3.034	98.596	OK	44c8be367ca8a3918e67d3d2b62de9e0169cdee5	cargo run -p jxl-encoder --release --features 'parallel butteraugli-loop ssim2-loop' --example w44_170_cjxl_step025_sweep -- --image codec_wiki --effort 5 --distance-min 3.25 --distance-max 3.25 --distance-step 3.25 --strategy zenjxl --corpus-manifest benchmarks/corpora/w44_170_varied_corpus.tsv
codec_wiki	screenshot	2560	1664	zenjxl	5	3.5000	83377	78212	85.0656	85.0097	2.844463	3.262607	4008.405	2005.892	6.604	0.0559	-12.816	99.832	OK	44c8be367ca8a3918e67d3d2b62de9e0169cdee5	cargo run -p jxl-encoder --release --features 'parallel butteraugli-loop ssim2-loop' --example w44_170_cjxl_step025_sweep -- --image codec_wiki --effort 5 --distance-min 3.5 --distance-max 3.5 --distance-step 3.5 --strategy zenjxl --corpus-manifest benchmarks/corpora/w44_170_varied_corpus.tsv
codec_wiki	screenshot	2560	1664	zenjxl	5	3.7500	76640	76843	84.5723	83.7638	2.791103	3.243593	3260.269	1884.160	-0.264	0.8084	-13.950	73.036	OK	44c8be367ca8a3918e67d3d2b62de9e0169cdee5	cargo run -p jxl-encoder --release --features 'parallel butteraugli-loop ssim2-loop' --example w44_170_cjxl_step025_sweep -- --image codec_wiki --effort 5 --distance-min 3.75 --distance-max 3.75 --distance-step 3.75 --strategy zenjxl --corpus-manifest benchmarks/corpora/w44_170_varied_corpus.tsv
codec_wiki	screenshot	2560	1664	zenjxl	5	4.0000	74641	72551	84.5446	84.3697	3.212569	3.504391	3322.142	2303.841	2.881	0.1750	-8.327	44.200	OK	44c8be367ca8a3918e67d3d2b62de9e0169cdee5	cargo run -p jxl-encoder --release --features 'parallel butteraugli-loop ssim2-loop' --example w44_170_cjxl_step025_sweep -- --image codec_wiki --effort 5 --distance-min 4 --distance-max 4 --distance-step 4 --strategy zenjxl --corpus-manifest benchmarks/corpora/w44_170_varied_corpus.tsv
codec_wiki	screenshot	2560	1664	zenjxl	5	4.2500	72190	70330	83.8233	83.7057	2.623184	3.423674	3122.714	2086.144	2.645	0.1177	-23.381	49.688	OK	44c8be367ca8a3918e67d3d2b62de9e0169cdee5	cargo run -p jxl-encoder --release --features 'parallel butteraugli-loop ssim2-loop' --example w44_170_cjxl_step025_sweep -- --image codec_wiki --effort 5 --distance-min 4.25 --distance-max 4.25 --distance-step 4.25 --strategy zenjxl --corpus-manifest benchmarks/corpora/w44_170_varied_corpus.tsv
codec_wiki	screenshot	2560	1664	zenjxl	5	4.5000	70220	67849	84.4725	83.0137	2.776109	3.476842	3703.344	1848.202	3.495	1.4589	-20.154	100.376	OK	44c8be367ca8a3918e67d3d2b62de9e0169cdee5	cargo run -p jxl-encoder --release --features 'parallel butteraugli-loop ssim2-loop' --example w44_170_cjxl_step025_sweep -- --image codec_wiki --effort 5 --distance-min 4.5 --distance-max 4.5 --distance-step 4.5 --strategy zenjxl --corpus-manifest benchmarks/corpora/w44_170_varied_corpus.tsv
codec_wiki	screenshot	2560	1664	zenjxl	5	4.7500	67993	66219	84.1500	82.7817	2.994784	3.685789	2982.097	1983.676	2.679	1.3684	-18.748	50.332	OK	44c8be367ca8a3918e67d3d2b62de9e0169cdee5	cargo run -p jxl-encoder --release --features 'parallel butteraugli-loop ssim2-loop' --example w44_170_cjxl_step025_sweep -- --image codec_wiki --effort 5 --distance-min 4.75 --distance-max 4.75 --distance-step 4.75 --strategy zenjxl --corpus-manifest benchmarks/corpora/w44_170_varied_corpus.tsv
codec_wiki	screenshot	2560	1664	zenjxl	5	5.0000	66540	66517	82.6194	81.9552	3.006957	3.580087	3180.561	1710.548	0.035	0.6642	-16.009	85.938	OK	44c8be367ca8a3918e67d3d2b62de9e0169cdee5	cargo run -p jxl-encoder --release --features 'parallel butteraugli-loop ssim2-loop' --example w44_170_cjxl_step025_sweep -- --image codec_wiki --effort 5 --distance-min 5 --distance-max 5 --distance-step 5 --strategy zenjxl --corpus-manifest benchmarks/corpora/w44_170_varied_corpus.tsv
codec_wiki	screenshot	2560	1664	zenjxl	6	0.2500	140622	182292	93.7773	93.7309	0.267895	0.417817	3654.204	2373.491	-22.859	0.0464	-35.882	53.959	OK	44c8be367ca8a3918e67d3d2b62de9e0169cdee5	cargo run -p jxl-encoder --release --features 'parallel butteraugli-loop ssim2-loop' --example w44_170_cjxl_step025_sweep -- --image codec_wiki --effort 6 --distance-min 0.25 --distance-max 0.25 --distance-step 0.25 --strategy zenjxl --corpus-manifest benchmarks/corpora/w44_170_varied_corpus.tsv
codec_wiki	screenshot	2560	1664	zenjxl	6	0.5000	112277	145955	92.8115	92.7458	0.606784	0.852413	4306.396	2263.212	-23.074	0.0657	-28.816	90.278	OK	44c8be367ca8a3918e67d3d2b62de9e0169cdee5	cargo run -p jxl-encoder --release --features 'parallel butteraugli-loop ssim2-loop' --example w44_170_cjxl_step025_sweep -- --image codec_wiki --effort 6 --distance-min 0.5 --distance-max 0.5 --distance-step 0.5 --strategy zenjxl --corpus-manifest benchmarks/corpora/w44_170_varied_corpus.tsv
codec_wiki	screenshot	2560	1664	zenjxl	6	0.7500	115545	148062	91.2847	91.8998	0.918795	1.114210	6481.306	3281.799	-21.962	-0.6152	-17.538	97.492	OK	44c8be367ca8a3918e67d3d2b62de9e0169cdee5	cargo run -p jxl-encoder --release --features 'parallel butteraugli-loop ssim2-loop' --example w44_170_cjxl_step025_sweep -- --image codec_wiki --effort 6 --distance-min 0.75 --distance-max 0.75 --distance-step 0.75 --strategy zenjxl --corpus-manifest benchmarks/corpora/w44_170_varied_corpus.tsv
codec_wiki	screenshot	2560	1664	zenjxl	6	1.0000	103268	132285	90.3517	91.0961	0.954502	1.179236	11058.252	4214.845	-21.935	-0.7445	-19.058	162.364	OK	44c8be367ca8a3918e67d3d2b62de9e0169cdee5	cargo run -p jxl-encoder --release --features 'parallel butteraugli-loop ssim2-loop' --example w44_170_cjxl_step025_sweep -- --image codec_wiki --effort 6 --distance-min 1 --distance-max 1 --distance-step 1 --strategy zenjxl --corpus-manifest benchmarks/corpora/w44_170_varied_corpus.tsv
codec_wiki	screenshot	2560	1664	zenjxl	6	1.2500	95303	120531	90.4059	90.4583	1.098301	1.109350	8275.703	4472.601	-20.931	-0.0525	-0.996	85.031	OK	44c8be367ca8a3918e67d3d2b62de9e0169cdee5	cargo run -p jxl-encoder --release --features 'parallel butteraugli-loop ssim2-loop' --example w44_170_cjxl_step025_sweep -- --image codec_wiki --effort 6 --distance-min 1.25 --distance-max 1.25 --distance-step 1.25 --strategy zenjxl --corpus-manifest benchmarks/corpora/w44_170_varied_corpus.tsv
codec_wiki	screenshot	2560	1664	zenjxl	6	1.5000	92368	111985	89.9427	89.6814	1.444300	1.339268	7542.820	4549.765	-17.518	0.2614	7.843	65.785	OK	44c8be367ca8a3918e67d3d2b62de9e0169cdee5	cargo run -p jxl-encoder --release --features 'parallel butteraugli-loop ssim2-loop' --example w44_170_cjxl_step025_sweep -- --image codec_wiki --effort 6 --distance-min 1.5 --distance-max 1.5 --distance-step 1.5 --strategy zenjxl --corpus-manifest benchmarks/corpora/w44_170_varied_corpus.tsv
codec_wiki	screenshot	2560	1664	zenjxl	6	1.7500	87325	106440	88.2589	88.8417	1.498994	1.393490	7703.058	4269.692	-17.958	-0.5827	7.571	80.412	OK	44c8be367ca8a3918e67d3d2b62de9e0169cdee5	cargo run -p jxl-encoder --release --features 'parallel butteraugli-loop ssim2-loop' --example w44_170_cjxl_step025_sweep -- --image codec_wiki --effort 6 --distance-min 1.75 --distance-max 1.75 --distance-step 1.75 --strategy zenjxl --corpus-manifest benchmarks/corpora/w44_170_varied_corpus.tsv
codec_wiki	screenshot	2560	1664	zenjxl	6	2.0000	84106	100839	87.1560	88.2234	1.644997	1.825474	8936.880	3078.223	-16.594	-1.0674	-9.887	190.326	OK	44c8be367ca8a3918e67d3d2b62de9e0169cdee5	cargo run -p jxl-encoder --release --features 'parallel butteraugli-loop ssim2-loop' --example w44_170_cjxl_step025_sweep -- --image codec_wiki --effort 6 --distance-min 2 --distance-max 2 --distance-step 2 --strategy zenjxl --corpus-manifest benchmarks/corpora/w44_170_varied_corpus.tsv
codec_wiki	screenshot	2560	1664	zenjxl	6	2.2500	79803	97410	86.9376	88.0861	1.902589	1.864177	7614.825	3830.902	-18.075	-1.1485	2.061	98.774	OK	44c8be367ca8a3918e67d3d2b62de9e0169cdee5	cargo run -p jxl-encoder --release --features 'parallel butteraugli-loop ssim2-loop' --example w44_170_cjxl_step025_sweep -- --image codec_wiki --effort 6 --distance-min 2.25 --distance-max 2.25 --distance-step 2.25 --strategy zenjxl --corpus-manifest benchmarks/corpora/w44_170_varied_corpus.tsv
codec_wiki	screenshot	2560	1664	zenjxl	6	2.5000	76827	93317	86.8941	87.2059	2.291877	2.041208	7114.570	3941.451	-17.671	-0.3118	12.280	80.506	OK	44c8be367ca8a3918e67d3d2b62de9e0169cdee5	cargo run -p jxl-encoder --release --features 'parallel butteraugli-loop ssim2-loop' --example w44_170_cjxl_step025_sweep -- --image codec_wiki --effort 6 --distance-min 2.5 --distance-max 2.5 --distance-step 2.5 --strategy zenjxl --corpus-manifest benchmarks/corpora/w44_170_varied_corpus.tsv
codec_wiki	screenshot	2560	1664	zenjxl	6	2.7500	74990	89702	85.1774	86.9576	3.109965	2.293401	9345.168	3761.620	-16.401	-1.7803	35.605	148.435	OK	44c8be367ca8a3918e67d3d2b62de9e0169cdee5	cargo run -p jxl-encoder --release --features 'parallel butteraugli-loop ssim2-loop' --example w44_170_cjxl_step025_sweep -- --image codec_wiki --effort 6 --distance-min 2.75 --distance-max 2.75 --distance-step 2.75 --strategy zenjxl --corpus-manifest benchmarks/corpora/w44_170_varied_corpus.tsv
codec_wiki	screenshot	2560	1664	zenjxl	6	3.0000	72323	85999	83.9046	86.3605	2.378679	2.342638	9250.321	4668.249	-15.903	-2.4560	1.538	98.154	OK	44c8be367ca8a3918e67d3d2b62de9e0169cdee5	cargo run -p jxl-encoder --release --features 'parallel butteraugli-loop ssim2-loop' --example w44_170_cjxl_step025_sweep -- --image codec_wiki --effort 6 --distance-min 3 --distance-max 3 --distance-step 3 --strategy zenjxl --corpus-manifest benchmarks/corpora/w44_170_varied_corpus.tsv
codec_wiki	screenshot	2560	1664	zenjxl	6	3.2500	70769	82809	84.7850	85.5119	2.365021	2.557027	7956.659	4470.609	-14.539	-0.7270	-7.509	77.977	OK	44c8be367ca8a3918e67d3d2b62de9e0169cdee5	cargo run -p jxl-encoder --release --features 'parallel butteraugli-loop ssim2-loop' --example w44_170_cjxl_step025_sweep -- --image codec_wiki --effort 6 --distance-min 3.25 --distance-max 3.25 --distance-step 3.25 --strategy zenjxl --corpus-manifest benchmarks/corpora/w44_170_varied_corpus.tsv
codec_wiki	screenshot	2560	1664	zenjxl	6	3.5000	85999	80006	85.1973	85.6942	2.844921	2.567081	7788.160	3957.125	7.491	-0.4970	10.823	96.814	OK	44c8be367ca8a3918e67d3d2b62de9e0169cdee5	cargo run -p jxl-encoder --release --features 'parallel butteraugli-loop ssim2-loop' --example w44_170_cjxl_step025_sweep -- --image codec_wiki --effort 6 --distance-min 3.5 --distance-max 3.5 --distance-step 3.5 --strategy zenjxl --corpus-manifest benchmarks/corpora/w44_170_varied_corpus.tsv
codec_wiki	screenshot	2560	1664	zenjxl	6	3.7500	78501	78309	84.6536	84.2568	2.791520	2.932211	7001.330	4040.398	0.245	0.3969	-4.798	73.283	OK	44c8be367ca8a3918e67d3d2b62de9e0169cdee5	cargo run -p jxl-encoder --release --features 'parallel butteraugli-loop ssim2-loop' --example w44_170_cjxl_step025_sweep -- --image codec_wiki --effort 6 --distance-min 3.75 --distance-max 3.75 --distance-step 3.75 --strategy zenjxl --corpus-manifest benchmarks/corpora/w44_170_varied_corpus.tsv
codec_wiki	screenshot	2560	1664	zenjxl	6	4.0000	78256	74416	84.4234	84.5033	3.211064	2.978101	11651.148	4187.336	5.160	-0.0799	7.823	178.247	OK	44c8be367ca8a3918e67d3d2b62de9e0169cdee5	cargo run -p jxl-encoder --release --features 'parallel butteraugli-loop ssim2-loop' --example w44_170_cjxl_step025_sweep -- --image codec_wiki --effort 6 --distance-min 4 --distance-max 4 --distance-step 4 --strategy zenjxl --corpus-manifest benchmarks/corpora/w44_170_varied_corpus.tsv
codec_wiki	screenshot	2560	1664	zenjxl	6	4.2500	76330	72936	83.5715	83.8292	2.623431	3.308953	11325.296	4132.008	4.653	-0.2577	-20.717	174.087	OK	44c8be367ca8a3918e67d3d2b62de9e0169cdee5	cargo run -p jxl-encoder --release --features 'parallel butteraugli-loop ssim2-loop' --example w44_170_cjxl_step025_sweep -- --image codec_wiki --effort 6 --distance-min 4.25 --distance-max 4.25 --distance-step 4.25 --strategy zenjxl --corpus-manifest benchmarks/corpora/w44_170_varied_corpus.tsv
codec_wiki	screenshot	2560	1664	zenjxl	6	4.5000	73832	70695	84.2050	83.0408	2.775169	3.799899	13148.975	4378.742	4.437	1.1642	-26.967	200.291	OK	44c8be367ca8a3918e67d3d2b62de9e0169cdee5	cargo run -p jxl-encoder --release --features 'parallel butteraugli-loop ssim2-loop' --example w44_170_cjxl_step025_sweep -- --image codec_wiki --effort 6 --distance-min 4.5 --distance-max 4.5 --distance-step 4.5 --strategy zenjxl --corpus-manifest benchmarks/corpora/w44_170_varied_corpus.tsv
codec_wiki	screenshot	2560	1664	zenjxl	6	4.7500	70875	67426	83.5313	82.6245	2.994408	3.774970	8484.961	3842.590	5.115	0.9068	-20.677	120.814	OK	44c8be367ca8a3918e67d3d2b62de9e0169cdee5	cargo run -p jxl-encoder --release --features 'parallel butteraugli-loop ssim2-loop' --example w44_170_cjxl_step025_sweep -- --image codec_wiki --effort 6 --distance-min 4.75 --distance-max 4.75 --distance-step 4.75 --strategy zenjxl --corpus-manifest benchmarks/corpora/w44_170_varied_corpus.tsv
codec_wiki	screenshot	2560	1664	zenjxl	6	5.0000	69486	66736	82.1429	82.0767	3.006547	3.772695	7485.665	3048.725	4.121	0.0662	-20.308	145.534	OK	44c8be367ca8a3918e67d3d2b62de9e0169cdee5	cargo run -p jxl-encoder --release --features 'parallel butteraugli-loop ssim2-loop' --example w44_170_cjxl_step025_sweep -- --image codec_wiki --effort 6 --distance-min 5 --distance-max 5 --distance-step 5 --strategy zenjxl --corpus-manifest benchmarks/corpora/w44_170_varied_corpus.tsv
codec_wiki	screenshot	2560	1664	zenjxl	7	0.2500	148539	189914	93.7216	93.6038	0.269578	0.411130	3526.409	2396.506	-21.786	0.1178	-34.430	47.148	OK	44c8be367ca8a3918e67d3d2b62de9e0169cdee5	cargo run -p jxl-encoder --release --features 'parallel butteraugli-loop ssim2-loop' --example w44_170_cjxl_step025_sweep -- --image codec_wiki --effort 7 --distance-min 0.25 --distance-max 0.25 --distance-step 0.25 --strategy zenjxl --corpus-manifest benchmarks/corpora/w44_170_varied_corpus.tsv
codec_wiki	screenshot	2560	1664	zenjxl	7	0.5000	116926	149322	92.9430	92.7712	0.607066	0.804164	3672.389	2361.268	-21.695	0.1718	-24.510	55.526	OK	44c8be367ca8a3918e67d3d2b62de9e0169cdee5	cargo run -p jxl-encoder --release --features 'parallel butteraugli-loop ssim2-loop' --example w44_170_cjxl_step025_sweep -- --image codec_wiki --effort 7 --distance-min 0.5 --distance-max 0.5 --distance-step 0.5 --strategy zenjxl --corpus-manifest benchmarks/corpora/w44_170_varied_corpus.tsv
codec_wiki	screenshot	2560	1664	zenjxl	7	0.7500	119230	151028	91.3942	92.0388	0.918885	1.044849	6821.126	4177.238	-21.054	-0.6446	-12.056	63.293	OK	44c8be367ca8a3918e67d3d2b62de9e0169cdee5	cargo run -p jxl-encoder --release --features 'parallel butteraugli-loop ssim2-loop' --example w44_170_cjxl_step025_sweep -- --image codec_wiki --effort 7 --distance-min 0.75 --distance-max 0.75 --distance-step 0.75 --strategy zenjxl --corpus-manifest benchmarks/corpora/w44_170_varied_corpus.tsv
codec_wiki	screenshot	2560	1664	zenjxl	7	1.0000	106226	135432	90.5933	91.3002	1.034915	1.084701	10013.830	4000.742	-21.565	-0.7068	-4.590	150.299	OK	44c8be367ca8a3918e67d3d2b62de9e0169cdee5	cargo run -p jxl-encoder --release --features 'parallel butteraugli-loop ssim2-loop' --example w44_170_cjxl_step025_sweep -- --image codec_wiki --effort 7 --distance-min 1 --distance-max 1 --distance-step 1 --strategy zenjxl --corpus-manifest benchmarks/corpora/w44_170_varied_corpus.tsv
codec_wiki	screenshot	2560	1664	zenjxl	7	1.2500	98289	124303	90.5494	90.4893	0.974130	1.093760	9777.527	3713.849	-20.928	0.0600	-10.937	163.272	OK	44c8be367ca8a3918e67d3d2b62de9e0169cdee5	cargo run -p jxl-encoder --release --features 'parallel butteraugli-loop ssim2-loop' --example w44_170_cjxl_step025_sweep -- --image codec_wiki --effort 7 --distance-min 1.25 --distance-max 1.25 --distance-step 1.25 --strategy zenjxl --corpus-manifest benchmarks/corpora/w44_170_varied_corpus.tsv
codec_wiki	screenshot	2560	1664	zenjxl	7	1.5000	95150	114849	90.1715	90.0669	1.272432	1.249381	13767.991	3360.857	-17.152	0.1045	1.845	309.657	OK	44c8be367ca8a3918e67d3d2b62de9e0169cdee5	cargo run -p jxl-encoder --release --features 'parallel butteraugli-loop ssim2-loop' --example w44_170_cjxl_step025_sweep -- --image codec_wiki --effort 7 --distance-min 1.5 --distance-max 1.5 --distance-step 1.5 --strategy zenjxl --corpus-manifest benchmarks/corpora/w44_170_varied_corpus.tsv
codec_wiki	screenshot	2560	1664	zenjxl	7	1.7500	89141	109047	88.5844	89.1519	1.298404	1.316594	6313.428	4497.540	-18.255	-0.5674	-1.382	40.375	OK	44c8be367ca8a3918e67d3d2b62de9e0169cdee5	cargo run -p jxl-encoder --release --features 'parallel butteraugli-loop ssim2-loop' --example w44_170_cjxl_step025_sweep -- --image codec_wiki --effort 7 --distance-min 1.75 --distance-max 1.75 --distance-step 1.75 --strategy zenjxl --corpus-manifest benchmarks/corpora/w44_170_varied_corpus.tsv
codec_wiki	screenshot	2560	1664	zenjxl	7	2.0000	86322	103821	87.3224	88.2151	1.998011	2.023521	7005.936	5256.164	-16.855	-0.8927	-1.261	33.290	OK	44c8be367ca8a3918e67d3d2b62de9e0169cdee5	cargo run -p jxl-encoder --release --features 'parallel butteraugli-loop ssim2-loop' --example w44_170_cjxl_step025_sweep -- --image codec_wiki --effort 7 --distance-min 2 --distance-max 2 --distance-step 2 --strategy zenjxl --corpus-manifest benchmarks/corpora/w44_170_varied_corpus.tsv
codec_wiki	screenshot	2560	1664	zenjxl	7	2.2500	81230	99374	87.2367	88.0843	1.804066	1.701559	6853.326	3882.179	-18.258	-0.8476	6.024	76.533	OK	44c8be367ca8a3918e67d3d2b62de9e0169cdee5	cargo run -p jxl-encoder --release --features 'parallel butteraugli-loop ssim2-loop' --example w44_170_cjxl_step025_sweep -- --image codec_wiki --effort 7 --distance-min 2.25 --distance-max 2.25 --distance-step 2.25 --strategy zenjxl --corpus-manifest benchmarks/corpora/w44_170_varied_corpus.tsv
codec_wiki	screenshot	2560	1664	zenjxl	7	2.5000	78477	94839	87.0058	86.0330	2.200389	2.131247	7436.039	3621.226	-17.252	0.9728	3.244	105.346	OK	44c8be367ca8a3918e67d3d2b62de9e0169cdee5	cargo run -p jxl-encoder --release --features 'parallel butteraugli-loop ssim2-loop' --example w44_170_cjxl_step025_sweep -- --image codec_wiki --effort 7 --distance-min 2.5 --distance-max 2.5 --distance-step 2.5 --strategy zenjxl --corpus-manifest benchmarks/corpora/w44_170_varied_corpus.tsv
codec_wiki	screenshot	2560	1664	zenjxl	7	2.7500	75739	90332	85.3865	87.1389	3.111463	2.123155	7657.578	3998.620	-16.155	-1.7523	46.549	91.506	OK	44c8be367ca8a3918e67d3d2b62de9e0169cdee5	cargo run -p jxl-encoder --release --features 'parallel butteraugli-loop ssim2-loop' --example w44_170_cjxl_step025_sweep -- --image codec_wiki --effort 7 --distance-min 2.75 --distance-max 2.75 --distance-step 2.75 --strategy zenjxl --corpus-manifest benchmarks/corpora/w44_170_varied_corpus.tsv
codec_wiki	screenshot	2560	1664	zenjxl	7	3.0000	72813	72232	84.0321	86.5591	2.348116	2.067810	7218.849	4639.619	0.804	-2.5269	13.556	55.591	OK	44c8be367ca8a3918e67d3d2b62de9e0169cdee5	cargo run -p jxl-encoder --release --features 'parallel butteraugli-loop ssim2-loop' --example w44_170_cjxl_step025_sweep -- --image codec_wiki --effort 7 --distance-min 3 --distance-max 3 --distance-step 3 --strategy zenjxl --corpus-manifest benchmarks/corpora/w44_170_varied_corpus.tsv
codec_wiki	screenshot	2560	1664	zenjxl	7	3.2500	71694	69227	84.9429	86.0857	2.349979	2.516236	7251.519	5362.158	3.564	-1.1428	-6.607	35.235	OK	44c8be367ca8a3918e67d3d2b62de9e0169cdee5	cargo run -p jxl-encoder --release --features 'parallel butteraugli-loop ssim2-loop' --example w44_170_cjxl_step025_sweep -- --image codec_wiki --effort 7 --distance-min 3.25 --distance-max 3.25 --distance-step 3.25 --strategy zenjxl --corpus-manifest benchmarks/corpora/w44_170_varied_corpus.tsv
codec_wiki	screenshot	2560	1664	zenjxl	7	3.5000	98948	67680	86.7092	84.1198	2.844713	3.115577	6027.287	5547.071	46.200	2.5894	-8.694	8.657	OK	44c8be367ca8a3918e67d3d2b62de9e0169cdee5	cargo run -p jxl-encoder --release --features 'parallel butteraugli-loop ssim2-loop' --example w44_170_cjxl_step025_sweep -- --image codec_wiki --effort 7 --distance-min 3.5 --distance-max 3.5 --distance-step 3.5 --strategy zenjxl --corpus-manifest benchmarks/corpora/w44_170_varied_corpus.tsv
codec_wiki	screenshot	2560	1664	zenjxl	7	3.7500	91856	65279	85.4284	82.7936	2.787650	2.973320	8296.885	4192.388	40.713	2.6348	-6.245	97.904	OK	44c8be367ca8a3918e67d3d2b62de9e0169cdee5	cargo run -p jxl-encoder --release --features 'parallel butteraugli-loop ssim2-loop' --example w44_170_cjxl_step025_sweep -- --image codec_wiki --effort 7 --distance-min 3.75 --distance-max 3.75 --distance-step 3.75 --strategy zenjxl --corpus-manifest benchmarks/corpora/w44_170_varied_corpus.tsv
codec_wiki	screenshot	2560	1664	zenjxl	7	4.0000	90323	62710	84.8859	84.8597	3.209251	2.991459	11266.529	4794.543	44.033	0.0262	7.280	134.987	OK	44c8be367ca8a3918e67d3d2b62de9e0169cdee5	cargo run -p jxl-encoder --release --features 'parallel butteraugli-loop ssim2-loop' --example w44_170_cjxl_step025_sweep -- --image codec_wiki --effort 7 --distance-min 4 --distance-max 4 --distance-step 4 --strategy zenjxl --corpus-manifest benchmarks/corpora/w44_170_varied_corpus.tsv
codec_wiki	screenshot	2560	1664	zenjxl	7	4.2500	88160	61692	84.4764	82.9437	2.622946	2.839540	14045.251	5821.957	42.903	1.5327	-7.628	141.246	OK	44c8be367ca8a3918e67d3d2b62de9e0169cdee5	cargo run -p jxl-encoder --release --features 'parallel butteraugli-loop ssim2-loop' --example w44_170_cjxl_step025_sweep -- --image codec_wiki --effort 7 --distance-min 4.25 --distance-max 4.25 --distance-step 4.25 --strategy zenjxl --corpus-manifest benchmarks/corpora/w44_170_varied_corpus.tsv
codec_wiki	screenshot	2560	1664	zenjxl	7	4.5000	85358	59883	85.4324	82.4104	2.775103	3.799899	15756.160	6289.031	42.541	3.0220	-26.969	150.534	OK	44c8be367ca8a3918e67d3d2b62de9e0169cdee5	cargo run -p jxl-encoder --release --features 'parallel butteraugli-loop ssim2-loop' --example w44_170_cjxl_step025_sweep -- --image codec_wiki --effort 7 --distance-min 4.5 --distance-max 4.5 --distance-step 4.5 --strategy zenjxl --corpus-manifest benchmarks/corpora/w44_170_varied_corpus.tsv
codec_wiki	screenshot	2560	1664	zenjxl	7	4.7500	82418	56879	84.7035	80.8462	2.995411	3.870898	7691.171	4940.193	44.901	3.8573	-22.617	55.686	OK	44c8be367ca8a3918e67d3d2b62de9e0169cdee5	cargo run -p jxl-encoder --release --features 'parallel butteraugli-loop ssim2-loop' --example w44_170_cjxl_step025_sweep -- --image codec_wiki --effort 7 --distance-min 4.75 --distance-max 4.75 --distance-step 4.75 --strategy zenjxl --corpus-manifest benchmarks/corpora/w44_170_varied_corpus.tsv
codec_wiki	screenshot	2560	1664	zenjxl	7	5.0000	81817	57232	84.5870	81.8376	3.006226	3.894552	9747.127	4357.112	42.957	2.7494	-22.809	123.706	OK	44c8be367ca8a3918e67d3d2b62de9e0169cdee5	cargo run -p jxl-encoder --release --features 'parallel butteraugli-loop ssim2-loop' --example w44_170_cjxl_step025_sweep -- --image codec_wiki --effort 7 --distance-min 5 --distance-max 5 --distance-step 5 --strategy zenjxl --corpus-manifest benchmarks/corpora/w44_170_varied_corpus.tsv
codec_wiki	screenshot	2560	1664	zenjxl	8	0.2500	136840	189278	93.5529	93.6038	0.237674	0.411130	31895.055	2098.561	-27.704	-0.0509	-42.190	1419.854	OK	44c8be367ca8a3918e67d3d2b62de9e0169cdee5	cargo run -p jxl-encoder --release --features 'parallel butteraugli-loop ssim2-loop' --example w44_170_cjxl_step025_sweep -- --image codec_wiki --effort 8 --distance-min 0.25 --distance-max 0.25 --distance-step 0.25 --strategy zenjxl --corpus-manifest benchmarks/corpora/w44_170_varied_corpus.tsv
codec_wiki	screenshot	2560	1664	zenjxl	8	0.5000	106301	148516	92.5693	92.7712	0.508011	0.804164	30773.219	2434.273	-28.425	-0.2019	-36.827	1164.165	OK	44c8be367ca8a3918e67d3d2b62de9e0169cdee5	cargo run -p jxl-encoder --release --features 'parallel butteraugli-loop ssim2-loop' --example w44_170_cjxl_step025_sweep -- --image codec_wiki --effort 8 --distance-min 0.5 --distance-max 0.5 --distance-step 0.5 --strategy zenjxl --corpus-manifest benchmarks/corpora/w44_170_varied_corpus.tsv
codec_wiki	screenshot	2560	1664	zenjxl	8	0.7500	109827	146362	91.2066	91.9051	0.719265	0.658570	32850.353	24052.036	-24.962	-0.6985	9.216	36.580	OK	44c8be367ca8a3918e67d3d2b62de9e0169cdee5	cargo run -p jxl-encoder --release --features 'parallel butteraugli-loop ssim2-loop' --example w44_170_cjxl_step025_sweep -- --image codec_wiki --effort 8 --distance-min 0.75 --distance-max 0.75 --distance-step 0.75 --strategy zenjxl --corpus-manifest benchmarks/corpora/w44_170_varied_corpus.tsv
codec_wiki	screenshot	2560	1664	zenjxl	8	1.0000	98692	129681	90.6055	91.3030	0.916663	1.052056	29671.306	24336.856	-23.896	-0.6974	-12.869	21.919	OK	44c8be367ca8a3918e67d3d2b62de9e0169cdee5	cargo run -p jxl-encoder --release --features 'parallel butteraugli-loop ssim2-loop' --example w44_170_cjxl_step025_sweep -- --image codec_wiki --effort 8 --distance-min 1 --distance-max 1 --distance-step 1 --strategy zenjxl --corpus-manifest benchmarks/corpora/w44_170_varied_corpus.tsv
codec_wiki	screenshot	2560	1664	zenjxl	8	1.2500	89836	120284	89.3115	90.0887	1.249403	1.105403	30073.537	23896.740	-25.313	-0.7772	13.027	25.848	OK	44c8be367ca8a3918e67d3d2b62de9e0169cdee5	cargo run -p jxl-encoder --release --features 'parallel butteraugli-loop ssim2-loop' --example w44_170_cjxl_step025_sweep -- --image codec_wiki --effort 8 --distance-min 1.25 --distance-max 1.25 --distance-step 1.25 --strategy zenjxl --corpus-manifest benchmarks/corpora/w44_170_varied_corpus.tsv
codec_wiki	screenshot	2560	1664	zenjxl	8	1.5000	86847	110920	89.2861	89.7758	1.331187	1.337274	31012.766	24270.183	-21.703	-0.4897	-0.455	27.781	OK	44c8be367ca8a3918e67d3d2b62de9e0169cdee5	cargo run -p jxl-encoder --release --features 'parallel butteraugli-loop ssim2-loop' --example w44_170_cjxl_step025_sweep -- --image codec_wiki --effort 8 --distance-min 1.5 --distance-max 1.5 --distance-step 1.5 --strategy zenjxl --corpus-manifest benchmarks/corpora/w44_170_varied_corpus.tsv
codec_wiki	screenshot	2560	1664	zenjxl	8	1.7500	80788	104246	87.4992	89.4722	1.684300	1.582816	30910.142	22854.692	-22.503	-1.9730	6.412	35.246	OK	44c8be367ca8a3918e67d3d2b62de9e0169cdee5	cargo run -p jxl-encoder --release --features 'parallel butteraugli-loop ssim2-loop' --example w44_170_cjxl_step025_sweep -- --image codec_wiki --effort 8 --distance-min 1.75 --distance-max 1.75 --distance-step 1.75 --strategy zenjxl --corpus-manifest benchmarks/corpora/w44_170_varied_corpus.tsv
codec_wiki	screenshot	2560	1664	zenjxl	8	2.0000	77810	101167	87.3930	87.8989	1.894754	1.730769	32208.150	21205.359	-23.088	-0.5059	9.475	51.887	OK	44c8be367ca8a3918e67d3d2b62de9e0169cdee5	cargo run -p jxl-encoder --release --features 'parallel butteraugli-loop ssim2-loop' --example w44_170_cjxl_step025_sweep -- --image codec_wiki --effort 8 --distance-min 2 --distance-max 2 --distance-step 2 --strategy zenjxl --corpus-manifest benchmarks/corpora/w44_170_varied_corpus.tsv
codec_wiki	screenshot	2560	1664	zenjxl	8	2.2500	72742	97209	87.3421	88.0923	2.104180	2.146066	29500.790	23346.479	-25.169	-0.7501	-1.952	26.361	OK	44c8be367ca8a3918e67d3d2b62de9e0169cdee5	cargo run -p jxl-encoder --release --features 'parallel butteraugli-loop ssim2-loop' --example w44_170_cjxl_step025_sweep -- --image codec_wiki --effort 8 --distance-min 2.25 --distance-max 2.25 --distance-step 2.25 --strategy zenjxl --corpus-manifest benchmarks/corpora/w44_170_varied_corpus.tsv
codec_wiki	screenshot	2560	1664	zenjxl	8	2.5000	70449	92475	85.9299	85.9439	2.130753	2.131376	30601.005	23267.002	-23.818	-0.0140	-0.029	31.521	OK	44c8be367ca8a3918e67d3d2b62de9e0169cdee5	cargo run -p jxl-encoder --release --features 'parallel butteraugli-loop ssim2-loop' --example w44_170_cjxl_step025_sweep -- --image codec_wiki --effort 8 --distance-min 2.5 --distance-max 2.5 --distance-step 2.5 --strategy zenjxl --corpus-manifest benchmarks/corpora/w44_170_varied_corpus.tsv
codec_wiki	screenshot	2560	1664	zenjxl	8	2.7500	68944	88165	83.8035	86.5293	2.211777	2.167563	27893.931	20766.516	-21.801	-2.7257	2.040	34.322	OK	44c8be367ca8a3918e67d3d2b62de9e0169cdee5	cargo run -p jxl-encoder --release --features 'parallel butteraugli-loop ssim2-loop' --example w44_170_cjxl_step025_sweep -- --image codec_wiki --effort 8 --distance-min 2.75 --distance-max 2.75 --distance-step 2.75 --strategy zenjxl --corpus-manifest benchmarks/corpora/w44_170_varied_corpus.tsv
codec_wiki	screenshot	2560	1664	zenjxl	8	3.0000	65048	84515	84.5742	86.1372	3.097079	2.407454	30260.274	21703.308	-23.034	-1.5630	28.645	39.427	OK	44c8be367ca8a3918e67d3d2b62de9e0169cdee5	cargo run -p jxl-encoder --release --features 'parallel butteraugli-loop ssim2-loop' --example w44_170_cjxl_step025_sweep -- --image codec_wiki --effort 8 --distance-min 3 --distance-max 3 --distance-step 3 --strategy zenjxl --corpus-manifest benchmarks/corpora/w44_170_varied_corpus.tsv
codec_wiki	screenshot	2560	1664	zenjxl	8	3.2500	63816	82335	83.6986	83.1178	2.539876	2.793344	31416.278	23653.523	-22.492	0.5808	-9.074	32.819	OK	44c8be367ca8a3918e67d3d2b62de9e0169cdee5	cargo run -p jxl-encoder --release --features 'parallel butteraugli-loop ssim2-loop' --example w44_170_cjxl_step025_sweep -- --image codec_wiki --effort 8 --distance-min 3.25 --distance-max 3.25 --distance-step 3.25 --strategy zenjxl --corpus-manifest benchmarks/corpora/w44_170_varied_corpus.tsv
codec_wiki	screenshot	2560	1664	zenjxl	8	3.5000	85421	78445	85.0236	82.1556	3.818460	3.101241	36468.101	21843.044	8.893	2.8681	23.127	66.955	OK	44c8be367ca8a3918e67d3d2b62de9e0169cdee5	cargo run -p jxl-encoder --release --features 'parallel butteraugli-loop ssim2-loop' --example w44_170_cjxl_step025_sweep -- --image codec_wiki --effort 8 --distance-min 3.5 --distance-max 3.5 --distance-step 3.5 --strategy zenjxl --corpus-manifest benchmarks/corpora/w44_170_varied_corpus.tsv
codec_wiki	screenshot	2560	1664	zenjxl	8	3.7500	78693	76192	84.6383	82.7318	3.046366	3.412211	32889.873	22677.678	3.282	1.9065	-10.722	45.032	OK	44c8be367ca8a3918e67d3d2b62de9e0169cdee5	cargo run -p jxl-encoder --release --features 'parallel butteraugli-loop ssim2-loop' --example w44_170_cjxl_step025_sweep -- --image codec_wiki --effort 8 --distance-min 3.75 --distance-max 3.75 --distance-step 3.75 --strategy zenjxl --corpus-manifest benchmarks/corpora/w44_170_varied_corpus.tsv
codec_wiki	screenshot	2560	1664	zenjxl	8	4.0000	88077	72960	86.3688	83.2739	2.256589	3.501518	35540.782	22699.128	20.720	3.0949	-35.554	56.573	OK	44c8be367ca8a3918e67d3d2b62de9e0169cdee5	cargo run -p jxl-encoder --release --features 'parallel butteraugli-loop ssim2-loop' --example w44_170_cjxl_step025_sweep -- --image codec_wiki --effort 8 --distance-min 4 --distance-max 4 --distance-step 4 --strategy zenjxl --corpus-manifest benchmarks/corpora/w44_170_varied_corpus.tsv
codec_wiki	screenshot	2560	1664	zenjxl	8	4.2500	84312	70800	84.9195	81.6836	3.001745	3.997520	41615.406	22978.257	19.085	3.2359	-24.910	81.108	OK	44c8be367ca8a3918e67d3d2b62de9e0169cdee5	cargo run -p jxl-encoder --release --features 'parallel butteraugli-loop ssim2-loop' --example w44_170_cjxl_step025_sweep -- --image codec_wiki --effort 8 --distance-min 4.25 --distance-max 4.25 --distance-step 4.25 --strategy zenjxl --corpus-manifest benchmarks/corpora/w44_170_varied_corpus.tsv
codec_wiki	screenshot	2560	1664	zenjxl	8	4.5000	85020	68149	84.7529	81.3108	3.894304	4.092828	62076.535	21273.971	24.756	3.4422	-4.851	191.796	OK	44c8be367ca8a3918e67d3d2b62de9e0169cdee5	cargo run -p jxl-encoder --release --features 'parallel butteraugli-loop ssim2-loop' --example w44_170_cjxl_step025_sweep -- --image codec_wiki --effort 8 --distance-min 4.5 --distance-max 4.5 --distance-step 4.5 --strategy zenjxl --corpus-manifest benchmarks/corpora/w44_170_varied_corpus.tsv
codec_wiki	screenshot	2560	1664	zenjxl	8	4.7500	79983	65727	85.3406	79.2930	3.257716	3.823501	32746.063	20506.773	21.690	6.0475	-14.798	59.684	OK	44c8be367ca8a3918e67d3d2b62de9e0169cdee5	cargo run -p jxl-encoder --release --features 'parallel butteraugli-loop ssim2-loop' --example w44_170_cjxl_step025_sweep -- --image codec_wiki --effort 8 --distance-min 4.75 --distance-max 4.75 --distance-step 4.75 --strategy zenjxl --corpus-manifest benchmarks/corpora/w44_170_varied_corpus.tsv
codec_wiki	screenshot	2560	1664	zenjxl	8	5.0000	78632	65354	85.5407	80.3813	2.848679	4.463528	36109.396	20804.056	20.317	5.1594	-36.179	73.569	OK	44c8be367ca8a3918e67d3d2b62de9e0169cdee5	cargo run -p jxl-encoder --release --features 'parallel butteraugli-loop ssim2-loop' --example w44_170_cjxl_step025_sweep -- --image codec_wiki --effort 8 --distance-min 5 --distance-max 5 --distance-step 5 --strategy zenjxl --corpus-manifest benchmarks/corpora/w44_170_varied_corpus.tsv
codec_wiki	screenshot	2560	1664	zenjxl	9	0.2500	127382	189130	93.5529	93.6038	0.237674	0.411130	51469.103	2777.502	-32.648	-0.0509	-42.190	1753.072	OK	44c8be367ca8a3918e67d3d2b62de9e0169cdee5	cargo run -p jxl-encoder --release --features 'parallel butteraugli-loop ssim2-loop' --example w44_170_cjxl_step025_sweep -- --image codec_wiki --effort 9 --distance-min 0.25 --distance-max 0.25 --distance-step 0.25 --strategy zenjxl --corpus-manifest benchmarks/corpora/w44_170_varied_corpus.tsv
codec_wiki	screenshot	2560	1664	zenjxl	9	0.5000	102131	148266	92.5693	92.7712	0.508011	0.804164	88542.245	2720.667	-31.116	-0.2019	-36.827	3154.432	OK	44c8be367ca8a3918e67d3d2b62de9e0169cdee5	cargo run -p jxl-encoder --release --features 'parallel butteraugli-loop ssim2-loop' --example w44_170_cjxl_step025_sweep -- --image codec_wiki --effort 9 --distance-min 0.5 --distance-max 0.5 --distance-step 0.5 --strategy zenjxl --corpus-manifest benchmarks/corpora/w44_170_varied_corpus.tsv
codec_wiki	screenshot	2560	1664	zenjxl	9	0.7500	108727	145449	91.2066	91.8772	0.719265	0.658570	42061.092	31613.121	-25.247	-0.6706	9.216	33.049	OK	44c8be367ca8a3918e67d3d2b62de9e0169cdee5	cargo run -p jxl-encoder --release --features 'parallel butteraugli-loop ssim2-loop' --example w44_170_cjxl_step025_sweep -- --image codec_wiki --effort 9 --distance-min 0.75 --distance-max 0.75 --distance-step 0.75 --strategy zenjxl --corpus-manifest benchmarks/corpora/w44_170_varied_corpus.tsv
codec_wiki	screenshot	2560	1664	zenjxl	9	1.0000	98256	129228	90.6055	91.3019	0.916663	1.049835	46004.501	31174.296	-23.967	-0.6964	-12.685	47.572	OK	44c8be367ca8a3918e67d3d2b62de9e0169cdee5	cargo run -p jxl-encoder --release --features 'parallel butteraugli-loop ssim2-loop' --example w44_170_cjxl_step025_sweep -- --image codec_wiki --effort 9 --distance-min 1 --distance-max 1 --distance-step 1 --strategy zenjxl --corpus-manifest benchmarks/corpora/w44_170_varied_corpus.tsv
codec_wiki	screenshot	2560	1664	zenjxl	9	1.2500	89205	120045	89.3115	90.1619	1.249403	1.284497	30225.372	30453.698	-25.690	-0.8504	-2.732	-0.750	OK	44c8be367ca8a3918e67d3d2b62de9e0169cdee5	cargo run -p jxl-encoder --release --features 'parallel butteraugli-loop ssim2-loop' --example w44_170_cjxl_step025_sweep -- --image codec_wiki --effort 9 --distance-min 1.25 --distance-max 1.25 --distance-step 1.25 --strategy zenjxl --corpus-manifest benchmarks/corpora/w44_170_varied_corpus.tsv
codec_wiki	screenshot	2560	1664	zenjxl	9	1.5000	86062	110549	89.2861	89.8037	1.331187	1.337274	40158.898	35169.824	-22.150	-0.5177	-0.455	14.186	OK	44c8be367ca8a3918e67d3d2b62de9e0169cdee5	cargo run -p jxl-encoder --release --features 'parallel butteraugli-loop ssim2-loop' --example w44_170_cjxl_step025_sweep -- --image codec_wiki --effort 9 --distance-min 1.5 --distance-max 1.5 --distance-step 1.5 --strategy zenjxl --corpus-manifest benchmarks/corpora/w44_170_varied_corpus.tsv
codec_wiki	screenshot	2560	1664	zenjxl	9	1.7500	80310	103976	88.1090	89.4758	1.642933	1.582816	45784.844	29099.959	-22.761	-1.3668	3.798	57.336	OK	44c8be367ca8a3918e67d3d2b62de9e0169cdee5	cargo run -p jxl-encoder --release --features 'parallel butteraugli-loop ssim2-loop' --example w44_170_cjxl_step025_sweep -- --image codec_wiki --effort 9 --distance-min 1.75 --distance-max 1.75 --distance-step 1.75 --strategy zenjxl --corpus-manifest benchmarks/corpora/w44_170_varied_corpus.tsv
codec_wiki	screenshot	2560	1664	zenjxl	9	2.0000	77243	101172	87.3930	87.9080	1.894754	1.730191	77973.033	32991.282	-23.652	-0.5149	9.511	136.344	OK	44c8be367ca8a3918e67d3d2b62de9e0169cdee5	cargo run -p jxl-encoder --release --features 'parallel butteraugli-loop ssim2-loop' --example w44_170_cjxl_step025_sweep -- --image codec_wiki --effort 9 --distance-min 2 --distance-max 2 --distance-step 2 --strategy zenjxl --corpus-manifest benchmarks/corpora/w44_170_varied_corpus.tsv
codec_wiki	screenshot	2560	1664	zenjxl	9	2.2500	72234	97264	87.3421	88.1150	2.104180	2.146122	54638.740	32648.537	-25.734	-0.7729	-1.954	67.354	OK	44c8be367ca8a3918e67d3d2b62de9e0169cdee5	cargo run -p jxl-encoder --release --features 'parallel butteraugli-loop ssim2-loop' --example w44_170_cjxl_step025_sweep -- --image codec_wiki --effort 9 --distance-min 2.25 --distance-max 2.25 --distance-step 2.25 --strategy zenjxl --corpus-manifest benchmarks/corpora/w44_170_varied_corpus.tsv
codec_wiki	screenshot	2560	1664	zenjxl	9	2.5000	70016	92670	85.9299	85.9393	2.130753	2.131376	62183.974	32174.998	-24.446	-0.0093	-0.029	93.268	OK	44c8be367ca8a3918e67d3d2b62de9e0169cdee5	cargo run -p jxl-encoder --release --features 'parallel butteraugli-loop ssim2-loop' --example w44_170_cjxl_step025_sweep -- --image codec_wiki --effort 9 --distance-min 2.5 --distance-max 2.5 --distance-step 2.5 --strategy zenjxl --corpus-manifest benchmarks/corpora/w44_170_varied_corpus.tsv
codec_wiki	screenshot	2560	1664	zenjxl	9	2.7500	68420	88506	83.8035	86.5312	2.211777	2.167563	46987.095	31914.552	-22.695	-2.7276	2.040	47.228	OK	44c8be367ca8a3918e67d3d2b62de9e0169cdee5	cargo run -p jxl-encoder --release --features 'parallel butteraugli-loop ssim2-loop' --example w44_170_cjxl_step025_sweep -- --image codec_wiki --effort 9 --distance-min 2.75 --distance-max 2.75 --distance-step 2.75 --strategy zenjxl --corpus-manifest benchmarks/corpora/w44_170_varied_corpus.tsv
codec_wiki	screenshot	2560	1664	zenjxl	9	3.0000	64421	84975	84.5742	86.1336	3.097079	2.407454	83156.220	31503.903	-24.188	-1.5593	28.645	163.955	OK	44c8be367ca8a3918e67d3d2b62de9e0169cdee5	cargo run -p jxl-encoder --release --features 'parallel butteraugli-loop ssim2-loop' --example w44_170_cjxl_step025_sweep -- --image codec_wiki --effort 9 --distance-min 3 --distance-max 3 --distance-step 3 --strategy zenjxl --corpus-manifest benchmarks/corpora/w44_170_varied_corpus.tsv
codec_wiki	screenshot	2560	1664	zenjxl	9	3.2500	63402	82851	83.6986	83.1297	2.539876	2.793344	13889.737	28470.792	-23.475	0.5689	-9.074	-51.214	OK	44c8be367ca8a3918e67d3d2b62de9e0169cdee5	cargo run -p jxl-encoder --release --features 'parallel butteraugli-loop ssim2-loop' --example w44_170_cjxl_step025_sweep -- --image codec_wiki --effort 9 --distance-min 3.25 --distance-max 3.25 --distance-step 3.25 --strategy zenjxl --corpus-manifest benchmarks/corpora/w44_170_varied_corpus.tsv
codec_wiki	screenshot	2560	1664	zenjxl	9	3.5000	84966	78942	85.0073	82.1840	3.818460	3.101241	34346.520	32148.265	7.631	2.8233	23.127	6.838	OK	44c8be367ca8a3918e67d3d2b62de9e0169cdee5	cargo run -p jxl-encoder --release --features 'parallel butteraugli-loop ssim2-loop' --example w44_170_cjxl_step025_sweep -- --image codec_wiki --effort 9 --distance-min 3.5 --distance-max 3.5 --distance-step 3.5 --strategy zenjxl --corpus-manifest benchmarks/corpora/w44_170_varied_corpus.tsv
codec_wiki	screenshot	2560	1664	zenjxl	9	3.7500	78507	76717	84.6383	82.7297	3.046366	3.412183	53597.917	32110.342	2.333	1.9086	-10.721	66.918	OK	44c8be367ca8a3918e67d3d2b62de9e0169cdee5	cargo run -p jxl-encoder --release --features 'parallel butteraugli-loop ssim2-loop' --example w44_170_cjxl_step025_sweep -- --image codec_wiki --effort 9 --distance-min 3.75 --distance-max 3.75 --distance-step 3.75 --strategy zenjxl --corpus-manifest benchmarks/corpora/w44_170_varied_corpus.tsv
codec_wiki	screenshot	2560	1664	zenjxl	9	4.0000	0	73629	0.0000	83.3110	0.000000	3.501518	0.000	32575.259	-100.000	-83.3110	-100.000	-100.000	FAILED	44c8be367ca8a3918e67d3d2b62de9e0169cdee5	cargo run -p jxl-encoder --release --features 'parallel butteraugli-loop ssim2-loop' --example w44_170_cjxl_step025_sweep -- --image codec_wiki --effort 9 --distance-min 4 --distance-max 4 --distance-step 4 --strategy zenjxl --corpus-manifest benchmarks/corpora/w44_170_varied_corpus.tsv
codec_wiki	screenshot	2560	1664	zenjxl	9	4.2500	0	71305	0.0000	81.6868	0.000000	3.997523	0.000	29290.620	-100.000	-81.6868	-100.000	-100.000	FAILED	44c8be367ca8a3918e67d3d2b62de9e0169cdee5	cargo run -p jxl-encoder --release --features 'parallel butteraugli-loop ssim2-loop' --example w44_170_cjxl_step025_sweep -- --image codec_wiki --effort 9 --distance-min 4.25 --distance-max 4.25 --distance-step 4.25 --strategy zenjxl --corpus-manifest benchmarks/corpora/w44_170_varied_corpus.tsv
codec_wiki	screenshot	2560	1664	zenjxl	9	4.5000	0	68850	0.0000	81.3110	0.000000	4.092828	0.000	32661.333	-100.000	-81.3110	-100.000	-100.000	FAILED	44c8be367ca8a3918e67d3d2b62de9e0169cdee5	cargo run -p jxl-encoder --release --features 'parallel butteraugli-loop ssim2-loop' --example w44_170_cjxl_step025_sweep -- --image codec_wiki --effort 9 --distance-min 4.5 --distance-max 4.5 --distance-step 4.5 --strategy zenjxl --corpus-manifest benchmarks/corpora/w44_170_varied_corpus.tsv
codec_wiki	screenshot	2560	1664	zenjxl	9	4.7500	70689	66487	84.4905	79.3141	3.257399	3.823501	42337.765	30383.764	6.320	5.1764	-14.806	39.343	OK	44c8be367ca8a3918e67d3d2b62de9e0169cdee5	cargo run -p jxl-encoder --release --features 'parallel butteraugli-loop ssim2-loop' --example w44_170_cjxl_step025_sweep -- --image codec_wiki --effort 9 --distance-min 4.75 --distance-max 4.75 --distance-step 4.75 --strategy zenjxl --corpus-manifest benchmarks/corpora/w44_170_varied_corpus.tsv
codec_wiki	screenshot	2560	1664	zenjxl	9	5.0000	69454	65971	82.5823	80.4182	2.847862	4.463528	54942.858	29900.247	5.280	2.1641	-36.197	83.754	OK	44c8be367ca8a3918e67d3d2b62de9e0169cdee5	cargo run -p jxl-encoder --release --features 'parallel butteraugli-loop ssim2-loop' --example w44_170_cjxl_step025_sweep -- --image codec_wiki --effort 9 --distance-min 5 --distance-max 5 --distance-step 5 --strategy zenjxl --corpus-manifest benchmarks/corpora/w44_170_varied_corpus.tsv
graph	screenshot	796	481	zenjxl	5	0.2500	35159	35059	96.5746	96.5652	0.220321	0.196506	353.755	443.605	0.285	0.0094	12.119	-20.254	OK	44c8be367ca8a3918e67d3d2b62de9e0169cdee5	cargo run -p jxl-encoder --release --features 'parallel butteraugli-loop ssim2-loop' --example w44_170_cjxl_step025_sweep -- --image graph --effort 5 --distance-min 0.25 --distance-max 0.25 --distance-step 0.25 --strategy zenjxl --corpus-manifest benchmarks/corpora/w44_170_varied_corpus.tsv
graph	screenshot	796	481	zenjxl	5	0.5000	28143	28439	94.7118	94.9735	0.434551	0.429154	258.126	461.761	-1.041	-0.2616	1.258	-44.100	OK	44c8be367ca8a3918e67d3d2b62de9e0169cdee5	cargo run -p jxl-encoder --release --features 'parallel butteraugli-loop ssim2-loop' --example w44_170_cjxl_step025_sweep -- --image graph --effort 5 --distance-min 0.5 --distance-max 0.5 --distance-step 0.5 --strategy zenjxl --corpus-manifest benchmarks/corpora/w44_170_varied_corpus.tsv
graph	screenshot	796	481	zenjxl	5	0.7500	27880	27673	92.6735	93.1238	0.721164	0.880187	228.670	243.748	0.748	-0.4503	-18.067	-6.186	OK	44c8be367ca8a3918e67d3d2b62de9e0169cdee5	cargo run -p jxl-encoder --release --features 'parallel butteraugli-loop ssim2-loop' --example w44_170_cjxl_step025_sweep -- --image graph --effort 5 --distance-min 0.75 --distance-max 0.75 --distance-step 0.75 --strategy zenjxl --corpus-manifest benchmarks/corpora/w44_170_varied_corpus.tsv
graph	screenshot	796	481	zenjxl	5	1.0000	24988	25005	91.6758	91.7243	0.792253	1.123397	436.468	440.284	-0.068	-0.0485	-29.477	-0.867	OK	44c8be367ca8a3918e67d3d2b62de9e0169cdee5	cargo run -p jxl-encoder --release --features 'parallel butteraugli-loop ssim2-loop' --example w44_170_cjxl_step025_sweep -- --image graph --effort 5 --distance-min 1 --distance-max 1 --distance-step 1 --strategy zenjxl --corpus-manifest benchmarks/corpora/w44_170_varied_corpus.tsv
graph	screenshot	796	481	zenjxl	5	1.2500	22968	22956	89.7562	90.6033	1.059299	1.153329	294.803	324.542	0.052	-0.8471	-8.153	-9.163	OK	44c8be367ca8a3918e67d3d2b62de9e0169cdee5	cargo run -p jxl-encoder --release --features 'parallel butteraugli-loop ssim2-loop' --example w44_170_cjxl_step025_sweep -- --image graph --effort 5 --distance-min 1.25 --distance-max 1.25 --distance-step 1.25 --strategy zenjxl --corpus-manifest benchmarks/corpora/w44_170_varied_corpus.tsv
graph	screenshot	796	481	zenjxl	5	1.5000	21331	21283	88.8225	89.2714	1.276419	1.281597	191.201	258.459	0.226	-0.4489	-0.404	-26.023	OK	44c8be367ca8a3918e67d3d2b62de9e0169cdee5	cargo run -p jxl-encoder --release --features 'parallel butteraugli-loop ssim2-loop' --example w44_170_cjxl_step025_sweep -- --image graph --effort 5 --distance-min 1.5 --distance-max 1.5 --distance-step 1.5 --strategy zenjxl --corpus-manifest benchmarks/corpora/w44_170_varied_corpus.tsv
graph	screenshot	796	481	zenjxl	5	1.7500	20239	19996	88.0607	88.5587	1.515691	1.516324	204.335	239.314	1.215	-0.4980	-0.042	-14.616	OK	44c8be367ca8a3918e67d3d2b62de9e0169cdee5	cargo run -p jxl-encoder --release --features 'parallel butteraugli-loop ssim2-loop' --example w44_170_cjxl_step025_sweep -- --image graph --effort 5 --distance-min 1.75 --distance-max 1.75 --distance-step 1.75 --strategy zenjxl --corpus-manifest benchmarks/corpora/w44_170_varied_corpus.tsv
graph	screenshot	796	481	zenjxl	5	2.0000	24423	18891	89.7416	86.4987	1.071009	1.831885	331.247	220.193	29.284	3.2429	-41.535	50.435	OK	44c8be367ca8a3918e67d3d2b62de9e0169cdee5	cargo run -p jxl-encoder --release --features 'parallel butteraugli-loop ssim2-loop' --example w44_170_cjxl_step025_sweep -- --image graph --effort 5 --distance-min 2 --distance-max 2 --distance-step 2 --strategy zenjxl --corpus-manifest benchmarks/corpora/w44_170_varied_corpus.tsv
graph	screenshot	796	481	zenjxl	5	2.2500	23318	18096	87.3236	86.4560	1.175861	2.275156	234.120	315.928	28.857	0.8676	-48.317	-25.894	OK	44c8be367ca8a3918e67d3d2b62de9e0169cdee5	cargo run -p jxl-encoder --release --features 'parallel butteraugli-loop ssim2-loop' --example w44_170_cjxl_step025_sweep -- --image graph --effort 5 --distance-min 2.25 --distance-max 2.25 --distance-step 2.25 --strategy zenjxl --corpus-manifest benchmarks/corpora/w44_170_varied_corpus.tsv
graph	screenshot	796	481	zenjxl	5	2.5000	22193	17424	88.5453	84.9419	1.185264	2.968752	314.475	391.569	27.370	3.6034	-60.075	-19.689	OK	44c8be367ca8a3918e67d3d2b62de9e0169cdee5	cargo run -p jxl-encoder --release --features 'parallel butteraugli-loop ssim2-loop' --example w44_170_cjxl_step025_sweep -- --image graph --effort 5 --distance-min 2.5 --distance-max 2.5 --distance-step 2.5 --strategy zenjxl --corpus-manifest benchmarks/corpora/w44_170_varied_corpus.tsv
graph	screenshot	796	481	zenjxl	5	2.7500	21382	17227	87.6908	81.6768	1.383457	2.176789	251.913	386.353	24.119	6.0140	-36.445	-34.797	OK	44c8be367ca8a3918e67d3d2b62de9e0169cdee5	cargo run -p jxl-encoder --release --features 'parallel butteraugli-loop ssim2-loop' --example w44_170_cjxl_step025_sweep -- --image graph --effort 5 --distance-min 2.75 --distance-max 2.75 --distance-step 2.75 --strategy zenjxl --corpus-manifest benchmarks/corpora/w44_170_varied_corpus.tsv
graph	screenshot	796	481	zenjxl	5	3.0000	20761	16459	86.7314	82.3279	1.562183	2.837216	293.966	212.149	26.138	4.4035	-44.940	38.566	OK	44c8be367ca8a3918e67d3d2b62de9e0169cdee5	cargo run -p jxl-encoder --release --features 'parallel butteraugli-loop ssim2-loop' --example w44_170_cjxl_step025_sweep -- --image graph --effort 5 --distance-min 3 --distance-max 3 --distance-step 3 --strategy zenjxl --corpus-manifest benchmarks/corpora/w44_170_varied_corpus.tsv
graph	screenshot	796	481	zenjxl	5	3.2500	19988	15672	86.4600	81.9589	1.486559	3.308381	296.748	204.347	27.540	4.5011	-55.067	45.217	OK	44c8be367ca8a3918e67d3d2b62de9e0169cdee5	cargo run -p jxl-encoder --release --features 'parallel butteraugli-loop ssim2-loop' --example w44_170_cjxl_step025_sweep -- --image graph --effort 5 --distance-min 3.25 --distance-max 3.25 --distance-step 3.25 --strategy zenjxl --corpus-manifest benchmarks/corpora/w44_170_varied_corpus.tsv
graph	screenshot	796	481	zenjxl	5	3.5000	19395	15066	86.1533	80.9650	1.761586	3.171857	288.564	192.873	28.734	5.1883	-44.462	49.614	OK	44c8be367ca8a3918e67d3d2b62de9e0169cdee5	cargo run -p jxl-encoder --release --features 'parallel butteraugli-loop ssim2-loop' --example w44_170_cjxl_step025_sweep -- --image graph --effort 5 --distance-min 3.5 --distance-max 3.5 --distance-step 3.5 --strategy zenjxl --corpus-manifest benchmarks/corpora/w44_170_varied_corpus.tsv
graph	screenshot	796	481	zenjxl	5	3.7500	18688	14572	84.5965	81.2299	2.109149	3.282845	283.570	186.477	28.246	3.3666	-35.752	52.067	OK	44c8be367ca8a3918e67d3d2b62de9e0169cdee5	cargo run -p jxl-encoder --release --features 'parallel butteraugli-loop ssim2-loop' --example w44_170_cjxl_step025_sweep -- --image graph --effort 5 --distance-min 3.75 --distance-max 3.75 --distance-step 3.75 --strategy zenjxl --corpus-manifest benchmarks/corpora/w44_170_varied_corpus.tsv
graph	screenshot	796	481	zenjxl	5	4.0000	18103	14295	84.7386	80.6322	2.137023	2.816644	342.414	227.559	26.639	4.1064	-24.129	50.473	OK	44c8be367ca8a3918e67d3d2b62de9e0169cdee5	cargo run -p jxl-encoder --release --features 'parallel butteraugli-loop ssim2-loop' --example w44_170_cjxl_step025_sweep -- --image graph --effort 5 --distance-min 4 --distance-max 4 --distance-step 4 --strategy zenjxl --corpus-manifest benchmarks/corpora/w44_170_varied_corpus.tsv
graph	screenshot	796	481	zenjxl	5	4.2500	17675	14075	83.2630	80.3014	2.280972	3.368665	277.012	222.791	25.577	2.9616	-32.289	24.337	OK	44c8be367ca8a3918e67d3d2b62de9e0169cdee5	cargo run -p jxl-encoder --release --features 'parallel butteraugli-loop ssim2-loop' --example w44_170_cjxl_step025_sweep -- --image graph --effort 5 --distance-min 4.25 --distance-max 4.25 --distance-step 4.25 --strategy zenjxl --corpus-manifest benchmarks/corpora/w44_170_varied_corpus.tsv
graph	screenshot	796	481	zenjxl	5	4.5000	17324	13526	83.8603	72.8115	2.151793	3.652032	310.784	237.530	28.079	11.0488	-41.080	30.840	OK	44c8be367ca8a3918e67d3d2b62de9e0169cdee5	cargo run -p jxl-encoder --release --features 'parallel butteraugli-loop ssim2-loop' --example w44_170_cjxl_step025_sweep -- --image graph --effort 5 --distance-min 4.5 --distance-max 4.5 --distance-step 4.5 --strategy zenjxl --corpus-manifest benchmarks/corpora/w44_170_varied_corpus.tsv
graph	screenshot	796	481	zenjxl	5	4.7500	17060	13216	82.2386	74.1922	2.285111	3.530308	298.462	217.719	29.086	8.0464	-35.272	37.086	OK	44c8be367ca8a3918e67d3d2b62de9e0169cdee5	cargo run -p jxl-encoder --release --features 'parallel butteraugli-loop ssim2-loop' --example w44_170_cjxl_step025_sweep -- --image graph --effort 5 --distance-min 4.75 --distance-max 4.75 --distance-step 4.75 --strategy zenjxl --corpus-manifest benchmarks/corpora/w44_170_varied_corpus.tsv
graph	screenshot	796	481	zenjxl	5	5.0000	16567	13178	81.5550	75.6815	2.758240	3.836208	268.211	199.415	25.717	5.8735	-28.100	34.499	OK	44c8be367ca8a3918e67d3d2b62de9e0169cdee5	cargo run -p jxl-encoder --release --features 'parallel butteraugli-loop ssim2-loop' --example w44_170_cjxl_step025_sweep -- --image graph --effort 5 --distance-min 5 --distance-max 5 --distance-step 5 --strategy zenjxl --corpus-manifest benchmarks/corpora/w44_170_varied_corpus.tsv
graph	screenshot	796	481	zenjxl	6	0.2500	35904	34972	96.5181	96.5144	0.218638	0.219693	381.449	276.638	2.665	0.0037	-0.480	37.887	OK	44c8be367ca8a3918e67d3d2b62de9e0169cdee5	cargo run -p jxl-encoder --release --features 'parallel butteraugli-loop ssim2-loop' --example w44_170_cjxl_step025_sweep -- --image graph --effort 6 --distance-min 0.25 --distance-max 0.25 --distance-step 0.25 --strategy zenjxl --corpus-manifest benchmarks/corpora/w44_170_varied_corpus.tsv
graph	screenshot	796	481	zenjxl	6	0.5000	28193	27993	94.7690	95.0728	0.346949	0.389995	323.188	301.689	0.714	-0.3038	-11.038	7.126	OK	44c8be367ca8a3918e67d3d2b62de9e0169cdee5	cargo run -p jxl-encoder --release --features 'parallel butteraugli-loop ssim2-loop' --example w44_170_cjxl_step025_sweep -- --image graph --effort 6 --distance-min 0.5 --distance-max 0.5 --distance-step 0.5 --strategy zenjxl --corpus-manifest benchmarks/corpora/w44_170_varied_corpus.tsv
graph	screenshot	796	481	zenjxl	6	0.7500	28305	27524	92.5940	93.2853	0.744804	0.913589	494.434	690.799	2.838	-0.6913	-18.475	-28.426	OK	44c8be367ca8a3918e67d3d2b62de9e0169cdee5	cargo run -p jxl-encoder --release --features 'parallel butteraugli-loop ssim2-loop' --example w44_170_cjxl_step025_sweep -- --image graph --effort 6 --distance-min 0.75 --distance-max 0.75 --distance-step 0.75 --strategy zenjxl --corpus-manifest benchmarks/corpora/w44_170_varied_corpus.tsv
graph	screenshot	796	481	zenjxl	6	1.0000	25217	24729	91.7339	91.9424	0.856128	1.159427	528.300	434.610	1.973	-0.2085	-26.159	21.557	OK	44c8be367ca8a3918e67d3d2b62de9e0169cdee5	cargo run -p jxl-encoder --release --features 'parallel butteraugli-loop ssim2-loop' --example w44_170_cjxl_step025_sweep -- --image graph --effort 6 --distance-min 1 --distance-max 1 --distance-step 1 --strategy zenjxl --corpus-manifest benchmarks/corpora/w44_170_varied_corpus.tsv
graph	screenshot	796	481	zenjxl	6	1.2500	23225	22588	89.8165	90.9355	1.135757	1.121764	472.096	411.114	2.820	-1.1191	1.247	14.833	OK	44c8be367ca8a3918e67d3d2b62de9e0169cdee5	cargo run -p jxl-encoder --release --features 'parallel butteraugli-loop ssim2-loop' --example w44_170_cjxl_step025_sweep -- --image graph --effort 6 --distance-min 1.25 --distance-max 1.25 --distance-step 1.25 --strategy zenjxl --corpus-manifest benchmarks/corpora/w44_170_varied_corpus.tsv
graph	screenshot	796	481	zenjxl	6	1.5000	21759	21281	89.2266	89.6931	1.306629	1.269574	510.110	461.855	2.246	-0.4664	2.919	10.448	OK	44c8be367ca8a3918e67d3d2b62de9e0169cdee5	cargo run -p jxl-encoder --release --features 'parallel butteraugli-loop ssim2-loop' --example w44_170_cjxl_step025_sweep -- --image graph --effort 6 --distance-min 1.5 --distance-max 1.5 --distance-step 1.5 --strategy zenjxl --corpus-manifest benchmarks/corpora/w44_170_varied_corpus.tsv
graph	screenshot	796	481	zenjxl	6	1.7500	20639	20186	88.1684	88.9962	1.820752	1.797783	488.158	396.547	2.244	-0.8278	1.278	23.102	OK	44c8be367ca8a3918e67d3d2b62de9e0169cdee5	cargo run -p jxl-encoder --release --features 'parallel butteraugli-loop ssim2-loop' --example w44_170_cjxl_step025_sweep -- --image graph --effort 6 --distance-min 1.75 --distance-max 1.75 --distance-step 1.75 --strategy zenjxl --corpus-manifest benchmarks/corpora/w44_170_varied_corpus.tsv
graph	screenshot	796	481	zenjxl	6	2.0000	24813	19047	89.7544	87.0901	1.031724	1.766314	623.354	483.947	30.272	2.6643	-41.589	28.806	OK	44c8be367ca8a3918e67d3d2b62de9e0169cdee5	cargo run -p jxl-encoder --release --features 'parallel butteraugli-loop ssim2-loop' --example w44_170_cjxl_step025_sweep -- --image graph --effort 6 --distance-min 2 --distance-max 2 --distance-step 2 --strategy zenjxl --corpus-manifest benchmarks/corpora/w44_170_varied_corpus.tsv
graph	screenshot	796	481	zenjxl	6	2.2500	23658	18251	87.5027	87.4178	1.246216	1.924103	631.250	469.757	29.626	0.0849	-35.231	34.378	OK	44c8be367ca8a3918e67d3d2b62de9e0169cdee5	cargo run -p jxl-encoder --release --features 'parallel butteraugli-loop ssim2-loop' --example w44_170_cjxl_step025_sweep -- --image graph --effort 6 --distance-min 2.25 --distance-max 2.25 --distance-step 2.25 --strategy zenjxl --corpus-manifest benchmarks/corpora/w44_170_varied_corpus.tsv
graph	screenshot	796	481	zenjxl	6	2.5000	22583	17634	89.0233	86.2782	1.281840	2.109467	464.592	499.052	28.065	2.7451	-39.234	-6.905	OK	44c8be367ca8a3918e67d3d2b62de9e0169cdee5	cargo run -p jxl-encoder --release --features 'parallel butteraugli-loop ssim2-loop' --example w44_170_cjxl_step025_sweep -- --image graph --effort 6 --distance-min 2.5 --distance-max 2.5 --distance-step 2.5 --strategy zenjxl --corpus-manifest benchmarks/corpora/w44_170_varied_corpus.tsv
graph	screenshot	796	481	zenjxl	6	2.7500	21817	17512	88.4023	83.1464	1.326957	2.168494	552.955	513.466	24.583	5.2559	-38.807	7.691	OK	44c8be367ca8a3918e67d3d2b62de9e0169cdee5	cargo run -p jxl-encoder --release --features 'parallel butteraugli-loop ssim2-loop' --example w44_170_cjxl_step025_sweep -- --image graph --effort 6 --distance-min 2.75 --distance-max 2.75 --distance-step 2.75 --strategy zenjxl --corpus-manifest benchmarks/corpora/w44_170_varied_corpus.tsv
graph	screenshot	796	481	zenjxl	6	3.0000	20997	16701	88.1204	83.2419	1.464257	3.184392	479.546	481.109	25.723	4.8784	-54.018	-0.325	OK	44c8be367ca8a3918e67d3d2b62de9e0169cdee5	cargo run -p jxl-encoder --release --features 'parallel butteraugli-loop ssim2-loop' --example w44_170_cjxl_step025_sweep -- --image graph --effort 6 --distance-min 3 --distance-max 3 --distance-step 3 --strategy zenjxl --corpus-manifest benchmarks/corpora/w44_170_varied_corpus.tsv
graph	screenshot	796	481	zenjxl	6	3.2500	20341	15761	86.6257	83.6047	1.507509	2.678461	427.319	647.512	29.059	3.0209	-43.717	-34.006	OK	44c8be367ca8a3918e67d3d2b62de9e0169cdee5	cargo run -p jxl-encoder --release --features 'parallel butteraugli-loop ssim2-loop' --example w44_170_cjxl_step025_sweep -- --image graph --effort 6 --distance-min 3.25 --distance-max 3.25 --distance-step 3.25 --strategy zenjxl --corpus-manifest benchmarks/corpora/w44_170_varied_corpus.tsv
graph	screenshot	796	481	zenjxl	6	3.5000	19719	15341	86.9347	82.0421	1.795483	2.922003	668.355	675.649	28.538	4.8926	-38.553	-1.080	OK	44c8be367ca8a3918e67d3d2b62de9e0169cdee5	cargo run -p jxl-encoder --release --features 'parallel butteraugli-loop ssim2-loop' --example w44_170_cjxl_step025_sweep -- --image graph --effort 6 --distance-min 3.5 --distance-max 3.5 --distance-step 3.5 --strategy zenjxl --corpus-manifest benchmarks/corpora/w44_170_varied_corpus.tsv
graph	screenshot	796	481	zenjxl	6	3.7500	19005	14921	85.1414	81.8232	2.230680	3.097912	539.053	622.098	27.371	3.3182	-27.994	-13.349	OK	44c8be367ca8a3918e67d3d2b62de9e0169cdee5	cargo run -p jxl-encoder --release --features 'parallel butteraugli-loop ssim2-loop' --example w44_170_cjxl_step025_sweep -- --image graph --effort 6 --distance-min 3.75 --distance-max 3.75 --distance-step 3.75 --strategy zenjxl --corpus-manifest benchmarks/corpora/w44_170_varied_corpus.tsv
graph	screenshot	796	481	zenjxl	6	4.0000	18498	14780	85.5799	80.9967	1.946131	3.231909	786.061	492.531	25.156	4.5832	-39.784	59.596	OK	44c8be367ca8a3918e67d3d2b62de9e0169cdee5	cargo run -p jxl-encoder --release --features 'parallel butteraugli-loop ssim2-loop' --example w44_170_cjxl_step025_sweep -- --image graph --effort 6 --distance-min 4 --distance-max 4 --distance-step 4 --strategy zenjxl --corpus-manifest benchmarks/corpora/w44_170_varied_corpus.tsv
graph	screenshot	796	481	zenjxl	6	4.2500	18249	14596	83.0947	80.1037	2.392681	3.204625	750.228	481.810	25.027	2.9910	-25.337	55.710	OK	44c8be367ca8a3918e67d3d2b62de9e0169cdee5	cargo run -p jxl-encoder --release --features 'parallel butteraugli-loop ssim2-loop' --example w44_170_cjxl_step025_sweep -- --image graph --effort 6 --distance-min 4.25 --distance-max 4.25 --distance-step 4.25 --strategy zenjxl --corpus-manifest benchmarks/corpora/w44_170_varied_corpus.tsv
graph	screenshot	796	481	zenjxl	6	4.5000	17766	14257	83.7069	72.5920	2.187606	3.920802	715.077	505.815	24.612	11.1149	-44.205	41.371	OK	44c8be367ca8a3918e67d3d2b62de9e0169cdee5	cargo run -p jxl-encoder --release --features 'parallel butteraugli-loop ssim2-loop' --example w44_170_cjxl_step025_sweep -- --image graph --effort 6 --distance-min 4.5 --distance-max 4.5 --distance-step 4.5 --strategy zenjxl --corpus-manifest benchmarks/corpora/w44_170_varied_corpus.tsv
graph	screenshot	796	481	zenjxl	6	4.7500	17459	13552	81.4650	74.0642	2.431231	3.475939	545.199	459.876	28.830	7.4007	-30.055	18.554	OK	44c8be367ca8a3918e67d3d2b62de9e0169cdee5	cargo run -p jxl-encoder --release --features 'parallel butteraugli-loop ssim2-loop' --example w44_170_cjxl_step025_sweep -- --image graph --effort 6 --distance-min 4.75 --distance-max 4.75 --distance-step 4.75 --strategy zenjxl --corpus-manifest benchmarks/corpora/w44_170_varied_corpus.tsv
graph	screenshot	796	481	zenjxl	6	5.0000	16843	13516	80.6197	75.2953	2.803279	3.795282	537.282	578.191	24.615	5.3244	-26.138	-7.075	OK	44c8be367ca8a3918e67d3d2b62de9e0169cdee5	cargo run -p jxl-encoder --release --features 'parallel butteraugli-loop ssim2-loop' --example w44_170_cjxl_step025_sweep -- --image graph --effort 6 --distance-min 5 --distance-max 5 --distance-step 5 --strategy zenjxl --corpus-manifest benchmarks/corpora/w44_170_varied_corpus.tsv
graph	screenshot	796	481	zenjxl	7	0.2500	38535	33003	96.5553	96.4354	0.218638	0.200046	416.626	617.986	16.762	0.1200	9.294	-32.583	OK	44c8be367ca8a3918e67d3d2b62de9e0169cdee5	cargo run -p jxl-encoder --release --features 'parallel butteraugli-loop ssim2-loop' --example w44_170_cjxl_step025_sweep -- --image graph --effort 7 --distance-min 0.25 --distance-max 0.25 --distance-step 0.25 --strategy zenjxl --corpus-manifest benchmarks/corpora/w44_170_varied_corpus.tsv
graph	screenshot	796	481	zenjxl	7	0.5000	29332	26250	94.8253	94.6348	0.346943	0.706952	306.980	418.742	11.741	0.1905	-50.924	-26.690	OK	44c8be367ca8a3918e67d3d2b62de9e0169cdee5	cargo run -p jxl-encoder --release --features 'parallel butteraugli-loop ssim2-loop' --example w44_170_cjxl_step025_sweep -- --image graph --effort 7 --distance-min 0.5 --distance-max 0.5 --distance-step 0.5 --strategy zenjxl --corpus-manifest benchmarks/corpora/w44_170_varied_corpus.tsv
graph	screenshot	796	481	zenjxl	7	0.7500	28485	25927	92.5259	93.2377	0.743192	0.913589	397.062	490.235	9.866	-0.7118	-18.651	-19.006	OK	44c8be367ca8a3918e67d3d2b62de9e0169cdee5	cargo run -p jxl-encoder --release --features 'parallel butteraugli-loop ssim2-loop' --example w44_170_cjxl_step025_sweep -- --image graph --effort 7 --distance-min 0.75 --distance-max 0.75 --distance-step 0.75 --strategy zenjxl --corpus-manifest benchmarks/corpora/w44_170_varied_corpus.tsv
graph	screenshot	796	481	zenjxl	7	1.0000	25718	23484	91.7469	92.1061	0.847083	1.141968	434.533	491.379	9.513	-0.3591	-25.823	-11.569	OK	44c8be367ca8a3918e67d3d2b62de9e0169cdee5	cargo run -p jxl-encoder --release --features 'parallel butteraugli-loop ssim2-loop' --example w44_170_cjxl_step025_sweep -- --image graph --effort 7 --distance-min 1 --distance-max 1 --distance-step 1 --strategy zenjxl --corpus-manifest benchmarks/corpora/w44_170_varied_corpus.tsv
graph	screenshot	796	481	zenjxl	7	1.2500	23356	21495	89.7171	91.3708	1.139535	1.201788	593.638	487.148	8.658	-1.6537	-5.180	21.860	OK	44c8be367ca8a3918e67d3d2b62de9e0169cdee5	cargo run -p jxl-encoder --release --features 'parallel butteraugli-loop ssim2-loop' --example w44_170_cjxl_step025_sweep -- --image graph --effort 7 --distance-min 1.25 --distance-max 1.25 --distance-step 1.25 --strategy zenjxl --corpus-manifest benchmarks/corpora/w44_170_varied_corpus.tsv
graph	screenshot	796	481	zenjxl	7	1.5000	21995	20377	89.9401	90.0871	1.286612	1.358217	541.481	724.924	7.940	-0.1469	-5.272	-25.305	OK	44c8be367ca8a3918e67d3d2b62de9e0169cdee5	cargo run -p jxl-encoder --release --features 'parallel butteraugli-loop ssim2-loop' --example w44_170_cjxl_step025_sweep -- --image graph --effort 7 --distance-min 1.5 --distance-max 1.5 --distance-step 1.5 --strategy zenjxl --corpus-manifest benchmarks/corpora/w44_170_varied_corpus.tsv
graph	screenshot	796	481	zenjxl	7	1.7500	20808	19413	88.4691	89.4879	1.820750	1.831733	573.097	564.391	7.186	-1.0188	-0.600	1.543	OK	44c8be367ca8a3918e67d3d2b62de9e0169cdee5	cargo run -p jxl-encoder --release --features 'parallel butteraugli-loop ssim2-loop' --example w44_170_cjxl_step025_sweep -- --image graph --effort 7 --distance-min 1.75 --distance-max 1.75 --distance-step 1.75 --strategy zenjxl --corpus-manifest benchmarks/corpora/w44_170_varied_corpus.tsv
graph	screenshot	796	481	zenjxl	7	2.0000	28582	18263	91.0138	87.9955	0.851863	1.808926	500.825	498.554	56.502	3.0183	-52.908	0.456	OK	44c8be367ca8a3918e67d3d2b62de9e0169cdee5	cargo run -p jxl-encoder --release --features 'parallel butteraugli-loop ssim2-loop' --example w44_170_cjxl_step025_sweep -- --image graph --effort 7 --distance-min 2 --distance-max 2 --distance-step 2 --strategy zenjxl --corpus-manifest benchmarks/corpora/w44_170_varied_corpus.tsv
graph	screenshot	796	481	zenjxl	7	2.2500	27340	17420	88.6440	87.5869	1.064214	1.900811	624.738	593.308	56.946	1.0571	-44.013	5.297	OK	44c8be367ca8a3918e67d3d2b62de9e0169cdee5	cargo run -p jxl-encoder --release --features 'parallel butteraugli-loop ssim2-loop' --example w44_170_cjxl_step025_sweep -- --image graph --effort 7 --distance-min 2.25 --distance-max 2.25 --distance-step 2.25 --strategy zenjxl --corpus-manifest benchmarks/corpora/w44_170_varied_corpus.tsv
graph	screenshot	796	481	zenjxl	7	2.5000	25812	16791	89.9658	85.1819	1.036532	2.927344	498.111	579.955	53.725	4.7839	-64.591	-14.112	OK	44c8be367ca8a3918e67d3d2b62de9e0169cdee5	cargo run -p jxl-encoder --release --features 'parallel butteraugli-loop ssim2-loop' --example w44_170_cjxl_step025_sweep -- --image graph --effort 7 --distance-min 2.5 --distance-max 2.5 --distance-step 2.5 --strategy zenjxl --corpus-manifest benchmarks/corpora/w44_170_varied_corpus.tsv
graph	screenshot	796	481	zenjxl	7	2.7500	25113	16662	90.1843	82.3547	0.936042	2.170039	450.653	743.568	50.720	7.8295	-56.865	-39.393	OK	44c8be367ca8a3918e67d3d2b62de9e0169cdee5	cargo run -p jxl-encoder --release --features 'parallel butteraugli-loop ssim2-loop' --example w44_170_cjxl_step025_sweep -- --image graph --effort 7 --distance-min 2.75 --distance-max 2.75 --distance-step 2.75 --strategy zenjxl --corpus-manifest benchmarks/corpora/w44_170_varied_corpus.tsv
graph	screenshot	796	481	zenjxl	7	3.0000	24224	15751	89.8431	83.1403	1.040530	2.950247	536.810	656.974	53.793	6.7029	-64.731	-18.290	OK	44c8be367ca8a3918e67d3d2b62de9e0169cdee5	cargo run -p jxl-encoder --release --features 'parallel butteraugli-loop ssim2-loop' --example w44_170_cjxl_step025_sweep -- --image graph --effort 7 --distance-min 3 --distance-max 3 --distance-step 3 --strategy zenjxl --corpus-manifest benchmarks/corpora/w44_170_varied_corpus.tsv
graph	screenshot	796	481	zenjxl	7	3.2500	23547	15137	88.9083	83.3579	1.131601	2.664609	543.756	600.472	55.559	5.5504	-57.532	-9.445	OK	44c8be367ca8a3918e67d3d2b62de9e0169cdee5	cargo run -p jxl-encoder --release --features 'parallel butteraugli-loop ssim2-loop' --example w44_170_cjxl_step025_sweep -- --image graph --effort 7 --distance-min 3.25 --distance-max 3.25 --distance-step 3.25 --strategy zenjxl --corpus-manifest benchmarks/corpora/w44_170_varied_corpus.tsv
graph	screenshot	796	481	zenjxl	7	3.5000	23105	14527	88.7805	82.1418	1.142694	3.053268	539.589	614.647	59.049	6.6387	-62.575	-12.212	OK	44c8be367ca8a3918e67d3d2b62de9e0169cdee5	cargo run -p jxl-encoder --release --features 'parallel butteraugli-loop ssim2-loop' --example w44_170_cjxl_step025_sweep -- --image graph --effort 7 --distance-min 3.5 --distance-max 3.5 --distance-step 3.5 --strategy zenjxl --corpus-manifest benchmarks/corpora/w44_170_varied_corpus.tsv
graph	screenshot	796	481	zenjxl	7	3.7500	22387	14184	88.7069	81.6631	1.175180	3.109044	535.313	487.939	57.833	7.0438	-62.201	9.709	OK	44c8be367ca8a3918e67d3d2b62de9e0169cdee5	cargo run -p jxl-encoder --release --features 'parallel butteraugli-loop ssim2-loop' --example w44_170_cjxl_step025_sweep -- --image graph --effort 7 --distance-min 3.75 --distance-max 3.75 --distance-step 3.75 --strategy zenjxl --corpus-manifest benchmarks/corpora/w44_170_varied_corpus.tsv
graph	screenshot	796	481	zenjxl	7	4.0000	22022	14102	88.0954	80.7459	1.322880	3.293194	808.495	559.018	56.162	7.3496	-59.830	44.628	OK	44c8be367ca8a3918e67d3d2b62de9e0169cdee5	cargo run -p jxl-encoder --release --features 'parallel butteraugli-loop ssim2-loop' --example w44_170_cjxl_step025_sweep -- --image graph --effort 7 --distance-min 4 --distance-max 4 --distance-step 4 --strategy zenjxl --corpus-manifest benchmarks/corpora/w44_170_varied_corpus.tsv
graph	screenshot	796	481	zenjxl	7	4.2500	21439	13808	86.2740	79.3928	1.604736	3.231732	779.879	500.581	55.265	6.8812	-50.344	55.795	OK	44c8be367ca8a3918e67d3d2b62de9e0169cdee5	cargo run -p jxl-encoder --release --features 'parallel butteraugli-loop ssim2-loop' --example w44_170_cjxl_step025_sweep -- --image graph --effort 7 --distance-min 4.25 --distance-max 4.25 --distance-step 4.25 --strategy zenjxl --corpus-manifest benchmarks/corpora/w44_170_varied_corpus.tsv
graph	screenshot	796	481	zenjxl	7	4.5000	20913	13533	86.2761	76.9209	1.808040	3.906930	730.500	482.987	54.533	9.3552	-53.722	51.246	OK	44c8be367ca8a3918e67d3d2b62de9e0169cdee5	cargo run -p jxl-encoder --release --features 'parallel butteraugli-loop ssim2-loop' --example w44_170_cjxl_step025_sweep -- --image graph --effort 7 --distance-min 4.5 --distance-max 4.5 --distance-step 4.5 --strategy zenjxl --corpus-manifest benchmarks/corpora/w44_170_varied_corpus.tsv
graph	screenshot	796	481	zenjxl	7	4.7500	20327	12849	84.5320	76.0565	1.745614	3.475379	561.774	503.015	58.199	8.4755	-49.772	11.681	OK	44c8be367ca8a3918e67d3d2b62de9e0169cdee5	cargo run -p jxl-encoder --release --features 'parallel butteraugli-loop ssim2-loop' --example w44_170_cjxl_step025_sweep -- --image graph --effort 7 --distance-min 4.75 --distance-max 4.75 --distance-step 4.75 --strategy zenjxl --corpus-manifest benchmarks/corpora/w44_170_varied_corpus.tsv
graph	screenshot	796	481	zenjxl	7	5.0000	19749	12903	84.0754	72.3481	1.836992	3.724365	728.015	554.403	53.057	11.7274	-50.676	31.315	OK	44c8be367ca8a3918e67d3d2b62de9e0169cdee5	cargo run -p jxl-encoder --release --features 'parallel butteraugli-loop ssim2-loop' --example w44_170_cjxl_step025_sweep -- --image graph --effort 7 --distance-min 5 --distance-max 5 --distance-step 5 --strategy zenjxl --corpus-manifest benchmarks/corpora/w44_170_varied_corpus.tsv
graph	screenshot	796	481	zenjxl	8	0.2500	35553	38414	96.1125	96.3181	0.222493	0.249272	1714.267	1901.672	-7.448	-0.2056	-10.743	-9.855	OK	44c8be367ca8a3918e67d3d2b62de9e0169cdee5	cargo run -p jxl-encoder --release --features 'parallel butteraugli-loop ssim2-loop' --example w44_170_cjxl_step025_sweep -- --image graph --effort 8 --distance-min 0.25 --distance-max 0.25 --distance-step 0.25 --strategy zenjxl --corpus-manifest benchmarks/corpora/w44_170_varied_corpus.tsv
graph	screenshot	796	481	zenjxl	8	0.5000	26566	30268	94.5329	94.6115	0.445134	0.409686	2040.381	1885.745	-12.231	-0.0786	8.652	8.200	OK	44c8be367ca8a3918e67d3d2b62de9e0169cdee5	cargo run -p jxl-encoder --release --features 'parallel butteraugli-loop ssim2-loop' --example w44_170_cjxl_step025_sweep -- --image graph --effort 8 --distance-min 0.5 --distance-max 0.5 --distance-step 0.5 --strategy zenjxl --corpus-manifest benchmarks/corpora/w44_170_varied_corpus.tsv
graph	screenshot	796	481	zenjxl	8	0.7500	25962	30187	92.8395	92.6455	0.863500	0.628951	2036.156	2043.034	-13.996	0.1940	37.292	-0.337	OK	44c8be367ca8a3918e67d3d2b62de9e0169cdee5	cargo run -p jxl-encoder --release --features 'parallel butteraugli-loop ssim2-loop' --example w44_170_cjxl_step025_sweep -- --image graph --effort 8 --distance-min 0.75 --distance-max 0.75 --distance-step 0.75 --strategy zenjxl --corpus-manifest benchmarks/corpora/w44_170_varied_corpus.tsv
graph	screenshot	796	481	zenjxl	8	1.0000	23293	26855	90.7073	91.5645	0.933088	0.948340	2589.640	2202.346	-13.264	-0.8572	-1.608	17.586	OK	44c8be367ca8a3918e67d3d2b62de9e0169cdee5	cargo run -p jxl-encoder --release --features 'parallel butteraugli-loop ssim2-loop' --example w44_170_cjxl_step025_sweep -- --image graph --effort 8 --distance-min 1 --distance-max 1 --distance-step 1 --strategy zenjxl --corpus-manifest benchmarks/corpora/w44_170_varied_corpus.tsv
graph	screenshot	796	481	zenjxl	8	1.2500	21244	24784	89.2299	90.6900	1.087012	1.402466	2583.992	1937.067	-14.283	-1.4601	-22.493	33.397	OK	44c8be367ca8a3918e67d3d2b62de9e0169cdee5	cargo run -p jxl-encoder --release --features 'parallel butteraugli-loop ssim2-loop' --example w44_170_cjxl_step025_sweep -- --image graph --effort 8 --distance-min 1.25 --distance-max 1.25 --distance-step 1.25 --strategy zenjxl --corpus-manifest benchmarks/corpora/w44_170_varied_corpus.tsv
graph	screenshot	796	481	zenjxl	8	1.5000	19701	22915	88.8495	89.9864	1.301147	1.160416	2800.661	2001.902	-14.026	-1.1368	12.128	39.900	OK	44c8be367ca8a3918e67d3d2b62de9e0169cdee5	cargo run -p jxl-encoder --release --features 'parallel butteraugli-loop ssim2-loop' --example w44_170_cjxl_step025_sweep -- --image graph --effort 8 --distance-min 1.5 --distance-max 1.5 --distance-step 1.5 --strategy zenjxl --corpus-manifest benchmarks/corpora/w44_170_varied_corpus.tsv
graph	screenshot	796	481	zenjxl	8	1.7500	18458	21843	87.6688	88.8422	1.674326	1.661003	2654.875	2000.103	-15.497	-1.1734	0.802	32.737	OK	44c8be367ca8a3918e67d3d2b62de9e0169cdee5	cargo run -p jxl-encoder --release --features 'parallel butteraugli-loop ssim2-loop' --example w44_170_cjxl_step025_sweep -- --image graph --effort 8 --distance-min 1.75 --distance-max 1.75 --distance-step 1.75 --strategy zenjxl --corpus-manifest benchmarks/corpora/w44_170_varied_corpus.tsv
graph	screenshot	796	481	zenjxl	8	2.0000	24416	20783	89.3683	87.0975	0.874890	2.080961	2514.398	2097.228	17.481	2.2708	-57.957	19.892	OK	44c8be367ca8a3918e67d3d2b62de9e0169cdee5	cargo run -p jxl-encoder --release --features 'parallel butteraugli-loop ssim2-loop' --example w44_170_cjxl_step025_sweep -- --image graph --effort 8 --distance-min 2 --distance-max 2 --distance-step 2 --strategy zenjxl --corpus-manifest benchmarks/corpora/w44_170_varied_corpus.tsv
graph	screenshot	796	481	zenjxl	8	2.2500	23821	19724	87.6183	85.0613	1.232046	2.112520	3059.053	1955.224	20.772	2.5570	-41.679	56.455	OK	44c8be367ca8a3918e67d3d2b62de9e0169cdee5	cargo run -p jxl-encoder --release --features 'parallel butteraugli-loop ssim2-loop' --example w44_170_cjxl_step025_sweep -- --image graph --effort 8 --distance-min 2.25 --distance-max 2.25 --distance-step 2.25 --strategy zenjxl --corpus-manifest benchmarks/corpora/w44_170_varied_corpus.tsv
graph	screenshot	796	481	zenjxl	8	2.5000	22531	19033	83.5675	82.9266	1.259594	2.919565	2328.465	2011.307	18.379	0.6409	-56.857	15.769	OK	44c8be367ca8a3918e67d3d2b62de9e0169cdee5	cargo run -p jxl-encoder --release --features 'parallel butteraugli-loop ssim2-loop' --example w44_170_cjxl_step025_sweep -- --image graph --effort 8 --distance-min 2.5 --distance-max 2.5 --distance-step 2.5 --strategy zenjxl --corpus-manifest benchmarks/corpora/w44_170_varied_corpus.tsv
graph	screenshot	796	481	zenjxl	8	2.7500	21052	18608	89.0951	82.1174	1.234832	2.509522	2528.391	2213.745	13.134	6.9777	-50.794	14.213	OK	44c8be367ca8a3918e67d3d2b62de9e0169cdee5	cargo run -p jxl-encoder --release --features 'parallel butteraugli-loop ssim2-loop' --example w44_170_cjxl_step025_sweep -- --image graph --effort 8 --distance-min 2.75 --distance-max 2.75 --distance-step 2.75 --strategy zenjxl --corpus-manifest benchmarks/corpora/w44_170_varied_corpus.tsv
graph	screenshot	796	481	zenjxl	8	3.0000	20707	17838	87.3770	80.2052	1.344774	2.441972	2433.540	2272.140	16.084	7.1718	-44.931	7.103	OK	44c8be367ca8a3918e67d3d2b62de9e0169cdee5	cargo run -p jxl-encoder --release --features 'parallel butteraugli-loop ssim2-loop' --example w44_170_cjxl_step025_sweep -- --image graph --effort 8 --distance-min 3 --distance-max 3 --distance-step 3 --strategy zenjxl --corpus-manifest benchmarks/corpora/w44_170_varied_corpus.tsv
graph	screenshot	796	481	zenjxl	8	3.2500	19457	17105	87.0201	80.7205	1.513761	2.913277	2559.401	2068.831	13.750	6.2997	-48.039	23.712	OK	44c8be367ca8a3918e67d3d2b62de9e0169cdee5	cargo run -p jxl-encoder --release --features 'parallel butteraugli-loop ssim2-loop' --example w44_170_cjxl_step025_sweep -- --image graph --effort 8 --distance-min 3.25 --distance-max 3.25 --distance-step 3.25 --strategy zenjxl --corpus-manifest benchmarks/corpora/w44_170_varied_corpus.tsv
graph	screenshot	796	481	zenjxl	8	3.5000	19000	16426	86.6920	80.4287	1.411217	3.394273	2678.355	2168.654	15.670	6.2633	-58.424	23.503	OK	44c8be367ca8a3918e67d3d2b62de9e0169cdee5	cargo run -p jxl-encoder --release --features 'parallel butteraugli-loop ssim2-loop' --example w44_170_cjxl_step025_sweep -- --image graph --effort 8 --distance-min 3.5 --distance-max 3.5 --distance-step 3.5 --strategy zenjxl --corpus-manifest benchmarks/corpora/w44_170_varied_corpus.tsv
graph	screenshot	796	481	zenjxl	8	3.7500	18935	15952	85.6026	78.6988	1.691299	3.224269	2771.530	2213.193	18.700	6.9039	-47.545	25.228	OK	44c8be367ca8a3918e67d3d2b62de9e0169cdee5	cargo run -p jxl-encoder --release --features 'parallel butteraugli-loop ssim2-loop' --example w44_170_cjxl_step025_sweep -- --image graph --effort 8 --distance-min 3.75 --distance-max 3.75 --distance-step 3.75 --strategy zenjxl --corpus-manifest benchmarks/corpora/w44_170_varied_corpus.tsv
graph	screenshot	796	481	zenjxl	8	4.0000	21008	15596	87.0342	78.2187	1.366834	3.468910	2955.493	1874.288	34.701	8.8154	-60.598	57.686	OK	44c8be367ca8a3918e67d3d2b62de9e0169cdee5	cargo run -p jxl-encoder --release --features 'parallel butteraugli-loop ssim2-loop' --example w44_170_cjxl_step025_sweep -- --image graph --effort 8 --distance-min 4 --distance-max 4 --distance-step 4 --strategy zenjxl --corpus-manifest benchmarks/corpora/w44_170_varied_corpus.tsv
graph	screenshot	796	481	zenjxl	8	4.2500	20084	15070	87.0061	70.8088	1.547240	3.998265	2209.784	1992.580	33.271	16.1972	-61.302	10.901	OK	44c8be367ca8a3918e67d3d2b62de9e0169cdee5	cargo run -p jxl-encoder --release --features 'parallel butteraugli-loop ssim2-loop' --example w44_170_cjxl_step025_sweep -- --image graph --effort 8 --distance-min 4.25 --distance-max 4.25 --distance-step 4.25 --strategy zenjxl --corpus-manifest benchmarks/corpora/w44_170_varied_corpus.tsv
graph	screenshot	796	481	zenjxl	8	4.5000	19869	14835	86.3392	69.7827	1.782081	4.376858	2136.381	2290.564	33.933	16.5565	-59.284	-6.731	OK	44c8be367ca8a3918e67d3d2b62de9e0169cdee5	cargo run -p jxl-encoder --release --features 'parallel butteraugli-loop ssim2-loop' --example w44_170_cjxl_step025_sweep -- --image graph --effort 8 --distance-min 4.5 --distance-max 4.5 --distance-step 4.5 --strategy zenjxl --corpus-manifest benchmarks/corpora/w44_170_varied_corpus.tsv
graph	screenshot	796	481	zenjxl	8	4.7500	19238	14138	84.2903	69.9986	1.838983	3.623853	1767.759	2102.261	36.073	14.2917	-49.253	-15.912	OK	44c8be367ca8a3918e67d3d2b62de9e0169cdee5	cargo run -p jxl-encoder --release --features 'parallel butteraugli-loop ssim2-loop' --example w44_170_cjxl_step025_sweep -- --image graph --effort 8 --distance-min 4.75 --distance-max 4.75 --distance-step 4.75 --strategy zenjxl --corpus-manifest benchmarks/corpora/w44_170_varied_corpus.tsv
graph	screenshot	796	481	zenjxl	8	5.0000	19017	14001	83.2486	67.5959	1.902813	3.845450	1725.214	2123.832	35.826	15.6527	-50.518	-18.769	OK	44c8be367ca8a3918e67d3d2b62de9e0169cdee5	cargo run -p jxl-encoder --release --features 'parallel butteraugli-loop ssim2-loop' --example w44_170_cjxl_step025_sweep -- --image graph --effort 8 --distance-min 5 --distance-max 5 --distance-step 5 --strategy zenjxl --corpus-manifest benchmarks/corpora/w44_170_varied_corpus.tsv
graph	screenshot	796	481	zenjxl	9	0.2500	33777	37948	96.1125	96.2989	0.222493	0.249272	3133.638	2767.418	-10.991	-0.1864	-10.743	13.233	OK	44c8be367ca8a3918e67d3d2b62de9e0169cdee5	cargo run -p jxl-encoder --release --features 'parallel butteraugli-loop ssim2-loop' --example w44_170_cjxl_step025_sweep -- --image graph --effort 9 --distance-min 0.25 --distance-max 0.25 --distance-step 0.25 --strategy zenjxl --corpus-manifest benchmarks/corpora/w44_170_varied_corpus.tsv
graph	screenshot	796	481	zenjxl	9	0.5000	25677	30093	94.5329	94.6317	0.445134	0.409686	2303.783	2779.691	-14.675	-0.0988	8.652	-17.121	OK	44c8be367ca8a3918e67d3d2b62de9e0169cdee5	cargo run -p jxl-encoder --release --features 'parallel butteraugli-loop ssim2-loop' --example w44_170_cjxl_step025_sweep -- --image graph --effort 9 --distance-min 0.5 --distance-max 0.5 --distance-step 0.5 --strategy zenjxl --corpus-manifest benchmarks/corpora/w44_170_varied_corpus.tsv
graph	screenshot	796	481	zenjxl	9	0.7500	26013	30217	92.7992	92.6348	0.825061	0.628951	2815.834	2522.529	-13.913	0.1643	31.180	11.627	OK	44c8be367ca8a3918e67d3d2b62de9e0169cdee5	cargo run -p jxl-encoder --release --features 'parallel butteraugli-loop ssim2-loop' --example w44_170_cjxl_step025_sweep -- --image graph --effort 9 --distance-min 0.75 --distance-max 0.75 --distance-step 0.75 --strategy zenjxl --corpus-manifest benchmarks/corpora/w44_170_varied_corpus.tsv
graph	screenshot	796	481	zenjxl	9	1.0000	23290	26870	90.7073	91.5662	0.933088	0.948340	2655.404	2892.265	-13.323	-0.8589	-1.608	-8.189	OK	44c8be367ca8a3918e67d3d2b62de9e0169cdee5	cargo run -p jxl-encoder --release --features 'parallel butteraugli-loop ssim2-loop' --example w44_170_cjxl_step025_sweep -- --image graph --effort 9 --distance-min 1 --distance-max 1 --distance-step 1 --strategy zenjxl --corpus-manifest benchmarks/corpora/w44_170_varied_corpus.tsv
graph	screenshot	796	481	zenjxl	9	1.2500	21318	24814	89.2299	90.7224	1.087012	1.055948	2781.772	2949.840	-14.089	-1.4925	2.942	-5.698	OK	44c8be367ca8a3918e67d3d2b62de9e0169cdee5	cargo run -p jxl-encoder --release --features 'parallel butteraugli-loop ssim2-loop' --example w44_170_cjxl_step025_sweep -- --image graph --effort 9 --distance-min 1.25 --distance-max 1.25 --distance-step 1.25 --strategy zenjxl --corpus-manifest benchmarks/corpora/w44_170_varied_corpus.tsv
graph	screenshot	796	481	zenjxl	9	1.5000	19570	22993	88.8495	89.9888	1.301147	1.160416	2786.335	2726.100	-14.887	-1.1393	12.128	2.210	OK	44c8be367ca8a3918e67d3d2b62de9e0169cdee5	cargo run -p jxl-encoder --release --features 'parallel butteraugli-loop ssim2-loop' --example w44_170_cjxl_step025_sweep -- --image graph --effort 9 --distance-min 1.5 --distance-max 1.5 --distance-step 1.5 --strategy zenjxl --corpus-manifest benchmarks/corpora/w44_170_varied_corpus.tsv
graph	screenshot	796	481	zenjxl	9	1.7500	18450	21939	87.6688	88.8510	1.674326	1.661003	2778.330	3089.393	-15.903	-1.1821	0.802	-10.069	OK	44c8be367ca8a3918e67d3d2b62de9e0169cdee5	cargo run -p jxl-encoder --release --features 'parallel butteraugli-loop ssim2-loop' --example w44_170_cjxl_step025_sweep -- --image graph --effort 9 --distance-min 1.75 --distance-max 1.75 --distance-step 1.75 --strategy zenjxl --corpus-manifest benchmarks/corpora/w44_170_varied_corpus.tsv
graph	screenshot	796	481	zenjxl	9	2.0000	24332	20828	89.3683	87.0888	0.874890	2.080961	2715.496	2628.329	16.824	2.2795	-57.957	3.316	OK	44c8be367ca8a3918e67d3d2b62de9e0169cdee5	cargo run -p jxl-encoder --release --features 'parallel butteraugli-loop ssim2-loop' --example w44_170_cjxl_step025_sweep -- --image graph --effort 9 --distance-min 2 --distance-max 2 --distance-step 2 --strategy zenjxl --corpus-manifest benchmarks/corpora/w44_170_varied_corpus.tsv
graph	screenshot	796	481	zenjxl	9	2.2500	23898	19677	87.6183	85.0844	1.232046	2.112520	2736.420	3062.679	21.451	2.5339	-41.679	-10.653	OK	44c8be367ca8a3918e67d3d2b62de9e0169cdee5	cargo run -p jxl-encoder --release --features 'parallel butteraugli-loop ssim2-loop' --example w44_170_cjxl_step025_sweep -- --image graph --effort 9 --distance-min 2.25 --distance-max 2.25 --distance-step 2.25 --strategy zenjxl --corpus-manifest benchmarks/corpora/w44_170_varied_corpus.tsv
graph	screenshot	796	481	zenjxl	9	2.5000	22547	19122	83.5675	83.0394	1.259594	2.496278	2713.350	3160.940	17.911	0.5281	-49.541	-14.160	OK	44c8be367ca8a3918e67d3d2b62de9e0169cdee5	cargo run -p jxl-encoder --release --features 'parallel butteraugli-loop ssim2-loop' --example w44_170_cjxl_step025_sweep -- --image graph --effort 9 --distance-min 2.5 --distance-max 2.5 --distance-step 2.5 --strategy zenjxl --corpus-manifest benchmarks/corpora/w44_170_varied_corpus.tsv
graph	screenshot	796	481	zenjxl	9	2.7500	21133	18657	89.0951	82.1333	1.234832	2.509522	2675.025	2969.985	13.271	6.9618	-50.794	-9.931	OK	44c8be367ca8a3918e67d3d2b62de9e0169cdee5	cargo run -p jxl-encoder --release --features 'parallel butteraugli-loop ssim2-loop' --example w44_170_cjxl_step025_sweep -- --image graph --effort 9 --distance-min 2.75 --distance-max 2.75 --distance-step 2.75 --strategy zenjxl --corpus-manifest benchmarks/corpora/w44_170_varied_corpus.tsv
graph	screenshot	796	481	zenjxl	9	3.0000	20689	17960	87.3770	80.1972	1.344774	2.441972	2647.974	2694.308	15.195	7.1798	-44.931	-1.720	OK	44c8be367ca8a3918e67d3d2b62de9e0169cdee5	cargo run -p jxl-encoder --release --features 'parallel butteraugli-loop ssim2-loop' --example w44_170_cjxl_step025_sweep -- --image graph --effort 9 --distance-min 3 --distance-max 3 --distance-step 3 --strategy zenjxl --corpus-manifest benchmarks/corpora/w44_170_varied_corpus.tsv
graph	screenshot	796	481	zenjxl	9	3.2500	19550	17091	87.0201	80.7344	1.513761	2.913277	2268.926	2558.885	14.388	6.2858	-48.039	-11.331	OK	44c8be367ca8a3918e67d3d2b62de9e0169cdee5	cargo run -p jxl-encoder --release --features 'parallel butteraugli-loop ssim2-loop' --example w44_170_cjxl_step025_sweep -- --image graph --effort 9 --distance-min 3.25 --distance-max 3.25 --distance-step 3.25 --strategy zenjxl --corpus-manifest benchmarks/corpora/w44_170_varied_corpus.tsv
graph	screenshot	796	481	zenjxl	9	3.5000	19047	16548	86.6920	80.4317	1.411217	3.394273	2534.909	3293.251	15.102	6.2603	-58.424	-23.027	OK	44c8be367ca8a3918e67d3d2b62de9e0169cdee5	cargo run -p jxl-encoder --release --features 'parallel butteraugli-loop ssim2-loop' --example w44_170_cjxl_step025_sweep -- --image graph --effort 9 --distance-min 3.5 --distance-max 3.5 --distance-step 3.5 --strategy zenjxl --corpus-manifest benchmarks/corpora/w44_170_varied_corpus.tsv
graph	screenshot	796	481	zenjxl	9	3.7500	18953	16037	85.6026	78.7150	1.691299	3.224269	2801.116	2566.127	18.183	6.8876	-47.545	9.157	OK	44c8be367ca8a3918e67d3d2b62de9e0169cdee5	cargo run -p jxl-encoder --release --features 'parallel butteraugli-loop ssim2-loop' --example w44_170_cjxl_step025_sweep -- --image graph --effort 9 --distance-min 3.75 --distance-max 3.75 --distance-step 3.75 --strategy zenjxl --corpus-manifest benchmarks/corpora/w44_170_varied_corpus.tsv
graph	screenshot	796	481	zenjxl	9	4.0000	18421	15706	85.7145	78.2177	1.672123	3.468910	3043.253	3119.396	17.286	7.4968	-51.797	-2.441	OK	44c8be367ca8a3918e67d3d2b62de9e0169cdee5	cargo run -p jxl-encoder --release --features 'parallel butteraugli-loop ssim2-loop' --example w44_170_cjxl_step025_sweep -- --image graph --effort 9 --distance-min 4 --distance-max 4 --distance-step 4 --strategy zenjxl --corpus-manifest benchmarks/corpora/w44_170_varied_corpus.tsv
graph	screenshot	796	481	zenjxl	9	4.2500	17809	15218	84.6736	70.8153	1.633977	3.998265	2857.351	3420.754	17.026	13.8583	-59.133	-16.470	OK	44c8be367ca8a3918e67d3d2b62de9e0169cdee5	cargo run -p jxl-encoder --release --features 'parallel butteraugli-loop ssim2-loop' --example w44_170_cjxl_step025_sweep -- --image graph --effort 9 --distance-min 4.25 --distance-max 4.25 --distance-step 4.25 --strategy zenjxl --corpus-manifest benchmarks/corpora/w44_170_varied_corpus.tsv
graph	screenshot	796	481	zenjxl	9	4.5000	17467	14890	84.5492	69.7934	1.969192	4.376858	2723.038	3036.137	17.307	14.7558	-55.009	-10.312	OK	44c8be367ca8a3918e67d3d2b62de9e0169cdee5	cargo run -p jxl-encoder --release --features 'parallel butteraugli-loop ssim2-loop' --example w44_170_cjxl_step025_sweep -- --image graph --effort 9 --distance-min 4.5 --distance-max 4.5 --distance-step 4.5 --strategy zenjxl --corpus-manifest benchmarks/corpora/w44_170_varied_corpus.tsv
graph	screenshot	796	481	zenjxl	9	4.7500	17115	14307	82.0426	70.0214	2.491886	3.623853	2342.210	3412.405	19.627	12.0212	-31.237	-31.362	OK	44c8be367ca8a3918e67d3d2b62de9e0169cdee5	cargo run -p jxl-encoder --release --features 'parallel butteraugli-loop ssim2-loop' --example w44_170_cjxl_step025_sweep -- --image graph --effort 9 --distance-min 4.75 --distance-max 4.75 --distance-step 4.75 --strategy zenjxl --corpus-manifest benchmarks/corpora/w44_170_varied_corpus.tsv
graph	screenshot	796	481	zenjxl	9	5.0000	16984	14178	80.9649	67.6069	2.527888	3.845450	2428.014	3562.119	19.791	13.3580	-34.263	-31.838	OK	44c8be367ca8a3918e67d3d2b62de9e0169cdee5	cargo run -p jxl-encoder --release --features 'parallel butteraugli-loop ssim2-loop' --example w44_170_cjxl_step025_sweep -- --image graph --effort 9 --distance-min 5 --distance-max 5 --distance-step 5 --strategy zenjxl --corpus-manifest benchmarks/corpora/w44_170_varied_corpus.tsv
imac_dark	screenshot	2940	1912	zenjxl	5	0.2500	400496	808629	94.8816	94.9691	0.489942	0.489964	9264.459	2195.113	-50.472	-0.0875	-0.004	322.049	OK	44c8be367ca8a3918e67d3d2b62de9e0169cdee5	cargo run -p jxl-encoder --release --features 'parallel butteraugli-loop ssim2-loop' --example w44_170_cjxl_step025_sweep -- --image imac_dark --effort 5 --distance-min 0.25 --distance-max 0.25 --distance-step 0.25 --strategy zenjxl --corpus-manifest benchmarks/corpora/w44_170_varied_corpus.tsv
imac_dark	screenshot	2940	1912	zenjxl	5	0.5000	313011	657534	93.6958	93.4258	0.699354	0.821446	6282.482	2219.649	-52.396	0.2700	-14.863	183.039	OK	44c8be367ca8a3918e67d3d2b62de9e0169cdee5	cargo run -p jxl-encoder --release --features 'parallel butteraugli-loop ssim2-loop' --example w44_170_cjxl_step025_sweep -- --image imac_dark --effort 5 --distance-min 0.5 --distance-max 0.5 --distance-step 0.5 --strategy zenjxl --corpus-manifest benchmarks/corpora/w44_170_varied_corpus.tsv
imac_dark	screenshot	2940	1912	zenjxl	5	0.7500	295449	680475	92.3649	91.7320	0.968756	1.410298	5556.312	3237.514	-56.582	0.6329	-31.308	71.623	OK	44c8be367ca8a3918e67d3d2b62de9e0169cdee5	cargo run -p jxl-encoder --release --features 'parallel butteraugli-loop ssim2-loop' --example w44_170_cjxl_step025_sweep -- --image imac_dark --effort 5 --distance-min 0.75 --distance-max 0.75 --distance-step 0.75 --strategy zenjxl --corpus-manifest benchmarks/corpora/w44_170_varied_corpus.tsv
imac_dark	screenshot	2940	1912	zenjxl	5	1.0000	264536	610470	90.6716	90.1247	1.342013	1.430858	4954.814	3131.256	-56.667	0.5468	-6.209	58.237	OK	44c8be367ca8a3918e67d3d2b62de9e0169cdee5	cargo run -p jxl-encoder --release --features 'parallel butteraugli-loop ssim2-loop' --example w44_170_cjxl_step025_sweep -- --image imac_dark --effort 5 --distance-min 1 --distance-max 1 --distance-step 1 --strategy zenjxl --corpus-manifest benchmarks/corpora/w44_170_varied_corpus.tsv
imac_dark	screenshot	2940	1912	zenjxl	5	1.2500	239195	557595	89.6948	88.8833	1.525307	1.738547	6483.423	2502.477	-57.102	0.8115	-12.265	159.080	OK	44c8be367ca8a3918e67d3d2b62de9e0169cdee5	cargo run -p jxl-encoder --release --features 'parallel butteraugli-loop ssim2-loop' --example w44_170_cjxl_step025_sweep -- --image imac_dark --effort 5 --distance-min 1.25 --distance-max 1.25 --distance-step 1.25 --strategy zenjxl --corpus-manifest benchmarks/corpora/w44_170_varied_corpus.tsv
imac_dark	screenshot	2940	1912	zenjxl	5	1.5000	222958	516521	87.1975	87.2920	1.676499	1.652870	6400.081	2457.611	-56.835	-0.0945	1.430	160.419	OK	44c8be367ca8a3918e67d3d2b62de9e0169cdee5	cargo run -p jxl-encoder --release --features 'parallel butteraugli-loop ssim2-loop' --example w44_170_cjxl_step025_sweep -- --image imac_dark --effort 5 --distance-min 1.5 --distance-max 1.5 --distance-step 1.5 --strategy zenjxl --corpus-manifest benchmarks/corpora/w44_170_varied_corpus.tsv
imac_dark	screenshot	2940	1912	zenjxl	5	1.7500	209935	483471	86.7460	86.1963	2.097616	1.857268	5844.144	2645.203	-56.578	0.5497	12.941	120.934	OK	44c8be367ca8a3918e67d3d2b62de9e0169cdee5	cargo run -p jxl-encoder --release --features 'parallel butteraugli-loop ssim2-loop' --example w44_170_cjxl_step025_sweep -- --image imac_dark --effort 5 --distance-min 1.75 --distance-max 1.75 --distance-step 1.75 --strategy zenjxl --corpus-manifest benchmarks/corpora/w44_170_varied_corpus.tsv
imac_dark	screenshot	2940	1912	zenjxl	5	2.0000	248847	459181	89.8716	84.7370	1.343365	2.136813	6843.237	2652.907	-45.806	5.1346	-37.132	157.952	OK	44c8be367ca8a3918e67d3d2b62de9e0169cdee5	cargo run -p jxl-encoder --release --features 'parallel butteraugli-loop ssim2-loop' --example w44_170_cjxl_step025_sweep -- --image imac_dark --effort 5 --distance-min 2 --distance-max 2 --distance-step 2 --strategy zenjxl --corpus-manifest benchmarks/corpora/w44_170_varied_corpus.tsv
imac_dark	screenshot	2940	1912	zenjxl	5	2.2500	236561	435018	89.1565	83.2170	1.421840	2.255833	5036.059	2675.604	-45.620	5.9395	-36.971	88.221	OK	44c8be367ca8a3918e67d3d2b62de9e0169cdee5	cargo run -p jxl-encoder --release --features 'parallel butteraugli-loop ssim2-loop' --example w44_170_cjxl_step025_sweep -- --image imac_dark --effort 5 --distance-min 2.25 --distance-max 2.25 --distance-step 2.25 --strategy zenjxl --corpus-manifest benchmarks/corpora/w44_170_varied_corpus.tsv
imac_dark	screenshot	2940	1912	zenjxl	5	2.5000	225201	412901	88.2055	82.1984	1.692135	2.544436	7817.696	2393.004	-45.459	6.0071	-33.497	226.690	OK	44c8be367ca8a3918e67d3d2b62de9e0169cdee5	cargo run -p jxl-encoder --release --features 'parallel butteraugli-loop ssim2-loop' --example w44_170_cjxl_step025_sweep -- --image imac_dark --effort 5 --distance-min 2.5 --distance-max 2.5 --distance-step 2.5 --strategy zenjxl --corpus-manifest benchmarks/corpora/w44_170_varied_corpus.tsv
imac_dark	screenshot	2940	1912	zenjxl	5	2.7500	215975	393129	87.5454	80.9064	1.933377	3.127067	6991.357	2357.188	-45.063	6.6390	-38.173	196.597	OK	44c8be367ca8a3918e67d3d2b62de9e0169cdee5	cargo run -p jxl-encoder --release --features 'parallel butteraugli-loop ssim2-loop' --example w44_170_cjxl_step025_sweep -- --image imac_dark --effort 5 --distance-min 2.75 --distance-max 2.75 --distance-step 2.75 --strategy zenjxl --corpus-manifest benchmarks/corpora/w44_170_varied_corpus.tsv
imac_dark	screenshot	2940	1912	zenjxl	5	3.0000	209653	377781	86.8887	79.1701	1.818392	3.615524	5392.403	2393.602	-44.504	7.7186	-49.706	125.284	OK	44c8be367ca8a3918e67d3d2b62de9e0169cdee5	cargo run -p jxl-encoder --release --features 'parallel butteraugli-loop ssim2-loop' --example w44_170_cjxl_step025_sweep -- --image imac_dark --effort 5 --distance-min 3 --distance-max 3 --distance-step 3 --strategy zenjxl --corpus-manifest benchmarks/corpora/w44_170_varied_corpus.tsv
imac_dark	screenshot	2940	1912	zenjxl	5	3.2500	202754	363727	85.9238	78.1514	1.968316	3.288547	10200.767	2626.425	-44.257	7.7725	-40.146	288.390	OK	44c8be367ca8a3918e67d3d2b62de9e0169cdee5	cargo run -p jxl-encoder --release --features 'parallel butteraugli-loop ssim2-loop' --example w44_170_cjxl_step025_sweep -- --image imac_dark --effort 5 --distance-min 3.25 --distance-max 3.25 --distance-step 3.25 --strategy zenjxl --corpus-manifest benchmarks/corpora/w44_170_varied_corpus.tsv
imac_dark	screenshot	2940	1912	zenjxl	5	3.5000	195918	353860	84.8513	76.7817	2.036970	3.310915	9899.521	2915.153	-44.634	8.0696	-38.477	239.588	OK	44c8be367ca8a3918e67d3d2b62de9e0169cdee5	cargo run -p jxl-encoder --release --features 'parallel butteraugli-loop ssim2-loop' --example w44_170_cjxl_step025_sweep -- --image imac_dark --effort 5 --distance-min 3.5 --distance-max 3.5 --distance-step 3.5 --strategy zenjxl --corpus-manifest benchmarks/corpora/w44_170_varied_corpus.tsv
imac_dark	screenshot	2940	1912	zenjxl	5	3.7500	189296	342580	84.7290	76.0037	2.247285	3.494425	5026.140	2497.138	-44.744	8.7253	-35.689	101.276	OK	44c8be367ca8a3918e67d3d2b62de9e0169cdee5	cargo run -p jxl-encoder --release --features 'parallel butteraugli-loop ssim2-loop' --example w44_170_cjxl_step025_sweep -- --image imac_dark --effort 5 --distance-min 3.75 --distance-max 3.75 --distance-step 3.75 --strategy zenjxl --corpus-manifest benchmarks/corpora/w44_170_varied_corpus.tsv
imac_dark	screenshot	2940	1912	zenjxl	5	4.0000	183872	330411	83.6542	73.7178	2.367178	3.932504	8834.838	3084.800	-44.351	9.9364	-39.805	186.399	OK	44c8be367ca8a3918e67d3d2b62de9e0169cdee5	cargo run -p jxl-encoder --release --features 'parallel butteraugli-loop ssim2-loop' --example w44_170_cjxl_step025_sweep -- --image imac_dark --effort 5 --distance-min 4 --distance-max 4 --distance-step 4 --strategy zenjxl --corpus-manifest benchmarks/corpora/w44_170_varied_corpus.tsv
imac_dark	screenshot	2940	1912	zenjxl	5	4.2500	179784	320422	82.7603	73.3112	2.528492	4.331115	7966.126	2321.194	-43.891	9.4491	-41.620	243.191	OK	44c8be367ca8a3918e67d3d2b62de9e0169cdee5	cargo run -p jxl-encoder --release --features 'parallel butteraugli-loop ssim2-loop' --example w44_170_cjxl_step025_sweep -- --image imac_dark --effort 5 --distance-min 4.25 --distance-max 4.25 --distance-step 4.25 --strategy zenjxl --corpus-manifest benchmarks/corpora/w44_170_varied_corpus.tsv
imac_dark	screenshot	2940	1912	zenjxl	5	4.5000	175701	311355	80.6055	72.4154	2.550846	4.294299	6311.462	2269.783	-43.569	8.1901	-40.599	178.065	OK	44c8be367ca8a3918e67d3d2b62de9e0169cdee5	cargo run -p jxl-encoder --release --features 'parallel butteraugli-loop ssim2-loop' --example w44_170_cjxl_step025_sweep -- --image imac_dark --effort 5 --distance-min 4.5 --distance-max 4.5 --distance-step 4.5 --strategy zenjxl --corpus-manifest benchmarks/corpora/w44_170_varied_corpus.tsv
imac_dark	screenshot	2940	1912	zenjxl	5	4.7500	172167	301933	78.5227	71.2845	2.505640	4.214583	5243.798	3348.009	-42.978	7.2382	-40.548	56.624	OK	44c8be367ca8a3918e67d3d2b62de9e0169cdee5	cargo run -p jxl-encoder --release --features 'parallel butteraugli-loop ssim2-loop' --example w44_170_cjxl_step025_sweep -- --image imac_dark --effort 5 --distance-min 4.75 --distance-max 4.75 --distance-step 4.75 --strategy zenjxl --corpus-manifest benchmarks/corpora/w44_170_varied_corpus.tsv
imac_dark	screenshot	2940	1912	zenjxl	5	5.0000	170710	294431	76.6997	70.5472	2.791716	5.161215	5160.630	1714.456	-42.020	6.1525	-45.910	201.007	OK	44c8be367ca8a3918e67d3d2b62de9e0169cdee5	cargo run -p jxl-encoder --release --features 'parallel butteraugli-loop ssim2-loop' --example w44_170_cjxl_step025_sweep -- --image imac_dark --effort 5 --distance-min 5 --distance-max 5 --distance-step 5 --strategy zenjxl --corpus-manifest benchmarks/corpora/w44_170_varied_corpus.tsv
imac_dark	screenshot	2940	1912	zenjxl	6	0.2500	401437	809007	94.9618	94.8995	0.489943	0.489957	5856.473	3039.930	-50.379	0.0622	-0.003	92.652	OK	44c8be367ca8a3918e67d3d2b62de9e0169cdee5	cargo run -p jxl-encoder --release --features 'parallel butteraugli-loop ssim2-loop' --example w44_170_cjxl_step025_sweep -- --image imac_dark --effort 6 --distance-min 0.25 --distance-max 0.25 --distance-step 0.25 --strategy zenjxl --corpus-manifest benchmarks/corpora/w44_170_varied_corpus.tsv
imac_dark	screenshot	2940	1912	zenjxl	6	0.5000	313593	662254	93.6104	93.5989	0.699795	0.888839	6992.296	2734.944	-52.648	0.0115	-21.269	155.665	OK	44c8be367ca8a3918e67d3d2b62de9e0169cdee5	cargo run -p jxl-encoder --release --features 'parallel butteraugli-loop ssim2-loop' --example w44_170_cjxl_step025_sweep -- --image imac_dark --effort 6 --distance-min 0.5 --distance-max 0.5 --distance-step 0.5 --strategy zenjxl --corpus-manifest benchmarks/corpora/w44_170_varied_corpus.tsv
imac_dark	screenshot	2940	1912	zenjxl	6	0.7500	301818	679707	92.4049	91.6201	0.972248	1.357224	13852.468	4534.591	-55.596	0.7847	-28.365	205.484	OK	44c8be367ca8a3918e67d3d2b62de9e0169cdee5	cargo run -p jxl-encoder --release --features 'parallel butteraugli-loop ssim2-loop' --example w44_170_cjxl_step025_sweep -- --image imac_dark --effort 6 --distance-min 0.75 --distance-max 0.75 --distance-step 0.75 --strategy zenjxl --corpus-manifest benchmarks/corpora/w44_170_varied_corpus.tsv
imac_dark	screenshot	2940	1912	zenjxl	6	1.0000	272313	613327	90.5579	90.0904	1.204324	1.426595	14458.830	5614.734	-55.601	0.4676	-15.581	157.516	OK	44c8be367ca8a3918e67d3d2b62de9e0169cdee5	cargo run -p jxl-encoder --release --features 'parallel butteraugli-loop ssim2-loop' --example w44_170_cjxl_step025_sweep -- --image imac_dark --effort 6 --distance-min 1 --distance-max 1 --distance-step 1 --strategy zenjxl --corpus-manifest benchmarks/corpora/w44_170_varied_corpus.tsv
imac_dark	screenshot	2940	1912	zenjxl	6	1.2500	245717	558675	89.7697	88.9686	1.558990	1.592117	11426.070	5442.106	-56.018	0.8011	-2.081	109.957	OK	44c8be367ca8a3918e67d3d2b62de9e0169cdee5	cargo run -p jxl-encoder --release --features 'parallel butteraugli-loop ssim2-loop' --example w44_170_cjxl_step025_sweep -- --image imac_dark --effort 6 --distance-min 1.25 --distance-max 1.25 --distance-step 1.25 --strategy zenjxl --corpus-manifest benchmarks/corpora/w44_170_varied_corpus.tsv
imac_dark	screenshot	2940	1912	zenjxl	6	1.5000	230318	517183	87.0413	87.5091	1.701542	1.682958	9846.555	5393.008	-55.467	-0.4677	1.104	82.580	OK	44c8be367ca8a3918e67d3d2b62de9e0169cdee5	cargo run -p jxl-encoder --release --features 'parallel butteraugli-loop ssim2-loop' --example w44_170_cjxl_step025_sweep -- --image imac_dark --effort 6 --distance-min 1.5 --distance-max 1.5 --distance-step 1.5 --strategy zenjxl --corpus-manifest benchmarks/corpora/w44_170_varied_corpus.tsv
imac_dark	screenshot	2940	1912	zenjxl	6	1.7500	216911	485357	86.6592	86.1715	1.822417	1.781947	8426.752	5324.912	-55.309	0.4876	2.271	58.251	OK	44c8be367ca8a3918e67d3d2b62de9e0169cdee5	cargo run -p jxl-encoder --release --features 'parallel butteraugli-loop ssim2-loop' --example w44_170_cjxl_step025_sweep -- --image imac_dark --effort 6 --distance-min 1.75 --distance-max 1.75 --distance-step 1.75 --strategy zenjxl --corpus-manifest benchmarks/corpora/w44_170_varied_corpus.tsv
imac_dark	screenshot	2940	1912	zenjxl	6	2.0000	253924	462719	89.8463	84.9035	1.339358	2.371800	8083.576	5264.257	-45.123	4.9428	-43.530	53.556	OK	44c8be367ca8a3918e67d3d2b62de9e0169cdee5	cargo run -p jxl-encoder --release --features 'parallel butteraugli-loop ssim2-loop' --example w44_170_cjxl_step025_sweep -- --image imac_dark --effort 6 --distance-min 2 --distance-max 2 --distance-step 2 --strategy zenjxl --corpus-manifest benchmarks/corpora/w44_170_varied_corpus.tsv
imac_dark	screenshot	2940	1912	zenjxl	6	2.2500	242673	438994	89.0661	83.5687	1.396339	2.452425	8648.176	5674.653	-44.721	5.4974	-43.063	52.400	OK	44c8be367ca8a3918e67d3d2b62de9e0169cdee5	cargo run -p jxl-encoder --release --features 'parallel butteraugli-loop ssim2-loop' --example w44_170_cjxl_step025_sweep -- --image imac_dark --effort 6 --distance-min 2.25 --distance-max 2.25 --distance-step 2.25 --strategy zenjxl --corpus-manifest benchmarks/corpora/w44_170_varied_corpus.tsv
imac_dark	screenshot	2940	1912	zenjxl	6	2.5000	231250	418138	88.1406	82.5548	1.677754	2.280166	9058.154	6051.301	-44.695	5.5857	-26.420	49.689	OK	44c8be367ca8a3918e67d3d2b62de9e0169cdee5	cargo run -p jxl-encoder --release --features 'parallel butteraugli-loop ssim2-loop' --example w44_170_cjxl_step025_sweep -- --image imac_dark --effort 6 --distance-min 2.5 --distance-max 2.5 --distance-step 2.5 --strategy zenjxl --corpus-manifest benchmarks/corpora/w44_170_varied_corpus.tsv
imac_dark	screenshot	2940	1912	zenjxl	6	2.7500	223084	399865	87.5125	81.0546	1.904979	2.831843	8947.815	4965.086	-44.210	6.4579	-32.730	80.215	OK	44c8be367ca8a3918e67d3d2b62de9e0169cdee5	cargo run -p jxl-encoder --release --features 'parallel butteraugli-loop ssim2-loop' --example w44_170_cjxl_step025_sweep -- --image imac_dark --effort 6 --distance-min 2.75 --distance-max 2.75 --distance-step 2.75 --strategy zenjxl --corpus-manifest benchmarks/corpora/w44_170_varied_corpus.tsv
imac_dark	screenshot	2940	1912	zenjxl	6	3.0000	216413	385649	86.7442	79.4222	2.010592	2.861141	8713.071	5135.948	-43.883	7.3221	-29.728	69.649	OK	44c8be367ca8a3918e67d3d2b62de9e0169cdee5	cargo run -p jxl-encoder --release --features 'parallel butteraugli-loop ssim2-loop' --example w44_170_cjxl_step025_sweep -- --image imac_dark --effort 6 --distance-min 3 --distance-max 3 --distance-step 3 --strategy zenjxl --corpus-manifest benchmarks/corpora/w44_170_varied_corpus.tsv
imac_dark	screenshot	2940	1912	zenjxl	6	3.2500	209343	371955	85.9044	78.5990	1.813946	3.083296	9442.040	5752.504	-43.718	7.3054	-41.169	64.138	OK	44c8be367ca8a3918e67d3d2b62de9e0169cdee5	cargo run -p jxl-encoder --release --features 'parallel butteraugli-loop ssim2-loop' --example w44_170_cjxl_step025_sweep -- --image imac_dark --effort 6 --distance-min 3.25 --distance-max 3.25 --distance-step 3.25 --strategy zenjxl --corpus-manifest benchmarks/corpora/w44_170_varied_corpus.tsv
imac_dark	screenshot	2940	1912	zenjxl	6	3.5000	202191	361013	84.9067	77.4011	2.041482	3.213177	9655.121	5484.663	-43.993	7.5056	-36.465	76.039	OK	44c8be367ca8a3918e67d3d2b62de9e0169cdee5	cargo run -p jxl-encoder --release --features 'parallel butteraugli-loop ssim2-loop' --example w44_170_cjxl_step025_sweep -- --image imac_dark --effort 6 --distance-min 3.5 --distance-max 3.5 --distance-step 3.5 --strategy zenjxl --corpus-manifest benchmarks/corpora/w44_170_varied_corpus.tsv
imac_dark	screenshot	2940	1912	zenjxl	6	3.7500	196600	350506	84.8581	76.4995	2.524126	3.591986	10831.154	5236.928	-43.910	8.3586	-29.729	106.823	OK	44c8be367ca8a3918e67d3d2b62de9e0169cdee5	cargo run -p jxl-encoder --release --features 'parallel butteraugli-loop ssim2-loop' --example w44_170_cjxl_step025_sweep -- --image imac_dark --effort 6 --distance-min 3.75 --distance-max 3.75 --distance-step 3.75 --strategy zenjxl --corpus-manifest benchmarks/corpora/w44_170_varied_corpus.tsv
imac_dark	screenshot	2940	1912	zenjxl	6	4.0000	192374	341361	84.4852	75.1698	2.409376	3.890504	13116.791	5923.441	-43.645	9.3154	-38.070	121.439	OK	44c8be367ca8a3918e67d3d2b62de9e0169cdee5	cargo run -p jxl-encoder --release --features 'parallel butteraugli-loop ssim2-loop' --example w44_170_cjxl_step025_sweep -- --image imac_dark --effort 6 --distance-min 4 --distance-max 4 --distance-step 4 --strategy zenjxl --corpus-manifest benchmarks/corpora/w44_170_varied_corpus.tsv
imac_dark	screenshot	2940	1912	zenjxl	6	4.2500	186301	329800	82.6431	74.3685	2.613564	5.080534	13105.212	5075.267	-43.511	8.2746	-48.557	158.217	OK	44c8be367ca8a3918e67d3d2b62de9e0169cdee5	cargo run -p jxl-encoder --release --features 'parallel butteraugli-loop ssim2-loop' --example w44_170_cjxl_step025_sweep -- --image imac_dark --effort 6 --distance-min 4.25 --distance-max 4.25 --distance-step 4.25 --strategy zenjxl --corpus-manifest benchmarks/corpora/w44_170_varied_corpus.tsv
imac_dark	screenshot	2940	1912	zenjxl	6	4.5000	182797	317602	80.4305	73.4067	2.654862	4.186941	14480.830	4975.866	-42.445	7.0238	-36.592	191.021	OK	44c8be367ca8a3918e67d3d2b62de9e0169cdee5	cargo run -p jxl-encoder --release --features 'parallel butteraugli-loop ssim2-loop' --example w44_170_cjxl_step025_sweep -- --image imac_dark --effort 6 --distance-min 4.5 --distance-max 4.5 --distance-step 4.5 --strategy zenjxl --corpus-manifest benchmarks/corpora/w44_170_varied_corpus.tsv
imac_dark	screenshot	2940	1912	zenjxl	6	4.7500	178267	304885	78.2354	72.5063	2.840899	4.521182	10061.993	4410.940	-41.530	5.7291	-37.165	128.114	OK	44c8be367ca8a3918e67d3d2b62de9e0169cdee5	cargo run -p jxl-encoder --release --features 'parallel butteraugli-loop ssim2-loop' --example w44_170_cjxl_step025_sweep -- --image imac_dark --effort 6 --distance-min 4.75 --distance-max 4.75 --distance-step 4.75 --strategy zenjxl --corpus-manifest benchmarks/corpora/w44_170_varied_corpus.tsv
imac_dark	screenshot	2940	1912	zenjxl	6	5.0000	177949	296605	76.3370	72.1076	2.759340	4.675865	11233.410	5244.932	-40.005	4.2293	-40.988	114.176	OK	44c8be367ca8a3918e67d3d2b62de9e0169cdee5	cargo run -p jxl-encoder --release --features 'parallel butteraugli-loop ssim2-loop' --example w44_170_cjxl_step025_sweep -- --image imac_dark --effort 6 --distance-min 5 --distance-max 5 --distance-step 5 --strategy zenjxl --corpus-manifest benchmarks/corpora/w44_170_varied_corpus.tsv
imac_dark	screenshot	2940	1912	zenjxl	7	0.2500	410158	807861	94.9120	94.9708	0.489943	0.503025	5698.368	2959.698	-49.229	-0.0588	-2.601	92.532	OK	44c8be367ca8a3918e67d3d2b62de9e0169cdee5	cargo run -p jxl-encoder --release --features 'parallel butteraugli-loop ssim2-loop' --example w44_170_cjxl_step025_sweep -- --image imac_dark --effort 7 --distance-min 0.25 --distance-max 0.25 --distance-step 0.25 --strategy zenjxl --corpus-manifest benchmarks/corpora/w44_170_varied_corpus.tsv
imac_dark	screenshot	2940	1912	zenjxl	7	0.5000	318793	662240	93.7077	93.6804	0.696588	0.890062	5816.751	3139.556	-51.861	0.0272	-21.737	85.273	OK	44c8be367ca8a3918e67d3d2b62de9e0169cdee5	cargo run -p jxl-encoder --release --features 'parallel butteraugli-loop ssim2-loop' --example w44_170_cjxl_step025_sweep -- --image imac_dark --effort 7 --distance-min 0.5 --distance-max 0.5 --distance-step 0.5 --strategy zenjxl --corpus-manifest benchmarks/corpora/w44_170_varied_corpus.tsv
imac_dark	screenshot	2940	1912	zenjxl	7	0.7500	303908	680776	92.2570	92.3965	0.971070	1.246307	9046.366	4565.872	-55.359	-0.1396	-22.084	98.130	OK	44c8be367ca8a3918e67d3d2b62de9e0169cdee5	cargo run -p jxl-encoder --release --features 'parallel butteraugli-loop ssim2-loop' --example w44_170_cjxl_step025_sweep -- --image imac_dark --effort 7 --distance-min 0.75 --distance-max 0.75 --distance-step 0.75 --strategy zenjxl --corpus-manifest benchmarks/corpora/w44_170_varied_corpus.tsv
imac_dark	screenshot	2940	1912	zenjxl	7	1.0000	272674	614008	90.5478	90.8693	1.208631	1.424892	8215.839	5961.879	-55.591	-0.3215	-15.177	37.806	OK	44c8be367ca8a3918e67d3d2b62de9e0169cdee5	cargo run -p jxl-encoder --release --features 'parallel butteraugli-loop ssim2-loop' --example w44_170_cjxl_step025_sweep -- --image imac_dark --effort 7 --distance-min 1 --distance-max 1 --distance-step 1 --strategy zenjxl --corpus-manifest benchmarks/corpora/w44_170_varied_corpus.tsv
imac_dark	screenshot	2940	1912	zenjxl	7	1.2500	246465	560086	89.7490	89.6650	1.559088	1.675077	9132.265	4824.897	-55.995	0.0840	-6.924	89.274	OK	44c8be367ca8a3918e67d3d2b62de9e0169cdee5	cargo run -p jxl-encoder --release --features 'parallel butteraugli-loop ssim2-loop' --example w44_170_cjxl_step025_sweep -- --image imac_dark --effort 7 --distance-min 1.25 --distance-max 1.25 --distance-step 1.25 --strategy zenjxl --corpus-manifest benchmarks/corpora/w44_170_varied_corpus.tsv
imac_dark	screenshot	2940	1912	zenjxl	7	1.5000	230454	517268	87.1374	88.0835	1.697971	1.685771	9818.861	4716.961	-55.448	-0.9461	0.724	108.161	OK	44c8be367ca8a3918e67d3d2b62de9e0169cdee5	cargo run -p jxl-encoder --release --features 'parallel butteraugli-loop ssim2-loop' --example w44_170_cjxl_step025_sweep -- --image imac_dark --effort 7 --distance-min 1.5 --distance-max 1.5 --distance-step 1.5 --strategy zenjxl --corpus-manifest benchmarks/corpora/w44_170_varied_corpus.tsv
imac_dark	screenshot	2940	1912	zenjxl	7	1.7500	217332	485484	86.4159	87.0266	1.822702	1.786513	9220.300	5436.689	-55.234	-0.6107	2.026	69.594	OK	44c8be367ca8a3918e67d3d2b62de9e0169cdee5	cargo run -p jxl-encoder --release --features 'parallel butteraugli-loop ssim2-loop' --example w44_170_cjxl_step025_sweep -- --image imac_dark --effort 7 --distance-min 1.75 --distance-max 1.75 --distance-step 1.75 --strategy zenjxl --corpus-manifest benchmarks/corpora/w44_170_varied_corpus.tsv
imac_dark	screenshot	2940	1912	zenjxl	7	2.0000	292753	461960	91.0874	85.9093	0.975433	2.344627	8577.015	4859.456	-36.628	5.1782	-58.397	76.502	OK	44c8be367ca8a3918e67d3d2b62de9e0169cdee5	cargo run -p jxl-encoder --release --features 'parallel butteraugli-loop ssim2-loop' --example w44_170_cjxl_step025_sweep -- --image imac_dark --effort 7 --distance-min 2 --distance-max 2 --distance-step 2 --strategy zenjxl --corpus-manifest benchmarks/corpora/w44_170_varied_corpus.tsv
imac_dark	screenshot	2940	1912	zenjxl	7	2.2500	277884	439735	90.4724	84.1835	1.139816	2.451875	12568.157	4678.086	-36.806	6.2889	-53.513	168.660	OK	44c8be367ca8a3918e67d3d2b62de9e0169cdee5	cargo run -p jxl-encoder --release --features 'parallel butteraugli-loop ssim2-loop' --example w44_170_cjxl_step025_sweep -- --image imac_dark --effort 7 --distance-min 2.25 --distance-max 2.25 --distance-step 2.25 --strategy zenjxl --corpus-manifest benchmarks/corpora/w44_170_varied_corpus.tsv
imac_dark	screenshot	2940	1912	zenjxl	7	2.5000	265965	418252	89.6334	83.2547	1.239448	2.268341	14509.897	5236.053	-36.410	6.3787	-45.359	177.115	OK	44c8be367ca8a3918e67d3d2b62de9e0169cdee5	cargo run -p jxl-encoder --release --features 'parallel butteraugli-loop ssim2-loop' --example w44_170_cjxl_step025_sweep -- --image imac_dark --effort 7 --distance-min 2.5 --distance-max 2.5 --distance-step 2.5 --strategy zenjxl --corpus-manifest benchmarks/corpora/w44_170_varied_corpus.tsv
imac_dark	screenshot	2940	1912	zenjxl	7	2.7500	257394	399419	89.1857	82.0261	1.364143	2.891979	15960.618	6102.997	-35.558	7.1596	-52.830	161.521	OK	44c8be367ca8a3918e67d3d2b62de9e0169cdee5	cargo run -p jxl-encoder --release --features 'parallel butteraugli-loop ssim2-loop' --example w44_170_cjxl_step025_sweep -- --image imac_dark --effort 7 --distance-min 2.75 --distance-max 2.75 --distance-step 2.75 --strategy zenjxl --corpus-manifest benchmarks/corpora/w44_170_varied_corpus.tsv
imac_dark	screenshot	2940	1912	zenjxl	7	3.0000	247905	179741	88.5845	81.5879	1.525534	2.876129	15447.812	7474.019	37.923	6.9966	-46.959	106.687	OK	44c8be367ca8a3918e67d3d2b62de9e0169cdee5	cargo run -p jxl-encoder --release --features 'parallel butteraugli-loop ssim2-loop' --example w44_170_cjxl_step025_sweep -- --image imac_dark --effort 7 --distance-min 3 --distance-max 3 --distance-step 3 --strategy zenjxl --corpus-manifest benchmarks/corpora/w44_170_varied_corpus.tsv
imac_dark	screenshot	2940	1912	zenjxl	7	3.2500	241241	173838	87.6767	81.2113	1.478183	3.069724	11367.865	8475.287	38.773	6.4654	-51.846	34.130	OK	44c8be367ca8a3918e67d3d2b62de9e0169cdee5	cargo run -p jxl-encoder --release --features 'parallel butteraugli-loop ssim2-loop' --example w44_170_cjxl_step025_sweep -- --image imac_dark --effort 7 --distance-min 3.25 --distance-max 3.25 --distance-step 3.25 --strategy zenjxl --corpus-manifest benchmarks/corpora/w44_170_varied_corpus.tsv
imac_dark	screenshot	2940	1912	zenjxl	7	3.5000	233334	167955	86.7152	79.9696	1.552945	3.159525	16445.746	6390.649	38.926	6.7456	-50.849	157.341	OK	44c8be367ca8a3918e67d3d2b62de9e0169cdee5	cargo run -p jxl-encoder --release --features 'parallel butteraugli-loop ssim2-loop' --example w44_170_cjxl_step025_sweep -- --image imac_dark --effort 7 --distance-min 3.5 --distance-max 3.5 --distance-step 3.5 --strategy zenjxl --corpus-manifest benchmarks/corpora/w44_170_varied_corpus.tsv
imac_dark	screenshot	2940	1912	zenjxl	7	3.7500	225096	163438	87.1248	79.0972	1.734907	3.576018	12285.315	7158.209	37.726	8.0276	-51.485	71.626	OK	44c8be367ca8a3918e67d3d2b62de9e0169cdee5	cargo run -p jxl-encoder --release --features 'parallel butteraugli-loop ssim2-loop' --example w44_170_cjxl_step025_sweep -- --image imac_dark --effort 7 --distance-min 3.75 --distance-max 3.75 --distance-step 3.75 --strategy zenjxl --corpus-manifest benchmarks/corpora/w44_170_varied_corpus.tsv
imac_dark	screenshot	2940	1912	zenjxl	7	4.0000	221009	159084	86.6446	77.8322	1.905254	3.600681	16940.252	9096.568	38.926	8.8123	-47.086	86.227	OK	44c8be367ca8a3918e67d3d2b62de9e0169cdee5	cargo run -p jxl-encoder --release --features 'parallel butteraugli-loop ssim2-loop' --example w44_170_cjxl_step025_sweep -- --image imac_dark --effort 7 --distance-min 4 --distance-max 4 --distance-step 4 --strategy zenjxl --corpus-manifest benchmarks/corpora/w44_170_varied_corpus.tsv
imac_dark	screenshot	2940	1912	zenjxl	7	4.2500	215052	155276	84.7461	77.0743	1.906647	4.972309	19714.429	8278.211	38.497	7.6718	-61.655	138.148	OK	44c8be367ca8a3918e67d3d2b62de9e0169cdee5	cargo run -p jxl-encoder --release --features 'parallel butteraugli-loop ssim2-loop' --example w44_170_cjxl_step025_sweep -- --image imac_dark --effort 7 --distance-min 4.25 --distance-max 4.25 --distance-step 4.25 --strategy zenjxl --corpus-manifest benchmarks/corpora/w44_170_varied_corpus.tsv
imac_dark	screenshot	2940	1912	zenjxl	7	4.5000	210016	149909	82.5236	76.7816	1.882255	4.166098	15877.318	8045.372	40.096	5.7421	-54.820	97.347	OK	44c8be367ca8a3918e67d3d2b62de9e0169cdee5	cargo run -p jxl-encoder --release --features 'parallel butteraugli-loop ssim2-loop' --example w44_170_cjxl_step025_sweep -- --image imac_dark --effort 7 --distance-min 4.5 --distance-max 4.5 --distance-step 4.5 --strategy zenjxl --corpus-manifest benchmarks/corpora/w44_170_varied_corpus.tsv
imac_dark	screenshot	2940	1912	zenjxl	7	4.7500	205908	142138	80.6213	76.5417	2.004796	4.500744	12760.080	6321.893	44.865	4.0796	-55.456	101.840	OK	44c8be367ca8a3918e67d3d2b62de9e0169cdee5	cargo run -p jxl-encoder --release --features 'parallel butteraugli-loop ssim2-loop' --example w44_170_cjxl_step025_sweep -- --image imac_dark --effort 7 --distance-min 4.75 --distance-max 4.75 --distance-step 4.75 --strategy zenjxl --corpus-manifest benchmarks/corpora/w44_170_varied_corpus.tsv
imac_dark	screenshot	2940	1912	zenjxl	7	5.0000	205497	138024	78.3312	75.7733	2.359625	4.675808	12149.246	7364.588	48.885	2.5579	-49.535	64.968	OK	44c8be367ca8a3918e67d3d2b62de9e0169cdee5	cargo run -p jxl-encoder --release --features 'parallel butteraugli-loop ssim2-loop' --example w44_170_cjxl_step025_sweep -- --image imac_dark --effort 7 --distance-min 5 --distance-max 5 --distance-step 5 --strategy zenjxl --corpus-manifest benchmarks/corpora/w44_170_varied_corpus.tsv
imac_dark	screenshot	2940	1912	zenjxl	8	0.2500	383220	806081	94.7387	94.9708	0.388260	0.503025	32537.912	3548.378	-52.459	-0.2320	-22.815	816.980	OK	44c8be367ca8a3918e67d3d2b62de9e0169cdee5	cargo run -p jxl-encoder --release --features 'parallel butteraugli-loop ssim2-loop' --example w44_170_cjxl_step025_sweep -- --image imac_dark --effort 8 --distance-min 0.25 --distance-max 0.25 --distance-step 0.25 --strategy zenjxl --corpus-manifest benchmarks/corpora/w44_170_varied_corpus.tsv
imac_dark	screenshot	2940	1912	zenjxl	8	0.5000	295211	660951	93.3485	93.6804	0.650953	0.890062	32521.750	3831.215	-55.335	-0.3319	-26.864	748.863	OK	44c8be367ca8a3918e67d3d2b62de9e0169cdee5	cargo run -p jxl-encoder --release --features 'parallel butteraugli-loop ssim2-loop' --example w44_170_cjxl_step025_sweep -- --image imac_dark --effort 8 --distance-min 0.5 --distance-max 0.5 --distance-step 0.5 --strategy zenjxl --corpus-manifest benchmarks/corpora/w44_170_varied_corpus.tsv
imac_dark	screenshot	2940	1912	zenjxl	8	0.7500	283339	406400	91.6233	92.9435	0.910983	0.951311	39188.214	33059.987	-30.281	-1.3202	-4.239	18.537	OK	44c8be367ca8a3918e67d3d2b62de9e0169cdee5	cargo run -p jxl-encoder --release --features 'parallel butteraugli-loop ssim2-loop' --example w44_170_cjxl_step025_sweep -- --image imac_dark --effort 8 --distance-min 0.75 --distance-max 0.75 --distance-step 0.75 --strategy zenjxl --corpus-manifest benchmarks/corpora/w44_170_varied_corpus.tsv
imac_dark	screenshot	2940	1912	zenjxl	8	1.0000	244014	367048	89.4904	91.7906	1.213582	1.315581	37094.561	31711.279	-33.520	-2.3002	-7.753	16.976	OK	44c8be367ca8a3918e67d3d2b62de9e0169cdee5	cargo run -p jxl-encoder --release --features 'parallel butteraugli-loop ssim2-loop' --example w44_170_cjxl_step025_sweep -- --image imac_dark --effort 8 --distance-min 1 --distance-max 1 --distance-step 1 --strategy zenjxl --corpus-manifest benchmarks/corpora/w44_170_varied_corpus.tsv
imac_dark	screenshot	2940	1912	zenjxl	8	1.2500	222615	339216	88.5289	90.3703	1.393234	1.598501	39731.883	32121.358	-34.374	-1.8414	-12.841	23.693	OK	44c8be367ca8a3918e67d3d2b62de9e0169cdee5	cargo run -p jxl-encoder --release --features 'parallel butteraugli-loop ssim2-loop' --example w44_170_cjxl_step025_sweep -- --image imac_dark --effort 8 --distance-min 1.25 --distance-max 1.25 --distance-step 1.25 --strategy zenjxl --corpus-manifest benchmarks/corpora/w44_170_varied_corpus.tsv
imac_dark	screenshot	2940	1912	zenjxl	8	1.5000	206794	303905	87.4575	89.0475	1.669766	1.794338	46885.778	32386.552	-31.954	-1.5900	-6.943	44.769	OK	44c8be367ca8a3918e67d3d2b62de9e0169cdee5	cargo run -p jxl-encoder --release --features 'parallel butteraugli-loop ssim2-loop' --example w44_170_cjxl_step025_sweep -- --image imac_dark --effort 8 --distance-min 1.5 --distance-max 1.5 --distance-step 1.5 --strategy zenjxl --corpus-manifest benchmarks/corpora/w44_170_varied_corpus.tsv
imac_dark	screenshot	2940	1912	zenjxl	8	1.7500	193842	291200	85.6999	87.4645	1.956095	1.938614	40077.275	32095.715	-33.433	-1.7647	0.902	24.868	OK	44c8be367ca8a3918e67d3d2b62de9e0169cdee5	cargo run -p jxl-encoder --release --features 'parallel butteraugli-loop ssim2-loop' --example w44_170_cjxl_step025_sweep -- --image imac_dark --effort 8 --distance-min 1.75 --distance-max 1.75 --distance-step 1.75 --strategy zenjxl --corpus-manifest benchmarks/corpora/w44_170_varied_corpus.tsv
imac_dark	screenshot	2940	1912	zenjxl	8	2.0000	253529	277852	89.6536	86.8452	1.056942	2.249790	41380.307	31908.486	-8.754	2.8084	-53.020	29.684	OK	44c8be367ca8a3918e67d3d2b62de9e0169cdee5	cargo run -p jxl-encoder --release --features 'parallel butteraugli-loop ssim2-loop' --example w44_170_cjxl_step025_sweep -- --image imac_dark --effort 8 --distance-min 2 --distance-max 2 --distance-step 2 --strategy zenjxl --corpus-manifest benchmarks/corpora/w44_170_varied_corpus.tsv
imac_dark	screenshot	2940	1912	zenjxl	8	2.2500	236174	265305	89.3070	84.6318	1.293528	2.824005	43670.392	30435.826	-10.980	4.6752	-54.195	43.484	OK	44c8be367ca8a3918e67d3d2b62de9e0169cdee5	cargo run -p jxl-encoder --release --features 'parallel butteraugli-loop ssim2-loop' --example w44_170_cjxl_step025_sweep -- --image imac_dark --effort 8 --distance-min 2.25 --distance-max 2.25 --distance-step 2.25 --strategy zenjxl --corpus-manifest benchmarks/corpora/w44_170_varied_corpus.tsv
imac_dark	screenshot	2940	1912	zenjxl	8	2.5000	227897	259210	87.3068	83.8504	1.346139	2.701577	41121.414	31754.899	-12.080	3.4564	-50.172	29.496	OK	44c8be367ca8a3918e67d3d2b62de9e0169cdee5	cargo run -p jxl-encoder --release --features 'parallel butteraugli-loop ssim2-loop' --example w44_170_cjxl_step025_sweep -- --image imac_dark --effort 8 --distance-min 2.5 --distance-max 2.5 --distance-step 2.5 --strategy zenjxl --corpus-manifest benchmarks/corpora/w44_170_varied_corpus.tsv
imac_dark	screenshot	2940	1912	zenjxl	8	2.7500	216848	237907	88.0903	82.6078	1.414809	3.252866	42513.715	28594.134	-8.852	5.4825	-56.506	48.680	OK	44c8be367ca8a3918e67d3d2b62de9e0169cdee5	cargo run -p jxl-encoder --release --features 'parallel butteraugli-loop ssim2-loop' --example w44_170_cjxl_step025_sweep -- --image imac_dark --effort 8 --distance-min 2.75 --distance-max 2.75 --distance-step 2.75 --strategy zenjxl --corpus-manifest benchmarks/corpora/w44_170_varied_corpus.tsv
imac_dark	screenshot	2940	1912	zenjxl	8	3.0000	212267	229223	86.0989	81.7345	1.579093	3.169071	442201.346	32025.848	-7.397	4.3644	-50.172	1280.764	OK	44c8be367ca8a3918e67d3d2b62de9e0169cdee5	cargo run -p jxl-encoder --release --features 'parallel butteraugli-loop ssim2-loop' --example w44_170_cjxl_step025_sweep -- --image imac_dark --effort 8 --distance-min 3 --distance-max 3 --distance-step 3 --strategy zenjxl --corpus-manifest benchmarks/corpora/w44_170_varied_corpus.tsv
imac_dark	screenshot	2940	1912	zenjxl	8	3.2500	205999	226183	86.2740	80.7113	1.691348	3.575818	41992.063	31639.585	-8.924	5.5627	-52.700	32.720	OK	44c8be367ca8a3918e67d3d2b62de9e0169cdee5	cargo run -p jxl-encoder --release --features 'parallel butteraugli-loop ssim2-loop' --example w44_170_cjxl_step025_sweep -- --image imac_dark --effort 8 --distance-min 3.25 --distance-max 3.25 --distance-step 3.25 --strategy zenjxl --corpus-manifest benchmarks/corpora/w44_170_varied_corpus.tsv
imac_dark	screenshot	2940	1912	zenjxl	8	3.5000	199522	223334	85.7588	79.4699	2.079621	3.403560	38947.361	32348.517	-10.662	6.2888	-38.899	20.399	OK	44c8be367ca8a3918e67d3d2b62de9e0169cdee5	cargo run -p jxl-encoder --release --features 'parallel butteraugli-loop ssim2-loop' --example w44_170_cjxl_step025_sweep -- --image imac_dark --effort 8 --distance-min 3.5 --distance-max 3.5 --distance-step 3.5 --strategy zenjxl --corpus-manifest benchmarks/corpora/w44_170_varied_corpus.tsv
imac_dark	screenshot	2940	1912	zenjxl	8	3.7500	192080	223501	84.0132	78.1624	1.932805	3.594008	40985.337	33845.558	-14.059	5.8508	-46.221	21.095	OK	44c8be367ca8a3918e67d3d2b62de9e0169cdee5	cargo run -p jxl-encoder --release --features 'parallel butteraugli-loop ssim2-loop' --example w44_170_cjxl_step025_sweep -- --image imac_dark --effort 8 --distance-min 3.75 --distance-max 3.75 --distance-step 3.75 --strategy zenjxl --corpus-manifest benchmarks/corpora/w44_170_varied_corpus.tsv
imac_dark	screenshot	2940	1912	zenjxl	8	4.0000	0	202016	0.0000	77.0637	0.000000	4.164464	0.000	34958.044	-100.000	-77.0637	-100.000	-100.000	FAILED	44c8be367ca8a3918e67d3d2b62de9e0169cdee5	cargo run -p jxl-encoder --release --features 'parallel butteraugli-loop ssim2-loop' --example w44_170_cjxl_step025_sweep -- --image imac_dark --effort 8 --distance-min 4 --distance-max 4 --distance-step 4 --strategy zenjxl --corpus-manifest benchmarks/corpora/w44_170_varied_corpus.tsv
imac_dark	screenshot	2940	1912	zenjxl	8	4.2500	0	196907	0.0000	76.1865	0.000000	5.473145	0.000	33712.860	-100.000	-76.1865	-100.000	-100.000	FAILED	44c8be367ca8a3918e67d3d2b62de9e0169cdee5	cargo run -p jxl-encoder --release --features 'parallel butteraugli-loop ssim2-loop' --example w44_170_cjxl_step025_sweep -- --image imac_dark --effort 8 --distance-min 4.25 --distance-max 4.25 --distance-step 4.25 --strategy zenjxl --corpus-manifest benchmarks/corpora/w44_170_varied_corpus.tsv
imac_dark	screenshot	2940	1912	zenjxl	8	4.5000	0	201029	0.0000	74.5404	0.000000	4.634642	0.000	31703.526	-100.000	-74.5404	-100.000	-100.000	FAILED	44c8be367ca8a3918e67d3d2b62de9e0169cdee5	cargo run -p jxl-encoder --release --features 'parallel butteraugli-loop ssim2-loop' --example w44_170_cjxl_step025_sweep -- --image imac_dark --effort 8 --distance-min 4.5 --distance-max 4.5 --distance-step 4.5 --strategy zenjxl --corpus-manifest benchmarks/corpora/w44_170_varied_corpus.tsv
imac_dark	screenshot	2940	1912	zenjxl	8	4.7500	196373	181989	82.4164	75.2793	2.019897	4.850866	57290.600	29320.068	7.904	7.1372	-58.360	95.397	OK	44c8be367ca8a3918e67d3d2b62de9e0169cdee5	cargo run -p jxl-encoder --release --features 'parallel butteraugli-loop ssim2-loop' --example w44_170_cjxl_step025_sweep -- --image imac_dark --effort 8 --distance-min 4.75 --distance-max 4.75 --distance-step 4.75 --strategy zenjxl --corpus-manifest benchmarks/corpora/w44_170_varied_corpus.tsv
imac_dark	screenshot	2940	1912	zenjxl	8	5.0000	200169	181659	76.4700	74.8633	2.166293	4.628938	61242.259	31406.155	10.189	1.6067	-53.201	95.001	OK	44c8be367ca8a3918e67d3d2b62de9e0169cdee5	cargo run -p jxl-encoder --release --features 'parallel butteraugli-loop ssim2-loop' --example w44_170_cjxl_step025_sweep -- --image imac_dark --effort 8 --distance-min 5 --distance-max 5 --distance-step 5 --strategy zenjxl --corpus-manifest benchmarks/corpora/w44_170_varied_corpus.tsv
imac_dark	screenshot	2940	1912	zenjxl	9	0.2500	383669	805513	94.7317	94.9708	0.283330	0.503025	56077.028	3242.282	-52.370	-0.2390	-43.675	1629.554	OK	44c8be367ca8a3918e67d3d2b62de9e0169cdee5	cargo run -p jxl-encoder --release --features 'parallel butteraugli-loop ssim2-loop' --example w44_170_cjxl_step025_sweep -- --image imac_dark --effort 9 --distance-min 0.25 --distance-max 0.25 --distance-step 0.25 --strategy zenjxl --corpus-manifest benchmarks/corpora/w44_170_varied_corpus.tsv
imac_dark	screenshot	2940	1912	zenjxl	9	0.5000	296015	660080	93.3533	93.6804	0.559269	0.890062	56556.651	2960.907	-55.155	-0.3271	-37.165	1810.112	OK	44c8be367ca8a3918e67d3d2b62de9e0169cdee5	cargo run -p jxl-encoder --release --features 'parallel butteraugli-loop ssim2-loop' --example w44_170_cjxl_step025_sweep -- --image imac_dark --effort 9 --distance-min 0.5 --distance-max 0.5 --distance-step 0.5 --strategy zenjxl --corpus-manifest benchmarks/corpora/w44_170_varied_corpus.tsv
imac_dark	screenshot	2940	1912	zenjxl	9	0.7500	283694	406580	91.6461	92.9749	0.835593	0.864912	62979.303	41304.522	-30.224	-1.3288	-3.390	52.476	OK	44c8be367ca8a3918e67d3d2b62de9e0169cdee5	cargo run -p jxl-encoder --release --features 'parallel butteraugli-loop ssim2-loop' --example w44_170_cjxl_step025_sweep -- --image imac_dark --effort 9 --distance-min 0.75 --distance-max 0.75 --distance-step 0.75 --strategy zenjxl --corpus-manifest benchmarks/corpora/w44_170_varied_corpus.tsv
imac_dark	screenshot	2940	1912	zenjxl	9	1.0000	244811	367677	89.5188	91.8019	1.118829	1.117887	352274.585	44546.656	-33.417	-2.2831	0.084	690.799	OK	44c8be367ca8a3918e67d3d2b62de9e0169cdee5	cargo run -p jxl-encoder --release --features 'parallel butteraugli-loop ssim2-loop' --example w44_170_cjxl_step025_sweep -- --image imac_dark --effort 9 --distance-min 1 --distance-max 1 --distance-step 1 --strategy zenjxl --corpus-manifest benchmarks/corpora/w44_170_varied_corpus.tsv
imac_dark	screenshot	2940	1912	zenjxl	9	1.2500	222389	339766	88.5280	90.4443	1.322013	1.598501	61430.833	41233.199	-34.546	-1.9163	-17.297	48.984	OK	44c8be367ca8a3918e67d3d2b62de9e0169cdee5	cargo run -p jxl-encoder --release --features 'parallel butteraugli-loop ssim2-loop' --example w44_170_cjxl_step025_sweep -- --image imac_dark --effort 9 --distance-min 1.25 --distance-max 1.25 --distance-step 1.25 --strategy zenjxl --corpus-manifest benchmarks/corpora/w44_170_varied_corpus.tsv
imac_dark	screenshot	2940	1912	zenjxl	9	1.5000	207626	303616	87.4774	89.0188	1.628223	1.803316	76944.905	44694.267	-31.616	-1.5414	-9.710	72.158	OK	44c8be367ca8a3918e67d3d2b62de9e0169cdee5	cargo run -p jxl-encoder --release --features 'parallel butteraugli-loop ssim2-loop' --example w44_170_cjxl_step025_sweep -- --image imac_dark --effort 9 --distance-min 1.5 --distance-max 1.5 --distance-step 1.5 --strategy zenjxl --corpus-manifest benchmarks/corpora/w44_170_varied_corpus.tsv
imac_dark	screenshot	2940	1912	zenjxl	9	1.7500	193726	291868	85.7009	87.4915	1.816209	1.904916	66672.417	44351.207	-33.625	-1.7906	-4.657	50.328	OK	44c8be367ca8a3918e67d3d2b62de9e0169cdee5	cargo run -p jxl-encoder --release --features 'parallel butteraugli-loop ssim2-loop' --example w44_170_cjxl_step025_sweep -- --image imac_dark --effort 9 --distance-min 1.75 --distance-max 1.75 --distance-step 1.75 --strategy zenjxl --corpus-manifest benchmarks/corpora/w44_170_varied_corpus.tsv
imac_dark	screenshot	2940	1912	zenjxl	9	2.0000	254915	278200	89.6536	86.8600	1.056942	2.090200	65466.751	43498.530	-8.370	2.7936	-49.433	50.503	OK	44c8be367ca8a3918e67d3d2b62de9e0169cdee5	cargo run -p jxl-encoder --release --features 'parallel butteraugli-loop ssim2-loop' --example w44_170_cjxl_step025_sweep -- --image imac_dark --effort 9 --distance-min 2 --distance-max 2 --distance-step 2 --strategy zenjxl --corpus-manifest benchmarks/corpora/w44_170_varied_corpus.tsv
imac_dark	screenshot	2940	1912	zenjxl	9	2.2500	236781	265976	89.3070	84.6696	1.293528	2.354031	66071.423	46537.609	-10.977	4.6374	-45.051	41.974	OK	44c8be367ca8a3918e67d3d2b62de9e0169cdee5	cargo run -p jxl-encoder --release --features 'parallel butteraugli-loop ssim2-loop' --example w44_170_cjxl_step025_sweep -- --image imac_dark --effort 9 --distance-min 2.25 --distance-max 2.25 --distance-step 2.25 --strategy zenjxl --corpus-manifest benchmarks/corpora/w44_170_varied_corpus.tsv
imac_dark	screenshot	2940	1912	zenjxl	9	2.5000	227617	260445	87.3068	83.8811	1.346139	2.539872	66955.503	48092.917	-12.605	3.4257	-47.000	39.221	OK	44c8be367ca8a3918e67d3d2b62de9e0169cdee5	cargo run -p jxl-encoder --release --features 'parallel butteraugli-loop ssim2-loop' --example w44_170_cjxl_step025_sweep -- --image imac_dark --effort 9 --distance-min 2.5 --distance-max 2.5 --distance-step 2.5 --strategy zenjxl --corpus-manifest benchmarks/corpora/w44_170_varied_corpus.tsv
imac_dark	screenshot	2940	1912	zenjxl	9	2.7500	217965	239308	88.0903	82.6205	1.414809	2.915399	67213.311	48349.992	-8.919	5.4698	-51.471	39.014	OK	44c8be367ca8a3918e67d3d2b62de9e0169cdee5	cargo run -p jxl-encoder --release --features 'parallel butteraugli-loop ssim2-loop' --example w44_170_cjxl_step025_sweep -- --image imac_dark --effort 9 --distance-min 2.75 --distance-max 2.75 --distance-step 2.75 --strategy zenjxl --corpus-manifest benchmarks/corpora/w44_170_varied_corpus.tsv
imac_dark	screenshot	2940	1912	zenjxl	9	3.0000	213425	230636	86.0989	81.7535	1.579093	3.169071	68113.863	42787.176	-7.462	4.3454	-50.172	59.192	OK	44c8be367ca8a3918e67d3d2b62de9e0169cdee5	cargo run -p jxl-encoder --release --features 'parallel butteraugli-loop ssim2-loop' --example w44_170_cjxl_step025_sweep -- --image imac_dark --effort 9 --distance-min 3 --distance-max 3 --distance-step 3 --strategy zenjxl --corpus-manifest benchmarks/corpora/w44_170_varied_corpus.tsv
imac_dark	screenshot	2940	1912	zenjxl	9	3.2500	206783	227407	86.2740	80.7304	1.691348	3.575818	68670.365	44952.833	-9.069	5.5436	-52.700	52.761	OK	44c8be367ca8a3918e67d3d2b62de9e0169cdee5	cargo run -p jxl-encoder --release --features 'parallel butteraugli-loop ssim2-loop' --example w44_170_cjxl_step025_sweep -- --image imac_dark --effort 9 --distance-min 3.25 --distance-max 3.25 --distance-step 3.25 --strategy zenjxl --corpus-manifest benchmarks/corpora/w44_170_varied_corpus.tsv
imac_dark	screenshot	2940	1912	zenjxl	9	3.5000	200124	224574	85.7588	79.4983	2.079621	3.403560	70742.766	46516.495	-10.887	6.2604	-38.899	52.081	OK	44c8be367ca8a3918e67d3d2b62de9e0169cdee5	cargo run -p jxl-encoder --release --features 'parallel butteraugli-loop ssim2-loop' --example w44_170_cjxl_step025_sweep -- --image imac_dark --effort 9 --distance-min 3.5 --distance-max 3.5 --distance-step 3.5 --strategy zenjxl --corpus-manifest benchmarks/corpora/w44_170_varied_corpus.tsv
imac_dark	screenshot	2940	1912	zenjxl	9	3.7500	192418	225116	84.0132	78.2054	1.932805	3.594008	65570.558	41949.715	-14.525	5.8078	-46.221	56.308	OK	44c8be367ca8a3918e67d3d2b62de9e0169cdee5	cargo run -p jxl-encoder --release --features 'parallel butteraugli-loop ssim2-loop' --example w44_170_cjxl_step025_sweep -- --image imac_dark --effort 9 --distance-min 3.75 --distance-max 3.75 --distance-step 3.75 --strategy zenjxl --corpus-manifest benchmarks/corpora/w44_170_varied_corpus.tsv
imac_dark	screenshot	2940	1912	zenjxl	9	4.0000	0	203791	0.0000	77.0978	0.000000	3.927921	0.000	47704.873	-100.000	-77.0978	-100.000	-100.000	FAILED	44c8be367ca8a3918e67d3d2b62de9e0169cdee5	cargo run -p jxl-encoder --release --features 'parallel butteraugli-loop ssim2-loop' --example w44_170_cjxl_step025_sweep -- --image imac_dark --effort 9 --distance-min 4 --distance-max 4 --distance-step 4 --strategy zenjxl --corpus-manifest benchmarks/corpora/w44_170_varied_corpus.tsv
imac_dark	screenshot	2940	1912	zenjxl	9	4.2500	0	198399	0.0000	76.2386	0.000000	5.473145	0.000	45816.575	-100.000	-76.2386	-100.000	-100.000	FAILED	44c8be367ca8a3918e67d3d2b62de9e0169cdee5	cargo run -p jxl-encoder --release --features 'parallel butteraugli-loop ssim2-loop' --example w44_170_cjxl_step025_sweep -- --image imac_dark --effort 9 --distance-min 4.25 --distance-max 4.25 --distance-step 4.25 --strategy zenjxl --corpus-manifest benchmarks/corpora/w44_170_varied_corpus.tsv
imac_dark	screenshot	2940	1912	zenjxl	9	4.5000	0	202928	0.0000	74.5645	0.000000	4.634642	0.000	43790.605	-100.000	-74.5645	-100.000	-100.000	FAILED	44c8be367ca8a3918e67d3d2b62de9e0169cdee5	cargo run -p jxl-encoder --release --features 'parallel butteraugli-loop ssim2-loop' --example w44_170_cjxl_step025_sweep -- --image imac_dark --effort 9 --distance-min 4.5 --distance-max 4.5 --distance-step 4.5 --strategy zenjxl --corpus-manifest benchmarks/corpora/w44_170_varied_corpus.tsv
imac_dark	screenshot	2940	1912	zenjxl	9	4.7500	0	184076	0.0000	75.3136	0.000000	4.850866	0.000	42618.311	-100.000	-75.3136	-100.000	-100.000	FAILED	44c8be367ca8a3918e67d3d2b62de9e0169cdee5	cargo run -p jxl-encoder --release --features 'parallel butteraugli-loop ssim2-loop' --example w44_170_cjxl_step025_sweep -- --image imac_dark --effort 9 --distance-min 4.75 --distance-max 4.75 --distance-step 4.75 --strategy zenjxl --corpus-manifest benchmarks/corpora/w44_170_varied_corpus.tsv
imac_dark	screenshot	2940	1912	zenjxl	9	5.0000	0	183765	0.0000	74.9574	0.000000	4.628938	0.000	42088.109	-100.000	-74.9574	-100.000	-100.000	FAILED	44c8be367ca8a3918e67d3d2b62de9e0169cdee5	cargo run -p jxl-encoder --release --features 'parallel butteraugli-loop ssim2-loop' --example w44_170_cjxl_step025_sweep -- --image imac_dark --effort 9 --distance-min 5 --distance-max 5 --distance-step 5 --strategy zenjxl --corpus-manifest benchmarks/corpora/w44_170_varied_corpus.tsv
imac_g3	screenshot	2940	1912	zenjxl	5	0.2500	301564	717065	90.8559	90.5149	0.382095	0.381658	9880.326	2437.642	-57.945	0.3410	0.114	305.323	OK	44c8be367ca8a3918e67d3d2b62de9e0169cdee5	cargo run -p jxl-encoder --release --features 'parallel butteraugli-loop ssim2-loop' --example w44_170_cjxl_step025_sweep -- --image imac_g3 --effort 5 --distance-min 0.25 --distance-max 0.25 --distance-step 0.25 --strategy zenjxl --corpus-manifest benchmarks/corpora/w44_170_varied_corpus.tsv
imac_g3	screenshot	2940	1912	zenjxl	5	0.5000	243102	597986	90.2765	89.4933	0.708179	0.715950	11525.056	2419.276	-59.347	0.7832	-1.086	376.384	OK	44c8be367ca8a3918e67d3d2b62de9e0169cdee5	cargo run -p jxl-encoder --release --features 'parallel butteraugli-loop ssim2-loop' --example w44_170_cjxl_step025_sweep -- --image imac_g3 --effort 5 --distance-min 0.5 --distance-max 0.5 --distance-step 0.5 --strategy zenjxl --corpus-manifest benchmarks/corpora/w44_170_varied_corpus.tsv
imac_g3	screenshot	2940	1912	zenjxl	5	0.7500	237112	607509	89.2872	87.9911	1.224532	1.201394	5155.839	2489.354	-60.970	1.2961	1.926	107.116	OK	44c8be367ca8a3918e67d3d2b62de9e0169cdee5	cargo run -p jxl-encoder --release --features 'parallel butteraugli-loop ssim2-loop' --example w44_170_cjxl_step025_sweep -- --image imac_g3 --effort 5 --distance-min 0.75 --distance-max 0.75 --distance-step 0.75 --strategy zenjxl --corpus-manifest benchmarks/corpora/w44_170_varied_corpus.tsv
imac_g3	screenshot	2940	1912	zenjxl	5	1.0000	214510	546085	88.4680	86.8045	1.107625	1.309718	8109.474	2611.722	-60.719	1.6635	-15.430	210.503	OK	44c8be367ca8a3918e67d3d2b62de9e0169cdee5	cargo run -p jxl-encoder --release --features 'parallel butteraugli-loop ssim2-loop' --example w44_170_cjxl_step025_sweep -- --image imac_g3 --effort 5 --distance-min 1 --distance-max 1 --distance-step 1 --strategy zenjxl --corpus-manifest benchmarks/corpora/w44_170_varied_corpus.tsv
imac_g3	screenshot	2940	1912	zenjxl	5	1.2500	196454	500987	87.9841	85.6274	1.395876	1.394567	6680.736	2472.912	-60.787	2.3567	0.094	170.157	OK	44c8be367ca8a3918e67d3d2b62de9e0169cdee5	cargo run -p jxl-encoder --release --features 'parallel butteraugli-loop ssim2-loop' --example w44_170_cjxl_step025_sweep -- --image imac_g3 --effort 5 --distance-min 1.25 --distance-max 1.25 --distance-step 1.25 --strategy zenjxl --corpus-manifest benchmarks/corpora/w44_170_varied_corpus.tsv
imac_g3	screenshot	2940	1912	zenjxl	5	1.5000	182398	465233	86.8024	84.7394	1.745595	1.711617	5303.710	2742.297	-60.794	2.0630	1.985	93.404	OK	44c8be367ca8a3918e67d3d2b62de9e0169cdee5	cargo run -p jxl-encoder --release --features 'parallel butteraugli-loop ssim2-loop' --example w44_170_cjxl_step025_sweep -- --image imac_g3 --effort 5 --distance-min 1.5 --distance-max 1.5 --distance-step 1.5 --strategy zenjxl --corpus-manifest benchmarks/corpora/w44_170_varied_corpus.tsv
imac_g3	screenshot	2940	1912	zenjxl	5	1.7500	173310	438482	85.6555	83.7104	1.936949	1.953663	4915.192	2504.100	-60.475	1.9451	-0.856	96.286	OK	44c8be367ca8a3918e67d3d2b62de9e0169cdee5	cargo run -p jxl-encoder --release --features 'parallel butteraugli-loop ssim2-loop' --example w44_170_cjxl_step025_sweep -- --image imac_g3 --effort 5 --distance-min 1.75 --distance-max 1.75 --distance-step 1.75 --strategy zenjxl --corpus-manifest benchmarks/corpora/w44_170_varied_corpus.tsv
imac_g3	screenshot	2940	1912	zenjxl	5	2.0000	205981	414971	87.4146	83.1061	2.377221	1.941461	5815.870	2573.863	-50.363	4.3085	22.445	125.959	OK	44c8be367ca8a3918e67d3d2b62de9e0169cdee5	cargo run -p jxl-encoder --release --features 'parallel butteraugli-loop ssim2-loop' --example w44_170_cjxl_step025_sweep -- --image imac_g3 --effort 5 --distance-min 2 --distance-max 2 --distance-step 2 --strategy zenjxl --corpus-manifest benchmarks/corpora/w44_170_varied_corpus.tsv
imac_g3	screenshot	2940	1912	zenjxl	5	2.2500	196523	393516	86.6372	82.1753	1.790128	2.226290	5359.537	2874.612	-50.060	4.4620	-19.591	86.444	OK	44c8be367ca8a3918e67d3d2b62de9e0169cdee5	cargo run -p jxl-encoder --release --features 'parallel butteraugli-loop ssim2-loop' --example w44_170_cjxl_step025_sweep -- --image imac_g3 --effort 5 --distance-min 2.25 --distance-max 2.25 --distance-step 2.25 --strategy zenjxl --corpus-manifest benchmarks/corpora/w44_170_varied_corpus.tsv
imac_g3	screenshot	2940	1912	zenjxl	5	2.5000	186637	374983	85.3545	80.9464	1.984905	2.382292	6329.932	2676.673	-50.228	4.4081	-16.681	136.485	OK	44c8be367ca8a3918e67d3d2b62de9e0169cdee5	cargo run -p jxl-encoder --release --features 'parallel butteraugli-loop ssim2-loop' --example w44_170_cjxl_step025_sweep -- --image imac_g3 --effort 5 --distance-min 2.5 --distance-max 2.5 --distance-step 2.5 --strategy zenjxl --corpus-manifest benchmarks/corpora/w44_170_varied_corpus.tsv
imac_g3	screenshot	2940	1912	zenjxl	5	2.7500	180712	361241	85.0649	80.4165	2.390144	2.610457	8045.114	3073.197	-49.975	4.6484	-8.440	161.783	OK	44c8be367ca8a3918e67d3d2b62de9e0169cdee5	cargo run -p jxl-encoder --release --features 'parallel butteraugli-loop ssim2-loop' --example w44_170_cjxl_step025_sweep -- --image imac_g3 --effort 5 --distance-min 2.75 --distance-max 2.75 --distance-step 2.75 --strategy zenjxl --corpus-manifest benchmarks/corpora/w44_170_varied_corpus.tsv
imac_g3	screenshot	2940	1912	zenjxl	5	3.0000	174592	347182	84.7610	79.5427	2.556426	2.588394	4603.350	2019.138	-49.712	5.2183	-1.235	127.986	OK	44c8be367ca8a3918e67d3d2b62de9e0169cdee5	cargo run -p jxl-encoder --release --features 'parallel butteraugli-loop ssim2-loop' --example w44_170_cjxl_step025_sweep -- --image imac_g3 --effort 5 --distance-min 3 --distance-max 3 --distance-step 3 --strategy zenjxl --corpus-manifest benchmarks/corpora/w44_170_varied_corpus.tsv
imac_g3	screenshot	2940	1912	zenjxl	5	3.2500	168920	333118	85.4895	78.6265	2.516918	3.457206	5362.264	2701.893	-49.291	6.8629	-27.198	98.463	OK	44c8be367ca8a3918e67d3d2b62de9e0169cdee5	cargo run -p jxl-encoder --release --features 'parallel butteraugli-loop ssim2-loop' --example w44_170_cjxl_step025_sweep -- --image imac_g3 --effort 5 --distance-min 3.25 --distance-max 3.25 --distance-step 3.25 --strategy zenjxl --corpus-manifest benchmarks/corpora/w44_170_varied_corpus.tsv
imac_g3	screenshot	2940	1912	zenjxl	5	3.5000	164849	322978	82.2924	77.7745	3.417872	3.115919	5169.605	2621.588	-48.960	4.5179	9.691	97.194	OK	44c8be367ca8a3918e67d3d2b62de9e0169cdee5	cargo run -p jxl-encoder --release --features 'parallel butteraugli-loop ssim2-loop' --example w44_170_cjxl_step025_sweep -- --image imac_g3 --effort 5 --distance-min 3.5 --distance-max 3.5 --distance-step 3.5 --strategy zenjxl --corpus-manifest benchmarks/corpora/w44_170_varied_corpus.tsv
imac_g3	screenshot	2940	1912	zenjxl	5	3.7500	158852	313701	84.9594	77.0938	2.229580	3.417202	7791.207	2748.721	-49.362	7.8656	-34.754	183.448	OK	44c8be367ca8a3918e67d3d2b62de9e0169cdee5	cargo run -p jxl-encoder --release --features 'parallel butteraugli-loop ssim2-loop' --example w44_170_cjxl_step025_sweep -- --image imac_g3 --effort 5 --distance-min 3.75 --distance-max 3.75 --distance-step 3.75 --strategy zenjxl --corpus-manifest benchmarks/corpora/w44_170_varied_corpus.tsv
imac_g3	screenshot	2940	1912	zenjxl	5	4.0000	155252	302783	84.5710	76.5433	2.368769	3.746064	7511.295	2256.476	-48.725	8.0277	-36.766	232.877	OK	44c8be367ca8a3918e67d3d2b62de9e0169cdee5	cargo run -p jxl-encoder --release --features 'parallel butteraugli-loop ssim2-loop' --example w44_170_cjxl_step025_sweep -- --image imac_g3 --effort 5 --distance-min 4 --distance-max 4 --distance-step 4 --strategy zenjxl --corpus-manifest benchmarks/corpora/w44_170_varied_corpus.tsv
imac_g3	screenshot	2940	1912	zenjxl	5	4.2500	149713	292560	83.9194	75.8839	2.371080	3.918591	9022.279	2743.078	-48.827	8.0355	-39.492	228.911	OK	44c8be367ca8a3918e67d3d2b62de9e0169cdee5	cargo run -p jxl-encoder --release --features 'parallel butteraugli-loop ssim2-loop' --example w44_170_cjxl_step025_sweep -- --image imac_g3 --effort 5 --distance-min 4.25 --distance-max 4.25 --distance-step 4.25 --strategy zenjxl --corpus-manifest benchmarks/corpora/w44_170_varied_corpus.tsv
imac_g3	screenshot	2940	1912	zenjxl	5	4.5000	145606	284269	83.7207	75.5342	2.470674	4.001844	6149.259	2423.561	-48.779	8.1865	-38.262	153.728	OK	44c8be367ca8a3918e67d3d2b62de9e0169cdee5	cargo run -p jxl-encoder --release --features 'parallel butteraugli-loop ssim2-loop' --example w44_170_cjxl_step025_sweep -- --image imac_g3 --effort 5 --distance-min 4.5 --distance-max 4.5 --distance-step 4.5 --strategy zenjxl --corpus-manifest benchmarks/corpora/w44_170_varied_corpus.tsv
imac_g3	screenshot	2940	1912	zenjxl	5	4.7500	141776	276566	82.1996	74.7090	2.608027	4.292202	5943.503	2467.992	-48.737	7.4906	-39.238	140.823	OK	44c8be367ca8a3918e67d3d2b62de9e0169cdee5	cargo run -p jxl-encoder --release --features 'parallel butteraugli-loop ssim2-loop' --example w44_170_cjxl_step025_sweep -- --image imac_g3 --effort 5 --distance-min 4.75 --distance-max 4.75 --distance-step 4.75 --strategy zenjxl --corpus-manifest benchmarks/corpora/w44_170_varied_corpus.tsv
imac_g3	screenshot	2940	1912	zenjxl	5	5.0000	139335	267332	82.9338	74.1750	2.676325	4.691537	5954.979	2088.867	-47.879	8.7588	-42.954	185.082	OK	44c8be367ca8a3918e67d3d2b62de9e0169cdee5	cargo run -p jxl-encoder --release --features 'parallel butteraugli-loop ssim2-loop' --example w44_170_cjxl_step025_sweep -- --image imac_g3 --effort 5 --distance-min 5 --distance-max 5 --distance-step 5 --strategy zenjxl --corpus-manifest benchmarks/corpora/w44_170_varied_corpus.tsv
imac_g3	screenshot	2940	1912	zenjxl	6	0.2500	301402	718343	90.9151	90.5649	0.381900	0.383536	7282.127	3425.813	-58.042	0.3502	-0.427	112.566	OK	44c8be367ca8a3918e67d3d2b62de9e0169cdee5	cargo run -p jxl-encoder --release --features 'parallel butteraugli-loop ssim2-loop' --example w44_170_cjxl_step025_sweep -- --image imac_g3 --effort 6 --distance-min 0.25 --distance-max 0.25 --distance-step 0.25 --strategy zenjxl --corpus-manifest benchmarks/corpora/w44_170_varied_corpus.tsv
imac_g3	screenshot	2940	1912	zenjxl	6	0.5000	242747	598028	90.2343	89.4861	0.708173	0.714167	5375.487	2757.979	-59.409	0.7482	-0.839	94.907	OK	44c8be367ca8a3918e67d3d2b62de9e0169cdee5	cargo run -p jxl-encoder --release --features 'parallel butteraugli-loop ssim2-loop' --example w44_170_cjxl_step025_sweep -- --image imac_g3 --effort 6 --distance-min 0.5 --distance-max 0.5 --distance-step 0.5 --strategy zenjxl --corpus-manifest benchmarks/corpora/w44_170_varied_corpus.tsv
imac_g3	screenshot	2940	1912	zenjxl	6	0.7500	242400	608925	89.2366	88.0809	1.239384	1.144574	10785.350	5420.295	-60.192	1.1556	8.283	98.981	OK	44c8be367ca8a3918e67d3d2b62de9e0169cdee5	cargo run -p jxl-encoder --release --features 'parallel butteraugli-loop ssim2-loop' --example w44_170_cjxl_step025_sweep -- --image imac_g3 --effort 6 --distance-min 0.75 --distance-max 0.75 --distance-step 0.75 --strategy zenjxl --corpus-manifest benchmarks/corpora/w44_170_varied_corpus.tsv
imac_g3	screenshot	2940	1912	zenjxl	6	1.0000	220115	546020	88.4183	86.8346	1.124181	1.311112	8794.209	4315.952	-59.687	1.5837	-14.257	103.761	OK	44c8be367ca8a3918e67d3d2b62de9e0169cdee5	cargo run -p jxl-encoder --release --features 'parallel butteraugli-loop ssim2-loop' --example w44_170_cjxl_step025_sweep -- --image imac_g3 --effort 6 --distance-min 1 --distance-max 1 --distance-step 1 --strategy zenjxl --corpus-manifest benchmarks/corpora/w44_170_varied_corpus.tsv
imac_g3	screenshot	2940	1912	zenjxl	6	1.2500	201008	502712	87.8832	85.8962	1.376557	1.355157	8390.330	5012.761	-60.015	1.9870	1.579	67.379	OK	44c8be367ca8a3918e67d3d2b62de9e0169cdee5	cargo run -p jxl-encoder --release --features 'parallel butteraugli-loop ssim2-loop' --example w44_170_cjxl_step025_sweep -- --image imac_g3 --effort 6 --distance-min 1.25 --distance-max 1.25 --distance-step 1.25 --strategy zenjxl --corpus-manifest benchmarks/corpora/w44_170_varied_corpus.tsv
imac_g3	screenshot	2940	1912	zenjxl	6	1.5000	187867	469718	86.7483	84.9544	1.613489	1.566028	8445.077	4983.072	-60.004	1.7939	3.031	69.475	OK	44c8be367ca8a3918e67d3d2b62de9e0169cdee5	cargo run -p jxl-encoder --release --features 'parallel butteraugli-loop ssim2-loop' --example w44_170_cjxl_step025_sweep -- --image imac_g3 --effort 6 --distance-min 1.5 --distance-max 1.5 --distance-step 1.5 --strategy zenjxl --corpus-manifest benchmarks/corpora/w44_170_varied_corpus.tsv
imac_g3	screenshot	2940	1912	zenjxl	6	1.7500	181428	439924	85.6315	84.0448	2.047586	2.033877	8841.775	4706.828	-58.759	1.5867	0.674	87.850	OK	44c8be367ca8a3918e67d3d2b62de9e0169cdee5	cargo run -p jxl-encoder --release --features 'parallel butteraugli-loop ssim2-loop' --example w44_170_cjxl_step025_sweep -- --image imac_g3 --effort 6 --distance-min 1.75 --distance-max 1.75 --distance-step 1.75 --strategy zenjxl --corpus-manifest benchmarks/corpora/w44_170_varied_corpus.tsv
imac_g3	screenshot	2940	1912	zenjxl	6	2.0000	211676	416493	87.3344	83.3567	2.377221	1.892635	8539.038	5394.149	-49.177	3.9776	25.604	58.302	OK	44c8be367ca8a3918e67d3d2b62de9e0169cdee5	cargo run -p jxl-encoder --release --features 'parallel butteraugli-loop ssim2-loop' --example w44_170_cjxl_step025_sweep -- --image imac_g3 --effort 6 --distance-min 2 --distance-max 2 --distance-step 2 --strategy zenjxl --corpus-manifest benchmarks/corpora/w44_170_varied_corpus.tsv
imac_g3	screenshot	2940	1912	zenjxl	6	2.2500	201175	394776	86.4753	82.4298	1.789840	2.157734	7197.254	5457.790	-49.041	4.0455	-17.050	31.871	OK	44c8be367ca8a3918e67d3d2b62de9e0169cdee5	cargo run -p jxl-encoder --release --features 'parallel butteraugli-loop ssim2-loop' --example w44_170_cjxl_step025_sweep -- --image imac_g3 --effort 6 --distance-min 2.25 --distance-max 2.25 --distance-step 2.25 --strategy zenjxl --corpus-manifest benchmarks/corpora/w44_170_varied_corpus.tsv
imac_g3	screenshot	2940	1912	zenjxl	6	2.5000	191573	377314	85.2636	81.3010	1.984487	2.283930	9375.408	5280.353	-49.227	3.9626	-13.111	77.553	OK	44c8be367ca8a3918e67d3d2b62de9e0169cdee5	cargo run -p jxl-encoder --release --features 'parallel butteraugli-loop ssim2-loop' --example w44_170_cjxl_step025_sweep -- --image imac_g3 --effort 6 --distance-min 2.5 --distance-max 2.5 --distance-step 2.5 --strategy zenjxl --corpus-manifest benchmarks/corpora/w44_170_varied_corpus.tsv
imac_g3	screenshot	2940	1912	zenjxl	6	2.7500	186371	365190	84.9582	80.7131	2.389757	2.447183	7975.045	5087.085	-48.966	4.2451	-2.347	56.770	OK	44c8be367ca8a3918e67d3d2b62de9e0169cdee5	cargo run -p jxl-encoder --release --features 'parallel butteraugli-loop ssim2-loop' --example w44_170_cjxl_step025_sweep -- --image imac_g3 --effort 6 --distance-min 2.75 --distance-max 2.75 --distance-step 2.75 --strategy zenjxl --corpus-manifest benchmarks/corpora/w44_170_varied_corpus.tsv
imac_g3	screenshot	2940	1912	zenjxl	6	3.0000	180458	350913	84.7161	79.6556	2.556001	2.782561	8763.247	4968.110	-48.575	5.0605	-8.142	76.390	OK	44c8be367ca8a3918e67d3d2b62de9e0169cdee5	cargo run -p jxl-encoder --release --features 'parallel butteraugli-loop ssim2-loop' --example w44_170_cjxl_step025_sweep -- --image imac_g3 --effort 6 --distance-min 3 --distance-max 3 --distance-step 3 --strategy zenjxl --corpus-manifest benchmarks/corpora/w44_170_varied_corpus.tsv
imac_g3	screenshot	2940	1912	zenjxl	6	3.2500	174772	337997	85.5197	78.9850	2.516760	2.690390	9489.501	4721.347	-48.292	6.5347	-6.454	100.991	OK	44c8be367ca8a3918e67d3d2b62de9e0169cdee5	cargo run -p jxl-encoder --release --features 'parallel butteraugli-loop ssim2-loop' --example w44_170_cjxl_step025_sweep -- --image imac_g3 --effort 6 --distance-min 3.25 --distance-max 3.25 --distance-step 3.25 --strategy zenjxl --corpus-manifest benchmarks/corpora/w44_170_varied_corpus.tsv
imac_g3	screenshot	2940	1912	zenjxl	6	3.5000	172434	327339	82.2797	78.0422	3.417247	3.051493	10303.287	5512.233	-47.323	4.2375	11.986	86.917	OK	44c8be367ca8a3918e67d3d2b62de9e0169cdee5	cargo run -p jxl-encoder --release --features 'parallel butteraugli-loop ssim2-loop' --example w44_170_cjxl_step025_sweep -- --image imac_g3 --effort 6 --distance-min 3.5 --distance-max 3.5 --distance-step 3.5 --strategy zenjxl --corpus-manifest benchmarks/corpora/w44_170_varied_corpus.tsv
imac_g3	screenshot	2940	1912	zenjxl	6	3.7500	165074	317718	84.9960	77.4614	2.154906	3.337675	13480.905	4975.963	-48.044	7.5346	-35.437	170.921	OK	44c8be367ca8a3918e67d3d2b62de9e0169cdee5	cargo run -p jxl-encoder --release --features 'parallel butteraugli-loop ssim2-loop' --example w44_170_cjxl_step025_sweep -- --image imac_g3 --effort 6 --distance-min 3.75 --distance-max 3.75 --distance-step 3.75 --strategy zenjxl --corpus-manifest benchmarks/corpora/w44_170_varied_corpus.tsv
imac_g3	screenshot	2940	1912	zenjxl	6	4.0000	164256	310684	84.5439	77.1550	2.340918	3.277602	11811.723	5588.268	-47.131	7.3889	-28.578	111.366	OK	44c8be367ca8a3918e67d3d2b62de9e0169cdee5	cargo run -p jxl-encoder --release --features 'parallel butteraugli-loop ssim2-loop' --example w44_170_cjxl_step025_sweep -- --image imac_g3 --effort 6 --distance-min 4 --distance-max 4 --distance-step 4 --strategy zenjxl --corpus-manifest benchmarks/corpora/w44_170_varied_corpus.tsv
imac_g3	screenshot	2940	1912	zenjxl	6	4.2500	157330	299273	83.7910	76.6104	2.247750	3.532946	19455.717	5803.645	-47.429	7.1806	-36.377	235.233	OK	44c8be367ca8a3918e67d3d2b62de9e0169cdee5	cargo run -p jxl-encoder --release --features 'parallel butteraugli-loop ssim2-loop' --example w44_170_cjxl_step025_sweep -- --image imac_g3 --effort 6 --distance-min 4.25 --distance-max 4.25 --distance-step 4.25 --strategy zenjxl --corpus-manifest benchmarks/corpora/w44_170_varied_corpus.tsv
imac_g3	screenshot	2940	1912	zenjxl	6	4.5000	152215	291813	83.6986	76.2099	2.595500	3.914604	11083.358	5580.947	-47.838	7.4887	-33.697	98.593	OK	44c8be367ca8a3918e67d3d2b62de9e0169cdee5	cargo run -p jxl-encoder --release --features 'parallel butteraugli-loop ssim2-loop' --example w44_170_cjxl_step025_sweep -- --image imac_g3 --effort 6 --distance-min 4.5 --distance-max 4.5 --distance-step 4.5 --strategy zenjxl --corpus-manifest benchmarks/corpora/w44_170_varied_corpus.tsv
imac_g3	screenshot	2940	1912	zenjxl	6	4.7500	147678	277825	82.0623	75.1939	2.632452	4.014905	14189.550	4661.960	-46.845	6.8684	-34.433	204.369	OK	44c8be367ca8a3918e67d3d2b62de9e0169cdee5	cargo run -p jxl-encoder --release --features 'parallel butteraugli-loop ssim2-loop' --example w44_170_cjxl_step025_sweep -- --image imac_g3 --effort 6 --distance-min 4.75 --distance-max 4.75 --distance-step 4.75 --strategy zenjxl --corpus-manifest benchmarks/corpora/w44_170_varied_corpus.tsv
imac_g3	screenshot	2940	1912	zenjxl	6	5.0000	144602	271714	82.7324	74.6160	2.769070	4.607666	15877.417	4626.653	-46.782	8.1164	-39.903	243.173	OK	44c8be367ca8a3918e67d3d2b62de9e0169cdee5	cargo run -p jxl-encoder --release --features 'parallel butteraugli-loop ssim2-loop' --example w44_170_cjxl_step025_sweep -- --image imac_g3 --effort 6 --distance-min 5 --distance-max 5 --distance-step 5 --strategy zenjxl --corpus-manifest benchmarks/corpora/w44_170_varied_corpus.tsv
imac_g3	screenshot	2940	1912	zenjxl	7	0.2500	308317	711586	90.8170	90.7502	0.381900	0.383536	12105.213	3221.707	-56.672	0.0668	-0.427	275.739	OK	44c8be367ca8a3918e67d3d2b62de9e0169cdee5	cargo run -p jxl-encoder --release --features 'parallel butteraugli-loop ssim2-loop' --example w44_170_cjxl_step025_sweep -- --image imac_g3 --effort 7 --distance-min 0.25 --distance-max 0.25 --distance-step 0.25 --strategy zenjxl --corpus-manifest benchmarks/corpora/w44_170_varied_corpus.tsv
imac_g3	screenshot	2940	1912	zenjxl	7	0.5000	247348	593904	90.0910	89.9843	0.708345	0.710297	9163.224	2652.869	-58.352	0.1067	-0.275	245.408	OK	44c8be367ca8a3918e67d3d2b62de9e0169cdee5	cargo run -p jxl-encoder --release --features 'parallel butteraugli-loop ssim2-loop' --example w44_170_cjxl_step025_sweep -- --image imac_g3 --effort 7 --distance-min 0.5 --distance-max 0.5 --distance-step 0.5 --strategy zenjxl --corpus-manifest benchmarks/corpora/w44_170_varied_corpus.tsv
imac_g3	screenshot	2940	1912	zenjxl	7	0.7500	244623	607176	89.1443	89.1827	1.239536	1.145404	10264.590	4950.511	-59.711	-0.0384	8.218	107.344	OK	44c8be367ca8a3918e67d3d2b62de9e0169cdee5	cargo run -p jxl-encoder --release --features 'parallel butteraugli-loop ssim2-loop' --example w44_170_cjxl_step025_sweep -- --image imac_g3 --effort 7 --distance-min 0.75 --distance-max 0.75 --distance-step 0.75 --strategy zenjxl --corpus-manifest benchmarks/corpora/w44_170_varied_corpus.tsv
imac_g3	screenshot	2940	1912	zenjxl	7	1.0000	221511	544818	88.3371	88.3582	1.124181	1.311114	9534.118	5094.751	-59.342	-0.0211	-14.258	87.136	OK	44c8be367ca8a3918e67d3d2b62de9e0169cdee5	cargo run -p jxl-encoder --release --features 'parallel butteraugli-loop ssim2-loop' --example w44_170_cjxl_step025_sweep -- --image imac_g3 --effort 7 --distance-min 1 --distance-max 1 --distance-step 1 --strategy zenjxl --corpus-manifest benchmarks/corpora/w44_170_varied_corpus.tsv
imac_g3	screenshot	2940	1912	zenjxl	7	1.2500	202463	500528	87.7744	87.3614	1.376557	1.355157	9326.505	5633.193	-59.550	0.4130	1.579	65.563	OK	44c8be367ca8a3918e67d3d2b62de9e0169cdee5	cargo run -p jxl-encoder --release --features 'parallel butteraugli-loop ssim2-loop' --example w44_170_cjxl_step025_sweep -- --image imac_g3 --effort 7 --distance-min 1.25 --distance-max 1.25 --distance-step 1.25 --strategy zenjxl --corpus-manifest benchmarks/corpora/w44_170_varied_corpus.tsv
imac_g3	screenshot	2940	1912	zenjxl	7	1.5000	188873	467691	86.3106	86.6487	1.613489	1.566027	73024.716	4841.906	-59.616	-0.3381	3.031	1408.181	OK	44c8be367ca8a3918e67d3d2b62de9e0169cdee5	cargo run -p jxl-encoder --release --features 'parallel butteraugli-loop ssim2-loop' --example w44_170_cjxl_step025_sweep -- --image imac_g3 --effort 7 --distance-min 1.5 --distance-max 1.5 --distance-step 1.5 --strategy zenjxl --corpus-manifest benchmarks/corpora/w44_170_varied_corpus.tsv
imac_g3	screenshot	2940	1912	zenjxl	7	1.7500	182289	437938	85.0648	86.0565	2.047586	2.033877	11044.321	4686.752	-58.376	-0.9917	0.674	135.650	OK	44c8be367ca8a3918e67d3d2b62de9e0169cdee5	cargo run -p jxl-encoder --release --features 'parallel butteraugli-loop ssim2-loop' --example w44_170_cjxl_step025_sweep -- --image imac_g3 --effort 7 --distance-min 1.75 --distance-max 1.75 --distance-step 1.75 --strategy zenjxl --corpus-manifest benchmarks/corpora/w44_170_varied_corpus.tsv
imac_g3	screenshot	2940	1912	zenjxl	7	2.0000	242700	415112	87.9857	85.2242	2.377221	1.892595	9887.244	4665.233	-41.534	2.7615	25.606	111.935	OK	44c8be367ca8a3918e67d3d2b62de9e0169cdee5	cargo run -p jxl-encoder --release --features 'parallel butteraugli-loop ssim2-loop' --example w44_170_cjxl_step025_sweep -- --image imac_g3 --effort 7 --distance-min 2 --distance-max 2 --distance-step 2 --strategy zenjxl --corpus-manifest benchmarks/corpora/w44_170_varied_corpus.tsv
imac_g3	screenshot	2940	1912	zenjxl	7	2.2500	230507	393669	87.2921	84.1089	1.789711	2.157732	5913.704	5556.936	-41.446	3.1832	-17.056	6.420	OK	44c8be367ca8a3918e67d3d2b62de9e0169cdee5	cargo run -p jxl-encoder --release --features 'parallel butteraugli-loop ssim2-loop' --example w44_170_cjxl_step025_sweep -- --image imac_g3 --effort 7 --distance-min 2.25 --distance-max 2.25 --distance-step 2.25 --strategy zenjxl --corpus-manifest benchmarks/corpora/w44_170_varied_corpus.tsv
imac_g3	screenshot	2940	1912	zenjxl	7	2.5000	221140	376320	86.0901	83.1915	1.984128	2.283930	11095.492	5075.163	-41.236	2.8986	-13.127	118.623	OK	44c8be367ca8a3918e67d3d2b62de9e0169cdee5	cargo run -p jxl-encoder --release --features 'parallel butteraugli-loop ssim2-loop' --example w44_170_cjxl_step025_sweep -- --image imac_g3 --effort 7 --distance-min 2.5 --distance-max 2.5 --distance-step 2.5 --strategy zenjxl --corpus-manifest benchmarks/corpora/w44_170_varied_corpus.tsv
imac_g3	screenshot	2940	1912	zenjxl	7	2.7500	214523	364253	85.8642	82.5444	2.389926	2.447183	13061.632	4728.731	-41.106	3.3197	-2.340	176.219	OK	44c8be367ca8a3918e67d3d2b62de9e0169cdee5	cargo run -p jxl-encoder --release --features 'parallel butteraugli-loop ssim2-loop' --example w44_170_cjxl_step025_sweep -- --image imac_g3 --effort 7 --distance-min 2.75 --distance-max 2.75 --distance-step 2.75 --strategy zenjxl --corpus-manifest benchmarks/corpora/w44_170_varied_corpus.tsv
imac_g3	screenshot	2940	1912	zenjxl	7	3.0000	208529	161648	85.5980	83.4072	2.555951	2.727096	10977.354	8399.299	29.002	2.1908	-6.276	30.694	OK	44c8be367ca8a3918e67d3d2b62de9e0169cdee5	cargo run -p jxl-encoder --release --features 'parallel butteraugli-loop ssim2-loop' --example w44_170_cjxl_step025_sweep -- --image imac_g3 --effort 7 --distance-min 3 --distance-max 3 --distance-step 3 --strategy zenjxl --corpus-manifest benchmarks/corpora/w44_170_varied_corpus.tsv
imac_g3	screenshot	2940	1912	zenjxl	7	3.2500	201362	158117	86.2951	82.9438	2.516792	2.690390	8162.601	7909.592	27.350	3.3513	-6.453	3.199	OK	44c8be367ca8a3918e67d3d2b62de9e0169cdee5	cargo run -p jxl-encoder --release --features 'parallel butteraugli-loop ssim2-loop' --example w44_170_cjxl_step025_sweep -- --image imac_g3 --effort 7 --distance-min 3.25 --distance-max 3.25 --distance-step 3.25 --strategy zenjxl --corpus-manifest benchmarks/corpora/w44_170_varied_corpus.tsv
imac_g3	screenshot	2940	1912	zenjxl	7	3.5000	198189	151718	83.0728	82.1597	3.416984	3.051502	9974.694	8613.945	30.630	0.9131	11.977	15.797	OK	44c8be367ca8a3918e67d3d2b62de9e0169cdee5	cargo run -p jxl-encoder --release --features 'parallel butteraugli-loop ssim2-loop' --example w44_170_cjxl_step025_sweep -- --image imac_g3 --effort 7 --distance-min 3.5 --distance-max 3.5 --distance-step 3.5 --strategy zenjxl --corpus-manifest benchmarks/corpora/w44_170_varied_corpus.tsv
imac_g3	screenshot	2940	1912	zenjxl	7	3.7500	190068	151878	86.0296	80.8339	2.154906	3.084280	8559.962	7918.016	25.145	5.1956	-30.133	8.107	OK	44c8be367ca8a3918e67d3d2b62de9e0169cdee5	cargo run -p jxl-encoder --release --features 'parallel butteraugli-loop ssim2-loop' --example w44_170_cjxl_step025_sweep -- --image imac_g3 --effort 7 --distance-min 3.75 --distance-max 3.75 --distance-step 3.75 --strategy zenjxl --corpus-manifest benchmarks/corpora/w44_170_varied_corpus.tsv
imac_g3	screenshot	2940	1912	zenjxl	7	4.0000	188138	146832	86.0038	81.2636	2.255854	3.236752	16302.319	7685.441	28.131	4.7402	-30.305	112.119	OK	44c8be367ca8a3918e67d3d2b62de9e0169cdee5	cargo run -p jxl-encoder --release --features 'parallel butteraugli-loop ssim2-loop' --example w44_170_cjxl_step025_sweep -- --image imac_g3 --effort 7 --distance-min 4 --distance-max 4 --distance-step 4 --strategy zenjxl --corpus-manifest benchmarks/corpora/w44_170_varied_corpus.tsv
imac_g3	screenshot	2940	1912	zenjxl	7	4.2500	181670	144208	85.3638	79.5223	2.123153	3.508194	15646.536	7263.419	25.978	5.8416	-39.480	115.416	OK	44c8be367ca8a3918e67d3d2b62de9e0169cdee5	cargo run -p jxl-encoder --release --features 'parallel butteraugli-loop ssim2-loop' --example w44_170_cjxl_step025_sweep -- --image imac_g3 --effort 7 --distance-min 4.25 --distance-max 4.25 --distance-step 4.25 --strategy zenjxl --corpus-manifest benchmarks/corpora/w44_170_varied_corpus.tsv
imac_g3	screenshot	2940	1912	zenjxl	7	4.5000	175477	140434	84.9974	80.2152	2.382866	3.869835	17083.092	8475.195	24.953	4.7822	-38.425	101.566	OK	44c8be367ca8a3918e67d3d2b62de9e0169cdee5	cargo run -p jxl-encoder --release --features 'parallel butteraugli-loop ssim2-loop' --example w44_170_cjxl_step025_sweep -- --image imac_g3 --effort 7 --distance-min 4.5 --distance-max 4.5 --distance-step 4.5 --strategy zenjxl --corpus-manifest benchmarks/corpora/w44_170_varied_corpus.tsv
imac_g3	screenshot	2940	1912	zenjxl	7	4.7500	170531	133030	83.5787	79.0846	2.193925	4.014905	11133.265	7753.001	28.190	4.4941	-45.355	43.599	OK	44c8be367ca8a3918e67d3d2b62de9e0169cdee5	cargo run -p jxl-encoder --release --features 'parallel butteraugli-loop ssim2-loop' --example w44_170_cjxl_step025_sweep -- --image imac_g3 --effort 7 --distance-min 4.75 --distance-max 4.75 --distance-step 4.75 --strategy zenjxl --corpus-manifest benchmarks/corpora/w44_170_varied_corpus.tsv
imac_g3	screenshot	2940	1912	zenjxl	7	5.0000	166619	129968	84.3356	78.7365	2.156185	4.607666	10049.142	7048.901	28.200	5.5991	-53.204	42.563	OK	44c8be367ca8a3918e67d3d2b62de9e0169cdee5	cargo run -p jxl-encoder --release --features 'parallel butteraugli-loop ssim2-loop' --example w44_170_cjxl_step025_sweep -- --image imac_g3 --effort 7 --distance-min 5 --distance-max 5 --distance-step 5 --strategy zenjxl --corpus-manifest benchmarks/corpora/w44_170_varied_corpus.tsv
imac_g3	screenshot	2940	1912	zenjxl	8	0.2500	286813	711018	90.7792	90.7502	0.310394	0.383536	30684.225	3433.881	-59.662	0.0290	-19.071	793.573	OK	44c8be367ca8a3918e67d3d2b62de9e0169cdee5	cargo run -p jxl-encoder --release --features 'parallel butteraugli-loop ssim2-loop' --example w44_170_cjxl_step025_sweep -- --image imac_g3 --effort 8 --distance-min 0.25 --distance-max 0.25 --distance-step 0.25 --strategy zenjxl --corpus-manifest benchmarks/corpora/w44_170_varied_corpus.tsv
imac_g3	screenshot	2940	1912	zenjxl	8	0.5000	229569	593071	89.9772	89.9843	0.586102	0.710297	29993.239	3368.899	-61.291	-0.0072	-17.485	790.298	OK	44c8be367ca8a3918e67d3d2b62de9e0169cdee5	cargo run -p jxl-encoder --release --features 'parallel butteraugli-loop ssim2-loop' --example w44_170_cjxl_step025_sweep -- --image imac_g3 --effort 8 --distance-min 0.5 --distance-max 0.5 --distance-step 0.5 --strategy zenjxl --corpus-manifest benchmarks/corpora/w44_170_varied_corpus.tsv
imac_g3	screenshot	2940	1912	zenjxl	8	0.7500	230649	399831	88.8135	89.7557	1.100921	0.934324	37569.486	32975.988	-42.313	-0.9421	17.831	13.930	OK	44c8be367ca8a3918e67d3d2b62de9e0169cdee5	cargo run -p jxl-encoder --release --features 'parallel butteraugli-loop ssim2-loop' --example w44_170_cjxl_step025_sweep -- --image imac_g3 --effort 8 --distance-min 0.75 --distance-max 0.75 --distance-step 0.75 --strategy zenjxl --corpus-manifest benchmarks/corpora/w44_170_varied_corpus.tsv
imac_g3	screenshot	2940	1912	zenjxl	8	1.0000	203381	345073	87.9926	89.0486	1.090153	1.129810	44537.189	33415.694	-41.061	-1.0560	-3.510	33.282	OK	44c8be367ca8a3918e67d3d2b62de9e0169cdee5	cargo run -p jxl-encoder --release --features 'parallel butteraugli-loop ssim2-loop' --example w44_170_cjxl_step025_sweep -- --image imac_g3 --effort 8 --distance-min 1 --distance-max 1 --distance-step 1 --strategy zenjxl --corpus-manifest benchmarks/corpora/w44_170_varied_corpus.tsv
imac_g3	screenshot	2940	1912	zenjxl	8	1.2500	187372	323235	86.9779	88.1877	1.435059	1.368831	41390.788	30325.161	-42.032	-1.2098	4.838	36.490	OK	44c8be367ca8a3918e67d3d2b62de9e0169cdee5	cargo run -p jxl-encoder --release --features 'parallel butteraugli-loop ssim2-loop' --example w44_170_cjxl_step025_sweep -- --image imac_g3 --effort 8 --distance-min 1.25 --distance-max 1.25 --distance-step 1.25 --strategy zenjxl --corpus-manifest benchmarks/corpora/w44_170_varied_corpus.tsv
imac_g3	screenshot	2940	1912	zenjxl	8	1.5000	174409	305197	85.9289	87.6587	1.638309	1.647393	49670.236	30899.755	-42.854	-1.7298	-0.551	60.746	OK	44c8be367ca8a3918e67d3d2b62de9e0169cdee5	cargo run -p jxl-encoder --release --features 'parallel butteraugli-loop ssim2-loop' --example w44_170_cjxl_step025_sweep -- --image imac_g3 --effort 8 --distance-min 1.5 --distance-max 1.5 --distance-step 1.5 --strategy zenjxl --corpus-manifest benchmarks/corpora/w44_170_varied_corpus.tsv
imac_g3	screenshot	2940	1912	zenjxl	8	1.7500	164412	279936	85.1941	86.8440	2.332041	1.918052	38187.955	30510.466	-41.268	-1.6499	21.584	25.163	OK	44c8be367ca8a3918e67d3d2b62de9e0169cdee5	cargo run -p jxl-encoder --release --features 'parallel butteraugli-loop ssim2-loop' --example w44_170_cjxl_step025_sweep -- --image imac_g3 --effort 8 --distance-min 1.75 --distance-max 1.75 --distance-step 1.75 --strategy zenjxl --corpus-manifest benchmarks/corpora/w44_170_varied_corpus.tsv
imac_g3	screenshot	2940	1912	zenjxl	8	2.0000	211128	290090	87.0407	86.1258	1.337534	2.041082	42122.580	32809.791	-27.220	0.9150	-34.469	28.384	OK	44c8be367ca8a3918e67d3d2b62de9e0169cdee5	cargo run -p jxl-encoder --release --features 'parallel butteraugli-loop ssim2-loop' --example w44_170_cjxl_step025_sweep -- --image imac_g3 --effort 8 --distance-min 2 --distance-max 2 --distance-step 2 --strategy zenjxl --corpus-manifest benchmarks/corpora/w44_170_varied_corpus.tsv
imac_g3	screenshot	2940	1912	zenjxl	8	2.2500	199998	278737	86.5965	85.5113	1.704186	2.079079	42289.018	33443.752	-28.248	1.0851	-18.032	26.448	OK	44c8be367ca8a3918e67d3d2b62de9e0169cdee5	cargo run -p jxl-encoder --release --features 'parallel butteraugli-loop ssim2-loop' --example w44_170_cjxl_step025_sweep -- --image imac_g3 --effort 8 --distance-min 2.25 --distance-max 2.25 --distance-step 2.25 --strategy zenjxl --corpus-manifest benchmarks/corpora/w44_170_varied_corpus.tsv
imac_g3	screenshot	2940	1912	zenjxl	8	2.5000	192191	249959	85.3153	84.7560	1.990260	2.545897	46338.618	30392.401	-23.111	0.5593	-21.825	52.468	OK	44c8be367ca8a3918e67d3d2b62de9e0169cdee5	cargo run -p jxl-encoder --release --features 'parallel butteraugli-loop ssim2-loop' --example w44_170_cjxl_step025_sweep -- --image imac_g3 --effort 8 --distance-min 2.5 --distance-max 2.5 --distance-step 2.5 --strategy zenjxl --corpus-manifest benchmarks/corpora/w44_170_varied_corpus.tsv
imac_g3	screenshot	2940	1912	zenjxl	8	2.7500	188055	243550	86.2416	83.8901	2.164716	3.487875	42297.622	33014.341	-22.786	2.3515	-37.936	28.119	OK	44c8be367ca8a3918e67d3d2b62de9e0169cdee5	cargo run -p jxl-encoder --release --features 'parallel butteraugli-loop ssim2-loop' --example w44_170_cjxl_step025_sweep -- --image imac_g3 --effort 8 --distance-min 2.75 --distance-max 2.75 --distance-step 2.75 --strategy zenjxl --corpus-manifest benchmarks/corpora/w44_170_varied_corpus.tsv
imac_g3	screenshot	2940	1912	zenjxl	8	3.0000	179041	244931	86.1583	83.3048	2.186930	2.730728	49995.102	34301.634	-26.901	2.8536	-19.914	45.751	OK	44c8be367ca8a3918e67d3d2b62de9e0169cdee5	cargo run -p jxl-encoder --release --features 'parallel butteraugli-loop ssim2-loop' --example w44_170_cjxl_step025_sweep -- --image imac_g3 --effort 8 --distance-min 3 --distance-max 3 --distance-step 3 --strategy zenjxl --corpus-manifest benchmarks/corpora/w44_170_varied_corpus.tsv
imac_g3	screenshot	2940	1912	zenjxl	8	3.2500	173345	236351	84.3416	82.4919	2.940600	3.204772	50980.081	32265.951	-26.658	1.8497	-8.243	58.000	OK	44c8be367ca8a3918e67d3d2b62de9e0169cdee5	cargo run -p jxl-encoder --release --features 'parallel butteraugli-loop ssim2-loop' --example w44_170_cjxl_step025_sweep -- --image imac_g3 --effort 8 --distance-min 3.25 --distance-max 3.25 --distance-step 3.25 --strategy zenjxl --corpus-manifest benchmarks/corpora/w44_170_varied_corpus.tsv
imac_g3	screenshot	2940	1912	zenjxl	8	3.5000	168382	225603	85.2600	81.6808	2.531425	3.370946	42979.537	33020.673	-25.364	3.5792	-24.905	30.159	OK	44c8be367ca8a3918e67d3d2b62de9e0169cdee5	cargo run -p jxl-encoder --release --features 'parallel butteraugli-loop ssim2-loop' --example w44_170_cjxl_step025_sweep -- --image imac_g3 --effort 8 --distance-min 3.5 --distance-max 3.5 --distance-step 3.5 --strategy zenjxl --corpus-manifest benchmarks/corpora/w44_170_varied_corpus.tsv
imac_g3	screenshot	2940	1912	zenjxl	8	3.7500	164377	239342	82.9021	81.0295	3.654737	3.875993	45031.022	32914.698	-31.321	1.8726	-5.708	36.811	OK	44c8be367ca8a3918e67d3d2b62de9e0169cdee5	cargo run -p jxl-encoder --release --features 'parallel butteraugli-loop ssim2-loop' --example w44_170_cjxl_step025_sweep -- --image imac_g3 --effort 8 --distance-min 3.75 --distance-max 3.75 --distance-step 3.75 --strategy zenjxl --corpus-manifest benchmarks/corpora/w44_170_varied_corpus.tsv
imac_g3	screenshot	2940	1912	zenjxl	8	4.0000	0	213144	0.0000	80.6911	0.000000	3.459136	0.000	32246.205	-100.000	-80.6911	-100.000	-100.000	FAILED	44c8be367ca8a3918e67d3d2b62de9e0169cdee5	cargo run -p jxl-encoder --release --features 'parallel butteraugli-loop ssim2-loop' --example w44_170_cjxl_step025_sweep -- --image imac_g3 --effort 8 --distance-min 4 --distance-max 4 --distance-step 4 --strategy zenjxl --corpus-manifest benchmarks/corpora/w44_170_varied_corpus.tsv
imac_g3	screenshot	2940	1912	zenjxl	8	4.2500	0	228827	0.0000	79.7350	0.000000	3.956414	0.000	29691.254	-100.000	-79.7350	-100.000	-100.000	FAILED	44c8be367ca8a3918e67d3d2b62de9e0169cdee5	cargo run -p jxl-encoder --release --features 'parallel butteraugli-loop ssim2-loop' --example w44_170_cjxl_step025_sweep -- --image imac_g3 --effort 8 --distance-min 4.25 --distance-max 4.25 --distance-step 4.25 --strategy zenjxl --corpus-manifest benchmarks/corpora/w44_170_varied_corpus.tsv
imac_g3	screenshot	2940	1912	zenjxl	8	4.5000	0	211077	0.0000	79.6785	0.000000	4.525756	0.000	35187.377	-100.000	-79.6785	-100.000	-100.000	FAILED	44c8be367ca8a3918e67d3d2b62de9e0169cdee5	cargo run -p jxl-encoder --release --features 'parallel butteraugli-loop ssim2-loop' --example w44_170_cjxl_step025_sweep -- --image imac_g3 --effort 8 --distance-min 4.5 --distance-max 4.5 --distance-step 4.5 --strategy zenjxl --corpus-manifest benchmarks/corpora/w44_170_varied_corpus.tsv
imac_g3	screenshot	2940	1912	zenjxl	8	4.7500	164281	194475	84.9427	78.9882	2.497071	4.847588	39083.463	30877.969	-15.526	5.9545	-48.488	26.574	OK	44c8be367ca8a3918e67d3d2b62de9e0169cdee5	cargo run -p jxl-encoder --release --features 'parallel butteraugli-loop ssim2-loop' --example w44_170_cjxl_step025_sweep -- --image imac_g3 --effort 8 --distance-min 4.75 --distance-max 4.75 --distance-step 4.75 --strategy zenjxl --corpus-manifest benchmarks/corpora/w44_170_varied_corpus.tsv
imac_g3	screenshot	2940	1912	zenjxl	8	5.0000	160640	200082	84.5021	78.1678	2.120998	4.650359	47717.237	28430.176	-19.713	6.3342	-54.391	67.840	OK	44c8be367ca8a3918e67d3d2b62de9e0169cdee5	cargo run -p jxl-encoder --release --features 'parallel butteraugli-loop ssim2-loop' --example w44_170_cjxl_step025_sweep -- --image imac_g3 --effort 8 --distance-min 5 --distance-max 5 --distance-step 5 --strategy zenjxl --corpus-manifest benchmarks/corpora/w44_170_varied_corpus.tsv
imac_g3	screenshot	2940	1912	zenjxl	9	0.2500	286448	710148	90.6860	90.7502	0.298112	0.383536	58707.357	3334.141	-59.664	-0.0642	-22.273	1660.794	OK	44c8be367ca8a3918e67d3d2b62de9e0169cdee5	cargo run -p jxl-encoder --release --features 'parallel butteraugli-loop ssim2-loop' --example w44_170_cjxl_step025_sweep -- --image imac_g3 --effort 9 --distance-min 0.25 --distance-max 0.25 --distance-step 0.25 --strategy zenjxl --corpus-manifest benchmarks/corpora/w44_170_varied_corpus.tsv
imac_g3	screenshot	2940	1912	zenjxl	9	0.5000	228819	592259	89.9260	89.9843	0.550367	0.710297	57153.057	3111.830	-61.365	-0.0583	-22.516	1736.638	OK	44c8be367ca8a3918e67d3d2b62de9e0169cdee5	cargo run -p jxl-encoder --release --features 'parallel butteraugli-loop ssim2-loop' --example w44_170_cjxl_step025_sweep -- --image imac_g3 --effort 9 --distance-min 0.5 --distance-max 0.5 --distance-step 0.5 --strategy zenjxl --corpus-manifest benchmarks/corpora/w44_170_varied_corpus.tsv
imac_g3	screenshot	2940	1912	zenjxl	9	0.7500	229934	399991	88.8511	89.6603	0.823257	0.932395	56844.205	46463.019	-42.515	-0.8092	-11.705	22.343	OK	44c8be367ca8a3918e67d3d2b62de9e0169cdee5	cargo run -p jxl-encoder --release --features 'parallel butteraugli-loop ssim2-loop' --example w44_170_cjxl_step025_sweep -- --image imac_g3 --effort 9 --distance-min 0.75 --distance-max 0.75 --distance-step 0.75 --strategy zenjxl --corpus-manifest benchmarks/corpora/w44_170_varied_corpus.tsv
imac_g3	screenshot	2940	1912	zenjxl	9	1.0000	202881	343594	87.9404	89.0475	1.091143	1.069964	62147.003	44884.466	-40.953	-1.1070	1.979	38.460	OK	44c8be367ca8a3918e67d3d2b62de9e0169cdee5	cargo run -p jxl-encoder --release --features 'parallel butteraugli-loop ssim2-loop' --example w44_170_cjxl_step025_sweep -- --image imac_g3 --effort 9 --distance-min 1 --distance-max 1 --distance-step 1 --strategy zenjxl --corpus-manifest benchmarks/corpora/w44_170_varied_corpus.tsv
imac_g3	screenshot	2940	1912	zenjxl	9	1.2500	186144	322815	86.9537	88.1511	1.355055	1.368831	61044.053	47261.055	-42.337	-1.1974	-1.006	29.164	OK	44c8be367ca8a3918e67d3d2b62de9e0169cdee5	cargo run -p jxl-encoder --release --features 'parallel butteraugli-loop ssim2-loop' --example w44_170_cjxl_step025_sweep -- --image imac_g3 --effort 9 --distance-min 1.25 --distance-max 1.25 --distance-step 1.25 --strategy zenjxl --corpus-manifest benchmarks/corpora/w44_170_varied_corpus.tsv
imac_g3	screenshot	2940	1912	zenjxl	9	1.5000	173350	304935	85.9346	87.6665	1.494511	1.647393	60578.731	44375.505	-43.152	-1.7319	-9.280	36.514	OK	44c8be367ca8a3918e67d3d2b62de9e0169cdee5	cargo run -p jxl-encoder --release --features 'parallel butteraugli-loop ssim2-loop' --example w44_170_cjxl_step025_sweep -- --image imac_g3 --effort 9 --distance-min 1.5 --distance-max 1.5 --distance-step 1.5 --strategy zenjxl --corpus-manifest benchmarks/corpora/w44_170_varied_corpus.tsv
imac_g3	screenshot	2940	1912	zenjxl	9	1.7500	164363	279759	85.2203	86.7947	2.332041	1.918052	61920.419	41259.141	-41.248	-1.5744	21.584	50.077	OK	44c8be367ca8a3918e67d3d2b62de9e0169cdee5	cargo run -p jxl-encoder --release --features 'parallel butteraugli-loop ssim2-loop' --example w44_170_cjxl_step025_sweep -- --image imac_g3 --effort 9 --distance-min 1.75 --distance-max 1.75 --distance-step 1.75 --strategy zenjxl --corpus-manifest benchmarks/corpora/w44_170_varied_corpus.tsv
imac_g3	screenshot	2940	1912	zenjxl	9	2.0000	211478	289511	87.0407	86.1555	1.337534	2.041082	67367.344	43652.241	-26.953	0.8852	-34.469	54.327	OK	44c8be367ca8a3918e67d3d2b62de9e0169cdee5	cargo run -p jxl-encoder --release --features 'parallel butteraugli-loop ssim2-loop' --example w44_170_cjxl_step025_sweep -- --image imac_g3 --effort 9 --distance-min 2 --distance-max 2 --distance-step 2 --strategy zenjxl --corpus-manifest benchmarks/corpora/w44_170_varied_corpus.tsv
imac_g3	screenshot	2940	1912	zenjxl	9	2.2500	200002	278456	86.5965	85.4301	1.704186	2.079079	75485.036	45772.809	-28.175	1.1664	-18.032	64.912	OK	44c8be367ca8a3918e67d3d2b62de9e0169cdee5	cargo run -p jxl-encoder --release --features 'parallel butteraugli-loop ssim2-loop' --example w44_170_cjxl_step025_sweep -- --image imac_g3 --effort 9 --distance-min 2.25 --distance-max 2.25 --distance-step 2.25 --strategy zenjxl --corpus-manifest benchmarks/corpora/w44_170_varied_corpus.tsv
imac_g3	screenshot	2940	1912	zenjxl	9	2.5000	192150	251164	85.3153	84.7550	1.990260	2.516354	65622.432	44763.333	-23.496	0.5603	-20.907	46.599	OK	44c8be367ca8a3918e67d3d2b62de9e0169cdee5	cargo run -p jxl-encoder --release --features 'parallel butteraugli-loop ssim2-loop' --example w44_170_cjxl_step025_sweep -- --image imac_g3 --effort 9 --distance-min 2.5 --distance-max 2.5 --distance-step 2.5 --strategy zenjxl --corpus-manifest benchmarks/corpora/w44_170_varied_corpus.tsv
imac_g3	screenshot	2940	1912	zenjxl	9	2.7500	187388	243680	86.2416	83.9430	2.164716	2.565145	66690.746	42344.140	-23.101	2.2985	-15.610	57.497	OK	44c8be367ca8a3918e67d3d2b62de9e0169cdee5	cargo run -p jxl-encoder --release --features 'parallel butteraugli-loop ssim2-loop' --example w44_170_cjxl_step025_sweep -- --image imac_g3 --effort 9 --distance-min 2.75 --distance-max 2.75 --distance-step 2.75 --strategy zenjxl --corpus-manifest benchmarks/corpora/w44_170_varied_corpus.tsv
imac_g3	screenshot	2940	1912	zenjxl	9	3.0000	178947	245228	86.1583	83.2292	2.186930	2.730728	68296.634	43357.653	-27.028	2.9291	-19.914	57.519	OK	44c8be367ca8a3918e67d3d2b62de9e0169cdee5	cargo run -p jxl-encoder --release --features 'parallel butteraugli-loop ssim2-loop' --example w44_170_cjxl_step025_sweep -- --image imac_g3 --effort 9 --distance-min 3 --distance-max 3 --distance-step 3 --strategy zenjxl --corpus-manifest benchmarks/corpora/w44_170_varied_corpus.tsv
imac_g3	screenshot	2940	1912	zenjxl	9	3.2500	173131	236320	84.3416	82.5748	2.940600	3.225067	70450.274	45604.276	-26.739	1.7668	-8.821	54.482	OK	44c8be367ca8a3918e67d3d2b62de9e0169cdee5	cargo run -p jxl-encoder --release --features 'parallel butteraugli-loop ssim2-loop' --example w44_170_cjxl_step025_sweep -- --image imac_g3 --effort 9 --distance-min 3.25 --distance-max 3.25 --distance-step 3.25 --strategy zenjxl --corpus-manifest benchmarks/corpora/w44_170_varied_corpus.tsv
imac_g3	screenshot	2940	1912	zenjxl	9	3.5000	167804	225273	85.2847	81.7111	2.531425	3.370946	64770.619	43184.657	-25.511	3.5736	-24.905	49.985	OK	44c8be367ca8a3918e67d3d2b62de9e0169cdee5	cargo run -p jxl-encoder --release --features 'parallel butteraugli-loop ssim2-loop' --example w44_170_cjxl_step025_sweep -- --image imac_g3 --effort 9 --distance-min 3.5 --distance-max 3.5 --distance-step 3.5 --strategy zenjxl --corpus-manifest benchmarks/corpora/w44_170_varied_corpus.tsv
imac_g3	screenshot	2940	1912	zenjxl	9	3.7500	163907	239222	82.9021	80.9988	3.654737	3.668635	67893.783	45526.728	-31.483	1.9033	-0.379	49.130	OK	44c8be367ca8a3918e67d3d2b62de9e0169cdee5	cargo run -p jxl-encoder --release --features 'parallel butteraugli-loop ssim2-loop' --example w44_170_cjxl_step025_sweep -- --image imac_g3 --effort 9 --distance-min 3.75 --distance-max 3.75 --distance-step 3.75 --strategy zenjxl --corpus-manifest benchmarks/corpora/w44_170_varied_corpus.tsv
imac_g3	screenshot	2940	1912	zenjxl	9	4.0000	0	212848	0.0000	80.8309	0.000000	3.485723	0.000	43160.413	-100.000	-80.8309	-100.000	-100.000	FAILED	44c8be367ca8a3918e67d3d2b62de9e0169cdee5	cargo run -p jxl-encoder --release --features 'parallel butteraugli-loop ssim2-loop' --example w44_170_cjxl_step025_sweep -- --image imac_g3 --effort 9 --distance-min 4 --distance-max 4 --distance-step 4 --strategy zenjxl --corpus-manifest benchmarks/corpora/w44_170_varied_corpus.tsv
imac_g3	screenshot	2940	1912	zenjxl	9	4.2500	0	229125	0.0000	79.7220	0.000000	3.956414	0.000	49159.881	-100.000	-79.7220	-100.000	-100.000	FAILED	44c8be367ca8a3918e67d3d2b62de9e0169cdee5	cargo run -p jxl-encoder --release --features 'parallel butteraugli-loop ssim2-loop' --example w44_170_cjxl_step025_sweep -- --image imac_g3 --effort 9 --distance-min 4.25 --distance-max 4.25 --distance-step 4.25 --strategy zenjxl --corpus-manifest benchmarks/corpora/w44_170_varied_corpus.tsv
imac_g3	screenshot	2940	1912	zenjxl	9	4.5000	0	213112	0.0000	79.6408	0.000000	4.539021	0.000	48236.982	-100.000	-79.6408	-100.000	-100.000	FAILED	44c8be367ca8a3918e67d3d2b62de9e0169cdee5	cargo run -p jxl-encoder --release --features 'parallel butteraugli-loop ssim2-loop' --example w44_170_cjxl_step025_sweep -- --image imac_g3 --effort 9 --distance-min 4.5 --distance-max 4.5 --distance-step 4.5 --strategy zenjxl --corpus-manifest benchmarks/corpora/w44_170_varied_corpus.tsv
imac_g3	screenshot	2940	1912	zenjxl	9	4.7500	0	195074	0.0000	78.9515	0.000000	3.873308	0.000	46598.067	-100.000	-78.9515	-100.000	-100.000	FAILED	44c8be367ca8a3918e67d3d2b62de9e0169cdee5	cargo run -p jxl-encoder --release --features 'parallel butteraugli-loop ssim2-loop' --example w44_170_cjxl_step025_sweep -- --image imac_g3 --effort 9 --distance-min 4.75 --distance-max 4.75 --distance-step 4.75 --strategy zenjxl --corpus-manifest benchmarks/corpora/w44_170_varied_corpus.tsv
imac_g3	screenshot	2940	1912	zenjxl	9	5.0000	0	200786	0.0000	78.1765	0.000000	4.650381	0.000	47673.620	-100.000	-78.1765	-100.000	-100.000	FAILED	44c8be367ca8a3918e67d3d2b62de9e0169cdee5	cargo run -p jxl-encoder --release --features 'parallel butteraugli-loop ssim2-loop' --example w44_170_cjxl_step025_sweep -- --image imac_g3 --effort 9 --distance-min 5 --distance-max 5 --distance-step 5 --strategy zenjxl --corpus-manifest benchmarks/corpora/w44_170_varied_corpus.tsv
terminal	screenshot	1646	1062	zenjxl	5	0.2500	61657	186503	96.2730	95.8713	0.240646	0.256219	1752.605	912.378	-66.940	0.4017	-6.078	92.092	OK	44c8be367ca8a3918e67d3d2b62de9e0169cdee5	cargo run -p jxl-encoder --release --features 'parallel butteraugli-loop ssim2-loop' --example w44_170_cjxl_step025_sweep -- --image terminal --effort 5 --distance-min 0.25 --distance-max 0.25 --distance-step 0.25 --strategy zenjxl --corpus-manifest benchmarks/corpora/w44_170_varied_corpus.tsv
terminal	screenshot	1646	1062	zenjxl	5	0.5000	49681	147952	94.7670	94.6774	0.398856	0.428858	1601.402	722.631	-66.421	0.0896	-6.996	121.607	OK	44c8be367ca8a3918e67d3d2b62de9e0169cdee5	cargo run -p jxl-encoder --release --features 'parallel butteraugli-loop ssim2-loop' --example w44_170_cjxl_step025_sweep -- --image terminal --effort 5 --distance-min 0.5 --distance-max 0.5 --distance-step 0.5 --strategy zenjxl --corpus-manifest benchmarks/corpora/w44_170_varied_corpus.tsv
terminal	screenshot	1646	1062	zenjxl	5	0.7500	56531	149616	92.0941	93.4683	0.591076	0.652776	1517.416	909.593	-62.216	-1.3742	-9.452	66.824	OK	44c8be367ca8a3918e67d3d2b62de9e0169cdee5	cargo run -p jxl-encoder --release --features 'parallel butteraugli-loop ssim2-loop' --example w44_170_cjxl_step025_sweep -- --image terminal --effort 5 --distance-min 0.75 --distance-max 0.75 --distance-step 0.75 --strategy zenjxl --corpus-manifest benchmarks/corpora/w44_170_varied_corpus.tsv
terminal	screenshot	1646	1062	zenjxl	5	1.0000	51187	133671	92.4419	92.2658	0.742616	0.755738	1386.709	936.268	-61.707	0.1761	-1.736	48.110	OK	44c8be367ca8a3918e67d3d2b62de9e0169cdee5	cargo run -p jxl-encoder --release --features 'parallel butteraugli-loop ssim2-loop' --example w44_170_cjxl_step025_sweep -- --image terminal --effort 5 --distance-min 1 --distance-max 1 --distance-step 1 --strategy zenjxl --corpus-manifest benchmarks/corpora/w44_170_varied_corpus.tsv
terminal	screenshot	1646	1062	zenjxl	5	1.2500	46942	121597	91.0379	90.8395	0.766060	0.964202	1530.515	929.045	-61.395	0.1984	-20.550	64.741	OK	44c8be367ca8a3918e67d3d2b62de9e0169cdee5	cargo run -p jxl-encoder --release --features 'parallel butteraugli-loop ssim2-loop' --example w44_170_cjxl_step025_sweep -- --image terminal --effort 5 --distance-min 1.25 --distance-max 1.25 --distance-step 1.25 --strategy zenjxl --corpus-manifest benchmarks/corpora/w44_170_varied_corpus.tsv
terminal	screenshot	1646	1062	zenjxl	5	1.5000	43702	111615	92.4011	90.1675	0.976698	1.212887	1391.746	896.616	-60.846	2.2336	-19.473	55.222	OK	44c8be367ca8a3918e67d3d2b62de9e0169cdee5	cargo run -p jxl-encoder --release --features 'parallel butteraugli-loop ssim2-loop' --example w44_170_cjxl_step025_sweep -- --image terminal --effort 5 --distance-min 1.5 --distance-max 1.5 --distance-step 1.5 --strategy zenjxl --corpus-manifest benchmarks/corpora/w44_170_varied_corpus.tsv
terminal	screenshot	1646	1062	zenjxl	5	1.7500	40543	105081	90.2975	88.6861	1.205145	1.381797	2078.221	856.055	-61.417	1.6114	-12.784	142.767	OK	44c8be367ca8a3918e67d3d2b62de9e0169cdee5	cargo run -p jxl-encoder --release --features 'parallel butteraugli-loop ssim2-loop' --example w44_170_cjxl_step025_sweep -- --image terminal --effort 5 --distance-min 1.75 --distance-max 1.75 --distance-step 1.75 --strategy zenjxl --corpus-manifest benchmarks/corpora/w44_170_varied_corpus.tsv
terminal	screenshot	1646	1062	zenjxl	5	2.0000	39845	99694	88.9834	88.3996	1.255116	1.417875	1357.801	845.574	-60.033	0.5837	-11.479	60.578	OK	44c8be367ca8a3918e67d3d2b62de9e0169cdee5	cargo run -p jxl-encoder --release --features 'parallel butteraugli-loop ssim2-loop' --example w44_170_cjxl_step025_sweep -- --image terminal --effort 5 --distance-min 2 --distance-max 2 --distance-step 2 --strategy zenjxl --corpus-manifest benchmarks/corpora/w44_170_varied_corpus.tsv
terminal	screenshot	1646	1062	zenjxl	5	2.2500	38396	93872	84.1636	87.0406	1.425299	1.456415	1316.643	824.029	-59.097	-2.8770	-2.136	59.781	OK	44c8be367ca8a3918e67d3d2b62de9e0169cdee5	cargo run -p jxl-encoder --release --features 'parallel butteraugli-loop ssim2-loop' --example w44_170_cjxl_step025_sweep -- --image terminal --effort 5 --distance-min 2.25 --distance-max 2.25 --distance-step 2.25 --strategy zenjxl --corpus-manifest benchmarks/corpora/w44_170_varied_corpus.tsv
terminal	screenshot	1646	1062	zenjxl	5	2.5000	35673	88741	88.3965	86.8631	1.573333	1.639219	1413.524	1221.390	-59.801	1.5333	-4.019	15.731	OK	44c8be367ca8a3918e67d3d2b62de9e0169cdee5	cargo run -p jxl-encoder --release --features 'parallel butteraugli-loop ssim2-loop' --example w44_170_cjxl_step025_sweep -- --image terminal --effort 5 --distance-min 2.5 --distance-max 2.5 --distance-step 2.5 --strategy zenjxl --corpus-manifest benchmarks/corpora/w44_170_varied_corpus.tsv
terminal	screenshot	1646	1062	zenjxl	5	2.7500	33761	86154	87.5674	85.8069	1.637260	2.076889	1528.443	1118.319	-60.813	1.7604	-21.168	36.673	OK	44c8be367ca8a3918e67d3d2b62de9e0169cdee5	cargo run -p jxl-encoder --release --features 'parallel butteraugli-loop ssim2-loop' --example w44_170_cjxl_step025_sweep -- --image terminal --effort 5 --distance-min 2.75 --distance-max 2.75 --distance-step 2.75 --strategy zenjxl --corpus-manifest benchmarks/corpora/w44_170_varied_corpus.tsv
terminal	screenshot	1646	1062	zenjxl	5	3.0000	32235	82452	86.8574	84.7672	1.834775	1.953553	1656.180	895.838	-60.905	2.0903	-6.080	84.875	OK	44c8be367ca8a3918e67d3d2b62de9e0169cdee5	cargo run -p jxl-encoder --release --features 'parallel butteraugli-loop ssim2-loop' --example w44_170_cjxl_step025_sweep -- --image terminal --effort 5 --distance-min 3 --distance-max 3 --distance-step 3 --strategy zenjxl --corpus-manifest benchmarks/corpora/w44_170_varied_corpus.tsv
terminal	screenshot	1646	1062	zenjxl	5	3.2500	31256	77949	84.4933	83.9562	1.948733	1.987651	1497.560	879.864	-59.902	0.5370	-1.958	70.204	OK	44c8be367ca8a3918e67d3d2b62de9e0169cdee5	cargo run -p jxl-encoder --release --features 'parallel butteraugli-loop ssim2-loop' --example w44_170_cjxl_step025_sweep -- --image terminal --effort 5 --distance-min 3.25 --distance-max 3.25 --distance-step 3.25 --strategy zenjxl --corpus-manifest benchmarks/corpora/w44_170_varied_corpus.tsv
terminal	screenshot	1646	1062	zenjxl	5	3.5000	30681	74533	83.4885	83.6113	1.989421	2.196364	1509.950	874.563	-58.836	-0.1228	-9.422	72.652	OK	44c8be367ca8a3918e67d3d2b62de9e0169cdee5	cargo run -p jxl-encoder --release --features 'parallel butteraugli-loop ssim2-loop' --example w44_170_cjxl_step025_sweep -- --image terminal --effort 5 --distance-min 3.5 --distance-max 3.5 --distance-step 3.5 --strategy zenjxl --corpus-manifest benchmarks/corpora/w44_170_varied_corpus.tsv
terminal	screenshot	1646	1062	zenjxl	5	3.7500	29938	71866	83.5700	82.1573	2.220896	2.513981	1397.838	979.450	-58.342	1.4127	-11.658	42.717	OK	44c8be367ca8a3918e67d3d2b62de9e0169cdee5	cargo run -p jxl-encoder --release --features 'parallel butteraugli-loop ssim2-loop' --example w44_170_cjxl_step025_sweep -- --image terminal --effort 5 --distance-min 3.75 --distance-max 3.75 --distance-step 3.75 --strategy zenjxl --corpus-manifest benchmarks/corpora/w44_170_varied_corpus.tsv
terminal	screenshot	1646	1062	zenjxl	5	4.0000	29092	70434	83.0009	83.8187	2.243802	2.649893	1592.921	961.015	-58.696	-0.8178	-15.325	65.754	OK	44c8be367ca8a3918e67d3d2b62de9e0169cdee5	cargo run -p jxl-encoder --release --features 'parallel butteraugli-loop ssim2-loop' --example w44_170_cjxl_step025_sweep -- --image terminal --effort 5 --distance-min 4 --distance-max 4 --distance-step 4 --strategy zenjxl --corpus-manifest benchmarks/corpora/w44_170_varied_corpus.tsv
terminal	screenshot	1646	1062	zenjxl	5	4.2500	27905	68668	86.0499	82.2474	2.380442	3.160113	1403.254	1110.504	-59.362	3.8025	-24.672	26.362	OK	44c8be367ca8a3918e67d3d2b62de9e0169cdee5	cargo run -p jxl-encoder --release --features 'parallel butteraugli-loop ssim2-loop' --example w44_170_cjxl_step025_sweep -- --image terminal --effort 5 --distance-min 4.25 --distance-max 4.25 --distance-step 4.25 --strategy zenjxl --corpus-manifest benchmarks/corpora/w44_170_varied_corpus.tsv
terminal	screenshot	1646	1062	zenjxl	5	4.5000	27721	66138	81.4362	81.0208	2.322471	3.211979	1457.259	916.444	-58.086	0.4154	-27.693	59.012	OK	44c8be367ca8a3918e67d3d2b62de9e0169cdee5	cargo run -p jxl-encoder --release --features 'parallel butteraugli-loop ssim2-loop' --example w44_170_cjxl_step025_sweep -- --image terminal --effort 5 --distance-min 4.5 --distance-max 4.5 --distance-step 4.5 --strategy zenjxl --corpus-manifest benchmarks/corpora/w44_170_varied_corpus.tsv
terminal	screenshot	1646	1062	zenjxl	5	4.7500	26637	63781	84.8196	80.7788	3.075023	3.694429	1513.075	861.861	-58.237	4.0408	-16.766	75.559	OK	44c8be367ca8a3918e67d3d2b62de9e0169cdee5	cargo run -p jxl-encoder --release --features 'parallel butteraugli-loop ssim2-loop' --example w44_170_cjxl_step025_sweep -- --image terminal --effort 5 --distance-min 4.75 --distance-max 4.75 --distance-step 4.75 --strategy zenjxl --corpus-manifest benchmarks/corpora/w44_170_varied_corpus.tsv
terminal	screenshot	1646	1062	zenjxl	5	5.0000	25879	61515	80.9689	79.4202	3.112338	3.935848	1448.956	583.212	-57.931	1.5488	-20.923	148.444	OK	44c8be367ca8a3918e67d3d2b62de9e0169cdee5	cargo run -p jxl-encoder --release --features 'parallel butteraugli-loop ssim2-loop' --example w44_170_cjxl_step025_sweep -- --image terminal --effort 5 --distance-min 5 --distance-max 5 --distance-step 5 --strategy zenjxl --corpus-manifest benchmarks/corpora/w44_170_varied_corpus.tsv
terminal	screenshot	1646	1062	zenjxl	6	0.2500	61004	186224	96.2839	95.8380	0.239319	0.261900	2740.511	1036.568	-67.242	0.4459	-8.622	164.383	OK	44c8be367ca8a3918e67d3d2b62de9e0169cdee5	cargo run -p jxl-encoder --release --features 'parallel butteraugli-loop ssim2-loop' --example w44_170_cjxl_step025_sweep -- --image terminal --effort 6 --distance-min 0.25 --distance-max 0.25 --distance-step 0.25 --strategy zenjxl --corpus-manifest benchmarks/corpora/w44_170_varied_corpus.tsv
terminal	screenshot	1646	1062	zenjxl	6	0.5000	49552	147866	94.7617	94.6811	0.398940	0.428858	1788.543	917.418	-66.489	0.0807	-6.976	94.954	OK	44c8be367ca8a3918e67d3d2b62de9e0169cdee5	cargo run -p jxl-encoder --release --features 'parallel butteraugli-loop ssim2-loop' --example w44_170_cjxl_step025_sweep -- --image terminal --effort 6 --distance-min 0.5 --distance-max 0.5 --distance-step 0.5 --strategy zenjxl --corpus-manifest benchmarks/corpora/w44_170_varied_corpus.tsv
terminal	screenshot	1646	1062	zenjxl	6	0.7500	58622	150789	92.1815	93.5709	0.525970	0.648890	2988.998	1641.509	-61.123	-1.3894	-18.943	82.088	OK	44c8be367ca8a3918e67d3d2b62de9e0169cdee5	cargo run -p jxl-encoder --release --features 'parallel butteraugli-loop ssim2-loop' --example w44_170_cjxl_step025_sweep -- --image terminal --effort 6 --distance-min 0.75 --distance-max 0.75 --distance-step 0.75 --strategy zenjxl --corpus-manifest benchmarks/corpora/w44_170_varied_corpus.tsv
terminal	screenshot	1646	1062	zenjxl	6	1.0000	53710	134039	92.3876	92.4031	0.734521	0.761053	2437.106	1891.126	-59.930	-0.0155	-3.486	28.871	OK	44c8be367ca8a3918e67d3d2b62de9e0169cdee5	cargo run -p jxl-encoder --release --features 'parallel butteraugli-loop ssim2-loop' --example w44_170_cjxl_step025_sweep -- --image terminal --effort 6 --distance-min 1 --distance-max 1 --distance-step 1 --strategy zenjxl --corpus-manifest benchmarks/corpora/w44_170_varied_corpus.tsv
terminal	screenshot	1646	1062	zenjxl	6	1.2500	49703	121610	91.0426	91.0332	0.867298	1.068807	2604.250	2170.820	-59.129	0.0094	-18.854	19.966	OK	44c8be367ca8a3918e67d3d2b62de9e0169cdee5	cargo run -p jxl-encoder --release --features 'parallel butteraugli-loop ssim2-loop' --example w44_170_cjxl_step025_sweep -- --image terminal --effort 6 --distance-min 1.25 --distance-max 1.25 --distance-step 1.25 --strategy zenjxl --corpus-manifest benchmarks/corpora/w44_170_varied_corpus.tsv
terminal	screenshot	1646	1062	zenjxl	6	1.5000	46433	112012	92.2201	90.5068	0.966173	1.042205	2759.374	1979.379	-58.546	1.7133	-7.295	39.406	OK	44c8be367ca8a3918e67d3d2b62de9e0169cdee5	cargo run -p jxl-encoder --release --features 'parallel butteraugli-loop ssim2-loop' --example w44_170_cjxl_step025_sweep -- --image terminal --effort 6 --distance-min 1.5 --distance-max 1.5 --distance-step 1.5 --strategy zenjxl --corpus-manifest benchmarks/corpora/w44_170_varied_corpus.tsv
terminal	screenshot	1646	1062	zenjxl	6	1.7500	42981	105578	89.9974	89.2625	1.112610	1.159543	2905.072	1742.289	-59.290	0.7349	-4.048	66.739	OK	44c8be367ca8a3918e67d3d2b62de9e0169cdee5	cargo run -p jxl-encoder --release --features 'parallel butteraugli-loop ssim2-loop' --example w44_170_cjxl_step025_sweep -- --image terminal --effort 6 --distance-min 1.75 --distance-max 1.75 --distance-step 1.75 --strategy zenjxl --corpus-manifest benchmarks/corpora/w44_170_varied_corpus.tsv
terminal	screenshot	1646	1062	zenjxl	6	2.0000	42635	100094	89.1083	88.7312	1.296816	1.357344	2580.801	1795.441	-57.405	0.3772	-4.459	43.742	OK	44c8be367ca8a3918e67d3d2b62de9e0169cdee5	cargo run -p jxl-encoder --release --features 'parallel butteraugli-loop ssim2-loop' --example w44_170_cjxl_step025_sweep -- --image terminal --effort 6 --distance-min 2 --distance-max 2 --distance-step 2 --strategy zenjxl --corpus-manifest benchmarks/corpora/w44_170_varied_corpus.tsv
terminal	screenshot	1646	1062	zenjxl	6	2.2500	41515	94668	84.0916	87.4516	1.387882	1.373779	2432.771	2407.746	-56.147	-3.3601	1.027	1.039	OK	44c8be367ca8a3918e67d3d2b62de9e0169cdee5	cargo run -p jxl-encoder --release --features 'parallel butteraugli-loop ssim2-loop' --example w44_170_cjxl_step025_sweep -- --image terminal --effort 6 --distance-min 2.25 --distance-max 2.25 --distance-step 2.25 --strategy zenjxl --corpus-manifest benchmarks/corpora/w44_170_varied_corpus.tsv
terminal	screenshot	1646	1062	zenjxl	6	2.5000	38612	89651	88.1376	87.0532	1.591188	1.565293	2629.777	2012.885	-56.931	1.0844	1.654	30.647	OK	44c8be367ca8a3918e67d3d2b62de9e0169cdee5	cargo run -p jxl-encoder --release --features 'parallel butteraugli-loop ssim2-loop' --example w44_170_cjxl_step025_sweep -- --image terminal --effort 6 --distance-min 2.5 --distance-max 2.5 --distance-step 2.5 --strategy zenjxl --corpus-manifest benchmarks/corpora/w44_170_varied_corpus.tsv
terminal	screenshot	1646	1062	zenjxl	6	2.7500	36772	86515	87.7697	85.9477	1.565501	1.614584	2541.632	1680.069	-57.496	1.8219	-3.040	51.281	OK	44c8be367ca8a3918e67d3d2b62de9e0169cdee5	cargo run -p jxl-encoder --release --features 'parallel butteraugli-loop ssim2-loop' --example w44_170_cjxl_step025_sweep -- --image terminal --effort 6 --distance-min 2.75 --distance-max 2.75 --distance-step 2.75 --strategy zenjxl --corpus-manifest benchmarks/corpora/w44_170_varied_corpus.tsv
terminal	screenshot	1646	1062	zenjxl	6	3.0000	35430	83388	86.7479	85.0891	2.016100	1.870460	2477.569	2166.551	-57.512	1.6588	7.786	14.355	OK	44c8be367ca8a3918e67d3d2b62de9e0169cdee5	cargo run -p jxl-encoder --release --features 'parallel butteraugli-loop ssim2-loop' --example w44_170_cjxl_step025_sweep -- --image terminal --effort 6 --distance-min 3 --distance-max 3 --distance-step 3 --strategy zenjxl --corpus-manifest benchmarks/corpora/w44_170_varied_corpus.tsv
terminal	screenshot	1646	1062	zenjxl	6	3.2500	34781	79044	84.7428	84.3372	1.925816	1.970866	2448.572	1957.587	-55.998	0.4056	-2.286	25.081	OK	44c8be367ca8a3918e67d3d2b62de9e0169cdee5	cargo run -p jxl-encoder --release --features 'parallel butteraugli-loop ssim2-loop' --example w44_170_cjxl_step025_sweep -- --image terminal --effort 6 --distance-min 3.25 --distance-max 3.25 --distance-step 3.25 --strategy zenjxl --corpus-manifest benchmarks/corpora/w44_170_varied_corpus.tsv
terminal	screenshot	1646	1062	zenjxl	6	3.5000	33740	76058	83.4041	84.1375	1.923723	2.395947	2388.013	1883.710	-55.639	-0.7333	-19.709	26.772	OK	44c8be367ca8a3918e67d3d2b62de9e0169cdee5	cargo run -p jxl-encoder --release --features 'parallel butteraugli-loop ssim2-loop' --example w44_170_cjxl_step025_sweep -- --image terminal --effort 6 --distance-min 3.5 --distance-max 3.5 --distance-step 3.5 --strategy zenjxl --corpus-manifest benchmarks/corpora/w44_170_varied_corpus.tsv
terminal	screenshot	1646	1062	zenjxl	6	3.7500	32713	73543	83.4860	82.5274	2.189397	2.270356	2250.009	1821.614	-55.519	0.9585	-3.566	23.517	OK	44c8be367ca8a3918e67d3d2b62de9e0169cdee5	cargo run -p jxl-encoder --release --features 'parallel butteraugli-loop ssim2-loop' --example w44_170_cjxl_step025_sweep -- --image terminal --effort 6 --distance-min 3.75 --distance-max 3.75 --distance-step 3.75 --strategy zenjxl --corpus-manifest benchmarks/corpora/w44_170_varied_corpus.tsv
terminal	screenshot	1646	1062	zenjxl	6	4.0000	32325	71634	82.8046	83.4723	2.049402	2.844077	3184.804	1828.129	-54.875	-0.6677	-27.941	74.211	OK	44c8be367ca8a3918e67d3d2b62de9e0169cdee5	cargo run -p jxl-encoder --release --features 'parallel butteraugli-loop ssim2-loop' --example w44_170_cjxl_step025_sweep -- --image terminal --effort 6 --distance-min 4 --distance-max 4 --distance-step 4 --strategy zenjxl --corpus-manifest benchmarks/corpora/w44_170_varied_corpus.tsv
terminal	screenshot	1646	1062	zenjxl	6	4.2500	30279	70707	85.8487	82.9108	2.471757	3.169786	3583.194	1928.121	-57.177	2.9379	-22.021	85.839	OK	44c8be367ca8a3918e67d3d2b62de9e0169cdee5	cargo run -p jxl-encoder --release --features 'parallel butteraugli-loop ssim2-loop' --example w44_170_cjxl_step025_sweep -- --image terminal --effort 6 --distance-min 4.25 --distance-max 4.25 --distance-step 4.25 --strategy zenjxl --corpus-manifest benchmarks/corpora/w44_170_varied_corpus.tsv
terminal	screenshot	1646	1062	zenjxl	6	4.5000	30189	68133	81.2065	81.5745	2.330818	3.244055	3385.316	1903.157	-55.691	-0.3680	-28.151	77.879	OK	44c8be367ca8a3918e67d3d2b62de9e0169cdee5	cargo run -p jxl-encoder --release --features 'parallel butteraugli-loop ssim2-loop' --example w44_170_cjxl_step025_sweep -- --image terminal --effort 6 --distance-min 4.5 --distance-max 4.5 --distance-step 4.5 --strategy zenjxl --corpus-manifest benchmarks/corpora/w44_170_varied_corpus.tsv
terminal	screenshot	1646	1062	zenjxl	6	4.7500	28309	64808	84.3797	80.6170	3.072119	3.705313	3630.643	1858.820	-56.319	3.7627	-17.089	95.320	OK	44c8be367ca8a3918e67d3d2b62de9e0169cdee5	cargo run -p jxl-encoder --release --features 'parallel butteraugli-loop ssim2-loop' --example w44_170_cjxl_step025_sweep -- --image terminal --effort 6 --distance-min 4.75 --distance-max 4.75 --distance-step 4.75 --strategy zenjxl --corpus-manifest benchmarks/corpora/w44_170_varied_corpus.tsv
terminal	screenshot	1646	1062	zenjxl	6	5.0000	27660	62724	80.7919	79.8971	3.167504	3.964364	3290.316	1974.117	-55.902	0.8948	-20.101	66.673	OK	44c8be367ca8a3918e67d3d2b62de9e0169cdee5	cargo run -p jxl-encoder --release --features 'parallel butteraugli-loop ssim2-loop' --example w44_170_cjxl_step025_sweep -- --image terminal --effort 6 --distance-min 5 --distance-max 5 --distance-step 5 --strategy zenjxl --corpus-manifest benchmarks/corpora/w44_170_varied_corpus.tsv
terminal	screenshot	1646	1062	zenjxl	7	0.2500	61843	186607	96.2855	95.8354	0.239351	0.243906	1838.840	978.994	-66.859	0.4501	-1.867	87.830	OK	44c8be367ca8a3918e67d3d2b62de9e0169cdee5	cargo run -p jxl-encoder --release --features 'parallel butteraugli-loop ssim2-loop' --example w44_170_cjxl_step025_sweep -- --image terminal --effort 7 --distance-min 0.25 --distance-max 0.25 --distance-step 0.25 --strategy zenjxl --corpus-manifest benchmarks/corpora/w44_170_varied_corpus.tsv
terminal	screenshot	1646	1062	zenjxl	7	0.5000	49881	148111	94.7568	94.7699	0.395789	0.428185	2487.426	1242.503	-66.322	-0.0130	-7.566	100.195	OK	44c8be367ca8a3918e67d3d2b62de9e0169cdee5	cargo run -p jxl-encoder --release --features 'parallel butteraugli-loop ssim2-loop' --example w44_170_cjxl_step025_sweep -- --image terminal --effort 7 --distance-min 0.5 --distance-max 0.5 --distance-step 0.5 --strategy zenjxl --corpus-manifest benchmarks/corpora/w44_170_varied_corpus.tsv
terminal	screenshot	1646	1062	zenjxl	7	0.7500	58616	150405	92.1355	93.5681	0.530141	0.645120	2623.379	2318.745	-61.028	-1.4326	-17.823	13.138	OK	44c8be367ca8a3918e67d3d2b62de9e0169cdee5	cargo run -p jxl-encoder --release --features 'parallel butteraugli-loop ssim2-loop' --example w44_170_cjxl_step025_sweep -- --image terminal --effort 7 --distance-min 0.75 --distance-max 0.75 --distance-step 0.75 --strategy zenjxl --corpus-manifest benchmarks/corpora/w44_170_varied_corpus.tsv
terminal	screenshot	1646	1062	zenjxl	7	1.0000	53752	134040	92.3529	92.4770	0.729747	0.758720	2447.347	1992.949	-59.899	-0.1241	-3.819	22.800	OK	44c8be367ca8a3918e67d3d2b62de9e0169cdee5	cargo run -p jxl-encoder --release --features 'parallel butteraugli-loop ssim2-loop' --example w44_170_cjxl_step025_sweep -- --image terminal --effort 7 --distance-min 1 --distance-max 1 --distance-step 1 --strategy zenjxl --corpus-manifest benchmarks/corpora/w44_170_varied_corpus.tsv
terminal	screenshot	1646	1062	zenjxl	7	1.2500	49710	121508	91.0346	91.0493	0.857459	1.068818	2468.861	1792.077	-59.089	-0.0147	-19.775	37.765	OK	44c8be367ca8a3918e67d3d2b62de9e0169cdee5	cargo run -p jxl-encoder --release --features 'parallel butteraugli-loop ssim2-loop' --example w44_170_cjxl_step025_sweep -- --image terminal --effort 7 --distance-min 1.25 --distance-max 1.25 --distance-step 1.25 --strategy zenjxl --corpus-manifest benchmarks/corpora/w44_170_varied_corpus.tsv
terminal	screenshot	1646	1062	zenjxl	7	1.5000	46448	111641	92.2438	90.5891	0.966173	1.042205	3533.846	1941.654	-58.395	1.6547	-7.295	82.002	OK	44c8be367ca8a3918e67d3d2b62de9e0169cdee5	cargo run -p jxl-encoder --release --features 'parallel butteraugli-loop ssim2-loop' --example w44_170_cjxl_step025_sweep -- --image terminal --effort 7 --distance-min 1.5 --distance-max 1.5 --distance-step 1.5 --strategy zenjxl --corpus-manifest benchmarks/corpora/w44_170_varied_corpus.tsv
terminal	screenshot	1646	1062	zenjxl	7	1.7500	42967	105511	89.9533	89.3464	1.135164	1.159543	3264.153	1961.572	-59.277	0.6069	-2.102	66.405	OK	44c8be367ca8a3918e67d3d2b62de9e0169cdee5	cargo run -p jxl-encoder --release --features 'parallel butteraugli-loop ssim2-loop' --example w44_170_cjxl_step025_sweep -- --image terminal --effort 7 --distance-min 1.75 --distance-max 1.75 --distance-step 1.75 --strategy zenjxl --corpus-manifest benchmarks/corpora/w44_170_varied_corpus.tsv
terminal	screenshot	1646	1062	zenjxl	7	2.0000	42692	100048	89.4942	88.8941	1.296544	1.400561	3260.654	1725.092	-57.328	0.6000	-7.427	89.013	OK	44c8be367ca8a3918e67d3d2b62de9e0169cdee5	cargo run -p jxl-encoder --release --features 'parallel butteraugli-loop ssim2-loop' --example w44_170_cjxl_step025_sweep -- --image terminal --effort 7 --distance-min 2 --distance-max 2 --distance-step 2 --strategy zenjxl --corpus-manifest benchmarks/corpora/w44_170_varied_corpus.tsv
terminal	screenshot	1646	1062	zenjxl	7	2.2500	41545	94750	84.0559	87.5466	1.391183	1.369793	4064.663	2054.732	-56.153	-3.4907	1.562	97.820	OK	44c8be367ca8a3918e67d3d2b62de9e0169cdee5	cargo run -p jxl-encoder --release --features 'parallel butteraugli-loop ssim2-loop' --example w44_170_cjxl_step025_sweep -- --image terminal --effort 7 --distance-min 2.25 --distance-max 2.25 --distance-step 2.25 --strategy zenjxl --corpus-manifest benchmarks/corpora/w44_170_varied_corpus.tsv
terminal	screenshot	1646	1062	zenjxl	7	2.5000	38669	89652	88.4058	87.1855	1.589477	1.623809	3014.841	1903.441	-56.868	1.2203	-2.114	58.389	OK	44c8be367ca8a3918e67d3d2b62de9e0169cdee5	cargo run -p jxl-encoder --release --features 'parallel butteraugli-loop ssim2-loop' --example w44_170_cjxl_step025_sweep -- --image terminal --effort 7 --distance-min 2.5 --distance-max 2.5 --distance-step 2.5 --strategy zenjxl --corpus-manifest benchmarks/corpora/w44_170_varied_corpus.tsv
terminal	screenshot	1646	1062	zenjxl	7	2.7500	36682	86504	87.7357	86.4612	1.570885	1.619109	3215.162	2016.274	-57.595	1.2745	-2.978	59.461	OK	44c8be367ca8a3918e67d3d2b62de9e0169cdee5	cargo run -p jxl-encoder --release --features 'parallel butteraugli-loop ssim2-loop' --example w44_170_cjxl_step025_sweep -- --image terminal --effort 7 --distance-min 2.75 --distance-max 2.75 --distance-step 2.75 --strategy zenjxl --corpus-manifest benchmarks/corpora/w44_170_varied_corpus.tsv
terminal	screenshot	1646	1062	zenjxl	7	3.0000	35567	37645	86.9118	88.1171	2.016101	1.871070	3541.583	2364.157	-5.520	-1.2052	7.751	49.803	OK	44c8be367ca8a3918e67d3d2b62de9e0169cdee5	cargo run -p jxl-encoder --release --features 'parallel butteraugli-loop ssim2-loop' --example w44_170_cjxl_step025_sweep -- --image terminal --effort 7 --distance-min 3 --distance-max 3 --distance-step 3 --strategy zenjxl --corpus-manifest benchmarks/corpora/w44_170_varied_corpus.tsv
terminal	screenshot	1646	1062	zenjxl	7	3.2500	34807	35697	84.6443	87.8457	1.928492	1.909951	3664.343	2378.321	-2.493	-3.2013	0.971	54.073	OK	44c8be367ca8a3918e67d3d2b62de9e0169cdee5	cargo run -p jxl-encoder --release --features 'parallel butteraugli-loop ssim2-loop' --example w44_170_cjxl_step025_sweep -- --image terminal --effort 7 --distance-min 3.25 --distance-max 3.25 --distance-step 3.25 --strategy zenjxl --corpus-manifest benchmarks/corpora/w44_170_varied_corpus.tsv
terminal	screenshot	1646	1062	zenjxl	7	3.5000	33768	34542	83.2840	87.6973	1.921747	1.883796	3278.443	2195.802	-2.241	-4.4133	2.015	49.305	OK	44c8be367ca8a3918e67d3d2b62de9e0169cdee5	cargo run -p jxl-encoder --release --features 'parallel butteraugli-loop ssim2-loop' --example w44_170_cjxl_step025_sweep -- --image terminal --effort 7 --distance-min 3.5 --distance-max 3.5 --distance-step 3.5 --strategy zenjxl --corpus-manifest benchmarks/corpora/w44_170_varied_corpus.tsv
terminal	screenshot	1646	1062	zenjxl	7	3.7500	32706	33678	83.3968	86.7856	2.188555	2.140112	3102.460	2331.916	-2.886	-3.3888	2.264	33.043	OK	44c8be367ca8a3918e67d3d2b62de9e0169cdee5	cargo run -p jxl-encoder --release --features 'parallel butteraugli-loop ssim2-loop' --example w44_170_cjxl_step025_sweep -- --image terminal --effort 7 --distance-min 3.75 --distance-max 3.75 --distance-step 3.75 --strategy zenjxl --corpus-manifest benchmarks/corpora/w44_170_varied_corpus.tsv
terminal	screenshot	1646	1062	zenjxl	7	4.0000	32330	33536	82.9886	87.6210	2.073075	2.169539	4226.923	2601.375	-3.596	-4.6323	-4.446	62.488	OK	44c8be367ca8a3918e67d3d2b62de9e0169cdee5	cargo run -p jxl-encoder --release --features 'parallel butteraugli-loop ssim2-loop' --example w44_170_cjxl_step025_sweep -- --image terminal --effort 7 --distance-min 4 --distance-max 4 --distance-step 4 --strategy zenjxl --corpus-manifest benchmarks/corpora/w44_170_varied_corpus.tsv
terminal	screenshot	1646	1062	zenjxl	7	4.2500	30269	32732	85.4289	87.1188	2.471756	2.584949	3817.398	2657.996	-7.525	-1.6899	-4.379	43.619	OK	44c8be367ca8a3918e67d3d2b62de9e0169cdee5	cargo run -p jxl-encoder --release --features 'parallel butteraugli-loop ssim2-loop' --example w44_170_cjxl_step025_sweep -- --image terminal --effort 7 --distance-min 4.25 --distance-max 4.25 --distance-step 4.25 --strategy zenjxl --corpus-manifest benchmarks/corpora/w44_170_varied_corpus.tsv
terminal	screenshot	1646	1062	zenjxl	7	4.5000	30180	32476	81.0684	84.4858	2.330818	2.349819	3977.496	2683.198	-7.070	-3.4174	-0.809	48.237	OK	44c8be367ca8a3918e67d3d2b62de9e0169cdee5	cargo run -p jxl-encoder --release --features 'parallel butteraugli-loop ssim2-loop' --example w44_170_cjxl_step025_sweep -- --image terminal --effort 7 --distance-min 4.5 --distance-max 4.5 --distance-step 4.5 --strategy zenjxl --corpus-manifest benchmarks/corpora/w44_170_varied_corpus.tsv
terminal	screenshot	1646	1062	zenjxl	7	4.7500	28289	30475	84.1214	85.8523	3.072108	2.902626	3595.699	2624.464	-7.173	-1.7310	5.839	37.007	OK	44c8be367ca8a3918e67d3d2b62de9e0169cdee5	cargo run -p jxl-encoder --release --features 'parallel butteraugli-loop ssim2-loop' --example w44_170_cjxl_step025_sweep -- --image terminal --effort 7 --distance-min 4.75 --distance-max 4.75 --distance-step 4.75 --strategy zenjxl --corpus-manifest benchmarks/corpora/w44_170_varied_corpus.tsv
terminal	screenshot	1646	1062	zenjxl	7	5.0000	27639	29707	81.0020	84.3561	3.167504	2.892457	3942.283	1851.178	-6.961	-3.3541	9.509	112.961	OK	44c8be367ca8a3918e67d3d2b62de9e0169cdee5	cargo run -p jxl-encoder --release --features 'parallel butteraugli-loop ssim2-loop' --example w44_170_cjxl_step025_sweep -- --image terminal --effort 7 --distance-min 5 --distance-max 5 --distance-step 5 --strategy zenjxl --corpus-manifest benchmarks/corpora/w44_170_varied_corpus.tsv
terminal	screenshot	1646	1062	zenjxl	8	0.2500	55284	186691	95.6513	95.8354	0.232506	0.243906	9579.842	1044.239	-70.387	-0.1841	-4.674	817.399	OK	44c8be367ca8a3918e67d3d2b62de9e0169cdee5	cargo run -p jxl-encoder --release --features 'parallel butteraugli-loop ssim2-loop' --example w44_170_cjxl_step025_sweep -- --image terminal --effort 8 --distance-min 0.25 --distance-max 0.25 --distance-step 0.25 --strategy zenjxl --corpus-manifest benchmarks/corpora/w44_170_varied_corpus.tsv
terminal	screenshot	1646	1062	zenjxl	8	0.5000	45150	148145	94.6316	94.7699	0.394149	0.428185	10116.397	1142.549	-69.523	-0.1382	-7.949	785.423	OK	44c8be367ca8a3918e67d3d2b62de9e0169cdee5	cargo run -p jxl-encoder --release --features 'parallel butteraugli-loop ssim2-loop' --example w44_170_cjxl_step025_sweep -- --image terminal --effort 8 --distance-min 0.5 --distance-max 0.5 --distance-step 0.5 --strategy zenjxl --corpus-manifest benchmarks/corpora/w44_170_varied_corpus.tsv
terminal	screenshot	1646	1062	zenjxl	8	0.7500	51730	62571	92.2044	94.9841	0.751997	0.635311	11743.987	9903.333	-17.326	-2.7797	18.367	18.586	OK	44c8be367ca8a3918e67d3d2b62de9e0169cdee5	cargo run -p jxl-encoder --release --features 'parallel butteraugli-loop ssim2-loop' --example w44_170_cjxl_step025_sweep -- --image terminal --effort 8 --distance-min 0.75 --distance-max 0.75 --distance-step 0.75 --strategy zenjxl --corpus-manifest benchmarks/corpora/w44_170_varied_corpus.tsv
terminal	screenshot	1646	1062	zenjxl	8	1.0000	47066	93240	91.5674	94.3070	0.775142	0.752878	13621.982	10095.110	-49.522	-2.7396	2.957	34.936	OK	44c8be367ca8a3918e67d3d2b62de9e0169cdee5	cargo run -p jxl-encoder --release --features 'parallel butteraugli-loop ssim2-loop' --example w44_170_cjxl_step025_sweep -- --image terminal --effort 8 --distance-min 1 --distance-max 1 --distance-step 1 --strategy zenjxl --corpus-manifest benchmarks/corpora/w44_170_varied_corpus.tsv
terminal	screenshot	1646	1062	zenjxl	8	1.2500	44909	87430	90.6764	94.0148	0.988609	0.995642	12952.189	9648.795	-48.634	-3.3384	-0.706	34.236	OK	44c8be367ca8a3918e67d3d2b62de9e0169cdee5	cargo run -p jxl-encoder --release --features 'parallel butteraugli-loop ssim2-loop' --example w44_170_cjxl_step025_sweep -- --image terminal --effort 8 --distance-min 1.25 --distance-max 1.25 --distance-step 1.25 --strategy zenjxl --corpus-manifest benchmarks/corpora/w44_170_varied_corpus.tsv
terminal	screenshot	1646	1062	zenjxl	8	1.5000	41873	81565	89.8191	93.5747	1.094258	1.081428	13476.591	10037.010	-48.663	-3.7556	1.186	34.269	OK	44c8be367ca8a3918e67d3d2b62de9e0169cdee5	cargo run -p jxl-encoder --release --features 'parallel butteraugli-loop ssim2-loop' --example w44_170_cjxl_step025_sweep -- --image terminal --effort 8 --distance-min 1.5 --distance-max 1.5 --distance-step 1.5 --strategy zenjxl --corpus-manifest benchmarks/corpora/w44_170_varied_corpus.tsv
terminal	screenshot	1646	1062	zenjxl	8	1.7500	37677	77141	89.1472	92.3011	1.289068	1.250195	13260.629	9678.885	-51.158	-3.1540	3.109	37.006	OK	44c8be367ca8a3918e67d3d2b62de9e0169cdee5	cargo run -p jxl-encoder --release --features 'parallel butteraugli-loop ssim2-loop' --example w44_170_cjxl_step025_sweep -- --image terminal --effort 8 --distance-min 1.75 --distance-max 1.75 --distance-step 1.75 --strategy zenjxl --corpus-manifest benchmarks/corpora/w44_170_varied_corpus.tsv
terminal	screenshot	1646	1062	zenjxl	8	2.0000	48252	72953	90.2088	92.5029	0.974954	1.328329	13745.765	9739.082	-33.859	-2.2942	-26.603	41.140	OK	44c8be367ca8a3918e67d3d2b62de9e0169cdee5	cargo run -p jxl-encoder --release --features 'parallel butteraugli-loop ssim2-loop' --example w44_170_cjxl_step025_sweep -- --image terminal --effort 8 --distance-min 2 --distance-max 2 --distance-step 2 --strategy zenjxl --corpus-manifest benchmarks/corpora/w44_170_varied_corpus.tsv
terminal	screenshot	1646	1062	zenjxl	8	2.2500	45691	71450	90.4428	91.4024	0.907695	2.039937	13564.798	9474.619	-36.052	-0.9596	-55.504	43.170	OK	44c8be367ca8a3918e67d3d2b62de9e0169cdee5	cargo run -p jxl-encoder --release --features 'parallel butteraugli-loop ssim2-loop' --example w44_170_cjxl_step025_sweep -- --image terminal --effort 8 --distance-min 2.25 --distance-max 2.25 --distance-step 2.25 --strategy zenjxl --corpus-manifest benchmarks/corpora/w44_170_varied_corpus.tsv
terminal	screenshot	1646	1062	zenjxl	8	2.5000	43912	66882	89.3220	90.6235	1.069788	1.768235	10431.658	10094.157	-34.344	-1.3015	-39.500	3.344	OK	44c8be367ca8a3918e67d3d2b62de9e0169cdee5	cargo run -p jxl-encoder --release --features 'parallel butteraugli-loop ssim2-loop' --example w44_170_cjxl_step025_sweep -- --image terminal --effort 8 --distance-min 2.5 --distance-max 2.5 --distance-step 2.5 --strategy zenjxl --corpus-manifest benchmarks/corpora/w44_170_varied_corpus.tsv
terminal	screenshot	1646	1062	zenjxl	8	2.7500	41875	64208	89.1807	89.8052	1.045198	1.946708	12064.738	10151.432	-34.782	-0.6245	-46.309	18.848	OK	44c8be367ca8a3918e67d3d2b62de9e0169cdee5	cargo run -p jxl-encoder --release --features 'parallel butteraugli-loop ssim2-loop' --example w44_170_cjxl_step025_sweep -- --image terminal --effort 8 --distance-min 2.75 --distance-max 2.75 --distance-step 2.75 --strategy zenjxl --corpus-manifest benchmarks/corpora/w44_170_varied_corpus.tsv
terminal	screenshot	1646	1062	zenjxl	8	3.0000	40969	63243	88.7886	88.1755	1.322282	1.911429	12280.272	9898.033	-35.220	0.6132	-30.822	24.068	OK	44c8be367ca8a3918e67d3d2b62de9e0169cdee5	cargo run -p jxl-encoder --release --features 'parallel butteraugli-loop ssim2-loop' --example w44_170_cjxl_step025_sweep -- --image terminal --effort 8 --distance-min 3 --distance-max 3 --distance-step 3 --strategy zenjxl --corpus-manifest benchmarks/corpora/w44_170_varied_corpus.tsv
terminal	screenshot	1646	1062	zenjxl	8	3.2500	39998	60395	85.0677	86.6818	1.359275	2.127484	13337.430	9992.391	-33.773	-1.6141	-36.109	33.476	OK	44c8be367ca8a3918e67d3d2b62de9e0169cdee5	cargo run -p jxl-encoder --release --features 'parallel butteraugli-loop ssim2-loop' --example w44_170_cjxl_step025_sweep -- --image terminal --effort 8 --distance-min 3.25 --distance-max 3.25 --distance-step 3.25 --strategy zenjxl --corpus-manifest benchmarks/corpora/w44_170_varied_corpus.tsv
terminal	screenshot	1646	1062	zenjxl	8	3.5000	39325	56764	85.2347	86.9010	1.306892	2.343567	11158.951	10076.646	-30.722	-1.6663	-44.235	10.741	OK	44c8be367ca8a3918e67d3d2b62de9e0169cdee5	cargo run -p jxl-encoder --release --features 'parallel butteraugli-loop ssim2-loop' --example w44_170_cjxl_step025_sweep -- --image terminal --effort 8 --distance-min 3.5 --distance-max 3.5 --distance-step 3.5 --strategy zenjxl --corpus-manifest benchmarks/corpora/w44_170_varied_corpus.tsv
terminal	screenshot	1646	1062	zenjxl	8	3.7500	37274	56925	84.1514	87.7565	1.624156	2.627888	11289.942	9777.547	-34.521	-3.6051	-38.195	15.468	OK	44c8be367ca8a3918e67d3d2b62de9e0169cdee5	cargo run -p jxl-encoder --release --features 'parallel butteraugli-loop ssim2-loop' --example w44_170_cjxl_step025_sweep -- --image terminal --effort 8 --distance-min 3.75 --distance-max 3.75 --distance-step 3.75 --strategy zenjxl --corpus-manifest benchmarks/corpora/w44_170_varied_corpus.tsv
terminal	screenshot	1646	1062	zenjxl	8	4.0000	42322	56066	86.9084	87.5455	1.864814	2.517885	14182.978	10324.955	-24.514	-0.6372	-25.937	37.366	OK	44c8be367ca8a3918e67d3d2b62de9e0169cdee5	cargo run -p jxl-encoder --release --features 'parallel butteraugli-loop ssim2-loop' --example w44_170_cjxl_step025_sweep -- --image terminal --effort 8 --distance-min 4 --distance-max 4 --distance-step 4 --strategy zenjxl --corpus-manifest benchmarks/corpora/w44_170_varied_corpus.tsv
terminal	screenshot	1646	1062	zenjxl	8	4.2500	39843	54069	87.6732	85.6612	1.696866	2.461889	13525.011	10350.575	-26.311	2.0120	-31.075	30.669	OK	44c8be367ca8a3918e67d3d2b62de9e0169cdee5	cargo run -p jxl-encoder --release --features 'parallel butteraugli-loop ssim2-loop' --example w44_170_cjxl_step025_sweep -- --image terminal --effort 8 --distance-min 4.25 --distance-max 4.25 --distance-step 4.25 --strategy zenjxl --corpus-manifest benchmarks/corpora/w44_170_varied_corpus.tsv
terminal	screenshot	1646	1062	zenjxl	8	4.5000	39095	56399	86.5330	84.1172	1.397420	2.762810	12657.676	9976.178	-30.681	2.4158	-49.420	26.879	OK	44c8be367ca8a3918e67d3d2b62de9e0169cdee5	cargo run -p jxl-encoder --release --features 'parallel butteraugli-loop ssim2-loop' --example w44_170_cjxl_step025_sweep -- --image terminal --effort 8 --distance-min 4.5 --distance-max 4.5 --distance-step 4.5 --strategy zenjxl --corpus-manifest benchmarks/corpora/w44_170_varied_corpus.tsv
terminal	screenshot	1646	1062	zenjxl	8	4.7500	38352	49732	86.8290	83.9867	1.861203	2.996764	10986.507	9093.589	-22.883	2.8423	-37.893	20.816	OK	44c8be367ca8a3918e67d3d2b62de9e0169cdee5	cargo run -p jxl-encoder --release --features 'parallel butteraugli-loop ssim2-loop' --example w44_170_cjxl_step025_sweep -- --image terminal --effort 8 --distance-min 4.75 --distance-max 4.75 --distance-step 4.75 --strategy zenjxl --corpus-manifest benchmarks/corpora/w44_170_varied_corpus.tsv
terminal	screenshot	1646	1062	zenjxl	8	5.0000	36907	49504	83.6942	84.4242	1.645673	3.237579	13164.023	9586.804	-25.446	-0.7300	-49.170	37.314	OK	44c8be367ca8a3918e67d3d2b62de9e0169cdee5	cargo run -p jxl-encoder --release --features 'parallel butteraugli-loop ssim2-loop' --example w44_170_cjxl_step025_sweep -- --image terminal --effort 8 --distance-min 5 --distance-max 5 --distance-step 5 --strategy zenjxl --corpus-manifest benchmarks/corpora/w44_170_varied_corpus.tsv
terminal	screenshot	1646	1062	zenjxl	9	0.2500	51822	186469	95.6513	95.8354	0.232506	0.243906	14986.887	1312.531	-72.209	-0.1841	-4.674	1041.831	OK	44c8be367ca8a3918e67d3d2b62de9e0169cdee5	cargo run -p jxl-encoder --release --features 'parallel butteraugli-loop ssim2-loop' --example w44_170_cjxl_step025_sweep -- --image terminal --effort 9 --distance-min 0.25 --distance-max 0.25 --distance-step 0.25 --strategy zenjxl --corpus-manifest benchmarks/corpora/w44_170_varied_corpus.tsv
terminal	screenshot	1646	1062	zenjxl	9	0.5000	43162	147900	94.6316	94.7699	0.394149	0.428185	14101.319	1320.569	-70.817	-0.1382	-7.949	967.822	OK	44c8be367ca8a3918e67d3d2b62de9e0169cdee5	cargo run -p jxl-encoder --release --features 'parallel butteraugli-loop ssim2-loop' --example w44_170_cjxl_step025_sweep -- --image terminal --effort 9 --distance-min 0.5 --distance-max 0.5 --distance-step 0.5 --strategy zenjxl --corpus-manifest benchmarks/corpora/w44_170_varied_corpus.tsv
terminal	screenshot	1646	1062	zenjxl	9	0.7500	50001	61978	92.2044	94.9841	0.751997	0.635311	15617.818	14507.402	-19.325	-2.7797	18.367	7.654	OK	44c8be367ca8a3918e67d3d2b62de9e0169cdee5	cargo run -p jxl-encoder --release --features 'parallel butteraugli-loop ssim2-loop' --example w44_170_cjxl_step025_sweep -- --image terminal --effort 9 --distance-min 0.75 --distance-max 0.75 --distance-step 0.75 --strategy zenjxl --corpus-manifest benchmarks/corpora/w44_170_varied_corpus.tsv
terminal	screenshot	1646	1062	zenjxl	9	1.0000	47068	56088	91.5674	94.1561	0.775142	0.747229	18818.049	13449.619	-16.082	-2.5886	3.735	39.915	OK	44c8be367ca8a3918e67d3d2b62de9e0169cdee5	cargo run -p jxl-encoder --release --features 'parallel butteraugli-loop ssim2-loop' --example w44_170_cjxl_step025_sweep -- --image terminal --effort 9 --distance-min 1 --distance-max 1 --distance-step 1 --strategy zenjxl --corpus-manifest benchmarks/corpora/w44_170_varied_corpus.tsv
terminal	screenshot	1646	1062	zenjxl	9	1.2500	44937	86316	90.6764	93.8704	0.988609	0.983030	19802.515	14195.247	-47.939	-3.1940	0.568	39.501	OK	44c8be367ca8a3918e67d3d2b62de9e0169cdee5	cargo run -p jxl-encoder --release --features 'parallel butteraugli-loop ssim2-loop' --example w44_170_cjxl_step025_sweep -- --image terminal --effort 9 --distance-min 1.25 --distance-max 1.25 --distance-step 1.25 --strategy zenjxl --corpus-manifest benchmarks/corpora/w44_170_varied_corpus.tsv
terminal	screenshot	1646	1062	zenjxl	9	1.5000	41726	80856	89.8191	93.5845	1.094258	1.081400	18436.115	14266.841	-48.395	-3.7654	1.189	29.224	OK	44c8be367ca8a3918e67d3d2b62de9e0169cdee5	cargo run -p jxl-encoder --release --features 'parallel butteraugli-loop ssim2-loop' --example w44_170_cjxl_step025_sweep -- --image terminal --effort 9 --distance-min 1.5 --distance-max 1.5 --distance-step 1.5 --strategy zenjxl --corpus-manifest benchmarks/corpora/w44_170_varied_corpus.tsv
terminal	screenshot	1646	1062	zenjxl	9	1.7500	37539	76628	89.1472	92.2932	1.289068	1.250297	17210.230	13018.121	-51.011	-3.1460	3.101	32.202	OK	44c8be367ca8a3918e67d3d2b62de9e0169cdee5	cargo run -p jxl-encoder --release --features 'parallel butteraugli-loop ssim2-loop' --example w44_170_cjxl_step025_sweep -- --image terminal --effort 9 --distance-min 1.75 --distance-max 1.75 --distance-step 1.75 --strategy zenjxl --corpus-manifest benchmarks/corpora/w44_170_varied_corpus.tsv
terminal	screenshot	1646	1062	zenjxl	9	2.0000	47178	72293	90.2088	92.3884	0.974954	1.337711	16860.214	14623.789	-34.741	-2.1797	-27.118	15.293	OK	44c8be367ca8a3918e67d3d2b62de9e0169cdee5	cargo run -p jxl-encoder --release --features 'parallel butteraugli-loop ssim2-loop' --example w44_170_cjxl_step025_sweep -- --image terminal --effort 9 --distance-min 2 --distance-max 2 --distance-step 2 --strategy zenjxl --corpus-manifest benchmarks/corpora/w44_170_varied_corpus.tsv
terminal	screenshot	1646	1062	zenjxl	9	2.2500	44610	71048	90.4428	91.3848	0.907695	2.039937	17658.327	14785.807	-37.211	-0.9420	-55.504	19.428	OK	44c8be367ca8a3918e67d3d2b62de9e0169cdee5	cargo run -p jxl-encoder --release --features 'parallel butteraugli-loop ssim2-loop' --example w44_170_cjxl_step025_sweep -- --image terminal --effort 9 --distance-min 2.25 --distance-max 2.25 --distance-step 2.25 --strategy zenjxl --corpus-manifest benchmarks/corpora/w44_170_varied_corpus.tsv
terminal	screenshot	1646	1062	zenjxl	9	2.5000	43387	66678	89.3220	90.6407	1.069788	1.768239	18050.228	14096.460	-34.931	-1.3187	-39.500	28.048	OK	44c8be367ca8a3918e67d3d2b62de9e0169cdee5	cargo run -p jxl-encoder --release --features 'parallel butteraugli-loop ssim2-loop' --example w44_170_cjxl_step025_sweep -- --image terminal --effort 9 --distance-min 2.5 --distance-max 2.5 --distance-step 2.5 --strategy zenjxl --corpus-manifest benchmarks/corpora/w44_170_varied_corpus.tsv
terminal	screenshot	1646	1062	zenjxl	9	2.7500	41870	64046	89.1807	89.8124	1.045198	1.946326	18401.235	13800.700	-34.625	-0.6317	-46.299	33.336	OK	44c8be367ca8a3918e67d3d2b62de9e0169cdee5	cargo run -p jxl-encoder --release --features 'parallel butteraugli-loop ssim2-loop' --example w44_170_cjxl_step025_sweep -- --image terminal --effort 9 --distance-min 2.75 --distance-max 2.75 --distance-step 2.75 --strategy zenjxl --corpus-manifest benchmarks/corpora/w44_170_varied_corpus.tsv
terminal	screenshot	1646	1062	zenjxl	9	3.0000	40989	63281	88.7886	88.1966	1.322282	1.911431	20002.110	14375.468	-35.227	0.5920	-30.822	39.141	OK	44c8be367ca8a3918e67d3d2b62de9e0169cdee5	cargo run -p jxl-encoder --release --features 'parallel butteraugli-loop ssim2-loop' --example w44_170_cjxl_step025_sweep -- --image terminal --effort 9 --distance-min 3 --distance-max 3 --distance-step 3 --strategy zenjxl --corpus-manifest benchmarks/corpora/w44_170_varied_corpus.tsv
terminal	screenshot	1646	1062	zenjxl	9	3.2500	40216	60469	85.0677	86.7223	1.359275	2.126567	19632.381	13347.241	-33.493	-1.6545	-36.081	47.089	OK	44c8be367ca8a3918e67d3d2b62de9e0169cdee5	cargo run -p jxl-encoder --release --features 'parallel butteraugli-loop ssim2-loop' --example w44_170_cjxl_step025_sweep -- --image terminal --effort 9 --distance-min 3.25 --distance-max 3.25 --distance-step 3.25 --strategy zenjxl --corpus-manifest benchmarks/corpora/w44_170_varied_corpus.tsv
terminal	screenshot	1646	1062	zenjxl	9	3.5000	39396	57000	85.2347	86.9206	1.306892	2.457351	16355.102	13836.453	-30.884	-1.6859	-46.817	18.203	OK	44c8be367ca8a3918e67d3d2b62de9e0169cdee5	cargo run -p jxl-encoder --release --features 'parallel butteraugli-loop ssim2-loop' --example w44_170_cjxl_step025_sweep -- --image terminal --effort 9 --distance-min 3.5 --distance-max 3.5 --distance-step 3.5 --strategy zenjxl --corpus-manifest benchmarks/corpora/w44_170_varied_corpus.tsv
terminal	screenshot	1646	1062	zenjxl	9	3.7500	37428	57064	84.1514	87.8132	1.624156	2.627888	18977.766	14047.329	-34.410	-3.6618	-38.195	35.099	OK	44c8be367ca8a3918e67d3d2b62de9e0169cdee5	cargo run -p jxl-encoder --release --features 'parallel butteraugli-loop ssim2-loop' --example w44_170_cjxl_step025_sweep -- --image terminal --effort 9 --distance-min 3.75 --distance-max 3.75 --distance-step 3.75 --strategy zenjxl --corpus-manifest benchmarks/corpora/w44_170_varied_corpus.tsv
terminal	screenshot	1646	1062	zenjxl	9	4.0000	36794	56011	86.1144	87.5710	1.471332	2.518214	20307.286	13759.725	-34.309	-1.4566	-41.572	47.585	OK	44c8be367ca8a3918e67d3d2b62de9e0169cdee5	cargo run -p jxl-encoder --release --features 'parallel butteraugli-loop ssim2-loop' --example w44_170_cjxl_step025_sweep -- --image terminal --effort 9 --distance-min 4 --distance-max 4 --distance-step 4 --strategy zenjxl --corpus-manifest benchmarks/corpora/w44_170_varied_corpus.tsv
terminal	screenshot	1646	1062	zenjxl	9	4.2500	34475	53976	86.6025	85.6967	1.971978	2.461889	18586.834	13780.903	-36.129	0.9057	-19.900	34.874	OK	44c8be367ca8a3918e67d3d2b62de9e0169cdee5	cargo run -p jxl-encoder --release --features 'parallel butteraugli-loop ssim2-loop' --example w44_170_cjxl_step025_sweep -- --image terminal --effort 9 --distance-min 4.25 --distance-max 4.25 --distance-step 4.25 --strategy zenjxl --corpus-manifest benchmarks/corpora/w44_170_varied_corpus.tsv
terminal	screenshot	1646	1062	zenjxl	9	4.5000	34090	56530	85.2003	84.1864	1.944611	2.762598	20299.273	14466.217	-39.696	1.0139	-29.609	40.322	OK	44c8be367ca8a3918e67d3d2b62de9e0169cdee5	cargo run -p jxl-encoder --release --features 'parallel butteraugli-loop ssim2-loop' --example w44_170_cjxl_step025_sweep -- --image terminal --effort 9 --distance-min 4.5 --distance-max 4.5 --distance-step 4.5 --strategy zenjxl --corpus-manifest benchmarks/corpora/w44_170_varied_corpus.tsv
terminal	screenshot	1646	1062	zenjxl	9	4.7500	33074	49557	85.9517	84.0609	1.808786	2.996775	18416.105	14664.807	-33.261	1.8908	-39.642	25.580	OK	44c8be367ca8a3918e67d3d2b62de9e0169cdee5	cargo run -p jxl-encoder --release --features 'parallel butteraugli-loop ssim2-loop' --example w44_170_cjxl_step025_sweep -- --image terminal --effort 9 --distance-min 4.75 --distance-max 4.75 --distance-step 4.75 --strategy zenjxl --corpus-manifest benchmarks/corpora/w44_170_varied_corpus.tsv
terminal	screenshot	1646	1062	zenjxl	9	5.0000	32033	49697	82.8135	83.0632	2.054585	3.217788	17549.999	13696.079	-35.543	-0.2497	-36.149	28.139	OK	44c8be367ca8a3918e67d3d2b62de9e0169cdee5	cargo run -p jxl-encoder --release --features 'parallel butteraugli-loop ssim2-loop' --example w44_170_cjxl_step025_sweep -- --image terminal --effort 9 --distance-min 5 --distance-max 5 --distance-step 5 --strategy zenjxl --corpus-manifest benchmarks/corpora/w44_170_varied_corpus.tsv
windows95	screenshot	640	480	zenjxl	5	0.2500	50859	71880	95.2341	95.1147	0.225708	0.214595	281.332	146.952	-29.245	0.1194	5.179	91.444	OK	44c8be367ca8a3918e67d3d2b62de9e0169cdee5	cargo run -p jxl-encoder --release --features 'parallel butteraugli-loop ssim2-loop' --example w44_170_cjxl_step025_sweep -- --image windows95 --effort 5 --distance-min 0.25 --distance-max 0.25 --distance-step 0.25 --strategy zenjxl --corpus-manifest benchmarks/corpora/w44_170_varied_corpus.tsv
windows95	screenshot	640	480	zenjxl	5	0.5000	45718	63838	93.3758	92.9436	0.755736	0.801253	327.637	184.675	-28.384	0.4323	-5.681	77.412	OK	44c8be367ca8a3918e67d3d2b62de9e0169cdee5	cargo run -p jxl-encoder --release --features 'parallel butteraugli-loop ssim2-loop' --example w44_170_cjxl_step025_sweep -- --image windows95 --effort 5 --distance-min 0.5 --distance-max 0.5 --distance-step 0.5 --strategy zenjxl --corpus-manifest benchmarks/corpora/w44_170_varied_corpus.tsv
windows95	screenshot	640	480	zenjxl	5	0.7500	53807	88016	91.0984	90.6539	1.175615	0.942736	329.010	340.188	-38.867	0.4445	24.702	-3.286	OK	44c8be367ca8a3918e67d3d2b62de9e0169cdee5	cargo run -p jxl-encoder --release --features 'parallel butteraugli-loop ssim2-loop' --example w44_170_cjxl_step025_sweep -- --image windows95 --effort 5 --distance-min 0.75 --distance-max 0.75 --distance-step 0.75 --strategy zenjxl --corpus-manifest benchmarks/corpora/w44_170_varied_corpus.tsv
windows95	screenshot	640	480	zenjxl	5	1.0000	49039	80098	89.5255	88.0681	1.282487	1.286894	348.609	305.667	-38.776	1.4574	-0.343	14.049	OK	44c8be367ca8a3918e67d3d2b62de9e0169cdee5	cargo run -p jxl-encoder --release --features 'parallel butteraugli-loop ssim2-loop' --example w44_170_cjxl_step025_sweep -- --image windows95 --effort 5 --distance-min 1 --distance-max 1 --distance-step 1 --strategy zenjxl --corpus-manifest benchmarks/corpora/w44_170_varied_corpus.tsv
windows95	screenshot	640	480	zenjxl	5	1.2500	45585	74349	87.9249	87.0201	1.427502	1.431369	416.145	254.381	-38.688	0.9048	-0.270	63.591	OK	44c8be367ca8a3918e67d3d2b62de9e0169cdee5	cargo run -p jxl-encoder --release --features 'parallel butteraugli-loop ssim2-loop' --example w44_170_cjxl_step025_sweep -- --image windows95 --effort 5 --distance-min 1.25 --distance-max 1.25 --distance-step 1.25 --strategy zenjxl --corpus-manifest benchmarks/corpora/w44_170_varied_corpus.tsv
windows95	screenshot	640	480	zenjxl	5	1.5000	42907	69526	85.6396	84.6900	1.665995	1.676672	337.551	184.098	-38.286	0.9496	-0.637	83.353	OK	44c8be367ca8a3918e67d3d2b62de9e0169cdee5	cargo run -p jxl-encoder --release --features 'parallel butteraugli-loop ssim2-loop' --example w44_170_cjxl_step025_sweep -- --image windows95 --effort 5 --distance-min 1.5 --distance-max 1.5 --distance-step 1.5 --strategy zenjxl --corpus-manifest benchmarks/corpora/w44_170_varied_corpus.tsv
windows95	screenshot	640	480	zenjxl	5	1.7500	40934	64971	83.8906	82.6353	1.774124	1.812727	368.304	257.623	-36.997	1.2553	-2.130	42.963	OK	44c8be367ca8a3918e67d3d2b62de9e0169cdee5	cargo run -p jxl-encoder --release --features 'parallel butteraugli-loop ssim2-loop' --example w44_170_cjxl_step025_sweep -- --image windows95 --effort 5 --distance-min 1.75 --distance-max 1.75 --distance-step 1.75 --strategy zenjxl --corpus-manifest benchmarks/corpora/w44_170_varied_corpus.tsv
windows95	screenshot	640	480	zenjxl	5	2.0000	47725	61657	88.0078	80.6419	1.278437	2.265735	293.011	205.183	-22.596	7.3659	-43.575	42.805	OK	44c8be367ca8a3918e67d3d2b62de9e0169cdee5	cargo run -p jxl-encoder --release --features 'parallel butteraugli-loop ssim2-loop' --example w44_170_cjxl_step025_sweep -- --image windows95 --effort 5 --distance-min 2 --distance-max 2 --distance-step 2 --strategy zenjxl --corpus-manifest benchmarks/corpora/w44_170_varied_corpus.tsv
windows95	screenshot	640	480	zenjxl	5	2.2500	45635	58952	87.3100	78.5007	1.374585	2.581627	361.252	207.569	-22.590	8.8094	-46.755	74.040	OK	44c8be367ca8a3918e67d3d2b62de9e0169cdee5	cargo run -p jxl-encoder --release --features 'parallel butteraugli-loop ssim2-loop' --example w44_170_cjxl_step025_sweep -- --image windows95 --effort 5 --distance-min 2.25 --distance-max 2.25 --distance-step 2.25 --strategy zenjxl --corpus-manifest benchmarks/corpora/w44_170_varied_corpus.tsv
windows95	screenshot	640	480	zenjxl	5	2.5000	44042	55897	85.9019	76.4155	1.515419	2.728710	280.434	373.974	-21.209	9.4864	-44.464	-25.013	OK	44c8be367ca8a3918e67d3d2b62de9e0169cdee5	cargo run -p jxl-encoder --release --features 'parallel butteraugli-loop ssim2-loop' --example w44_170_cjxl_step025_sweep -- --image windows95 --effort 5 --distance-min 2.5 --distance-max 2.5 --distance-step 2.5 --strategy zenjxl --corpus-manifest benchmarks/corpora/w44_170_varied_corpus.tsv
windows95	screenshot	640	480	zenjxl	5	2.7500	43022	54077	85.8574	74.6798	1.792849	2.864709	248.422	280.196	-20.443	11.1776	-37.416	-11.340	OK	44c8be367ca8a3918e67d3d2b62de9e0169cdee5	cargo run -p jxl-encoder --release --features 'parallel butteraugli-loop ssim2-loop' --example w44_170_cjxl_step025_sweep -- --image windows95 --effort 5 --distance-min 2.75 --distance-max 2.75 --distance-step 2.75 --strategy zenjxl --corpus-manifest benchmarks/corpora/w44_170_varied_corpus.tsv
windows95	screenshot	640	480	zenjxl	5	3.0000	41564	51456	84.8514	72.2194	1.688843	3.296352	301.950	190.243	-19.224	12.6319	-48.766	58.719	OK	44c8be367ca8a3918e67d3d2b62de9e0169cdee5	cargo run -p jxl-encoder --release --features 'parallel butteraugli-loop ssim2-loop' --example w44_170_cjxl_step025_sweep -- --image windows95 --effort 5 --distance-min 3 --distance-max 3 --distance-step 3 --strategy zenjxl --corpus-manifest benchmarks/corpora/w44_170_varied_corpus.tsv
windows95	screenshot	640	480	zenjxl	5	3.2500	40491	50065	83.4971	67.9146	1.748403	3.801375	309.283	204.004	-19.123	15.5826	-54.006	51.606	OK	44c8be367ca8a3918e67d3d2b62de9e0169cdee5	cargo run -p jxl-encoder --release --features 'parallel butteraugli-loop ssim2-loop' --example w44_170_cjxl_step025_sweep -- --image windows95 --effort 5 --distance-min 3.25 --distance-max 3.25 --distance-step 3.25 --strategy zenjxl --corpus-manifest benchmarks/corpora/w44_170_varied_corpus.tsv
windows95	screenshot	640	480	zenjxl	5	3.5000	38931	47964	81.0370	65.2379	2.059633	4.434619	275.488	215.004	-18.833	15.7991	-53.556	28.131	OK	44c8be367ca8a3918e67d3d2b62de9e0169cdee5	cargo run -p jxl-encoder --release --features 'parallel butteraugli-loop ssim2-loop' --example w44_170_cjxl_step025_sweep -- --image windows95 --effort 5 --distance-min 3.5 --distance-max 3.5 --distance-step 3.5 --strategy zenjxl --corpus-manifest benchmarks/corpora/w44_170_varied_corpus.tsv
windows95	screenshot	640	480	zenjxl	5	3.7500	37816	46248	80.2343	65.9566	2.318883	4.417483	443.949	229.834	-18.232	14.2777	-47.507	93.161	OK	44c8be367ca8a3918e67d3d2b62de9e0169cdee5	cargo run -p jxl-encoder --release --features 'parallel butteraugli-loop ssim2-loop' --example w44_170_cjxl_step025_sweep -- --image windows95 --effort 5 --distance-min 3.75 --distance-max 3.75 --distance-step 3.75 --strategy zenjxl --corpus-manifest benchmarks/corpora/w44_170_varied_corpus.tsv
windows95	screenshot	640	480	zenjxl	5	4.0000	36953	45199	77.8924	62.6742	2.612578	4.339459	394.637	293.550	-18.244	15.2182	-39.795	34.436	OK	44c8be367ca8a3918e67d3d2b62de9e0169cdee5	cargo run -p jxl-encoder --release --features 'parallel butteraugli-loop ssim2-loop' --example w44_170_cjxl_step025_sweep -- --image windows95 --effort 5 --distance-min 4 --distance-max 4 --distance-step 4 --strategy zenjxl --corpus-manifest benchmarks/corpora/w44_170_varied_corpus.tsv
windows95	screenshot	640	480	zenjxl	5	4.2500	36130	43221	78.5200	60.7363	2.610662	4.376962	289.207	236.523	-16.406	17.7837	-40.354	22.274	OK	44c8be367ca8a3918e67d3d2b62de9e0169cdee5	cargo run -p jxl-encoder --release --features 'parallel butteraugli-loop ssim2-loop' --example w44_170_cjxl_step025_sweep -- --image windows95 --effort 5 --distance-min 4.25 --distance-max 4.25 --distance-step 4.25 --strategy zenjxl --corpus-manifest benchmarks/corpora/w44_170_varied_corpus.tsv
windows95	screenshot	640	480	zenjxl	5	4.5000	35036	42293	77.0637	62.1664	2.731812	4.345753	301.455	287.848	-17.159	14.8972	-37.138	4.727	OK	44c8be367ca8a3918e67d3d2b62de9e0169cdee5	cargo run -p jxl-encoder --release --features 'parallel butteraugli-loop ssim2-loop' --example w44_170_cjxl_step025_sweep -- --image windows95 --effort 5 --distance-min 4.5 --distance-max 4.5 --distance-step 4.5 --strategy zenjxl --corpus-manifest benchmarks/corpora/w44_170_varied_corpus.tsv
windows95	screenshot	640	480	zenjxl	5	4.7500	34444	41317	76.8653	60.9912	2.864741	4.251373	371.145	266.162	-16.635	15.8741	-32.616	39.444	OK	44c8be367ca8a3918e67d3d2b62de9e0169cdee5	cargo run -p jxl-encoder --release --features 'parallel butteraugli-loop ssim2-loop' --example w44_170_cjxl_step025_sweep -- --image windows95 --effort 5 --distance-min 4.75 --distance-max 4.75 --distance-step 4.75 --strategy zenjxl --corpus-manifest benchmarks/corpora/w44_170_varied_corpus.tsv
windows95	screenshot	640	480	zenjxl	5	5.0000	33630	39995	76.0341	59.5747	2.943256	4.631609	201.891	306.528	-15.914	16.4594	-36.453	-34.136	OK	44c8be367ca8a3918e67d3d2b62de9e0169cdee5	cargo run -p jxl-encoder --release --features 'parallel butteraugli-loop ssim2-loop' --example w44_170_cjxl_step025_sweep -- --image windows95 --effort 5 --distance-min 5 --distance-max 5 --distance-step 5 --strategy zenjxl --corpus-manifest benchmarks/corpora/w44_170_varied_corpus.tsv
windows95	screenshot	640	480	zenjxl	6	0.2500	51527	72402	95.0837	95.0642	0.226745	0.225867	376.300	270.585	-28.832	0.0195	0.389	39.069	OK	44c8be367ca8a3918e67d3d2b62de9e0169cdee5	cargo run -p jxl-encoder --release --features 'parallel butteraugli-loop ssim2-loop' --example w44_170_cjxl_step025_sweep -- --image windows95 --effort 6 --distance-min 0.25 --distance-max 0.25 --distance-step 0.25 --strategy zenjxl --corpus-manifest benchmarks/corpora/w44_170_varied_corpus.tsv
windows95	screenshot	640	480	zenjxl	6	0.5000	45953	64422	93.1969	92.4615	0.753055	0.801190	316.625	475.680	-28.669	0.7354	-6.008	-33.437	OK	44c8be367ca8a3918e67d3d2b62de9e0169cdee5	cargo run -p jxl-encoder --release --features 'parallel butteraugli-loop ssim2-loop' --example w44_170_cjxl_step025_sweep -- --image windows95 --effort 6 --distance-min 0.5 --distance-max 0.5 --distance-step 0.5 --strategy zenjxl --corpus-manifest benchmarks/corpora/w44_170_varied_corpus.tsv
windows95	screenshot	640	480	zenjxl	6	0.7500	53405	87451	90.4476	90.0745	1.173663	1.166387	438.724	450.522	-38.932	0.3730	0.624	-2.619	OK	44c8be367ca8a3918e67d3d2b62de9e0169cdee5	cargo run -p jxl-encoder --release --features 'parallel butteraugli-loop ssim2-loop' --example w44_170_cjxl_step025_sweep -- --image windows95 --effort 6 --distance-min 0.75 --distance-max 0.75 --distance-step 0.75 --strategy zenjxl --corpus-manifest benchmarks/corpora/w44_170_varied_corpus.tsv
windows95	screenshot	640	480	zenjxl	6	1.0000	48893	79494	88.4695	87.3639	1.247277	1.280862	476.182	465.583	-38.495	1.1056	-2.622	2.276	OK	44c8be367ca8a3918e67d3d2b62de9e0169cdee5	cargo run -p jxl-encoder --release --features 'parallel butteraugli-loop ssim2-loop' --example w44_170_cjxl_step025_sweep -- --image windows95 --effort 6 --distance-min 1 --distance-max 1 --distance-step 1 --strategy zenjxl --corpus-manifest benchmarks/corpora/w44_170_varied_corpus.tsv
windows95	screenshot	640	480	zenjxl	6	1.2500	45269	73225	87.4140	86.7371	1.439924	1.531288	402.843	339.086	-38.178	0.6769	-5.967	18.803	OK	44c8be367ca8a3918e67d3d2b62de9e0169cdee5	cargo run -p jxl-encoder --release --features 'parallel butteraugli-loop ssim2-loop' --example w44_170_cjxl_step025_sweep -- --image windows95 --effort 6 --distance-min 1.25 --distance-max 1.25 --distance-step 1.25 --strategy zenjxl --corpus-manifest benchmarks/corpora/w44_170_varied_corpus.tsv
windows95	screenshot	640	480	zenjxl	6	1.5000	42651	68661	85.1855	84.5689	1.726009	1.820373	461.983	453.743	-37.882	0.6167	-5.184	1.816	OK	44c8be367ca8a3918e67d3d2b62de9e0169cdee5	cargo run -p jxl-encoder --release --features 'parallel butteraugli-loop ssim2-loop' --example w44_170_cjxl_step025_sweep -- --image windows95 --effort 6 --distance-min 1.5 --distance-max 1.5 --distance-step 1.5 --strategy zenjxl --corpus-manifest benchmarks/corpora/w44_170_varied_corpus.tsv
windows95	screenshot	640	480	zenjxl	6	1.7500	40735	65004	83.7634	82.5736	2.346094	2.296590	413.700	437.017	-37.335	1.1898	2.156	-5.335	OK	44c8be367ca8a3918e67d3d2b62de9e0169cdee5	cargo run -p jxl-encoder --release --features 'parallel butteraugli-loop ssim2-loop' --example w44_170_cjxl_step025_sweep -- --image windows95 --effort 6 --distance-min 1.75 --distance-max 1.75 --distance-step 1.75 --strategy zenjxl --corpus-manifest benchmarks/corpora/w44_170_varied_corpus.tsv
windows95	screenshot	640	480	zenjxl	6	2.0000	46946	61699	87.4411	80.9303	1.301221	2.291980	495.867	497.596	-23.911	6.5108	-43.227	-0.347	OK	44c8be367ca8a3918e67d3d2b62de9e0169cdee5	cargo run -p jxl-encoder --release --features 'parallel butteraugli-loop ssim2-loop' --example w44_170_cjxl_step025_sweep -- --image windows95 --effort 6 --distance-min 2 --distance-max 2 --distance-step 2 --strategy zenjxl --corpus-manifest benchmarks/corpora/w44_170_varied_corpus.tsv
windows95	screenshot	640	480	zenjxl	6	2.2500	45356	59683	87.1436	78.6093	1.513394	2.572919	461.985	447.751	-24.005	8.5343	-41.180	3.179	OK	44c8be367ca8a3918e67d3d2b62de9e0169cdee5	cargo run -p jxl-encoder --release --features 'parallel butteraugli-loop ssim2-loop' --example w44_170_cjxl_step025_sweep -- --image windows95 --effort 6 --distance-min 2.25 --distance-max 2.25 --distance-step 2.25 --strategy zenjxl --corpus-manifest benchmarks/corpora/w44_170_varied_corpus.tsv
windows95	screenshot	640	480	zenjxl	6	2.5000	43859	55889	85.6297	74.9699	1.552778	3.097809	482.785	407.035	-21.525	10.6598	-49.875	18.610	OK	44c8be367ca8a3918e67d3d2b62de9e0169cdee5	cargo run -p jxl-encoder --release --features 'parallel butteraugli-loop ssim2-loop' --example w44_170_cjxl_step025_sweep -- --image windows95 --effort 6 --distance-min 2.5 --distance-max 2.5 --distance-step 2.5 --strategy zenjxl --corpus-manifest benchmarks/corpora/w44_170_varied_corpus.tsv
windows95	screenshot	640	480	zenjxl	6	2.7500	42771	54124	85.5684	75.5978	1.638980	2.996930	526.023	389.439	-20.976	9.9706	-45.311	35.072	OK	44c8be367ca8a3918e67d3d2b62de9e0169cdee5	cargo run -p jxl-encoder --release --features 'parallel butteraugli-loop ssim2-loop' --example w44_170_cjxl_step025_sweep -- --image windows95 --effort 6 --distance-min 2.75 --distance-max 2.75 --distance-step 2.75 --strategy zenjxl --corpus-manifest benchmarks/corpora/w44_170_varied_corpus.tsv
windows95	screenshot	640	480	zenjxl	6	3.0000	41426	52015	84.8656	72.8198	1.710761	3.252741	422.688	403.268	-20.358	12.0457	-47.406	4.816	OK	44c8be367ca8a3918e67d3d2b62de9e0169cdee5	cargo run -p jxl-encoder --release --features 'parallel butteraugli-loop ssim2-loop' --example w44_170_cjxl_step025_sweep -- --image windows95 --effort 6 --distance-min 3 --distance-max 3 --distance-step 3 --strategy zenjxl --corpus-manifest benchmarks/corpora/w44_170_varied_corpus.tsv
windows95	screenshot	640	480	zenjxl	6	3.2500	40322	50599	83.4752	68.0159	1.921074	3.790740	554.317	498.490	-20.311	15.4593	-49.322	11.199	OK	44c8be367ca8a3918e67d3d2b62de9e0169cdee5	cargo run -p jxl-encoder --release --features 'parallel butteraugli-loop ssim2-loop' --example w44_170_cjxl_step025_sweep -- --image windows95 --effort 6 --distance-min 3.25 --distance-max 3.25 --distance-step 3.25 --strategy zenjxl --corpus-manifest benchmarks/corpora/w44_170_varied_corpus.tsv
windows95	screenshot	640	480	zenjxl	6	3.5000	38941	48738	81.3341	66.1983	2.057303	4.353014	292.543	334.421	-20.101	15.1357	-52.738	-12.523	OK	44c8be367ca8a3918e67d3d2b62de9e0169cdee5	cargo run -p jxl-encoder --release --features 'parallel butteraugli-loop ssim2-loop' --example w44_170_cjxl_step025_sweep -- --image windows95 --effort 6 --distance-min 3.5 --distance-max 3.5 --distance-step 3.5 --strategy zenjxl --corpus-manifest benchmarks/corpora/w44_170_varied_corpus.tsv
windows95	screenshot	640	480	zenjxl	6	3.7500	37923	47348	81.1440	67.0468	2.318589	4.097054	467.070	664.283	-19.906	14.0972	-43.408	-29.688	OK	44c8be367ca8a3918e67d3d2b62de9e0169cdee5	cargo run -p jxl-encoder --release --features 'parallel butteraugli-loop ssim2-loop' --example w44_170_cjxl_step025_sweep -- --image windows95 --effort 6 --distance-min 3.75 --distance-max 3.75 --distance-step 3.75 --strategy zenjxl --corpus-manifest benchmarks/corpora/w44_170_varied_corpus.tsv
windows95	screenshot	640	480	zenjxl	6	4.0000	37168	46216	78.2457	63.2006	2.625555	4.080546	569.353	587.801	-19.578	15.0451	-35.657	-3.138	OK	44c8be367ca8a3918e67d3d2b62de9e0169cdee5	cargo run -p jxl-encoder --release --features 'parallel butteraugli-loop ssim2-loop' --example w44_170_cjxl_step025_sweep -- --image windows95 --effort 6 --distance-min 4 --distance-max 4 --distance-step 4 --strategy zenjxl --corpus-manifest benchmarks/corpora/w44_170_varied_corpus.tsv
windows95	screenshot	640	480	zenjxl	6	4.2500	36560	43197	78.1334	59.7734	2.603534	4.252508	839.695	391.993	-15.364	18.3601	-38.777	114.212	OK	44c8be367ca8a3918e67d3d2b62de9e0169cdee5	cargo run -p jxl-encoder --release --features 'parallel butteraugli-loop ssim2-loop' --example w44_170_cjxl_step025_sweep -- --image windows95 --effort 6 --distance-min 4.25 --distance-max 4.25 --distance-step 4.25 --strategy zenjxl --corpus-manifest benchmarks/corpora/w44_170_varied_corpus.tsv
windows95	screenshot	640	480	zenjxl	6	4.5000	35605	42974	76.7743	60.1112	2.724845	4.318862	731.646	355.327	-17.148	16.6631	-36.908	105.908	OK	44c8be367ca8a3918e67d3d2b62de9e0169cdee5	cargo run -p jxl-encoder --release --features 'parallel butteraugli-loop ssim2-loop' --example w44_170_cjxl_step025_sweep -- --image windows95 --effort 6 --distance-min 4.5 --distance-max 4.5 --distance-step 4.5 --strategy zenjxl --corpus-manifest benchmarks/corpora/w44_170_varied_corpus.tsv
windows95	screenshot	640	480	zenjxl	6	4.7500	34880	41542	76.5303	61.9380	2.858770	4.310173	495.970	324.948	-16.037	14.5923	-33.674	52.630	OK	44c8be367ca8a3918e67d3d2b62de9e0169cdee5	cargo run -p jxl-encoder --release --features 'parallel butteraugli-loop ssim2-loop' --example w44_170_cjxl_step025_sweep -- --image windows95 --effort 6 --distance-min 4.75 --distance-max 4.75 --distance-step 4.75 --strategy zenjxl --corpus-manifest benchmarks/corpora/w44_170_varied_corpus.tsv
windows95	screenshot	640	480	zenjxl	6	5.0000	33985	40254	75.6411	60.5860	3.081884	4.650333	507.509	331.668	-15.574	15.0551	-33.728	53.017	OK	44c8be367ca8a3918e67d3d2b62de9e0169cdee5	cargo run -p jxl-encoder --release --features 'parallel butteraugli-loop ssim2-loop' --example w44_170_cjxl_step025_sweep -- --image windows95 --effort 6 --distance-min 5 --distance-max 5 --distance-step 5 --strategy zenjxl --corpus-manifest benchmarks/corpora/w44_170_varied_corpus.tsv
windows95	screenshot	640	480	zenjxl	7	0.2500	54155	51663	95.3255	95.4589	0.183331	0.182793	436.797	337.647	4.824	-0.1334	0.294	29.365	OK	44c8be367ca8a3918e67d3d2b62de9e0169cdee5	cargo run -p jxl-encoder --release --features 'parallel butteraugli-loop ssim2-loop' --example w44_170_cjxl_step025_sweep -- --image windows95 --effort 7 --distance-min 0.25 --distance-max 0.25 --distance-step 0.25 --strategy zenjxl --corpus-manifest benchmarks/corpora/w44_170_varied_corpus.tsv
windows95	screenshot	640	480	zenjxl	7	0.5000	48519	45869	94.0908	93.9787	0.552731	0.748572	301.993	421.571	5.777	0.1120	-26.162	-28.365	OK	44c8be367ca8a3918e67d3d2b62de9e0169cdee5	cargo run -p jxl-encoder --release --features 'parallel butteraugli-loop ssim2-loop' --example w44_170_cjxl_step025_sweep -- --image windows95 --effort 7 --distance-min 0.5 --distance-max 0.5 --distance-step 0.5 --strategy zenjxl --corpus-manifest benchmarks/corpora/w44_170_varied_corpus.tsv
windows95	screenshot	640	480	zenjxl	7	0.7500	55517	53969	91.8918	91.8878	1.173612	0.942384	334.888	636.103	2.868	0.0040	24.536	-47.353	OK	44c8be367ca8a3918e67d3d2b62de9e0169cdee5	cargo run -p jxl-encoder --release --features 'parallel butteraugli-loop ssim2-loop' --example w44_170_cjxl_step025_sweep -- --image windows95 --effort 7 --distance-min 0.75 --distance-max 0.75 --distance-step 0.75 --strategy zenjxl --corpus-manifest benchmarks/corpora/w44_170_varied_corpus.tsv
windows95	screenshot	640	480	zenjxl	7	1.0000	50690	49468	90.3974	89.9275	1.184073	1.203257	618.780	567.651	2.470	0.4699	-1.594	9.007	OK	44c8be367ca8a3918e67d3d2b62de9e0169cdee5	cargo run -p jxl-encoder --release --features 'parallel butteraugli-loop ssim2-loop' --example w44_170_cjxl_step025_sweep -- --image windows95 --effort 7 --distance-min 1 --distance-max 1 --distance-step 1 --strategy zenjxl --corpus-manifest benchmarks/corpora/w44_170_varied_corpus.tsv
windows95	screenshot	640	480	zenjxl	7	1.2500	47212	46068	88.7084	88.4137	1.350935	1.498428	443.651	624.888	2.483	0.2947	-9.843	-29.003	OK	44c8be367ca8a3918e67d3d2b62de9e0169cdee5	cargo run -p jxl-encoder --release --features 'parallel butteraugli-loop ssim2-loop' --example w44_170_cjxl_step025_sweep -- --image windows95 --effort 7 --distance-min 1.25 --distance-max 1.25 --distance-step 1.25 --strategy zenjxl --corpus-manifest benchmarks/corpora/w44_170_varied_corpus.tsv
windows95	screenshot	640	480	zenjxl	7	1.5000	44553	43210	86.6827	86.4295	1.634223	2.042932	472.469	586.144	3.108	0.2532	-20.006	-19.394	OK	44c8be367ca8a3918e67d3d2b62de9e0169cdee5	cargo run -p jxl-encoder --release --features 'parallel butteraugli-loop ssim2-loop' --example w44_170_cjxl_step025_sweep -- --image windows95 --effort 7 --distance-min 1.5 --distance-max 1.5 --distance-step 1.5 --strategy zenjxl --corpus-manifest benchmarks/corpora/w44_170_varied_corpus.tsv
windows95	screenshot	640	480	zenjxl	7	1.7500	42458	40780	84.8871	84.9985	1.999149	2.006278	425.096	510.175	4.115	-0.1114	-0.355	-16.676	OK	44c8be367ca8a3918e67d3d2b62de9e0169cdee5	cargo run -p jxl-encoder --release --features 'parallel butteraugli-loop ssim2-loop' --example w44_170_cjxl_step025_sweep -- --image windows95 --effort 7 --distance-min 1.75 --distance-max 1.75 --distance-step 1.75 --strategy zenjxl --corpus-manifest benchmarks/corpora/w44_170_varied_corpus.tsv
windows95	screenshot	640	480	zenjxl	7	2.0000	55092	39088	91.5677	83.3650	1.206949	2.092393	557.200	812.387	40.944	8.2027	-42.317	-31.412	OK	44c8be367ca8a3918e67d3d2b62de9e0169cdee5	cargo run -p jxl-encoder --release --features 'parallel butteraugli-loop ssim2-loop' --example w44_170_cjxl_step025_sweep -- --image windows95 --effort 7 --distance-min 2 --distance-max 2 --distance-step 2 --strategy zenjxl --corpus-manifest benchmarks/corpora/w44_170_varied_corpus.tsv
windows95	screenshot	640	480	zenjxl	7	2.2500	53276	38060	90.4852	82.5407	1.047969	2.491663	415.371	643.773	39.979	7.9445	-57.941	-35.479	OK	44c8be367ca8a3918e67d3d2b62de9e0169cdee5	cargo run -p jxl-encoder --release --features 'parallel butteraugli-loop ssim2-loop' --example w44_170_cjxl_step025_sweep -- --image windows95 --effort 7 --distance-min 2.25 --distance-max 2.25 --distance-step 2.25 --strategy zenjxl --corpus-manifest benchmarks/corpora/w44_170_varied_corpus.tsv
windows95	screenshot	640	480	zenjxl	7	2.5000	51553	35726	90.4506	79.4292	1.145121	2.743227	477.508	534.485	44.301	11.0213	-58.256	-10.660	OK	44c8be367ca8a3918e67d3d2b62de9e0169cdee5	cargo run -p jxl-encoder --release --features 'parallel butteraugli-loop ssim2-loop' --example w44_170_cjxl_step025_sweep -- --image windows95 --effort 7 --distance-min 2.5 --distance-max 2.5 --distance-step 2.5 --strategy zenjxl --corpus-manifest benchmarks/corpora/w44_170_varied_corpus.tsv
windows95	screenshot	640	480	zenjxl	7	2.7500	50146	33769	89.2482	78.0437	1.207313	2.895179	525.071	689.130	48.497	11.2045	-58.299	-23.807	OK	44c8be367ca8a3918e67d3d2b62de9e0169cdee5	cargo run -p jxl-encoder --release --features 'parallel butteraugli-loop ssim2-loop' --example w44_170_cjxl_step025_sweep -- --image windows95 --effort 7 --distance-min 2.75 --distance-max 2.75 --distance-step 2.75 --strategy zenjxl --corpus-manifest benchmarks/corpora/w44_170_varied_corpus.tsv
windows95	screenshot	640	480	zenjxl	7	3.0000	48432	32839	87.5187	76.1529	1.558833	3.252730	503.433	538.563	47.483	11.3658	-52.076	-6.523	OK	44c8be367ca8a3918e67d3d2b62de9e0169cdee5	cargo run -p jxl-encoder --release --features 'parallel butteraugli-loop ssim2-loop' --example w44_170_cjxl_step025_sweep -- --image windows95 --effort 7 --distance-min 3 --distance-max 3 --distance-step 3 --strategy zenjxl --corpus-manifest benchmarks/corpora/w44_170_varied_corpus.tsv
windows95	screenshot	640	480	zenjxl	7	3.2500	47304	32211	86.9014	73.9457	1.478544	3.436434	452.480	535.745	46.857	12.9556	-56.974	-15.542	OK	44c8be367ca8a3918e67d3d2b62de9e0169cdee5	cargo run -p jxl-encoder --release --features 'parallel butteraugli-loop ssim2-loop' --example w44_170_cjxl_step025_sweep -- --image windows95 --effort 7 --distance-min 3.25 --distance-max 3.25 --distance-step 3.25 --strategy zenjxl --corpus-manifest benchmarks/corpora/w44_170_varied_corpus.tsv
windows95	screenshot	640	480	zenjxl	7	3.5000	46195	30636	85.9090	72.1243	1.514591	3.464418	517.272	650.799	50.787	13.7847	-56.282	-20.517	OK	44c8be367ca8a3918e67d3d2b62de9e0169cdee5	cargo run -p jxl-encoder --release --features 'parallel butteraugli-loop ssim2-loop' --example w44_170_cjxl_step025_sweep -- --image windows95 --effort 7 --distance-min 3.5 --distance-max 3.5 --distance-step 3.5 --strategy zenjxl --corpus-manifest benchmarks/corpora/w44_170_varied_corpus.tsv
windows95	screenshot	640	480	zenjxl	7	3.7500	45159	29958	86.4422	72.6538	1.834336	4.187925	587.198	579.032	50.741	13.7884	-56.199	1.410	OK	44c8be367ca8a3918e67d3d2b62de9e0169cdee5	cargo run -p jxl-encoder --release --features 'parallel butteraugli-loop ssim2-loop' --example w44_170_cjxl_step025_sweep -- --image windows95 --effort 7 --distance-min 3.75 --distance-max 3.75 --distance-step 3.75 --strategy zenjxl --corpus-manifest benchmarks/corpora/w44_170_varied_corpus.tsv
windows95	screenshot	640	480	zenjxl	7	4.0000	43665	29083	83.4862	66.7629	1.895776	4.097602	615.858	595.154	50.139	16.7233	-53.735	3.479	OK	44c8be367ca8a3918e67d3d2b62de9e0169cdee5	cargo run -p jxl-encoder --release --features 'parallel butteraugli-loop ssim2-loop' --example w44_170_cjxl_step025_sweep -- --image windows95 --effort 7 --distance-min 4 --distance-max 4 --distance-step 4 --strategy zenjxl --corpus-manifest benchmarks/corpora/w44_170_varied_corpus.tsv
windows95	screenshot	640	480	zenjxl	7	4.2500	42891	27713	83.8381	63.8022	1.944285	4.770876	464.824	546.677	54.769	20.0359	-59.247	-14.973	OK	44c8be367ca8a3918e67d3d2b62de9e0169cdee5	cargo run -p jxl-encoder --release --features 'parallel butteraugli-loop ssim2-loop' --example w44_170_cjxl_step025_sweep -- --image windows95 --effort 7 --distance-min 4.25 --distance-max 4.25 --distance-step 4.25 --strategy zenjxl --corpus-manifest benchmarks/corpora/w44_170_varied_corpus.tsv
windows95	screenshot	640	480	zenjxl	7	4.5000	41787	27240	83.0055	64.1285	1.882305	4.309259	611.464	649.796	53.403	18.8770	-56.320	-5.899	OK	44c8be367ca8a3918e67d3d2b62de9e0169cdee5	cargo run -p jxl-encoder --release --features 'parallel butteraugli-loop ssim2-loop' --example w44_170_cjxl_step025_sweep -- --image windows95 --effort 7 --distance-min 4.5 --distance-max 4.5 --distance-step 4.5 --strategy zenjxl --corpus-manifest benchmarks/corpora/w44_170_varied_corpus.tsv
windows95	screenshot	640	480	zenjxl	7	4.7500	40952	26785	82.5554	66.9290	1.934994	4.409330	615.908	614.056	52.892	15.6264	-56.116	0.302	OK	44c8be367ca8a3918e67d3d2b62de9e0169cdee5	cargo run -p jxl-encoder --release --features 'parallel butteraugli-loop ssim2-loop' --example w44_170_cjxl_step025_sweep -- --image windows95 --effort 7 --distance-min 4.75 --distance-max 4.75 --distance-step 4.75 --strategy zenjxl --corpus-manifest benchmarks/corpora/w44_170_varied_corpus.tsv
windows95	screenshot	640	480	zenjxl	7	5.0000	40417	26163	82.1613	65.0972	1.994532	4.636072	557.788	657.582	54.482	17.0641	-56.978	-15.176	OK	44c8be367ca8a3918e67d3d2b62de9e0169cdee5	cargo run -p jxl-encoder --release --features 'parallel butteraugli-loop ssim2-loop' --example w44_170_cjxl_step025_sweep -- --image windows95 --effort 7 --distance-min 5 --distance-max 5 --distance-step 5 --strategy zenjxl --corpus-manifest benchmarks/corpora/w44_170_varied_corpus.tsv
windows95	screenshot	640	480	zenjxl	8	0.2500	50981	61959	95.0257	95.6527	0.258113	0.200893	1820.056	1361.077	-17.718	-0.6270	28.483	33.722	OK	44c8be367ca8a3918e67d3d2b62de9e0169cdee5	cargo run -p jxl-encoder --release --features 'parallel butteraugli-loop ssim2-loop' --example w44_170_cjxl_step025_sweep -- --image windows95 --effort 8 --distance-min 0.25 --distance-max 0.25 --distance-step 0.25 --strategy zenjxl --corpus-manifest benchmarks/corpora/w44_170_varied_corpus.tsv
windows95	screenshot	640	480	zenjxl	8	0.5000	45945	53534	93.7581	94.1815	0.551814	0.623475	1303.159	1536.757	-14.176	-0.4234	-11.494	-15.201	OK	44c8be367ca8a3918e67d3d2b62de9e0169cdee5	cargo run -p jxl-encoder --release --features 'parallel butteraugli-loop ssim2-loop' --example w44_170_cjxl_step025_sweep -- --image windows95 --effort 8 --distance-min 0.5 --distance-max 0.5 --distance-step 0.5 --strategy zenjxl --corpus-manifest benchmarks/corpora/w44_170_varied_corpus.tsv
windows95	screenshot	640	480	zenjxl	8	0.7500	52684	66868	91.5554	92.6311	1.067563	0.902210	1582.806	1878.296	-21.212	-1.0757	18.328	-15.732	OK	44c8be367ca8a3918e67d3d2b62de9e0169cdee5	cargo run -p jxl-encoder --release --features 'parallel butteraugli-loop ssim2-loop' --example w44_170_cjxl_step025_sweep -- --image windows95 --effort 8 --distance-min 0.75 --distance-max 0.75 --distance-step 0.75 --strategy zenjxl --corpus-manifest benchmarks/corpora/w44_170_varied_corpus.tsv
windows95	screenshot	640	480	zenjxl	8	1.0000	47509	59890	89.5822	90.9376	1.127113	1.585219	1793.334	2044.794	-20.673	-1.3554	-28.899	-12.298	OK	44c8be367ca8a3918e67d3d2b62de9e0169cdee5	cargo run -p jxl-encoder --release --features 'parallel butteraugli-loop ssim2-loop' --example w44_170_cjxl_step025_sweep -- --image windows95 --effort 8 --distance-min 1 --distance-max 1 --distance-step 1 --strategy zenjxl --corpus-manifest benchmarks/corpora/w44_170_varied_corpus.tsv
windows95	screenshot	640	480	zenjxl	8	1.2500	44047	53865	87.5006	88.1574	1.580667	1.823218	2165.735	2013.864	-18.227	-0.6567	-13.303	7.541	OK	44c8be367ca8a3918e67d3d2b62de9e0169cdee5	cargo run -p jxl-encoder --release --features 'parallel butteraugli-loop ssim2-loop' --example w44_170_cjxl_step025_sweep -- --image windows95 --effort 8 --distance-min 1.25 --distance-max 1.25 --distance-step 1.25 --strategy zenjxl --corpus-manifest benchmarks/corpora/w44_170_varied_corpus.tsv
windows95	screenshot	640	480	zenjxl	8	1.5000	41519	49953	85.9144	86.2767	1.760085	1.924005	2001.807	1836.410	-16.884	-0.3623	-8.520	9.007	OK	44c8be367ca8a3918e67d3d2b62de9e0169cdee5	cargo run -p jxl-encoder --release --features 'parallel butteraugli-loop ssim2-loop' --example w44_170_cjxl_step025_sweep -- --image windows95 --effort 8 --distance-min 1.5 --distance-max 1.5 --distance-step 1.5 --strategy zenjxl --corpus-manifest benchmarks/corpora/w44_170_varied_corpus.tsv
windows95	screenshot	640	480	zenjxl	8	1.7500	39276	46815	84.2721	83.9624	2.191227	2.351449	1991.270	1730.533	-16.104	0.3096	-6.814	15.067	OK	44c8be367ca8a3918e67d3d2b62de9e0169cdee5	cargo run -p jxl-encoder --release --features 'parallel butteraugli-loop ssim2-loop' --example w44_170_cjxl_step025_sweep -- --image windows95 --effort 8 --distance-min 1.75 --distance-max 1.75 --distance-step 1.75 --strategy zenjxl --corpus-manifest benchmarks/corpora/w44_170_varied_corpus.tsv
windows95	screenshot	640	480	zenjxl	8	2.0000	49974	44807	89.2894	82.1035	1.312332	2.552326	1808.812	1572.266	11.532	7.1860	-48.583	15.045	OK	44c8be367ca8a3918e67d3d2b62de9e0169cdee5	cargo run -p jxl-encoder --release --features 'parallel butteraugli-loop ssim2-loop' --example w44_170_cjxl_step025_sweep -- --image windows95 --effort 8 --distance-min 2 --distance-max 2 --distance-step 2 --strategy zenjxl --corpus-manifest benchmarks/corpora/w44_170_varied_corpus.tsv
windows95	screenshot	640	480	zenjxl	8	2.2500	48356	43435	89.6358	81.9491	1.130708	2.881781	2198.418	1691.450	11.330	7.6866	-60.764	29.972	OK	44c8be367ca8a3918e67d3d2b62de9e0169cdee5	cargo run -p jxl-encoder --release --features 'parallel butteraugli-loop ssim2-loop' --example w44_170_cjxl_step025_sweep -- --image windows95 --effort 8 --distance-min 2.25 --distance-max 2.25 --distance-step 2.25 --strategy zenjxl --corpus-manifest benchmarks/corpora/w44_170_varied_corpus.tsv
windows95	screenshot	640	480	zenjxl	8	2.5000	45992	40725	86.9309	78.4244	1.307760	3.181775	2121.617	1852.388	12.933	8.5065	-58.898	14.534	OK	44c8be367ca8a3918e67d3d2b62de9e0169cdee5	cargo run -p jxl-encoder --release --features 'parallel butteraugli-loop ssim2-loop' --example w44_170_cjxl_step025_sweep -- --image windows95 --effort 8 --distance-min 2.5 --distance-max 2.5 --distance-step 2.5 --strategy zenjxl --corpus-manifest benchmarks/corpora/w44_170_varied_corpus.tsv
windows95	screenshot	640	480	zenjxl	8	2.7500	44369	37711	86.1595	77.0446	1.376672	3.510948	1298.592	1478.010	17.655	9.1149	-60.789	-12.139	OK	44c8be367ca8a3918e67d3d2b62de9e0169cdee5	cargo run -p jxl-encoder --release --features 'parallel butteraugli-loop ssim2-loop' --example w44_170_cjxl_step025_sweep -- --image windows95 --effort 8 --distance-min 2.75 --distance-max 2.75 --distance-step 2.75 --strategy zenjxl --corpus-manifest benchmarks/corpora/w44_170_varied_corpus.tsv
windows95	screenshot	640	480	zenjxl	8	3.0000	43081	37665	85.9003	75.1901	1.501004	3.285387	1810.912	1671.769	14.379	10.7102	-54.313	8.323	OK	44c8be367ca8a3918e67d3d2b62de9e0169cdee5	cargo run -p jxl-encoder --release --features 'parallel butteraugli-loop ssim2-loop' --example w44_170_cjxl_step025_sweep -- --image windows95 --effort 8 --distance-min 3 --distance-max 3 --distance-step 3 --strategy zenjxl --corpus-manifest benchmarks/corpora/w44_170_varied_corpus.tsv
windows95	screenshot	640	480	zenjxl	8	3.2500	41781	35948	85.1247	72.1532	1.527377	3.508366	1882.417	1750.900	16.226	12.9715	-56.465	7.511	OK	44c8be367ca8a3918e67d3d2b62de9e0169cdee5	cargo run -p jxl-encoder --release --features 'parallel butteraugli-loop ssim2-loop' --example w44_170_cjxl_step025_sweep -- --image windows95 --effort 8 --distance-min 3.25 --distance-max 3.25 --distance-step 3.25 --strategy zenjxl --corpus-manifest benchmarks/corpora/w44_170_varied_corpus.tsv
windows95	screenshot	640	480	zenjxl	8	3.5000	40576	34527	84.5616	70.9800	1.784781	3.973416	1755.211	1671.323	17.520	13.5816	-55.082	5.019	OK	44c8be367ca8a3918e67d3d2b62de9e0169cdee5	cargo run -p jxl-encoder --release --features 'parallel butteraugli-loop ssim2-loop' --example w44_170_cjxl_step025_sweep -- --image windows95 --effort 8 --distance-min 3.5 --distance-max 3.5 --distance-step 3.5 --strategy zenjxl --corpus-manifest benchmarks/corpora/w44_170_varied_corpus.tsv
windows95	screenshot	640	480	zenjxl	8	3.7500	39832	33248	82.7376	70.6561	1.885873	4.689222	1834.993	1850.073	19.803	12.0815	-59.783	-0.815	OK	44c8be367ca8a3918e67d3d2b62de9e0169cdee5	cargo run -p jxl-encoder --release --features 'parallel butteraugli-loop ssim2-loop' --example w44_170_cjxl_step025_sweep -- --image windows95 --effort 8 --distance-min 3.75 --distance-max 3.75 --distance-step 3.75 --strategy zenjxl --corpus-manifest benchmarks/corpora/w44_170_varied_corpus.tsv
windows95	screenshot	640	480	zenjxl	8	4.0000	42970	32098	84.0002	66.2369	1.714201	4.138937	2265.347	2342.827	33.871	17.7633	-58.584	-3.307	OK	44c8be367ca8a3918e67d3d2b62de9e0169cdee5	cargo run -p jxl-encoder --release --features 'parallel butteraugli-loop ssim2-loop' --example w44_170_cjxl_step025_sweep -- --image windows95 --effort 8 --distance-min 4 --distance-max 4 --distance-step 4 --strategy zenjxl --corpus-manifest benchmarks/corpora/w44_170_varied_corpus.tsv
windows95	screenshot	640	480	zenjxl	8	4.2500	41846	30547	83.2976	62.3329	1.838596	4.528544	1746.228	1961.576	36.989	20.9647	-59.400	-10.978	OK	44c8be367ca8a3918e67d3d2b62de9e0169cdee5	cargo run -p jxl-encoder --release --features 'parallel butteraugli-loop ssim2-loop' --example w44_170_cjxl_step025_sweep -- --image windows95 --effort 8 --distance-min 4.25 --distance-max 4.25 --distance-step 4.25 --strategy zenjxl --corpus-manifest benchmarks/corpora/w44_170_varied_corpus.tsv
windows95	screenshot	640	480	zenjxl	8	4.5000	40964	29556	84.0916	63.2252	2.035622	4.876518	1887.176	2274.490	38.598	20.8664	-58.257	-17.029	OK	44c8be367ca8a3918e67d3d2b62de9e0169cdee5	cargo run -p jxl-encoder --release --features 'parallel butteraugli-loop ssim2-loop' --example w44_170_cjxl_step025_sweep -- --image windows95 --effort 8 --distance-min 4.5 --distance-max 4.5 --distance-step 4.5 --strategy zenjxl --corpus-manifest benchmarks/corpora/w44_170_varied_corpus.tsv
windows95	screenshot	640	480	zenjxl	8	4.7500	40552	28563	82.2576	63.6779	2.276009	5.326468	2280.093	2046.616	41.974	18.5797	-57.270	11.408	OK	44c8be367ca8a3918e67d3d2b62de9e0169cdee5	cargo run -p jxl-encoder --release --features 'parallel butteraugli-loop ssim2-loop' --example w44_170_cjxl_step025_sweep -- --image windows95 --effort 8 --distance-min 4.75 --distance-max 4.75 --distance-step 4.75 --strategy zenjxl --corpus-manifest benchmarks/corpora/w44_170_varied_corpus.tsv
windows95	screenshot	640	480	zenjxl	8	5.0000	39149	28114	81.8335	62.0756	2.176954	5.094805	1721.222	1871.581	39.251	19.7580	-57.271	-8.034	OK	44c8be367ca8a3918e67d3d2b62de9e0169cdee5	cargo run -p jxl-encoder --release --features 'parallel butteraugli-loop ssim2-loop' --example w44_170_cjxl_step025_sweep -- --image windows95 --effort 8 --distance-min 5 --distance-max 5 --distance-step 5 --strategy zenjxl --corpus-manifest benchmarks/corpora/w44_170_varied_corpus.tsv
windows95	screenshot	640	480	zenjxl	9	0.2500	45650	60877	95.0396	95.7157	0.230186	0.200889	2275.940	2757.525	-25.013	-0.6761	14.583	-17.464	OK	44c8be367ca8a3918e67d3d2b62de9e0169cdee5	cargo run -p jxl-encoder --release --features 'parallel butteraugli-loop ssim2-loop' --example w44_170_cjxl_step025_sweep -- --image windows95 --effort 9 --distance-min 0.25 --distance-max 0.25 --distance-step 0.25 --strategy zenjxl --corpus-manifest benchmarks/corpora/w44_170_varied_corpus.tsv
windows95	screenshot	640	480	zenjxl	9	0.5000	44060	53403	93.7424	94.1362	0.505159	0.505317	2447.995	2337.137	-17.495	-0.3938	-0.031	4.743	OK	44c8be367ca8a3918e67d3d2b62de9e0169cdee5	cargo run -p jxl-encoder --release --features 'parallel butteraugli-loop ssim2-loop' --example w44_170_cjxl_step025_sweep -- --image windows95 --effort 9 --distance-min 0.5 --distance-max 0.5 --distance-step 0.5 --strategy zenjxl --corpus-manifest benchmarks/corpora/w44_170_varied_corpus.tsv
windows95	screenshot	640	480	zenjxl	9	0.7500	53591	68093	91.8451	92.7198	1.053105	0.920750	2871.325	2681.850	-21.297	-0.8746	14.375	7.065	OK	44c8be367ca8a3918e67d3d2b62de9e0169cdee5	cargo run -p jxl-encoder --release --features 'parallel butteraugli-loop ssim2-loop' --example w44_170_cjxl_step025_sweep -- --image windows95 --effort 9 --distance-min 0.75 --distance-max 0.75 --distance-step 0.75 --strategy zenjxl --corpus-manifest benchmarks/corpora/w44_170_varied_corpus.tsv
windows95	screenshot	640	480	zenjxl	9	1.0000	48163	62129	89.8881	91.0861	1.116466	0.996182	2698.778	2420.904	-22.479	-1.1979	12.074	11.478	OK	44c8be367ca8a3918e67d3d2b62de9e0169cdee5	cargo run -p jxl-encoder --release --features 'parallel butteraugli-loop ssim2-loop' --example w44_170_cjxl_step025_sweep -- --image windows95 --effort 9 --distance-min 1 --distance-max 1 --distance-step 1 --strategy zenjxl --corpus-manifest benchmarks/corpora/w44_170_varied_corpus.tsv
windows95	screenshot	640	480	zenjxl	9	1.2500	44564	57034	87.7482	90.0062	1.268670	1.255807	2414.579	2475.648	-21.864	-2.2580	1.024	-2.467	OK	44c8be367ca8a3918e67d3d2b62de9e0169cdee5	cargo run -p jxl-encoder --release --features 'parallel butteraugli-loop ssim2-loop' --example w44_170_cjxl_step025_sweep -- --image windows95 --effort 9 --distance-min 1.25 --distance-max 1.25 --distance-step 1.25 --strategy zenjxl --corpus-manifest benchmarks/corpora/w44_170_varied_corpus.tsv
windows95	screenshot	640	480	zenjxl	9	1.5000	42029	51754	86.1628	86.8681	1.558265	1.822344	2145.955	2503.023	-18.791	-0.7053	-14.491	-14.265	OK	44c8be367ca8a3918e67d3d2b62de9e0169cdee5	cargo run -p jxl-encoder --release --features 'parallel butteraugli-loop ssim2-loop' --example w44_170_cjxl_step025_sweep -- --image windows95 --effort 9 --distance-min 1.5 --distance-max 1.5 --distance-step 1.5 --strategy zenjxl --corpus-manifest benchmarks/corpora/w44_170_varied_corpus.tsv
windows95	screenshot	640	480	zenjxl	9	1.7500	39644	48037	84.5457	85.3185	1.729370	2.098309	2879.088	2919.872	-17.472	-0.7728	-17.583	-1.397	OK	44c8be367ca8a3918e67d3d2b62de9e0169cdee5	cargo run -p jxl-encoder --release --features 'parallel butteraugli-loop ssim2-loop' --example w44_170_cjxl_step025_sweep -- --image windows95 --effort 9 --distance-min 1.75 --distance-max 1.75 --distance-step 1.75 --strategy zenjxl --corpus-manifest benchmarks/corpora/w44_170_varied_corpus.tsv
windows95	screenshot	640	480	zenjxl	9	2.0000	50675	45911	89.2894	83.2384	1.312332	2.353524	3030.362	2485.285	10.377	6.0511	-44.240	21.932	OK	44c8be367ca8a3918e67d3d2b62de9e0169cdee5	cargo run -p jxl-encoder --release --features 'parallel butteraugli-loop ssim2-loop' --example w44_170_cjxl_step025_sweep -- --image windows95 --effort 9 --distance-min 2 --distance-max 2 --distance-step 2 --strategy zenjxl --corpus-manifest benchmarks/corpora/w44_170_varied_corpus.tsv
windows95	screenshot	640	480	zenjxl	9	2.2500	49138	44396	89.6358	81.9972	1.130708	2.307857	2591.769	2873.442	10.681	7.6386	-51.006	-9.803	OK	44c8be367ca8a3918e67d3d2b62de9e0169cdee5	cargo run -p jxl-encoder --release --features 'parallel butteraugli-loop ssim2-loop' --example w44_170_cjxl_step025_sweep -- --image windows95 --effort 9 --distance-min 2.25 --distance-max 2.25 --distance-step 2.25 --strategy zenjxl --corpus-manifest benchmarks/corpora/w44_170_varied_corpus.tsv
windows95	screenshot	640	480	zenjxl	9	2.5000	46677	41618	86.9309	78.9263	1.307760	2.797130	2849.529	2846.981	12.156	8.0046	-53.246	0.090	OK	44c8be367ca8a3918e67d3d2b62de9e0169cdee5	cargo run -p jxl-encoder --release --features 'parallel butteraugli-loop ssim2-loop' --example w44_170_cjxl_step025_sweep -- --image windows95 --effort 9 --distance-min 2.5 --distance-max 2.5 --distance-step 2.5 --strategy zenjxl --corpus-manifest benchmarks/corpora/w44_170_varied_corpus.tsv
windows95	screenshot	640	480	zenjxl	9	2.7500	45018	38582	86.1595	77.0867	1.376672	3.063998	2780.875	3106.055	16.681	9.0728	-55.069	-10.469	OK	44c8be367ca8a3918e67d3d2b62de9e0169cdee5	cargo run -p jxl-encoder --release --features 'parallel butteraugli-loop ssim2-loop' --example w44_170_cjxl_step025_sweep -- --image windows95 --effort 9 --distance-min 2.75 --distance-max 2.75 --distance-step 2.75 --strategy zenjxl --corpus-manifest benchmarks/corpora/w44_170_varied_corpus.tsv
windows95	screenshot	640	480	zenjxl	9	3.0000	43633	38248	85.9003	75.2622	1.501004	3.121769	2630.032	2442.123	14.079	10.6381	-51.918	7.694	OK	44c8be367ca8a3918e67d3d2b62de9e0169cdee5	cargo run -p jxl-encoder --release --features 'parallel butteraugli-loop ssim2-loop' --example w44_170_cjxl_step025_sweep -- --image windows95 --effort 9 --distance-min 3 --distance-max 3 --distance-step 3 --strategy zenjxl --corpus-manifest benchmarks/corpora/w44_170_varied_corpus.tsv
windows95	screenshot	640	480	zenjxl	9	3.2500	42408	36635	85.1247	71.9937	1.527377	3.613052	2592.466	2192.797	15.758	13.1310	-57.726	18.226	OK	44c8be367ca8a3918e67d3d2b62de9e0169cdee5	cargo run -p jxl-encoder --release --features 'parallel butteraugli-loop ssim2-loop' --example w44_170_cjxl_step025_sweep -- --image windows95 --effort 9 --distance-min 3.25 --distance-max 3.25 --distance-step 3.25 --strategy zenjxl --corpus-manifest benchmarks/corpora/w44_170_varied_corpus.tsv
windows95	screenshot	640	480	zenjxl	9	3.5000	40964	35378	84.5616	69.7273	1.784781	3.844091	2056.809	2278.002	15.789	14.8342	-53.571	-9.710	OK	44c8be367ca8a3918e67d3d2b62de9e0169cdee5	cargo run -p jxl-encoder --release --features 'parallel butteraugli-loop ssim2-loop' --example w44_170_cjxl_step025_sweep -- --image windows95 --effort 9 --distance-min 3.5 --distance-max 3.5 --distance-step 3.5 --strategy zenjxl --corpus-manifest benchmarks/corpora/w44_170_varied_corpus.tsv
windows95	screenshot	640	480	zenjxl	9	3.7500	40303	33813	82.7376	70.3260	1.885873	3.722266	1862.609	2301.271	19.194	12.4116	-49.335	-19.062	OK	44c8be367ca8a3918e67d3d2b62de9e0169cdee5	cargo run -p jxl-encoder --release --features 'parallel butteraugli-loop ssim2-loop' --example w44_170_cjxl_step025_sweep -- --image windows95 --effort 9 --distance-min 3.75 --distance-max 3.75 --distance-step 3.75 --strategy zenjxl --corpus-manifest benchmarks/corpora/w44_170_varied_corpus.tsv
windows95	screenshot	640	480	zenjxl	9	4.0000	38949	32824	81.9272	69.1109	2.330594	3.790632	2164.713	2924.007	18.660	12.8163	-38.517	-25.968	OK	44c8be367ca8a3918e67d3d2b62de9e0169cdee5	cargo run -p jxl-encoder --release --features 'parallel butteraugli-loop ssim2-loop' --example w44_170_cjxl_step025_sweep -- --image windows95 --effort 9 --distance-min 4 --distance-max 4 --distance-step 4 --strategy zenjxl --corpus-manifest benchmarks/corpora/w44_170_varied_corpus.tsv
windows95	screenshot	640	480	zenjxl	9	4.2500	38260	31360	81.2874	62.3975	2.170469	4.340985	2228.549	2462.463	22.003	18.8899	-50.001	-9.499	OK	44c8be367ca8a3918e67d3d2b62de9e0169cdee5	cargo run -p jxl-encoder --release --features 'parallel butteraugli-loop ssim2-loop' --example w44_170_cjxl_step025_sweep -- --image windows95 --effort 9 --distance-min 4.25 --distance-max 4.25 --distance-step 4.25 --strategy zenjxl --corpus-manifest benchmarks/corpora/w44_170_varied_corpus.tsv
windows95	screenshot	640	480	zenjxl	9	4.5000	37059	30258	81.7870	62.5791	2.358263	4.445107	2164.291	2738.741	22.477	19.2079	-46.947	-20.975	OK	44c8be367ca8a3918e67d3d2b62de9e0169cdee5	cargo run -p jxl-encoder --release --features 'parallel butteraugli-loop ssim2-loop' --example w44_170_cjxl_step025_sweep -- --image windows95 --effort 9 --distance-min 4.5 --distance-max 4.5 --distance-step 4.5 --strategy zenjxl --corpus-manifest benchmarks/corpora/w44_170_varied_corpus.tsv
windows95	screenshot	640	480	zenjxl	9	4.7500	36896	29471	80.0380	63.4669	2.320256	4.632644	1911.698	2554.943	25.194	16.5711	-49.915	-25.176	OK	44c8be367ca8a3918e67d3d2b62de9e0169cdee5	cargo run -p jxl-encoder --release --features 'parallel butteraugli-loop ssim2-loop' --example w44_170_cjxl_step025_sweep -- --image windows95 --effort 9 --distance-min 4.75 --distance-max 4.75 --distance-step 4.75 --strategy zenjxl --corpus-manifest benchmarks/corpora/w44_170_varied_corpus.tsv
windows95	screenshot	640	480	zenjxl	9	5.0000	35569	28838	79.3322	62.7356	2.505191	5.319215	1916.043	2225.124	23.341	16.5966	-52.903	-13.891	OK	44c8be367ca8a3918e67d3d2b62de9e0169cdee5	cargo run -p jxl-encoder --release --features 'parallel butteraugli-loop ssim2-loop' --example w44_170_cjxl_step025_sweep -- --image windows95 --effort 9 --distance-min 5 --distance-max 5 --distance-step 5 --strategy zenjxl --corpus-manifest benchmarks/corpora/w44_170_varied_corpus.tsv
