image	class	strategy	effort	distance	ours_bytes_base	ours_bytes_new	delta_bytes_abs	delta_bytes_pct_base	delta_bytes_pct_new	delta_delta_bytes_pct	ours_ssim2_base	ours_ssim2_new	delta_ssim2_base	delta_ssim2_new	delta_delta_ssim2	delta_bfly_pct_base	delta_bfly_pct_new	delta_delta_bfly_pct	ours_ms_base	ours_ms_new	ms_speedup_ratio	delta_ms_pct_base	delta_ms_pct_new	delta_delta_ms_pct
1025469	cid22	zenjxl	5	0.25	104790	104912	122	-0.378	-0.262	0.11599999999999999	95.0271	95.0271	0.0165	0.0165	0.0	-3.785	-3.785	0.0	1096.746	282.313	3.8848582955797295	934.802	41.638	-893.164
1025469	cid22	zenjxl	5	0.5	64984	65083	99	0.091	0.243	0.152	92.4751	92.4751	-0.1363	-0.1363	0.0	0.753	0.753	0.0	938.201	137.547	6.820948475793729	500.692	-44.767	-545.4590000000001
1025469	cid22	zenjxl	5	0.75	46622	46799	177	-0.51	-0.132	0.378	89.9236	89.9236	-0.1384	-0.1384	0.0	-1.236	-1.236	0.0	941.155	135.504	6.9455883221159525	489.567	-63.488	-553.0550000000001
1025469	cid22	zenjxl	5	1.0	37823	38082	259	-0.492	0.189	0.681	87.7939	87.7939	-0.3181	-0.3181	0.0	0.203	0.203	0.0	961.109	140.526	6.83936780382278	527.553	-29.452	-557.005
1025469	cid22	zenjxl	5	1.25	32871	33199	328	1.479	2.491	1.012	85.004	85.004	-0.2428	-0.2428	0.0	1.137	1.137	0.0	841.72	147.881	5.691873871558888	619.479	-63.346	-682.825
1025469	cid22	zenjxl	5	1.5	27917	28256	339	-0.74	0.466	1.206	82.9238	82.9238	-0.071	-0.071	0.0	-6.143	-6.143	0.0	804.534	156.933	5.126608170365698	531.137	-53.437	-584.574
1025469	cid22	zenjxl	5	1.75	25009	25309	300	0.108	1.309	1.2009999999999998	80.5259	80.5259	-0.083	-0.083	0.0	2.069	2.069	0.0	847.079	169.383	5.000968219951234	522.444	-34.74	-557.184
1025469	cid22	zenjxl	5	2.0	22317	22702	385	-0.433	1.285	1.718	78.3599	78.3599	-0.097	-0.097	0.0	16.188	16.188	0.0	799.394	146.171	5.468896019046186	582.346	-52.08	-634.426
1025469	cid22	zenjxl	5	2.25	20282	20610	328	-0.31	1.303	1.613	76.9345	76.9345	0.3638	0.3638	0.0	0.876	0.876	0.0	734.8	131.887	5.571436153677011	403.939	-25.117	-429.05600000000004
1025469	cid22	zenjxl	5	2.5	18556	18879	323	-1.077	0.645	1.722	74.5227	74.5227	-0.0538	-0.0538	0.0	2.579	2.579	0.0	722.048	137.902	5.2359501675102615	416.571	-18.402	-434.973
1025469	cid22	zenjxl	5	2.75	16900	17259	359	-2.655	-0.588	2.0669999999999997	72.8211	72.8211	-0.376	-0.376	0.0	0.474	0.474	0.0	707.85	106.729	6.632218047578447	348.369	-53.263	-401.632
1025469	cid22	zenjxl	5	3.0	15805	16121	316	-2.009	-0.05	1.9589999999999999	70.6548	70.6548	-0.2932	-0.2932	0.0	-4.022	-4.022	0.0	715.346	130.082	5.49919281683861	558.982	-68.213	-627.1949999999999
1025469	cid22	zenjxl	5	3.25	15024	15370	346	-0.02	2.283	2.303	69.1921	69.1921	-0.479	-0.479	0.0	-1.295	-1.295	0.0	697.733	103.352	6.751035296849601	425.873	-72.515	-498.388
1025469	cid22	zenjxl	5	3.5	14225	14589	364	1.448	4.044	2.5959999999999996	66.9595	66.9595	-0.3523	-0.3523	0.0	-2.892	-2.892	0.0	656.463	159.579	4.11371797040964	484.052	-58.154	-542.206
1025469	cid22	zenjxl	5	3.75	12925	13303	378	-3.147	-0.315	2.832	65.4357	65.4357	-0.2791	-0.2791	0.0	-3.727	-3.727	0.0	713.894	162.103	4.403953042201563	426.785	-57.187	-483.97200000000004
1025469	cid22	zenjxl	5	4.0	12677	13047	370	0.779	3.72	2.9410000000000003	61.1442	61.1442	-0.5031	-0.5031	0.0	-8.775	-8.775	0.0	686.032	142.907	4.800548608535621	690.072	-0.451	-690.523
1025469	cid22	zenjxl	5	4.25	11957	12329	372	-1.71	1.348	3.058	59.0398	59.0398	0.5431	0.5431	0.0	-0.128	-0.128	0.0	647.253	129.335	5.004469014574554	287.702	-37.758	-325.46
1025469	cid22	zenjxl	5	4.5	11023	11401	378	-4.098	-0.809	3.2889999999999997	57.1413	57.1413	0.0363	0.0363	0.0	-0.637	-0.637	0.0	663.112	116.189	5.70718398471456	584.941	-66.114	-651.0550000000001
1025469	cid22	zenjxl	5	4.75	10612	10946	334	-4.129	-1.111	3.018	55.2332	55.2332	-0.3127	-0.3127	0.0	-4.745	-4.745	0.0	632.913	129.398	4.891211610689501	420.52	-61.111	-481.631
1025469	cid22	zenjxl	5	5.0	10517	10876	359	-0.802	2.584	3.386	53.9496	53.9496	-0.2028	-0.2028	0.0	0.478	0.478	0.0	656.851	130.426	5.036196770582553	500.307	-17.326	-517.633
1025469	cid22	zenjxl	6	0.25	104123	104244	121	-0.407	-0.292	0.11499999999999999	95.0805	95.0805	0.0284	0.0284	0.0	-4.228	-4.228	0.0	1163.799	382.914	3.03932214544258	867.84	-4.285	-872.125
1025469	cid22	zenjxl	6	0.5	64425	64453	28	0.241	0.285	0.043999999999999984	92.4978	92.4978	-0.1227	-0.1227	0.0	-0.63	-0.63	0.0	1018.668	216.909	4.696291993416594	516.373	-45.033	-561.4060000000001
1025469	cid22	zenjxl	6	0.75	46652	46852	200	0.342	0.772	0.43	90.0578	90.0578	-0.0524	-0.0524	0.0	-1.115	-1.115	0.0	1074.557	215.727	4.9810964784194836	347.872	-55.388	-403.26
1025469	cid22	zenjxl	6	1.0	37799	38108	309	0.231	1.05	0.8190000000000001	87.9075	87.9075	-0.0687	-0.0687	0.0	-0.123	-0.123	0.0	973.663	210.081	4.634702805108506	318.377	1.248	-317.129
1025469	cid22	zenjxl	6	1.25	32293	32608	315	0.749	1.732	0.983	85.3058	85.3058	-0.554	-0.554	0.0	1.969	1.969	0.0	903.745	268.886	3.361071234649628	216.01	-2.768	-218.778
1025469	cid22	zenjxl	6	1.5	28170	28490	320	0.787	1.932	1.145	83.2121	83.2121	-0.3905	-0.3905	0.0	-1.113	-1.113	0.0	926.924	204.01	4.5435223763541	223.935	-58.015	-281.95
1025469	cid22	zenjxl	6	1.75	24849	25142	293	-1.016	0.151	1.167	81.0425	81.0425	-0.1278	-0.1278	0.0	4.676	4.676	0.0	865.983	310.928	2.785156048988833	261.51	-35.237	-296.747
1025469	cid22	zenjxl	6	2.0	22870	23197	327	0.497	1.933	1.436	78.9254	78.9254	-0.4818	-0.4818	0.0	2.9	2.9	0.0	881.037	179.243	4.9153216583074375	295.005	-18.218	-313.223
1025469	cid22	zenjxl	6	2.25	20684	21003	319	-0.111	1.429	1.54	77.4448	77.4448	0.1619	0.1619	0.0	-1.486	-1.486	0.0	838.89	256.706	3.267901802061502	370.099	-7.691	-377.78999999999996
1025469	cid22	zenjxl	6	2.5	18938	19289	351	-1.19	0.642	1.8319999999999999	75.3965	75.3965	-0.4942	-0.4942	0.0	-2.704	-2.704	0.0	966.49	249.815	3.868822928967436	314.397	-14.18	-328.577
1025469	cid22	zenjxl	6	2.75	17368	17688	320	-1.892	-0.085	1.807	73.7838	73.7838	-0.2288	-0.2288	0.0	-9.53	-9.53	0.0	849.689	246.304	3.449757210601533	269.671	-37.662	-307.33299999999997
1025469	cid22	zenjxl	6	3.0	16335	16663	328	-1.537	0.44	1.9769999999999999	71.6956	71.6956	-0.7136	-0.7136	0.0	4.597	4.597	0.0	805.535	207.304	3.8857667965885847	477.357	-3.795	-481.15200000000004
1025469	cid22	zenjxl	6	3.25	15740	16068	328	1.758	3.879	2.121	70.1347	70.1347	-0.6434	-0.6434	0.0	2.313	2.313	0.0	760.795	207.135	3.6729427667946024	398.17	-34.338	-432.50800000000004
1025469	cid22	zenjxl	6	3.5	14742	15110	368	0.772	3.288	2.516	68.2441	68.2441	-0.3275	-0.3275	0.0	1.474	1.474	0.0	706.265	186.737	3.782137444641394	162.867	-50.723	-213.58999999999997
1025469	cid22	zenjxl	6	3.75	13605	13949	344	-1.826	0.657	2.483	66.7936	66.7936	-0.3802	-0.3802	0.0	-2.212	-2.212	0.0	766.796	284.252	2.697592277275094	381.157	-33.629	-414.786
1025469	cid22	zenjxl	6	4.0	13262	13615	353	-0.748	1.893	2.641	65.2679	65.2679	-0.3286	-0.3286	0.0	19.997	19.997	0.0	817.798	447.381	1.8279676606740118	160.976	57.462	-103.514
1025469	cid22	zenjxl	6	4.25	12701	13072	371	-2.014	0.849	2.8629999999999995	62.9574	62.9574	0.5328	0.5328	0.0	0.976	0.976	0.0	945.575	377.405	2.505464951444735	325.333	17.307	-308.026
1025469	cid22	zenjxl	6	4.5	11754	12132	378	-4.096	-1.012	3.084	61.0547	61.0547	-0.1581	-0.1581	0.0	-1.222	-1.222	0.0	873.669	365.405	2.3909607148232785	331.932	-19.887	-351.819
1025469	cid22	zenjxl	6	4.75	11119	11451	332	-3.631	-0.754	2.877	59.3365	59.3365	-0.1434	-0.1434	0.0	-5.855	-5.855	0.0	784.414	423.102	1.8539595653057657	491.917	39.936	-451.981
1025469	cid22	zenjxl	6	5.0	11025	11384	359	-0.163	3.088	3.251	58.1948	58.1948	0.1051	0.1051	0.0	2.587	2.587	0.0	749.372	308.051	2.4326231695401086	187.784	4.87	-182.914
1025469	cid22	zenjxl	7	0.25	104243	104346	103	0.423	0.522	0.09900000000000003	95.0021	95.0021	-0.1493	-0.1493	0.0	1.809	1.809	0.0	1103.944	245.016	4.505599634309596	678.965	0.276	-678.6890000000001
1025469	cid22	zenjxl	7	0.5	64352	64366	14	0.698	0.72	0.02200000000000002	92.4514	92.4514	-0.3727	-0.3727	0.0	-0.988	-0.988	0.0	1001.93	193.862	5.1682640228616235	559.794	-29.469	-589.263
1025469	cid22	zenjxl	7	0.75	46630	46834	204	0.83	1.271	0.44099999999999995	90.0243	90.0243	-0.4547	-0.4547	0.0	0.637	0.637	0.0	960.88	282.411	3.402417044661858	302.416	-49.878	-352.294
1025469	cid22	zenjxl	7	1.0	37778	38086	308	0.356	1.174	0.818	87.7535	87.7535	-0.6347	-0.6347	0.0	-0.312	-0.312	0.0	954.897	281.708	3.3896694449571894	318.899	-55.819	-374.718
1025469	cid22	zenjxl	7	1.25	32259	32569	310	0.885	1.855	0.97	85.5411	85.5411	-0.4264	-0.4264	0.0	1.997	1.997	0.0	998.993	370.913	2.693335094752678	317.497	-38.976	-356.473
1025469	cid22	zenjxl	7	1.5	28139	28459	320	0.795	1.941	1.146	83.3328	83.3328	-0.1413	-0.1413	0.0	-1.137	-1.137	0.0	978.711	410.597	2.38362920333076	449.994	16.583	-433.41100000000006
1025469	cid22	zenjxl	7	1.75	24841	25134	293	-1.024	0.143	1.167	81.2	81.2	-0.3178	-0.3178	0.0	1.929	1.929	0.0	930.413	299.419	3.107394654313855	321.548	-3.503	-325.051
1025469	cid22	zenjxl	7	2.0	22928	23254	326	0.774	2.206	1.432	79.2805	79.2805	-0.4456	-0.4456	0.0	3.554	3.554	0.0	892.007	250.025	3.567671232876712	214.644	-1.807	-216.451
1025469	cid22	zenjxl	7	2.25	20324	20671	347	-2.001	-0.328	1.6729999999999998	77.8822	77.8822	-0.116	-0.116	0.0	-6.762	-6.762	0.0	904.297	312.416	2.894528449247158	250.655	13.947	-236.708
1025469	cid22	zenjxl	7	2.5	18672	19025	353	-2.409	-0.564	1.8449999999999998	75.8571	75.8571	-0.5521	-0.5521	0.0	-3.323	-3.323	0.0	883.974	304.582	2.9022529236790096	409.758	-40.634	-450.392
1025469	cid22	zenjxl	7	2.75	17397	17726	329	-1.489	0.374	1.863	73.8127	73.8127	-0.5669	-0.5669	0.0	-11.803	-11.803	0.0	883.877	270.299	3.269997299287086	284.774	-16.837	-301.611
1025469	cid22	zenjxl	7	3.0	16263	16615	352	-2.271	-0.156	2.1149999999999998	71.8216	71.8216	-0.9279	-0.9279	0.0	4.788	4.788	0.0	803.946	528.409	1.5214464553026161	157.168	-3.785	-160.953
1025469	cid22	zenjxl	7	3.25	15165	15490	325	-2.199	-0.103	2.0959999999999996	70.1498	70.1498	-0.7267	-0.7267	0.0	5.149	5.149	0.0	872.318	310.119	2.8128492610900975	329.102	-51.6	-380.702
1025469	cid22	zenjxl	7	3.5	14155	14501	346	-3.121	-0.753	2.368	68.2509	68.2509	-0.4891	-0.4891	0.0	-2.091	-2.091	0.0	818.215	284.215	2.8788593142515353	276.783	-36.395	-313.178
1025469	cid22	zenjxl	7	3.75	13523	13937	414	-2.796	0.18	2.976	66.5591	66.5591	-0.9895	-0.9895	0.0	-2.094	-2.094	0.0	785.503	320.438	2.4513416011833806	222.904	-30.199	-253.103
1025469	cid22	zenjxl	7	4.0	12978	13370	392	-3.638	-0.728	2.91	65.1417	65.1417	-0.8549	-0.8549	0.0	19.972	19.972	0.0	912.643	315.139	2.896001446980539	201.92	-36.295	-238.21499999999997
1025469	cid22	zenjxl	7	4.25	12494	12870	376	-3.937	-1.046	2.891	62.4935	62.4935	-0.4058	-0.4058	0.0	1.653	1.653	0.0	923.451	585.828	1.5763176222372437	257.967	58.978	-198.98899999999998
1025469	cid22	zenjxl	7	4.5	12504	12865	361	1.518	4.449	2.931	60.8121	60.8121	-0.5341	-0.5341	0.0	-1.226	-1.226	0.0	946.858	805.783	1.1750781537957489	365.319	82.595	-282.72400000000005
1025469	cid22	zenjxl	7	4.75	11228	11586	358	-3.224	-0.138	3.0860000000000003	59.094	59.094	-0.6979	-0.6979	0.0	-5.716	-5.716	0.0	776.49	607.839	1.2774599852921578	286.291	-22.28	-308.571
1025469	cid22	zenjxl	7	5.0	10796	11146	350	-2.966	0.18	3.1460000000000004	57.8358	57.8358	-0.5941	-0.5941	0.0	2.749	2.749	0.0	899.263	354.713	2.5351847831909176	414.55	-32.032	-446.582
1025469	cid22	zenjxl	8	0.25	104357	104398	41	0.3	0.339	0.039000000000000035	94.8643	94.8643	-0.156	-0.156	0.0	8.18	8.18	0.0	1616.391	2576.654	0.6273217125776298	95.15	-0.465	-95.61500000000001
1025469	cid22	zenjxl	8	0.5	62564	62460	-104	0.07	-0.096	-0.166	92.3583	92.3583	-0.2272	-0.2272	0.0	-1.159	-1.159	0.0	1477.225	1273.893	1.1596146615139575	79.932	-32.502	-112.434
1025469	cid22	zenjxl	8	0.75	44556	44535	-21	0.187	0.139	-0.04799999999999999	89.825	89.825	-0.3328	-0.3328	0.0	6.831	6.831	0.0	1610.774	2008.136	0.8021239597318109	75.174	115.674	40.5
1025469	cid22	zenjxl	8	1.0	35771	35873	102	0.067	0.352	0.285	87.3552	87.3552	-0.5825	-0.5825	0.0	-0.755	-0.755	0.0	1453.571	1223.972	1.1875851735170413	192.566	-12.555	-205.121
1025469	cid22	zenjxl	8	1.25	30275	30349	74	0.079	0.324	0.245	84.8611	84.8611	-0.3993	-0.3993	0.0	0.085	0.085	0.0	1210.166	1661.654	0.7282900050190954	21.385	6.411	-14.974000000000002
1025469	cid22	zenjxl	8	1.5	26082	26106	24	-1.197	-1.106	0.09099999999999997	82.4401	82.4401	-0.1156	-0.1156	0.0	-0.363	-0.363	0.0	1235.093	2033.333	0.6074228864627683	44.555	16.743	-27.812
1025469	cid22	zenjxl	8	1.75	23044	23100	56	-2.211	-1.973	0.23799999999999977	80.3133	80.3133	-0.4456	-0.4456	0.0	0.417	0.417	0.0	1342.63	1910.083	0.7029170983669296	96.26	12.957	-83.303
1025469	cid22	zenjxl	8	2.0	21032	21092	60	-0.417	-0.133	0.284	78.5585	78.5585	-0.2927	-0.2927	0.0	-0.69	-0.69	0.0	1333.647	2054.822	0.6490328602672153	25.427	-2.094	-27.521
1025469	cid22	zenjxl	8	2.25	18647	18668	21	-2.885	-2.776	0.10899999999999999	76.4774	76.4774	-0.0401	-0.0401	0.0	-4.388	-4.388	0.0	1439.185	2487.023	0.578677800728019	38.137	33.066	-5.070999999999998
1025469	cid22	zenjxl	8	2.5	17188	17248	60	-3.237	-2.899	0.3380000000000001	74.3199	74.3199	-0.285	-0.285	0.0	-0.569	-0.569	0.0	1265.364	2608.445	0.4851028102950225	5.777	49.706	43.929
1025469	cid22	zenjxl	8	2.75	15839	15909	70	-3.25	-2.822	0.42799999999999994	72.2277	72.2277	-0.796	-0.796	0.0	9.395	9.395	0.0	1452.601	3224.139	0.4505391982169503	76.145	74.131	-2.013999999999996
1025469	cid22	zenjxl	8	3.0	14790	14890	100	-3.51	-2.858	0.6519999999999997	69.6399	69.6399	-0.652	-0.652	0.0	6.268	6.268	0.0	1391.277	1297.587	1.0722032511114863	49.2	-42.212	-91.412
1025469	cid22	zenjxl	8	3.25	13769	13843	74	-4.382	-3.868	0.5139999999999998	68.1021	68.1021	-0.4826	-0.4826	0.0	9.261	9.261	0.0	1449.754	3000.139	0.4832289437256073	53.468	44.373	-9.095000000000006
1025469	cid22	zenjxl	8	3.5	12856	12999	143	-4.742	-3.683	1.0590000000000002	66.0378	66.0378	-0.8098	-0.8098	0.0	-6.225	-6.225	0.0	1203.339	2778.635	0.43306839509327416	8.789	-0.069	-8.858
1025469	cid22	zenjxl	8	3.75	12234	12347	113	-4.212	-3.328	0.8839999999999999	63.4972	63.4972	-1.0886	-1.0886	0.0	0.886	0.886	0.0	1335.344	2513.406	0.531288617915291	48.831	24.827	-24.004
1025469	cid22	zenjxl	8	4.0	11653	11749	96	-4.92	-4.137	0.7830000000000004	62.604	62.604	-0.6304	-0.6304	0.0	-6.603	-6.603	0.0	1610.606	2976.013	0.5411958885932286	70.883	23.964	-46.919
1025469	cid22	zenjxl	8	4.25	11296	11366	70	-5.67	-5.086	0.5839999999999996	60.1171	60.1171	-0.6587	-0.6587	0.0	-4.888	-4.888	0.0	1587.607	2823.213	0.5623404964485499	73.802	11.071	-62.73100000000001
1025469	cid22	zenjxl	8	4.5	11273	11353	80	-1.897	-1.201	0.696	58.4992	58.4992	-0.2462	-0.2462	0.0	-0.251	-0.251	0.0	1673.142	2553.55	0.6552219459184273	63.048	-12.245	-75.293
1025469	cid22	zenjxl	8	4.75	10030	10145	115	-4.549	-3.455	1.0940000000000003	56.2185	56.2185	-0.8176	-0.8176	0.0	-3.399	-3.399	0.0	1512.368	1750.269	0.864077464664003	47.323	49.729	2.405999999999999
1025469	cid22	zenjxl	8	5.0	9552	9634	82	-5.956	-5.149	0.8070000000000004	54.5896	54.5896	-0.5705	-0.5705	0.0	-2.768	-2.768	0.0	1256.943	1782.081	0.7053231587116411	65.464	-21.173	-86.637
1025469	cid22	zenjxl	9	0.25	106079	106079	0	1.681	1.681	0.0	94.8877	94.8877	-0.1434	-0.1434	0.0	-0.299	-0.299	0.0	1901.427	3270.01	0.5814743685799125	55.891	62.277	6.386000000000003
1025469	cid22	zenjxl	9	0.5	63381	63381	0	1.06	1.06	0.0	92.3616	92.3616	-0.2207	-0.2207	0.0	-0.257	-0.257	0.0	1848.65	2883.335	0.6411499184104518	61.267	73.395	12.127999999999993
1025469	cid22	zenjxl	9	0.75	45073	45073	0	1.122	1.122	0.0	89.8409	89.8409	-0.468	-0.468	0.0	1.543	1.543	0.0	1716.707	3182.296	0.5394554749149671	83.356	11.999	-71.357
1025469	cid22	zenjxl	9	1.0	36159	36159	0	1.411	1.411	0.0	87.3564	87.3564	-0.5747	-0.5747	0.0	-3.739	-3.739	0.0	1818.81	5216.043	0.3486953615988212	47.797	74.463	26.665999999999997
1025469	cid22	zenjxl	9	1.25	30649	30649	0	1.625	1.625	0.0	84.8688	84.8688	-0.3901	-0.3901	0.0	0.135	0.135	0.0	1652.343	3583.364	0.46111503045741375	54.604	11.477	-43.126999999999995
1025469	cid22	zenjxl	9	1.5	26322	26322	0	0.145	0.145	0.0	82.4573	82.4573	-0.1184	-0.1184	0.0	-0.363	-0.363	0.0	1622.37	3405.033	0.4764623426557099	41.094	4.583	-36.511
1025469	cid22	zenjxl	9	1.75	23216	23216	0	-1.137	-1.137	0.0	80.3133	80.3133	-0.4456	-0.4456	0.0	0.417	0.417	0.0	1618.061	3655.771	0.4426045832739523	60.817	-6.4	-67.217
1025469	cid22	zenjxl	9	2.0	21131	21131	0	0.585	0.585	0.0	78.5006	78.5006	-0.3552	-0.3552	0.0	-0.102	-0.102	0.0	1337.926	3395.463	0.39403344993009787	1.575	-6.308	-7.883
1025469	cid22	zenjxl	9	2.25	18765	18765	0	-1.795	-1.795	0.0	76.4774	76.4774	-0.0401	-0.0401	0.0	-4.388	-4.388	0.0	1531.798	5170.093	0.29628055046592006	48.954	68.148	19.193999999999996
1025469	cid22	zenjxl	9	2.5	17261	17261	0	-2.447	-2.447	0.0	74.3199	74.3199	-0.285	-0.285	0.0	-0.569	-0.569	0.0	1656.795	2778.627	0.5962639101973745	24.531	-27.22	-51.751
1025469	cid22	zenjxl	9	2.75	16000	16000	0	-1.672	-1.672	0.0	72.2354	72.2354	-0.7882	-0.7882	0.0	-1.12	-1.12	0.0	1706.137	3978.325	0.4288581249646522	14.852	18.519	3.666999999999998
1025469	cid22	zenjxl	9	3.0	14925	14925	0	-2.743	-2.743	0.0	69.6399	69.6399	-0.661	-0.661	0.0	6.268	6.268	0.0	1612.453	4942.984	0.32621044292273654	11.648	78.542	66.894
1025469	cid22	zenjxl	9	3.25	13848	13848	0	-3.827	-3.827	0.0	68.1021	68.1021	-0.4811	-0.4811	0.0	9.261	9.261	0.0	1627.103	8239.004	0.19748782741214835	22.727	108.85	86.12299999999999
1025469	cid22	zenjxl	9	3.5	12970	12970	0	-3.89	-3.89	0.0	66.0378	66.0378	-0.8121	-0.8121	0.0	-6.225	-6.225	0.0	1421.791	6059.42	0.2346414343286981	20.671	270.382	249.711
1025469	cid22	zenjxl	9	3.75	12301	12301	0	-3.416	-3.416	0.0	63.4972	63.4972	-1.078	-1.078	0.0	0.886	0.886	0.0	1327.341	2484.238	0.5343050867106935	10.916	-12.308	-23.224
1025469	cid22	zenjxl	9	4.0	11639	11639	0	-4.747	-4.747	0.0	62.604	62.604	-0.6352	-0.6352	0.0	-6.603	-6.603	0.0	1751.227	4164.014	0.4205622267360292	67.456	100.748	33.292
1025469	cid22	zenjxl	9	4.25	11350	11350	0	-4.878	-4.878	0.0	60.1171	60.1171	-0.6681	-0.6681	0.0	-4.888	-4.888	0.0	1772.106	5133.753	0.34518723436830717	57.144	96.848	39.704
1025469	cid22	zenjxl	9	4.5	11356	11356	0	-0.89	-0.89	0.0	58.4992	58.4992	-0.2536	-0.2536	0.0	-0.251	-0.251	0.0	1910.709	4975.313	0.38403794896924076	43.782	54.972	11.190000000000005
1025469	cid22	zenjxl	9	4.75	10076	10076	0	-3.717	-3.717	0.0	56.2185	56.2185	-0.8166	-0.8166	0.0	-3.399	-3.399	0.0	1757.072	4473.25	0.39279539484714693	13.657	20.693	7.036000000000001
1025469	cid22	zenjxl	9	5.0	9591	9591	0	-5.405	-5.405	0.0	54.5896	54.5896	-0.5713	-0.5713	0.0	-2.768	-2.768	0.0	1780.82	4803.524	0.3707319875991043	4.197	39.604	35.407
1189261	cid22	zenjxl	5	0.25	157081	157025	-56	0.625	0.589	-0.03600000000000003	94.0269	94.0269	0.1418	0.1418	0.0	-15.209	-15.209	0.0	1464.574	244.845	5.981637362412956	635.839	-52.409	-688.248
1189261	cid22	zenjxl	5	0.5	104888	104911	23	0.13	0.152	0.021999999999999992	91.7992	91.7992	0.1214	0.1214	0.0	-2.409	-2.409	0.0	1292.375	373.127	3.4636330257526255	688.171	-1.532	-689.7030000000001
1189261	cid22	zenjxl	5	0.75	78413	78465	52	-0.167	-0.101	0.066	88.9759	88.9759	0.0267	0.0267	0.0	-0.05	-0.05	0.0	1265.084	489.29	2.5855504915285414	791.086	-8.267	-799.3530000000001
1189261	cid22	zenjxl	5	1.0	64770	64789	19	0.288	0.317	0.029000000000000026	86.6916	86.6916	0.0782	0.0782	0.0	0.271	0.271	0.0	1212.244	335.414	3.614172336276959	778.637	63.052	-715.5849999999999
1189261	cid22	zenjxl	5	1.25	56432	56433	1	2.2	2.202	0.0019999999999997797	84.4589	84.4589	0.0009	0.0009	0.0	-1.437	-1.437	0.0	1166.968	389.501	2.9960590601821306	489.56	46.32	-443.24
1189261	cid22	zenjxl	5	1.5	48668	48748	80	0.969	1.135	0.16600000000000004	82.547	82.547	0.1162	0.1162	0.0	0.356	0.356	0.0	1092.105	380.28	2.871844430419691	478.984	18.191	-460.793
1189261	cid22	zenjxl	5	1.75	44113	44180	67	2.241	2.397	0.1559999999999997	80.6358	80.6358	-0.0004	-0.0004	0.0	-0.218	-0.218	0.0	1148.778	375.238	3.0614649902195405	567.213	-40.656	-607.8689999999999
1189261	cid22	zenjxl	5	2.0	39983	40000	17	2.497	2.54	0.04300000000000015	78.7996	78.7996	0.0519	0.0519	0.0	0.229	0.229	0.0	1060.496	298.65	3.5509660137284453	838.547	1.539	-837.008
1189261	cid22	zenjxl	5	2.25	36303	36347	44	1.518	1.641	0.123	76.4603	76.4603	-0.0274	-0.0274	0.0	0.734	0.734	0.0	1037.955	305.806	3.3941616580446428	713.503	-34.66	-748.163
1189261	cid22	zenjxl	5	2.5	33494	33495	1	2.138	2.141	0.0030000000000001137	74.6235	74.6235	0.247	0.247	0.0	0.844	0.844	0.0	1014.15	217.023	4.673007008473756	557.686	-26.295	-583.981
1189261	cid22	zenjxl	5	2.75	32550	32646	96	5.37	5.681	0.31099999999999994	72.5082	72.5082	0.0464	0.0464	0.0	3.742	3.742	0.0	1007.321	335.518	3.0022860174416874	666.205	-32.801	-699.0060000000001
1189261	cid22	zenjxl	5	3.0	30021	30098	77	4.026	4.293	0.26700000000000035	70.8996	70.8996	-0.1667	-0.1667	0.0	-3.407	-3.407	0.0	1005.118	455.993	2.204239977368074	557.937	-4.944	-562.881
1189261	cid22	zenjxl	5	3.25	27418	27513	95	2.39	2.745	0.355	68.8746	68.8746	0.1125	0.1125	0.0	0.062	0.062	0.0	909.356	446.584	2.0362484997223365	590.651	17.292	-573.3589999999999
1189261	cid22	zenjxl	5	3.5	25885	25969	84	2.026	2.357	0.3310000000000004	66.9568	66.9568	-0.0009	-0.0009	0.0	21.379	21.379	0.0	905.575	380.091	2.382521554048899	689.504	-30.883	-720.3870000000001
1189261	cid22	zenjxl	5	3.75	24545	24635	90	1.923	2.296	0.3729999999999998	66.2015	66.2015	-0.0073	-0.0073	0.0	-2.94	-2.94	0.0	992.487	259.174	3.82942347612029	567.419	-19.58	-586.999
1189261	cid22	zenjxl	5	4.0	23284	23397	113	2.074	2.569	0.4950000000000001	61.2178	61.2178	0.3373	0.3373	0.0	11.97	11.97	0.0	927.864	379.516	2.444861349719116	726.676	-30.233	-756.909
1189261	cid22	zenjxl	5	4.25	22217	22333	116	2.039	2.572	0.5329999999999999	58.8318	58.8318	-0.1129	-0.1129	0.0	0.35	0.35	0.0	910.403	148.922	6.113287492781456	619.585	-77.128	-696.7130000000001
1189261	cid22	zenjxl	5	4.5	21006	21092	86	1.073	1.487	0.41400000000000015	57.9496	57.9496	0.4123	0.4123	0.0	20.025	20.025	0.0	852.817	242.423	3.51788815417679	545.26	-39.35	-584.61
1189261	cid22	zenjxl	5	4.75	19979	20067	88	0.402	0.844	0.44199999999999995	56.4278	56.4278	0.8878	0.8878	0.0	0.205	0.205	0.0	865.251	263.882	3.27893149210632	509.418	-35.276	-544.694
1189261	cid22	zenjxl	5	5.0	19165	19239	74	0.757	1.146	0.3889999999999999	55.4232	55.4232	0.8624	0.8624	0.0	0.698	0.698	0.0	914.092	396.154	2.3074158029453193	528.82	17.488	-511.33200000000005
1189261	cid22	zenjxl	6	0.25	156618	156558	-60	0.601	0.563	-0.038000000000000034	94.0594	94.0594	0.1975	0.1975	0.0	-15.227	-15.227	0.0	1468.59	953.977	1.5394396300959037	535.996	69.784	-466.212
1189261	cid22	zenjxl	6	0.5	104536	104546	10	0.459	0.469	0.009999999999999953	91.8167	91.8167	0.2864	0.2864	0.0	-2.592	-2.592	0.0	1351.762	423.299	3.1933975747639374	664.372	-44.345	-708.717
1189261	cid22	zenjxl	6	0.75	78188	78205	17	-0.147	-0.125	0.021999999999999992	89.0094	89.0094	-0.0335	-0.0335	0.0	-0.514	-0.514	0.0	1314.592	611.909	2.1483455873340644	299.247	-3.157	-302.404
1189261	cid22	zenjxl	6	1.0	64727	64698	-29	0.553	0.508	-0.04500000000000004	86.6873	86.6873	0.0072	0.0072	0.0	10.53	10.53	0.0	1308.207	651.907	2.006738691255041	360.085	-1.6	-361.685
1189261	cid22	zenjxl	6	1.25	56372	56421	49	2.603	2.692	0.08899999999999997	84.4797	84.4797	-0.0807	-0.0807	0.0	-2.119	-2.119	0.0	1127.616	448.945	2.511701878849302	279.224	-23.843	-303.067
1189261	cid22	zenjxl	6	1.5	48821	48906	85	1.274	1.45	0.17599999999999993	82.5682	82.5682	-0.0134	-0.0134	0.0	0.355	0.355	0.0	1155.559	294.302	3.926439507716563	347.865	11.702	-336.163
1189261	cid22	zenjxl	6	1.75	43819	43893	74	1.019	1.19	0.17100000000000004	80.7266	80.7266	-0.0526	-0.0526	0.0	6.297	6.297	0.0	1125.217	302.371	3.7213125597362184	493.865	-19.312	-513.177
1189261	cid22	zenjxl	6	2.0	40251	40311	60	2.321	2.473	0.1519999999999997	78.8523	78.8523	-0.131	-0.131	0.0	0.664	0.664	0.0	1075.874	217.235	4.952581305958985	348.733	-50.989	-399.722
1189261	cid22	zenjxl	6	2.25	36693	36768	75	2.075	2.284	0.20899999999999963	76.5292	76.5292	-0.1165	-0.1165	0.0	0.339	0.339	0.0	1055.639	397.661	2.6546203927465855	392.917	48.747	-344.16999999999996
1189261	cid22	zenjxl	6	2.5	33915	33943	28	2.311	2.395	0.08400000000000007	74.92	74.92	-0.0159	-0.0159	0.0	-1.002	-1.002	0.0	1144.537	289.26	3.956775910945171	512.003	-41.537	-553.5400000000001
1189261	cid22	zenjxl	6	2.75	33290	33377	87	7.093	7.373	0.28000000000000025	73.2063	73.2063	-0.2741	-0.2741	0.0	-6.84	-6.84	0.0	1194.404	343.272	3.4794681768393576	369.399	-13.337	-382.736
1189261	cid22	zenjxl	6	3.0	30035	30136	101	2.4	2.745	0.3450000000000002	71.6125	71.6125	-0.3966	-0.3966	0.0	-2.726	-2.726	0.0	1078.94	314.228	3.433621446847512	411.605	-25.022	-436.627
1189261	cid22	zenjxl	6	3.25	28075	28148	73	2.37	2.636	0.266	69.7337	69.7337	-0.3506	-0.3506	0.0	11.151	11.151	0.0	1209.245	213.326	5.668530793246018	286.614	-56.767	-343.381
1189261	cid22	zenjxl	6	3.5	26767	26854	87	3.344	3.679	0.33499999999999996	67.8504	67.8504	-0.0952	-0.0952	0.0	-1.359	-1.359	0.0	1118.766	270.561	4.134986195349663	387.714	-27.85	-415.564
1189261	cid22	zenjxl	6	3.75	25230	25319	89	2.022	2.382	0.3600000000000003	67.177	67.177	-0.0864	-0.0864	0.0	7.925	7.925	0.0	1088.213	262.996	4.137754946843298	324.351	-23.866	-348.217
1189261	cid22	zenjxl	6	4.0	24274	24398	124	2.297	2.819	0.5219999999999998	65.5957	65.5957	0.1186	0.1186	0.0	-7.169	-7.169	0.0	1157.72	422.043	2.7431328087422373	351.099	-9.486	-360.585
1189261	cid22	zenjxl	6	4.25	22810	22926	116	1.908	2.426	0.5180000000000002	63.4791	63.4791	0.625	0.625	0.0	-0.892	-0.892	0.0	1069.738	604.579	1.7693932472017722	210.894	68.121	-142.77300000000002
1189261	cid22	zenjxl	6	4.5	21611	21695	84	1.161	1.554	0.393	62.3965	62.3965	0.2954	0.2954	0.0	-7.118	-7.118	0.0	1068.883	950.971	1.1239911627168442	406.214	34.35	-371.864
1189261	cid22	zenjxl	6	4.75	20452	20534	82	1.147	1.553	0.4059999999999999	60.9226	60.9226	0.3539	0.3539	0.0	0.674	0.674	0.0	1057.165	507.696	2.0822795531184015	278.001	-10.0	-288.001
1189261	cid22	zenjxl	6	5.0	19627	19706	79	0.874	1.28	0.406	60.065	60.065	0.1745	0.1745	0.0	-0.483	-0.483	0.0	1038.475	698.618	1.4864704316235766	281.208	146.969	-134.23900000000003
1189261	cid22	zenjxl	7	0.25	161325	161266	-59	0.722	0.685	-0.03699999999999992	94.0865	94.0865	0.0817	0.0817	0.0	-12.116	-12.116	0.0	1561.436	383.693	4.0694930582523	482.78	52.832	-429.948
1189261	cid22	zenjxl	7	0.5	107253	107260	7	0.336	0.342	0.006000000000000005	91.7682	91.7682	0.379	0.379	0.0	-0.203	-0.203	0.0	1461.468	250.514	5.8338775477618015	482.877	-35.938	-518.815
1189261	cid22	zenjxl	7	0.75	80210	80223	13	0.096	0.112	0.016	89.2764	89.2764	0.0083	0.0083	0.0	-2.009	-2.009	0.0	1331.243	336.337	3.9580628952508943	355.093	-11.411	-366.504
1189261	cid22	zenjxl	7	1.0	66417	66385	-32	0.641	0.592	-0.049000000000000044	86.87	86.87	-0.1841	-0.1841	0.0	7.912	7.912	0.0	1255.102	260.711	4.814150534499887	346.65	-62.357	-409.00699999999995
1189261	cid22	zenjxl	7	1.25	57694	57725	31	2.865	2.92	0.054999999999999716	84.7099	84.7099	-0.144	-0.144	0.0	-0.595	-0.595	0.0	1169.15	260.645	4.485603023269198	349.915	-53.161	-403.076
1189261	cid22	zenjxl	7	1.5	49902	49987	85	1.27	1.443	0.17300000000000004	82.8104	82.8104	0.2347	0.2347	0.0	0.425	0.425	0.0	1207.133	434.409	2.7787937174413977	337.877	-19.282	-357.159
1189261	cid22	zenjxl	7	1.75	44725	44801	76	1.302	1.475	0.17300000000000004	81.0787	81.0787	0.0804	0.0804	0.0	6.4	6.4	0.0	1233.705	200.33	6.1583636998951725	199.146	-65.949	-265.09499999999997
1189261	cid22	zenjxl	7	2.0	41016	41096	80	2.282	2.481	0.19899999999999984	78.6701	78.6701	-0.6077	-0.6077	0.0	0.714	0.714	0.0	1172.14	326.136	3.5940221257389555	224.472	-40.466	-264.938
1189261	cid22	zenjxl	7	2.25	37724	37779	55	3.054	3.204	0.15000000000000036	76.651	76.651	-0.36	-0.36	0.0	0.376	0.376	0.0	1117.82	288.229	3.8782357084124084	281.127	-63.396	-344.523
1189261	cid22	zenjxl	7	2.5	34799	34785	-14	2.807	2.765	-0.041999999999999815	74.8497	74.8497	-0.1629	-0.1629	0.0	-1.101	-1.101	0.0	1185.175	356.083	3.328367262688755	379.931	-14.373	-394.304
1189261	cid22	zenjxl	7	2.75	31815	31866	51	2.263	2.427	0.16400000000000015	72.9408	72.9408	-0.5574	-0.5574	0.0	-6.83	-6.83	0.0	1122.17	352.716	3.1815114709851553	315.015	-35.963	-350.978
1189261	cid22	zenjxl	7	3.0	29802	29920	118	2.072	2.476	0.4039999999999999	71.0306	71.0306	-0.7875	-0.7875	0.0	-1.485	-1.485	0.0	1143.631	226.623	5.046403057059522	320.08	-57.712	-377.792
1189261	cid22	zenjxl	7	3.25	27665	27758	93	1.237	1.577	0.33999999999999986	69.2522	69.2522	-0.9593	-0.9593	0.0	12.904	12.904	0.0	1088.055	614.361	1.7710352707935564	269.911	-7.015	-276.926
1189261	cid22	zenjxl	7	3.5	26698	26747	49	2.882	3.071	0.18900000000000006	67.5979	67.5979	-0.3652	-0.3652	0.0	-1.28	-1.28	0.0	1115.514	553.417	2.0156843754347986	237.31	-19.538	-256.848
1189261	cid22	zenjxl	7	3.75	24723	24759	36	-0.19	-0.044	0.14600000000000002	66.4592	66.4592	-0.5211	-0.5211	0.0	5.373	5.373	0.0	1103.449	523.806	2.10659862620894	352.674	-30.872	-383.546
1189261	cid22	zenjxl	7	4.0	23928	24065	137	0.745	1.322	0.5770000000000001	65.2256	65.2256	-0.2693	-0.2693	0.0	8.972	8.972	0.0	1187.029	1091.591	1.08743018218362	273.596	58.053	-215.543
1189261	cid22	zenjxl	7	4.25	22523	22639	116	1.009	1.529	0.52	62.2951	62.2951	-0.6879	-0.6879	0.0	-11.731	-11.731	0.0	1237.559	469.098	2.638167291269628	280.763	-6.764	-287.527
1189261	cid22	zenjxl	7	4.5	21513	21537	24	0.345	0.457	0.11200000000000004	61.9594	61.9594	-0.166	-0.166	0.0	-4.618	-4.618	0.0	1208.485	593.536	2.036077002911365	303.038	15.06	-287.978
1189261	cid22	zenjxl	7	4.75	20245	20338	93	0.481	0.943	0.46199999999999997	60.6828	60.6828	0.0313	0.0313	0.0	0.662	0.662	0.0	1204.18	592.898	2.0310070197571926	396.343	0.753	-395.59000000000003
1189261	cid22	zenjxl	7	5.0	19459	19548	89	0.382	0.841	0.45899999999999996	59.7457	59.7457	0.3507	0.3507	0.0	-0.499	-0.499	0.0	1037.054	460.388	2.252565227590641	220.733	-14.098	-234.83100000000002
1189261	cid22	zenjxl	8	0.25	165896	165853	-43	0.304	0.278	-0.025999999999999968	94.318	94.318	-0.092	-0.092	0.0	-9.553	-9.553	0.0	1828.713	1954.762	0.9355169580746915	123.12	38.104	-85.016
1189261	cid22	zenjxl	8	0.5	106769	106671	-98	0.057	-0.035	-0.092	91.7094	91.7094	0.107	0.107	0.0	0.33	0.33	0.0	1808.408	1415.426	1.2776422080702206	67.263	-7.615	-74.878
1189261	cid22	zenjxl	8	0.75	78755	78685	-70	-0.128	-0.217	-0.089	89.151	89.151	-0.3316	-0.3316	0.0	8.064	8.064	0.0	1919.607	1893.169	1.0139649444925414	73.966	-17.032	-90.99799999999999
1189261	cid22	zenjxl	8	1.0	64501	64513	12	0.134	0.152	0.017999999999999988	87.0809	87.0809	-0.02	-0.02	0.0	3.12	3.12	0.0	1778.907	2115.733	0.8407993825307823	45.745	-13.666	-59.411
1189261	cid22	zenjxl	8	1.25	55832	55840	8	2.964	2.978	0.014000000000000234	84.7055	84.7055	-0.0056	-0.0056	0.0	7.631	7.631	0.0	1771.807	2632.48	0.673056205555218	76.719	10.064	-66.655
1189261	cid22	zenjxl	8	1.5	48367	48364	-3	1.358	1.352	-0.006000000000000005	83.107	83.107	0.1166	0.1166	0.0	-0.938	-0.938	0.0	1695.185	2096.398	0.808617924649804	77.115	-6.397	-83.512
1189261	cid22	zenjxl	8	1.75	43275	43304	29	1.051	1.119	0.06800000000000006	81.2189	81.2189	-0.0818	-0.0818	0.0	1.822	1.822	0.0	1638.816	2651.453	0.6180822364190502	56.775	33.082	-23.692999999999998
1189261	cid22	zenjxl	8	2.0	39453	39411	-42	1.985	1.877	-0.1080000000000001	79.2291	79.2291	0.1414	0.1414	0.0	-4.661	-4.661	0.0	1574.482	2102.338	0.748919536249642	56.197	4.091	-52.106
1189261	cid22	zenjxl	8	2.25	35729	35710	-19	1.809	1.755	-0.05400000000000005	76.7768	76.7768	-0.7313	-0.7313	0.0	-0.366	-0.366	0.0	1747.596	2386.902	0.7321607673880202	53.464	25.23	-28.233999999999998
1189261	cid22	zenjxl	8	2.5	33006	32900	-106	2.468	2.139	-0.3290000000000002	74.7954	74.7954	-0.0969	-0.0969	0.0	2.872	2.872	0.0	1683.82	2287.245	0.7361782406344751	34.103	3.511	-30.592000000000002
1189261	cid22	zenjxl	8	2.75	30006	29999	-7	2.044	2.02	-0.02400000000000002	72.7579	72.7579	-0.7331	-0.7331	0.0	-1.655	-1.655	0.0	1552.885	2218.777	0.6998833140960087	65.507	-12.969	-78.476
1189261	cid22	zenjxl	8	3.0	27394	27345	-49	-0.248	-0.426	-0.178	70.4681	70.4681	-0.6344	-0.6344	0.0	2.072	2.072	0.0	1570.306	2184.126	0.7189631001141875	54.029	12.985	-41.044000000000004
1189261	cid22	zenjxl	8	3.25	25833	25834	1	0.918	0.922	0.0040000000000000036	69.015	69.015	-0.5648	-0.5648	0.0	-7.904	-7.904	0.0	1615.41	1803.175	0.8958697852399241	48.769	33.153	-15.616
1189261	cid22	zenjxl	8	3.5	24757	24764	7	1.801	1.83	0.029000000000000137	67.3552	67.3552	-0.2953	-0.2953	0.0	-12.947	-12.947	0.0	1444.599	2264.395	0.6379624579633854	36.366	12.803	-23.563
1189261	cid22	zenjxl	8	3.75	22847	22777	-70	-0.773	-1.077	-0.30399999999999994	65.3291	65.3291	-0.0777	-0.0777	0.0	0.564	0.564	0.0	1535.481	2300.794	0.6673700470359363	71.664	18.06	-53.604
1189261	cid22	zenjxl	8	4.0	21668	21698	30	-1.594	-1.458	0.13600000000000012	63.2757	63.2757	-0.5587	-0.5587	0.0	6.208	6.208	0.0	1727.656	3564.673	0.48466044431003913	55.202	36.353	-18.848999999999997
1189261	cid22	zenjxl	8	4.25	20683	20652	-31	-0.275	-0.424	-0.14899999999999997	61.6271	61.6271	0.1143	0.1143	0.0	2.898	2.898	0.0	1817.167	3728.616	0.48735697105843023	90.696	67.959	-22.736999999999995
1189261	cid22	zenjxl	8	4.5	19449	19466	17	-1.559	-1.473	0.08599999999999985	60.051	60.051	-0.2747	-0.2747	0.0	1.004	1.004	0.0	1597.158	3254.061	0.49081993238602467	30.796	37.948	7.152000000000001
1189261	cid22	zenjxl	8	4.75	18476	18471	-5	-0.318	-0.345	-0.02699999999999997	58.9324	58.9324	0.2093	0.2093	0.0	7.106	7.106	0.0	1775.137	3048.511	0.5822964063439495	61.579	10.681	-50.898
1189261	cid22	zenjxl	8	5.0	17676	17678	2	-1.075	-1.063	0.01200000000000001	57.2834	57.2834	-0.1138	-0.1138	0.0	0.091	0.091	0.0	1542.981	2973.462	0.5189173428145374	39.655	54.45	14.795000000000002
1189261	cid22	zenjxl	9	0.25	168753	168753	0	1.116	1.116	0.0	94.379	94.379	-0.0435	-0.0435	0.0	-1.119	-1.119	0.0	4567.604	8963.902	0.5095553253482691	212.172	134.861	-77.311
1189261	cid22	zenjxl	9	0.5	107908	107908	0	0.728	0.728	0.0	91.7377	91.7377	0.1007	0.1007	0.0	1.085	1.085	0.0	2776.411	7632.466	0.3637632974716166	90.419	115.799	25.38000000000001
1189261	cid22	zenjxl	9	0.75	79488	79488	0	0.747	0.747	0.0	89.2808	89.2808	-0.1899	-0.1899	0.0	1.299	1.299	0.0	2413.781	7789.393	0.3098805003162634	41.634	77.61	35.976
1189261	cid22	zenjxl	9	1.0	65051	65051	0	0.984	0.984	0.0	87.0149	87.0149	-0.1543	-0.1543	0.0	7.355	7.355	0.0	2273.317	8855.845	0.25670243776850205	56.794	120.435	63.641000000000005
1189261	cid22	zenjxl	9	1.25	56251	56251	0	3.799	3.799	0.0	84.9089	84.9089	0.1585	0.1585	0.0	0.526	0.526	0.0	2294.569	5864.668	0.3912530086954624	64.096	74.712	10.616
1189261	cid22	zenjxl	9	1.5	48694	48694	0	1.994	1.994	0.0	83.1041	83.1041	0.1738	0.1738	0.0	-1.207	-1.207	0.0	2269.566	5240.438	0.4330870816523351	42.499	41.34	-1.158999999999999
1189261	cid22	zenjxl	9	1.75	43524	43524	0	1.815	1.815	0.0	81.2335	81.2335	-0.063	-0.063	0.0	-3.897	-3.897	0.0	2148.22	6712.6	0.32002800703155254	49.066	59.639	10.573
1189261	cid22	zenjxl	9	2.0	39833	39833	0	3.079	3.079	0.0	79.2291	79.2291	0.2993	0.2993	0.0	-4.92	-4.92	0.0	2047.825	5756.922	0.35571525895261397	67.296	222.879	155.58299999999997
1189261	cid22	zenjxl	9	2.25	36046	36046	0	2.833	2.833	0.0	76.7768	76.7768	-0.7313	-0.7313	0.0	-0.366	-0.366	0.0	1855.108	2807.545	0.6607580644299557	53.136	3.877	-49.259
1189261	cid22	zenjxl	9	2.5	33321	33321	0	3.571	3.571	0.0	74.7992	74.7992	-0.093	-0.093	0.0	2.872	2.872	0.0	2026.119	3097.313	0.6541537778067634	56.422	52.638	-3.783999999999999
1189261	cid22	zenjxl	9	2.75	30246	30246	0	3.091	3.091	0.0	72.7569	72.7569	-0.7328	-0.7328	0.0	-1.655	-1.655	0.0	2044.256	3771.253	0.5420628104240156	36.833	42.288	5.454999999999998
1189261	cid22	zenjxl	9	3.0	27663	27663	0	1.141	1.141	0.0	70.4681	70.4681	-0.6344	-0.6344	0.0	2.072	2.072	0.0	1918.455	5544.528	0.3460087134558613	31.653	94.649	62.996
1189261	cid22	zenjxl	9	3.25	26016	26016	0	1.864	1.864	0.0	69.015	69.015	-0.5648	-0.5648	0.0	-7.904	-7.904	0.0	1686.372	4581.873	0.36805297746140064	32.877	87.285	54.407999999999994
1189261	cid22	zenjxl	9	3.5	24973	24973	0	2.998	2.998	0.0	67.3552	67.3552	-0.2995	-0.2995	0.0	-1.474	-1.474	0.0	1871.85	3900.651	0.47988143517582066	28.014	37.789	9.775000000000002
1189261	cid22	zenjxl	9	3.75	23038	23038	0	0.3	0.3	0.0	65.3291	65.3291	-0.0777	-0.0777	0.0	0.564	0.564	0.0	1703.824	4516.162	0.37727256019602484	12.351	8.589	-3.7620000000000005
1189261	cid22	zenjxl	9	4.0	21846	21846	0	-0.451	-0.451	0.0	63.2757	63.2757	-0.5587	-0.5587	0.0	6.208	6.208	0.0	2469.031	6187.522	0.3990338943441332	51.278	27.855	-23.423
1189261	cid22	zenjxl	9	4.25	20892	20892	0	1.074	1.074	0.0	61.6271	61.6271	0.1143	0.1143	0.0	2.898	2.898	0.0	2299.909	6857.437	0.3353890090422996	78.32	40.523	-37.79699999999999
1189261	cid22	zenjxl	9	4.5	19637	19637	0	-0.234	-0.234	0.0	60.051	60.051	-0.2747	-0.2747	0.0	1.004	1.004	0.0	2631.646	5639.864	0.4666151524221152	74.67	46.445	-28.225
1189261	cid22	zenjxl	9	4.75	18705	18705	0	1.119	1.119	0.0	58.9324	58.9324	0.2093	0.2093	0.0	7.106	7.106	0.0	2011.293	6654.443	0.3022481370717278	28.407	128.914	100.50699999999999
1189261	cid22	zenjxl	9	5.0	17907	17906	-1	0.567	0.562	-0.004999999999999893	57.2834	57.2834	-0.1138	-0.1138	0.0	0.091	0.091	0.0	2122.075	5967.491	0.35560589869343745	38.373	49.18	10.807000000000002
1418519	cid22	zenjxl	5	0.25	59914	59765	-149	2.578	2.323	-0.2549999999999999	92.7623	92.7623	-0.0164	-0.0164	0.0	-0.059	-0.059	0.0	1290.459	629.725	2.0492421295009726	582.619	49.61	-533.009
1418519	cid22	zenjxl	5	0.5	38130	37939	-191	2.608	2.094	-0.5140000000000002	91.1373	91.1373	0.0774	0.0774	0.0	-0.798	-0.798	0.0	1077.791	265.528	4.059048386610828	515.574	14.447	-501.12699999999995
1418519	cid22	zenjxl	5	0.75	25743	25718	-25	-0.691	-0.787	-0.09600000000000009	89.515	89.515	0.2108	0.2108	0.0	0.536	0.536	0.0	1010.826	470.8	2.147039082412914	433.514	-48.916	-482.43
1418519	cid22	zenjxl	5	1.0	21186	21283	97	-2.139	-1.691	0.44799999999999973	87.9388	87.9388	-0.0541	-0.0541	0.0	0.31	0.31	0.0	999.009	475.231	2.102154531164844	900.069	21.073	-878.996
1418519	cid22	zenjxl	5	1.25	18387	18322	-65	-2.212	-2.558	-0.34599999999999964	86.3043	86.3043	-0.2444	-0.2444	0.0	-0.208	-0.208	0.0	978.976	427.754	2.288642537533255	395.907	-63.052	-458.959
1418519	cid22	zenjxl	5	1.5	16233	16234	1	-2.837	-2.831	0.006000000000000227	84.8537	84.8537	-0.5239	-0.5239	0.0	0.048	0.048	0.0	941.334	343.895	2.7372715509094347	449.836	40.806	-409.03000000000003
1418519	cid22	zenjxl	5	1.75	14724	14711	-13	-3.055	-3.141	-0.08599999999999985	83.414	83.414	0.0855	0.0855	0.0	0.173	0.173	0.0	923.415	254.576	3.627266513732638	604.521	-30.897	-635.418
1418519	cid22	zenjxl	5	2.0	14193	14178	-15	2.662	2.553	-0.10899999999999999	82.1582	82.1582	0.0421	0.0421	0.0	0.134	0.134	0.0	824.434	213.931	3.8537378874496913	552.456	14.982	-537.474
1418519	cid22	zenjxl	5	2.25	13036	13117	81	1.709	2.341	0.6320000000000001	80.6844	80.6844	-0.2294	-0.2294	0.0	3.126	3.126	0.0	891.068	371.664	2.3975095785440614	753.848	22.721	-731.127
1418519	cid22	zenjxl	5	2.5	12003	12096	93	1.257	2.042	0.7849999999999999	79.3227	79.3227	-0.3044	-0.3044	0.0	0.333	0.333	0.0	819.196	225.4	3.634409937888199	557.538	-67.105	-624.643
1418519	cid22	zenjxl	5	2.75	11408	11473	65	1.803	2.383	0.5800000000000001	78.1217	78.1217	-0.1104	-0.1104	0.0	1.05	1.05	0.0	808.887	289.902	2.79020841525757	497.532	-13.325	-510.85699999999997
1418519	cid22	zenjxl	5	3.0	10454	10532	78	-2.125	-1.395	0.73	76.0356	76.0356	-1.1734	-1.1734	0.0	20.281	20.281	0.0	782.298	237.221	3.2977603163294984	507.857	-46.674	-554.5310000000001
1418519	cid22	zenjxl	5	3.25	9734	9817	83	-2.377	-1.544	0.8329999999999997	75.1366	75.1366	-1.0349	-1.0349	0.0	11.627	11.627	0.0	683.517	248.573	2.7497636509194483	493.272	-45.535	-538.807
1418519	cid22	zenjxl	5	3.5	9331	9440	109	-1.259	-0.106	1.1529999999999998	73.2551	73.2551	-1.3296	-1.3296	0.0	7.199	7.199	0.0	750.082	235.519	3.184804622981585	439.631	-45.162	-484.79299999999995
1418519	cid22	zenjxl	5	3.75	8825	8902	77	-2.162	-1.308	0.8539999999999999	72.0859	72.0859	-1.6222	-1.6222	0.0	5.286	5.286	0.0	730.192	283.229	2.5780975818154217	505.48	15.224	-490.25600000000003
1418519	cid22	zenjxl	5	4.0	8388	8453	65	-2.055	-1.296	0.7590000000000001	70.6917	70.6917	-1.4879	-1.4879	0.0	-0.668	-0.668	0.0	691.067	255.413	2.705684518798965	563.559	-40.558	-604.117
1418519	cid22	zenjxl	5	4.25	8279	8401	122	-2.278	-0.838	1.44	69.6125	69.6125	-1.2227	-1.2227	0.0	0.884	0.884	0.0	712.228	238.119	2.991059092302588	278.826	-30.733	-309.559
1418519	cid22	zenjxl	5	4.5	7828	7924	96	-3.762	-2.582	1.1800000000000002	68.4884	68.4884	-1.182	-1.182	0.0	-0.038	-0.038	0.0	692.975	352.677	1.9648998942375033	302.619	1.617	-301.002
1418519	cid22	zenjxl	5	4.75	7276	7451	175	-8.616	-6.418	2.1979999999999995	67.5575	67.5575	-1.2378	-1.2378	0.0	7.603	7.603	0.0	770.034	302.29	2.547335340236197	582.327	6.533	-575.794
1418519	cid22	zenjxl	5	5.0	7165	7282	117	-6.912	-5.392	1.5199999999999996	66.4504	66.4504	-0.7789	-0.7789	0.0	0.801	0.801	0.0	654.239	100.259	6.525488983532651	539.489	2.547	-536.942
1418519	cid22	zenjxl	6	0.25	59638	59538	-100	2.283	2.111	-0.1719999999999997	92.7852	92.7852	-0.1658	-0.1658	0.0	0.118	0.118	0.0	1274.388	533.754	2.3875942850077	554.62	4.263	-550.357
1418519	cid22	zenjxl	6	0.5	37849	37705	-144	2.162	1.773	-0.389	91.0872	91.0872	0.0405	0.0405	0.0	0.161	0.161	0.0	1104.892	498.254	2.2175276064015543	763.367	-9.838	-773.2049999999999
1418519	cid22	zenjxl	6	0.75	26237	26238	1	-0.137	-0.133	0.0040000000000000036	89.3982	89.3982	0.1425	0.1425	0.0	2.112	2.112	0.0	1107.893	482.818	2.29463897369195	407.215	-8.037	-415.25199999999995
1418519	cid22	zenjxl	6	1.0	21682	21675	-7	-1.239	-1.271	-0.031999999999999806	87.8826	87.8826	0.2472	0.2472	0.0	3.106	3.106	0.0	1076.844	400.511	2.688675217409759	313.329	-57.758	-371.087
1418519	cid22	zenjxl	6	1.25	19165	19199	34	0.063	0.24	0.177	86.2647	86.2647	0.124	0.124	0.0	-5.053	-5.053	0.0	1037.027	438.616	2.364316395206741	244.491	-19.152	-263.64300000000003
1418519	cid22	zenjxl	6	1.5	16855	16852	-3	-1.3	-1.318	-0.018000000000000016	84.6278	84.6278	-0.2829	-0.2829	0.0	-0.353	-0.353	0.0	1023.48	555.781	1.8415167125180605	309.13	-1.964	-311.094
1418519	cid22	zenjxl	6	1.75	15176	15233	57	-3.078	-2.714	0.3639999999999999	83.2943	83.2943	0.0398	0.0398	0.0	0.114	0.114	0.0	994.609	545.532	1.823190940219822	386.876	-5.051	-391.92699999999996
1418519	cid22	zenjxl	6	2.0	14715	14733	18	2.159	2.284	0.125	82.0372	82.0372	0.1178	0.1178	0.0	-0.001	-0.001	0.0	937.861	596.129	1.5732517626218485	332.004	-30.327	-362.331
1418519	cid22	zenjxl	6	2.25	13578	13670	92	1.525	2.213	0.6880000000000002	80.6412	80.6412	-0.0136	-0.0136	0.0	1.373	1.373	0.0	903.241	435.638	2.0733751417461286	276.301	-52.617	-328.918
1418519	cid22	zenjxl	6	2.5	12558	12674	116	0.916	1.848	0.932	78.9667	78.9667	-0.4145	-0.4145	0.0	0.046	0.046	0.0	872.472	553.041	1.5775900882574707	283.771	-15.998	-299.769
1418519	cid22	zenjxl	6	2.75	12104	12154	50	2.118	2.539	0.42100000000000026	77.7712	77.7712	-0.1585	-0.1585	0.0	0.344	0.344	0.0	921.955	485.001	1.900934224877887	354.926	76.924	-278.00199999999995
1418519	cid22	zenjxl	6	3.0	11145	11228	83	-0.677	0.062	0.7390000000000001	75.9553	75.9553	-1.2792	-1.2792	0.0	11.85	11.85	0.0	863.463	588.529	1.467154549733318	293.723	-37.32	-331.043
1418519	cid22	zenjxl	6	3.25	10416	10495	79	-1.382	-0.634	0.7479999999999999	74.9635	74.9635	-0.8855	-0.8855	0.0	6.092	6.092	0.0	865.659	174.221	4.96874085213608	215.162	-73.93	-289.092
1418519	cid22	zenjxl	6	3.5	9929	10046	117	-1.887	-0.731	1.1560000000000001	73.1631	73.1631	-1.5344	-1.5344	0.0	15.715	15.715	0.0	756.866	659.166	1.1482175961745598	175.901	-1.466	-177.36700000000002
1418519	cid22	zenjxl	6	3.75	9465	9559	94	-2.261	-1.291	0.9700000000000002	71.9788	71.9788	-1.3603	-1.3603	0.0	0.405	0.405	0.0	858.602	613.353	1.3998496787331276	249.293	-56.945	-306.238
1418519	cid22	zenjxl	6	4.0	9127	9220	93	-1.797	-0.796	1.001	71.8305	71.8305	-1.0601	-1.0601	0.0	-9.543	-9.543	0.0	857.988	1156.228	0.7420577948293935	189.168	69.514	-119.65400000000001
1418519	cid22	zenjxl	6	4.25	8996	9115	119	-2.461	-1.171	1.2899999999999998	70.772	70.772	-1.0853	-1.0853	0.0	3.046	3.046	0.0	903.119	704.103	1.2826518279285843	246.882	-39.672	-286.554
1418519	cid22	zenjxl	6	4.5	8541	8636	95	-2.689	-1.606	1.083	69.5792	69.5792	-1.2222	-1.2222	0.0	4.844	4.844	0.0	865.799	875.56	0.9888517063365161	256.43	20.717	-235.71300000000002
1418519	cid22	zenjxl	6	4.75	7789	7964	175	-6.975	-4.885	2.09	68.6999	68.6999	-1.5229	-1.5229	0.0	0.01	0.01	0.0	848.242	625.361	1.3564037411990835	298.284	69.637	-228.647
1418519	cid22	zenjxl	6	5.0	7678	7789	111	-5.849	-4.488	1.3609999999999998	68.0034	68.0034	-0.8843	-0.8843	0.0	0.267	0.267	0.0	843.891	517.51	1.6306757357345751	285.965	37.25	-248.71499999999997
1418519	cid22	zenjxl	7	0.25	59653	59557	-96	2.622	2.457	-0.16500000000000004	92.861	92.861	-0.1136	-0.1136	0.0	0.497	0.497	0.0	1346.647	812.781	1.6568386810223172	318.764	32.529	-286.235
1418519	cid22	zenjxl	7	0.5	37910	37764	-146	2.698	2.303	-0.395	91.0001	91.0001	-0.2657	-0.2657	0.0	1.011	1.011	0.0	1213.128	302.401	4.011653400617061	367.026	-29.215	-396.241
1418519	cid22	zenjxl	7	0.75	26219	26220	1	-0.145	-0.141	0.0040000000000000036	89.5953	89.5953	0.0451	0.0451	0.0	1.84	1.84	0.0	1225.47	423.881	2.89107084299603	327.145	-76.399	-403.544
1418519	cid22	zenjxl	7	1.0	21685	21675	-10	-1.194	-1.239	-0.04500000000000015	87.8455	87.8455	-0.4398	-0.4398	0.0	2.652	2.652	0.0	1119.776	512.009	2.187024056217762	267.639	-49.903	-317.54200000000003
1418519	cid22	zenjxl	7	1.25	19188	19219	31	0.329	0.492	0.16299999999999998	86.2809	86.2809	-0.353	-0.353	0.0	-5.062	-5.062	0.0	1101.825	543.533	2.027153825066739	197.872	-27.489	-225.36100000000002
1418519	cid22	zenjxl	7	1.5	16878	16851	-27	-0.997	-1.156	-0.15899999999999992	84.693	84.693	-0.4479	-0.4479	0.0	-0.009	-0.009	0.0	988.063	607.105	1.6274993617249074	212.591	-5.895	-218.48600000000002
1418519	cid22	zenjxl	7	1.75	15174	15228	54	-3.011	-2.665	0.3460000000000001	83.2224	83.2224	-0.7146	-0.7146	0.0	-0.069	-0.069	0.0	1135.691	753.46	1.507300984790168	193.288	7.135	-186.15300000000002
1418519	cid22	zenjxl	7	2.0	13940	13988	48	-3.262	-2.929	0.3330000000000002	81.7266	81.7266	-0.2	-0.2	0.0	0.088	0.088	0.0	1012.145	676.904	1.4952563435878647	205.326	-27.551	-232.87699999999998
1418519	cid22	zenjxl	7	2.25	12930	13034	104	-3.305	-2.528	0.7770000000000001	80.2593	80.2593	-0.6942	-0.6942	0.0	2.199	2.199	0.0	955.138	563.617	1.6946578971180786	238.072	-28.012	-266.084
1418519	cid22	zenjxl	7	2.5	12036	12122	86	-3.426	-2.736	0.69	78.5507	78.5507	-0.997	-0.997	0.0	0.22	0.22	0.0	909.12	798.644	1.138329468449021	263.722	11.827	-251.89499999999998
1418519	cid22	zenjxl	7	2.75	11611	11642	31	-2.075	-1.813	0.26200000000000023	77.358	77.358	-0.7535	-0.7535	0.0	0.343	0.343	0.0	834.567	248.645	3.3564600132719336	221.454	-15.237	-236.691
1418519	cid22	zenjxl	7	3.0	10915	11007	92	-3.029	-2.212	0.8169999999999997	75.4092	75.4092	-1.6563	-1.6563	0.0	15.055	15.055	0.0	916.335	304.843	3.005924361064548	346.074	-2.859	-348.933
1418519	cid22	zenjxl	7	3.25	10270	10366	96	-3.013	-2.106	0.907	74.5601	74.5601	-1.3411	-1.3411	0.0	3.465	3.465	0.0	938.043	310.519	3.0208876107420157	276.335	-15.473	-291.808
1418519	cid22	zenjxl	7	3.5	10031	10095	64	-1.338	-0.708	0.6300000000000001	72.7405	72.7405	-1.8408	-1.8408	0.0	10.863	10.863	0.0	924.453	540.637	1.7099329124717695	338.782	32.167	-306.615
1418519	cid22	zenjxl	7	3.75	9435	9524	89	-3.251	-2.338	0.9129999999999998	71.7049	71.7049	-2.216	-2.216	0.0	1.168	1.168	0.0	851.23	380.073	2.239648699065706	291.074	-20.17	-311.244
1418519	cid22	zenjxl	7	4.0	8644	8747	103	-7.561	-6.459	1.1020000000000003	71.3451	71.3451	-1.6504	-1.6504	0.0	-9.395	-9.395	0.0	920.543	420.044	2.191539457771091	167.814	-38.126	-205.94
1418519	cid22	zenjxl	7	4.25	8987	9068	81	-2.156	-1.274	0.8820000000000001	70.1029	70.1029	-1.9392	-1.9392	0.0	3.036	3.036	0.0	974.763	544.264	1.7909746005614922	273.163	-11.911	-285.074
1418519	cid22	zenjxl	7	4.5	8359	8467	108	-5.473	-4.252	1.221	69.2063	69.2063	-1.7643	-1.7643	0.0	4.696	4.696	0.0	914.505	566.849	1.6133132456791843	276.263	38.222	-238.04099999999997
1418519	cid22	zenjxl	7	4.75	7642	7797	155	-9.283	-7.443	1.8399999999999999	68.2386	68.2386	-1.9855	-1.9855	0.0	0.011	0.011	0.0	817.695	435.277	1.8785623867100723	246.303	17.351	-228.952
1418519	cid22	zenjxl	7	5.0	7386	7466	80	-9.762	-8.784	0.9779999999999998	67.6653	67.6653	-1.6119	-1.6119	0.0	0.507	0.507	0.0	861.619	310.995	2.770523641859194	209.635	-30.46	-240.095
1418519	cid22	zenjxl	8	0.25	60555	60412	-143	2.95	2.707	-0.24300000000000033	92.8023	92.8023	-0.0739	-0.0739	0.0	-16.418	-16.418	0.0	1793.752	1262.073	1.4212743636857772	176.989	-44.857	-221.846
1418519	cid22	zenjxl	8	0.5	37086	37020	-66	2.056	1.874	-0.18199999999999994	91.1675	91.1675	-0.4147	-0.4147	0.0	4.665	4.665	0.0	1489.327	1825.438	0.8158737793340557	88.569	14.608	-73.961
1418519	cid22	zenjxl	8	0.75	26064	26042	-22	-0.119	-0.203	-0.08400000000000002	89.9818	89.9818	-0.1196	-0.1196	0.0	10.8	10.8	0.0	1555.66	2143.058	0.7259066250190149	93.196	-12.186	-105.382
1418519	cid22	zenjxl	8	1.0	21449	21458	9	-1.727	-1.686	0.04100000000000015	88.2987	88.2987	-0.413	-0.413	0.0	4.475	4.475	0.0	1534.372	3409.304	0.45005432193785005	16.359	26.277	9.918
1418519	cid22	zenjxl	8	1.25	18924	18832	-92	0.382	-0.106	-0.488	86.5803	86.5803	-0.4949	-0.4949	0.0	-2.057	-2.057	0.0	1562.211	1870.418	0.8352202555792342	57.964	-9.944	-67.908
1418519	cid22	zenjxl	8	1.5	16433	16397	-36	-2.573	-2.787	-0.21399999999999997	84.8398	84.8398	-0.6219	-0.6219	0.0	9.291	9.291	0.0	1514.498	2357.785	0.6423393142292448	60.38	-9.616	-69.99600000000001
1418519	cid22	zenjxl	8	1.75	14831	14774	-57	-3.913	-4.282	-0.3690000000000002	83.649	83.649	-0.3246	-0.3246	0.0	-0.717	-0.717	0.0	1317.592	2098.821	0.6277772139691761	162.688	9.472	-153.21599999999998
1418519	cid22	zenjxl	8	2.0	13516	13480	-36	-3.684	-3.941	-0.2569999999999997	81.8214	81.8214	-0.6213	-0.6213	0.0	1.615	1.615	0.0	1267.686	2257.969	0.5614275483852966	31.519	-0.199	-31.718
1418519	cid22	zenjxl	8	2.25	12542	12518	-24	-4.384	-4.567	-0.18299999999999983	80.3327	80.3327	-0.6416	-0.6416	0.0	3.124	3.124	0.0	1191.108	1936.446	0.6151000337732113	40.665	-17.75	-58.415
1418519	cid22	zenjxl	8	2.5	11535	11497	-38	-5.163	-5.476	-0.3129999999999997	78.5279	78.5279	-1.0505	-1.0505	0.0	-11.01	-11.01	0.0	1299.217	2165.93	0.5998425618556464	64.639	24.872	-39.766999999999996
1418519	cid22	zenjxl	8	2.75	10987	10947	-40	-3.943	-4.293	-0.3500000000000001	77.1587	77.1587	-0.8911	-0.8911	0.0	-0.297	-0.297	0.0	1198.49	2239.238	0.5352222497117324	21.322	-3.491	-24.813
1418519	cid22	zenjxl	8	3.0	10568	10573	5	-2.039	-1.993	0.04600000000000004	75.8322	75.8322	-0.8117	-0.8117	0.0	3.103	3.103	0.0	1411.0	1843.11	0.7655538736157907	62.611	-29.611	-92.222
1418519	cid22	zenjxl	8	3.25	9582	9603	21	-6.708	-6.504	0.20400000000000063	74.595	74.595	-1.0724	-1.0724	0.0	-3.118	-3.118	0.0	1336.531	2222.751	0.6012958716473414	7.852	74.568	66.716
1418519	cid22	zenjxl	8	3.5	9548	9496	-52	-1.79	-2.325	-0.5350000000000001	73.0752	73.0752	-1.4492	-1.4492	0.0	1.01	1.01	0.0	1198.82	3494.12	0.34309640195528485	43.665	24.788	-18.877
1418519	cid22	zenjxl	8	3.75	8604	8584	-20	-7.255	-7.47	-0.21499999999999986	71.9579	71.9579	-1.7042	-1.7042	0.0	1.249	1.249	0.0	1493.324	2309.408	0.6466263215508045	89.616	-23.478	-113.094
1418519	cid22	zenjxl	8	4.0	8375	8333	-42	-6.236	-6.706	-0.47000000000000064	71.6929	71.6929	-0.6116	-0.6116	0.0	8.143	8.143	0.0	1457.437	2975.742	0.4897726348588015	45.289	11.121	-34.168
1418519	cid22	zenjxl	8	4.25	8715	8653	-62	-1.858	-2.556	-0.698	70.0887	70.0887	-1.2141	-1.2141	0.0	-0.117	-0.117	0.0	1538.419	2954.253	0.5207472075005086	65.371	-3.183	-68.554
1418519	cid22	zenjxl	8	4.5	8120	8169	49	-4.381	-3.804	0.5770000000000004	69.325	69.325	-1.0708	-1.0708	0.0	-5.803	-5.803	0.0	1560.936	2254.802	0.6922718713217391	31.869	-18.244	-50.113
1418519	cid22	zenjxl	8	4.75	7425	7433	8	-7.741	-7.642	0.09899999999999931	67.6873	67.6873	-2.0387	-2.0387	0.0	-4.906	-4.906	0.0	1337.767	3023.652	0.44243418224054887	27.23	29.606	2.3760000000000012
1418519	cid22	zenjxl	8	5.0	7079	7073	-6	-8.846	-8.924	-0.0779999999999994	66.8657	66.8657	-1.1103	-1.1103	0.0	-8.784	-8.784	0.0	1425.749	2264.025	0.6297408376674286	42.211	-20.469	-62.68
1418519	cid22	zenjxl	9	0.25	61617	61617	0	4.206	4.206	0.0	92.7926	92.7926	-0.0591	-0.0591	0.0	-0.519	-0.519	0.0	2023.112	5592.414	0.36176005567542036	24.136	61.808	37.672
1418519	cid22	zenjxl	9	0.5	37895	37895	0	3.984	3.984	0.0	91.1612	91.1612	-0.4054	-0.4054	0.0	-4.358	-4.358	0.0	1921.168	5178.777	0.3709694393097057	71.364	53.154	-18.21
1418519	cid22	zenjxl	9	0.75	26380	26380	0	0.968	0.968	0.0	89.9582	89.9582	-0.1199	-0.1199	0.0	8.424	8.424	0.0	1834.677	4642.916	0.3951561906353679	65.56	19.453	-46.107
1418519	cid22	zenjxl	9	1.0	21673	21673	0	-0.633	-0.633	0.0	88.3249	88.3249	-0.4166	-0.4166	0.0	2.827	2.827	0.0	1640.144	5406.557	0.30336201024052833	28.665	44.468	15.803000000000004
1418519	cid22	zenjxl	9	1.25	19098	19098	0	1.396	1.396	0.0	86.559	86.559	-0.529	-0.529	0.0	0.518	0.518	0.0	1891.856	5748.045	0.32913033909790196	62.573	28.35	-34.223
1418519	cid22	zenjxl	9	1.5	16666	16666	0	-1.127	-1.127	0.0	84.8699	84.8699	-0.6613	-0.6613	0.0	-1.134	-1.134	0.0	1770.254	4368.043	0.40527394075561984	36.849	-0.334	-37.183
1418519	cid22	zenjxl	9	1.75	14938	14938	0	-2.956	-2.956	0.0	83.6541	83.6541	-0.3195	-0.3195	0.0	-0.717	-0.717	0.0	1779.781	6258.836	0.28436293905128684	14.924	6.121	-8.802999999999999
1418519	cid22	zenjxl	9	2.0	13634	13634	0	-2.829	-2.829	0.0	81.8132	81.8132	-0.6248	-0.6248	0.0	0.059	0.059	0.0	1709.575	5774.449	0.296058550348267	24.528	59.188	34.660000000000004
1418519	cid22	zenjxl	9	2.25	12685	12685	0	-2.975	-2.975	0.0	80.3327	80.3327	-0.6416	-0.6416	0.0	3.124	3.124	0.0	1715.704	4557.696	0.37644107900131996	27.267	3.545	-23.722
1418519	cid22	zenjxl	9	2.5	11678	11678	0	-3.861	-3.861	0.0	78.5279	78.5279	-1.0393	-1.0393	0.0	-5.706	-5.706	0.0	1704.459	3802.325	0.44826757312959836	5.226	12.665	7.438999999999999
1418519	cid22	zenjxl	9	2.75	11150	11150	0	-2.038	-2.038	0.0	77.1587	77.1587	-0.8911	-0.8911	0.0	-0.297	-0.297	0.0	1607.652	6242.814	0.2575204066627646	-4.653	106.284	110.93700000000001
1418519	cid22	zenjxl	9	3.0	10660	10660	0	-1.04	-1.04	0.0	75.8667	75.8667	-0.7874	-0.7874	0.0	-7.19	-7.19	0.0	1927.167	6033.544	0.31940879191400606	19.497	70.597	51.099999999999994
1418519	cid22	zenjxl	9	3.25	9686	9686	0	-5.438	-5.438	0.0	74.595	74.595	-1.0838	-1.0838	0.0	-3.118	-3.118	0.0	1449.052	5414.674	0.26761574196341276	3.661	10.249	6.588000000000001
1418519	cid22	zenjxl	9	3.5	9698	9698	0	-0.01	-0.01	0.0	73.0752	73.0752	-1.4492	-1.4492	0.0	1.01	1.01	0.0	1602.132	6363.591	0.25176539472759957	16.469	104.563	88.094
1418519	cid22	zenjxl	9	3.75	8702	8702	0	-6.117	-6.117	0.0	71.9579	71.9579	-1.7863	-1.7863	0.0	1.239	1.239	0.0	1739.917	4669.563	0.3726081005867144	-2.561	12.041	14.602
1418519	cid22	zenjxl	9	4.0	8306	8306	0	-7.081	-7.081	0.0	71.0659	71.0659	-1.2424	-1.2424	0.0	7.866	7.866	0.0	1621.76	4916.726	0.32984551101688403	3.255	16.991	13.736
1418519	cid22	zenjxl	9	4.25	8707	8707	0	-1.571	-1.571	0.0	69.9344	69.9344	-1.3684	-1.3684	0.0	-4.665	-4.665	0.0	1698.537	5193.273	0.32706483945673565	3.575	61.761	58.186
1418519	cid22	zenjxl	9	4.5	8126	8126	0	-3.789	-3.789	0.0	68.5964	68.5964	-1.7993	-1.7993	0.0	-0.576	-0.576	0.0	1852.694	5272.889	0.3513622228725088	19.741	60.473	40.732
1418519	cid22	zenjxl	9	4.75	7327	7327	0	-8.675	-8.675	0.0	67.6336	67.6336	-2.0923	-2.0923	0.0	-4.083	-4.083	0.0	1697.193	3950.639	0.4295996166696071	13.941	9.145	-4.796000000000001
1418519	cid22	zenjxl	9	5.0	6966	6966	0	-10.313	-10.313	0.0	66.3034	66.3034	-1.6726	-1.6726	0.0	-5.497	-5.497	0.0	1860.276	3197.883	0.5817210948618196	31.072	11.791	-19.281
1420710	cid22	zenjxl	5	0.25	184049	184049	0	0.261	0.261	0.0	94.137	94.137	0.0008	0.0008	0.0	-0.324	-0.324	0.0	1237.135	401.343	3.0824880463842645	554.644	29.811	-524.833
1420710	cid22	zenjxl	5	0.5	134716	134716	0	0.043	0.043	0.0	91.546	91.546	-0.0015	-0.0015	0.0	0.619	0.619	0.0	964.172	245.497	3.9274288484176996	585.747	21.508	-564.2389999999999
1420710	cid22	zenjxl	5	0.75	109352	109352	0	-0.019	-0.019	0.0	89.0407	89.0407	-0.0143	-0.0143	0.0	-0.737	-0.737	0.0	732.342	147.123	4.97775330845619	367.762	-53.138	-420.9
1420710	cid22	zenjxl	5	1.0	92047	92047	0	-0.127	-0.127	0.0	86.6416	86.6416	-0.1395	-0.1395	0.0	0.397	0.397	0.0	764.289	199.258	3.8356753555691614	302.129	-70.593	-372.72200000000004
1420710	cid22	zenjxl	5	1.25	79548	79548	0	-0.218	-0.218	0.0	84.2024	84.2024	-0.0591	-0.0591	0.0	-2.839	-2.839	0.0	676.886	127.618	5.304001002993308	361.469	-77.866	-439.335
1420710	cid22	zenjxl	5	1.5	69949	69949	0	-0.294	-0.294	0.0	82.0026	82.0026	-0.1641	-0.1641	0.0	-0.413	-0.413	0.0	714.974	214.73	3.3296418758440836	377.549	-44.661	-422.21
1420710	cid22	zenjxl	5	1.75	62310	62310	0	-0.263	-0.263	0.0	79.8465	79.8465	-0.1834	-0.1834	0.0	-0.395	-0.395	0.0	743.751	156.629	4.748488466375958	421.133	-35.923	-457.056
1420710	cid22	zenjxl	5	2.0	55681	55681	0	0.034	0.034	0.0	77.4232	77.4232	-0.3573	-0.3573	0.0	0.336	0.336	0.0	653.323	301.796	2.164783496136463	320.915	-42.637	-363.552
1420710	cid22	zenjxl	5	2.25	50398	50398	0	1.798	1.798	0.0	75.5002	75.5002	-0.3492	-0.3492	0.0	-2.267	-2.267	0.0	625.769	250.113	2.501945120805396	351.418	-29.761	-381.17900000000003
1420710	cid22	zenjxl	5	2.5	44696	44696	0	1.453	1.453	0.0	73.8018	73.8018	-0.0529	-0.0529	0.0	0.32	0.32	0.0	601.796	207.653	2.898084785676104	311.663	-55.919	-367.582
1420710	cid22	zenjxl	5	2.75	41698	41698	0	5.479	5.479	0.0	71.8017	71.8017	-0.365	-0.365	0.0	-2.59	-2.59	0.0	627.233	188.915	3.3201863271841834	248.367	-58.934	-307.301
1420710	cid22	zenjxl	5	3.0	36225	36225	0	0.964	0.964	0.0	69.4296	69.4296	-0.8359	-0.8359	0.0	-2.071	-2.071	0.0	663.943	146.054	4.545873444068632	314.729	-58.211	-372.94
1420710	cid22	zenjxl	5	3.25	33437	33630	193	2.87	3.464	0.5939999999999999	67.8359	67.8359	-0.8291	-0.8291	0.0	-0.15	-0.15	0.0	603.256	298.459	2.0212357476236265	609.592	-26.523	-636.115
1420710	cid22	zenjxl	5	3.5	31529	31736	207	3.639	4.319	0.6800000000000002	66.1504	66.1504	-1.1435	-1.1435	0.0	3.358	3.358	0.0	599.411	148.569	4.034563064973177	329.032	-80.274	-409.306
1420710	cid22	zenjxl	5	3.75	29764	30006	242	4.074	4.92	0.8460000000000001	65.1607	65.1607	-0.7965	-0.7965	0.0	-0.726	-0.726	0.0	591.405	143.557	4.11965282083075	401.534	-23.657	-425.191
1420710	cid22	zenjxl	5	4.0	28299	28508	209	4.075	4.844	0.7690000000000001	62.5363	62.5363	-0.5741	-0.5741	0.0	-0.789	-0.789	0.0	582.189	153.247	3.799023798182019	374.677	-54.478	-429.15500000000003
1420710	cid22	zenjxl	5	4.25	27510	27679	169	4.581	5.223	0.6419999999999995	60.8108	60.8108	-0.8807	-0.8807	0.0	-0.756	-0.756	0.0	594.208	135.984	4.369690551829627	427.071	-60.412	-487.483
1420710	cid22	zenjxl	5	4.5	25939	26183	244	2.961	3.93	0.9690000000000003	59.5093	59.5093	-1.1227	-1.1227	0.0	-0.226	-0.226	0.0	596.6	230.992	2.582773429382836	316.182	35.001	-281.18100000000004
1420710	cid22	zenjxl	5	4.75	25185	25401	216	4.096	4.989	0.8929999999999998	58.0848	58.0848	-1.235	-1.235	0.0	0.13	0.13	0.0	529.402	105.234	5.030712507364541	390.622	-48.809	-439.43100000000004
1420710	cid22	zenjxl	5	5.0	24329	24550	221	4.591	5.541	0.9500000000000002	56.93	56.93	-1.0968	-1.0968	0.0	7.631	7.631	0.0	638.018	242.199	2.634271817802716	601.149	-37.122	-638.271
1420710	cid22	zenjxl	6	0.25	184051	184051	0	0.267	0.267	0.0	94.1329	94.1329	-0.0049	-0.0049	0.0	-0.324	-0.324	0.0	1202.633	351.178	3.4245681677098223	541.492	-26.016	-567.5079999999999
1420710	cid22	zenjxl	6	0.5	134774	134774	0	0.076	0.076	0.0	91.5294	91.5294	-0.0236	-0.0236	0.0	0.619	0.619	0.0	1006.834	194.543	5.17538025012465	508.225	-63.25	-571.475
1420710	cid22	zenjxl	6	0.75	109301	109301	0	-0.296	-0.296	0.0	89.039	89.039	0.0029	0.0029	0.0	-1.044	-1.044	0.0	857.754	343.671	2.495857957174158	206.73	-73.802	-280.532
1420710	cid22	zenjxl	6	1.0	91980	91980	0	-0.472	-0.472	0.0	86.6301	86.6301	-0.1141	-0.1141	0.0	-0.711	-0.711	0.0	866.129	289.017	2.996809876235654	174.306	-62.752	-237.05800000000002
1420710	cid22	zenjxl	6	1.25	79303	79303	0	-0.618	-0.618	0.0	84.1217	84.1217	-0.2389	-0.2389	0.0	-1.311	-1.311	0.0	765.321	317.235	2.4124734029977777	226.757	-45.587	-272.344
1420710	cid22	zenjxl	6	1.5	69859	69859	0	-0.65	-0.65	0.0	81.984	81.984	-0.2678	-0.2678	0.0	-0.849	-0.849	0.0	808.46	328.913	2.4579752092498626	266.259	-53.737	-319.99600000000004
1420710	cid22	zenjxl	6	1.75	62393	62393	0	-0.235	-0.235	0.0	79.8333	79.8333	-0.1773	-0.1773	0.0	-1.501	-1.501	0.0	793.407	297.166	2.669911766487418	239.393	-39.128	-278.521
1420710	cid22	zenjxl	6	2.0	56000	56000	0	0.107	0.107	0.0	77.5258	77.5258	-0.3453	-0.3453	0.0	-1.134	-1.134	0.0	713.308	355.963	2.0038824259824755	114.414	-57.039	-171.453
1420710	cid22	zenjxl	6	2.25	50331	50331	0	1.066	1.066	0.0	75.6851	75.6851	-0.2688	-0.2688	0.0	-2.559	-2.559	0.0	771.957	403.426	1.9135033438598406	287.557	-15.984	-303.541
1420710	cid22	zenjxl	6	2.5	46280	46280	0	4.439	4.439	0.0	74.0154	74.0154	0.1352	0.1352	0.0	-0.659	-0.659	0.0	701.506	418.756	1.6752142058860053	157.2	-47.567	-204.767
1420710	cid22	zenjxl	6	2.75	41346	41346	0	2.948	2.948	0.0	72.1186	72.1186	-0.5193	-0.5193	0.0	-0.797	-0.797	0.0	776.711	383.228	2.0267595269656704	223.052	-45.372	-268.424
1420710	cid22	zenjxl	6	3.0	36549	36549	0	-0.049	-0.049	0.0	69.6497	69.6497	-0.9847	-0.9847	0.0	-1.733	-1.733	0.0	749.755	248.244	3.0202341244904205	277.422	-61.618	-339.04
1420710	cid22	zenjxl	6	3.25	33662	33867	205	1.233	1.85	0.617	68.0478	68.0478	-1.0987	-1.0987	0.0	8.066	8.066	0.0	687.315	233.801	2.939743628128195	115.49	-53.609	-169.099
1420710	cid22	zenjxl	6	3.5	31789	31999	210	2.364	3.04	0.6760000000000002	66.3991	66.3991	-1.1935	-1.1935	0.0	6.564	6.564	0.0	784.434	589.199	1.3313566384192776	208.079	-16.446	-224.525
1420710	cid22	zenjxl	6	3.75	30029	30263	234	2.786	3.587	0.8010000000000002	65.5143	65.5143	-0.9909	-0.9909	0.0	0.131	0.131	0.0	767.694	289.71	2.649870560215388	189.109	-53.796	-242.905
1420710	cid22	zenjxl	6	4.0	28862	29081	219	3.333	4.117	0.7839999999999998	64.2027	64.2027	-0.9888	-0.9888	0.0	2.371	2.371	0.0	850.082	710.279	1.1968282886020845	257.715	-0.352	-258.06699999999995
1420710	cid22	zenjxl	6	4.25	27700	27887	187	3.377	4.075	0.6980000000000004	62.6635	62.6635	-1.1118	-1.1118	0.0	8.195	8.195	0.0	826.507	797.096	1.036897688609653	195.125	2.715	-192.41
1420710	cid22	zenjxl	6	4.5	26157	26395	238	1.64	2.565	0.925	61.2945	61.2945	-1.2924	-1.2924	0.0	3.165	3.165	0.0	873.191	410.356	2.127886518047744	313.03	-7.927	-320.957
1420710	cid22	zenjxl	6	4.75	25385	25593	208	3.015	3.859	0.8439999999999999	60.1699	60.1699	-1.6653	-1.6653	0.0	6.188	6.188	0.0	695.558	311.978	2.229509773125028	242.407	-64.418	-306.82500000000005
1420710	cid22	zenjxl	6	5.0	24533	24764	231	3.764	4.741	0.9769999999999999	59.3712	59.3712	-1.5056	-1.5056	0.0	16.812	16.812	0.0	709.792	636.474	1.115194022065316	283.188	51.435	-231.753
1420710	cid22	zenjxl	7	0.25	184051	184051	0	0.239	0.239	0.0	94.1329	94.1329	0.0359	0.0359	0.0	-0.324	-0.324	0.0	1206.695	409.575	2.946212537386315	397.135	-34.351	-431.486
1420710	cid22	zenjxl	7	0.5	134779	134779	0	0.081	0.081	0.0	91.489	91.489	-0.0925	-0.0925	0.0	0.678	0.678	0.0	1057.685	286.155	3.696196117488774	401.781	-57.284	-459.065
1420710	cid22	zenjxl	7	0.75	109311	109311	0	-0.307	-0.307	0.0	89.0366	89.0366	-0.0104	-0.0104	0.0	-1.044	-1.044	0.0	901.942	333.487	2.7045791889938737	228.862	-49.64	-278.502
1420710	cid22	zenjxl	7	1.0	91988	91988	0	-0.467	-0.467	0.0	86.6158	86.6158	-0.1342	-0.1342	0.0	-0.711	-0.711	0.0	941.14	348.366	2.701583966288329	246.463	-53.275	-299.738
1420710	cid22	zenjxl	7	1.25	79311	79311	0	-0.61	-0.61	0.0	84.1221	84.1221	-0.2475	-0.2475	0.0	-1.339	-1.339	0.0	769.106	255.496	3.0102467357610294	227.229	-71.684	-298.913
1420710	cid22	zenjxl	7	1.5	69859	69859	0	-0.62	-0.62	0.0	81.9617	81.9617	-0.2803	-0.2803	0.0	-0.849	-0.849	0.0	725.626	342.375	2.119389558232932	154.068	-37.006	-191.074
1420710	cid22	zenjxl	7	1.75	62393	62393	0	-0.225	-0.225	0.0	79.8094	79.8094	-0.214	-0.214	0.0	-1.501	-1.501	0.0	810.899	328.853	2.4658403602825576	246.233	-58.694	-304.927
1420710	cid22	zenjxl	7	2.0	55779	55779	0	-0.161	-0.161	0.0	77.4838	77.4838	-0.4162	-0.4162	0.0	-1.128	-1.128	0.0	808.824	356.444	2.269147467764922	240.994	-34.575	-275.569
1420710	cid22	zenjxl	7	2.25	50465	50465	0	1.36	1.36	0.0	75.5642	75.5642	-0.39	-0.39	0.0	-2.542	-2.542	0.0	752.982	199.134	3.7812829551959988	193.036	-67.494	-260.53
1420710	cid22	zenjxl	7	2.5	44945	44945	0	1.422	1.422	0.0	73.9591	73.9591	0.0672	0.0672	0.0	-0.627	-0.627	0.0	837.559	298.297	2.807802291005273	257.677	-11.818	-269.495
1420710	cid22	zenjxl	7	2.75	41414	41414	0	3.038	3.038	0.0	72.1101	72.1101	-0.5226	-0.5226	0.0	-0.797	-0.797	0.0	814.743	351.401	2.3185562932376405	168.987	-37.221	-206.208
1420710	cid22	zenjxl	7	3.0	36505	36505	0	-0.17	-0.17	0.0	69.5584	69.5584	-1.0853	-1.0853	0.0	-1.714	-1.714	0.0	847.371	417.637	2.0289653455033916	204.208	-41.029	-245.237
1420710	cid22	zenjxl	7	3.25	33605	33817	212	1.104	1.742	0.6379999999999999	68.0189	68.0189	-1.091	-1.091	0.0	8.066	8.066	0.0	756.61	470.491	1.60812852955742	171.072	-52.038	-223.11
1420710	cid22	zenjxl	7	3.5	30964	31184	220	-0.293	0.415	0.708	66.4137	66.4137	-1.1789	-1.1789	0.0	6.562	6.562	0.0	790.373	298.69	2.6461314406240586	212.385	-53.966	-266.351
1420710	cid22	zenjxl	7	3.75	30170	30389	219	3.276	4.026	0.75	65.5211	65.5211	-0.9607	-0.9607	0.0	0.131	0.131	0.0	730.904	481.884	1.5167633704376986	135.281	-11.412	-146.693
1420710	cid22	zenjxl	7	4.0	26702	26894	192	-4.393	-3.706	0.6869999999999998	64.1671	64.1671	-1.017	-1.017	0.0	2.371	2.371	0.0	817.97	857.369	0.9540466240323595	213.597	5.004	-208.59300000000002
1420710	cid22	zenjxl	7	4.25	27662	27851	189	3.236	3.941	0.7049999999999996	62.6783	62.6783	-1.097	-1.097	0.0	8.195	8.195	0.0	944.566	700.43	1.3485516040146768	157.462	17.185	-140.277
1420710	cid22	zenjxl	7	4.5	26101	26328	227	1.426	2.308	0.8819999999999999	61.3344	61.3344	-1.2413	-1.2413	0.0	3.165	3.165	0.0	830.354	510.359	1.6269998177753309	154.936	-25.962	-180.898
1420710	cid22	zenjxl	7	4.75	25228	25433	205	2.378	3.21	0.8319999999999999	60.181	60.181	-1.6542	-1.6542	0.0	6.188	6.188	0.0	800.996	496.285	1.613983900379822	222.667	-20.888	-243.555
1420710	cid22	zenjxl	7	5.0	24535	24766	231	3.773	4.75	0.9769999999999999	59.3781	59.3781	-1.4986	-1.4986	0.0	16.812	16.812	0.0	774.024	527.855	1.4663572382567183	219.086	-24.16	-243.246
1420710	cid22	zenjxl	8	0.25	194206	194120	-86	0.129	0.085	-0.044	94.5541	94.5541	0.084	0.084	0.0	6.649	6.649	0.0	1817.378	1402.476	1.295835365453669	70.019	-21.579	-91.59800000000001
1420710	cid22	zenjxl	8	0.5	138087	137993	-94	0.097	0.029	-0.068	91.7272	91.7272	-0.0222	-0.0222	0.0	0.787	0.787	0.0	1335.029	1002.917	1.3311460469809564	52.848	-31.324	-84.172
1420710	cid22	zenjxl	8	0.75	105612	105585	-27	-0.369	-0.394	-0.025000000000000022	88.5747	88.5747	-0.1134	-0.1134	0.0	-0.597	-0.597	0.0	1284.121	1465.454	0.8762615544397846	35.089	-40.309	-75.398
1420710	cid22	zenjxl	8	1.0	87985	87870	-115	-0.565	-0.695	-0.13	85.9772	85.9772	-0.1921	-0.1921	0.0	-1.401	-1.401	0.0	1398.519	1172.745	1.1925175549671925	19.06	-54.104	-73.164
1420710	cid22	zenjxl	8	1.25	75310	75179	-131	-0.648	-0.821	-0.17299999999999993	83.1121	83.1121	-0.3952	-0.3952	0.0	-0.003	-0.003	0.0	1325.318	2178.884	0.6082554188290886	3.456	-15.983	-19.439
1420710	cid22	zenjxl	8	1.5	65988	65875	-113	-0.822	-0.992	-0.17000000000000004	80.9299	80.9299	-0.3048	-0.3048	0.0	-1.214	-1.214	0.0	1249.941	2936.675	0.4256313688099636	7.294	3.55	-3.7439999999999998
1420710	cid22	zenjxl	8	1.75	58595	58473	-122	-0.464	-0.671	-0.20700000000000002	78.838	78.838	-0.24	-0.24	0.0	4.807	4.807	0.0	1309.495	2199.363	0.5953973946092573	22.039	-11.433	-33.472
1420710	cid22	zenjxl	8	2.0	52294	52184	-110	-0.356	-0.566	-0.20999999999999996	76.5142	76.5142	-0.4979	-0.4979	0.0	-6.088	-6.088	0.0	1208.84	1854.577	0.6518144029608908	13.33	-31.055	-44.385
1420710	cid22	zenjxl	8	2.25	47533	47366	-167	1.121	0.766	-0.355	74.3806	74.3806	-0.56	-0.56	0.0	2.296	2.296	0.0	1066.96	2880.864	0.3703611138880558	-10.305	-9.092	1.2129999999999992
1420710	cid22	zenjxl	8	2.5	41804	41650	-154	0.074	-0.294	-0.368	72.4894	72.4894	-0.4762	-0.4762	0.0	-1.256	-1.256	0.0	1037.209	3101.418	0.33443057336998755	6.647	10.081	3.4339999999999993
1420710	cid22	zenjxl	8	2.75	38733	38574	-159	2.844	2.422	-0.4219999999999997	70.7812	70.7812	-0.3959	-0.3959	0.0	-0.473	-0.473	0.0	1110.071	2474.031	0.4486892039752129	18.225	-2.213	-20.438000000000002
1420710	cid22	zenjxl	8	3.0	34749	34610	-139	0.856	0.453	-0.40299999999999997	68.5401	68.5401	-0.8605	-0.8605	0.0	0.493	0.493	0.0	1253.41	2732.001	0.4587882654508545	-3.907	-11.388	-7.481
1420710	cid22	zenjxl	8	3.25	32061	32085	24	1.829	1.906	0.07699999999999996	67.0814	67.0814	-0.8822	-0.8822	0.0	4.383	4.383	0.0	1272.657	1673.64	0.7604126335412633	10.726	-38.319	-49.045
1420710	cid22	zenjxl	8	3.5	29350	29450	100	0.222	0.563	0.34099999999999997	65.3979	65.3979	-0.9813	-0.9813	0.0	-2.584	-2.584	0.0	1087.929	2123.066	0.512432962517416	28.799	-21.301	-50.099999999999994
1420710	cid22	zenjxl	8	3.75	28625	28665	40	3.857	4.002	0.14499999999999957	64.0828	64.0828	-1.1239	-1.1239	0.0	-2.269	-2.269	0.0	1266.23	1279.146	0.9899026381664017	20.712	-41.245	-61.956999999999994
1420710	cid22	zenjxl	8	4.0	25005	25049	44	-4.768	-4.601	0.16699999999999982	62.4744	62.4744	-0.9916	-0.9916	0.0	-3.268	-3.268	0.0	1538.678	3032.999	0.5073123993776457	61.492	17.519	-43.973
1420710	cid22	zenjxl	8	4.25	25786	25855	69	2.741	3.016	0.2749999999999999	60.9569	60.9569	-1.2576	-1.2576	0.0	1.746	1.746	0.0	1414.982	2417.672	0.585266322313366	101.885	-20.48	-122.36500000000001
1420710	cid22	zenjxl	8	4.5	24222	24257	35	0.682	0.827	0.1449999999999999	59.734	59.734	-1.3479	-1.3479	0.0	3.086	3.086	0.0	1277.53	3222.722	0.396413342509841	36.453	56.85	20.397
1420710	cid22	zenjxl	8	4.75	23318	23329	11	2.03	2.078	0.04800000000000004	58.478	58.478	-1.3068	-1.3068	0.0	3.658	3.658	0.0	1412.974	2517.297	0.5613060357995103	77.239	-9.439	-86.678
1420710	cid22	zenjxl	8	5.0	22564	22571	7	3.438	3.47	0.03200000000000003	57.3028	57.3028	-1.5137	-1.5137	0.0	-6.954	-6.954	0.0	1427.938	2209.472	0.6462801972597978	66.772	17.665	-49.107000000000006
1420710	cid22	zenjxl	9	0.25	197450	197450	0	0.597	0.597	0.0	94.5908	94.5908	0.0587	0.0587	0.0	-5.156	-5.156	0.0	4343.044	8768.358	0.4953086997588374	178.378	198.299	19.92100000000002
1420710	cid22	zenjxl	9	0.5	139613	139613	0	0.524	0.524	0.0	91.8005	91.8005	-0.0559	-0.0559	0.0	-5.978	-5.978	0.0	2230.687	6274.642	0.3555082505105471	66.357	79.547	13.189999999999998
1420710	cid22	zenjxl	9	0.75	106199	106199	0	0.09	0.09	0.0	88.6293	88.6293	-0.0041	-0.0041	0.0	7.33	7.33	0.0	1963.131	3802.426	0.5162838145962604	32.617	42.67	10.053000000000004
1420710	cid22	zenjxl	9	1.0	88476	88476	0	-0.077	-0.077	0.0	85.9561	85.9561	-0.164	-0.164	0.0	-3.342	-3.342	0.0	2261.516	3254.273	0.6949373946193205	78.743	-9.821	-88.564
1420710	cid22	zenjxl	9	1.25	75520	75520	0	-0.472	-0.472	0.0	83.1454	83.1454	-0.287	-0.287	0.0	1.028	1.028	0.0	1564.404	4265.276	0.36677673379167025	-4.42	9.855	14.275
1420710	cid22	zenjxl	9	1.5	66161	66161	0	-0.508	-0.508	0.0	80.9377	80.9377	-0.3574	-0.3574	0.0	0.301	0.301	0.0	1843.602	3786.45	0.48689458463732527	6.045	25.312	19.267000000000003
1420710	cid22	zenjxl	9	1.75	58694	58694	0	-0.092	-0.092	0.0	78.8539	78.8539	-0.3009	-0.3009	0.0	-5.182	-5.182	0.0	1597.801	3159.293	0.505746380598444	11.136	1.883	-9.253
1420710	cid22	zenjxl	9	2.0	52507	52507	0	0.065	0.065	0.0	76.5451	76.5451	-0.5373	-0.5373	0.0	-8.239	-8.239	0.0	1954.133	2813.75	0.6944941803642826	23.144	-3.95	-27.093999999999998
1420710	cid22	zenjxl	9	2.25	47745	47745	0	1.652	1.652	0.0	74.3963	74.3963	-0.5645	-0.5645	0.0	0.372	0.372	0.0	1807.123	2610.708	0.6921965229355409	1.919	-7.845	-9.764
1420710	cid22	zenjxl	9	2.5	42021	42021	0	0.83	0.83	0.0	72.5561	72.5561	-0.4515	-0.4515	0.0	1.528	1.528	0.0	1663.091	2039.098	0.8156013099909861	12.185	-27.308	-39.493
1420710	cid22	zenjxl	9	2.75	38987	38987	0	3.73	3.73	0.0	70.7833	70.7833	-0.4026	-0.4026	0.0	-0.473	-0.473	0.0	1554.251	2308.459	0.6732850789206133	14.237	-31.545	-45.782000000000004
1420710	cid22	zenjxl	9	3.0	34961	34961	0	1.589	1.589	0.0	68.5401	68.5401	-0.8629	-0.8629	0.0	0.493	0.493	0.0	1451.792	2666.368	0.5444829820939945	-3.281	-0.642	2.6390000000000002
1420710	cid22	zenjxl	9	3.25	32167	32167	0	2.267	2.267	0.0	67.0823	67.0823	-0.876	-0.876	0.0	9.219	9.219	0.0	1615.982	2505.912	0.6448678165873343	9.536	-4.922	-14.457999999999998
1420710	cid22	zenjxl	9	3.5	29480	29480	0	0.759	0.759	0.0	65.3979	65.3979	-0.9813	-0.9813	0.0	-2.584	-2.584	0.0	1216.691	2790.451	0.43601948215539355	-9.381	-8.223	1.1579999999999995
1420710	cid22	zenjxl	9	3.75	28670	28670	0	4.171	4.171	0.0	64.0864	64.0864	-1.1188	-1.1188	0.0	0.777	0.777	0.0	1576.776	3260.981	0.4835281162325079	-9.162	7.873	17.035
1420710	cid22	zenjxl	9	4.0	25087	25087	0	-4.354	-4.354	0.0	62.4744	62.4744	-0.9916	-0.9916	0.0	-3.268	-3.268	0.0	1741.741	3391.635	0.5135402246998866	26.496	10.445	-16.051
1420710	cid22	zenjxl	9	4.25	25866	25866	0	3.27	3.27	0.0	60.9569	60.9569	-1.2576	-1.2576	0.0	1.746	1.746	0.0	1967.388	3001.413	0.6554872654979504	30.444	-6.357	-36.801
1420710	cid22	zenjxl	9	4.5	24294	24294	0	1.04	1.04	0.0	59.734	59.734	-1.3479	-1.3479	0.0	3.086	3.086	0.0	2078.945	4208.339	0.4940060674769785	62.614	74.708	12.094000000000001
1420710	cid22	zenjxl	9	4.75	23291	23291	0	1.997	1.997	0.0	58.478	58.478	-1.3068	-1.3068	0.0	3.658	3.658	0.0	1856.917	3516.217	0.5281007969644649	22.951	2.987	-19.964
1420710	cid22	zenjxl	9	5.0	22558	22558	0	3.411	3.411	0.0	57.3028	57.3028	-1.5137	-1.5137	0.0	-6.954	-6.954	0.0	1870.35	2738.937	0.68287441441698	24.1	-14.868	-38.968
1475938	cid22	zenjxl	5	0.25	84170	84118	-52	-0.055	-0.116	-0.061000000000000006	92.9687	92.9687	-0.0749	-0.0749	0.0	0.025	0.025	0.0	1143.831	447.727	2.5547509978178664	459.158	38.598	-420.56
1475938	cid22	zenjxl	5	0.5	55049	55001	-48	-0.263	-0.35	-0.08699999999999997	91.1727	91.1727	0.0113	0.0113	0.0	-31.934	-31.934	0.0	942.866	400.178	2.3561165281449754	595.664	6.662	-589.002
1475938	cid22	zenjxl	5	0.75	40357	40457	100	0.278	0.527	0.249	89.4023	89.4023	0.0156	0.0156	0.0	-6.064	-6.064	0.0	847.693	215.892	3.9264678635614105	412.762	-45.026	-457.788
1475938	cid22	zenjxl	5	1.0	33775	33912	137	1.162	1.572	0.41000000000000014	87.6541	87.6541	0.26	0.26	0.0	-3.569	-3.569	0.0	793.351	229.235	3.4608633062141467	406.97	-36.481	-443.451
1475938	cid22	zenjxl	5	1.25	29219	29363	144	0.696	1.192	0.496	85.8384	85.8384	-0.1844	-0.1844	0.0	-0.461	-0.461	0.0	814.437	218.382	3.72941451218507	444.215	-49.286	-493.501
1475938	cid22	zenjxl	5	1.5	26201	26393	192	2.228	2.977	0.7489999999999997	84.0424	84.0424	-0.3358	-0.3358	0.0	-1.489	-1.489	0.0	762.062	182.697	4.171179603387029	390.197	-41.65	-431.847
1475938	cid22	zenjxl	5	1.75	23254	23487	233	1.078	2.091	1.0130000000000001	82.3254	82.3254	0.0196	0.0196	0.0	0.802	0.802	0.0	751.148	286.92	2.6179701658999024	278.945	-46.88	-325.825
1475938	cid22	zenjxl	5	2.0	21306	21522	216	1.636	2.667	1.031	80.5173	80.5173	-0.5186	-0.5186	0.0	-0.266	-0.266	0.0	729.465	380.527	1.9169861796928997	438.163	-0.318	-438.481
1475938	cid22	zenjxl	5	2.25	19583	19797	214	1.309	2.416	1.107	79.3019	79.3019	-0.4542	-0.4542	0.0	1.422	1.422	0.0	760.396	277.591	2.7392674834558757	479.676	-40.769	-520.4449999999999
1475938	cid22	zenjxl	5	2.5	18011	18205	194	0.761	1.846	1.085	77.304	77.304	-0.7567	-0.7567	0.0	0.026	0.026	0.0	659.302	245.459	2.685996439323879	374.946	-30.982	-405.928
1475938	cid22	zenjxl	5	2.75	16835	16975	140	1.008	1.848	0.8400000000000001	76.0694	76.0694	-0.8628	-0.8628	0.0	0.29	0.29	0.0	702.604	315.877	2.224296165912681	398.504	1.471	-397.033
1475938	cid22	zenjxl	5	3.0	15678	15894	216	0.429	1.813	1.384	74.2277	74.2277	-0.5678	-0.5678	0.0	1.329	1.329	0.0	786.821	141.549	5.558647535482413	475.879	-69.599	-545.4780000000001
1475938	cid22	zenjxl	5	3.25	14680	14897	217	0.562	2.048	1.486	72.6258	72.6258	-0.9077	-0.9077	0.0	-0.873	-0.873	0.0	698.357	158.404	4.408708113431479	480.905	-52.002	-532.9069999999999
1475938	cid22	zenjxl	5	3.5	13716	13840	124	0.587	1.496	0.909	70.581	70.581	-0.4985	-0.4985	0.0	0.489	0.489	0.0	668.82	182.015	3.6745323187649377	319.063	-52.922	-371.985
1475938	cid22	zenjxl	5	3.75	12954	13148	194	0.131	1.631	1.5	69.3686	69.3686	-0.6109	-0.6109	0.0	0.875	0.875	0.0	667.794	315.051	2.1196377729320015	476.78	-16.038	-492.818
1475938	cid22	zenjxl	5	4.0	12335	12516	181	0.751	2.23	1.479	66.9876	66.9876	-0.6556	-0.6556	0.0	-0.084	-0.084	0.0	650.867	160.997	4.042727504239209	356.925	-45.93	-402.855
1475938	cid22	zenjxl	5	4.25	11691	11937	246	-2.38	-0.326	2.054	65.8466	65.8466	-0.7416	-0.7416	0.0	-2.435	-2.435	0.0	684.509	383.679	1.7840668892485647	508.591	-2.849	-511.44
1475938	cid22	zenjxl	5	4.5	11374	11578	204	0.326	2.126	1.7999999999999998	64.2836	64.2836	-0.9769	-0.9769	0.0	2.834	2.834	0.0	649.949	173.731	3.741122770259769	170.292	-45.069	-215.361
1475938	cid22	zenjxl	5	4.75	10670	10881	211	-1.903	0.037	1.94	63.062	63.062	-0.9709	-0.9709	0.0	0.065	0.065	0.0	661.162	200.815	3.2923934965017554	394.911	-66.506	-461.41700000000003
1475938	cid22	zenjxl	5	5.0	10405	10639	234	0.241	2.495	2.254	61.764	61.764	-0.9958	-0.9958	0.0	0.179	0.179	0.0	629.056	190.154	3.3081397183335617	235.843	-60.392	-296.235
1475938	cid22	zenjxl	6	0.25	83983	83930	-53	-0.075	-0.138	-0.06300000000000001	93.0103	93.0103	0.0868	0.0868	0.0	1.757	1.757	0.0	1103.568	298.784	3.6935311127771233	429.044	-19.265	-448.30899999999997
1475938	cid22	zenjxl	6	0.5	54861	54814	-47	0.438	0.352	-0.08600000000000002	91.2685	91.2685	0.0752	0.0752	0.0	-31.812	-31.812	0.0	973.492	350.263	2.779317255890574	513.864	-3.858	-517.722
1475938	cid22	zenjxl	6	0.75	40455	40542	87	0.153	0.369	0.216	89.4044	89.4044	-0.2188	-0.2188	0.0	-4.309	-4.309	0.0	929.235	283.588	3.2767077591435463	193.137	-53.046	-246.183
1475938	cid22	zenjxl	6	1.0	34002	34138	136	1.329	1.734	0.405	87.6423	87.6423	-0.0865	-0.0865	0.0	0.642	0.642	0.0	1000.163	618.866	1.6161220684283837	323.401	2.849	-320.552
1475938	cid22	zenjxl	6	1.25	29357	29487	130	0.638	1.083	0.44499999999999995	85.7909	85.7909	-0.0843	-0.0843	0.0	7.465	7.465	0.0	926.613	377.175	2.456719029628157	233.556	-38.936	-272.492
1475938	cid22	zenjxl	6	1.5	26498	26691	193	2.535	3.281	0.746	84.0056	84.0056	-0.3271	-0.3271	0.0	4.831	4.831	0.0	880.855	546.059	1.613113235016729	219.294	-33.059	-252.353
1475938	cid22	zenjxl	6	1.75	23514	23739	225	0.569	1.531	0.962	82.3509	82.3509	-0.6039	-0.6039	0.0	3.481	3.481	0.0	866.171	465.157	1.8621046227402793	120.046	-22.67	-142.716
1475938	cid22	zenjxl	6	2.0	21689	21861	172	1.597	2.403	0.806	80.3697	80.3697	-0.7916	-0.7916	0.0	-0.947	-0.947	0.0	834.17	416.003	2.0052018855633253	309.013	-18.977	-327.98999999999995
1475938	cid22	zenjxl	6	2.25	19948	20160	212	1.921	3.004	1.083	79.0506	79.0506	-0.3752	-0.3752	0.0	4.079	4.079	0.0	908.373	359.648	2.5257279339798915	172.22	-44.105	-216.325
1475938	cid22	zenjxl	6	2.5	18469	18658	189	1.006	2.04	1.034	77.3041	77.3041	-0.6626	-0.6626	0.0	3.399	3.399	0.0	741.527	527.103	1.4067971534975139	169.872	-25.707	-195.579
1475938	cid22	zenjxl	6	2.75	17369	17536	167	1.537	2.514	0.9769999999999999	76.1935	76.1935	-0.7052	-0.7052	0.0	-3.713	-3.713	0.0	807.225	361.978	2.2300388421395776	154.002	-43.039	-197.041
1475938	cid22	zenjxl	6	3.0	16125	16340	215	0.888	2.234	1.346	74.2788	74.2788	-0.7574	-0.7574	0.0	3.212	3.212	0.0	838.065	291.965	2.870429674789787	212.132	-66.862	-278.994
1475938	cid22	zenjxl	6	3.25	15188	15391	203	0.991	2.341	1.35	72.8205	72.8205	-0.7831	-0.7831	0.0	5.576	5.576	0.0	828.1	372.798	2.221310200162018	271.006	-49.45	-320.45599999999996
1475938	cid22	zenjxl	6	3.5	14402	14557	155	1.23	2.32	1.0899999999999999	70.9046	70.9046	-0.3832	-0.3832	0.0	-5.825	-5.825	0.0	775.238	254.007	3.0520339990630183	164.797	-65.335	-230.132
1475938	cid22	zenjxl	6	3.75	13536	13760	224	0.445	2.107	1.6620000000000001	69.623	69.623	-0.8355	-0.8355	0.0	5.219	5.219	0.0	790.625	256.845	3.078218380735463	190.414	-56.856	-247.26999999999998
1475938	cid22	zenjxl	6	4.0	12986	13175	189	0.039	1.494	1.455	68.8068	68.8068	-0.7856	-0.7856	0.0	-8.836	-8.836	0.0	860.11	387.981	2.2168869094105124	258.153	-48.835	-306.988
1475938	cid22	zenjxl	6	4.25	12296	12542	246	-1.118	0.86	1.9780000000000002	66.7311	66.7311	-1.15	-1.15	0.0	0.439	0.439	0.0	894.751	465.931	1.9203508674031133	306.152	-18.613	-324.765
1475938	cid22	zenjxl	6	4.5	11976	12173	197	0.579	2.234	1.655	65.2715	65.2715	-1.1938	-1.1938	0.0	0.724	0.724	0.0	994.376	523.76	1.8985336795478844	227.427	-39.12	-266.54699999999997
1475938	cid22	zenjxl	6	4.75	11134	11335	201	-0.474	1.323	1.797	64.3016	64.3016	-1.3501	-1.3501	0.0	8.918	8.918	0.0	877.678	357.025	2.4583096421819204	121.987	-37.127	-159.114
1475938	cid22	zenjxl	6	5.0	10851	11084	233	1.63	3.812	2.182	62.687	62.687	-1.3831	-1.3831	0.0	3.558	3.558	0.0	893.482	704.371	1.2684820925336222	263.741	-9.611	-273.352
1475938	cid22	zenjxl	7	0.25	83956	83894	-62	-0.26	-0.334	-0.07400000000000001	92.9477	92.9477	-0.0437	-0.0437	0.0	-5.456	-5.456	0.0	1077.081	577.84	1.8639779177627023	254.984	12.556	-242.428
1475938	cid22	zenjxl	7	0.5	54903	54877	-26	-0.385	-0.432	-0.046999999999999986	91.1141	91.1141	-0.3	-0.3	0.0	-1.933	-1.933	0.0	994.556	264.812	3.7557059347763695	386.876	-22.275	-409.15099999999995
1475938	cid22	zenjxl	7	0.75	40425	40509	84	-0.23	-0.022	0.20800000000000002	89.6458	89.6458	-0.1934	-0.1934	0.0	-3.58	-3.58	0.0	1083.792	476.255	2.2756548487679917	195.153	-33.118	-228.271
1475938	cid22	zenjxl	7	1.0	33982	34115	133	1.14	1.536	0.39600000000000013	87.7004	87.7004	-0.1414	-0.1414	0.0	-0.115	-0.115	0.0	997.599	520.018	1.9183932094658263	214.145	-9.18	-223.32500000000002
1475938	cid22	zenjxl	7	1.25	29415	29545	130	0.926	1.372	0.44600000000000006	85.9194	85.9194	-0.158	-0.158	0.0	7.368	7.368	0.0	945.591	350.143	2.7005851894797273	199.337	-59.39	-258.727
1475938	cid22	zenjxl	7	1.5	26505	26693	188	2.641	3.369	0.7280000000000002	84.2268	84.2268	-0.2992	-0.2992	0.0	4.577	4.577	0.0	767.01	538.586	1.4241179681610736	108.808	-34.332	-143.14000000000001
1475938	cid22	zenjxl	7	1.75	23507	23733	226	0.69	1.658	0.968	82.4141	82.4141	-0.6133	-0.6133	0.0	1.817	1.817	0.0	892.658	492.933	1.8109114220391007	295.843	-50.367	-346.21000000000004
1475938	cid22	zenjxl	7	2.0	21244	21423	179	-0.286	0.554	0.8400000000000001	80.2438	80.2438	-1.0295	-1.0295	0.0	-0.947	-0.947	0.0	774.004	579.322	1.3360514532505239	76.736	1.792	-74.944
1475938	cid22	zenjxl	7	2.25	19442	19645	203	-0.532	0.506	1.038	78.8401	78.8401	-1.1144	-1.1144	0.0	-0.787	-0.787	0.0	828.793	335.757	2.46843103792326	141.336	-72.05	-213.38600000000002
1475938	cid22	zenjxl	7	2.5	18077	18266	189	-1.035	0.0	1.035	77.1965	77.1965	-1.162	-1.162	0.0	3.4	3.4	0.0	824.097	483.697	1.7037463536056663	177.725	-50.841	-228.566
1475938	cid22	zenjxl	7	2.75	17078	17234	156	-0.17	0.742	0.912	75.8244	75.8244	-1.2801	-1.2801	0.0	-3.773	-3.773	0.0	949.957	266.585	3.5634300504529515	170.098	-64.694	-234.79200000000003
1475938	cid22	zenjxl	7	3.0	15934	16115	181	-0.655	0.474	1.129	73.9404	73.9404	-1.5484	-1.5484	0.0	3.246	3.246	0.0	872.28	768.112	1.135615639385923	100.477	-3.303	-103.78
1475938	cid22	zenjxl	7	3.25	14772	14934	162	-2.218	-1.145	1.073	71.9847	71.9847	-1.8498	-1.8498	0.0	3.075	3.075	0.0	891.692	315.294	2.8281286672121895	159.654	-58.93	-218.584
1475938	cid22	zenjxl	7	3.5	13984	14193	209	-2.455	-0.997	1.4580000000000002	70.4474	70.4474	-1.1637	-1.1637	0.0	-5.96	-5.96	0.0	786.883	459.016	1.7142822908133921	241.047	-8.696	-249.743
1475938	cid22	zenjxl	7	3.75	13247	13443	196	-1.968	-0.518	1.45	69.0997	69.0997	-1.42	-1.42	0.0	7.777	7.777	0.0	908.581	511.39	1.7766890240325388	49.687	-25.466	-75.15299999999999
1475938	cid22	zenjxl	7	4.0	12793	12977	184	-1.841	-0.43	1.411	68.0552	68.0552	-1.6055	-1.6055	0.0	11.414	11.414	0.0	908.829	762.547	1.1918334214153357	163.897	-28.835	-192.732
1475938	cid22	zenjxl	7	4.25	12053	12230	177	-3.507	-2.09	1.4170000000000003	66.0361	66.0361	-1.6326	-1.6326	0.0	0.766	0.766	0.0	901.073	950.889	0.9476111302160399	137.692	3.389	-134.303
1475938	cid22	zenjxl	7	4.5	11632	11820	188	-2.539	-0.964	1.5750000000000002	64.3275	64.3275	-1.8401	-1.8401	0.0	5.254	5.254	0.0	877.665	628.784	1.3958131886307539	184.852	-12.918	-197.77
1475938	cid22	zenjxl	7	4.75	10856	11069	213	-3.554	-1.661	1.8929999999999998	63.4478	63.4478	-2.0342	-2.0342	0.0	3.604	3.604	0.0	948.962	494.385	1.9194797576787321	178.144	-14.809	-192.953
1475938	cid22	zenjxl	7	5.0	10369	10571	202	-3.705	-1.829	1.8760000000000001	61.7523	61.7523	-2.5051	-2.5051	0.0	0.951	0.951	0.0	922.157	507.718	1.8162779338136525	133.435	-28.247	-161.68200000000002
1475938	cid22	zenjxl	8	0.25	83092	82989	-103	-0.301	-0.425	-0.124	93.1338	93.1338	0.1501	0.1501	0.0	-6.573	-6.573	0.0	1610.563	1371.499	1.1743085485297475	50.348	-54.936	-105.28399999999999
1475938	cid22	zenjxl	8	0.5	53401	53219	-182	0.124	-0.217	-0.34099999999999997	90.9937	90.9937	-0.0733	-0.0733	0.0	-4.956	-4.956	0.0	1396.255	1626.56	0.8584097727719852	45.368	-39.546	-84.914
1475938	cid22	zenjxl	8	0.75	39241	39227	-14	0.097	0.061	-0.036000000000000004	89.4087	89.4087	-0.0643	-0.0643	0.0	1.224	1.224	0.0	1406.586	1574.716	0.893231541433503	17.127	-42.962	-60.089
1475938	cid22	zenjxl	8	1.0	32759	32793	34	1.239	1.344	0.10499999999999998	87.6124	87.6124	-0.3117	-0.3117	0.0	15.341	15.341	0.0	1473.061	1479.066	0.9959400053817746	39.172	-49.201	-88.37299999999999
1475938	cid22	zenjxl	8	1.25	28061	28146	85	0.563	0.867	0.30400000000000005	85.6061	85.6061	-0.3511	-0.3511	0.0	2.121	2.121	0.0	1283.689	1090.53	1.1771239672452845	22.34	-60.84	-83.18
1475938	cid22	zenjxl	8	1.5	25227	25298	71	1.566	1.852	0.28600000000000003	84.207	84.207	-0.0817	-0.0817	0.0	-5.958	-5.958	0.0	1367.019	1578.485	0.8660323031260988	40.49	-33.329	-73.819
1475938	cid22	zenjxl	8	1.75	22355	22441	86	0.391	0.777	0.386	81.9637	81.9637	-0.4457	-0.4457	0.0	11.389	11.389	0.0	1350.967	1600.526	0.844076884724147	16.284	-35.252	-51.536
1475938	cid22	zenjxl	8	2.0	20021	20074	53	-2.165	-1.906	0.2590000000000001	80.1184	80.1184	-0.9492	-0.9492	0.0	8.843	8.843	0.0	1266.506	2340.738	0.5410712347985978	9.231	10.329	1.0980000000000008
1475938	cid22	zenjxl	8	2.25	18399	18374	-25	-1.309	-1.443	-0.13400000000000012	78.4688	78.4688	-0.9132	-0.9132	0.0	9.489	9.489	0.0	1442.776	1469.421	0.981867007481178	49.673	-36.017	-85.69
1475938	cid22	zenjxl	8	2.5	16967	17029	62	-1.959	-1.601	0.3580000000000001	76.1445	76.1445	-1.2424	-1.2424	0.0	13.24	13.24	0.0	1141.941	1880.426	0.607277818962299	-2.866	-10.471	-7.605
1475938	cid22	zenjxl	8	2.75	15996	16015	19	-0.714	-0.596	0.118	74.6883	74.6883	-1.0146	-1.0146	0.0	-2.673	-2.673	0.0	1462.949	1718.957	0.8510678277583441	42.518	-16.005	-58.522999999999996
1475938	cid22	zenjxl	8	3.0	14912	14951	39	-1.317	-1.059	0.258	73.0573	73.0573	-1.0347	-1.0347	0.0	-1.358	-1.358	0.0	1478.911	1644.236	0.8994517818609981	23.06	-48.336	-71.396
1475938	cid22	zenjxl	8	3.25	13722	13753	31	-3.536	-3.318	0.21799999999999997	70.9895	70.9895	-1.222	-1.222	0.0	2.86	2.86	0.0	1251.498	1514.591	0.8262943593352926	17.077	-32.333	-49.41
1475938	cid22	zenjxl	8	3.5	13022	13057	35	-2.552	-2.29	0.262	69.0143	69.0143	-1.0833	-1.0833	0.0	-4.001	-4.001	0.0	1204.329	1866.416	0.6452628995893734	4.016	-35.876	-39.891999999999996
1475938	cid22	zenjxl	8	3.75	12231	12253	22	-1.901	-1.724	0.17700000000000005	67.2638	67.2638	-1.3105	-1.3105	0.0	-5.093	-5.093	0.0	1345.726	2224.946	0.6048353533074511	33.689	10.853	-22.836
1475938	cid22	zenjxl	8	4.0	11674	11714	40	-2.887	-2.554	0.3330000000000002	66.1485	66.1485	-1.2643	-1.2643	0.0	-14.663	-14.663	0.0	1567.591	2062.455	0.7600607043547617	23.923	-12.927	-36.849999999999994
1475938	cid22	zenjxl	8	4.25	11085	11124	39	-5.224	-4.891	0.3330000000000002	64.5712	64.5712	-1.6661	-1.6661	0.0	-3.771	-3.771	0.0	1636.473	2522.88	0.6486527302130898	45.288	8.565	-36.723
1475938	cid22	zenjxl	8	4.5	10857	10918	61	-3.63	-3.089	0.5409999999999999	62.9746	62.9746	-1.4575	-1.4575	0.0	-9.149	-9.149	0.0	1466.993	1783.399	0.8225826077058471	33.968	-5.951	-39.919000000000004
1475938	cid22	zenjxl	8	4.75	9969	10052	83	-4.658	-3.864	0.7940000000000005	61.4583	61.4583	-1.5724	-1.5724	0.0	-16.042	-16.042	0.0	1521.31	2525.461	0.6023890291713078	47.878	-12.138	-60.016
1475938	cid22	zenjxl	8	5.0	9517	9576	59	-4.582	-3.99	0.5919999999999996	60.3753	60.3753	-1.8273	-1.8273	0.0	-2.867	-2.867	0.0	1258.809	2538.75	0.4958381093057607	8.974	2.553	-6.421
1475938	cid22	zenjxl	9	0.25	84297	84297	0	1.048	1.048	0.0	93.1091	93.1091	0.0978	0.0978	0.0	1.139	1.139	0.0	2245.818	3524.557	0.6371915676211224	43.252	24.971	-18.281000000000002
1475938	cid22	zenjxl	9	0.5	54069	54069	0	1.279	1.279	0.0	91.0278	91.0278	-0.0925	-0.0925	0.0	-3.77	-3.77	0.0	1674.742	3124.464	0.5360093763282278	13.838	13.989	0.15100000000000158
1475938	cid22	zenjxl	9	0.75	39712	39712	0	1.379	1.379	0.0	89.4761	89.4761	0.0151	0.0151	0.0	-2.923	-2.923	0.0	1717.534	2859.971	0.6005424530528457	0.801	9.822	9.020999999999999
1475938	cid22	zenjxl	9	1.0	33117	33117	0	2.355	2.355	0.0	87.6275	87.6275	-0.3308	-0.3308	0.0	6.303	6.303	0.0	1740.228	2951.421	0.5896237778344737	-0.426	-10.814	-10.388
1475938	cid22	zenjxl	9	1.25	28242	28242	0	1.426	1.426	0.0	85.6061	85.6061	-0.3575	-0.3575	0.0	2.121	2.121	0.0	1491.375	2409.287	0.6190109356004495	-22.866	-16.948	5.917999999999999
1475938	cid22	zenjxl	9	1.5	25487	25487	0	2.687	2.687	0.0	84.2776	84.2776	-0.0288	-0.0288	0.0	0.034	0.034	0.0	1505.354	1994.887	0.7546061506240704	-35.115	-34.262	0.8530000000000015
1475938	cid22	zenjxl	9	1.75	22516	22516	0	1.282	1.282	0.0	82.0027	82.0027	-0.4267	-0.4267	0.0	1.82	1.82	0.0	1729.022	2539.192	0.6809339348895239	3.521	-20.759	-24.28
1475938	cid22	zenjxl	9	2.0	20259	20259	0	-0.584	-0.584	0.0	80.1352	80.1352	-0.9395	-0.9395	0.0	0.151	0.151	0.0	1540.183	2455.85	0.627148645071971	12.286	-0.062	-12.347999999999999
1475938	cid22	zenjxl	9	2.25	18562	18562	0	-0.113	-0.113	0.0	78.4764	78.4764	-0.9057	-0.9057	0.0	2.966	2.966	0.0	1410.313	2712.65	0.5199023095497023	-7.204	14.138	21.342
1475938	cid22	zenjxl	9	2.5	17132	17131	-1	-0.655	-0.661	-0.006000000000000005	76.1728	76.1728	-1.238	-1.238	0.0	13.24	13.24	0.0	1495.766	2194.274	0.6816678318204564	0.63	-12.249	-12.879000000000001
1475938	cid22	zenjxl	9	2.75	16196	16196	0	0.897	0.897	0.0	74.6883	74.6883	-1.025	-1.025	0.0	6.48	6.48	0.0	1389.321	2588.212	0.5367879447278662	0.114	-2.931	-3.045
1475938	cid22	zenjxl	9	3.0	15050	15050	0	-0.437	-0.437	0.0	73.0559	73.0559	-1.0443	-1.0443	0.0	-2.545	-2.545	0.0	1366.424	2301.805	0.593631519611783	-3.777	-18.241	-14.463999999999999
1475938	cid22	zenjxl	9	3.25	13826	13825	-1	-2.503	-2.51	-0.006999999999999673	70.9895	70.9895	-1.2241	-1.2241	0.0	2.86	2.86	0.0	1418.017	2226.247	0.6369540307072846	-11.902	-1.121	10.780999999999999
1475938	cid22	zenjxl	9	3.5	13157	13157	0	-1.379	-1.379	0.0	69.0143	69.0143	-1.1017	-1.1017	0.0	-4.001	-4.001	0.0	1239.629	2997.613	0.413538705630113	-13.815	58.572	72.387
1475938	cid22	zenjxl	9	3.75	12362	12362	0	-0.787	-0.787	0.0	67.2638	67.2638	-1.3089	-1.3089	0.0	-0.939	-0.939	0.0	1657.424	2962.916	0.5593894663230412	15.667	35.528	19.860999999999997
1475938	cid22	zenjxl	9	4.0	11839	11839	0	-1.702	-1.702	0.0	66.1497	66.1497	-1.2431	-1.2431	0.0	-14.662	-14.662	0.0	1891.338	5154.787	0.3669090497822703	11.927	100.519	88.59200000000001
1475938	cid22	zenjxl	9	4.25	11266	11266	0	-4.598	-4.598	0.0	64.5712	64.5712	-1.7121	-1.7121	0.0	7.624	7.624	0.0	1844.738	4857.326	0.37978467988354087	28.955	53.509	24.554000000000002
1475938	cid22	zenjxl	9	4.5	11022	11022	0	-3.324	-3.324	0.0	62.9746	62.9746	-1.4873	-1.4873	0.0	-7.032	-7.032	0.0	1582.249	3602.337	0.4392284786237379	15.848	-4.879	-20.727
1475938	cid22	zenjxl	9	4.75	10135	10135	0	-4.242	-4.242	0.0	61.4583	61.4583	-1.6081	-1.6081	0.0	-13.784	-13.784	0.0	1660.781	3385.396	0.4905721516773813	-0.7	12.971	13.671
1475938	cid22	zenjxl	9	5.0	9663	9663	0	-3.975	-3.975	0.0	60.3753	60.3753	-1.7981	-1.7981	0.0	-2.867	-2.867	0.0	1608.007	2693.972	0.5968907620420701	-17.098	-5.999	11.099
1531677	cid22	zenjxl	5	0.25	169495	169495	0	0.032	0.032	0.0	94.049	94.049	0.0282	0.0282	0.0	-1.455	-1.455	0.0	1196.608	231.683	5.164850247968129	640.828	2.779	-638.049
1531677	cid22	zenjxl	5	0.5	120108	120096	-12	-0.089	-0.099	-0.010000000000000009	90.6586	90.6586	-0.1267	-0.1267	0.0	-0.113	-0.113	0.0	887.674	207.58	4.276298294633394	504.228	6.799	-497.42900000000003
1531677	cid22	zenjxl	5	0.75	98536	98634	98	-0.475	-0.376	0.09899999999999998	88.0968	88.0968	-0.0515	-0.0515	0.0	-0.901	-0.901	0.0	844.065	174.791	4.8289957720935295	407.456	-45.667	-453.12300000000005
1531677	cid22	zenjxl	5	1.0	82765	82917	152	-0.531	-0.349	0.18200000000000005	85.2131	85.2131	-0.2043	-0.2043	0.0	1.115	1.115	0.0	821.972	136.842	6.006723082094678	477.399	-64.185	-541.5840000000001
1531677	cid22	zenjxl	5	1.25	71286	71433	147	-0.761	-0.557	0.20399999999999996	82.4292	82.4292	-0.3053	-0.3053	0.0	-0.236	-0.236	0.0	734.776	128.133	5.734479017895467	502.101	-70.316	-572.417
1531677	cid22	zenjxl	5	1.5	62471	62685	214	-0.663	-0.323	0.34	79.4003	79.4003	-0.4881	-0.4881	0.0	0.315	0.315	0.0	707.347	217.047	3.258957737264279	642.697	-39.576	-682.273
1531677	cid22	zenjxl	5	1.75	55344	55535	191	-0.317	0.027	0.34400000000000003	76.902	76.902	-0.4171	-0.4171	0.0	0.037	0.037	0.0	798.58	216.719	3.684863809818244	460.259	-60.29	-520.549
1531677	cid22	zenjxl	5	2.0	49260	49488	228	0.041	0.504	0.463	74.2368	74.2368	-0.4882	-0.4882	0.0	0.337	0.337	0.0	691.156	108.387	6.376742598282081	402.195	-67.969	-470.164
1531677	cid22	zenjxl	5	2.25	43983	44220	237	0.786	1.329	0.5429999999999999	71.7682	71.7682	0.018	0.018	0.0	0.374	0.374	0.0	692.412	170.776	4.054504145781609	451.283	-47.564	-498.84700000000004
1531677	cid22	zenjxl	5	2.5	40176	40389	213	2.852	3.397	0.5449999999999999	69.3335	69.3335	-0.1764	-0.1764	0.0	-2.788	-2.788	0.0	797.077	136.029	5.859610818281396	565.601	-71.134	-636.735
1531677	cid22	zenjxl	5	2.75	36013	36215	202	1.706	2.276	0.5699999999999998	66.219	66.219	-0.773	-0.773	0.0	-0.682	-0.682	0.0	706.166	191.073	3.695791660778865	338.024	1.871	-336.153
1531677	cid22	zenjxl	5	3.0	31994	32141	147	-0.315	0.143	0.45799999999999996	63.5476	63.5476	-1.3177	-1.3177	0.0	3.083	3.083	0.0	675.945	102.337	6.6050890684698595	284.438	-41.744	-326.182
1531677	cid22	zenjxl	5	3.25	28724	28871	147	-2.266	-1.766	0.5	61.3666	61.3666	-1.1258	-1.1258	0.0	-0.919	-0.919	0.0	694.677	137.961	5.03531432796225	373.184	-66.355	-439.53900000000004
1531677	cid22	zenjxl	5	3.5	26877	27058	181	-0.812	-0.144	0.668	59.5326	59.5326	-1.1757	-1.1757	0.0	4.708	4.708	0.0	681.446	160.319	4.2505629401381	261.069	-30.516	-291.58500000000004
1531677	cid22	zenjxl	5	3.75	25635	25782	147	0.672	1.249	0.5770000000000001	57.9099	57.9099	-1.1584	-1.1584	0.0	0.602	0.602	0.0	673.263	152.645	4.410645615644142	511.237	-32.506	-543.743
1531677	cid22	zenjxl	5	4.0	24038	24211	173	-0.735	-0.021	0.714	52.8908	52.8908	-1.169	-1.169	0.0	1.552	1.552	0.0	705.568	159.167	4.4328786745996345	418.151	-20.569	-438.72
1531677	cid22	zenjxl	5	4.25	24238	24357	119	4.999	5.515	0.516	51.0184	51.0184	-1.1501	-1.1501	0.0	1.627	1.627	0.0	779.646	218.213	3.5728668777753847	467.999	-28.973	-496.97200000000004
1531677	cid22	zenjxl	5	4.5	22584	22724	140	2.832	3.47	0.6380000000000003	48.8158	48.8158	-1.2762	-1.2762	0.0	0.237	0.237	0.0	694.96	156.705	4.434829775693181	398.394	-85.662	-484.05600000000004
1531677	cid22	zenjxl	5	4.75	21882	22049	167	4.454	5.251	0.7970000000000006	47.0974	47.0974	-1.1715	-1.1715	0.0	0.411	0.411	0.0	673.452	267.153	2.5208476041818733	478.307	-56.677	-534.984
1531677	cid22	zenjxl	5	5.0	20940	21070	130	3.525	4.168	0.6430000000000002	45.356	45.356	-1.435	-1.435	0.0	8.563	8.563	0.0	698.769	310.111	2.2532867263657206	519.588	15.525	-504.063
1531677	cid22	zenjxl	6	0.25	169522	169522	0	-0.002	-0.002	0.0	94.0533	94.0533	0.0334	0.0334	0.0	-1.455	-1.455	0.0	1228.008	882.052	1.392217238892945	451.624	137.049	-314.57500000000005
1531677	cid22	zenjxl	6	0.5	120115	120101	-14	-0.101	-0.113	-0.011999999999999997	90.6739	90.6739	-0.1256	-0.1256	0.0	-0.113	-0.113	0.0	1028.328	434.495	2.3667199852702563	430.044	6.428	-423.616
1531677	cid22	zenjxl	6	0.75	98358	98456	98	-0.814	-0.715	0.09899999999999998	88.072	88.072	-0.1105	-0.1105	0.0	-1.408	-1.408	0.0	1037.327	637.129	1.6281271139753488	225.09	13.133	-211.957
1531677	cid22	zenjxl	6	1.0	82471	82627	156	-0.982	-0.795	0.18699999999999994	85.1233	85.1233	-0.2794	-0.2794	0.0	0.196	0.196	0.0	852.351	646.628	1.3181473737604927	268.514	-11.581	-280.095
1531677	cid22	zenjxl	6	1.25	71083	71227	144	-1.107	-0.907	0.19999999999999996	82.2796	82.2796	-0.3408	-0.3408	0.0	0.526	0.526	0.0	883.693	686.885	1.2865224892085283	198.425	49.589	-148.836
1531677	cid22	zenjxl	6	1.5	62323	62532	209	-0.92	-0.588	0.3320000000000001	79.3432	79.3432	-0.6116	-0.6116	0.0	0.527	0.527	0.0	881.009	643.315	1.3694830681703363	211.684	9.293	-202.391
1531677	cid22	zenjxl	6	1.75	55426	55628	202	-0.652	-0.29	0.36200000000000004	76.9028	76.9028	-0.5083	-0.5083	0.0	0.251	0.251	0.0	850.951	494.764	1.7199129281839423	248.191	5.8	-242.391
1531677	cid22	zenjxl	6	2.0	49445	49685	240	-0.413	0.07	0.483	74.344	74.344	-0.3836	-0.3836	0.0	-0.31	-0.31	0.0	815.275	575.949	1.4155333197904676	201.833	40.456	-161.377
1531677	cid22	zenjxl	6	2.25	44406	44616	210	1.249	1.728	0.47899999999999987	72.036	72.036	-0.0053	-0.0053	0.0	0.334	0.334	0.0	803.576	522.394	1.538256564968204	212.854	-2.283	-215.137
1531677	cid22	zenjxl	6	2.5	40507	40726	219	2.464	3.018	0.5539999999999998	69.6305	69.6305	-0.2859	-0.2859	0.0	-2.493	-2.493	0.0	814.095	347.428	2.343204923034413	175.886	-16.257	-192.143
1531677	cid22	zenjxl	6	2.75	37491	37711	220	4.234	4.846	0.6120000000000001	66.6975	66.6975	-0.9105	-0.9105	0.0	-1.083	-1.083	0.0	736.158	269.061	2.736026402934651	196.768	-43.623	-240.391
1531677	cid22	zenjxl	6	3.0	32353	32548	195	-0.982	-0.386	0.596	63.9492	63.9492	-1.1692	-1.1692	0.0	0.929	0.929	0.0	727.216	410.79	1.7702865210935026	181.217	-41.844	-223.061
1531677	cid22	zenjxl	6	3.25	28988	29078	90	-3.65	-3.35	0.2999999999999998	61.9422	61.9422	-1.1416	-1.1416	0.0	0.822	0.822	0.0	757.223	385.228	1.965648914409129	167.965	-39.532	-207.497
1531677	cid22	zenjxl	6	3.5	27162	27321	159	-2.306	-1.734	0.5720000000000001	60.3077	60.3077	-1.0631	-1.0631	0.0	3.888	3.888	0.0	813.241	338.463	2.402747124501053	280.006	-27.695	-307.70099999999996
1531677	cid22	zenjxl	6	3.75	26814	27016	202	2.547	3.32	0.7729999999999997	58.6796	58.6796	-1.1508	-1.1508	0.0	-3.039	-3.039	0.0	798.451	538.187	1.4835939924227082	271.182	-4.594	-275.776
1531677	cid22	zenjxl	6	4.0	25369	25534	165	1.961	2.624	0.663	56.5732	56.5732	-1.2506	-1.2506	0.0	8.925	8.925	0.0	982.166	894.078	1.098523842438803	361.491	28.693	-332.798
1531677	cid22	zenjxl	6	4.25	24501	24615	114	3.38	3.861	0.4810000000000003	54.9873	54.9873	-1.0042	-1.0042	0.0	2.414	2.414	0.0	975.771	768.578	1.269579665303977	239.267	23.282	-215.98499999999999
1531677	cid22	zenjxl	6	4.5	22864	23007	143	1.541	2.176	0.6350000000000002	53.1031	53.1031	-1.1725	-1.1725	0.0	10.33	10.33	0.0	856.789	914.363	0.9370337601149652	200.054	53.073	-146.981
1531677	cid22	zenjxl	6	4.75	22115	22281	166	3.288	4.063	0.7749999999999999	51.7451	51.7451	-1.5728	-1.5728	0.0	1.915	1.915	0.0	818.11	447.478	1.8282686523136333	302.526	-17.877	-320.403
1531677	cid22	zenjxl	6	5.0	21183	21314	131	3.03	3.667	0.637	50.1654	50.1654	-1.7931	-1.7931	0.0	2.573	2.573	0.0	840.877	611.436	1.3752494128576007	203.956	-38.805	-242.761
1531677	cid22	zenjxl	7	0.25	169548	169548	0	0.05	0.05	0.0	94.018	94.018	0.0402	0.0402	0.0	-1.281	-1.281	0.0	1280.741	466.563	2.7450547943150228	377.274	-2.715	-379.989
1531677	cid22	zenjxl	7	0.5	120051	120037	-14	-0.185	-0.197	-0.01200000000000001	90.6853	90.6853	-0.1081	-0.1081	0.0	-0.114	-0.114	0.0	1086.619	630.664	1.722976101378864	450.637	-4.781	-455.418
1531677	cid22	zenjxl	7	0.75	98374	98471	97	-0.79	-0.692	0.09800000000000009	88.0534	88.0534	-0.1624	-0.1624	0.0	-1.413	-1.413	0.0	939.687	698.475	1.3453409212928165	310.409	3.073	-307.336
1531677	cid22	zenjxl	7	1.0	82491	82647	156	-1.002	-0.815	0.18700000000000006	85.1205	85.1205	-0.2802	-0.2802	0.0	0.154	0.154	0.0	949.902	433.88	2.189319627546787	189.72	-16.623	-206.343
1531677	cid22	zenjxl	7	1.25	71083	71231	148	-1.15	-0.944	0.20599999999999996	82.2923	82.2923	-0.3498	-0.3498	0.0	0.526	0.526	0.0	892.897	619.851	1.440502636924035	187.924	10.07	-177.854
1531677	cid22	zenjxl	7	1.5	62302	62511	209	-0.889	-0.557	0.33199999999999996	79.3166	79.3166	-0.6934	-0.6934	0.0	0.527	0.527	0.0	867.075	735.477	1.1789287768346257	180.784	-19.495	-200.279
1531677	cid22	zenjxl	7	1.75	55430	55632	202	-0.649	-0.287	0.36200000000000004	76.864	76.864	-0.5377	-0.5377	0.0	0.251	0.251	0.0	950.347	586.478	1.620430774896927	191.551	-12.936	-204.487
1531677	cid22	zenjxl	7	2.0	49974	50220	246	0.624	1.12	0.4960000000000001	74.3794	74.3794	-0.3656	-0.3656	0.0	1.035	1.035	0.0	841.588	735.682	1.1439562202147122	224.694	14.782	-209.91199999999998
1531677	cid22	zenjxl	7	2.25	44017	44190	173	0.337	0.732	0.39499999999999996	72.0034	72.0034	-0.145	-0.145	0.0	0.328	0.328	0.0	879.638	641.704	1.3707846608405123	242.916	-2.151	-245.067
1531677	cid22	zenjxl	7	2.5	40440	40644	204	2.369	2.886	0.5169999999999999	69.5365	69.5365	-0.3761	-0.3761	0.0	0.514	0.514	0.0	918.644	528.481	1.738272520677186	260.035	-7.695	-267.73
1531677	cid22	zenjxl	7	2.75	36976	37205	229	2.8	3.436	0.6360000000000001	66.6282	66.6282	-0.9892	-0.9892	0.0	0.74	0.74	0.0	807.476	379.748	2.1263469458693662	218.614	-34.71	-253.324
1531677	cid22	zenjxl	7	3.0	32246	32472	226	-1.382	-0.691	0.691	63.9376	63.9376	-1.3265	-1.3265	0.0	2.619	2.619	0.0	921.482	516.155	1.7852815530218635	179.183	-33.377	-212.56
1531677	cid22	zenjxl	7	3.25	28971	29056	85	-3.914	-3.632	0.28200000000000003	61.9262	61.9262	-1.2353	-1.2353	0.0	0.456	0.456	0.0	900.347	663.504	1.356957908317056	193.605	-18.086	-211.69099999999997
1531677	cid22	zenjxl	7	3.5	26940	27103	163	-3.174	-2.588	0.5859999999999999	60.2998	60.2998	-1.0648	-1.0648	0.0	5.365	5.365	0.0	876.667	659.08	1.3301374643442374	243.553	31.088	-212.465
1531677	cid22	zenjxl	7	3.75	25620	25782	162	-2.255	-1.637	0.6179999999999999	58.6089	58.6089	-1.124	-1.124	0.0	-4.209	-4.209	0.0	881.138	872.5	1.0099002865329514	248.274	40.537	-207.737
1531677	cid22	zenjxl	7	4.0	24367	24526	159	-2.211	-1.573	0.6379999999999999	56.5706	56.5706	-1.2596	-1.2596	0.0	9.059	9.059	0.0	956.252	762.181	1.2546258697081139	224.964	49.152	-175.812
1531677	cid22	zenjxl	7	4.25	24064	24256	192	1.574	2.385	0.8109999999999997	54.9832	54.9832	-1.088	-1.088	0.0	3.956	3.956	0.0	938.096	1086.825	0.8631527614841396	222.711	152.859	-69.852
1531677	cid22	zenjxl	7	4.5	22898	23093	195	1.108	1.969	0.861	53.108	53.108	-1.1798	-1.1798	0.0	10.188	10.188	0.0	909.654	412.647	2.2044362372681734	187.402	-65.04	-252.442
1531677	cid22	zenjxl	7	4.75	22021	22178	157	2.662	3.394	0.7320000000000002	51.5791	51.5791	-1.5733	-1.5733	0.0	2.823	2.823	0.0	884.521	646.949	1.3672190543613176	267.958	30.512	-237.44600000000003
1531677	cid22	zenjxl	7	5.0	20730	20887	157	0.533	1.295	0.7619999999999999	50.168	50.168	-1.8287	-1.8287	0.0	2.624	2.624	0.0	882.882	888.693	0.9934611840084259	223.047	9.935	-213.112
1531677	cid22	zenjxl	8	0.25	173037	172856	-181	0.06	-0.045	-0.105	94.2442	94.2442	0.0245	0.0245	0.0	6.866	6.866	0.0	1555.621	2611.598	0.5956586733486547	56.363	19.504	-36.858999999999995
1531677	cid22	zenjxl	8	0.5	122341	122204	-137	-0.214	-0.325	-0.11100000000000002	91.0964	91.0964	0.2866	0.2866	0.0	3.178	3.178	0.0	1437.101	2541.748	0.5653986941270339	70.355	-23.632	-93.98700000000001
1531677	cid22	zenjxl	8	0.75	94775	94771	-4	-0.825	-0.829	-0.0040000000000000036	87.3341	87.3341	-0.1757	-0.1757	0.0	-0.446	-0.446	0.0	1470.534	2108.078	0.6975709627442629	54.829	-24.618	-79.447
1531677	cid22	zenjxl	8	1.0	78857	78889	32	-1.187	-1.147	0.040000000000000036	84.5425	84.5425	-0.2688	-0.2688	0.0	3.205	3.205	0.0	1199.654	2144.409	0.5594333916710851	20.671	-38.055	-58.726
1531677	cid22	zenjxl	8	1.25	67381	67376	-5	-1.178	-1.185	-0.007000000000000117	81.4304	81.4304	-0.2369	-0.2369	0.0	1.246	1.246	0.0	1121.321	2086.601	0.5373911926621332	23.659	-23.928	-47.587
1531677	cid22	zenjxl	8	1.5	58913	58908	-5	-1.04	-1.048	-0.008000000000000007	78.7727	78.7727	-0.3065	-0.3065	0.0	2.601	2.601	0.0	1374.316	2154.828	0.6377845470728987	22.716	-20.679	-43.394999999999996
1531677	cid22	zenjxl	8	1.75	51859	51866	7	-1.366	-1.352	0.014000000000000012	75.557	75.557	-0.5417	-0.5417	0.0	1.012	1.012	0.0	1037.606	2473.361	0.4195125580131651	-8.422	-11.242	-2.8200000000000003
1531677	cid22	zenjxl	8	2.0	46611	46607	-4	-0.066	-0.075	-0.008999999999999994	73.0238	73.0238	-0.3886	-0.3886	0.0	-0.653	-0.653	0.0	1128.853	3068.973	0.36782760877987525	13.475	26.832	13.357000000000001
1531677	cid22	zenjxl	8	2.25	40706	40690	-16	-1.376	-1.415	-0.039000000000000146	70.4082	70.4082	-0.4446	-0.4446	0.0	2.759	2.759	0.0	1440.72	2199.437	0.6550403580552661	20.024	-10.198	-30.222
1531677	cid22	zenjxl	8	2.5	37324	37319	-5	0.471	0.458	-0.012999999999999956	67.6946	67.6946	-0.2754	-0.2754	0.0	-1.122	-1.122	0.0	1352.653	2615.029	0.517261185248806	21.209	19.749	-1.4600000000000009
1531677	cid22	zenjxl	8	2.75	34299	34299	0	1.44	1.44	0.0	65.4919	65.4919	-0.5759	-0.5759	0.0	3.057	3.057	0.0	1242.562	3888.808	0.31952258892699253	42.022	27.129	-14.892999999999997
1531677	cid22	zenjxl	8	3.0	29760	29712	-48	-3.289	-3.445	-0.1559999999999997	62.864	62.864	-0.7056	-0.7056	0.0	1.543	1.543	0.0	1296.177	1966.752	0.6590444550202568	26.363	-32.067	-58.43
1531677	cid22	zenjxl	8	3.25	27386	27335	-51	-2.914	-3.095	-0.18100000000000005	60.5645	60.5645	-0.8094	-0.8094	0.0	2.098	2.098	0.0	1153.734	2051.729	0.5623228018905031	0.396	-31.995	-32.391
1531677	cid22	zenjxl	8	3.5	25472	25392	-80	-2.604	-2.91	-0.30600000000000005	58.7343	58.7343	-0.7522	-0.7522	0.0	2.011	2.011	0.0	1319.304	1913.324	0.6895350709027849	26.485	-12.365	-38.85
1531677	cid22	zenjxl	8	3.75	23922	23835	-87	-2.331	-2.686	-0.355	56.3066	56.3066	-1.3724	-1.3724	0.0	-1.93	-1.93	0.0	1400.44	2630.641	0.5323569426615035	15.365	-8.248	-23.613
1531677	cid22	zenjxl	8	4.0	22768	22712	-56	-2.405	-2.645	-0.2400000000000002	54.8632	54.8632	-1.0108	-1.0108	0.0	1.132	1.132	0.0	1651.747	2605.541	0.633936291925554	26.236	1.691	-24.545
1531677	cid22	zenjxl	8	4.25	22526	22406	-120	2.057	1.513	-0.544	52.4705	52.4705	-1.1128	-1.1128	0.0	0.331	0.331	0.0	1459.539	3007.777	0.48525505714020684	59.876	28.714	-31.162
1531677	cid22	zenjxl	8	4.5	21089	20966	-123	0.185	-0.399	-0.5840000000000001	50.6421	50.6421	-0.8237	-0.8237	0.0	1.897	1.897	0.0	1641.598	3417.206	0.48039187570196235	36.32	22.286	-14.033999999999999
1531677	cid22	zenjxl	8	4.75	20216	20121	-95	2.349	1.868	-0.4810000000000001	48.5164	48.5164	-1.4085	-1.4085	0.0	4.914	4.914	0.0	1538.928	3564.046	0.43179240671977864	26.317	75.267	48.949999999999996
1531677	cid22	zenjxl	8	5.0	19116	18993	-123	1.476	0.823	-0.653	47.1102	47.1102	-1.1786	-1.1786	0.0	-0.743	-0.743	0.0	1567.873	3310.075	0.47366691087059964	20.538	23.518	2.9800000000000004
1531677	cid22	zenjxl	9	0.25	175387	175387	0	0.465	0.465	0.0	94.3055	94.3055	-0.0251	-0.0251	0.0	9.82	9.82	0.0	2860.914	8881.678	0.32211413203676154	82.182	245.903	163.721
1531677	cid22	zenjxl	9	0.5	123754	123754	0	0.44	0.44	0.0	90.8984	90.8984	-0.1417	-0.1417	0.0	12.236	12.236	0.0	2422.384	8832.439	0.2742599184664621	42.104	93.269	51.165000000000006
1531677	cid22	zenjxl	9	0.75	95346	95346	0	-0.321	-0.321	0.0	87.4526	87.4526	-0.1587	-0.1587	0.0	3.556	3.556	0.0	2917.854	7333.198	0.3978965248176852	72.955	82.486	9.531000000000006
1531677	cid22	zenjxl	9	1.0	79487	79487	0	-0.528	-0.528	0.0	84.6627	84.6627	-0.167	-0.167	0.0	8.2	8.2	0.0	2088.553	7601.734	0.27474691958440006	21.661	76.707	55.04599999999999
1531677	cid22	zenjxl	9	1.25	67719	67719	0	-0.991	-0.991	0.0	81.4391	81.4391	-0.3331	-0.3331	0.0	-0.636	-0.636	0.0	1947.122	7557.625	0.25763675757926596	23.151	152.498	129.34699999999998
1531677	cid22	zenjxl	9	1.5	59204	59204	0	-0.656	-0.656	0.0	78.7712	78.7712	-0.3525	-0.3525	0.0	0.389	0.389	0.0	1924.839	7509.731	0.2563126428896055	8.663	128.604	119.94100000000002
1531677	cid22	zenjxl	9	1.75	52195	52195	0	-0.783	-0.783	0.0	75.6622	75.6622	-0.5996	-0.5996	0.0	0.292	0.292	0.0	1770.195	3584.293	0.49387564018901353	2.044	3.576	1.532
1531677	cid22	zenjxl	9	2.0	46970	46970	0	0.82	0.82	0.0	73.0214	73.0214	-0.5112	-0.5112	0.0	0.565	0.565	0.0	1916.039	3544.079	0.5406310073787858	9.541	42.256	32.715
1531677	cid22	zenjxl	9	2.25	40996	40996	0	-0.551	-0.551	0.0	70.4442	70.4442	-0.4381	-0.4381	0.0	-3.418	-3.418	0.0	1670.903	3691.967	0.4525779889148522	1.555	39.519	37.964
1531677	cid22	zenjxl	9	2.5	37614	37614	0	1.372	1.372	0.0	67.6976	67.6976	-0.4229	-0.4229	0.0	-2.265	-2.265	0.0	2063.304	2469.734	0.8354357189883608	23.016	-13.652	-36.668
1531677	cid22	zenjxl	9	2.75	34653	34653	0	2.663	2.663	0.0	65.4951	65.4951	-0.5744	-0.5744	0.0	3.057	3.057	0.0	1823.031	3352.091	0.54384889909015	26.09	53.924	27.834
1531677	cid22	zenjxl	9	3.0	30022	30022	0	-2.167	-2.167	0.0	62.8644	62.8644	-0.7071	-0.7071	0.0	-0.96	-0.96	0.0	1578.055	2603.831	0.6060512375803192	1.285	4.781	3.4959999999999996
1531677	cid22	zenjxl	9	3.25	27592	27592	0	-1.975	-1.975	0.0	60.5686	60.5686	-0.8177	-0.8177	0.0	2.098	2.098	0.0	1721.272	4948.142	0.3478622885115261	17.31	74.025	56.715
1531677	cid22	zenjxl	9	3.5	25569	25569	0	-2.158	-2.158	0.0	58.7537	58.7537	-0.7477	-0.7477	0.0	2.008	2.008	0.0	1737.698	2977.651	0.5835801442143489	-5.168	32.123	37.291
1531677	cid22	zenjxl	9	3.75	23990	23990	0	-1.922	-1.922	0.0	56.3066	56.3066	-1.3724	-1.3724	0.0	-1.93	-1.93	0.0	1861.988	3016.185	0.6173321596652726	18.397	-2.632	-21.029
1531677	cid22	zenjxl	9	4.0	22865	22865	0	-1.837	-1.837	0.0	54.8632	54.8632	-1.0108	-1.0108	0.0	1.132	1.132	0.0	2296.857	5258.206	0.4368138106418805	31.13	126.565	95.435
1531677	cid22	zenjxl	9	4.25	22591	22591	0	2.495	2.495	0.0	52.4705	52.4705	-1.1128	-1.1128	0.0	0.331	0.331	0.0	1893.556	3689.538	0.5132230647848051	15.826	48.783	32.957
1531677	cid22	zenjxl	9	4.5	21147	21147	0	0.729	0.729	0.0	50.6421	50.6421	-0.8237	-0.8237	0.0	1.897	1.897	0.0	2065.712	4027.682	0.512878623486164	57.361	34.32	-23.040999999999997
1531677	cid22	zenjxl	9	4.75	20267	20267	0	2.789	2.789	0.0	48.5164	48.5164	-1.4085	-1.4085	0.0	4.914	4.914	0.0	2306.472	3630.23	0.6353514791073844	39.019	14.916	-24.102999999999998
1531677	cid22	zenjxl	9	5.0	19166	19166	0	1.936	1.936	0.0	47.1102	47.1102	-1.1786	-1.1786	0.0	-0.743	-0.743	0.0	2009.02	3024.662	0.6642130591781826	23.455	10.375	-13.079999999999998
2389166	cid22	zenjxl	5	0.25	127896	127811	-85	0.281	0.214	-0.06700000000000003	93.8147	93.8147	0.0605	0.0605	0.0	-11.779	-11.779	0.0	1533.588	548.653	2.795187486444073	908.654	19.076	-889.578
2389166	cid22	zenjxl	5	0.5	86152	86155	3	0.101	0.105	0.00399999999999999	90.1058	90.1058	-0.0851	-0.0851	0.0	3.016	3.016	0.0	1380.568	137.048	10.073609246395423	606.08	-68.026	-674.106
2389166	cid22	zenjxl	5	0.75	65268	65272	4	-0.101	-0.095	0.006000000000000005	86.8217	86.8217	-0.1096	-0.1096	0.0	-0.095	-0.095	0.0	1071.417	197.369	5.428496876409162	381.831	-55.991	-437.822
2389166	cid22	zenjxl	5	1.0	53663	53729	66	0.013	0.136	0.12300000000000001	83.8196	83.8196	0.0527	0.0527	0.0	0.966	0.966	0.0	1085.168	282.758	3.8377976927266424	587.489	-55.364	-642.8530000000001
2389166	cid22	zenjxl	5	1.25	46005	45924	-81	0.549	0.372	-0.17700000000000005	80.4493	80.4493	0.1798	0.1798	0.0	-15.995	-15.995	0.0	1013.316	213.758	4.740482227565752	659.72	-27.899	-687.619
2389166	cid22	zenjxl	5	1.5	40352	40504	152	0.978	1.359	0.381	77.3177	77.3177	0.2355	0.2355	0.0	1.237	1.237	0.0	878.522	139.266	6.308230293108154	381.217	-60.305	-441.522
2389166	cid22	zenjxl	5	1.75	36039	36131	92	1.581	1.841	0.26	74.7101	74.7101	0.1195	0.1195	0.0	1.84	1.84	0.0	915.606	150.48	6.084569377990431	479.99	-61.311	-541.301
2389166	cid22	zenjxl	5	2.0	32181	32344	163	1.049	1.561	0.512	72.8011	72.8011	0.4516	0.4516	0.0	0.1	0.1	0.0	813.709	165.747	4.909343758861397	416.922	-65.668	-482.59000000000003
2389166	cid22	zenjxl	5	2.25	29451	29457	6	0.832	0.853	0.02100000000000002	70.2137	70.2137	0.1674	0.1674	0.0	-1.264	-1.264	0.0	880.815	132.76	6.634641458270564	448.548	-62.619	-511.16700000000003
2389166	cid22	zenjxl	5	2.5	27304	27283	-21	2.331	2.252	-0.07900000000000018	67.7238	67.7238	0.3954	0.3954	0.0	0.089	0.089	0.0	817.259	199.02	4.106416440558737	480.439	-59.891	-540.33
2389166	cid22	zenjxl	5	2.75	25625	25579	-46	2.648	2.464	-0.18400000000000016	65.6586	65.6586	-0.0115	-0.0115	0.0	0.125	0.125	0.0	839.387	110.647	7.586170433902409	331.1	-69.073	-400.173
2389166	cid22	zenjxl	5	3.0	23549	23406	-143	2.267	1.646	-0.621	62.4536	62.4536	-0.4428	-0.4428	0.0	-0.48	-0.48	0.0	865.938	148.15	5.845008437394532	201.634	-62.661	-264.29499999999996
2389166	cid22	zenjxl	5	3.25	21292	21309	17	-0.435	-0.355	0.08000000000000002	60.1808	60.1808	-0.6113	-0.6113	0.0	0.58	0.58	0.0	750.064	359.059	2.0889714503744505	248.374	12.661	-235.713
2389166	cid22	zenjxl	5	3.5	19998	20002	4	-0.601	-0.582	0.019000000000000017	58.2062	58.2062	-0.5286	-0.5286	0.0	-0.726	-0.726	0.0	732.315	238.78	3.0669025881564624	340.355	-67.549	-407.904
2389166	cid22	zenjxl	5	3.75	19082	19043	-39	0.516	0.311	-0.20500000000000002	56.2359	56.2359	-0.4213	-0.4213	0.0	-0.667	-0.667	0.0	742.314	193.084	3.8445132688363612	268.282	-42.019	-310.301
2389166	cid22	zenjxl	5	4.0	17891	17849	-42	-0.628	-0.861	-0.23299999999999998	51.7306	51.7306	0.3485	0.3485	0.0	1.695	1.695	0.0	767.764	260.941	2.9422896363545785	370.7	-25.486	-396.186
2389166	cid22	zenjxl	5	4.25	17465	17425	-40	0.954	0.723	-0.23099999999999998	49.4346	49.4346	-0.0942	-0.0942	0.0	-1.523	-1.523	0.0	746.916	298.146	2.5052021492825665	342.978	-0.104	-343.082
2389166	cid22	zenjxl	5	4.5	16382	16338	-44	-0.781	-1.048	-0.267	47.4949	47.4949	0.8818	0.8818	0.0	4.26	4.26	0.0	705.009	227.561	3.0981099573301223	345.335	-37.988	-383.323
2389166	cid22	zenjxl	5	4.75	15379	15277	-102	-2.207	-2.855	-0.6480000000000001	45.1674	45.1674	-0.3013	-0.3013	0.0	-0.427	-0.427	0.0	686.507	244.343	2.8096037128135447	216.133	-44.342	-260.475
2389166	cid22	zenjxl	5	5.0	15172	15132	-40	-0.165	-0.428	-0.263	43.4461	43.4461	-0.1775	-0.1775	0.0	0.561	0.561	0.0	679.38	121.996	5.568871110528214	459.754	-81.172	-540.926
2389166	cid22	zenjxl	6	0.25	127794	127710	-84	0.292	0.226	-0.06599999999999998	93.8283	93.8283	0.1222	0.1222	0.0	-11.683	-11.683	0.0	1684.453	194.933	8.641189536917812	494.424	-60.505	-554.929
2389166	cid22	zenjxl	6	0.5	86072	86080	8	0.093	0.102	0.008999999999999994	90.0876	90.0876	-0.0794	-0.0794	0.0	1.867	1.867	0.0	1308.367	393.147	3.3279333175631507	670.077	-22.661	-692.738
2389166	cid22	zenjxl	6	0.75	65579	65586	7	-0.21	-0.199	0.010999999999999982	86.8183	86.8183	-0.2603	-0.2603	0.0	-0.79	-0.79	0.0	1260.642	257.453	4.896590834055148	243.308	-53.355	-296.663
2389166	cid22	zenjxl	6	1.0	54166	54137	-29	0.124	0.07	-0.05399999999999999	83.8098	83.8098	0.1365	0.1365	0.0	1.264	1.264	0.0	1166.442	287.523	4.0568650160161095	338.711	-47.701	-386.41200000000003
2389166	cid22	zenjxl	6	1.25	46256	46288	32	0.254	0.323	0.069	80.518	80.518	0.1206	0.1206	0.0	-17.36	-17.36	0.0	1062.04	431.501	2.46126891942313	235.939	-43.47	-279.409
2389166	cid22	zenjxl	6	1.5	40724	40875	151	0.979	1.354	0.3750000000000001	77.4436	77.4436	0.1245	0.1245	0.0	5.887	5.887	0.0	963.783	422.139	2.2830939572036697	289.525	-49.884	-339.409
2389166	cid22	zenjxl	6	1.75	36502	36547	45	1.116	1.241	0.125	74.7954	74.7954	-0.1618	-0.1618	0.0	-2.528	-2.528	0.0	1013.891	372.075	2.7249640529463144	349.278	-62.047	-411.32500000000005
2389166	cid22	zenjxl	6	2.0	32652	32775	123	0.316	0.694	0.37799999999999995	72.9185	72.9185	-0.0286	-0.0286	0.0	3.572	3.572	0.0	985.013	736.391	1.3376222686045864	280.336	16.291	-264.045
2389166	cid22	zenjxl	6	2.25	30062	29968	-94	0.619	0.305	-0.314	70.2936	70.2936	0.0432	0.0432	0.0	6.327	6.327	0.0	1002.808	278.412	3.6018849762222893	312.159	-69.487	-381.64599999999996
2389166	cid22	zenjxl	6	2.5	27881	27891	10	2.031	2.068	0.03699999999999992	68.1318	68.1318	0.258	0.258	0.0	1.747	1.747	0.0	847.834	443.324	1.9124477808555367	262.886	-4.199	-267.08500000000004
2389166	cid22	zenjxl	6	2.75	26476	26406	-70	3.523	3.249	-0.274	66.2248	66.2248	-0.0417	-0.0417	0.0	-1.776	-1.776	0.0	974.54	642.984	1.5156520224453485	316.378	-1.907	-318.28499999999997
2389166	cid22	zenjxl	6	3.0	24087	23991	-96	1.586	1.181	-0.405	63.4986	63.4986	0.0839	0.0839	0.0	0.293	0.293	0.0	1013.177	519.902	1.9487845786321267	216.383	-51.174	-267.557
2389166	cid22	zenjxl	6	3.25	22001	21973	-28	-0.1	-0.227	-0.127	60.87	60.87	-0.4468	-0.4468	0.0	0.265	0.265	0.0	888.949	597.105	1.4887649575870239	275.511	6.796	-268.71500000000003
2389166	cid22	zenjxl	6	3.5	20637	20643	6	-0.535	-0.506	0.029000000000000026	59.1001	59.1001	-0.6081	-0.6081	0.0	1.32	1.32	0.0	816.532	344.112	2.3728669735434975	275.106	-53.055	-328.161
2389166	cid22	zenjxl	6	3.75	19738	19723	-15	-0.096	-0.172	-0.07599999999999998	57.6107	57.6107	-0.3255	-0.3255	0.0	-0.764	-0.764	0.0	857.168	581.774	1.4733693839875965	423.008	15.199	-407.80899999999997
2389166	cid22	zenjxl	6	4.0	19125	19075	-50	1.228	0.963	-0.265	55.8836	55.8836	0.1604	0.1604	0.0	1.636	1.636	0.0	1063.681	794.574	1.3386808528846905	387.388	42.559	-344.82899999999995
2389166	cid22	zenjxl	6	4.25	18110	18065	-45	0.886	0.635	-0.251	53.3686	53.3686	0.6777	0.6777	0.0	-0.656	-0.656	0.0	943.809	804.306	1.1734451813115903	199.755	15.839	-183.916
2389166	cid22	zenjxl	6	4.5	17013	16969	-44	-1.041	-1.297	-0.256	51.844	51.844	1.119	1.119	0.0	6.022	6.022	0.0	883.752	828.228	1.0670395108593287	240.552	42.383	-198.16899999999998
2389166	cid22	zenjxl	6	4.75	15850	15749	-101	-1.943	-2.567	-0.6240000000000001	49.9187	49.9187	-0.028	-0.028	0.0	0.602	0.602	0.0	813.388	752.537	1.0808611403824662	212.72	19.793	-192.927
2389166	cid22	zenjxl	6	5.0	15644	15603	-41	-0.096	-0.358	-0.262	48.2766	48.2766	0.035	0.035	0.0	0.889	0.889	0.0	878.574	461.305	1.9045403800088878	326.098	-36.372	-362.47
2389166	cid22	zenjxl	7	0.25	128050	127967	-83	0.817	0.752	-0.06499999999999995	93.8189	93.8189	0.0637	0.0637	0.0	-1.008	-1.008	0.0	1647.464	260.908	6.3143483526760384	508.69	-72.435	-581.125
2389166	cid22	zenjxl	7	0.5	86266	86272	6	0.855	0.862	0.007000000000000006	90.0791	90.0791	-0.164	-0.164	0.0	-0.835	-0.835	0.0	1386.884	256.324	5.410667748630639	353.462	-56.099	-409.561
2389166	cid22	zenjxl	7	0.75	65663	65672	9	0.41	0.424	0.014000000000000012	86.5859	86.5859	0.0007	0.0007	0.0	-0.071	-0.071	0.0	1252.44	627.611	1.9955673179724385	386.413	-24.182	-410.595
2389166	cid22	zenjxl	7	1.0	54140	54111	-29	0.326	0.272	-0.05399999999999999	83.6885	83.6885	-0.1084	-0.1084	0.0	1.085	1.085	0.0	1123.61	585.048	1.9205432716631796	293.837	-5.848	-299.685
2389166	cid22	zenjxl	7	1.25	46211	46244	33	0.432	0.504	0.07200000000000001	80.2153	80.2153	-0.2833	-0.2833	0.0	-3.718	-3.718	0.0	1174.215	329.993	3.5583027518765546	219.773	-52.425	-272.198
2389166	cid22	zenjxl	7	1.5	40707	40857	150	1.083	1.455	0.3720000000000001	77.3191	77.3191	-0.2261	-0.2261	0.0	8.996	8.996	0.0	984.762	382.617	2.5737539105685316	270.294	-51.53	-321.82399999999996
2389166	cid22	zenjxl	7	1.75	36448	36491	43	1.129	1.249	0.1200000000000001	74.6458	74.6458	-0.5422	-0.5422	0.0	-0.684	-0.684	0.0	1031.246	328.082	3.1432568687096523	212.51	-35.327	-247.837
2389166	cid22	zenjxl	7	2.0	32695	32782	87	0.693	0.961	0.268	72.7281	72.7281	-0.4143	-0.4143	0.0	1.078	1.078	0.0	982.763	579.277	1.6965337826290359	244.197	-19.618	-263.815
2389166	cid22	zenjxl	7	2.25	29869	29890	21	0.447	0.518	0.07100000000000001	70.3341	70.3341	-0.2077	-0.2077	0.0	1.362	1.362	0.0	906.409	356.741	2.540804112787709	254.139	-49.168	-303.307
2389166	cid22	zenjxl	7	2.5	27525	27522	-3	0.669	0.658	-0.01100000000000001	67.9563	67.9563	-0.0929	-0.0929	0.0	-5.195	-5.195	0.0	998.806	528.638	1.8893950113310054	250.093	-48.669	-298.762
2389166	cid22	zenjxl	7	2.75	25281	25217	-64	-1.184	-1.434	-0.25	65.96	65.96	-0.4371	-0.4371	0.0	-2.699	-2.699	0.0	974.39	621.749	1.5671758217544378	302.854	-43.858	-346.712
2389166	cid22	zenjxl	7	3.0	23686	23603	-83	-1.317	-1.662	-0.345	63.2151	63.2151	-0.5277	-0.5277	0.0	-0.22	-0.22	0.0	877.327	517.725	1.6945811000048288	174.441	-17.823	-192.264
2389166	cid22	zenjxl	7	3.25	21894	21884	-10	-1.821	-1.865	-0.04400000000000004	60.8299	60.8299	-0.84	-0.84	0.0	0.17	0.17	0.0	955.681	693.755	1.377548269922379	200.779	-24.792	-225.571
2389166	cid22	zenjxl	7	3.5	20904	20874	-30	-0.722	-0.864	-0.14200000000000002	58.705	58.705	-0.818	-0.818	0.0	1.107	1.107	0.0	916.921	510.371	1.7965773917405183	212.276	-33.595	-245.871
2389166	cid22	zenjxl	7	3.75	19968	19896	-72	-0.568	-0.926	-0.3580000000000001	57.3113	57.3113	-1.2056	-1.2056	0.0	-1.31	-1.31	0.0	1032.802	390.438	2.645239449029039	197.901	-52.031	-249.93200000000002
2389166	cid22	zenjxl	7	4.0	19034	19009	-25	-1.296	-1.426	-0.1299999999999999	55.7164	55.7164	-0.3419	-0.3419	0.0	1.344	1.344	0.0	1100.451	450.19	2.4444145805104514	212.913	-64.064	-276.977
2389166	cid22	zenjxl	7	4.25	18193	18109	-84	-1.372	-1.827	-0.45499999999999985	52.9487	52.9487	0.0565	0.0565	0.0	0.5	0.5	0.0	998.481	1068.504	0.934466319265066	196.684	39.454	-157.23
2389166	cid22	zenjxl	7	4.5	17377	17239	-138	-1.048	-1.834	-0.786	51.2723	51.2723	0.2411	0.2411	0.0	6.037	6.037	0.0	1040.04	750.705	1.3854177073550862	162.279	56.625	-105.654
2389166	cid22	zenjxl	7	4.75	16507	16507	0	-0.121	-0.121	0.0	49.4688	49.4688	-0.7691	-0.7691	0.0	0.18	0.18	0.0	864.151	427.363	2.0220538511756985	171.045	-42.715	-213.76
2389166	cid22	zenjxl	7	5.0	15730	15645	-85	-1.305	-1.838	-0.5330000000000001	47.7608	47.7608	-0.5725	-0.5725	0.0	0.684	0.684	0.0	912.059	634.852	1.4366482266733034	235.467	-33.292	-268.759
2389166	cid22	zenjxl	8	0.25	132278	132128	-150	0.833	0.719	-0.11399999999999999	94.1161	94.1161	0.0548	0.0548	0.0	-6.387	-6.387	0.0	2086.648	2791.657	0.7474585882148129	91.047	25.425	-65.622
2389166	cid22	zenjxl	8	0.5	87836	87679	-157	1.425	1.244	-0.18100000000000005	90.628	90.628	0.0092	0.0092	0.0	-7.686	-7.686	0.0	1853.548	2442.74	0.75879872602078	83.523	28.798	-54.724999999999994
2389166	cid22	zenjxl	8	0.75	63096	62967	-129	0.712	0.506	-0.20599999999999996	86.1327	86.1327	-0.0297	-0.0297	0.0	-3.937	-3.937	0.0	1587.544	1868.285	0.8497333115664901	31.774	-39.466	-71.24000000000001
2389166	cid22	zenjxl	8	1.0	51514	51406	-108	0.547	0.336	-0.21100000000000002	82.8818	82.8818	0.1486	0.1486	0.0	0.223	0.223	0.0	1420.685	1574.895	0.9020823610462919	54.993	-27.789	-82.78200000000001
2389166	cid22	zenjxl	8	1.25	43803	43615	-188	0.556	0.124	-0.43200000000000005	79.1044	79.1044	-0.0964	-0.0964	0.0	6.887	6.887	0.0	1600.465	1520.519	1.052578099977705	30.341	2.862	-27.479
2389166	cid22	zenjxl	8	1.5	38423	38415	-8	0.745	0.724	-0.02100000000000002	76.1008	76.1008	-0.4192	-0.4192	0.0	9.863	9.863	0.0	1494.682	1451.876	1.0294832341053919	13.236	-46.893	-60.129000000000005
2389166	cid22	zenjxl	8	1.75	33805	33812	7	-0.118	-0.098	0.01999999999999999	73.1779	73.1779	-0.5398	-0.5398	0.0	5.177	5.177	0.0	1534.747	2844.385	0.5395707683734796	38.812	-5.517	-44.329
2389166	cid22	zenjxl	8	2.0	30428	30449	21	-0.282	-0.213	0.06899999999999998	71.2363	71.2363	-0.1808	-0.1808	0.0	-2.464	-2.464	0.0	1658.676	3052.153	0.543444578302595	62.245	58.546	-3.698999999999998
2389166	cid22	zenjxl	8	2.25	27509	27396	-113	-0.704	-1.112	-0.40800000000000014	68.2641	68.2641	-0.5214	-0.5214	0.0	0.798	0.798	0.0	1770.463	1937.029	0.914009547611316	32.637	25.874	-6.763000000000002
2389166	cid22	zenjxl	8	2.5	25261	25214	-47	-0.422	-0.607	-0.185	66.2764	66.2764	-0.0337	-0.0337	0.0	1.797	1.797	0.0	1464.097	2484.774	0.5892274307442045	20.123	25.015	4.8919999999999995
2389166	cid22	zenjxl	8	2.75	23244	23152	-92	-2.089	-2.477	-0.3879999999999999	63.9593	63.9593	-0.2163	-0.2163	0.0	1.412	1.412	0.0	1407.363	1626.915	0.865050110177852	19.043	-35.214	-54.257
2389166	cid22	zenjxl	8	3.0	21837	21728	-109	-12.941	-13.376	-0.4349999999999987	61.6278	61.6278	-0.4918	-0.4918	0.0	-7.499	-7.499	0.0	1698.298	1900.735	0.8934954109857502	35.275	2.292	-32.983
2389166	cid22	zenjxl	8	3.25	20351	20241	-110	-13.097	-13.566	-0.4690000000000012	58.1524	58.1524	-1.6004	-1.6004	0.0	-1.22	-1.22	0.0	1424.877	1592.735	0.8946102145052379	-4.4	-33.089	-28.689
2389166	cid22	zenjxl	8	3.5	19182	19101	-81	-12.142	-12.513	-0.37100000000000044	55.9838	55.9838	-1.4848	-1.4848	0.0	1.707	1.707	0.0	1342.955	2489.338	0.5394827861865282	25.004	-5.852	-30.856
2389166	cid22	zenjxl	8	3.75	18335	18204	-131	-10.948	-11.584	-0.6359999999999992	53.7059	53.7059	-1.8443	-1.8443	0.0	-7.024	-7.024	0.0	1585.547	1408.638	1.1255886892161082	13.258	-40.736	-53.994
2389166	cid22	zenjxl	8	4.0	17572	17334	-238	-10.671	-11.88	-1.2090000000000014	52.5325	52.5325	-0.8872	-0.8872	0.0	-4.184	-4.184	0.0	1745.538	2823.26	0.6182703682976417	43.374	20.299	-23.075000000000003
2389166	cid22	zenjxl	8	4.25	16609	16399	-210	-10.439	-11.572	-1.1329999999999991	49.3632	49.3632	-1.3599	-1.3599	0.0	0.896	0.896	0.0	1751.815	2049.192	0.854880850598675	30.529	4.42	-26.109
2389166	cid22	zenjxl	8	4.5	15488	15307	-181	-11.815	-12.845	-1.0300000000000011	47.1502	47.1502	-0.7018	-0.7018	0.0	7.945	7.945	0.0	1776.651	2685.706	0.661521030224455	74.127	29.196	-44.931
2389166	cid22	zenjxl	8	4.75	15078	14864	-214	-6.92	-8.241	-1.3209999999999997	45.7607	45.7607	-0.0813	-0.0813	0.0	-2.203	-2.203	0.0	1491.271	1739.437	0.8573296992072723	58.314	-23.745	-82.059
2389166	cid22	zenjxl	8	5.0	14036	13845	-191	-9.509	-10.741	-1.2319999999999993	43.3261	43.3261	-0.1281	-0.1281	0.0	11.068	11.068	0.0	1538.313	2041.658	0.753462626943396	27.713	15.272	-12.441
2389166	cid22	zenjxl	9	0.25	134298	134298	0	1.772	1.772	0.0	94.1278	94.1278	0.0501	0.0501	0.0	-2.551	-2.551	0.0	3386.798	5114.069	0.6622511350550803	115.007	34.246	-80.761
2389166	cid22	zenjxl	9	0.5	89278	89278	0	1.556	1.556	0.0	90.705	90.705	-0.3257	-0.3257	0.0	6.994	6.994	0.0	2412.859	3543.443	0.6809363096852411	57.033	65.242	8.209000000000003
2389166	cid22	zenjxl	9	0.75	64121	64121	0	1.745	1.745	0.0	86.316	86.316	-0.1643	-0.1643	0.0	-8.17	-8.17	0.0	2369.43	5008.733	0.47305975383395354	30.276	91.287	61.01100000000001
2389166	cid22	zenjxl	9	1.0	52153	52153	0	1.424	1.424	0.0	82.8576	82.8576	0.2159	0.2159	0.0	6.56	6.56	0.0	2059.098	4415.995	0.4662817779458537	50.83	98.381	47.551
2389166	cid22	zenjxl	9	1.25	44143	44143	0	1.15	1.15	0.0	79.1946	79.1946	-0.1977	-0.1977	0.0	6.854	6.854	0.0	2127.092	3787.69	0.5615802771610138	11.657	64.477	52.82000000000001
2389166	cid22	zenjxl	9	1.5	38848	38848	0	1.768	1.768	0.0	76.2237	76.2237	-0.3228	-0.3228	0.0	8.009	8.009	0.0	2133.016	3587.85	0.5945109187953789	5.489	-8.505	-13.994
2389166	cid22	zenjxl	9	1.75	34271	34271	0	0.919	0.919	0.0	73.269	73.269	-0.4021	-0.4021	0.0	11.397	11.397	0.0	1988.307	3530.391	0.5631973908838993	14.045	17.248	3.203000000000001
2389166	cid22	zenjxl	9	2.0	30675	30675	0	0.426	0.426	0.0	71.2978	71.2978	-0.1284	-0.1284	0.0	0.374	0.374	0.0	1914.873	2729.182	0.7016289129856492	43.924	-6.887	-50.811
2389166	cid22	zenjxl	9	2.25	27821	27821	0	0.637	0.637	0.0	68.4248	68.4248	-0.3668	-0.3668	0.0	0.974	0.974	0.0	2087.059	2149.482	0.9709590496687109	34.234	-19.968	-54.202
2389166	cid22	zenjxl	9	2.5	25464	25464	0	0.553	0.553	0.0	66.2875	66.2875	-0.0254	-0.0254	0.0	-0.272	-0.272	0.0	1953.223	1733.603	1.1266841370256049	26.615	-34.455	-61.06999999999999
2389166	cid22	zenjxl	9	2.75	23365	23365	0	-1.414	-1.414	0.0	63.9593	63.9593	-0.2161	-0.2161	0.0	1.412	1.412	0.0	1858.079	1922.422	0.9665302415390585	20.77	-45.643	-66.413
2389166	cid22	zenjxl	9	3.0	22001	22001	0	-14.972	-14.972	0.0	61.6277	61.6277	-0.7304	-0.7304	0.0	2.567	2.567	0.0	1449.942	2153.911	0.6731670900051117	1.652	-28.722	-30.374000000000002
2389166	cid22	zenjxl	9	3.25	20393	20393	0	-15.072	-15.072	0.0	58.1572	58.1572	-1.6279	-1.6279	0.0	-1.22	-1.22	0.0	1915.079	1794.422	1.0672400360673242	12.644	-15.516	-28.16
2389166	cid22	zenjxl	9	3.5	19287	19287	0	-14.28	-14.28	0.0	55.9838	55.9838	-1.4252	-1.4252	0.0	1.896	1.896	0.0	1721.214	1778.897	0.9675737268655802	14.033	-43.609	-57.642
2389166	cid22	zenjxl	9	3.75	18493	18493	0	-12.826	-12.826	0.0	53.7059	53.7059	-1.9985	-1.9985	0.0	-6.766	-6.766	0.0	2056.952	1899.211	1.083056069072894	25.057	-31.811	-56.867999999999995
2389166	cid22	zenjxl	9	4.0	17663	17663	0	-13.374	-13.374	0.0	52.5325	52.5325	-0.9285	-0.9285	0.0	-4.184	-4.184	0.0	2313.904	2750.64	0.8412238606287992	43.627	20.79	-22.837000000000003
2389166	cid22	zenjxl	9	4.25	16701	16701	0	-12.993	-12.993	0.0	49.3632	49.3632	-1.439	-1.439	0.0	1.866	1.866	0.0	2330.434	2395.517	0.9728313345302916	34.844	-29.893	-64.737
2389166	cid22	zenjxl	9	4.5	15553	15553	0	-14.455	-14.455	0.0	47.1833	47.1833	-0.6982	-0.6982	0.0	9.576	9.576	0.0	1972.539	1954.13	1.00942056055636	22.593	-16.143	-38.736000000000004
2389166	cid22	zenjxl	9	4.75	15134	15134	0	-10.777	-10.777	0.0	45.7607	45.7607	-1.0121	-1.0121	0.0	-1.285	-1.285	0.0	2001.271	2260.382	0.8853684908126148	26.017	-22.687	-48.704
2389166	cid22	zenjxl	9	5.0	14161	14161	0	-13.037	-13.037	0.0	43.3261	43.3261	-0.3096	-0.3096	0.0	8.791	8.791	0.0	2119.347	2828.192	0.749364611737817	34.199	15.449	-18.75
297394	cid22	zenjxl	5	0.25	189698	189759	61	1.501	1.534	0.03300000000000014	94.1989	94.1989	0.6516	0.6516	0.0	-39.624	-39.624	0.0	1794.159	458.693	3.9114592984850436	566.391	-32.73	-599.121
297394	cid22	zenjxl	5	0.5	130690	130724	34	0.74	0.766	0.026000000000000023	91.4309	91.4309	0.5979	0.5979	0.0	-22.084	-22.084	0.0	1587.318	515.637	3.0783632671821457	654.609	0.545	-654.0640000000001
297394	cid22	zenjxl	5	0.75	100957	100992	35	0.303	0.338	0.03500000000000003	88.9011	88.9011	0.358	0.358	0.0	1.079	1.079	0.0	1646.331	395.177	4.166059765624011	534.183	-0.844	-535.027
297394	cid22	zenjxl	5	1.0	83808	83889	81	0.5	0.597	0.09699999999999998	86.5281	86.5281	0.0772	0.0772	0.0	8.842	8.842	0.0	1541.948	315.138	4.892929446782046	849.673	6.656	-843.017
297394	cid22	zenjxl	5	1.25	72633	72809	176	1.395	1.64	0.24499999999999988	84.0471	84.0471	-0.1778	-0.1778	0.0	-8.636	-8.636	0.0	1468.919	150.959	9.73058247603654	728.356	-55.186	-783.542
297394	cid22	zenjxl	5	1.5	63376	63336	-40	0.747	0.684	-0.06299999999999994	81.9841	81.9841	0.0888	0.0888	0.0	0.088	0.088	0.0	1507.054	364.161	4.138427783315621	294.583	-35.617	-330.20000000000005
297394	cid22	zenjxl	5	1.75	57023	57112	89	0.801	0.958	0.15699999999999992	80.0436	80.0436	0.0887	0.0887	0.0	-3.283	-3.283	0.0	1338.265	325.167	4.115623664147962	796.819	-21.918	-818.737
297394	cid22	zenjxl	5	2.0	51801	51820	19	0.471	0.508	0.03700000000000003	77.9671	77.9671	-0.0268	-0.0268	0.0	-7.601	-7.601	0.0	1339.492	216.47	6.187887467085508	357.265	-55.296	-412.561
297394	cid22	zenjxl	5	2.25	47965	47999	34	1.455	1.527	0.07199999999999984	76.0403	76.0403	-0.0677	-0.0677	0.0	-2.723	-2.723	0.0	1339.374	317.196	4.22254378995952	446.927	-15.46	-462.387
297394	cid22	zenjxl	5	2.5	43938	43933	-5	1.333	1.321	-0.01200000000000001	74.255	74.255	-0.3728	-0.3728	0.0	-0.004	-0.004	0.0	1293.588	139.656	9.262673998968895	770.736	-68.04	-838.776
297394	cid22	zenjxl	5	2.75	41651	41694	43	0.828	0.932	0.10400000000000009	72.499	72.499	0.1867	0.1867	0.0	2.198	2.198	0.0	1372.453	188.315	7.2880705201391285	454.571	-38.161	-492.732
297394	cid22	zenjxl	5	3.0	39115	39088	-27	1.69	1.62	-0.06999999999999984	70.6962	70.6962	-0.0205	-0.0205	0.0	-2.634	-2.634	0.0	1226.511	189.716	6.464984503152079	794.113	7.735	-786.378
297394	cid22	zenjxl	5	3.25	36844	36769	-75	2.624	2.415	-0.20900000000000007	68.4743	68.4743	-0.2886	-0.2886	0.0	-3.224	-3.224	0.0	1226.997	187.737	6.535722846322249	751.389	-46.285	-797.674
297394	cid22	zenjxl	5	3.5	34897	34838	-59	3.601	3.426	-0.17499999999999982	67.369	67.369	0.6748	0.6748	0.0	0.003	0.003	0.0	1212.219	247.716	4.893583781427118	789.996	-31.603	-821.5989999999999
297394	cid22	zenjxl	5	3.75	33427	33427	0	4.754	4.754	0.0	65.5135	65.5135	0.4377	0.4377	0.0	0.605	0.605	0.0	1218.427	150.563	8.092472918313264	855.537	-56.162	-911.6990000000001
297394	cid22	zenjxl	5	4.0	31069	31103	34	3.522	3.635	0.11299999999999999	62.0096	62.0096	-0.2245	-0.2245	0.0	4.302	4.302	0.0	1260.485	159.499	7.902776819917366	552.085	-77.466	-629.551
297394	cid22	zenjxl	5	4.25	29360	29380	20	2.51	2.58	0.07000000000000028	60.4224	60.4224	-0.119	-0.119	0.0	1.206	1.206	0.0	1259.401	130.675	9.637658312607615	426.339	-71.974	-498.313
297394	cid22	zenjxl	5	4.5	28190	28226	36	3.507	3.639	0.13199999999999967	58.8706	58.8706	-0.1165	-0.1165	0.0	-0.13	-0.13	0.0	1196.345	108.971	10.978563103945087	468.426	-78.585	-547.011
297394	cid22	zenjxl	5	4.75	27175	27298	123	5.166	5.642	0.476	58.0057	58.0057	0.7107	0.7107	0.0	1.008	1.008	0.0	1117.304	148.347	7.531692585626942	551.372	-77.117	-628.4889999999999
297394	cid22	zenjxl	5	5.0	26098	26125	27	4.925	5.034	0.10899999999999999	56.6384	56.6384	0.2481	0.2481	0.0	-5.236	-5.236	0.0	1137.406	197.142	5.769475809315113	498.53	-51.627	-550.1569999999999
297394	cid22	zenjxl	6	0.25	188115	188224	109	1.414	1.472	0.05800000000000005	94.1366	94.1366	0.5613	0.5613	0.0	-39.457	-39.457	0.0	1728.175	549.937	3.1424963223060094	451.963	31.761	-420.202
297394	cid22	zenjxl	6	0.5	128889	128937	48	0.684	0.722	0.03799999999999992	91.4686	91.4686	0.3717	0.3717	0.0	-22.541	-22.541	0.0	1792.762	221.103	8.10826628313501	723.494	9.934	-713.5600000000001
297394	cid22	zenjxl	6	0.75	99795	99849	54	0.402	0.457	0.05499999999999999	88.9377	88.9377	0.683	0.683	0.0	-2.419	-2.419	0.0	1813.519	357.693	5.070043305292527	317.764	-19.348	-337.112
297394	cid22	zenjxl	6	1.0	82867	82970	103	0.71	0.835	0.125	86.5983	86.5983	0.3953	0.3953	0.0	7.731	7.731	0.0	1643.105	250.706	6.553911753208938	345.157	-50.685	-395.842
297394	cid22	zenjxl	6	1.25	72166	72282	116	1.781	1.945	0.16400000000000015	84.0427	84.0427	-0.1878	-0.1878	0.0	-1.84	-1.84	0.0	1547.005	271.015	5.708189583602384	527.024	-64.747	-591.771
297394	cid22	zenjxl	6	1.5	63109	63074	-35	1.11	1.054	-0.05600000000000005	82.0046	82.0046	-0.2053	-0.2053	0.0	-10.83	-10.83	0.0	1611.726	285.522	5.644839977304727	454.987	-55.993	-510.98
297394	cid22	zenjxl	6	1.75	56991	56989	-2	1.583	1.579	-0.0040000000000000036	80.0624	80.0624	0.0376	0.0376	0.0	-1.72	-1.72	0.0	1464.217	408.476	3.5845851408650695	453.672	-40.414	-494.086
297394	cid22	zenjxl	6	2.0	51929	51898	-31	1.366	1.306	-0.06000000000000005	78.0241	78.0241	-0.2013	-0.2013	0.0	0.223	0.223	0.0	1461.511	290.36	5.03344468935115	281.656	-61.456	-343.112
297394	cid22	zenjxl	6	2.25	48122	48093	-29	2.285	2.223	-0.06200000000000028	76.1686	76.1686	0.0945	0.0945	0.0	-2.844	-2.844	0.0	1533.661	397.034	3.862795125858239	360.855	-39.555	-400.41
297394	cid22	zenjxl	6	2.5	44105	44157	52	1.498	1.618	0.1200000000000001	74.1741	74.1741	-0.2153	-0.2153	0.0	1.155	1.155	0.0	1499.357	403.462	3.7162285419692562	375.068	-40.812	-415.88
297394	cid22	zenjxl	6	2.75	42166	42190	24	1.671	1.729	0.05800000000000005	72.8581	72.8581	0.0378	0.0378	0.0	9.342	9.342	0.0	1625.676	229.292	7.089981333845053	402.328	-62.35	-464.678
297394	cid22	zenjxl	6	3.0	39447	39450	3	2.033	2.041	0.008000000000000007	70.9864	70.9864	0.2211	0.2211	0.0	2.085	2.085	0.0	1712.678	275.612	6.214090823331349	537.734	-71.117	-608.851
297394	cid22	zenjxl	6	3.25	37610	37635	25	4.371	4.44	0.06899999999999995	68.8656	68.8656	-0.357	-0.357	0.0	-0.387	-0.387	0.0	1338.895	361.627	3.7024198967444355	457.176	-64.952	-522.1279999999999
297394	cid22	zenjxl	6	3.5	35279	35279	0	4.163	4.163	0.0	67.7393	67.7393	0.2168	0.2168	0.0	-7.163	-7.163	0.0	1235.124	213.824	5.776358126309488	417.75	-65.71	-483.46
297394	cid22	zenjxl	6	3.75	33255	33148	-107	3.225	2.893	-0.3320000000000003	65.9807	65.9807	0.2634	0.2634	0.0	-11.378	-11.378	0.0	1292.228	240.893	5.364323579348508	425.598	-65.177	-490.77500000000003
297394	cid22	zenjxl	6	4.0	31955	31856	-99	4.377	4.054	-0.3229999999999995	63.9474	63.9474	-0.0423	-0.0423	0.0	-0.619	-0.619	0.0	1462.396	444.366	3.290971856532678	480.55	-28.322	-508.872
297394	cid22	zenjxl	6	4.25	29989	30011	22	2.864	2.94	0.07600000000000007	62.475	62.475	-0.2083	-0.2083	0.0	7.635	7.635	0.0	1346.042	425.676	3.162128003458029	351.328	-3.07	-354.39799999999997
297394	cid22	zenjxl	6	4.5	28831	28840	9	3.697	3.73	0.03299999999999992	60.8821	60.8821	0.061	0.061	0.0	1.472	1.472	0.0	1362.786	549.605	2.479573511885809	414.615	9.904	-404.711
297394	cid22	zenjxl	6	4.75	27662	27786	124	5.855	6.329	0.4739999999999993	59.9632	59.9632	0.4959	0.4959	0.0	7.215	7.215	0.0	1339.426	341.321	3.924241403253828	276.755	-53.57	-330.325
297394	cid22	zenjxl	6	5.0	26584	26657	73	5.685	5.975	0.29000000000000004	58.6233	58.6233	0.017	0.017	0.0	-3.93	-3.93	0.0	1294.806	342.396	3.7816037570532366	373.707	-40.923	-414.63
297394	cid22	zenjxl	7	0.25	202818	202927	109	2.224	2.279	0.054999999999999716	94.4128	94.4128	0.6223	0.6223	0.0	-42.744	-42.744	0.0	1785.674	361.182	4.9439728447154065	391.456	-46.746	-438.202
297394	cid22	zenjxl	7	0.5	139460	139516	56	1.42	1.46	0.040000000000000036	91.8154	91.8154	0.3664	0.3664	0.0	-14.487	-14.487	0.0	1789.353	549.587	3.2558139111732993	422.229	1.388	-420.841
297394	cid22	zenjxl	7	0.75	107554	107609	55	0.889	0.941	0.051999999999999935	89.3236	89.3236	-0.36	-0.36	0.0	0.373	0.373	0.0	1711.723	336.981	5.07958312189708	300.511	-3.123	-303.634
297394	cid22	zenjxl	7	1.0	89257	89357	100	0.827	0.94	0.11299999999999999	86.7373	86.7373	-0.7697	-0.7697	0.0	-3.121	-3.121	0.0	1817.446	490.218	3.707424043996752	536.594	-42.451	-579.0450000000001
297394	cid22	zenjxl	7	1.25	77765	77865	100	1.884	2.015	0.13100000000000023	85.0472	85.0472	-0.3525	-0.3525	0.0	-0.211	-0.211	0.0	1750.997	725.99	2.411874819212386	414.447	0.593	-413.854
297394	cid22	zenjxl	7	1.5	68060	68026	-34	1.407	1.356	-0.050999999999999934	82.9057	82.9057	-0.2812	-0.2812	0.0	-1.738	-1.738	0.0	1625.849	493.016	3.2977611274279126	363.353	-54.446	-417.799
297394	cid22	zenjxl	7	1.75	61191	61178	-13	1.372	1.35	-0.02200000000000002	81.0535	81.0535	-0.4251	-0.4251	0.0	-0.889	-0.889	0.0	1419.874	636.767	2.2298171858780367	314.799	54.208	-260.591
297394	cid22	zenjxl	7	2.0	55693	55721	28	1.667	1.718	0.050999999999999934	79.3068	79.3068	-0.0921	-0.0921	0.0	-12.28	-12.28	0.0	1450.208	377.112	3.84556312183118	407.095	-69.568	-476.663
297394	cid22	zenjxl	7	2.25	51278	51344	66	2.123	2.254	0.13099999999999978	76.8747	76.8747	-0.7566	-0.7566	0.0	-0.038	-0.038	0.0	1484.643	517.715	2.8676839573896835	466.497	-59.063	-525.5600000000001
297394	cid22	zenjxl	7	2.5	47465	47463	-2	1.926	1.922	-0.0040000000000000036	75.2584	75.2584	-0.3038	-0.3038	0.0	2.19	2.19	0.0	1538.009	290.745	5.289889765946104	375.108	21.857	-353.251
297394	cid22	zenjxl	7	2.75	44057	44039	-18	2.342	2.3	-0.04200000000000026	72.7191	72.7191	-0.9284	-0.9284	0.0	1.74	1.74	0.0	1353.806	430.45	3.1450946683703105	578.004	3.487	-574.517
297394	cid22	zenjxl	7	3.0	41068	41048	-20	2.208	2.158	-0.050000000000000266	71.6029	71.6029	-0.5524	-0.5524	0.0	-0.086	-0.086	0.0	1379.061	241.623	5.707490594852311	490.757	-54.793	-545.55
297394	cid22	zenjxl	7	3.25	38556	38616	60	2.493	2.653	0.16000000000000014	69.4129	69.4129	-0.3458	-0.3458	0.0	2.255	2.255	0.0	1374.63	442.593	3.1058557184591713	398.478	-28.533	-427.011
297394	cid22	zenjxl	7	3.5	37070	36868	-202	4.443	3.874	-0.5689999999999995	67.9254	67.9254	-0.4776	-0.4776	0.0	-0.483	-0.483	0.0	1335.527	474.277	2.815921919047308	368.449	-21.564	-390.01300000000003
297394	cid22	zenjxl	7	3.75	34661	34565	-96	3.364	3.078	-0.28600000000000003	66.5481	66.5481	-0.1716	-0.1716	0.0	-1.748	-1.748	0.0	1362.567	418.65	3.2546685775707633	296.171	-47.648	-343.819
297394	cid22	zenjxl	7	4.0	32967	32941	-26	3.303	3.221	-0.08199999999999985	64.9544	64.9544	-0.3232	-0.3232	0.0	0.53	0.53	0.0	1478.252	414.041	3.570303424057038	295.728	-48.935	-344.663
297394	cid22	zenjxl	7	4.25	31358	31243	-115	3.694	3.313	-0.3809999999999998	63.023	63.023	-0.4349	-0.4349	0.0	2.728	2.728	0.0	1438.528	608.677	2.363368420360881	603.769	-26.833	-630.602
297394	cid22	zenjxl	7	4.5	29989	30005	16	4.063	4.119	0.05600000000000005	61.0473	61.0473	-0.4856	-0.4856	0.0	1.732	1.732	0.0	1381.696	419.079	3.2969821919017654	277.586	-37.455	-315.041
297394	cid22	zenjxl	7	4.75	28556	28599	43	4.265	4.422	0.15700000000000003	59.7447	59.7447	-1.1734	-1.1734	0.0	-2.385	-2.385	0.0	1285.413	679.73	1.8910640989804774	346.206	-27.352	-373.558
297394	cid22	zenjxl	7	5.0	26849	26864	15	3.174	3.232	0.058000000000000274	58.2828	58.2828	-1.2362	-1.2362	0.0	-5.056	-5.056	0.0	1291.101	676.494	1.9085180356366798	296.455	-7.47	-303.925
297394	cid22	zenjxl	8	0.25	202741	202752	11	0.619	0.624	0.0050000000000000044	94.4628	94.4628	0.1185	0.1185	0.0	-0.264	-0.264	0.0	2045.78	1513.975	1.3512640565399032	96.691	-39.356	-136.047
297394	cid22	zenjxl	8	0.5	138107	138093	-14	0.619	0.608	-0.01100000000000001	91.7792	91.7792	-0.1367	-0.1367	0.0	-0.13	-0.13	0.0	2128.601	1152.437	1.847043265705631	105.873	-60.927	-166.8
297394	cid22	zenjxl	8	0.75	104866	104799	-67	0.608	0.544	-0.06399999999999995	89.4352	89.4352	-0.1527	-0.1527	0.0	-1.918	-1.918	0.0	2236.768	1232.926	1.8141948502992071	109.574	-48.505	-158.079
297394	cid22	zenjxl	8	1.0	86296	86228	-68	0.744	0.664	-0.07999999999999996	86.9884	86.9884	-0.4609	-0.4609	0.0	9.16	9.16	0.0	2114.515	1323.386	1.5978066867867726	87.688	-37.501	-125.189
297394	cid22	zenjxl	8	1.25	74773	74776	3	1.488	1.492	0.0040000000000000036	84.6908	84.6908	-0.2662	-0.2662	0.0	-2.575	-2.575	0.0	2027.752	1179.694	1.718879641669789	48.217	-44.195	-92.412
297394	cid22	zenjxl	8	1.5	65137	65196	59	0.424	0.515	0.09100000000000003	82.4878	82.4878	-0.227	-0.227	0.0	-4.073	-4.073	0.0	2082.292	1572.457	1.3242282618856984	77.539	-36.422	-113.961
297394	cid22	zenjxl	8	1.75	58451	58392	-59	1.056	0.954	-0.10200000000000009	80.5912	80.5912	-0.3598	-0.3598	0.0	1.976	1.976	0.0	1948.155	1303.325	1.4947576391153394	67.268	-49.092	-116.36
297394	cid22	zenjxl	8	2.0	52879	52776	-103	1.123	0.926	-0.19699999999999995	78.7357	78.7357	0.0921	0.0921	0.0	-1.052	-1.052	0.0	2025.269	933.791	2.168867551732668	83.002	-65.837	-148.839
297394	cid22	zenjxl	8	2.25	48078	48055	-23	1.546	1.497	-0.04899999999999993	76.0567	76.0567	-0.0287	-0.0287	0.0	1.743	1.743	0.0	1910.555	1302.647	1.4666713238505904	55.203	-31.914	-87.117
297394	cid22	zenjxl	8	2.5	44299	44260	-39	1.366	1.277	-0.08900000000000019	74.2703	74.2703	-0.4884	-0.4884	0.0	9.598	9.598	0.0	1885.011	1174.327	1.605184075645029	90.045	-54.344	-144.389
297394	cid22	zenjxl	8	2.75	41049	41025	-24	1.682	1.622	-0.05999999999999983	71.5567	71.5567	-1.0736	-1.0736	0.0	6.119	6.119	0.0	1933.692	1283.398	1.5066970651348999	65.096	-42.299	-107.39500000000001
297394	cid22	zenjxl	8	3.0	38024	37868	-156	1.723	1.306	-0.41700000000000004	69.9258	69.9258	-0.5309	-0.5309	0.0	1.26	1.26	0.0	1795.396	990.003	1.8135258175985325	120.678	-61.85	-182.528
297394	cid22	zenjxl	8	3.25	35730	35594	-136	2.15	1.761	-0.389	68.0041	68.0041	-0.2818	-0.2818	0.0	4.648	4.648	0.0	1873.695	1199.182	1.5624775888897597	94.491	-47.206	-141.697
297394	cid22	zenjxl	8	3.5	33943	33825	-118	3.07	2.712	-0.35799999999999965	66.1475	66.1475	-0.6968	-0.6968	0.0	0.541	0.541	0.0	1823.585	1062.928	1.715624200322129	93.701	-45.114	-138.815
297394	cid22	zenjxl	8	3.75	31562	31430	-132	2.245	1.817	-0.42800000000000016	64.2604	64.2604	-0.4307	-0.4307	0.0	7.691	7.691	0.0	1714.54	1142.185	1.5011053375766623	36.574	-57.196	-93.77
297394	cid22	zenjxl	8	4.0	29762	29616	-146	1.974	1.473	-0.5009999999999999	63.0092	63.0092	0.2221	0.2221	0.0	-6.31	-6.31	0.0	2020.337	1782.683	1.133312540704096	118.853	-24.096	-142.94899999999998
297394	cid22	zenjxl	8	4.25	28408	28226	-182	2.213	1.558	-0.655	61.2353	61.2353	-0.4818	-0.4818	0.0	-8.794	-8.794	0.0	2116.62	1579.865	1.3397473834789682	97.475	-13.85	-111.32499999999999
297394	cid22	zenjxl	8	4.5	26952	26927	-25	1.491	1.397	-0.09400000000000008	58.8633	58.8633	-0.654	-0.654	0.0	9.944	9.944	0.0	2110.948	1349.161	1.5646375784654314	144.803	-35.962	-180.765
297394	cid22	zenjxl	8	4.75	25923	25865	-58	4.025	3.792	-0.23300000000000054	57.8458	57.8458	-0.9507	-0.9507	0.0	5.026	5.026	0.0	1930.659	1210.009	1.5955740825068243	141.955	-38.82	-180.775
297394	cid22	zenjxl	8	5.0	24259	24154	-105	2.727	2.282	-0.44499999999999984	56.0586	56.0586	-0.8642	-0.8642	0.0	3.572	3.572	0.0	1965.822	1362.253	1.443066743108659	58.618	-43.194	-101.81200000000001
297394	cid22	zenjxl	9	0.25	205191	205191	0	1.244	1.244	0.0	94.5114	94.5114	0.1247	0.1247	0.0	-12.801	-12.801	0.0	4880.62	8795.911	0.5548737362167488	217.389	212.196	-5.193000000000012
297394	cid22	zenjxl	9	0.5	139888	139888	0	1.369	1.369	0.0	91.8577	91.8577	-0.1117	-0.1117	0.0	-9.274	-9.274	0.0	3720.278	6324.712	0.5882130285141837	184.83	92.238	-92.59200000000001
297394	cid22	zenjxl	9	0.75	106122	106122	0	1.436	1.436	0.0	89.497	89.497	-0.3298	-0.3298	0.0	3.354	3.354	0.0	3313.367	4003.736	0.8275688007401089	112.061	27.825	-84.236
297394	cid22	zenjxl	9	1.0	86927	86927	0	1.341	1.341	0.0	87.1671	87.1671	-0.2882	-0.2882	0.0	2.783	2.783	0.0	2667.164	3060.497	0.8714806778114798	146.404	65.663	-80.741
297394	cid22	zenjxl	9	1.25	75430	75430	0	2.505	2.505	0.0	84.673	84.673	-0.3404	-0.3404	0.0	-0.045	-0.045	0.0	2836.04	3627.705	0.7817724980393941	62.346	6.473	-55.873
297394	cid22	zenjxl	9	1.5	65556	65556	0	1.365	1.365	0.0	82.4766	82.4766	-0.2802	-0.2802	0.0	-3.567	-3.567	0.0	2522.23	3532.624	0.7139820145025342	86.57	5.402	-81.16799999999999
297394	cid22	zenjxl	9	1.75	58748	58748	0	1.479	1.479	0.0	80.5956	80.5956	-0.3722	-0.3722	0.0	0.741	0.741	0.0	2474.106	3425.989	0.7221581855633512	45.996	4.274	-41.722
297394	cid22	zenjxl	9	2.0	53130	53130	0	1.673	1.673	0.0	78.8677	78.8677	0.3531	0.3531	0.0	-0.524	-0.524	0.0	2359.707	3929.66	0.6004863016138801	45.548	20.793	-24.755000000000003
297394	cid22	zenjxl	9	2.25	48384	48384	0	2.298	2.298	0.0	76.0739	76.0739	-0.0243	-0.0243	0.0	1.743	1.743	0.0	2350.279	4823.834	0.48722219711540654	46.091	55.386	9.295000000000002
297394	cid22	zenjxl	9	2.5	44666	44666	0	2.377	2.377	0.0	74.2905	74.2905	-0.4692	-0.4692	0.0	4.527	4.527	0.0	2399.58	3553.863	0.6752032928675078	85.761	13.763	-71.99799999999999
297394	cid22	zenjxl	9	2.75	41374	41374	0	2.739	2.739	0.0	71.5567	71.5567	-1.0736	-1.0736	0.0	6.119	6.119	0.0	2608.254	3398.696	0.7674278605677001	64.436	-11.246	-75.682
297394	cid22	zenjxl	9	3.0	38240	38240	0	2.49	2.49	0.0	69.963	69.963	-0.5002	-0.5002	0.0	1.26	1.26	0.0	2429.841	3409.443	0.7126797544349619	45.953	26.665	-19.288000000000004
297394	cid22	zenjxl	9	3.25	35974	35974	0	3.039	3.039	0.0	68.0104	68.0104	-0.2754	-0.2754	0.0	1.391	1.391	0.0	2303.743	3040.525	0.7576793481388905	57.415	-5.077	-62.492
297394	cid22	zenjxl	9	3.5	34069	34069	0	3.727	3.727	0.0	66.1475	66.1475	-0.6968	-0.6968	0.0	0.541	0.541	0.0	2311.236	3011.688	0.7674221234072055	46.332	10.349	-35.983000000000004
297394	cid22	zenjxl	9	3.75	31719	31719	0	3.021	3.021	0.0	64.2604	64.2604	-0.4307	-0.4307	0.0	7.691	7.691	0.0	2059.042	3538.763	0.5818536025159073	18.645	-2.088	-20.733
297394	cid22	zenjxl	9	4.0	29889	29889	0	2.736	2.736	0.0	63.0092	63.0092	0.2221	0.2221	0.0	-6.31	-6.31	0.0	2888.327	3762.782	0.7676041290725851	54.376	2.422	-51.954
297394	cid22	zenjxl	9	4.25	28607	28607	0	3.155	3.155	0.0	61.2353	61.2353	-0.4818	-0.4818	0.0	-8.794	-8.794	0.0	2582.634	3322.983	0.7772034945709924	40.156	19.164	-20.991999999999997
297394	cid22	zenjxl	9	4.5	27202	27202	0	2.637	2.637	0.0	58.8633	58.8633	-0.6459	-0.6459	0.0	9.944	9.944	0.0	2954.164	3092.266	0.955339547115287	60.472	-13.581	-74.053
297394	cid22	zenjxl	9	4.75	26111	26111	0	4.96	4.96	0.0	57.8458	57.8458	-0.9507	-0.9507	0.0	5.026	5.026	0.0	2558.633	3099.642	0.8254608112807866	37.574	-5.654	-43.227999999999994
297394	cid22	zenjxl	9	5.0	24399	24399	0	3.579	3.579	0.0	56.0586	56.0586	-0.8642	-0.8642	0.0	3.572	3.572	0.0	2473.59	3204.418	0.7719311275869752	44.418	6.785	-37.632999999999996
3637739	cid22	zenjxl	5	0.25	101411	101699	288	-0.053	0.231	0.28400000000000003	94.0983	94.0983	-0.1787	-0.1787	0.0	-1.487	-1.487	0.0	1124.005	350.624	3.2057275029661403	503.025	-17.626	-520.651
3637739	cid22	zenjxl	5	0.5	66915	67172	257	-0.372	0.01	0.382	92.0196	92.0196	-0.1918	-0.1918	0.0	0.507	0.507	0.0	1028.178	154.306	6.66324057392454	568.012	-67.16	-635.1719999999999
3637739	cid22	zenjxl	5	0.75	50096	50355	259	0.552	1.072	0.52	89.8817	89.8817	-0.326	-0.326	0.0	-2.276	-2.276	0.0	1003.61	142.664	7.034781023944373	585.659	-62.904	-648.563
3637739	cid22	zenjxl	5	1.0	40388	40628	240	0.037	0.632	0.595	87.8665	87.8665	-0.3079	-0.3079	0.0	0.065	0.065	0.0	873.202	174.84	4.994291924044841	448.931	-61.285	-510.216
3637739	cid22	zenjxl	5	1.25	35055	35296	241	1.397	2.094	0.6969999999999998	86.137	86.137	-0.3657	-0.3657	0.0	0.838	0.838	0.0	826.028	186.153	4.437360665688977	482.242	-20.685	-502.927
3637739	cid22	zenjxl	5	1.5	30743	31045	302	0.678	1.667	0.989	84.5819	84.5819	-0.4438	-0.4438	0.0	0.872	0.872	0.0	831.499	122.884	6.766535920054686	474.706	-65.796	-540.5020000000001
3637739	cid22	zenjxl	5	1.75	28001	28289	288	2.145	3.196	1.0510000000000002	83.0965	83.0965	-0.5173	-0.5173	0.0	1.657	1.657	0.0	832.275	172.745	4.817939737763756	427.8	-52.691	-480.491
3637739	cid22	zenjxl	5	2.0	25795	26098	303	2.171	3.371	1.2000000000000002	81.5278	81.5278	-0.7773	-0.7773	0.0	-4.31	-4.31	0.0	827.346	166.518	4.968507909054877	386.731	-54.817	-441.548
3637739	cid22	zenjxl	5	2.25	24017	24276	259	3.144	4.256	1.112	80.5462	80.5462	-0.8076	-0.8076	0.0	-0.581	-0.581	0.0	845.654	140.809	6.005681455020631	397.68	-62.466	-460.146
3637739	cid22	zenjxl	5	2.5	22052	22376	324	1.782	3.277	1.495	78.6875	78.6875	-1.1306	-1.1306	0.0	-3.597	-3.597	0.0	734.192	162.611	4.515020509067653	370.375	-60.08	-430.455
3637739	cid22	zenjxl	5	2.75	20854	21149	295	3.217	4.677	1.4599999999999995	77.3238	77.3238	-1.4246	-1.4246	0.0	-2.395	-2.395	0.0	821.271	279.73	2.9359418010224143	436.767	45.966	-390.801
3637739	cid22	zenjxl	5	3.0	19844	20075	231	4.316	5.53	1.2140000000000004	75.8654	75.8654	-1.5445	-1.5445	0.0	0.496	0.496	0.0	786.574	160.946	4.8871919774334245	547.413	-54.791	-602.204
3637739	cid22	zenjxl	5	3.25	18641	18922	281	4.111	5.68	1.569	74.5913	74.5913	-1.5566	-1.5566	0.0	0.901	0.901	0.0	788.993	182.369	4.326354808108834	396.928	-49.618	-446.546
3637739	cid22	zenjxl	5	3.5	17802	18093	291	3.935	5.634	1.6990000000000003	72.7902	72.7902	-1.6266	-1.6266	0.0	-0.163	-0.163	0.0	842.443	237.484	3.5473674015933705	407.418	-46.358	-453.776
3637739	cid22	zenjxl	5	3.75	17084	17360	276	4.765	6.457	1.6920000000000002	71.6701	71.6701	-1.7041	-1.7041	0.0	0.004	0.004	0.0	724.766	177.074	4.093011961101008	304.129	-57.027	-361.156
3637739	cid22	zenjxl	5	4.0	16145	16383	238	3.74	5.269	1.529	70.2209	70.2209	-1.4644	-1.4644	0.0	0.553	0.553	0.0	709.441	131.043	5.413803102798318	344.135	-50.366	-394.501
3637739	cid22	zenjxl	5	4.25	15508	15817	309	2.756	4.804	2.0480000000000005	68.804	68.804	-1.8845	-1.8845	0.0	-0.624	-0.624	0.0	729.663	224.577	3.249054889859603	470.322	-34.982	-505.304
3637739	cid22	zenjxl	5	4.5	14671	14992	321	0.624	2.826	2.202	67.7381	67.7381	-2.0109	-2.0109	0.0	0.483	0.483	0.0	731.323	183.92	3.976310352327099	376.104	-72.687	-448.791
3637739	cid22	zenjxl	5	4.75	14528	14839	311	4.046	6.274	2.2279999999999998	66.2704	66.2704	-2.3913	-2.3913	0.0	1.214	1.214	0.0	736.619	296.658	2.483057932029475	493.804	-40.933	-534.737
3637739	cid22	zenjxl	5	5.0	14057	14357	300	3.103	5.303	2.1999999999999997	65.7505	65.7505	-2.2559	-2.2559	0.0	-0.459	-0.459	0.0	733.568	116.553	6.293857729959761	428.333	-66.196	-494.529
3637739	cid22	zenjxl	6	0.25	100046	100352	306	-0.183	0.123	0.306	93.9895	93.9895	-0.2468	-0.2468	0.0	-1.491	-1.491	0.0	1235.066	575.021	2.147862425894011	482.036	-9.191	-491.227
3637739	cid22	zenjxl	6	0.5	65739	65993	254	0.399	0.787	0.388	91.9934	91.9934	-0.122	-0.122	0.0	-0.523	-0.523	0.0	1162.427	290.731	3.998290515975248	486.775	-14.812	-501.587
3637739	cid22	zenjxl	6	0.75	48858	49145	287	0.337	0.926	0.589	89.8032	89.8032	-0.3882	-0.3882	0.0	-2.947	-2.947	0.0	1106.958	304.324	3.6374324732850516	233.078	13.833	-219.245
3637739	cid22	zenjxl	6	1.0	39991	40270	279	0.571	1.273	0.702	87.7381	87.7381	-0.3992	-0.3992	0.0	-1.028	-1.028	0.0	1040.736	399.191	2.607112885811554	293.697	-29.363	-323.06
3637739	cid22	zenjxl	6	1.25	34840	35080	240	1.72	2.42	0.7	86.0684	86.0684	-0.5648	-0.5648	0.0	3.388	3.388	0.0	939.649	361.302	2.600730137115211	239.782	-22.589	-262.371
3637739	cid22	zenjxl	6	1.5	30952	31210	258	1.836	2.685	0.849	84.4137	84.4137	-0.6357	-0.6357	0.0	1.072	1.072	0.0	927.816	274.888	3.375251011320975	198.03	-69.175	-267.205
3637739	cid22	zenjxl	6	1.75	28081	28380	299	2.519	3.611	1.092	82.9458	82.9458	-0.786	-0.786	0.0	-2.99	-2.99	0.0	917.678	509.779	1.8001486918841303	242.25	-39.732	-281.98199999999997
3637739	cid22	zenjxl	6	2.0	25896	26150	254	2.477	3.482	1.0050000000000003	81.4687	81.4687	-1.0451	-1.0451	0.0	1.535	1.535	0.0	1055.182	378.201	2.7900031993569554	264.272	-29.763	-294.03499999999997
3637739	cid22	zenjxl	6	2.25	24302	24611	309	3.624	4.942	1.318	80.4093	80.4093	-1.1179	-1.1179	0.0	3.854	3.854	0.0	892.117	397.511	2.2442573916193513	218.504	-24.24	-242.744
3637739	cid22	zenjxl	6	2.5	22582	22927	345	3.692	5.276	1.5839999999999996	78.6961	78.6961	-1.4117	-1.4117	0.0	-2.562	-2.562	0.0	909.691	343.448	2.6487008222496566	161.029	-46.585	-207.614
3637739	cid22	zenjxl	6	2.75	21336	21604	268	4.078	5.385	1.3069999999999995	77.1944	77.1944	-1.6438	-1.6438	0.0	0.173	0.173	0.0	859.662	285.487	3.011212419479696	326.419	-57.643	-384.062
3637739	cid22	zenjxl	6	3.0	20313	20604	291	4.782	6.283	1.5010000000000003	75.9868	75.9868	-1.6484	-1.6484	0.0	1.589	1.589	0.0	880.204	364.787	2.4129258992233824	187.628	-27.594	-215.22199999999998
3637739	cid22	zenjxl	6	3.25	19100	19424	324	3.574	5.331	1.7570000000000006	74.6209	74.6209	-1.7531	-1.7531	0.0	0.708	0.708	0.0	809.443	358.892	2.2553943804821506	174.71	-51.916	-226.626
3637739	cid22	zenjxl	6	3.5	18209	18484	275	3.998	5.569	1.5709999999999997	72.7853	72.7853	-2.1044	-2.1044	0.0	-4.301	-4.301	0.0	818.557	315.49	2.5945576721924626	188.54	-31.51	-220.04999999999998
3637739	cid22	zenjxl	6	3.75	17696	17960	264	5.528	7.102	1.5740000000000007	71.641	71.641	-2.1574	-2.1574	0.0	-0.295	-0.295	0.0	845.674	344.632	2.4538464216903826	146.543	-59.623	-206.166
3637739	cid22	zenjxl	6	4.0	16744	17045	301	2.491	4.334	1.8429999999999995	70.5056	70.5056	-1.952	-1.952	0.0	-3.686	-3.686	0.0	918.996	386.492	2.377787897291535	199.406	-52.342	-251.748
3637739	cid22	zenjxl	6	4.25	16211	16520	309	2.039	3.984	1.9449999999999998	68.9812	68.9812	-2.1655	-2.1655	0.0	1.696	1.696	0.0	870.87	549.267	1.5855130564916515	231.382	-14.03	-245.412
3637739	cid22	zenjxl	6	4.5	15372	15693	321	-0.35	1.731	2.081	68.0684	68.0684	-2.7381	-2.7381	0.0	0.168	0.168	0.0	941.356	513.838	1.8320093103273796	276.087	-35.822	-311.909
3637739	cid22	zenjxl	6	4.75	15033	15345	312	4.258	6.422	2.1639999999999997	66.6016	66.6016	-2.9293	-2.9293	0.0	0.425	0.425	0.0	956.47	370.951	2.5784268003051616	327.106	-14.826	-341.932
3637739	cid22	zenjxl	6	5.0	14560	14863	303	4.089	6.255	2.1659999999999995	66.1451	66.1451	-2.3092	-2.3092	0.0	-0.677	-0.677	0.0	825.338	550.14	1.5002326680481333	250.776	20.986	-229.79000000000002
3637739	cid22	zenjxl	7	0.25	100045	100351	306	-0.236	0.069	0.305	93.9949	93.9949	-0.1784	-0.1784	0.0	-1.491	-1.491	0.0	1188.791	555.239	2.1410437667382873	348.163	-5.012	-353.175
3637739	cid22	zenjxl	7	0.5	65834	66090	256	0.455	0.845	0.38999999999999996	91.9953	91.9953	-0.1442	-0.1442	0.0	-0.523	-0.523	0.0	1049.162	281.344	3.7291074272065514	261.577	-53.0	-314.577
3637739	cid22	zenjxl	7	0.75	48858	49145	287	0.191	0.779	0.5880000000000001	89.8066	89.8066	-0.3652	-0.3652	0.0	-2.16	-2.16	0.0	1035.239	405.126	2.5553506810226945	235.731	-4.842	-240.573
3637739	cid22	zenjxl	7	1.0	39985	40264	279	0.518	1.219	0.7010000000000001	87.7291	87.7291	-0.3888	-0.3888	0.0	-1.071	-1.071	0.0	998.895	486.933	2.0514013221531506	199.804	-26.263	-226.067
3637739	cid22	zenjxl	7	1.25	34836	35079	243	1.634	2.343	0.7090000000000001	86.0589	86.0589	-0.5796	-0.5796	0.0	3.388	3.388	0.0	948.651	471.339	2.012672407757474	217.285	-36.034	-253.319
3637739	cid22	zenjxl	7	1.5	30956	31213	257	1.806	2.651	0.8449999999999998	84.4183	84.4183	-0.5896	-0.5896	0.0	1.072	1.072	0.0	971.339	552.881	1.756868114476714	185.69	-12.975	-198.665
3637739	cid22	zenjxl	7	1.75	28084	28383	299	2.523	3.614	1.0909999999999997	82.9544	82.9544	-0.7848	-0.7848	0.0	-2.99	-2.99	0.0	896.235	520.162	1.7229920678557833	158.77	-38.884	-197.654
3637739	cid22	zenjxl	7	2.0	26088	26331	243	3.262	4.223	0.9609999999999999	81.4172	81.4172	-1.0985	-1.0985	0.0	7.069	7.069	0.0	848.016	430.353	1.9705125792082312	150.147	-37.757	-187.904
3637739	cid22	zenjxl	7	2.25	24089	24349	260	2.699	3.807	1.108	80.3069	80.3069	-1.2233	-1.2233	0.0	3.829	3.829	0.0	1056.291	554.016	1.9066073904002772	267.766	44.174	-223.592
3637739	cid22	zenjxl	7	2.5	22383	22686	303	2.839	4.232	1.3930000000000002	78.5755	78.5755	-1.5321	-1.5321	0.0	-2.549	-2.549	0.0	997.375	501.288	1.9896247267040104	170.949	-23.413	-194.36200000000002
3637739	cid22	zenjxl	7	2.75	21175	21478	303	3.343	4.822	1.479	77.0785	77.0785	-1.7243	-1.7243	0.0	0.172	0.172	0.0	905.85	263.928	3.4321860507411115	232.247	-56.938	-289.185
3637739	cid22	zenjxl	7	3.0	20127	20415	288	3.635	5.118	1.4830000000000005	75.7251	75.7251	-1.9704	-1.9704	0.0	1.596	1.596	0.0	943.299	459.604	2.0524168632126787	108.231	-43.927	-152.158
3637739	cid22	zenjxl	7	3.25	19035	19305	270	2.981	4.442	1.4610000000000003	74.2978	74.2978	-2.2237	-2.2237	0.0	0.708	0.708	0.0	1046.651	569.072	1.8392242106446988	149.316	-29.815	-179.131
3637739	cid22	zenjxl	7	3.5	18317	18649	332	4.382	6.274	1.8920000000000003	72.3052	72.3052	-2.5232	-2.5232	0.0	8.158	8.158	0.0	979.994	264.207	3.7091901425776004	203.793	-47.738	-251.531
3637739	cid22	zenjxl	7	3.75	17361	17685	324	3.438	5.368	1.9300000000000002	71.1862	71.1862	-2.5659	-2.5659	0.0	1.166	1.166	0.0	958.09	515.881	1.8571918717688771	213.528	-50.102	-263.63
3637739	cid22	zenjxl	7	4.0	17075	17337	262	4.639	6.245	1.6059999999999999	70.0925	70.0925	-2.3747	-2.3747	0.0	-3.686	-3.686	0.0	986.596	498.116	1.9806551084486346	211.371	-17.355	-228.726
3637739	cid22	zenjxl	7	4.25	16506	16757	251	3.227	4.797	1.5699999999999998	68.7014	68.7014	-2.4472	-2.4472	0.0	1.639	1.639	0.0	994.463	506.648	1.9628282357771074	310.138	-27.853	-337.991
3637739	cid22	zenjxl	7	4.5	15927	16212	285	3.584	5.437	1.8530000000000002	67.6607	67.6607	-2.8349	-2.8349	0.0	-0.325	-0.325	0.0	1079.84	593.875	1.8182950957693116	275.121	-7.277	-282.39799999999997
3637739	cid22	zenjxl	7	4.75	15056	15354	298	4.079	6.139	2.0600000000000005	66.1869	66.1869	-3.3655	-3.3655	0.0	0.305	0.305	0.0	945.267	402.54	2.348256073930541	127.548	-34.868	-162.416
3637739	cid22	zenjxl	7	5.0	14445	14733	288	2.6	4.645	2.0449999999999995	65.7285	65.7285	-2.8641	-2.8641	0.0	-0.097	-0.097	0.0	985.899	355.015	2.777062941002493	234.412	-25.334	-259.746
3637739	cid22	zenjxl	8	0.25	101183	101156	-27	-0.281	-0.307	-0.025999999999999968	94.1087	94.1087	-0.1482	-0.1482	0.0	-2.309	-2.309	0.0	1691.83	1047.491	1.6151260488156938	42.552	-61.827	-104.37899999999999
3637739	cid22	zenjxl	8	0.5	64595	64566	-29	0.076	0.031	-0.045	91.9007	91.9007	-0.2632	-0.2632	0.0	-10.58	-10.58	0.0	1475.958	1058.045	1.394986035565595	69.97	-45.097	-115.06700000000001
3637739	cid22	zenjxl	8	0.75	47780	47733	-47	-0.178	-0.276	-0.09800000000000003	89.9559	89.9559	-0.2747	-0.2747	0.0	3.423	3.423	0.0	1480.503	1137.29	1.3017814277800737	49.315	-47.264	-96.57900000000001
3637739	cid22	zenjxl	8	1.0	38685	38704	19	0.345	0.394	0.049000000000000044	87.6265	87.6265	-0.5509	-0.5509	0.0	12.427	12.427	0.0	1284.803	1047.503	1.2265387306766664	13.987	-53.377	-67.364
3637739	cid22	zenjxl	8	1.25	33109	33160	51	0.749	0.904	0.15500000000000003	85.7923	85.7923	-0.6449	-0.6449	0.0	4.158	4.158	0.0	1629.45	1502.423	1.084548093313268	47.465	-34.626	-82.09100000000001
3637739	cid22	zenjxl	8	1.5	29319	29352	33	0.725	0.838	0.11299999999999999	84.2414	84.2414	-0.5165	-0.5165	0.0	-0.673	-0.673	0.0	1502.992	1579.496	0.9515642964591235	20.807	-13.929	-34.736
3637739	cid22	zenjxl	8	1.75	26491	26496	5	1.99	2.01	0.019999999999999796	82.7395	82.7395	-0.539	-0.539	0.0	-2.611	-2.611	0.0	1340.265	1201.963	1.1150634420527088	21.527	-48.141	-69.668
3637739	cid22	zenjxl	8	2.0	24596	24587	-9	2.843	2.806	-0.03699999999999992	81.2281	81.2281	-0.9322	-0.9322	0.0	4.135	4.135	0.0	1466.99	1060.1	1.3838222809168947	24.542	-47.351	-71.893
3637739	cid22	zenjxl	8	2.25	22203	22213	10	0.694	0.739	0.04500000000000004	79.4734	79.4734	-1.1026	-1.1026	0.0	-3.584	-3.584	0.0	1327.619	1130.396	1.1744724857483573	16.759	-39.406	-56.165
3637739	cid22	zenjxl	8	2.5	20847	20851	4	2.422	2.442	0.020000000000000018	77.6907	77.6907	-1.7283	-1.7283	0.0	-3.173	-3.173	0.0	1271.635	1796.289	0.707923390946557	23.974	-14.908	-38.882
3637739	cid22	zenjxl	8	2.75	19680	19672	-8	2.671	2.629	-0.041999999999999815	76.2767	76.2767	-1.636	-1.636	0.0	-4.047	-4.047	0.0	1622.382	1377.826	1.177494110286785	33.112	-53.301	-86.41300000000001
3637739	cid22	zenjxl	8	3.0	18621	18613	-8	2.947	2.902	-0.04499999999999993	74.7081	74.7081	-2.0121	-2.0121	0.0	-3.732	-3.732	0.0	1359.854	1486.092	0.9150537113449234	9.57	-38.824	-48.394
3637739	cid22	zenjxl	8	3.25	17591	17592	1	2.273	2.279	0.005999999999999783	73.1636	73.1636	-2.1924	-2.1924	0.0	1.003	1.003	0.0	1386.534	1882.313	0.7366118174820022	35.344	-33.811	-69.155
3637739	cid22	zenjxl	8	3.5	16685	16723	38	2.532	2.765	0.2330000000000001	71.1344	71.1344	-2.5753	-2.5753	0.0	2.16	2.16	0.0	1388.0	1891.5	0.7338091461802801	7.319	-43.935	-51.254000000000005
3637739	cid22	zenjxl	8	3.75	15870	15886	16	2.15	2.253	0.1030000000000002	69.8752	69.8752	-2.4816	-2.4816	0.0	-1.305	-1.305	0.0	1318.716	1671.263	0.7890535481249809	13.828	-26.604	-40.432
3637739	cid22	zenjxl	8	4.0	15513	15516	3	3.392	3.412	0.020000000000000018	68.7254	68.7254	-2.3763	-2.3763	0.0	19.79	19.79	0.0	1726.781	1466.59	1.1774122283664827	58.929	-23.631	-82.56
3637739	cid22	zenjxl	8	4.25	15024	14982	-42	2.876	2.588	-0.2879999999999998	67.6282	67.6282	-2.0988	-2.0988	0.0	16.467	16.467	0.0	1713.934	1979.703	0.8657530952875254	13.549	17.405	3.8560000000000016
3637739	cid22	zenjxl	8	4.5	14447	14474	27	2.229	2.42	0.19099999999999984	66.1467	66.1467	-2.8554	-2.8554	0.0	-5.738	-5.738	0.0	1738.743	1526.563	1.1389919708521692	63.261	-18.988	-82.249
3637739	cid22	zenjxl	8	4.75	13554	13577	23	2.102	2.275	0.17300000000000004	65.119	65.119	-2.6336	-2.6336	0.0	1.339	1.339	0.0	1650.761	1157.996	1.425532557970839	29.783	-53.905	-83.688
3637739	cid22	zenjxl	8	5.0	13015	13055	40	1.783	2.096	0.31300000000000017	64.08	64.08	-2.8691	-2.8691	0.0	5.944	5.944	0.0	1993.545	1243.949	1.6025938362424825	57.111	-44.827	-101.93799999999999
3637739	cid22	zenjxl	9	0.25	102889	102889	0	0.587	0.587	0.0	94.1872	94.1872	-0.1055	-0.1055	0.0	-3.411	-3.411	0.0	2621.256	2675.648	0.9796714665008251	79.587	-9.45	-89.037
3637739	cid22	zenjxl	9	0.5	65554	65554	0	1.325	1.325	0.0	92.0066	92.0066	-0.2186	-0.2186	0.0	1.453	1.453	0.0	2184.483	2338.299	0.9342188488298546	38.301	-12.434	-50.735
3637739	cid22	zenjxl	9	0.75	48483	48483	0	1.539	1.539	0.0	89.9628	89.9628	-0.2948	-0.2948	0.0	4.402	4.402	0.0	1997.483	1793.246	1.1138923494043762	14.36	-31.052	-45.412
3637739	cid22	zenjxl	9	1.0	39461	39461	0	2.581	2.581	0.0	87.8747	87.8747	-0.4242	-0.4242	0.0	-1.113	-1.113	0.0	2047.179	1935.054	1.0579441193889163	36.693	-37.334	-74.027
3637739	cid22	zenjxl	9	1.25	33593	33593	0	2.515	2.515	0.0	85.8341	85.8341	-0.5824	-0.5824	0.0	4.616	4.616	0.0	1921.206	1890.036	1.0164917493635042	33.583	-50.665	-84.24799999999999
3637739	cid22	zenjxl	9	1.5	29850	29850	0	2.924	2.924	0.0	84.2425	84.2425	-0.5171	-0.5171	0.0	-0.673	-0.673	0.0	2077.55	1921.573	1.081171519375012	18.138	-29.624	-47.762
3637739	cid22	zenjxl	9	1.75	26775	26775	0	3.679	3.679	0.0	82.7435	82.7435	-0.7648	-0.7648	0.0	1.154	1.154	0.0	1775.144	2291.795	0.7745649152738355	1.243	-14.168	-15.411
3637739	cid22	zenjxl	9	2.0	24997	24997	0	4.796	4.796	0.0	81.2199	81.2199	-0.9371	-0.9371	0.0	4.463	4.463	0.0	2037.805	1746.867	1.1665484550340697	8.483	-39.583	-48.066
3637739	cid22	zenjxl	9	2.25	22519	22519	0	2.401	2.401	0.0	79.4734	79.4734	-1.1026	-1.1026	0.0	-3.584	-3.584	0.0	2038.718	1697.419	1.2010693882889256	26.284	-14.936	-41.22
3637739	cid22	zenjxl	9	2.5	21113	21113	0	3.969	3.969	0.0	77.6907	77.6907	-1.7391	-1.7391	0.0	8.425	8.425	0.0	1758.239	1909.835	0.9206235093607563	15.07	-25.256	-40.326
3637739	cid22	zenjxl	9	2.75	19859	19859	0	3.832	3.832	0.0	76.2767	76.2767	-1.636	-1.636	0.0	-4.047	-4.047	0.0	1863.461	2552.823	0.7299609099416607	24.018	-32.872	-56.89
3637739	cid22	zenjxl	9	3.0	18857	18857	0	4.436	4.436	0.0	74.7081	74.7081	-2.0185	-2.0185	0.0	-3.732	-3.732	0.0	1616.256	2241.86	0.7209442159635303	1.098	-11.198	-12.296000000000001
3637739	cid22	zenjxl	9	3.25	17804	17804	0	3.819	3.819	0.0	73.1636	73.1636	-2.1998	-2.1998	0.0	1.003	1.003	0.0	1867.176	1990.564	0.9380135479190822	25.841	2.469	-23.372
3637739	cid22	zenjxl	9	3.5	16889	16889	0	3.983	3.983	0.0	71.1344	71.1344	-2.5738	-2.5738	0.0	2.16	2.16	0.0	2042.592	2269.357	0.900075219544567	25.342	-32.604	-57.946
3637739	cid22	zenjxl	9	3.75	16077	16076	-1	3.89	3.884	-0.006000000000000227	69.8752	69.8752	-2.4737	-2.4737	0.0	-1.305	-1.305	0.0	1917.266	2107.393	0.9097809473600795	2.345	-4.626	-6.971
3637739	cid22	zenjxl	9	4.0	15689	15688	-1	5.133	5.126	-0.006999999999999673	68.7254	68.7254	-2.3731	-2.3731	0.0	19.79	19.79	0.0	2227.291	2992.428	0.7443089691715223	35.689	-9.724	-45.413
3637739	cid22	zenjxl	9	4.25	15181	15181	0	4.358	4.358	0.0	67.6282	67.6282	-2.1016	-2.1016	0.0	16.467	16.467	0.0	2311.01	3395.416	0.6806264681558902	57.83	36.771	-21.058999999999997
3637739	cid22	zenjxl	9	4.5	14619	14620	1	3.983	3.99	0.007000000000000117	66.1467	66.1467	-2.8554	-2.8554	0.0	-5.738	-5.738	0.0	2300.365	2874.622	0.8002321696556973	40.815	-18.036	-58.851
3637739	cid22	zenjxl	9	4.75	13701	13700	-1	3.827	3.819	-0.008000000000000007	65.119	65.119	-2.6417	-2.6417	0.0	1.339	1.339	0.0	1933.885	3407.038	0.5676147433635903	36.44	47.897	11.457
3637739	cid22	zenjxl	9	5.0	13181	13181	0	3.478	3.478	0.0	64.08	64.08	-2.8655	-2.8655	0.0	5.944	5.944	0.0	2032.816	2693.267	0.7547770050277229	28.811	-24.833	-53.644
7062219	cid22	zenjxl	5	0.25	165168	165296	128	0.348	0.426	0.07800000000000001	94.5804	94.5804	0.3437	0.3437	0.0	-6.735	-6.735	0.0	1488.801	397.375	3.746589493551431	662.303	-35.225	-697.528
7062219	cid22	zenjxl	5	0.5	115723	115833	110	0.099	0.195	0.096	91.5427	91.5427	0.1346	0.1346	0.0	-3.045	-3.045	0.0	1364.859	325.365	4.1948550089899035	329.101	-39.24	-368.341
7062219	cid22	zenjxl	5	0.75	88834	89039	205	0.368	0.6	0.23199999999999998	88.7156	88.7156	0.048	0.048	0.0	-2.551	-2.551	0.0	1289.569	146.508	8.802038113959647	337.305	-73.403	-410.708
7062219	cid22	zenjxl	5	1.0	74125	74251	126	0.529	0.7	0.17099999999999993	86.3903	86.3903	-0.0056	-0.0056	0.0	0.688	0.688	0.0	1203.116	161.119	7.467250913920767	241.594	-52.736	-294.33
7062219	cid22	zenjxl	5	1.25	64522	64748	226	1.054	1.408	0.35399999999999987	83.9443	83.9443	0.088	0.088	0.0	0.176	0.176	0.0	1170.588	168.25	6.957432392273402	490.217	-65.491	-555.708
7062219	cid22	zenjxl	5	1.5	56688	56951	263	1.506	1.977	0.4710000000000001	81.622	81.622	0.1443	0.1443	0.0	-0.86	-0.86	0.0	1109.658	137.298	8.082113359262333	502.286	-73.597	-575.883
7062219	cid22	zenjxl	5	1.75	51137	51196	59	2.722	2.84	0.11799999999999988	79.3679	79.3679	0.0969	0.0969	0.0	0.257	0.257	0.0	1022.216	128.934	7.928211332930027	597.27	-67.716	-664.986
7062219	cid22	zenjxl	5	2.0	45820	46116	296	1.956	2.615	0.6590000000000003	77.2822	77.2822	-0.2356	-0.2356	0.0	-0.508	-0.508	0.0	967.157	217.568	4.445309052801883	544.236	-56.496	-600.732
7062219	cid22	zenjxl	5	2.25	42782	42990	208	4.555	5.064	0.5090000000000003	75.434	75.434	-0.0395	-0.0395	0.0	-0.712	-0.712	0.0	1147.476	136.019	8.436144950337821	338.554	-62.578	-401.13199999999995
7062219	cid22	zenjxl	5	2.5	39286	39193	-93	3.799	3.554	-0.2450000000000001	73.5605	73.5605	-0.099	-0.099	0.0	-2.9	-2.9	0.0	1016.114	137.594	7.384871433347385	655.941	-46.275	-702.216
7062219	cid22	zenjxl	5	2.75	37593	37491	-102	5.164	4.879	-0.28500000000000014	71.7686	71.7686	-0.088	-0.088	0.0	-1.425	-1.425	0.0	957.947	234.654	4.082380867149079	397.807	53.72	-344.087
7062219	cid22	zenjxl	5	3.0	34989	34851	-138	4.996	4.582	-0.4140000000000006	70.5733	70.5733	0.31	0.31	0.0	-8.527	-8.527	0.0	1052.91	152.184	6.918664248541241	550.036	-47.749	-597.785
7062219	cid22	zenjxl	5	3.25	32699	32647	-52	5.897	5.729	-0.16800000000000015	68.7601	68.7601	0.2019	0.2019	0.0	0.351	0.351	0.0	1021.96	161.948	6.3104206288438265	638.434	-48.602	-687.036
7062219	cid22	zenjxl	5	3.5	30014	30022	8	2.343	2.37	0.027000000000000135	66.9256	66.9256	-0.731	-0.731	0.0	2.113	2.113	0.0	1014.362	162.219	6.253040642588107	454.387	-42.475	-496.862
7062219	cid22	zenjxl	5	3.75	28399	28358	-41	2.657	2.509	-0.14800000000000013	65.7291	65.7291	-0.1533	-0.1533	0.0	-4.837	-4.837	0.0	932.847	160.698	5.804969570249785	535.379	-69.626	-605.005
7062219	cid22	zenjxl	5	4.0	27813	27790	-23	5.995	5.907	-0.08800000000000008	62.9805	62.9805	-0.0245	-0.0245	0.0	8.609	8.609	0.0	907.102	233.237	3.889185678087096	548.929	-23.748	-572.677
7062219	cid22	zenjxl	5	4.25	25970	25928	-42	3.516	3.348	-0.16800000000000015	61.6066	61.6066	-0.0179	-0.0179	0.0	-0.691	-0.691	0.0	985.497	110.254	8.93842400275727	504.641	-70.79	-575.431
7062219	cid22	zenjxl	5	4.5	24782	24658	-124	3.134	2.618	-0.516	60.1617	60.1617	-0.0089	-0.0089	0.0	3.869	3.869	0.0	991.661	312.91	3.169157265667444	469.022	-12.502	-481.524
7062219	cid22	zenjxl	5	4.75	23510	23565	55	2.257	2.497	0.23999999999999977	58.4616	58.4616	-0.4649	-0.4649	0.0	-6.214	-6.214	0.0	1119.689	119.509	9.369076805930934	560.661	-68.491	-629.1519999999999
7062219	cid22	zenjxl	5	5.0	23139	23100	-39	3.8	3.625	-0.17499999999999982	57.5118	57.5118	-0.4021	-0.4021	0.0	-2.464	-2.464	0.0	945.355	243.33	3.88507376813381	573.327	-26.973	-600.3
7062219	cid22	zenjxl	6	0.25	163630	163759	129	0.636	0.715	0.07899999999999996	94.5486	94.5486	0.2182	0.2182	0.0	-6.589	-6.589	0.0	1491.92	752.135	1.983580075385403	658.815	34.149	-624.666
7062219	cid22	zenjxl	6	0.5	114459	114557	98	0.217	0.303	0.086	91.5998	91.5998	0.1687	0.1687	0.0	-2.45	-2.45	0.0	1524.576	439.329	3.4702375668348777	609.969	-34.442	-644.4110000000001
7062219	cid22	zenjxl	6	0.75	88090	88274	184	0.875	1.086	0.21100000000000008	88.7945	88.7945	0.0887	0.0887	0.0	1.285	1.285	0.0	1410.508	355.949	3.962668809295714	314.011	-66.125	-380.136
7062219	cid22	zenjxl	6	1.0	73562	73690	128	1.304	1.48	0.17599999999999993	86.466	86.466	0.1847	0.1847	0.0	3.868	3.868	0.0	1198.682	375.833	3.189400611441784	278.771	-29.834	-308.605
7062219	cid22	zenjxl	6	1.25	63835	64056	221	1.535	1.886	0.351	84.0665	84.0665	0.1831	0.1831	0.0	-0.493	-0.493	0.0	1298.699	242.192	5.362270430072009	439.669	-51.38	-491.049
7062219	cid22	zenjxl	6	1.5	56663	56829	166	2.053	2.352	0.29899999999999993	81.9329	81.9329	0.1411	0.1411	0.0	-0.018	-0.018	0.0	1175.108	666.952	1.7619079034173373	374.426	-12.271	-386.697
7062219	cid22	zenjxl	6	1.75	51124	51307	183	3.166	3.535	0.3690000000000002	79.3443	79.3443	-0.1708	-0.1708	0.0	-1.314	-1.314	0.0	1238.732	388.824	3.1858424377096064	319.749	-53.773	-373.52200000000005
7062219	cid22	zenjxl	6	2.0	46714	46708	-6	3.652	3.639	-0.013000000000000345	77.5542	77.5542	-0.1669	-0.1669	0.0	1.793	1.793	0.0	1125.932	427.097	2.6362442255506364	239.921	-58.443	-298.364
7062219	cid22	zenjxl	6	2.25	43352	43546	194	5.142	5.612	0.46999999999999975	75.6205	75.6205	-0.1568	-0.1568	0.0	4.051	4.051	0.0	1273.951	381.39	3.3402842234982564	369.298	-50.432	-419.73
7062219	cid22	zenjxl	6	2.5	39630	39390	-240	4.268	3.636	-0.6319999999999997	73.8748	73.8748	-0.3967	-0.3967	0.0	-4.53	-4.53	0.0	1180.829	316.435	3.7316636908053784	477.009	-63.854	-540.863
7062219	cid22	zenjxl	6	2.75	37532	37465	-67	4.232	4.046	-0.18599999999999994	71.9037	71.9037	-0.7416	-0.7416	0.0	-2.534	-2.534	0.0	1196.479	367.393	3.256673371566688	316.396	-37.554	-353.95000000000005
7062219	cid22	zenjxl	6	3.0	35062	34979	-83	3.758	3.513	-0.2450000000000001	70.6993	70.6993	-0.3769	-0.3769	0.0	0.077	0.077	0.0	1142.895	529.129	2.15995532280408	369.494	1.353	-368.141
7062219	cid22	zenjxl	6	3.25	33732	33675	-57	6.801	6.62	-0.18100000000000005	68.7401	68.7401	-0.5061	-0.5061	0.0	13.804	13.804	0.0	1034.901	320.464	3.229383019621549	311.271	-53.536	-364.807
7062219	cid22	zenjxl	6	3.5	31075	30978	-97	4.482	4.156	-0.3260000000000005	67.1188	67.1188	-0.6346	-0.6346	0.0	-0.09	-0.09	0.0	1049.09	341.556	3.0715021841220764	309.448	51.957	-257.491
7062219	cid22	zenjxl	6	3.75	29052	29038	-14	3.116	3.067	-0.04899999999999993	65.7665	65.7665	-0.3182	-0.3182	0.0	-7.596	-7.596	0.0	1071.367	406.868	2.633205363901806	353.707	10.686	-343.021
7062219	cid22	zenjxl	6	4.0	28581	28617	36	5.508	5.641	0.133	64.6992	64.6992	0.0742	0.0742	0.0	-0.883	-0.883	0.0	1060.715	642.04	1.6521011151953149	161.008	-6.777	-167.785
7062219	cid22	zenjxl	6	4.25	26647	26605	-42	3.58	3.417	-0.16300000000000026	63.2787	63.2787	0.0516	0.0516	0.0	2.685	2.685	0.0	1172.818	485.025	2.4180568011958146	276.798	-45.06	-321.858
7062219	cid22	zenjxl	6	4.5	25461	25339	-122	2.57	2.079	-0.49099999999999966	61.942	61.942	-0.2401	-0.2401	0.0	3.41	3.41	0.0	1223.538	583.931	2.0953468817377394	143.536	-24.196	-167.732
7062219	cid22	zenjxl	6	4.75	24014	24053	39	2.611	2.777	0.16599999999999993	60.4041	60.4041	-0.6012	-0.6012	0.0	0.809	0.809	0.0	1120.677	641.457	1.7470804746070274	406.688	-22.562	-429.25
7062219	cid22	zenjxl	6	5.0	23640	23575	-65	4.086	3.8	-0.2860000000000005	59.4998	59.4998	-0.7302	-0.7302	0.0	-4.855	-4.855	0.0	1181.432	352.066	3.3557117131446947	190.746	-49.572	-240.318
7062219	cid22	zenjxl	7	0.25	163553	163685	132	0.58	0.661	0.08100000000000007	94.4513	94.4513	0.2206	0.2206	0.0	-6.206	-6.206	0.0	1590.411	515.203	3.0869598973608463	639.928	-8.998	-648.926
7062219	cid22	zenjxl	7	0.5	114429	114529	100	0.231	0.319	0.088	91.4708	91.4708	0.133	0.133	0.0	-1.213	-1.213	0.0	1579.981	527.87	2.9931252012806184	538.449	11.058	-527.391
7062219	cid22	zenjxl	7	0.75	88062	88244	182	0.669	0.877	0.20799999999999996	88.6665	88.6665	-0.3313	-0.3313	0.0	-5.471	-5.471	0.0	1357.309	602.264	2.2536777891423028	291.289	-37.96	-329.24899999999997
7062219	cid22	zenjxl	7	1.0	73600	73728	128	1.181	1.357	0.17599999999999993	86.1033	86.1033	-0.2656	-0.2656	0.0	-1.047	-1.047	0.0	1328.024	385.223	3.447416171931582	427.383	-37.362	-464.745
7062219	cid22	zenjxl	7	1.25	63815	64033	218	1.34	1.686	0.34599999999999986	83.9377	83.9377	0.0379	0.0379	0.0	0.041	0.041	0.0	1261.013	263.108	4.792758106937075	284.153	-64.148	-348.30100000000004
7062219	cid22	zenjxl	7	1.5	56639	56808	169	2.227	2.532	0.30500000000000016	81.5644	81.5644	-0.0481	-0.0481	0.0	-3.335	-3.335	0.0	1205.916	445.404	2.7074655818088744	268.438	-44.482	-312.91999999999996
7062219	cid22	zenjxl	7	1.75	51106	51279	173	2.889	3.237	0.3480000000000003	79.2011	79.2011	-0.1128	-0.1128	0.0	-1.256	-1.256	0.0	1318.895	613.69	2.1491225211425964	324.395	-22.923	-347.318
7062219	cid22	zenjxl	7	2.0	46711	46762	51	3.749	3.862	0.11299999999999999	77.2711	77.2711	-0.493	-0.493	0.0	1.795	1.795	0.0	1178.036	294.655	3.9980180210754956	267.639	-42.127	-309.766
7062219	cid22	zenjxl	7	2.25	42274	42408	134	2.607	2.932	0.32499999999999973	75.8331	75.8331	-0.0419	-0.0419	0.0	7.465	7.465	0.0	1215.852	331.269	3.670286081703993	396.31	-11.667	-407.977
7062219	cid22	zenjxl	7	2.5	39565	39471	-94	3.943	3.696	-0.2469999999999999	73.7971	73.7971	-0.2355	-0.2355	0.0	1.545	1.545	0.0	1156.842	417.349	2.7718815667462966	224.324	-13.324	-237.64800000000002
7062219	cid22	zenjxl	7	2.75	37408	37369	-39	3.851	3.742	-0.10899999999999999	72.0248	72.0248	-0.7639	-0.7639	0.0	-2.501	-2.501	0.0	1143.106	267.97	4.265798410269806	371.42	-62.547	-433.967
7062219	cid22	zenjxl	7	3.0	34730	34643	-87	2.673	2.415	-0.258	70.3365	70.3365	-0.358	-0.358	0.0	0.104	0.104	0.0	1299.948	366.157	3.5502475713969694	241.766	-61.133	-302.899
7062219	cid22	zenjxl	7	3.25	32536	32544	8	3.227	3.252	0.02499999999999991	68.723	68.723	-0.5993	-0.5993	0.0	13.803	13.803	0.0	1187.328	336.478	3.5286942979927365	215.378	-36.738	-252.11599999999999
7062219	cid22	zenjxl	7	3.5	30261	30297	36	1.37	1.491	0.121	66.8829	66.8829	-0.8179	-0.8179	0.0	-13.956	-13.956	0.0	1304.861	438.701	2.974374346080816	282.431	-28.788	-311.219
7062219	cid22	zenjxl	7	3.75	29057	29044	-13	2.671	2.625	-0.04599999999999982	65.6694	65.6694	-0.815	-0.815	0.0	-1.966	-1.966	0.0	1070.843	456.202	2.3473000995173194	244.442	-33.999	-278.44100000000003
7062219	cid22	zenjxl	7	4.0	28200	28160	-40	3.89	3.743	-0.14700000000000024	64.7123	64.7123	-0.4423	-0.4423	0.0	-0.113	-0.113	0.0	1266.811	772.508	1.6398678071942294	307.021	-4.079	-311.1
7062219	cid22	zenjxl	7	4.25	26394	26350	-44	2.437	2.267	-0.16999999999999993	63.0244	63.0244	-0.6283	-0.6283	0.0	2.628	2.628	0.0	1243.562	502.696	2.473785349396056	222.236	-2.451	-224.68699999999998
7062219	cid22	zenjxl	7	4.5	25264	25240	-24	2.06	1.963	-0.09699999999999998	61.7324	61.7324	-0.6491	-0.6491	0.0	6.562	6.562	0.0	1261.58	751.108	1.679625300223137	240.277	-19.949	-260.226
7062219	cid22	zenjxl	7	4.75	25114	25154	40	5.295	5.463	0.16800000000000015	60.3623	60.3623	-1.043	-1.043	0.0	0.837	0.837	0.0	1187.028	555.086	2.1384578245533126	343.923	12.628	-331.295
7062219	cid22	zenjxl	7	5.0	24157	24156	-1	6.017	6.012	-0.005000000000000782	59.4774	59.4774	-0.7991	-0.7991	0.0	-1.982	-1.982	0.0	1268.038	283.129	4.478658138163169	291.776	-48.359	-340.135
7062219	cid22	zenjxl	8	0.25	160982	160828	-154	0.467	0.371	-0.09600000000000003	94.422	94.422	0.0532	0.0532	0.0	-16.294	-16.294	0.0	2249.303	1059.877	2.1222302210539525	82.543	-62.228	-144.77100000000002
7062219	cid22	zenjxl	8	0.5	111640	111628	-12	0.028	0.017	-0.011	91.3339	91.3339	-0.0352	-0.0352	0.0	0.006	0.006	0.0	1733.843	1724.806	1.0052394298257312	119.342	-29.921	-149.263
7062219	cid22	zenjxl	8	0.75	84190	84146	-44	0.614	0.562	-0.051999999999999935	88.3788	88.3788	-0.0746	-0.0746	0.0	0.675	0.675	0.0	1696.326	1535.893	1.1044558442547756	75.439	-41.661	-117.1
7062219	cid22	zenjxl	8	1.0	69985	69848	-137	1.149	0.951	-0.19800000000000006	85.8593	85.8593	-0.0241	-0.0241	0.0	-14.589	-14.589	0.0	2017.179	1399.749	1.441100511591721	81.952	-51.591	-133.543
7062219	cid22	zenjxl	8	1.25	59904	59820	-84	0.933	0.792	-0.14100000000000001	83.2375	83.2375	0.3363	0.3363	0.0	-7.947	-7.947	0.0	1823.581	1131.955	1.6110013207238805	62.927	-47.974	-110.901
7062219	cid22	zenjxl	8	1.5	53032	52979	-53	1.307	1.205	-0.10199999999999987	80.6732	80.6732	-0.4362	-0.4362	0.0	-6.232	-6.232	0.0	1954.665	1990.653	0.981921510177816	48.611	-6.217	-54.827999999999996
7062219	cid22	zenjxl	8	1.75	47844	47613	-231	3.025	2.528	-0.4969999999999999	78.1345	78.1345	-0.6008	-0.6008	0.0	-3.156	-3.156	0.0	1595.124	1264.309	1.2616567627059525	37.234	-32.817	-70.051
7062219	cid22	zenjxl	8	2.0	43226	42977	-249	2.828	2.236	-0.5919999999999996	75.994	75.994	-0.247	-0.247	0.0	-2.198	-2.198	0.0	1672.189	1031.336	1.6213813926790106	66.048	-62.687	-128.735
7062219	cid22	zenjxl	8	2.25	39154	38731	-423	2.387	1.281	-1.106	74.1836	74.1836	0.0367	0.0367	0.0	1.892	1.892	0.0	1882.359	1383.179	1.3608932755630325	85.616	-45.721	-131.337
7062219	cid22	zenjxl	8	2.5	36393	36035	-358	3.513	2.494	-1.0189999999999997	72.2405	72.2405	-0.0122	-0.0122	0.0	-4.643	-4.643	0.0	1607.576	1068.228	1.5048997030596463	51.531	-55.968	-107.499
7062219	cid22	zenjxl	8	2.75	34176	33790	-386	3.129	1.964	-1.165	70.5697	70.5697	-0.5082	-0.5082	0.0	2.605	2.605	0.0	1694.886	1258.111	1.347167300818449	83.56	-51.856	-135.416
7062219	cid22	zenjxl	8	3.0	31838	31489	-349	2.025	0.907	-1.1179999999999999	68.7077	68.7077	0.1999	0.1999	0.0	-0.021	-0.021	0.0	1943.998	1083.68	1.7938856489000443	58.968	-41.13	-100.09800000000001
7062219	cid22	zenjxl	8	3.25	29741	29368	-373	2.488	1.203	-1.285	66.2557	66.2557	-0.8257	-0.8257	0.0	3.964	3.964	0.0	1481.096	1218.113	1.2158937635506721	33.553	-33.65	-67.203
7062219	cid22	zenjxl	8	3.5	27579	27252	-327	0.327	-0.862	-1.189	65.0219	65.0219	-0.5482	-0.5482	0.0	-0.013	-0.013	0.0	1767.158	1356.369	1.3028593251541432	53.59	-18.212	-71.802
7062219	cid22	zenjxl	8	3.75	26342	26123	-219	1.55	0.705	-0.8450000000000001	63.7421	63.7421	-0.5966	-0.5966	0.0	-3.584	-3.584	0.0	1845.776	1411.936	1.3072660517190582	48.652	-29.152	-77.804
7062219	cid22	zenjxl	8	4.0	25541	25223	-318	2.715	1.436	-1.279	62.2333	62.2333	-0.4277	-0.4277	0.0	0.672	0.672	0.0	1839.161	2171.149	0.8470911024531251	51.781	-10.58	-62.361
7062219	cid22	zenjxl	8	4.25	23845	23599	-246	0.688	-0.35	-1.0379999999999998	60.8039	60.8039	-0.2904	-0.2904	0.0	2.786	2.786	0.0	1859.815	1669.459	1.1140225665919319	81.621	-22.656	-104.27699999999999
7062219	cid22	zenjxl	8	4.5	22804	22470	-334	0.707	-0.768	-1.475	59.1978	59.1978	-0.5489	-0.5489	0.0	7.777	7.777	0.0	1928.417	2229.459	0.8649708292460189	84.487	-4.74	-89.22699999999999
7062219	cid22	zenjxl	8	4.75	22626	22370	-256	5.042	3.853	-1.1889999999999996	58.3421	58.3421	-0.7214	-0.7214	0.0	-0.997	-0.997	0.0	2048.248	1330.164	1.539846214451752	68.781	-46.352	-115.13300000000001
7062219	cid22	zenjxl	8	5.0	21580	21242	-338	3.785	2.159	-1.6260000000000003	56.7943	56.7943	-0.5624	-0.5624	0.0	0.846	0.846	0.0	2130.96	2257.691	0.9438669862261931	101.326	20.663	-80.663
7062219	cid22	zenjxl	9	0.25	162853	162853	0	1.211	1.211	0.0	94.4297	94.4297	-0.0144	-0.0144	0.0	-6.019	-6.019	0.0	3877.876	5081.541	0.7631299245642218	146.451	65.995	-80.45599999999999
7062219	cid22	zenjxl	9	0.5	112924	112924	0	1.08	1.08	0.0	91.4179	91.4179	0.0263	0.0263	0.0	-8.5	-8.5	0.0	3724.917	7997.454	0.46576285402829454	147.087	280.105	133.01800000000003
7062219	cid22	zenjxl	9	0.75	85430	85430	0	2.028	2.028	0.0	88.5494	88.5494	0.125	0.125	0.0	1.888	1.888	0.0	2974.968	6169.758	0.48218552494279354	93.989	50.802	-43.187000000000005
7062219	cid22	zenjxl	9	1.0	70832	70832	0	2.395	2.395	0.0	85.6972	85.6972	-0.0529	-0.0529	0.0	-18.725	-18.725	0.0	2788.451	5440.941	0.5124942542108065	60.358	4.776	-55.581999999999994
7062219	cid22	zenjxl	9	1.25	60352	60352	0	1.68	1.68	0.0	83.1754	83.1754	0.1153	0.1153	0.0	-0.102	-0.102	0.0	2113.093	2704.403	0.7813528531065821	31.598	5.038	-26.56
7062219	cid22	zenjxl	9	1.5	53595	53595	0	2.451	2.451	0.0	80.6961	80.6961	-0.4418	-0.4418	0.0	0.617	0.617	0.0	2311.457	3219.664	0.7179187020757445	20.262	24.381	4.119
7062219	cid22	zenjxl	9	1.75	48279	48279	0	3.913	3.913	0.0	78.1365	78.1365	-0.6005	-0.6005	0.0	-5.156	-5.156	0.0	2397.504	4869.421	0.49235915317242024	46.967	41.821	-5.146000000000001
7062219	cid22	zenjxl	9	2.0	43625	43625	0	3.926	3.926	0.0	75.9971	75.9971	-0.2606	-0.2606	0.0	-2.198	-2.198	0.0	2008.052	2551.609	0.7869748068767589	4.529	-19.125	-23.654
7062219	cid22	zenjxl	9	2.25	39245	39245	0	2.795	2.795	0.0	74.1875	74.1875	0.0341	0.0341	0.0	4.564	4.564	0.0	2072.745	2462.67	0.8416657530241567	23.871	3.377	-20.494
7062219	cid22	zenjxl	9	2.5	36728	36728	0	4.623	4.623	0.0	72.4891	72.4891	0.2365	0.2365	0.0	-4.814	-4.814	0.0	2021.833	2405.906	0.840362424799639	51.084	-8.907	-59.991
7062219	cid22	zenjxl	9	2.75	34535	34535	0	4.522	4.522	0.0	70.5697	70.5697	-0.5082	-0.5082	0.0	2.605	2.605	0.0	1906.305	3231.617	0.5898919952457237	24.693	-2.17	-26.863
7062219	cid22	zenjxl	9	3.0	32155	32155	0	2.656	2.656	0.0	68.7077	68.7077	0.1233	0.1233	0.0	-0.021	-0.021	0.0	1886.646	2762.049	0.6830602932822698	29.123	-23.008	-52.131
7062219	cid22	zenjxl	9	3.25	29982	29982	0	2.932	2.932	0.0	66.2557	66.2557	-0.8359	-0.8359	0.0	3.964	3.964	0.0	2126.778	2893.43	0.7350369630507736	34.501	3.39	-31.110999999999997
7062219	cid22	zenjxl	9	3.5	27844	27844	0	1.089	1.089	0.0	65.0219	65.0219	-0.5608	-0.5608	0.0	-0.013	-0.013	0.0	1864.955	2861.053	0.6518421713963356	5.466	-8.882	-14.347999999999999
7062219	cid22	zenjxl	9	3.75	26638	26638	0	2.592	2.592	0.0	63.7421	63.7421	-0.6185	-0.6185	0.0	-3.594	-3.594	0.0	2100.537	2947.361	0.7126839908650484	8.759	-6.584	-15.343
7062219	cid22	zenjxl	9	4.0	25760	25760	0	3.5	3.5	0.0	62.2333	62.2333	-0.4404	-0.4404	0.0	0.672	0.672	0.0	2049.474	3117.905	0.6573240685652706	50.03	-3.344	-53.374
7062219	cid22	zenjxl	9	4.25	24065	24065	0	1.527	1.527	0.0	60.8039	60.8039	-0.2879	-0.2879	0.0	2.786	2.786	0.0	2151.138	2632.973	0.8169996426093241	19.154	-8.663	-27.817
7062219	cid22	zenjxl	9	4.5	23096	23096	0	2.113	2.113	0.0	59.1978	59.1978	-0.5786	-0.5786	0.0	7.777	7.777	0.0	1990.855	2795.814	0.712084208749223	22.692	-21.671	-44.363
7062219	cid22	zenjxl	9	4.75	22853	22853	0	5.845	5.845	0.0	58.3421	58.3421	-0.7475	-0.7475	0.0	-0.997	-0.997	0.0	2265.511	2456.343	0.9223105242223908	38.803	6.805	-31.997999999999998
7062219	cid22	zenjxl	9	5.0	21824	21824	0	5.156	5.156	0.0	56.7943	56.7943	-0.5773	-0.5773	0.0	0.846	0.846	0.0	2316.428	2211.082	1.0476445468779538	33.184	-24.323	-57.507
clic_02809272	clic	zenjxl	5	0.25	705501	705520	19	-0.546	-0.544	0.0020000000000000018	93.5889	93.5889	0.2089	0.2089	0.0	-17.01	-17.01	0.0	10024.307	1303.805	7.688501731470581	1899.341	5.859	-1893.482
clic_02809272	clic	zenjxl	5	0.5	491592	491548	-44	-0.826	-0.835	-0.009000000000000008	91.1804	91.1804	0.0765	0.0765	0.0	-4.672	-4.672	0.0	7794.146	1133.51	6.876115781951637	1452.988	-7.654	-1460.642
clic_02809272	clic	zenjxl	5	0.75	381850	381850	0	-0.835	-0.835	0.0	89.0112	89.0112	-0.0363	-0.0363	0.0	1.238	1.238	0.0	7467.128	1399.272	5.336437804801354	1263.609	38.203	-1225.406
clic_02809272	clic	zenjxl	5	1.0	322384	322384	0	-0.837	-0.837	0.0	86.9596	86.9596	0.3215	0.3215	0.0	-0.105	-0.105	0.0	6218.983	1391.612	4.468905844445147	986.131	-1.722	-987.853
clic_02809272	clic	zenjxl	5	1.25	281323	281323	0	-0.796	-0.796	0.0	84.6798	84.6798	-0.0294	-0.0294	0.0	-1.945	-1.945	0.0	6246.114	1289.102	4.8453217821398145	1135.646	-5.285	-1140.931
clic_02809272	clic	zenjxl	5	1.5	250429	250345	-84	-0.646	-0.68	-0.03400000000000003	82.9468	82.9468	0.0913	0.0913	0.0	-1.09	-1.09	0.0	6449.248	2021.038	3.191057268591684	1190.587	76.602	-1113.985
clic_02809272	clic	zenjxl	5	1.75	226442	226677	235	-0.534	-0.431	0.10300000000000004	81.0888	81.0888	0.0448	0.0448	0.0	2.074	2.074	0.0	6526.861	2216.743	2.9443471796234384	1222.873	101.592	-1121.281
clic_02809272	clic	zenjxl	5	2.0	208011	208297	286	-0.178	-0.04	0.13799999999999998	79.1424	79.1424	0.3205	0.3205	0.0	-0.862	-0.862	0.0	6355.782	1759.224	3.6128327035101844	1339.839	77.153	-1262.686
clic_02809272	clic	zenjxl	5	2.25	192615	192986	371	0.536	0.73	0.19399999999999995	77.4911	77.4911	0.05	0.05	0.0	0.071	0.071	0.0	6305.187	2356.622	2.6755190268104094	945.632	140.661	-804.971
clic_02809272	clic	zenjxl	5	2.5	177746	178166	420	0.441	0.679	0.23800000000000004	75.8804	75.8804	0.0104	0.0104	0.0	1.414	1.414	0.0	5754.34	1625.605	3.539814407559032	909.914	34.201	-875.713
clic_02809272	clic	zenjxl	5	2.75	168180	168606	426	0.838	1.094	0.2560000000000001	74.2441	74.2441	-0.1032	-0.1032	0.0	-3.591	-3.591	0.0	6053.968	1770.986	3.418416633446001	1095.222	47.781	-1047.441
clic_02809272	clic	zenjxl	5	3.0	157996	158260	264	1.675	1.845	0.16999999999999993	72.3345	72.3345	-0.1762	-0.1762	0.0	-1.8	-1.8	0.0	5567.464	2030.544	2.7418583394400713	838.476	129.608	-708.8679999999999
clic_02809272	clic	zenjxl	5	3.25	149210	149717	507	1.951	2.297	0.3460000000000001	70.4959	70.4959	-0.1279	-0.1279	0.0	-2.787	-2.787	0.0	5554.362	1265.211	4.390067743641179	905.175	-0.498	-905.673
clic_02809272	clic	zenjxl	5	3.5	141932	142253	321	3.626	3.861	0.23500000000000032	68.9926	68.9926	-0.2876	-0.2876	0.0	0.22	0.22	0.0	5292.627	1221.042	4.334516748809624	992.687	44.648	-948.039
clic_02809272	clic	zenjxl	5	3.75	133449	133911	462	3.277	3.634	0.35699999999999976	67.4058	67.4058	-0.6078	-0.6078	0.0	-0.14	-0.14	0.0	5829.916	1000.604	5.826396856298795	1013.187	-27.05	-1040.237
clic_02809272	clic	zenjxl	5	4.0	126470	126859	389	3.221	3.539	0.31800000000000006	64.9156	64.9156	-0.1916	-0.1916	0.0	-1.754	-1.754	0.0	5227.981	769.237	6.7963202498059765	830.938	-32.364	-863.302
clic_02809272	clic	zenjxl	5	4.25	121666	122094	428	4.355	4.722	0.367	63.0319	63.0319	-0.6185	-0.6185	0.0	-0.346	-0.346	0.0	5473.061	2001.827	2.7340329608902265	882.691	125.212	-757.479
clic_02809272	clic	zenjxl	5	4.5	116508	116868	360	4.956	5.281	0.3249999999999993	61.6876	61.6876	-0.4787	-0.4787	0.0	0.535	0.535	0.0	4842.29	1702.513	2.844201483336691	913.541	152.064	-761.4770000000001
clic_02809272	clic	zenjxl	5	4.75	110610	111041	431	4.432	4.839	0.40700000000000003	59.9192	59.9192	-0.8501	-0.8501	0.0	1.31	1.31	0.0	5445.651	1039.348	5.23948764032836	784.591	6.084	-778.5070000000001
clic_02809272	clic	zenjxl	5	5.0	106851	107194	343	5.42	5.759	0.3390000000000004	58.5564	58.5564	-1.0246	-1.0246	0.0	-4.044	-4.044	0.0	5075.502	1015.46	4.998229373879818	834.886	-20.021	-854.9069999999999
clic_02809272	clic	zenjxl	6	0.25	705052	705072	20	-0.514	-0.511	0.0030000000000000027	93.5456	93.5456	0.1454	0.1454	0.0	-16.929	-16.929	0.0	9998.546	1676.69	5.963264527133817	1208.007	0.431	-1207.576
clic_02809272	clic	zenjxl	6	0.5	490691	490647	-44	-0.639	-0.648	-0.009000000000000008	91.1854	91.1854	0.1098	0.1098	0.0	-5.012	-5.012	0.0	7964.158	1201.644	6.627718359181255	1120.16	-7.162	-1127.3220000000001
clic_02809272	clic	zenjxl	6	0.75	381882	381882	0	-0.945	-0.945	0.0	88.9986	88.9986	-0.1545	-0.1545	0.0	3.029	3.029	0.0	7864.023	2400.829	3.275544822225989	555.442	21.952	-533.49
clic_02809272	clic	zenjxl	6	1.0	321957	321957	0	-0.992	-0.992	0.0	86.8963	86.8963	0.1262	0.1262	0.0	1.11	1.11	0.0	7386.48	2173.636	3.3982138683753855	593.347	22.517	-570.8299999999999
clic_02809272	clic	zenjxl	6	1.25	280573	280573	0	-1.022	-1.022	0.0	84.5649	84.5649	-0.0121	-0.0121	0.0	-2.42	-2.42	0.0	7321.123	2021.152	3.622252556957616	531.29	17.504	-513.786
clic_02809272	clic	zenjxl	6	1.5	250265	250226	-39	-0.717	-0.732	-0.015000000000000013	82.8505	82.8505	0.0601	0.0601	0.0	-0.006	-0.006	0.0	6124.239	1816.91	3.370689247128366	569.38	46.791	-522.5889999999999
clic_02809272	clic	zenjxl	6	1.75	226670	226723	53	-1.039	-1.016	0.02299999999999991	80.942	80.942	-0.163	-0.163	0.0	1.505	1.505	0.0	6144.194	2364.486	2.598532619774446	579.265	87.108	-492.157
clic_02809272	clic	zenjxl	6	2.0	208582	208897	315	-0.308	-0.157	0.151	79.0701	79.0701	-0.1115	-0.1115	0.0	-3.178	-3.178	0.0	6304.607	2434.743	2.5894342852613192	572.634	10.587	-562.047
clic_02809272	clic	zenjxl	6	2.25	191657	191977	320	-0.262	-0.095	0.167	77.5003	77.5003	-0.4463	-0.4463	0.0	-2.887	-2.887	0.0	6782.575	2815.441	2.409063091714584	558.136	20.458	-537.678
clic_02809272	clic	zenjxl	6	2.5	178844	179128	284	0.466	0.625	0.15899999999999997	75.8205	75.8205	-0.3447	-0.3447	0.0	1.709	1.709	0.0	6483.543	2201.413	2.9451733954510124	480.863	42.814	-438.049
clic_02809272	clic	zenjxl	6	2.75	170173	170635	462	1.249	1.524	0.2749999999999999	74.2757	74.2757	-0.5793	-0.5793	0.0	14.942	14.942	0.0	6171.0	1777.985	3.470782936863922	570.358	-27.857	-598.2149999999999
clic_02809272	clic	zenjxl	6	3.0	160830	160999	169	2.214	2.321	0.1070000000000002	72.7372	72.7372	-0.4878	-0.4878	0.0	3.658	3.658	0.0	6009.703	2394.339	2.509963292583047	499.179	17.643	-481.53599999999994
clic_02809272	clic	zenjxl	6	3.25	151538	151943	405	2.446	2.72	0.274	70.9047	70.9047	-0.7252	-0.7252	0.0	-1.393	-1.393	0.0	6227.505	2157.41	2.886565372367793	705.483	-4.993	-710.476
clic_02809272	clic	zenjxl	6	3.5	142914	143291	377	2.584	2.855	0.2709999999999999	69.3886	69.3886	-0.6001	-0.6001	0.0	-5.844	-5.844	0.0	5740.06	2185.951	2.6258868565672335	528.268	18.188	-510.08000000000004
clic_02809272	clic	zenjxl	6	3.75	136465	136885	420	2.744	3.06	0.31599999999999984	68.0509	68.0509	-0.8498	-0.8498	0.0	-0.833	-0.833	0.0	6031.837	2469.414	2.4426187751426047	529.442	19.874	-509.568
clic_02809272	clic	zenjxl	6	4.0	130533	130947	414	3.264	3.592	0.3280000000000003	66.5631	66.5631	-0.3841	-0.3841	0.0	-2.515	-2.515	0.0	5764.772	3988.885	1.4452088741590694	491.43	51.326	-440.104
clic_02809272	clic	zenjxl	6	4.25	124232	124659	427	4.617	4.977	0.3600000000000003	64.4445	64.4445	-0.4805	-0.4805	0.0	0.85	0.85	0.0	6118.553	3799.045	1.6105502830316565	762.601	111.51	-651.091
clic_02809272	clic	zenjxl	6	4.5	119120	119480	360	5.608	5.928	0.3200000000000003	63.3473	63.3473	-0.5004	-0.5004	0.0	5.879	5.879	0.0	6029.472	4303.003	1.4012242148099827	571.143	60.442	-510.701
clic_02809272	clic	zenjxl	6	4.75	112555	112987	432	5.426	5.831	0.40500000000000025	61.6549	61.6549	-1.0626	-1.0626	0.0	6.621	6.621	0.0	5959.692	4813.22	1.2381923120073464	519.529	115.712	-403.817
clic_02809272	clic	zenjxl	6	5.0	108811	109154	343	6.266	6.601	0.33499999999999996	60.4867	60.4867	-1.4035	-1.4035	0.0	8.219	8.219	0.0	5815.33	2646.602	2.197281646428137	549.66	11.375	-538.285
clic_02809272	clic	zenjxl	7	0.25	705010	705148	138	-0.944	-0.925	0.018999999999999906	93.4715	93.4715	-0.1351	-0.1351	0.0	-15.12	-15.12	0.0	10787.798	4392.721	2.4558350052279674	1352.506	91.309	-1261.1970000000001
clic_02809272	clic	zenjxl	7	0.5	490514	490510	-4	-1.08	-1.08	0.0	91.1228	91.1228	-0.2274	-0.2274	0.0	-4.588	-4.588	0.0	7867.945	2498.135	3.149527547550472	1027.897	15.496	-1012.401
clic_02809272	clic	zenjxl	7	0.75	381458	381458	0	-1.276	-1.276	0.0	89.0577	89.0577	-0.2976	-0.2976	0.0	0.931	0.931	0.0	8546.222	4128.422	2.0700940940630588	708.884	65.595	-643.289
clic_02809272	clic	zenjxl	7	1.0	321419	321419	0	-1.403	-1.403	0.0	86.839	86.839	-0.3211	-0.3211	0.0	0.989	0.989	0.0	7677.993	3564.883	2.1537854117512416	653.582	74.158	-579.424
clic_02809272	clic	zenjxl	7	1.25	280271	280271	0	-1.198	-1.198	0.0	84.3183	84.3183	-0.8937	-0.8937	0.0	-3.063	-3.063	0.0	7349.623	2835.982	2.591561935160378	546.071	46.908	-499.163
clic_02809272	clic	zenjxl	7	1.5	250021	249966	-55	-0.855	-0.877	-0.02200000000000002	82.8347	82.8347	-0.549	-0.549	0.0	0.141	0.141	0.0	6856.679	3254.818	2.106624394973851	480.733	38.418	-442.315
clic_02809272	clic	zenjxl	7	1.75	226377	226487	110	-1.121	-1.073	0.04800000000000004	81.0197	81.0197	-0.5029	-0.5029	0.0	1.489	1.489	0.0	6979.466	4302.181	1.6223087778036305	523.939	10.387	-513.5519999999999
clic_02809272	clic	zenjxl	7	2.0	208172	208514	342	-0.573	-0.41	0.16299999999999998	79.1645	79.1645	-0.4284	-0.4284	0.0	-2.884	-2.884	0.0	6684.042	5109.769	1.3080908354174132	431.735	93.069	-338.666
clic_02809272	clic	zenjxl	7	2.25	191929	192255	326	-0.339	-0.169	0.17	77.4895	77.4895	-0.4075	-0.4075	0.0	-3.227	-3.227	0.0	6558.191	2609.675	2.5130297834021476	669.986	47.959	-622.027
clic_02809272	clic	zenjxl	7	2.5	178664	179100	436	0.359	0.604	0.245	75.7418	75.7418	-0.5533	-0.5533	0.0	1.782	1.782	0.0	6058.44	2688.241	2.253681868552708	486.418	66.955	-419.463
clic_02809272	clic	zenjxl	7	2.75	168870	169174	304	0.357	0.538	0.18100000000000005	74.24	74.24	-0.7471	-0.7471	0.0	-0.356	-0.356	0.0	6280.354	2927.513	2.1452864598722536	492.217	49.797	-442.41999999999996
clic_02809272	clic	zenjxl	7	3.0	159770	160159	389	2.063	2.311	0.24799999999999978	72.7512	72.7512	-0.6638	-0.6638	0.0	1.128	1.128	0.0	6197.076	3470.321	1.785735671138203	413.836	19.414	-394.422
clic_02809272	clic	zenjxl	7	3.25	150266	150767	501	2.376	2.718	0.3420000000000001	70.6637	70.6637	-0.9515	-0.9515	0.0	-0.192	-0.192	0.0	5948.862	3509.846	1.694906842066575	423.424	63.219	-360.205
clic_02809272	clic	zenjxl	7	3.5	142366	142752	386	2.885	3.164	0.27900000000000036	69.3631	69.3631	-0.6773	-0.6773	0.0	3.332	3.332	0.0	6550.337	2859.426	2.2907873818032014	405.373	-6.071	-411.444
clic_02809272	clic	zenjxl	7	3.75	136245	136705	460	3.38	3.729	0.3490000000000002	67.9965	67.9965	-0.8042	-0.8042	0.0	-1.025	-1.025	0.0	6342.696	2487.269	2.550064347684147	365.228	-5.816	-371.044
clic_02809272	clic	zenjxl	7	4.0	129248	129782	534	2.991	3.416	0.4249999999999998	66.5051	66.5051	-0.6068	-0.6068	0.0	0.746	0.746	0.0	6987.718	4049.266	1.7256752211388433	440.606	67.789	-372.817
clic_02809272	clic	zenjxl	7	4.25	123840	124291	451	4.962	5.345	0.383	64.2997	64.2997	-0.7807	-0.7807	0.0	0.639	0.639	0.0	7009.639	2994.441	2.340883991369341	395.475	23.73	-371.745
clic_02809272	clic	zenjxl	7	4.5	118016	118335	319	5.19	5.474	0.2839999999999998	63.2133	63.2133	-0.6946	-0.6946	0.0	5.025	5.025	0.0	6656.589	2870.696	2.318806658733631	373.112	57.997	-315.115
clic_02809272	clic	zenjxl	7	4.75	112213	112542	329	5.682	5.992	0.3099999999999996	61.5897	61.5897	-1.3238	-1.3238	0.0	-2.596	-2.596	0.0	6521.178	2465.335	2.645148833728479	527.398	9.334	-518.0640000000001
clic_02809272	clic	zenjxl	7	5.0	108218	108630	412	6.277	6.682	0.40500000000000025	60.478	60.478	-1.3804	-1.3804	0.0	7.139	7.139	0.0	6307.444	1680.496	3.753322828498253	467.815	-47.163	-514.978
clic_02809272	clic	zenjxl	8	0.25	698378	698340	-38	-1.999	-2.004	-0.004999999999999893	93.4965	93.4965	-0.11	-0.11	0.0	-22.541	-22.541	0.0	11775.696	7678.391	1.5336150503406247	1642.892	302.757	-1340.135
clic_02809272	clic	zenjxl	8	0.5	481845	481375	-470	-2.953	-3.048	-0.0950000000000002	91.1133	91.1133	-0.237	-0.237	0.0	-11.432	-11.432	0.0	10559.166	7426.795	1.4217661858177046	1267.47	267.963	-999.5070000000001
clic_02809272	clic	zenjxl	8	0.75	366342	365880	-462	-0.428	-0.554	-0.12600000000000006	88.8374	88.8374	-0.1383	-0.1383	0.0	-2.301	-2.301	0.0	10916.033	7277.598	1.4999499834973022	130.912	15.92	-114.992
clic_02809272	clic	zenjxl	8	1.0	306436	306098	-338	-0.498	-0.608	-0.10999999999999999	86.5078	86.5078	-0.1892	-0.1892	0.0	5.111	5.111	0.0	9723.296	7132.227	1.3632903159139496	107.613	-13.867	-121.48
clic_02809272	clic	zenjxl	8	1.25	265534	265263	-271	-0.413	-0.515	-0.10200000000000004	84.0573	84.0573	-0.5407	-0.5407	0.0	0.868	0.868	0.0	10036.996	8285.245	1.2114301991069665	105.909	-5.218	-111.12700000000001
clic_02809272	clic	zenjxl	8	1.5	235820	235492	-328	-0.058	-0.197	-0.139	82.0617	82.0617	-0.3089	-0.3089	0.0	-0.288	-0.288	0.0	9446.513	8109.969	1.1648026028212932	114.92	-2.877	-117.797
clic_02809272	clic	zenjxl	8	1.75	211850	211833	-17	-0.189	-0.197	-0.008000000000000007	80.2387	80.2387	-0.236	-0.236	0.0	0.827	0.827	0.0	9504.577	11492.455	0.8270275585155652	102.012	12.633	-89.379
clic_02809272	clic	zenjxl	8	2.0	194157	193964	-193	0.199	0.099	-0.1	78.086	78.086	-0.4457	-0.4457	0.0	-3.881	-3.881	0.0	8498.641	10632.09	0.7993387001050593	89.389	12.587	-76.80199999999999
clic_02809272	clic	zenjxl	8	2.25	178488	178507	19	0.683	0.693	0.009999999999999898	76.2424	76.2424	-0.5371	-0.5371	0.0	3.704	3.704	0.0	9030.475	9289.071	0.9721612634891046	72.333	16.006	-56.327
clic_02809272	clic	zenjxl	8	2.5	165519	165543	24	1.315	1.33	0.015000000000000124	74.3581	74.3581	-0.4293	-0.4293	0.0	-4.326	-4.326	0.0	9325.822	8428.256	1.106494866790947	123.757	-4.436	-128.193
clic_02809272	clic	zenjxl	8	2.75	156942	156883	-59	2.179	2.141	-0.03799999999999981	72.7698	72.7698	-0.749	-0.749	0.0	-1.271	-1.271	0.0	9615.358	7422.731	1.2953935687552196	141.298	-6.428	-147.726
clic_02809272	clic	zenjxl	8	3.0	147199	147200	1	0.656	0.657	0.0010000000000000009	71.0256	71.0256	-0.7556	-0.7556	0.0	11.89	11.89	0.0	9176.61	6134.01	1.4960213628605106	124.523	-26.814	-151.337
clic_02809272	clic	zenjxl	8	3.25	137822	137866	44	0.626	0.659	0.03300000000000003	69.0556	69.0556	-0.9284	-0.9284	0.0	7.151	7.151	0.0	9254.104	8954.411	1.0334687563481282	116.531	24.906	-91.625
clic_02809272	clic	zenjxl	8	3.5	129873	129959	86	0.98	1.047	0.06699999999999995	67.5006	67.5006	-0.7911	-0.7911	0.0	-0.263	-0.263	0.0	8787.578	12603.197	0.6972499120659623	88.711	56.722	-31.988999999999997
clic_02809272	clic	zenjxl	8	3.75	123755	123779	24	1.563	1.583	0.020000000000000018	65.9776	65.9776	-0.8353	-0.8353	0.0	6.278	6.278	0.0	8511.666	10779.28	0.7896321461173658	93.073	20.706	-72.36699999999999
clic_02809272	clic	zenjxl	8	4.0	117534	117602	68	1.342	1.4	0.05799999999999983	64.339	64.339	-0.6864	-0.6864	0.0	-5.267	-5.267	0.0	10443.719	13768.025	0.7585488114671494	124.228	29.346	-94.88199999999999
clic_02809272	clic	zenjxl	8	4.25	111873	111926	53	2.59	2.638	0.04800000000000004	62.0833	62.0833	-0.759	-0.759	0.0	-4.674	-4.674	0.0	10260.39	13328.06	0.7698337192359578	103.09	81.049	-22.040999999999997
clic_02809272	clic	zenjxl	8	4.5	106782	106967	185	3.057	3.235	0.17799999999999994	60.5068	60.5068	-0.8018	-0.8018	0.0	-7.249	-7.249	0.0	10688.83	11358.76	0.9410208508675243	130.728	68.306	-62.42200000000001
clic_02809272	clic	zenjxl	8	4.75	101093	101154	61	3.629	3.691	0.06199999999999983	59.2515	59.2515	-1.0827	-1.0827	0.0	0.782	0.782	0.0	10688.106	10139.632	1.0540921011729025	127.351	79.221	-48.129999999999995
clic_02809272	clic	zenjxl	8	5.0	97134	97133	-1	4.317	4.316	-0.001000000000000334	57.556	57.556	-1.4455	-1.4455	0.0	-1.178	-1.178	0.0	9970.715	8652.193	1.1523916537691659	113.548	0.87	-112.678
clic_02809272	clic	zenjxl	9	0.25	703850	703850	0	-1.185	-1.185	0.0	93.5444	93.5444	-0.0622	-0.0622	0.0	-33.07	-33.07	0.0	35534.798	43810.143	0.8111089251637459	4153.977	2373.342	-1780.6349999999998
clic_02809272	clic	zenjxl	9	0.5	484550	484550	0	-2.346	-2.346	0.0	91.1759	91.1759	-0.1743	-0.1743	0.0	-35.032	-35.032	0.0	24514.789	39517.837	0.6203474395625449	2612.183	1903.308	-708.875
clic_02809272	clic	zenjxl	9	0.75	367420	367420	0	-0.158	-0.158	0.0	88.7932	88.7932	-0.2188	-0.2188	0.0	12.263	12.263	0.0	20442.378	32014.83	0.6385283944971752	239.733	207.571	-32.162000000000006
clic_02809272	clic	zenjxl	9	1.0	307278	307278	0	-0.191	-0.191	0.0	86.4432	86.4432	-0.3201	-0.3201	0.0	7.378	7.378	0.0	21066.651	28841.211	0.7304357296231424	203.464	132.473	-70.99099999999999
clic_02809272	clic	zenjxl	9	1.25	266318	266318	0	-0.124	-0.124	0.0	84.0731	84.0731	-0.5783	-0.5783	0.0	-1.498	-1.498	0.0	16470.91	23315.963	0.7064220336942548	191.632	88.682	-102.95
clic_02809272	clic	zenjxl	9	1.5	236038	236038	0	0.147	0.147	0.0	82.0655	82.0655	-0.3247	-0.3247	0.0	-2.827	-2.827	0.0	15358.354	23109.453	0.6645918447312448	139.143	91.557	-47.586
clic_02809272	clic	zenjxl	9	1.75	212118	212118	0	0.027	0.027	0.0	80.2053	80.2053	-0.2652	-0.2652	0.0	-6.794	-6.794	0.0	13945.607	40540.994	0.3439877917152204	143.228	295.147	151.91899999999998
clic_02809272	clic	zenjxl	9	2.0	194391	194391	0	0.476	0.476	0.0	78.0889	78.0889	-0.4431	-0.4431	0.0	-3.881	-3.881	0.0	14305.616	25814.093	0.5541785256603825	136.777	71.581	-65.19599999999998
clic_02809272	clic	zenjxl	9	2.25	178601	178601	0	0.914	0.914	0.0	76.3152	76.3152	-0.4734	-0.4734	0.0	-4.552	-4.552	0.0	13466.135	39587.369	0.3401624139255125	141.115	159.904	18.788999999999987
clic_02809272	clic	zenjxl	9	2.5	165692	165692	0	1.597	1.597	0.0	74.3622	74.3622	-0.5076	-0.5076	0.0	0.097	0.097	0.0	12679.185	23016.473	0.5508743672412363	105.311	128.135	22.823999999999984
clic_02809272	clic	zenjxl	9	2.75	156998	156998	0	2.356	2.356	0.0	72.768	72.768	-0.7507	-0.7507	0.0	-1.581	-1.581	0.0	11242.082	20340.839	0.5526852653422998	99.303	80.211	-19.092
clic_02809272	clic	zenjxl	9	3.0	147209	147209	0	0.029	0.029	0.0	71.0295	71.0295	-0.7732	-0.7732	0.0	2.997	2.997	0.0	11575.866	20852.21	0.5551385680462647	79.64	108.489	28.849000000000004
clic_02809272	clic	zenjxl	9	3.25	137874	137873	-1	0.083	0.083	0.0	69.0585	69.0585	-0.946	-0.946	0.0	-0.168	-0.168	0.0	10678.603	34140.35	0.31278539909520553	78.675	159.601	80.926
clic_02809272	clic	zenjxl	9	3.5	129780	129780	0	0.388	0.388	0.0	67.5028	67.5028	-0.7975	-0.7975	0.0	-0.628	-0.628	0.0	12458.611	26986.284	0.46166456263485556	90.436	115.604	25.167999999999992
clic_02809272	clic	zenjxl	9	3.75	123458	123458	0	0.889	0.889	0.0	65.9796	65.9796	-0.8554	-0.8554	0.0	6.278	6.278	0.0	13343.166	21764.224	0.6130779576611599	116.301	87.367	-28.933999999999997
clic_02809272	clic	zenjxl	9	4.0	117606	117605	-1	1.057	1.056	-0.0009999999999998899	64.3343	64.3343	-0.6935	-0.6935	0.0	-5.267	-5.267	0.0	14141.511	21458.41	0.6590195172894916	100.698	73.745	-26.95299999999999
clic_02809272	clic	zenjxl	9	4.25	112355	112354	-1	2.319	2.318	-0.0009999999999998899	62.0833	62.0833	-0.798	-0.798	0.0	-4.674	-4.674	0.0	13644.017	25047.504	0.5447256141769655	101.597	129.275	27.67800000000001
clic_02809272	clic	zenjxl	9	4.5	107225	107231	6	2.719	2.724	0.0050000000000003375	60.5121	60.5121	-0.8362	-0.8362	0.0	-7.249	-7.249	0.0	12856.519	23629.379	0.5440904308149613	91.006	124.557	33.551
clic_02809272	clic	zenjxl	9	4.75	101574	101572	-2	3.332	3.33	-0.0019999999999997797	59.2515	59.2515	-1.0959	-1.0959	0.0	0.782	0.782	0.0	12554.353	25758.353	0.48738958581707453	91.273	143.209	51.93600000000001
clic_02809272	clic	zenjxl	9	5.0	97390	97389	-1	4.118	4.117	-0.001000000000000334	57.556	57.556	-1.4477	-1.4477	0.0	-1.178	-1.178	0.0	13026.896	26383.758	0.4937467967982423	95.626	133.62	37.994
clic_0369d229	clic	zenjxl	5	0.25	430826	430779	-47	-0.559	-0.57	-0.010999999999999899	92.9904	92.9904	0.168	0.168	0.0	-18.95	-18.95	0.0	9042.35	1366.758	6.615911522010481	1730.522	21.927	-1708.595
clic_0369d229	clic	zenjxl	5	0.5	258904	258903	-1	0.533	0.532	-0.0010000000000000009	90.5035	90.5035	-0.1594	-0.1594	0.0	0.52	0.52	0.0	8424.446	994.786	8.468601287110998	1486.125	-5.842	-1491.967
clic_0369d229	clic	zenjxl	5	0.75	176265	176163	-102	0.963	0.905	-0.05799999999999994	88.0657	88.0657	-0.0277	-0.0277	0.0	0.958	0.958	0.0	7355.277	928.838	7.918794235377967	1371.067	-18.546	-1389.613
clic_0369d229	clic	zenjxl	5	1.0	137078	137056	-22	2.303	2.287	-0.016000000000000014	85.4328	85.4328	-0.0736	-0.0736	0.0	-6.661	-6.661	0.0	7588.194	900.413	8.427459399186818	1371.322	0.819	-1370.503
clic_0369d229	clic	zenjxl	5	1.25	113025	112986	-39	4.138	4.102	-0.03599999999999959	82.9535	82.9535	0.098	0.098	0.0	-9.458	-9.458	0.0	7302.989	971.992	7.513425007613232	1524.713	8.7	-1516.013
clic_0369d229	clic	zenjxl	5	1.5	95566	95627	61	4.965	5.032	0.06700000000000017	80.2911	80.2911	-0.2672	-0.2672	0.0	1.098	1.098	0.0	6363.653	1127.369	5.644693973313086	1083.252	6.691	-1076.561
clic_0369d229	clic	zenjxl	5	1.75	82636	82744	108	5.765	5.903	0.1379999999999999	77.8747	77.8747	0.8129	0.8129	0.0	-24.949	-24.949	0.0	6384.927	744.891	8.571625915738007	1097.524	-16.804	-1114.328
clic_0369d229	clic	zenjxl	5	2.0	73576	73718	142	7.484	7.691	0.20699999999999985	75.6349	75.6349	0.721	0.721	0.0	-10.686	-10.686	0.0	6428.745	903.938	7.111931349273955	1222.616	15.776	-1206.84
clic_0369d229	clic	zenjxl	5	2.25	64230	64383	153	5.957	6.209	0.2519999999999998	73.3928	73.3928	0.9932	0.9932	0.0	-8.006	-8.006	0.0	5557.609	670.356	8.290533686578476	1253.193	-31.924	-1285.117
clic_0369d229	clic	zenjxl	5	2.5	57550	57836	286	5.422	5.946	0.524	70.7385	70.7385	0.2972	0.2972	0.0	-1.165	-1.165	0.0	5067.551	1079.992	4.6922116089748815	793.211	-1.317	-794.528
clic_0369d229	clic	zenjxl	5	2.75	52361	52523	162	5.441	5.767	0.3260000000000005	68.3995	68.3995	0.4026	0.4026	0.0	-0.729	-0.729	0.0	6188.664	723.891	8.549165551167233	1215.273	-33.91	-1249.183
clic_0369d229	clic	zenjxl	5	3.0	47544	47504	-40	4.252	4.164	-0.08800000000000008	66.2205	66.2205	0.1198	0.1198	0.0	0.191	0.191	0.0	7918.495	765.17	10.348674150842298	1277.616	-31.606	-1309.222
clic_0369d229	clic	zenjxl	5	3.25	43747	43907	160	4.62	5.003	0.383	64.1898	64.1898	0.0918	0.0918	0.0	-2.054	-2.054	0.0	6782.663	674.849	10.0506379945736	1733.507	-33.127	-1766.634
clic_0369d229	clic	zenjxl	5	3.5	40496	40525	29	4.315	4.389	0.07399999999999984	62.3951	62.3951	0.0686	0.0686	0.0	-1.105	-1.105	0.0	5082.774	651.642	7.7999484379459885	1133.328	-44.643	-1177.971
clic_0369d229	clic	zenjxl	5	3.75	37855	37988	133	2.641	3.002	0.36099999999999977	60.9508	60.9508	-0.0274	-0.0274	0.0	-0.76	-0.76	0.0	4962.785	627.789	7.905179925102224	857.614	-10.392	-868.0060000000001
clic_0369d229	clic	zenjxl	5	4.0	35630	35712	82	2.719	2.955	0.2360000000000002	56.7584	56.7584	0.3626	0.3626	0.0	5.135	5.135	0.0	5043.851	559.733	9.011173184357542	1128.826	-44.241	-1173.067
clic_0369d229	clic	zenjxl	5	4.25	33249	33388	139	0.69	1.111	0.42100000000000004	54.78	54.78	0.3759	0.3759	0.0	2.348	2.348	0.0	5188.045	449.476	11.542429406686898	1097.593	-44.202	-1141.795
clic_0369d229	clic	zenjxl	5	4.5	31548	31804	256	0.825	1.643	0.8180000000000001	53.2671	53.2671	0.51	0.51	0.0	-1.973	-1.973	0.0	4850.846	607.908	7.979572566901569	848.466	-30.945	-879.4110000000001
clic_0369d229	clic	zenjxl	5	4.75	30320	30519	199	2.239	2.91	0.6710000000000003	51.8775	51.8775	0.3499	0.3499	0.0	1.124	1.124	0.0	5035.883	544.008	9.257001735268599	822.171	-38.389	-860.5600000000001
clic_0369d229	clic	zenjxl	5	5.0	29431	29637	206	2.679	3.398	0.7190000000000003	50.8148	50.8148	0.6772	0.6772	0.0	-1.598	-1.598	0.0	4512.96	500.86	9.010422074032663	654.276	-21.5	-675.776
clic_0369d229	clic	zenjxl	6	0.25	430839	430794	-45	-0.125	-0.136	-0.01100000000000001	92.8863	92.8863	0.0687	0.0687	0.0	-19.001	-19.001	0.0	8674.686	1358.773	6.384205455951804	1080.252	9.483	-1070.769
clic_0369d229	clic	zenjxl	6	0.5	259346	259342	-4	0.947	0.945	-0.0020000000000000018	90.5333	90.5333	-0.126	-0.126	0.0	0.538	0.538	0.0	9059.662	1107.01	8.183902584439165	1372.656	-7.942	-1380.598
clic_0369d229	clic	zenjxl	6	0.75	177490	177431	-59	0.672	0.638	-0.03400000000000003	88.0937	88.0937	-0.083	-0.083	0.0	10.597	10.597	0.0	9083.117	1115.137	8.145292461823077	734.637	-34.371	-769.0079999999999
clic_0369d229	clic	zenjxl	6	1.0	137798	137746	-52	1.746	1.708	-0.038000000000000034	85.4399	85.4399	-0.0916	-0.0916	0.0	-3.942	-3.942	0.0	7455.099	987.202	7.5517462484881515	876.327	-32.136	-908.463
clic_0369d229	clic	zenjxl	6	1.25	113840	113773	-67	3.424	3.363	-0.06099999999999994	82.988	82.988	0.1482	0.1482	0.0	-11.218	-11.218	0.0	7990.085	986.011	8.10344407922427	824.362	-38.558	-862.92
clic_0369d229	clic	zenjxl	6	1.5	95816	95775	-41	3.208	3.164	-0.04400000000000004	80.4309	80.4309	-0.1532	-0.1532	0.0	-6.464	-6.464	0.0	6726.68	1366.698	4.921848133237921	575.541	-18.815	-594.3560000000001
clic_0369d229	clic	zenjxl	6	1.75	84168	84261	93	5.054	5.17	0.11599999999999966	78.1664	78.1664	0.7138	0.7138	0.0	-28.23	-28.23	0.0	7255.178	1499.795	4.837446451014972	590.879	-5.132	-596.011
clic_0369d229	clic	zenjxl	6	2.0	74609	74717	108	5.599	5.752	0.15299999999999958	76.0533	76.0533	0.876	0.876	0.0	-15.123	-15.123	0.0	6585.816	1143.229	5.760714607484589	677.463	-26.367	-703.8299999999999
clic_0369d229	clic	zenjxl	6	2.25	65052	65188	136	3.543	3.76	0.21699999999999964	73.9166	73.9166	1.0181	1.0181	0.0	-6.053	-6.053	0.0	6502.496	1458.943	4.456991123025368	657.515	-23.932	-681.447
clic_0369d229	clic	zenjxl	6	2.5	58914	59099	185	3.654	3.98	0.32600000000000007	71.4338	71.4338	0.3441	0.3441	0.0	-5.159	-5.159	0.0	6385.12	1219.293	5.236739651584976	629.803	-28.505	-658.308
clic_0369d229	clic	zenjxl	6	2.75	53967	54044	77	4.103	4.252	0.14900000000000002	69.1855	69.1855	0.2974	0.2974	0.0	-0.453	-0.453	0.0	7095.165	1329.823	5.33542057852812	757.456	-19.46	-776.916
clic_0369d229	clic	zenjxl	6	3.0	48930	48987	57	2.37	2.49	0.1200000000000001	67.2381	67.2381	0.2396	0.2396	0.0	-2.817	-2.817	0.0	6612.374	1250.688	5.286989241121686	481.055	-21.302	-502.357
clic_0369d229	clic	zenjxl	6	3.25	45048	45122	74	2.34	2.508	0.16800000000000015	65.2697	65.2697	0.071	0.071	0.0	-4.877	-4.877	0.0	5692.726	1222.127	4.658047813361459	573.546	-23.829	-597.375
clic_0369d229	clic	zenjxl	6	3.5	42133	42074	-59	2.656	2.512	-0.14400000000000013	63.5518	63.5518	-0.0816	-0.0816	0.0	-4.65	-4.65	0.0	6222.612	1316.442	4.726840985018709	665.486	-30.538	-696.024
clic_0369d229	clic	zenjxl	6	3.75	39161	39257	96	0.663	0.91	0.247	62.1313	62.1313	-0.1621	-0.1621	0.0	-2.53	-2.53	0.0	6211.903	1162.058	5.345604952592728	675.195	-55.775	-730.97
clic_0369d229	clic	zenjxl	6	4.0	37402	37495	93	0.446	0.696	0.24999999999999994	60.9149	60.9149	0.2357	0.2357	0.0	-6.179	-6.179	0.0	6751.598	1924.65	3.5079614475359153	615.386	-2.71	-618.096
clic_0369d229	clic	zenjxl	6	4.25	35104	35264	160	-0.696	-0.243	0.45299999999999996	59.336	59.336	0.1025	0.1025	0.0	-2.519	-2.519	0.0	6682.571	1943.586	3.4382687465334696	584.276	-2.375	-586.651
clic_0369d229	clic	zenjxl	6	4.5	33390	33645	255	-0.829	-0.071	0.758	57.8204	57.8204	0.1991	0.1991	0.0	-9.178	-9.178	0.0	7055.565	2166.495	3.2566726440633373	629.532	10.432	-619.1
clic_0369d229	clic	zenjxl	6	4.75	31761	31961	200	1.573	2.213	0.6400000000000001	56.4971	56.4971	0.1771	0.1771	0.0	-1.643	-1.643	0.0	6372.156	1658.027	3.8432160634296064	734.624	-10.605	-745.229
clic_0369d229	clic	zenjxl	6	5.0	30851	31055	204	1.745	2.417	0.6719999999999997	55.4193	55.4193	0.2936	0.2936	0.0	-6.238	-6.238	0.0	5873.918	1784.044	3.2924737282264336	504.951	-14.056	-519.0070000000001
clic_0369d229	clic	zenjxl	7	0.25	430564	430580	16	-0.084	-0.08	0.0040000000000000036	92.9298	92.9298	-0.0532	-0.0532	0.0	-19.015	-19.015	0.0	10000.301	1410.131	7.09175317754166	1089.232	-10.565	-1099.797
clic_0369d229	clic	zenjxl	7	0.5	257878	257851	-27	0.357	0.346	-0.01100000000000001	90.5408	90.5408	-0.1327	-0.1327	0.0	0.684	0.684	0.0	7448.63	1355.877	5.4935882827129605	893.938	17.008	-876.93
clic_0369d229	clic	zenjxl	7	0.75	176105	176060	-45	-0.124	-0.149	-0.024999999999999994	87.9844	87.9844	-0.283	-0.283	0.0	10.555	10.555	0.0	7887.493	1887.844	4.178042783196069	592.646	18.33	-574.3159999999999
clic_0369d229	clic	zenjxl	7	1.0	135571	135502	-69	0.029	-0.022	-0.051000000000000004	85.3862	85.3862	-0.2823	-0.2823	0.0	0.044	0.044	0.0	7660.271	1448.587	5.288098678229199	739.077	-43.885	-782.962
clic_0369d229	clic	zenjxl	7	1.25	111694	111643	-51	1.622	1.576	-0.04600000000000004	82.7634	82.7634	-0.3239	-0.3239	0.0	-0.266	-0.266	0.0	7330.019	1332.944	5.499119993037968	811.493	-42.379	-853.8720000000001
clic_0369d229	clic	zenjxl	7	1.5	94348	94326	-22	1.937	1.913	-0.02400000000000002	80.2301	80.2301	-0.3998	-0.3998	0.0	-8.422	-8.422	0.0	7247.047	1206.36	6.0073667893497795	750.056	-36.896	-786.952
clic_0369d229	clic	zenjxl	7	1.75	81850	81832	-18	1.885	1.862	-0.02299999999999991	77.1155	77.1155	-1.1673	-1.1673	0.0	24.641	24.641	0.0	6617.57	1477.849	4.47783907557538	638.787	-20.387	-659.174
clic_0369d229	clic	zenjxl	7	2.0	72171	72313	142	2.183	2.384	0.20100000000000007	75.0607	75.0607	-0.126	-0.126	0.0	-6.08	-6.08	0.0	6831.663	1753.122	3.896855438469199	597.782	5.543	-592.239
clic_0369d229	clic	zenjxl	7	2.25	64231	64441	210	2.233	2.567	0.3340000000000001	72.9373	72.9373	-0.2371	-0.2371	0.0	-0.67	-0.67	0.0	7679.367	1546.563	4.965440787087238	649.996	-5.296	-655.292
clic_0369d229	clic	zenjxl	7	2.5	57052	57246	194	0.456	0.798	0.342	70.6731	70.6731	-0.3869	-0.3869	0.0	-3.659	-3.659	0.0	6558.189	1111.885	5.898261960544481	598.195	-32.156	-630.351
clic_0369d229	clic	zenjxl	7	2.75	51695	51675	-20	-0.418	-0.457	-0.039000000000000035	68.1787	68.1787	-0.6487	-0.6487	0.0	-0.166	-0.166	0.0	6791.641	1412.369	4.808687389768538	829.22	6.938	-822.282
clic_0369d229	clic	zenjxl	7	3.0	47325	47290	-35	-0.027	-0.101	-0.07400000000000001	66.3473	66.3473	-0.6456	-0.6456	0.0	-2.093	-2.093	0.0	6653.86	2321.99	2.865585123105612	499.506	24.603	-474.90299999999996
clic_0369d229	clic	zenjxl	7	3.25	42946	43012	66	-1.638	-1.486	0.1519999999999999	64.3258	64.3258	-0.8874	-0.8874	0.0	-4.847	-4.847	0.0	6180.762	2055.574	3.0068302089829895	494.019	7.867	-486.152
clic_0369d229	clic	zenjxl	7	3.5	41105	41279	174	1.559	1.989	0.43000000000000016	62.4832	62.4832	-1.018	-1.018	0.0	-5.813	-5.813	0.0	6251.329	1208.893	5.171118535718215	500.104	-41.563	-541.667
clic_0369d229	clic	zenjxl	7	3.75	38883	39037	154	1.076	1.477	0.401	61.0433	61.0433	-1.2226	-1.2226	0.0	-3.786	-3.786	0.0	6171.836	1938.266	3.1842048511401426	502.109	-12.144	-514.2529999999999
clic_0369d229	clic	zenjxl	7	4.0	36332	36449	117	-1.747	-1.431	0.31600000000000006	59.6874	59.6874	-1.0635	-1.0635	0.0	1.419	1.419	0.0	7037.788	1636.895	4.299474309592246	609.797	-27.713	-637.51
clic_0369d229	clic	zenjxl	7	4.25	33650	33937	287	-4.207	-3.39	0.8169999999999997	58.2584	58.2584	-1.1294	-1.1294	0.0	-8.364	-8.364	0.0	6366.305	2049.362	3.106481431782184	388.484	18.399	-370.085
clic_0369d229	clic	zenjxl	7	4.5	31725	31936	211	-4.855	-4.223	0.6320000000000006	56.4817	56.4817	-1.2698	-1.2698	0.0	-7.116	-7.116	0.0	6657.26	2176.258	3.059039874867778	638.996	-9.848	-648.8439999999999
clic_0369d229	clic	zenjxl	7	4.75	29924	30170	246	-3.452	-2.659	0.7930000000000001	54.9018	54.9018	-1.4094	-1.4094	0.0	-0.846	-0.846	0.0	6290.297	1720.822	3.6554024762584394	577.784	-15.604	-593.388
clic_0369d229	clic	zenjxl	7	5.0	28416	28564	148	-5.21	-4.717	0.4930000000000003	54.0012	54.0012	-1.1904	-1.1904	0.0	0.232	0.232	0.0	7399.349	2388.462	3.0979555044208364	628.816	48.559	-580.2570000000001
clic_0369d229	clic	zenjxl	8	0.25	491870	491837	-33	14.051	14.043	-0.008000000000000895	93.2321	93.2321	0.249	0.249	0.0	-48.313	-48.313	0.0	12087.532	8118.919	1.4888105177548883	1481.339	589.876	-891.463
clic_0369d229	clic	zenjxl	8	0.5	274152	274055	-97	6.552	6.514	-0.03799999999999937	90.9262	90.9262	0.2527	0.2527	0.0	-29.391	-29.391	0.0	10303.419	8693.209	1.1852261920770568	1459.815	763.409	-696.4060000000001
clic_0369d229	clic	zenjxl	8	0.75	182650	182520	-130	0.72	0.648	-0.07199999999999995	88.4497	88.4497	-0.3111	-0.3111	0.0	0.279	0.279	0.0	11251.383	9434.608	1.1925649693129805	149.951	-24.633	-174.584
clic_0369d229	clic	zenjxl	8	1.0	139277	139188	-89	0.985	0.921	-0.06399999999999995	86.0718	86.0718	-0.202	-0.202	0.0	-3.868	-3.868	0.0	10687.713	8215.933	1.3008520152245642	171.441	24.281	-147.16
clic_0369d229	clic	zenjxl	8	1.25	111803	111785	-18	1.783	1.766	-0.016999999999999904	83.259	83.259	-0.4597	-0.4597	0.0	0.415	0.415	0.0	12198.305	7601.468	1.6047301652786015	180.713	20.924	-159.789
clic_0369d229	clic	zenjxl	8	1.5	94657	94502	-155	3.12	2.951	-0.16900000000000004	80.9313	80.9313	-0.451	-0.451	0.0	-1.86	-1.86	0.0	10356.041	7280.008	1.4225315411741306	138.096	-0.938	-139.034
clic_0369d229	clic	zenjxl	8	1.75	80023	79929	-94	2.819	2.698	-0.121	78.2641	78.2641	-0.513	-0.513	0.0	-11.027	-11.027	0.0	9652.847	7389.291	1.3063292540515727	126.445	14.214	-112.231
clic_0369d229	clic	zenjxl	8	2.0	70262	70155	-107	2.426	2.27	-0.15600000000000014	76.0219	76.0219	-0.3521	-0.3521	0.0	-2.56	-2.56	0.0	9884.16	6191.102	1.5965106050586795	173.83	-11.827	-185.657
clic_0369d229	clic	zenjxl	8	2.25	61733	61634	-99	2.625	2.46	-0.16500000000000004	73.3407	73.3407	-0.6945	-0.6945	0.0	-5.51	-5.51	0.0	10302.812	6763.766	1.5232360196967194	134.214	-30.081	-164.295
clic_0369d229	clic	zenjxl	8	2.5	54832	54844	12	0.666	0.688	0.02199999999999991	71.1628	71.1628	-0.5691	-0.5691	0.0	-0.197	-0.197	0.0	9709.535	5133.668	1.8913445513032787	161.905	-33.336	-195.24099999999999
clic_0369d229	clic	zenjxl	8	2.75	49810	49830	20	-0.078	-0.038	0.04	69.1367	69.1367	-0.5323	-0.5323	0.0	-8.496	-8.496	0.0	10233.379	6589.933	1.5528805831561567	138.224	-18.576	-156.79999999999998
clic_0369d229	clic	zenjxl	8	3.0	45219	45096	-123	-1.301	-1.569	-0.268	66.7825	66.7825	-0.9883	-0.9883	0.0	-3.167	-3.167	0.0	10993.073	8809.853	1.2478157127025844	154.674	24.51	-130.16400000000002
clic_0369d229	clic	zenjxl	8	3.25	40951	40953	2	-1.766	-1.761	0.0050000000000001155	64.4984	64.4984	-0.5471	-0.5471	0.0	-6.924	-6.924	0.0	9079.414	5059.424	1.7945548742307427	102.118	-27.875	-129.993
clic_0369d229	clic	zenjxl	8	3.5	39134	39097	-37	1.135	1.039	-0.09600000000000009	62.2116	62.2116	-0.8629	-0.8629	0.0	-5.638	-5.638	0.0	10378.112	5407.658	1.9191509522236796	148.184	-38.11	-186.29399999999998
clic_0369d229	clic	zenjxl	8	3.75	36472	36358	-114	0.206	-0.107	-0.313	60.0517	60.0517	-1.235	-1.235	0.0	-6.349	-6.349	0.0	8802.824	6219.771	1.415297122675417	110.899	-7.694	-118.593
clic_0369d229	clic	zenjxl	8	4.0	34193	34103	-90	-1.583	-1.842	-0.2590000000000001	59.1833	59.1833	-0.5746	-0.5746	0.0	-6.669	-6.669	0.0	9957.241	9976.046	0.9981149846341927	144.955	34.011	-110.94400000000002
clic_0369d229	clic	zenjxl	8	4.25	31310	31290	-20	-5.133	-5.193	-0.05999999999999961	56.8678	56.8678	-1.4333	-1.4333	0.0	-6.779	-6.779	0.0	9163.081	9273.726	0.9880689811193473	126.258	8.925	-117.333
clic_0369d229	clic	zenjxl	8	4.5	29619	29564	-55	-4.467	-4.645	-0.17799999999999994	55.0387	55.0387	-1.4008	-1.4008	0.0	6.102	6.102	0.0	9349.169	11323.894	0.8256143160647742	128.479	58.432	-70.04700000000001
clic_0369d229	clic	zenjxl	8	4.75	27582	27571	-11	-4.485	-4.523	-0.03799999999999937	53.2836	53.2836	-1.6395	-1.6395	0.0	6.791	6.791	0.0	8528.709	9056.011	0.9417732597718798	110.697	32.922	-77.775
clic_0369d229	clic	zenjxl	8	5.0	26042	26048	6	-5.154	-5.132	0.02200000000000024	52.0105	52.0105	-1.1035	-1.1035	0.0	6.64	6.64	0.0	9153.143	9129.496	1.002590175843223	152.432	48.603	-103.82899999999998
clic_0369d229	clic	zenjxl	9	0.25	504799	504799	0	17.14	17.14	0.0	93.2607	93.2607	0.2777	0.2777	0.0	-50.789	-50.789	0.0	27238.514	58486.5	0.46572309849281457	3115.735	4177.955	1062.2199999999998
clic_0369d229	clic	zenjxl	9	0.5	278825	278825	0	8.455	8.455	0.0	90.9889	90.9889	0.3154	0.3154	0.0	-30.753	-30.753	0.0	16162.939	30691.954	0.5266181162659113	2497.594	1622.918	-874.6760000000002
clic_0369d229	clic	zenjxl	9	0.75	185027	185027	0	1.364	1.364	0.0	88.5137	88.5137	-0.2052	-0.2052	0.0	4.832	4.832	0.0	15287.89	23454.046	0.6518231438618309	142.881	179.097	36.21600000000001
clic_0369d229	clic	zenjxl	9	1.0	140480	140480	0	1.553	1.553	0.0	86.0547	86.0547	-0.2756	-0.2756	0.0	-0.628	-0.628	0.0	13701.533	17386.647	0.7880491851016472	103.689	60.747	-42.94199999999999
clic_0369d229	clic	zenjxl	9	1.25	112643	112643	0	2.585	2.585	0.0	83.4256	83.4256	-0.3095	-0.3095	0.0	0.526	0.526	0.0	11414.301	21035.553	0.5426194880638507	83.208	134.96	51.75200000000001
clic_0369d229	clic	zenjxl	9	1.5	95154	95154	0	3.552	3.552	0.0	81.0007	81.0007	-0.3708	-0.3708	0.0	1.084	1.084	0.0	12059.788	20969.908	0.5750997095456977	94.498	118.311	23.813000000000002
clic_0369d229	clic	zenjxl	9	1.75	80586	80586	0	3.67	3.67	0.0	78.2385	78.2385	-0.5876	-0.5876	0.0	-3.975	-3.975	0.0	10811.192	20798.641	0.5198028082700211	62.051	113.632	51.581
clic_0369d229	clic	zenjxl	9	2.0	70783	70783	0	3.169	3.169	0.0	76.0972	76.0972	-0.5126	-0.5126	0.0	-3.015	-3.015	0.0	10380.659	17609.997	0.5894753417618414	86.329	78.783	-7.545999999999992
clic_0369d229	clic	zenjxl	9	2.25	62000	62000	0	3.101	3.101	0.0	73.4813	73.4813	-0.7235	-0.7235	0.0	-0.438	-0.438	0.0	8992.443	14872.01	0.6046555240347471	52.203	38.484	-13.719000000000001
clic_0369d229	clic	zenjxl	9	2.5	55152	55152	0	1.209	1.209	0.0	71.4564	71.4564	-0.6377	-0.6377	0.0	-2.99	-2.99	0.0	9645.454	19508.228	0.49443004254409983	77.139	71.192	-5.947000000000003
clic_0369d229	clic	zenjxl	9	2.75	50195	50194	-1	0.803	0.801	-0.0020000000000000018	69.3804	69.3804	-0.589	-0.589	0.0	-0.948	-0.948	0.0	11232.258	20034.935	0.5606336132360799	122.869	71.595	-51.274
clic_0369d229	clic	zenjxl	9	3.0	45532	45531	-1	-0.65	-0.652	-0.0020000000000000018	66.8152	66.8152	-0.9971	-0.9971	0.0	-2.162	-2.162	0.0	10660.806	25600.657	0.4164270471652349	80.786	179.293	98.507
clic_0369d229	clic	zenjxl	9	3.25	41092	41092	0	-1.368	-1.368	0.0	64.5384	64.5384	-0.5693	-0.5693	0.0	-0.735	-0.735	0.0	10356.953	22649.999	0.4572606382896529	50.402	98.191	47.789
clic_0369d229	clic	zenjxl	9	3.5	39263	39263	0	1.61	1.61	0.0	62.266	62.266	-0.8823	-0.8823	0.0	-1.516	-1.516	0.0	11316.605	15527.638	0.7288040202894992	101.801	32.293	-69.50800000000001
clic_0369d229	clic	zenjxl	9	3.75	36607	36610	3	0.679	0.688	0.008999999999999897	60.1066	60.1066	-1.2554	-1.2554	0.0	-0.142	-0.142	0.0	10675.677	16127.126	0.66197021093529	91.158	51.129	-40.029
clic_0369d229	clic	zenjxl	9	4.0	34262	34262	0	-1.279	-1.279	0.0	59.1833	59.1833	-0.5873	-0.5873	0.0	-6.669	-6.669	0.0	12316.708	19288.265	0.6385596630904854	85.334	93.411	8.076999999999998
clic_0369d229	clic	zenjxl	9	4.25	31377	31377	0	-4.852	-4.852	0.0	56.8733	56.8733	-1.4551	-1.4551	0.0	-6.779	-6.779	0.0	11398.722	16705.893	0.6823174313399469	99.604	85.019	-14.584999999999994
clic_0369d229	clic	zenjxl	9	4.5	29788	29788	0	-3.823	-3.823	0.0	55.3577	55.3577	-1.1183	-1.1183	0.0	-5.047	-5.047	0.0	12102.716	16961.532	0.7135390836157961	104.509	74.814	-29.695000000000007
clic_0369d229	clic	zenjxl	9	4.75	27669	27668	-1	-4.03	-4.034	-0.0039999999999995595	53.2836	53.2836	-1.6395	-1.6395	0.0	6.791	6.791	0.0	10916.97	19957.637	0.5470071431803274	71.138	111.086	39.94799999999999
clic_0369d229	clic	zenjxl	9	5.0	26054	26054	0	-5.006	-5.006	0.0	52.0105	52.0105	-1.1035	-1.1035	0.0	6.64	6.64	0.0	12613.15	23105.126	0.5459026711215511	91.253	140.26	49.00699999999999
clic_097cb426	clic	zenjxl	5	0.25	255188	255471	283	1.143	1.255	0.11199999999999988	94.252	94.252	-0.1076	-0.1076	0.0	0.963	0.963	0.0	6068.674	1188.014	5.1082512495643995	1351.754	-6.745	-1358.4989999999998
clic_097cb426	clic	zenjxl	5	0.5	144648	144995	347	0.459	0.7	0.24099999999999994	91.1523	91.1523	-0.2678	-0.2678	0.0	-0.256	-0.256	0.0	4809.981	1131.226	4.252007114405078	869.21	9.697	-859.513
clic_097cb426	clic	zenjxl	5	0.75	96692	97138	446	-0.53	-0.071	0.459	87.8664	87.8664	-0.3374	-0.3374	0.0	0.195	0.195	0.0	5147.002	1136.186	4.530069900526851	832.856	50.534	-782.322
clic_097cb426	clic	zenjxl	5	1.0	72804	73208	404	0.153	0.708	0.5549999999999999	84.8102	84.8102	-0.2069	-0.2069	0.0	-0.11	-0.11	0.0	5256.033	958.369	5.484352060636352	990.358	19.844	-970.5139999999999
clic_097cb426	clic	zenjxl	5	1.25	58460	59141	681	1.724	2.909	1.1849999999999998	81.7733	81.7733	-0.5643	-0.5643	0.0	0.254	0.254	0.0	5450.975	1407.984	3.871475101989796	891.019	57.082	-833.937
clic_097cb426	clic	zenjxl	5	1.5	48525	48960	435	1.515	2.425	0.9099999999999999	79.3186	79.3186	-0.56	-0.56	0.0	-0.481	-0.481	0.0	4858.184	905.153	5.367251724294125	1193.394	-13.035	-1206.429
clic_097cb426	clic	zenjxl	5	1.75	41152	41630	478	0.241	1.406	1.165	77.0899	77.0899	-0.9619	-0.9619	0.0	0.025	0.025	0.0	5017.992	902.375	5.560872142956089	1119.145	9.254	-1109.891
clic_097cb426	clic	zenjxl	5	2.0	36974	37679	705	3.216	5.184	1.968	74.6495	74.6495	-1.589	-1.589	0.0	-0.048	-0.048	0.0	4242.849	664.882	6.3813563910588655	760.264	-14.827	-775.091
clic_097cb426	clic	zenjxl	5	2.25	32444	33056	612	3.378	5.328	1.9500000000000002	72.7285	72.7285	-1.6492	-1.6492	0.0	0.659	0.659	0.0	4318.093	1228.211	3.5157582858319945	900.234	65.843	-834.3910000000001
clic_097cb426	clic	zenjxl	5	2.5	28751	29347	596	0.895	2.986	2.091	71.1452	71.1452	-1.6455	-1.6455	0.0	0.237	0.237	0.0	4807.149	1298.271	3.7027315560464653	1026.453	110.548	-915.905
clic_097cb426	clic	zenjxl	5	2.75	25185	25662	477	-1.985	-0.128	1.8570000000000002	68.9078	68.9078	-2.1939	-2.1939	0.0	-0.363	-0.363	0.0	4206.971	1337.263	3.145956330205801	873.009	29.152	-843.857
clic_097cb426	clic	zenjxl	5	3.0	23121	23678	557	-0.768	1.622	2.39	66.6478	66.6478	-2.7331	-2.7331	0.0	-0.07	-0.07	0.0	3816.595	1140.134	3.3474968731745562	766.394	78.841	-687.553
clic_097cb426	clic	zenjxl	5	3.25	21162	21610	448	1.56	3.71	2.15	65.3617	65.3617	-2.4884	-2.4884	0.0	-0.01	-0.01	0.0	3832.507	852.29	4.496717079867182	818.308	-23.606	-841.914
clic_097cb426	clic	zenjxl	5	3.5	19405	19922	517	-0.041	2.622	2.663	64.5802	64.5802	-1.7002	-1.7002	0.0	1.324	1.324	0.0	3749.74	1109.012	3.3811536755237994	825.573	45.596	-779.977
clic_097cb426	clic	zenjxl	5	3.75	18190	18742	552	-1.066	1.936	3.002	63.0193	63.0193	-1.9845	-1.9845	0.0	0.324	0.324	0.0	4061.269	1219.103	3.3313583839921646	940.215	0.888	-939.327
clic_097cb426	clic	zenjxl	5	4.0	17001	17441	440	-1.734	0.809	2.543	61.1915	61.1915	-1.255	-1.255	0.0	0.56	0.56	0.0	3999.593	1640.696	2.437741665732104	989.402	25.987	-963.4150000000001
clic_097cb426	clic	zenjxl	5	4.25	15993	16313	320	-2.743	-0.797	1.9459999999999997	60.0475	60.0475	-1.4287	-1.4287	0.0	-1.032	-1.032	0.0	4277.622	872.178	4.904528662727104	712.921	-15.285	-728.206
clic_097cb426	clic	zenjxl	5	4.5	15263	15681	418	-3.606	-0.966	2.6399999999999997	58.8892	58.8892	-1.4186	-1.4186	0.0	0.273	0.273	0.0	4122.913	981.1	4.2023371725614105	808.306	8.779	-799.527
clic_097cb426	clic	zenjxl	5	4.75	14829	15152	323	-2.824	-0.708	2.1159999999999997	56.9723	56.9723	-1.9667	-1.9667	0.0	-0.454	-0.454	0.0	3897.613	963.892	4.04362003211978	1009.217	-6.661	-1015.8779999999999
clic_097cb426	clic	zenjxl	5	5.0	14283	14776	493	-3.015	0.333	3.3480000000000003	56.2288	56.2288	-1.7594	-1.7594	0.0	0.906	0.906	0.0	3916.39	649.664	6.028331568318392	936.454	-5.758	-942.212
clic_097cb426	clic	zenjxl	6	0.25	255059	255322	263	1.283	1.387	0.10400000000000009	94.2429	94.2429	-0.1551	-0.1551	0.0	-0.067	-0.067	0.0	5489.236	1673.777	3.2795503821596306	1055.234	44.347	-1010.887
clic_097cb426	clic	zenjxl	6	0.5	144303	144589	286	0.325	0.524	0.199	91.1536	91.1536	-0.2137	-0.2137	0.0	0.005	0.005	0.0	5694.92	1443.333	3.9456729666681216	926.721	35.004	-891.717
clic_097cb426	clic	zenjxl	6	0.75	96973	97571	598	-1.58	-0.973	0.6070000000000001	87.852	87.852	-0.3477	-0.3477	0.0	2.508	2.508	0.0	5414.399	2093.11	2.5867723148807276	486.309	43.154	-443.15500000000003
clic_097cb426	clic	zenjxl	6	1.0	73939	74301	362	-0.53	-0.043	0.48700000000000004	84.8054	84.8054	-0.2953	-0.2953	0.0	1.712	1.712	0.0	5016.664	2240.521	2.2390613611744765	467.811	38.955	-428.856
clic_097cb426	clic	zenjxl	6	1.25	59543	60175	632	1.15	2.224	1.0740000000000003	81.7912	81.7912	-0.6635	-0.6635	0.0	-0.134	-0.134	0.0	5288.669	1168.462	4.526179713161404	516.173	-28.302	-544.475
clic_097cb426	clic	zenjxl	6	1.5	50069	50499	430	1.688	2.561	0.873	79.4667	79.4667	-0.6917	-0.6917	0.0	0.138	0.138	0.0	4817.525	1381.401	3.487419655842148	503.18	1.535	-501.645
clic_097cb426	clic	zenjxl	6	1.75	42711	43251	540	0.409	1.679	1.27	77.2629	77.2629	-1.1299	-1.1299	0.0	0.582	0.582	0.0	5454.819	1308.881	4.1675438790845005	524.179	-5.673	-529.852
clic_097cb426	clic	zenjxl	6	2.0	38533	39095	562	3.275	4.781	1.5059999999999998	74.7272	74.7272	-1.9262	-1.9262	0.0	1.228	1.228	0.0	4340.042	1913.736	2.2678373610571154	462.816	26.112	-436.70399999999995
clic_097cb426	clic	zenjxl	6	2.25	34009	34598	589	3.431	5.222	1.7910000000000004	72.873	72.873	-1.9748	-1.9748	0.0	-1.126	-1.126	0.0	4383.975	1917.082	2.2867957656480007	497.623	11.283	-486.34
clic_097cb426	clic	zenjxl	6	2.5	30286	30866	580	1.105	3.041	1.936	71.2658	71.2658	-1.9872	-1.9872	0.0	0.648	0.648	0.0	4619.143	1971.677	2.342748330482123	384.709	-11.911	-396.62
clic_097cb426	clic	zenjxl	6	2.75	26716	27195	479	-1.848	-0.088	1.76	69.0693	69.0693	-2.6037	-2.6037	0.0	2.253	2.253	0.0	4315.893	1477.211	2.921649649237651	329.909	-27.915	-357.824
clic_097cb426	clic	zenjxl	6	3.0	24551	25097	546	-0.599	1.611	2.21	66.6901	66.6901	-3.173	-3.173	0.0	0.659	0.659	0.0	3713.435	1166.626	3.183055237925436	333.71	-11.916	-345.626
clic_097cb426	clic	zenjxl	6	3.25	22459	22946	487	1.085	3.277	2.192	65.3163	65.3163	-2.9514	-2.9514	0.0	-3.14	-3.14	0.0	4183.587	1434.145	2.9171297184036487	370.527	-5.783	-376.31
clic_097cb426	clic	zenjxl	6	3.5	20789	21310	521	0.106	2.615	2.5090000000000003	64.633	64.633	-2.1123	-2.1123	0.0	8.94	8.94	0.0	4411.6	1614.808	2.7319656578367213	390.9	44.919	-345.981
clic_097cb426	clic	zenjxl	6	3.75	19522	20062	540	-0.641	2.107	2.748	63.0101	63.0101	-2.5961	-2.5961	0.0	0.462	0.462	0.0	4569.124	1338.195	3.4143932685445693	444.533	-32.225	-476.75800000000004
clic_097cb426	clic	zenjxl	6	4.0	18929	19312	383	-0.211	1.808	2.019	62.668	62.668	-1.8714	-1.8714	0.0	0.55	0.55	0.0	5129.715	3262.399	1.5723751141414648	402.586	66.991	-335.595
clic_097cb426	clic	zenjxl	6	4.25	17760	18079	319	-1.525	0.244	1.769	61.5076	61.5076	-2.035	-2.035	0.0	0.769	0.769	0.0	5682.12	4688.978	1.2118035102745204	493.878	214.79	-279.08799999999997
clic_097cb426	clic	zenjxl	6	4.5	16969	17390	421	-2.145	0.283	2.428	60.2129	60.2129	-2.1017	-2.1017	0.0	-0.983	-0.983	0.0	5081.488	3163.271	1.6064029923455816	462.711	65.867	-396.844
clic_097cb426	clic	zenjxl	6	4.75	16296	16620	324	0.302	2.296	1.9939999999999998	58.0988	58.0988	-2.6883	-2.6883	0.0	4.545	4.545	0.0	4682.782	3849.669	1.2164115927888866	411.012	134.055	-276.957
clic_097cb426	clic	zenjxl	6	5.0	15684	16176	492	-0.419	2.705	3.124	57.2767	57.2767	-2.5914	-2.5914	0.0	12.632	12.632	0.0	4763.004	3048.64	1.5623373045029916	476.492	123.418	-353.074
clic_097cb426	clic	zenjxl	7	0.25	254553	254802	249	0.62	0.719	0.09899999999999998	94.2436	94.2436	-0.1672	-0.1672	0.0	0.72	0.72	0.0	6593.463	2443.864	2.6979664171165005	1111.791	223.747	-888.0439999999999
clic_097cb426	clic	zenjxl	7	0.5	143368	143797	429	-0.629	-0.331	0.298	91.1329	91.1329	-0.1752	-0.1752	0.0	-1.114	-1.114	0.0	6456.737	1862.313	3.4670525309118285	1148.243	22.266	-1125.9769999999999
clic_097cb426	clic	zenjxl	7	0.75	95198	95781	583	-3.54	-2.95	0.5899999999999999	87.817	87.817	-0.2603	-0.2603	0.0	2.354	2.354	0.0	5300.99	4686.742	1.1310607667330523	497.134	114.006	-383.12800000000004
clic_097cb426	clic	zenjxl	7	1.0	71013	71404	391	-4.014	-3.486	0.528	84.6592	84.6592	-0.363	-0.363	0.0	1.556	1.556	0.0	4995.11	3022.545	1.652617248047589	469.418	35.287	-434.13100000000003
clic_097cb426	clic	zenjxl	7	1.25	57248	57870	622	-2.352	-1.291	1.061	81.6667	81.6667	-0.8109	-0.8109	0.0	-0.086	-0.086	0.0	5263.099	2051.178	2.565890917316781	588.677	5.156	-583.5210000000001
clic_097cb426	clic	zenjxl	7	1.5	48593	49103	510	-1.346	-0.311	1.0350000000000001	79.3914	79.3914	-0.7584	-0.7584	0.0	0.203	0.203	0.0	5750.907	3741.787	1.536941306386494	586.054	76.866	-509.188
clic_097cb426	clic	zenjxl	7	1.75	40182	40718	536	-5.932	-4.677	1.2550000000000008	77.1748	77.1748	-1.1746	-1.1746	0.0	0.66	0.66	0.0	5260.019	2249.143	2.338676998305577	536.245	81.616	-454.629
clic_097cb426	clic	zenjxl	7	2.0	38592	39191	599	3.237	4.839	1.6020000000000003	74.5732	74.5732	-1.9678	-1.9678	0.0	1.292	1.292	0.0	4900.219	3090.796	1.5854229784172105	382.238	104.15	-278.08799999999997
clic_097cb426	clic	zenjxl	7	2.25	33983	34663	680	3.389	5.458	2.0690000000000004	72.7419	72.7419	-2.0767	-2.0767	0.0	-1.126	-1.126	0.0	5525.038	1685.453	3.2780730165718057	576.768	-11.324	-588.092
clic_097cb426	clic	zenjxl	7	2.5	29720	30303	583	-0.808	1.138	1.946	70.9546	70.9546	-2.3363	-2.3363	0.0	1.091	1.091	0.0	5251.455	2075.982	2.5296245343167714	645.967	1.193	-644.774
clic_097cb426	clic	zenjxl	7	2.75	26923	27310	387	-0.967	0.456	1.423	68.8187	68.8187	-2.8353	-2.8353	0.0	5.837	5.837	0.0	4302.918	2453.98	1.7534446083505162	437.343	133.46	-303.88300000000004
clic_097cb426	clic	zenjxl	7	3.0	24867	25344	477	1.627	3.576	1.949	66.3501	66.3501	-3.5473	-3.5473	0.0	1.094	1.094	0.0	4442.01	3093.494	1.4359200308777065	416.221	84.481	-331.74
clic_097cb426	clic	zenjxl	7	3.25	22144	22717	573	0.664	3.268	2.6039999999999996	64.6907	64.6907	-3.644	-3.644	0.0	2.141	2.141	0.0	4747.3	3044.642	1.5592309374960998	339.772	25.4	-314.372
clic_097cb426	clic	zenjxl	7	3.5	20898	21254	356	1.57	3.3	1.7299999999999998	63.8369	63.8369	-3.0139	-3.0139	0.0	8.958	8.958	0.0	5492.507	3311.079	1.6588269262074384	346.859	48.507	-298.352
clic_097cb426	clic	zenjxl	7	3.75	19517	19973	456	0.118	2.457	2.339	62.1597	62.1597	-3.4492	-3.4492	0.0	0.464	0.464	0.0	4436.826	3945.082	1.1246473457332447	227.607	64.83	-162.777
clic_097cb426	clic	zenjxl	7	4.0	18908	19322	414	1.074	3.288	2.2139999999999995	61.6286	61.6286	-2.9194	-2.9194	0.0	0.554	0.554	0.0	5332.994	5150.213	1.0354899884723214	288.175	103.227	-184.948
clic_097cb426	clic	zenjxl	7	4.25	17530	17901	371	-2.04	0.034	2.074	60.3602	60.3602	-3.1758	-3.1758	0.0	0.772	0.772	0.0	5371.702	5402.718	0.9942591858394239	300.81	144.731	-156.079
clic_097cb426	clic	zenjxl	7	4.5	16269	16605	336	-5.06	-3.099	1.9609999999999994	59.0211	59.0211	-3.3078	-3.3078	0.0	0.68	0.68	0.0	5015.778	6077.632	0.8252849135979277	268.67	143.63	-125.04000000000002
clic_097cb426	clic	zenjxl	7	4.75	15646	16076	430	-3.157	-0.495	2.662	56.737	56.737	-4.0509	-4.0509	0.0	4.546	4.546	0.0	4888.282	6071.829	0.8050757028895248	301.254	103.233	-198.02100000000002
clic_097cb426	clic	zenjxl	7	5.0	15112	15581	469	-3.19	-0.186	3.004	55.7962	55.7962	-4.0683	-4.0683	0.0	12.635	12.635	0.0	4446.219	4012.382	1.1081245504540693	298.007	51.259	-246.748
clic_097cb426	clic	zenjxl	8	0.25	270282	270348	66	6.7	6.726	0.0259999999999998	94.4636	94.4636	0.0528	0.0528	0.0	-27.843	-27.843	0.0	8890.27	11681.473	0.7610572741982111	1156.061	694.999	-461.0619999999999
clic_097cb426	clic	zenjxl	8	0.5	148352	148362	10	2.664	2.671	0.006999999999999673	91.7073	91.7073	0.3992	0.3992	0.0	-8.695	-8.695	0.0	7317.71	12266.286	0.5965709588052978	1237.245	863.425	-373.81999999999994
clic_097cb426	clic	zenjxl	8	0.75	97549	97579	30	-3.001	-2.971	0.029999999999999805	88.4032	88.4032	-0.2276	-0.2276	0.0	0.673	0.673	0.0	7800.169	9124.887	0.8548236268569681	91.347	3.302	-88.04499999999999
clic_097cb426	clic	zenjxl	8	1.0	74466	74450	-16	-2.823	-2.844	-0.020999999999999908	85.578	85.578	-0.2438	-0.2438	0.0	0.257	0.257	0.0	8540.755	8764.278	0.9744961307708403	107.446	-21.115	-128.561
clic_097cb426	clic	zenjxl	8	1.25	60158	60088	-70	-0.769	-0.884	-0.11499999999999999	82.4801	82.4801	-0.8669	-0.8669	0.0	-4.297	-4.297	0.0	8236.116	7523.588	1.094705877036329	100.199	2.429	-97.77
clic_097cb426	clic	zenjxl	8	1.5	49558	49579	21	0.125	0.168	0.04300000000000001	80.2714	80.2714	-0.2406	-0.2406	0.0	0.514	0.514	0.0	8889.915	10160.948	0.874909998555253	111.942	48.377	-63.56499999999999
clic_097cb426	clic	zenjxl	8	1.75	39364	39487	123	-5.366	-5.07	0.2959999999999994	77.2457	77.2457	-1.1004	-1.1004	0.0	-1.729	-1.729	0.0	8608.123	11235.432	0.7661586132157623	89.809	14.909	-74.89999999999999
clic_097cb426	clic	zenjxl	8	2.0	36609	36598	-11	1.85	1.819	-0.03100000000000014	73.9698	73.9698	-2.3356	-2.3356	0.0	1.693	1.693	0.0	6774.627	8818.517	0.7682274695393795	58.395	-19.22	-77.61500000000001
clic_097cb426	clic	zenjxl	8	2.25	31818	31729	-89	2.844	2.557	-0.2869999999999999	71.6844	71.6844	-2.6645	-2.6645	0.0	5.338	5.338	0.0	8056.415	8831.815	0.9122037769133524	82.06	31.617	-50.443
clic_097cb426	clic	zenjxl	8	2.5	27771	27723	-48	-1.005	-1.176	-0.17100000000000004	70.1515	70.1515	-2.4746	-2.4746	0.0	1.709	1.709	0.0	7666.286	11388.384	0.6731671499661409	74.13	41.562	-32.568
clic_097cb426	clic	zenjxl	8	2.75	25248	25183	-65	-0.926	-1.181	-0.255	68.3919	68.3919	-2.3905	-2.3905	0.0	-2.886	-2.886	0.0	8230.176	7367.9	1.117031447223768	87.404	15.011	-72.393
clic_097cb426	clic	zenjxl	8	3.0	23247	23200	-47	1.241	1.036	-0.20500000000000007	65.7234	65.7234	-3.2168	-3.2168	0.0	-0.443	-0.443	0.0	7068.997	7472.903	0.9459505897507301	73.431	11.97	-61.461
clic_097cb426	clic	zenjxl	8	3.25	20486	20505	19	0.574	0.668	0.09400000000000008	64.0227	64.0227	-3.08	-3.08	0.0	5.671	5.671	0.0	7039.726	7657.502	0.9193240824488194	59.042	7.257	-51.785000000000004
clic_097cb426	clic	zenjxl	8	3.5	19055	19010	-45	-0.439	-0.674	-0.23500000000000004	62.5762	62.5762	-3.0348	-3.0348	0.0	-1.583	-1.583	0.0	8039.386	8782.71	0.9153650752444292	122.736	15.155	-107.581
clic_097cb426	clic	zenjxl	8	3.75	17632	17612	-20	-0.637	-0.75	-0.11299999999999999	61.2147	61.2147	-2.5522	-2.5522	0.0	1.3	1.3	0.0	6575.543	9907.488	0.6636942684159698	52.45	4.518	-47.932
clic_097cb426	clic	zenjxl	8	4.0	17357	17307	-50	0.895	0.605	-0.29000000000000004	60.5182	60.5182	-2.4372	-2.4372	0.0	-4.624	-4.624	0.0	8628.628	14876.892	0.5800020595699694	117.518	29.219	-88.299
clic_097cb426	clic	zenjxl	8	4.25	16162	16105	-57	-1.132	-1.48	-0.3480000000000001	59.5025	59.5025	-2.1773	-2.1773	0.0	-2.265	-2.265	0.0	9102.333	11851.313	0.7680442664876036	85.723	9.672	-76.051
clic_097cb426	clic	zenjxl	8	4.5	14957	14947	-10	-4.641	-4.705	-0.06400000000000006	57.2288	57.2288	-2.7966	-2.7966	0.0	-5.355	-5.355	0.0	8356.49	11005.47	0.759303328254041	70.925	34.628	-36.297
clic_097cb426	clic	zenjxl	8	4.75	14284	14222	-62	-3.656	-4.074	-0.4179999999999997	55.4616	55.4616	-3.1846	-3.1846	0.0	13.497	13.497	0.0	8548.077	10773.135	0.7934623487035111	86.521	51.865	-34.656
clic_097cb426	clic	zenjxl	8	5.0	13977	14001	24	-2.491	-2.323	0.16800000000000015	53.1158	53.1158	-4.4902	-4.4902	0.0	2.477	2.477	0.0	8241.895	9996.736	0.8244586032881133	76.077	52.677	-23.4
clic_097cb426	clic	zenjxl	9	0.25	276065	276065	0	9.041	9.041	0.0	94.5559	94.5559	0.145	0.145	0.0	-34.328	-34.328	0.0	17661.398	23776.871	0.7427974017270819	1663.823	1212.963	-450.8600000000001
clic_097cb426	clic	zenjxl	9	0.5	150336	150335	-1	4.064	4.063	-0.001000000000000334	91.762	91.762	0.4539	0.4539	0.0	-26.969	-26.969	0.0	11553.909	16926.829	0.682579649147516	1666.041	1216.68	-449.3609999999999
clic_097cb426	clic	zenjxl	9	0.75	98800	98912	112	-2.941	-2.831	0.10999999999999988	88.5292	88.5292	-0.3096	-0.3096	0.0	3.669	3.669	0.0	10309.164	20296.196	0.5079357727921036	61.998	76.967	14.969000000000001
clic_097cb426	clic	zenjxl	9	1.0	75637	75637	0	-1.966	-1.966	0.0	85.7172	85.7172	-0.1992	-0.1992	0.0	0.423	0.423	0.0	9909.151	17324.383	0.5719771376562155	50.259	46.735	-3.524000000000001
clic_097cb426	clic	zenjxl	9	1.25	61434	61432	-2	0.05	0.047	-0.0030000000000000027	82.7083	82.7083	-0.8042	-0.8042	0.0	6.126	6.126	0.0	9268.601	20683.538	0.44811487280367607	52.443	119.157	66.714
clic_097cb426	clic	zenjxl	9	1.5	50071	50070	-1	0.082	0.08	-0.0020000000000000018	79.9232	79.9232	-0.8841	-0.8841	0.0	3.363	3.363	0.0	9447.814	15465.195	0.6109081715426156	61.168	42.809	-18.359
clic_097cb426	clic	zenjxl	9	1.75	41026	41025	-1	-2.172	-2.175	-0.0029999999999996696	77.3831	77.3831	-1.2117	-1.2117	0.0	-2.704	-2.704	0.0	9583.77	17329.657	0.5530271026137448	60.763	60.665	-0.09799999999999898
clic_097cb426	clic	zenjxl	9	2.0	36864	36864	0	2.803	2.803	0.0	74.0289	74.0289	-2.3234	-2.3234	0.0	1.345	1.345	0.0	9040.632	16673.159	0.5422267010108882	33.993	31.026	-2.9670000000000023
clic_097cb426	clic	zenjxl	9	2.25	31989	31987	-2	3.514	3.508	-0.005999999999999783	71.6922	71.6922	-2.718	-2.718	0.0	4.305	4.305	0.0	8760.349	16817.434	0.5209087783546527	26.901	54.289	27.388
clic_097cb426	clic	zenjxl	9	2.5	27902	27902	0	-0.222	-0.222	0.0	70.1515	70.1515	-2.4837	-2.4837	0.0	1.71	1.71	0.0	9713.068	29181.542	0.3328497171259832	53.315	130.218	76.90299999999999
clic_097cb426	clic	zenjxl	9	2.75	25381	25380	-1	0.032	0.028	-0.004	68.3919	68.3919	-2.3859	-2.3859	0.0	0.567	0.567	0.0	8216.515	14798.47	0.5552273309335357	37.601	23.797	-13.803999999999998
clic_097cb426	clic	zenjxl	9	3.0	23446	23446	0	2.586	2.586	0.0	65.7208	65.7208	-3.2194	-3.2194	0.0	-1.857	-1.857	0.0	8627.654	14684.345	0.5875409492217734	23.222	31.021	7.7989999999999995
clic_097cb426	clic	zenjxl	9	3.25	20607	20603	-4	1.617	1.598	-0.018999999999999906	64.0227	64.0227	-3.08	-3.08	0.0	5.671	5.671	0.0	9792.751	18029.047	0.543165204461445	70.318	52.055	-18.262999999999998
clic_097cb426	clic	zenjxl	9	3.5	19166	19165	-1	0.503	0.498	-0.0050000000000000044	62.5762	62.5762	-3.0348	-3.0348	0.0	-1.583	-1.583	0.0	9507.829	19094.038	0.4979475268667633	38.198	99.733	61.535000000000004
clic_097cb426	clic	zenjxl	9	3.75	17724	17725	1	0.283	0.289	0.006000000000000005	61.2225	61.2225	-2.5445	-2.5445	0.0	-4.766	-4.766	0.0	9371.095	16340.34	0.5734944927706522	48.505	41.083	-7.422000000000004
clic_097cb426	clic	zenjxl	9	4.0	17454	17453	-1	1.784	1.779	-0.0050000000000001155	60.5182	60.5182	-2.4372	-2.4372	0.0	-4.624	-4.624	0.0	11026.266	14113.885	0.7812353579471563	59.688	19.912	-39.776
clic_097cb426	clic	zenjxl	9	4.25	16246	16243	-3	-0.018	-0.037	-0.019	59.5025	59.5025	-2.1773	-2.1773	0.0	-2.265	-2.265	0.0	10938.181	17609.479	0.6211530165088928	65.686	53.382	-12.30400000000001
clic_097cb426	clic	zenjxl	9	4.5	15002	14999	-3	-3.803	-3.822	-0.019000000000000128	57.2288	57.2288	-2.7966	-2.7966	0.0	-5.355	-5.355	0.0	10138.953	16090.636	0.6301151178859555	58.792	35.479	-23.313000000000002
clic_097cb426	clic	zenjxl	9	4.75	14288	14287	-1	-3.244	-3.25	-0.005999999999999783	55.4616	55.4616	-3.1846	-3.1846	0.0	13.497	13.497	0.0	9933.789	21639.935	0.45904892967562055	52.11	86.784	34.67400000000001
clic_097cb426	clic	zenjxl	9	5.0	14007	14006	-1	-1.905	-1.912	-0.006999999999999895	53.1158	53.1158	-4.4902	-4.4902	0.0	2.477	2.477	0.0	9761.374	16553.048	0.5897025127940184	53.494	40.157	-13.337000000000003
clic_0c49a5cc	clic	zenjxl	5	0.25	497086	497492	406	-0.918	-0.837	0.08100000000000007	93.208	93.208	-0.0846	-0.0846	0.0	-1.304	-1.304	0.0	8025.086	1692.467	4.74164991104701	1466.042	42.408	-1423.634
clic_0c49a5cc	clic	zenjxl	5	0.5	316235	316757	522	-0.36	-0.196	0.16399999999999998	90.9713	90.9713	-0.1511	-0.1511	0.0	-0.65	-0.65	0.0	8207.113	876.35	9.365108689450562	1536.399	16.111	-1520.2879999999998
clic_0c49a5cc	clic	zenjxl	5	0.75	228239	228734	495	0.264	0.481	0.21699999999999997	88.7831	88.7831	-0.2881	-0.2881	0.0	-0.491	-0.491	0.0	7378.499	864.524	8.53475322836613	1520.586	-21.916	-1542.502
clic_0c49a5cc	clic	zenjxl	5	1.0	184503	185278	775	0.261	0.682	0.42100000000000004	86.8223	86.8223	-0.1688	-0.1688	0.0	0.405	0.405	0.0	6878.94	948.048	7.255898435522251	843.075	11.944	-831.1310000000001
clic_0c49a5cc	clic	zenjxl	5	1.25	157059	157907	848	0.52	1.062	0.542	84.8215	84.8215	-0.2807	-0.2807	0.0	-1.237	-1.237	0.0	6319.247	756.164	8.356979438322904	1254.295	-25.845	-1280.14
clic_0c49a5cc	clic	zenjxl	5	1.5	139706	140151	445	1.879	2.204	0.3250000000000002	82.9721	82.9721	-0.0728	-0.0728	0.0	-2.478	-2.478	0.0	6458.429	796.482	8.10869423288913	1377.723	-4.664	-1382.387
clic_0c49a5cc	clic	zenjxl	5	1.75	126197	126645	448	2.178	2.541	0.363	81.3038	81.3038	-0.0485	-0.0485	0.0	-1.342	-1.342	0.0	5304.586	1260.447	4.208495874876136	1057.837	-2.674	-1060.511
clic_0c49a5cc	clic	zenjxl	5	2.0	114459	115063	604	2.431	2.972	0.5409999999999999	79.8108	79.8108	-0.0619	-0.0619	0.0	0.371	0.371	0.0	5643.671	625.889	9.017047751278582	995.0	3.69	-991.31
clic_0c49a5cc	clic	zenjxl	5	2.25	104919	105513	594	2.989	3.572	0.5830000000000002	78.1628	78.1628	-0.0427	-0.0427	0.0	0.71	0.71	0.0	5926.241	557.27	10.634415992247924	1250.758	-53.481	-1304.239
clic_0c49a5cc	clic	zenjxl	5	2.5	95599	96126	527	2.175	2.738	0.5630000000000002	76.353	76.353	-0.188	-0.188	0.0	-0.272	-0.272	0.0	5871.418	846.009	6.9401365706511395	1103.356	-28.159	-1131.515
clic_0c49a5cc	clic	zenjxl	5	2.75	90588	91192	604	1.973	2.653	0.6799999999999999	74.9193	74.9193	-0.219	-0.219	0.0	-0.055	-0.055	0.0	5057.033	840.624	6.015808494642076	840.426	-21.471	-861.897
clic_0c49a5cc	clic	zenjxl	5	3.0	84224	84878	654	1.615	2.405	0.7899999999999998	73.3948	73.3948	0.1315	0.1315	0.0	4.293	4.293	0.0	5506.555	715.619	7.694813860448088	965.709	-14.616	-980.3249999999999
clic_0c49a5cc	clic	zenjxl	5	3.25	79264	79704	440	3.133	3.706	0.573	71.8986	71.8986	0.1733	0.1733	0.0	0.238	0.238	0.0	5621.621	859.309	6.542025045705329	930.17	-18.383	-948.553
clic_0c49a5cc	clic	zenjxl	5	3.5	75295	75682	387	3.424	3.956	0.532	70.2722	70.2722	-0.0982	-0.0982	0.0	-2.029	-2.029	0.0	5003.666	599.456	8.34701129023648	934.643	8.07	-926.573
clic_0c49a5cc	clic	zenjxl	5	3.75	70988	71241	253	2.492	2.857	0.3650000000000002	69.0172	69.0172	0.0518	0.0518	0.0	9.41	9.41	0.0	5250.549	720.46	7.287773089415095	820.376	-17.387	-837.7629999999999
clic_0c49a5cc	clic	zenjxl	5	4.0	67150	67553	403	2.271	2.885	0.6139999999999999	66.6931	66.6931	-0.1175	-0.1175	0.0	1.487	1.487	0.0	5206.547	792.515	6.56965104761424	964.509	-32.625	-997.134
clic_0c49a5cc	clic	zenjxl	5	4.25	64790	65041	251	3.216	3.616	0.3999999999999999	65.1012	65.1012	-0.2116	-0.2116	0.0	-3.486	-3.486	0.0	5144.301	702.673	7.3210454934229725	869.357	-0.324	-869.6809999999999
clic_0c49a5cc	clic	zenjxl	5	4.5	61388	61704	316	2.096	2.621	0.5249999999999999	63.7952	63.7952	-0.0362	-0.0362	0.0	-11.889	-11.889	0.0	4993.495	764.318	6.533268874997056	930.703	20.408	-910.295
clic_0c49a5cc	clic	zenjxl	5	4.75	59008	59418	410	3.069	3.785	0.7160000000000002	62.5733	62.5733	0.2806	0.2806	0.0	-5.329	-5.329	0.0	4850.599	898.558	5.398203566158223	700.395	-3.555	-703.9499999999999
clic_0c49a5cc	clic	zenjxl	5	5.0	56575	57178	603	2.317	3.407	1.0899999999999999	61.2893	61.2893	0.0852	0.0852	0.0	-7.822	-7.822	0.0	4534.11	1253.787	3.6163319606918876	782.915	15.551	-767.3639999999999
clic_0c49a5cc	clic	zenjxl	6	0.25	495199	495658	459	-0.883	-0.791	0.09199999999999997	93.1973	93.1973	-0.0663	-0.0663	0.0	-1.872	-1.872	0.0	8151.556	2045.314	3.9854790022461097	1133.767	55.827	-1077.94
clic_0c49a5cc	clic	zenjxl	6	0.5	314459	314958	499	-0.119	0.039	0.158	91.0721	91.0721	-0.071	-0.071	0.0	-0.847	-0.847	0.0	7096.01	1194.507	5.9405344631718355	800.697	17.568	-783.129
clic_0c49a5cc	clic	zenjxl	6	0.75	227651	228122	471	0.12	0.327	0.20700000000000002	88.8029	88.8029	-0.174	-0.174	0.0	-1.703	-1.703	0.0	7781.708	1855.67	4.193476210748678	743.58	-32.139	-775.719
clic_0c49a5cc	clic	zenjxl	6	1.0	185417	186158	741	0.618	1.02	0.402	86.8693	86.8693	-0.1876	-0.1876	0.0	1.868	1.868	0.0	8274.979	1817.326	4.553381726778794	625.285	-19.051	-644.336
clic_0c49a5cc	clic	zenjxl	6	1.25	158558	159475	917	1.11	1.695	0.585	84.8069	84.8069	-0.1988	-0.1988	0.0	1.522	1.522	0.0	6382.207	2291.694	2.7849298379277516	549.158	9.159	-539.999
clic_0c49a5cc	clic	zenjxl	6	1.5	140806	141211	405	1.993	2.286	0.2929999999999999	82.9672	82.9672	-0.3106	-0.3106	0.0	-2.451	-2.451	0.0	6445.046	1177.079	5.475457467170853	538.769	-14.687	-553.456
clic_0c49a5cc	clic	zenjxl	6	1.75	127871	128072	201	3.068	3.23	0.16199999999999992	81.2906	81.2906	-0.1325	-0.1325	0.0	11.162	11.162	0.0	6488.329	1462.145	4.437541420310571	543.965	4.899	-539.066
clic_0c49a5cc	clic	zenjxl	6	2.0	115938	116384	446	2.92	3.316	0.3959999999999999	79.8473	79.8473	-0.3802	-0.3802	0.0	9.082	9.082	0.0	6638.575	1098.946	6.040856420606654	589.508	-38.345	-627.8530000000001
clic_0c49a5cc	clic	zenjxl	6	2.25	106889	107387	498	3.166	3.646	0.48	78.1765	78.1765	-0.0834	-0.0834	0.0	2.93	2.93	0.0	6719.896	1160.006	5.792983829393985	445.159	-9.09	-454.24899999999997
clic_0c49a5cc	clic	zenjxl	6	2.5	97399	98036	637	1.904	2.571	0.6670000000000003	76.5143	76.5143	-0.327	-0.327	0.0	3.499	3.499	0.0	6204.751	1078.297	5.754213356802439	652.258	-35.417	-687.6750000000001
clic_0c49a5cc	clic	zenjxl	6	2.75	92534	93138	604	2.232	2.899	0.6669999999999998	75.13	75.13	0.0514	0.0514	0.0	0.222	0.222	0.0	7208.414	1416.03	5.090580001836119	745.658	-19.216	-764.874
clic_0c49a5cc	clic	zenjxl	6	3.0	86427	87091	664	1.949	2.732	0.7830000000000001	73.7065	73.7065	-0.2883	-0.2883	0.0	-6.932	-6.932	0.0	5543.899	1254.799	4.418157011601061	519.666	-25.607	-545.273
clic_0c49a5cc	clic	zenjxl	6	3.25	81510	82027	517	2.361	3.01	0.6489999999999996	72.2899	72.2899	-0.0476	-0.0476	0.0	5.023	5.023	0.0	5931.737	1437.369	4.126801816374223	635.659	-41.801	-677.46
clic_0c49a5cc	clic	zenjxl	6	3.5	77127	77454	327	2.49	2.925	0.4349999999999996	70.6696	70.6696	-0.1437	-0.1437	0.0	0.553	0.553	0.0	5808.537	1341.276	4.330605334025212	572.02	-29.221	-601.241
clic_0c49a5cc	clic	zenjxl	6	3.75	73113	73463	350	2.27	2.76	0.48999999999999977	69.4627	69.4627	-0.04	-0.04	0.0	-2.387	-2.387	0.0	6309.694	1175.285	5.368650157195914	558.014	-48.83	-606.844
clic_0c49a5cc	clic	zenjxl	6	4.0	70777	71039	262	2.845	3.226	0.3809999999999998	68.2277	68.2277	-0.1465	-0.1465	0.0	-2.947	-2.947	0.0	6737.195	2349.849	2.867075714226744	558.375	3.241	-555.134
clic_0c49a5cc	clic	zenjxl	6	4.25	67466	67717	251	2.812	3.194	0.3820000000000001	66.6173	66.6173	-0.5745	-0.5745	0.0	-4.92	-4.92	0.0	6332.018	1549.932	4.085352131577386	496.943	-8.502	-505.445
clic_0c49a5cc	clic	zenjxl	6	4.5	64074	64388	314	1.886	2.385	0.4989999999999999	65.3898	65.3898	-0.4544	-0.4544	0.0	9.404	9.404	0.0	5939.436	2570.965	2.3101971438739928	580.246	105.426	-474.82
clic_0c49a5cc	clic	zenjxl	6	4.75	60986	61396	410	3.468	4.163	0.6950000000000003	64.1373	64.1373	-0.0838	-0.0838	0.0	0.191	0.191	0.0	5838.462	970.428	6.016378340278723	642.035	-45.635	-687.67
clic_0c49a5cc	clic	zenjxl	6	5.0	58544	59146	602	2.913	3.971	1.0580000000000003	62.8514	62.8514	-0.1534	-0.1534	0.0	-1.181	-1.181	0.0	5933.511	1375.67	4.313179032762218	578.295	-12.268	-590.563
clic_0c49a5cc	clic	zenjxl	7	0.25	494934	495367	433	-0.889	-0.802	0.08699999999999997	93.1368	93.1368	-0.098	-0.098	0.0	-0.991	-0.991	0.0	8395.149	1385.497	6.059305072475797	1089.385	3.332	-1086.0529999999999
clic_0c49a5cc	clic	zenjxl	7	0.5	314825	315486	661	-0.248	-0.039	0.209	91.0405	91.0405	-0.3088	-0.3088	0.0	-1.632	-1.632	0.0	7695.012	1185.039	6.493467303607729	1024.84	12.661	-1012.179
clic_0c49a5cc	clic	zenjxl	7	0.75	227629	228001	372	0.154	0.317	0.163	88.6812	88.6812	-0.7294	-0.7294	0.0	-2.692	-2.692	0.0	7167.6	1877.234	3.818170776791812	639.483	21.353	-618.13
clic_0c49a5cc	clic	zenjxl	7	1.0	183856	184561	705	-0.011	0.372	0.383	86.6771	86.6771	-0.8731	-0.8731	0.0	1.489	1.489	0.0	7512.601	2062.893	3.641779287631496	669.324	102.574	-566.75
clic_0c49a5cc	clic	zenjxl	7	1.25	157851	158768	917	0.874	1.46	0.586	85.1729	85.1729	-0.7358	-0.7358	0.0	0.444	0.444	0.0	7403.331	1438.648	5.14603363713709	567.518	-13.962	-581.48
clic_0c49a5cc	clic	zenjxl	7	1.5	139967	140398	431	1.494	1.807	0.31299999999999994	82.9459	82.9459	-1.1793	-1.1793	0.0	-2.018	-2.018	0.0	6795.065	1742.758	3.899029584141917	607.951	-5.684	-613.635
clic_0c49a5cc	clic	zenjxl	7	1.75	125924	126301	377	1.509	1.813	0.30400000000000005	81.1619	81.1619	-1.2465	-1.2465	0.0	0.114	0.114	0.0	6546.768	1184.059	5.529089344365442	649.611	-24.588	-674.199
clic_0c49a5cc	clic	zenjxl	7	2.0	115393	115870	477	2.409	2.832	0.42300000000000004	79.7196	79.7196	-1.1126	-1.1126	0.0	12.305	12.305	0.0	6468.465	1415.47	4.56983546101295	521.008	9.523	-511.485
clic_0c49a5cc	clic	zenjxl	7	2.25	104339	105080	741	0.697	1.412	0.715	78.124	78.124	-1.179	-1.179	0.0	3.925	3.925	0.0	6457.915	1786.017	3.6158194462874653	512.945	-2.207	-515.152
clic_0c49a5cc	clic	zenjxl	7	2.5	96540	97216	676	0.953	1.66	0.707	76.4946	76.4946	-1.1554	-1.1554	0.0	5.863	5.863	0.0	6887.73	1414.998	4.8676605903329895	555.707	6.358	-549.349
clic_0c49a5cc	clic	zenjxl	7	2.75	91003	91656	653	0.371	1.091	0.72	74.6734	74.6734	-1.5931	-1.5931	0.0	-0.255	-0.255	0.0	6003.919	1558.94	3.85128292301179	643.123	-16.212	-659.335
clic_0c49a5cc	clic	zenjxl	7	3.0	85195	85833	638	1.447	2.206	0.7589999999999999	72.9913	72.9913	-1.644	-1.644	0.0	0.104	0.104	0.0	6108.44	1652.164	3.6972358676257318	405.816	-13.099	-418.91499999999996
clic_0c49a5cc	clic	zenjxl	7	3.25	80170	80717	547	1.472	2.164	0.6920000000000002	72.2594	72.2594	-0.8059	-0.8059	0.0	2.088	2.088	0.0	6346.692	2387.856	2.657903994210706	310.15	-3.594	-313.74399999999997
clic_0c49a5cc	clic	zenjxl	7	3.5	75985	76409	424	1.842	2.41	0.5680000000000001	70.0792	70.0792	-1.4335	-1.4335	0.0	0.49	0.49	0.0	6140.579	1849.249	3.320579867827426	507.26	-19.23	-526.49
clic_0c49a5cc	clic	zenjxl	7	3.75	72343	72755	412	2.256	2.838	0.5820000000000003	69.0371	69.0371	-1.1051	-1.1051	0.0	-2.776	-2.776	0.0	6760.902	1410.96	4.791703521006974	470.936	-34.468	-505.404
clic_0c49a5cc	clic	zenjxl	7	4.0	69671	69944	273	2.442	2.844	0.4019999999999997	68.0217	68.0217	-0.9123	-0.9123	0.0	-3.367	-3.367	0.0	6125.583	2819.959	2.1722241351735967	333.455	11.098	-322.35699999999997
clic_0c49a5cc	clic	zenjxl	7	4.25	67110	67345	235	3.081	3.442	0.3610000000000002	66.1971	66.1971	-1.1595	-1.1595	0.0	-0.418	-0.418	0.0	6419.946	2771.817	2.3161507415532845	471.306	1.576	-469.72999999999996
clic_0c49a5cc	clic	zenjxl	7	4.5	63561	63890	329	1.844	2.371	0.5269999999999999	64.5934	64.5934	-1.3268	-1.3268	0.0	8.478	8.478	0.0	6346.018	2483.526	2.5552452440602598	459.389	-20.333	-479.722
clic_0c49a5cc	clic	zenjxl	7	4.75	60029	60467	438	2.266	3.012	0.746	63.5249	63.5249	-0.898	-0.898	0.0	-5.521	-5.521	0.0	6114.454	1771.694	3.451190781252293	399.445	-0.683	-400.128
clic_0c49a5cc	clic	zenjxl	7	5.0	57247	57795	548	1.063	2.03	0.9669999999999999	61.8592	61.8592	-1.2925	-1.2925	0.0	-2.993	-2.993	0.0	6190.132	1726.329	3.5857197556201625	459.022	-32.726	-491.748
clic_0c49a5cc	clic	zenjxl	8	0.25	504948	504647	-301	1.106	1.045	-0.061000000000000165	93.1579	93.1579	-0.0769	-0.0769	0.0	-18.747	-18.747	0.0	10501.672	9038.072	1.1619371919143817	1205.339	519.5	-685.8389999999999
clic_0c49a5cc	clic	zenjxl	8	0.5	311834	311906	72	-1.3	-1.277	0.02300000000000013	91.1098	91.1098	-0.2395	-0.2395	0.0	-20.184	-20.184	0.0	11340.002	6973.293	1.62620472135618	1409.364	208.196	-1201.1680000000001
clic_0c49a5cc	clic	zenjxl	8	0.75	223104	222949	-155	0.695	0.625	-0.06999999999999995	88.7712	88.7712	-0.6625	-0.6625	0.0	-3.78	-3.78	0.0	10724.173	6634.094	1.6165241252234293	141.724	-1.404	-143.128
clic_0c49a5cc	clic	zenjxl	8	1.0	178876	178948	72	1.459	1.5	0.040999999999999925	86.7201	86.7201	-0.6386	-0.6386	0.0	3.014	3.014	0.0	10043.956	6241.565	1.609204742720776	138.382	-36.614	-174.996
clic_0c49a5cc	clic	zenjxl	8	1.25	151015	151030	15	1.505	1.515	0.010000000000000009	84.7588	84.7588	-0.7321	-0.7321	0.0	-1.537	-1.537	0.0	9665.22	6440.952	1.5005887328457035	113.084	-7.394	-120.47800000000001
clic_0c49a5cc	clic	zenjxl	8	1.5	133606	133334	-272	2.279	2.071	-0.20799999999999974	82.8497	82.8497	-0.9058	-0.9058	0.0	-0.236	-0.236	0.0	10562.41	5458.741	1.9349534993508577	155.585	-34.187	-189.772
clic_0c49a5cc	clic	zenjxl	8	1.75	118887	118522	-365	2.484	2.17	-0.31400000000000006	80.783	80.783	-1.2299	-1.2299	0.0	-2.865	-2.865	0.0	9255.472	6056.486	1.5281917600403931	100.577	-32.807	-133.38400000000001
clic_0c49a5cc	clic	zenjxl	8	2.0	107057	106812	-245	1.947	1.714	-0.2330000000000001	79.1494	79.1494	-1.028	-1.028	0.0	-1.824	-1.824	0.0	8781.359	5571.003	1.5762617611227279	88.185	-44.072	-132.257
clic_0c49a5cc	clic	zenjxl	8	2.25	96901	96715	-186	1.302	1.107	-0.19500000000000006	77.1315	77.1315	-1.2187	-1.2187	0.0	-1.172	-1.172	0.0	9340.82	6241.538	1.4965574190207607	99.033	-16.66	-115.693
clic_0c49a5cc	clic	zenjxl	8	2.5	89516	89301	-215	1.29	1.047	-0.2430000000000001	75.2765	75.2765	-1.3197	-1.3197	0.0	1.439	1.439	0.0	8515.776	8789.116	0.9689001715303336	112.572	18.761	-93.811
clic_0c49a5cc	clic	zenjxl	8	2.75	83786	83827	41	1.231	1.281	0.04999999999999982	73.4292	73.4292	-1.3441	-1.3441	0.0	0.677	0.677	0.0	8807.267	11489.634	0.7665402570699815	97.482	62.507	-34.975
clic_0c49a5cc	clic	zenjxl	8	3.0	78082	78028	-54	0.097	0.028	-0.069	71.5091	71.5091	-1.4916	-1.4916	0.0	4.211	4.211	0.0	8377.321	9017.697	0.9289867468379122	84.94	27.461	-57.479
clic_0c49a5cc	clic	zenjxl	8	3.25	73003	73040	37	0.132	0.182	0.04999999999999999	70.4389	70.4389	-0.6445	-0.6445	0.0	-0.474	-0.474	0.0	8120.68	9124.961	0.8899413378314713	88.237	21.068	-67.169
clic_0c49a5cc	clic	zenjxl	8	3.5	68812	68540	-272	0.458	0.061	-0.397	68.1085	68.1085	-1.324	-1.324	0.0	-2.346	-2.346	0.0	8166.503	9249.888	0.8828758791457798	86.865	12.177	-74.68799999999999
clic_0c49a5cc	clic	zenjxl	8	3.75	65411	65180	-231	0.761	0.405	-0.356	66.6589	66.6589	-1.0752	-1.0752	0.0	1.818	1.818	0.0	8308.733	11543.574	0.7197712770758865	100.159	48.808	-51.351000000000006
clic_0c49a5cc	clic	zenjxl	8	4.0	62451	62135	-316	0.572	0.063	-0.5089999999999999	65.5135	65.5135	-0.8672	-0.8672	0.0	5.961	5.961	0.0	9241.312	10761.271	0.8587565539423735	114.913	28.707	-86.20599999999999
clic_0c49a5cc	clic	zenjxl	8	4.25	59674	59548	-126	0.818	0.605	-0.21299999999999997	63.5457	63.5457	-1.2374	-1.2374	0.0	5.953	5.953	0.0	10624.261	9715.595	1.0935265416065616	149.409	14.564	-134.845
clic_0c49a5cc	clic	zenjxl	8	4.5	56485	56293	-192	-0.24	-0.579	-0.33899999999999997	61.871	61.871	-0.9437	-0.9437	0.0	-8.639	-8.639	0.0	10374.686	11819.418	0.8777662318059992	116.609	27.109	-89.5
clic_0c49a5cc	clic	zenjxl	8	4.75	53475	53337	-138	0.105	-0.154	-0.259	61.0713	61.0713	-0.9642	-0.9642	0.0	-0.715	-0.715	0.0	9423.645	11324.976	0.8321116971903516	137.982	33.233	-104.749
clic_0c49a5cc	clic	zenjxl	8	5.0	50804	50800	-4	-0.715	-0.723	-0.008000000000000007	59.1534	59.1534	-1.1344	-1.1344	0.0	-2.096	-2.096	0.0	9420.492	10784.595	0.8735137480823342	113.674	34.519	-79.155
clic_0c49a5cc	clic	zenjxl	9	0.25	511317	511317	0	2.415	2.415	0.0	93.2303	93.2303	-0.0046	-0.0046	0.0	-28.531	-28.531	0.0	31031.024	39380.22	0.7879850341110334	3309.855	2181.373	-1128.482
clic_0c49a5cc	clic	zenjxl	9	0.5	314553	314553	0	-0.391	-0.391	0.0	91.1259	91.1259	-0.2234	-0.2234	0.0	-25.407	-25.407	0.0	21830.461	29120.17	0.7496680479543903	2447.745	2123.284	-324.4609999999998
clic_0c49a5cc	clic	zenjxl	9	0.75	224813	224813	0	1.443	1.443	0.0	88.7223	88.7223	-0.7117	-0.7117	0.0	-11.472	-11.472	0.0	17152.089	27224.322	0.6300281417476622	156.634	131.29	-25.343999999999994
clic_0c49a5cc	clic	zenjxl	9	1.0	180341	180341	0	2.421	2.421	0.0	86.7516	86.7516	-0.7114	-0.7114	0.0	-1.075	-1.075	0.0	14736.42	23693.045	0.621972397384971	111.411	54.372	-57.039
clic_0c49a5cc	clic	zenjxl	9	1.25	152166	152166	0	2.455	2.455	0.0	84.7718	84.7718	-0.7224	-0.7224	0.0	-0.318	-0.318	0.0	13196.968	17519.723	0.7532635076479234	93.53	136.277	42.746999999999986
clic_0c49a5cc	clic	zenjxl	9	1.5	134493	134493	0	3.221	3.221	0.0	82.8372	82.8372	-0.9105	-0.9105	0.0	-0.236	-0.236	0.0	13443.167	15943.874	0.8431556220276201	115.784	31.787	-83.99700000000001
clic_0c49a5cc	clic	zenjxl	9	1.75	119817	119817	0	3.511	3.511	0.0	80.786	80.786	-1.2375	-1.2375	0.0	0.053	0.053	0.0	12950.753	22144.961	0.5848171509536639	120.612	124.449	3.8370000000000033
clic_0c49a5cc	clic	zenjxl	9	2.0	107637	107637	0	2.813	2.813	0.0	79.1494	79.1494	-1.028	-1.028	0.0	-1.824	-1.824	0.0	11513.172	18564.529	0.6201704336264067	93.644	66.004	-27.64
clic_0c49a5cc	clic	zenjxl	9	2.25	97487	97486	-1	2.152	2.151	-0.001000000000000334	77.1304	77.1304	-1.2074	-1.2074	0.0	-1.172	-1.172	0.0	11429.689	15222.005	0.7508661966672591	102.935	37.147	-65.78800000000001
clic_0c49a5cc	clic	zenjxl	9	2.5	89983	89983	0	2.079	2.079	0.0	75.2805	75.2805	-1.3168	-1.3168	0.0	1.439	1.439	0.0	11817.162	16973.794	0.6962003898480209	91.423	63.845	-27.578000000000003
clic_0c49a5cc	clic	zenjxl	9	2.75	84222	84222	0	2.128	2.128	0.0	73.4292	73.4292	-1.3441	-1.3441	0.0	0.677	0.677	0.0	9904.876	15100.503	0.6559302031197238	73.998	57.972	-16.026000000000003
clic_0c49a5cc	clic	zenjxl	9	3.0	78466	78465	-1	0.332	0.331	-0.0010000000000000009	71.5164	71.5164	-1.4887	-1.4887	0.0	-0.023	-0.023	0.0	10310.453	16685.217	0.6179394010878012	52.647	82.994	30.347
clic_0c49a5cc	clic	zenjxl	9	3.25	73361	73361	0	0.397	0.397	0.0	70.4442	70.4442	-0.6372	-0.6372	0.0	-0.474	-0.474	0.0	12072.564	22328.526	0.5406789503256955	114.512	132.553	18.040999999999997
clic_0c49a5cc	clic	zenjxl	9	3.5	69153	69153	0	0.703	0.703	0.0	68.1085	68.1085	-1.3105	-1.3105	0.0	-2.351	-2.351	0.0	10109.367	12965.464	0.7797150182978411	77.066	16.358	-60.708
clic_0c49a5cc	clic	zenjxl	9	3.75	65612	65612	0	1.011	1.011	0.0	66.6589	66.6589	-1.0712	-1.0712	0.0	1.76	1.76	0.0	11327.974	14583.346	0.7767746853157019	104.766	57.57	-47.196000000000005
clic_0c49a5cc	clic	zenjxl	9	4.0	62563	62563	0	0.424	0.424	0.0	65.5135	65.5135	-0.8728	-0.8728	0.0	5.961	5.961	0.0	11585.28	16770.084	0.6908301711547779	74.018	45.571	-28.447000000000003
clic_0c49a5cc	clic	zenjxl	9	4.25	59943	59942	-1	1.194	1.192	-0.0020000000000000018	63.5457	63.5457	-1.2385	-1.2385	0.0	5.953	5.953	0.0	14179.748	16194.633	0.8755831638790456	117.731	68.164	-49.56699999999999
clic_0c49a5cc	clic	zenjxl	9	4.5	56732	56731	-1	-0.137	-0.139	-0.0020000000000000018	61.871	61.871	-0.9483	-0.9483	0.0	-8.639	-8.639	0.0	12896.055	13956.309	0.9240304868572343	128.323	37.075	-91.248
clic_0c49a5cc	clic	zenjxl	9	4.75	53686	53686	0	0.603	0.603	0.0	61.0713	61.0713	-0.9718	-0.9718	0.0	-0.715	-0.715	0.0	11738.223	15805.836	0.742651195419211	64.707	45.146	-19.560999999999993
clic_0c49a5cc	clic	zenjxl	9	5.0	51088	51088	0	-0.15	-0.15	0.0	59.1534	59.1534	-1.1395	-1.1395	0.0	-2.096	-2.096	0.0	11396.025	14718.478	0.774266537613468	58.759	49.212	-9.546999999999997
codec_wiki	screenshot	zenjxl	5	0.25	138283	141563	3280	-24.664	-22.877	1.7870000000000026	93.7015	93.7015	-0.001	-0.001	0.0	-35.796	-35.796	0.0	57114.808	6784.779	8.418079350852842	4843.998	369.669	-4474.329
codec_wiki	screenshot	zenjxl	5	0.5	110972	113585	2613	-24.363	-22.582	1.7809999999999988	92.7946	92.7946	0.1005	0.1005	0.0	-30.45	-30.45	0.0	55905.963	6333.976	8.826361672352407	3941.37	108.455	-3832.915
codec_wiki	screenshot	zenjxl	5	0.75	111183	113679	2496	-24.246	-22.545	1.700999999999997	91.1781	91.1781	-0.6859	-0.6859	0.0	-20.528	-20.528	0.0	60974.297	6092.628	10.007881163924665	3919.138	61.428	-3857.71
codec_wiki	screenshot	zenjxl	5	1.0	100013	102228	2215	-24.003	-22.32	1.6829999999999998	90.5302	90.5302	-0.6343	-0.6343	0.0	-25.408	-25.408	0.0	55696.699	7926.929	7.026264395707341	3508.313	161.631	-3346.6820000000002
codec_wiki	screenshot	zenjxl	5	1.25	92502	94692	2190	-23.377	-21.563	1.814	90.4095	90.4095	-0.0126	-0.0126	0.0	-1.676	-1.676	0.0	58297.452	5729.698	10.174611646198455	3309.156	83.002	-3226.154
codec_wiki	screenshot	zenjxl	5	1.5	88535	90646	2111	-21.307	-19.431	1.8759999999999977	89.9739	89.9739	0.4723	0.4723	0.0	3.596	3.596	0.0	60479.239	6994.164	8.647100496928582	3551.033	87.491	-3463.542
codec_wiki	screenshot	zenjxl	5	1.75	83612	85596	1984	-21.357	-19.491	1.8659999999999997	88.3299	88.3299	-0.3739	-0.3739	0.0	-2.704	-2.704	0.0	65790.13	8749.373	7.519410819495295	3874.954	190.454	-3684.5
codec_wiki	screenshot	zenjxl	5	2.0	79112	81122	2010	-20.995	-18.987	2.0080000000000027	87.295	87.295	-0.6527	-0.6527	0.0	-1.356	-1.356	0.0	65943.387	8267.87	7.975861618530528	4797.687	143.405	-4654.282
codec_wiki	screenshot	zenjxl	5	2.25	75539	77412	1873	-21.999	-20.065	1.9339999999999975	86.8051	86.8051	-0.8711	-0.8711	0.0	4.68	4.68	0.0	68098.456	7794.713	8.736493056254927	3921.937	151.296	-3770.641
codec_wiki	screenshot	zenjxl	5	2.5	72720	74554	1834	-20.891	-18.896	1.9949999999999974	86.82	86.82	0.0593	0.0593	0.0	-2.675	-2.675	0.0	68169.218	6325.122	10.777534093413532	4418.787	99.668	-4319.119000000001
codec_wiki	screenshot	zenjxl	5	2.75	70485	72124	1639	-20.788	-18.946	1.8419999999999987	85.1318	85.1318	-1.0084	-1.0084	0.0	33.192	33.192	0.0	65688.811	7970.167	8.241836212465811	3972.291	89.96	-3882.331
codec_wiki	screenshot	zenjxl	5	3.0	68149	69786	1637	-19.991	-18.069	1.9220000000000006	83.8179	83.8179	-1.9602	-1.9602	0.0	-2.633	-2.633	0.0	64700.761	6071.364	10.656709266649143	3400.04	125.993	-3274.047
codec_wiki	screenshot	zenjxl	5	3.25	66302	68091	1789	-19.284	-17.106	2.1779999999999973	84.5936	84.5936	-0.2093	-0.2093	0.0	3.034	3.034	0.0	57603.691	6153.663	9.360878390643101	3164.764	70.743	-3094.021
codec_wiki	screenshot	zenjxl	5	3.5	82465	84006	1541	5.438	7.408	1.9700000000000006	85.0656	85.0656	0.0559	0.0559	0.0	-12.816	-12.816	0.0	61576.861	5102.78	12.067316443193711	3684.367	140.366	-3544.001
codec_wiki	screenshot	zenjxl	5	3.75	76292	77942	1650	-0.717	1.43	2.147	84.5723	84.5723	0.8084	0.8084	0.0	-13.95	-13.95	0.0	59282.206	7480.251	7.925162671680401	3541.607	115.045	-3426.562
codec_wiki	screenshot	zenjxl	5	4.0	74009	75754	1745	2.01	4.415	2.4050000000000002	84.5446	84.5446	0.175	0.175	0.0	-8.327	-8.327	0.0	61929.731	5772.791	10.72786646874969	3877.005	275.484	-3601.521
codec_wiki	screenshot	zenjxl	5	4.25	71556	73251	1695	1.743	4.153	2.4099999999999993	83.8233	83.8233	0.1177	0.1177	0.0	-23.381	-23.381	0.0	69650.881	6572.85	10.59675498451965	4077.411	184.138	-3893.273
codec_wiki	screenshot	zenjxl	5	4.5	69780	71385	1605	2.846	5.212	2.3659999999999997	84.4725	84.4725	1.4589	1.4589	0.0	-20.154	-20.154	0.0	70731.348	6073.056	11.646747206019507	4657.245	62.209	-4595.036
codec_wiki	screenshot	zenjxl	5	4.75	67561	69135	1574	2.027	4.404	2.377	84.15	84.15	1.3684	1.3684	0.0	-18.748	-18.748	0.0	68626.508	5818.606	11.79432118277127	4753.187	59.179	-4694.008
codec_wiki	screenshot	zenjxl	5	5.0	66075	67685	1610	-0.664	1.756	2.42	82.6194	82.6194	0.6642	0.6642	0.0	-16.009	-16.009	0.0	71290.948	9851.629	7.236462924050429	3989.799	494.49	-3495.309
codec_wiki	screenshot	zenjxl	6	0.25	137534	140816	3282	-24.553	-22.753	1.8000000000000007	93.7773	93.7773	0.0464	0.0464	0.0	-35.882	-35.882	0.0	87897.583	9937.915	8.844670436404416	5107.464	152.019	-4955.445
codec_wiki	screenshot	zenjxl	6	0.5	109787	112317	2530	-24.78	-23.047	1.7330000000000005	92.8115	92.8115	0.0657	0.0657	0.0	-28.816	-28.816	0.0	78018.153	8043.399	9.699649737629578	4522.234	106.876	-4415.358
codec_wiki	screenshot	zenjxl	6	0.75	113621	116049	2428	-23.261	-21.621	1.6400000000000006	91.2847	91.2847	-0.6152	-0.6152	0.0	-17.538	-17.538	0.0	79201.601	11029.205	7.18107977864225	2163.569	46.421	-2117.148
codec_wiki	screenshot	zenjxl	6	1.0	101682	103898	2216	-23.134	-21.459	1.6750000000000007	90.3517	90.3517	-0.7445	-0.7445	0.0	-19.058	-19.058	0.0	72911.891	14332.3	5.087242870997677	1678.37	211.271	-1467.099
codec_wiki	screenshot	zenjxl	6	1.25	94054	96205	2151	-21.967	-20.182	1.7850000000000001	90.4059	90.4059	-0.0525	-0.0525	0.0	-0.996	-0.996	0.0	72299.882	9482.216	7.624787496931097	1648.875	65.43	-1583.445
codec_wiki	screenshot	zenjxl	6	1.5	90951	93082	2131	-18.783	-16.88	1.9030000000000022	89.9427	89.9427	0.2614	0.2614	0.0	7.843	7.843	0.0	72717.26	10414.899	6.982041784562673	1834.21	50.969	-1783.241
codec_wiki	screenshot	zenjxl	6	1.75	85929	87913	1984	-19.27	-17.406	1.8640000000000008	88.2589	88.2589	-0.5827	-0.5827	0.0	7.571	7.571	0.0	85537.183	11339.607	7.5432228824155905	1944.181	49.081	-1895.1000000000001
codec_wiki	screenshot	zenjxl	6	2.0	82475	84399	1924	-18.211	-16.303	1.9079999999999977	87.156	87.156	-1.0674	-1.0674	0.0	-9.887	-9.887	0.0	70197.676	14740.025	4.762385138424121	1781.752	66.251	-1715.501
codec_wiki	screenshot	zenjxl	6	2.25	78682	80432	1750	-19.226	-17.429	1.7970000000000006	86.9376	86.9376	-1.1485	-1.1485	0.0	2.061	2.061	0.0	68010.262	11220.08	6.061477458271242	1781.63	84.097	-1697.5330000000001
codec_wiki	screenshot	zenjxl	6	2.5	75625	77474	1849	-18.959	-16.978	1.980999999999998	86.8941	86.8941	-0.3118	-0.3118	0.0	12.28	12.28	0.0	72137.67	19661.499	3.6689811900913556	2045.035	196.625	-1848.41
codec_wiki	screenshot	zenjxl	6	2.75	73926	75617	1691	-17.587	-15.702	1.8849999999999998	85.1774	85.1774	-1.7803	-1.7803	0.0	35.605	35.605	0.0	72484.869	13355.759	5.427236969460141	1854.301	100.954	-1753.347
codec_wiki	screenshot	zenjxl	6	3.0	71039	72749	1710	-17.396	-15.407	1.9890000000000008	83.9046	83.9046	-2.456	-2.456	0.0	1.538	1.538	0.0	63697.357	15653.68	4.069161820095977	1696.769	365.139	-1331.63
codec_wiki	screenshot	zenjxl	6	3.25	69352	71138	1786	-16.251	-14.094	2.157000000000002	84.785	84.785	-0.727	-0.727	0.0	-7.509	-7.509	0.0	63185.574	9592.488	6.5869849407161105	1795.7	51.623	-1744.077
codec_wiki	screenshot	zenjxl	6	3.5	84877	86447	1570	6.088	8.051	1.963	85.1973	85.1973	-0.497	-0.497	0.0	10.823	10.823	0.0	70058.208	10049.508	6.971307252056518	1759.254	33.453	-1725.801
codec_wiki	screenshot	zenjxl	6	3.75	77784	79358	1574	-0.67	1.34	2.0100000000000002	84.6536	84.6536	0.3969	0.3969	0.0	-4.798	-4.798	0.0	71866.094	11431.96	6.286419301677053	2138.597	56.304	-2082.293
codec_wiki	screenshot	zenjxl	6	4.0	77519	79245	1726	4.17	6.489	2.319	84.4234	84.4234	-0.0799	-0.0799	0.0	7.823	7.823	0.0	67261.749	16373.686	4.107917362040532	1336.546	118.405	-1218.141
codec_wiki	screenshot	zenjxl	6	4.25	75699	77391	1692	3.788	6.108	2.32	83.5715	83.5715	-0.2577	-0.2577	0.0	-20.717	-20.717	0.0	75648.202	15469.392	4.890185858629739	1823.191	107.361	-1715.83
codec_wiki	screenshot	zenjxl	6	4.5	73392	74997	1605	3.815	6.085	2.27	84.205	84.205	1.1642	1.1642	0.0	-26.967	-26.967	0.0	65306.692	19834.004	3.2926630447387226	1744.224	120.899	-1623.3249999999998
codec_wiki	screenshot	zenjxl	6	4.75	70443	72017	1574	4.475	6.809	2.3340000000000005	83.5313	83.5313	0.9068	0.9068	0.0	-20.677	-20.677	0.0	69075.535	8527.601	8.100230651035385	1981.777	125.188	-1856.589
codec_wiki	screenshot	zenjxl	6	5.0	69016	70631	1615	3.416	5.836	2.4200000000000004	82.1429	82.1429	0.0662	0.0662	0.0	-20.308	-20.308	0.0	61621.568	9301.418	6.624964924702879	1909.951	101.093	-1808.858
codec_wiki	screenshot	zenjxl	7	0.25	145364	148637	3273	-23.458	-21.735	1.722999999999999	93.7216	93.7216	0.1178	0.1178	0.0	-34.43	-34.43	0.0	80812.091	5261.297	15.359728029039228	3067.95	109.387	-2958.5629999999996
codec_wiki	screenshot	zenjxl	7	0.5	114487	116999	2512	-23.329	-21.647	1.6820000000000022	92.943	92.943	0.1718	0.1718	0.0	-24.51	-24.51	0.0	72903.765	8736.772	8.344473794211408	4184.36	202.322	-3982.0379999999996
codec_wiki	screenshot	zenjxl	7	0.75	117497	119881	2384	-22.202	-20.623	1.5790000000000006	91.3942	91.3942	-0.6446	-0.6446	0.0	-12.056	-12.056	0.0	76192.488	10509.596	7.249801800183375	1967.545	108.729	-1858.816
codec_wiki	screenshot	zenjxl	7	1.0	104483	106703	2220	-22.852	-21.213	1.6389999999999993	90.599	90.599	-0.7012	-0.7012	0.0	-4.59	-4.59	0.0	74986.48	14740.77	5.087012415226613	2138.697	80.141	-2058.556
codec_wiki	screenshot	zenjxl	7	1.25	96950	99107	2157	-22.005	-20.27	1.7349999999999994	90.5494	90.5494	0.06	0.06	0.0	-10.937	-10.937	0.0	76339.744	8160.42	9.354879283174151	1844.998	10.027	-1834.971
codec_wiki	screenshot	zenjxl	7	1.5	93765	95899	2134	-18.358	-16.5	1.8580000000000005	90.1715	90.1715	0.1045	0.1045	0.0	1.845	1.845	0.0	75206.04	8734.067	8.61065526518173	2121.359	84.76	-2036.599
codec_wiki	screenshot	zenjxl	7	1.75	87724	89718	1994	-19.554	-17.725	1.828999999999997	88.5844	88.5844	-0.5674	-0.5674	0.0	-1.382	-1.382	0.0	70237.497	7418.285	9.468158341179937	1728.994	-3.394	-1732.388
codec_wiki	screenshot	zenjxl	7	2.0	84067	86012	1945	-19.027	-17.154	1.873000000000001	87.3352	87.3352	-0.8799	-0.8799	0.0	-1.261	-1.261	0.0	73964.319	6797.909	10.880451474122411	2124.081	-18.098	-2142.179
codec_wiki	screenshot	zenjxl	7	2.25	80281	82036	1755	-19.213	-17.447	1.7660000000000018	87.2419	87.2419	-0.8424	-0.8424	0.0	6.024	6.024	0.0	60718.018	7924.171	7.662381086930102	1562.576	26.068	-1536.508
codec_wiki	screenshot	zenjxl	7	2.5	77324	79175	1851	-18.468	-16.516	1.9520000000000017	87.0058	87.0058	0.9728	0.9728	0.0	3.244	3.244	0.0	76461.709	7596.361	10.065570738410141	2144.898	70.225	-2074.6730000000002
codec_wiki	screenshot	zenjxl	7	2.75	74582	76277	1695	-17.436	-15.559	1.8770000000000007	85.3865	85.3865	-1.7523	-1.7523	0.0	46.549	46.549	0.0	77303.587	9314.37	8.299389760123336	2102.575	55.992	-2046.5829999999999
codec_wiki	screenshot	zenjxl	7	3.0	71637	73339	1702	-0.824	1.533	2.3569999999999998	84.0321	84.0321	-2.5269	-2.5269	0.0	13.556	13.556	0.0	74605.616	9774.307	7.632829212342112	1488.653	7.491	-1481.162
codec_wiki	screenshot	zenjxl	7	3.25	70415	72203	1788	1.716	4.299	2.583	84.9413	84.9413	-1.1444	-1.1444	0.0	-6.607	-6.607	0.0	71095.632	7686.38	9.249559870836466	1472.666	17.164	-1455.502
codec_wiki	screenshot	zenjxl	7	3.5	97908	99443	1535	44.663	46.931	2.2680000000000007	86.7356	86.7356	2.6158	2.6158	0.0	-8.694	-8.694	0.0	72179.592	7670.33	9.41023293652294	1383.255	7.965	-1375.2900000000002
codec_wiki	screenshot	zenjxl	7	3.75	91429	93113	1684	40.059	42.639	2.5800000000000054	85.4251	85.4251	2.6314	2.6314	0.0	-6.245	-6.245	0.0	72415.709	7707.51	9.395473894941427	1342.428	6.752	-1335.6760000000002
codec_wiki	screenshot	zenjxl	7	4.0	89848	91607	1759	43.275	46.08	2.8049999999999997	84.8859	84.8859	0.0262	0.0262	0.0	7.28	7.28	0.0	63382.295	11641.595	5.444468305245115	1071.095	52.927	-1018.168
codec_wiki	screenshot	zenjxl	7	4.25	88075	89693	1618	42.766	45.388	2.622	84.4751	84.4751	1.5315	1.5315	0.0	-7.628	-7.628	0.0	65075.421	1714351.188	0.037959212473797986	1382.152	22393.036	21010.884
codec_wiki	screenshot	zenjxl	7	4.5	85057	86649	1592	42.039	44.697	2.6580000000000013	85.4267	85.4267	3.0163	3.0163	0.0	-26.969	-26.969	0.0	60918.253	22550.275	2.701441689735491	1188.091	169.595	-1018.4959999999999
codec_wiki	screenshot	zenjxl	7	4.75	82607	84143	1536	45.233	47.933	2.700000000000003	84.6984	84.6984	3.8521	3.8521	0.0	-22.617	-22.617	0.0	60429.265	11800.232	5.121023468013171	1593.545	36.668	-1556.8770000000002
codec_wiki	screenshot	zenjxl	7	5.0	81471	83076	1605	42.352	45.157	2.8049999999999997	84.6066	84.6066	2.769	2.769	0.0	-22.809	-22.809	0.0	63515.719	12904.257	4.9220748625821695	1652.385	76.114	-1576.271
codec_wiki	screenshot	zenjxl	8	0.25	136014	136931	917	-28.141	-27.656	0.48499999999999943	93.5529	93.5529	-0.0509	-0.0509	0.0	-42.19	-42.19	0.0	84776.744	34593.816	2.450632910806949	3637.294	619.119	-3018.1749999999997
codec_wiki	screenshot	zenjxl	8	0.5	105684	106381	697	-28.84	-28.371	0.4690000000000012	92.5693	92.5693	-0.2019	-0.2019	0.0	-36.827	-36.827	0.0	90302.102	40837.402	2.2112597172562545	4220.771	753.888	-3466.883
codec_wiki	screenshot	zenjxl	8	0.75	109602	110388	786	-25.116	-24.579	0.536999999999999	91.2066	91.2066	-0.6985	-0.6985	0.0	9.216	9.216	0.0	85675.069	39846.732	2.150115321878843	381.594	81.378	-300.216
codec_wiki	screenshot	zenjxl	8	1.0	98368	98962	594	-24.146	-23.688	0.45800000000000196	90.5877	90.5877	-0.7152	-0.7152	0.0	-12.869	-12.869	0.0	73501.136	47958.107	1.532611285095135	356.689	22.047	-334.642
codec_wiki	screenshot	zenjxl	8	1.25	89579	90292	713	-25.527	-24.934	0.593	89.3115	89.3115	-0.7772	-0.7772	0.0	13.027	13.027	0.0	75353.059	50614.624	1.4887606198556367	337.409	19.286	-318.123
codec_wiki	screenshot	zenjxl	8	1.5	86852	87584	732	-21.699	-21.039	0.6600000000000001	89.2861	89.2861	-0.4897	-0.4897	0.0	-0.455	-0.455	0.0	80437.554	42259.601	1.9034148949962872	364.061	3.151	-360.90999999999997
codec_wiki	screenshot	zenjxl	8	1.75	80737	81359	622	-22.551	-21.955	0.5960000000000001	87.4992	87.4992	-1.973	-1.973	0.0	6.412	6.412	0.0	77616.944	42275.432	1.8359822792585538	306.554	73.974	-232.57999999999998
codec_wiki	screenshot	zenjxl	8	2.0	76969	77591	622	-23.919	-23.304	0.615000000000002	87.3911	87.3911	-0.5078	-0.5078	0.0	9.475	9.475	0.0	74399.872	49102.846	1.5151845170033527	262.629	34.069	-228.56
codec_wiki	screenshot	zenjxl	8	2.25	72922	73491	569	-24.984	-24.399	0.5850000000000009	87.3397	87.3397	-0.7526	-0.7526	0.0	-1.952	-1.952	0.0	75338.144	43955.367	1.713969172410732	280.099	22.728	-257.371
codec_wiki	screenshot	zenjxl	8	2.5	70519	71153	634	-23.743	-23.057	0.6859999999999999	85.9299	85.9299	-0.014	-0.014	0.0	-0.029	-0.029	0.0	87802.143	35807.065	2.452089915775001	380.694	13.758	-366.93600000000004
codec_wiki	screenshot	zenjxl	8	2.75	69174	69635	461	-21.54	-21.017	0.5229999999999997	83.8035	83.8035	-2.7257	-2.7257	0.0	2.04	2.04	0.0	86588.104	86731.697	0.9983443999717889	312.543	116.946	-195.597
codec_wiki	screenshot	zenjxl	8	3.0	64923	65513	590	-23.182	-22.484	0.6979999999999968	84.5742	84.5742	-1.563	-1.563	0.0	28.645	28.645	0.0	85484.703	53348.999	1.6023675158366137	367.132	26.168	-340.964
codec_wiki	screenshot	zenjxl	8	3.25	63870	64366	496	-22.427	-21.824	0.602999999999998	83.7088	83.7088	0.591	0.591	0.0	-9.074	-9.074	0.0	87447.516	48824.775	1.7910480079017261	351.791	78.03	-273.76099999999997
codec_wiki	screenshot	zenjxl	8	3.5	85687	86083	396	9.232	9.737	0.5050000000000008	85.0236	85.0236	2.8681	2.8681	0.0	23.127	23.127	0.0	76112.758	48503.245	1.56923022366854	305.514	32.878	-272.636
codec_wiki	screenshot	zenjxl	8	3.75	78993	79468	475	3.676	4.3	0.6239999999999997	84.6459	84.6459	1.9141	1.9141	0.0	-10.722	-10.722	0.0	80114.411	41164.037	1.946223374544144	335.952	32.074	-303.878
codec_wiki	screenshot	zenjxl	8	4.0	88654	89161	507	21.51	22.205	0.6949999999999967	86.3688	86.3688	3.0949	3.0949	0.0	-35.554	-35.554	0.0	93507.374	48813.033	1.915623108279299	374.571	67.959	-306.612
codec_wiki	screenshot	zenjxl	8	4.25	85266	85620	354	20.432	20.932	0.5	84.9197	84.9197	3.2361	3.2361	0.0	-24.91	-24.91	0.0	82772.104	42200.471	1.961402373921372	308.259	33.736	-274.523
codec_wiki	screenshot	zenjxl	8	4.5	85515	85949	434	25.482	26.119	0.6370000000000005	84.7529	84.7529	3.4422	3.4422	0.0	-4.851	-4.851	0.0	86692.483	72286.227	1.1992946180466715	376.122	158.083	-218.03900000000002
codec_wiki	screenshot	zenjxl	8	4.75	80785	81340	555	22.91	23.754	0.8440000000000012	85.3406	85.3406	6.0475	6.0475	0.0	-14.798	-14.798	0.0	81682.161	68612.602	1.190483360476549	292.685	211.38	-81.305
codec_wiki	screenshot	zenjxl	8	5.0	79310	79755	445	21.354	22.035	0.6810000000000009	85.5407	85.5407	5.1594	5.1594	0.0	-36.179	-36.179	0.0	74918.963	52969.171	1.4143880598018044	270.336	39.089	-231.247
codec_wiki	screenshot	zenjxl	9	0.25	127423	127423	0	-32.627	-32.627	0.0	93.5529	93.5529	-0.0509	-0.0509	0.0	-42.19	-42.19	0.0	89929.853	147069.195	0.6114798751703238	4035.232	2345.327	-1689.9049999999997
codec_wiki	screenshot	zenjxl	9	0.5	102145	102145	0	-31.107	-31.107	0.0	92.5693	92.5693	-0.2019	-0.2019	0.0	-36.827	-36.827	0.0	87228.27	138116.492	0.6315557884282205	2891.763	2461.857	-429.90599999999995
codec_wiki	screenshot	zenjxl	9	0.75	109118	109125	7	-24.979	-24.974	0.004999999999999005	91.2066	91.2066	-0.6706	-0.6706	0.0	9.216	9.216	0.0	89664.447	141046.581	0.6357080502362549	219.67	147.282	-72.38799999999998
codec_wiki	screenshot	zenjxl	9	1.0	98469	98470	1	-23.802	-23.801	0.0010000000000012221	90.5877	90.5877	-0.7142	-0.7142	0.0	-12.685	-12.685	0.0	91542.594	113433.997	0.8070119754309636	232.807	106.52	-126.28699999999999
codec_wiki	screenshot	zenjxl	9	1.25	89667	89667	0	-25.306	-25.306	0.0	89.3115	89.3115	-0.8504	-0.8504	0.0	-2.732	-2.732	0.0	89304.464	123913.241	0.7207015431062772	230.279	131.078	-99.201
codec_wiki	screenshot	zenjxl	9	1.5	86736	86737	1	-21.541	-21.54	0.0010000000000012221	89.2861	89.2861	-0.5177	-0.5177	0.0	-0.455	-0.455	0.0	95415.751	131612.684	0.7249738254711073	236.41	203.796	-32.614000000000004
codec_wiki	screenshot	zenjxl	9	1.75	81015	81015	0	-22.083	-22.083	0.0	88.109	88.109	-1.3668	-1.3668	0.0	3.798	3.798	0.0	92460.175	154564.244	0.59819899225852	228.155	179.043	-49.111999999999995
codec_wiki	screenshot	zenjxl	9	2.0	76910	76910	0	-23.981	-23.981	0.0	87.3911	87.3911	-0.5169	-0.5169	0.0	9.511	9.511	0.0	85864.29	124491.959	0.6897175583846342	215.99	234.287	18.296999999999997
codec_wiki	screenshot	zenjxl	9	2.25	73026	73026	0	-24.92	-24.92	0.0	87.3397	87.3397	-0.7753	-0.7753	0.0	-1.954	-1.954	0.0	80299.29	107892.995	0.7442493370399069	183.821	137.462	-46.35900000000001
codec_wiki	screenshot	zenjxl	9	2.5	70601	70601	0	-23.815	-23.815	0.0	85.9299	85.9299	-0.0093	-0.0093	0.0	-0.029	-0.029	0.0	100872.792	117591.112	0.8578266697571497	273.713	159.519	-114.19400000000002
codec_wiki	screenshot	zenjxl	9	2.75	69139	69139	0	-21.882	-21.882	0.0	83.8035	83.8035	-2.7276	-2.7276	0.0	2.04	2.04	0.0	87339.655	163283.369	0.5348962085661032	201.03	164.98	-36.05000000000001
codec_wiki	screenshot	zenjxl	9	3.0	64888	64888	0	-23.639	-23.639	0.0	84.5742	84.5742	-1.5593	-1.5593	0.0	28.645	28.645	0.0	96644.474	132284.488	0.7305805500037161	167.416	125.508	-41.908
codec_wiki	screenshot	zenjxl	9	3.25	63808	63808	0	-22.985	-22.985	0.0	83.7088	83.7088	0.5791	0.5791	0.0	-9.074	-9.074	0.0	124142.362	127515.545	0.9735468879500142	285.623	192.491	-93.13199999999998
codec_wiki	screenshot	zenjxl	9	3.5	85495	85496	1	8.301	8.302	0.0009999999999994458	85.0073	85.0073	2.8233	2.8233	0.0	23.127	23.127	0.0	96087.574	1683231.865	0.05708516812091125	216.433	4994.556	4778.123
codec_wiki	screenshot	zenjxl	9	3.75	79279	79279	0	3.34	3.34	0.0	84.6459	84.6459	1.9163	1.9163	0.0	-10.721	-10.721	0.0	80993.001	140239.096	0.5775351047613713	186.052	159.154	-26.897999999999996
codec_wiki	screenshot	zenjxl	9	4.75	71516	71517	1	7.564	7.565	0.001000000000000334	84.4905	84.4905	5.1764	5.1764	0.0	-14.806	-14.806	0.0	80475.223	101668.604	0.7915444870276767	197.874	131.624	-66.25
codec_wiki	screenshot	zenjxl	9	5.0	70646	70646	0	7.086	7.086	0.0	82.5823	82.5823	2.1641	2.1641	0.0	-36.197	-36.197	0.0	81999.942	109814.533	0.7467130238581445	223.549	147.043	-76.506
graph	screenshot	zenjxl	5	0.25	34227	35573	1346	-2.373	1.466	3.8390000000000004	96.5746	96.5746	0.0094	0.0094	0.0	12.119	12.119	0.0	1402.369	827.956	1.6937723743773823	306.329	111.939	-194.39000000000001
graph	screenshot	zenjxl	5	0.5	27153	28302	1149	-4.522	-0.482	4.04	94.7118	94.7118	-0.2616	-0.2616	0.0	1.258	1.258	0.0	1383.775	525.815	2.631676540228027	679.869	-23.807	-703.676
graph	screenshot	zenjxl	5	0.75	27187	28030	843	-1.756	1.29	3.0460000000000003	92.6735	92.6735	-0.4503	-0.4503	0.0	-18.067	-18.067	0.0	1723.75	367.738	4.687440514714281	702.909	-29.686	-732.595
graph	screenshot	zenjxl	5	1.0	24313	25152	839	-2.767	0.588	3.355	91.6758	91.6758	-0.0485	-0.0485	0.0	-29.477	-29.477	0.0	1763.429	194.85	9.050187323582243	618.935	-54.158	-673.093
graph	screenshot	zenjxl	5	1.25	22323	23033	710	-2.757	0.335	3.092	89.7562	89.7562	-0.8471	-0.8471	0.0	-8.153	-8.153	0.0	1526.155	471.845	3.2344413949496125	536.345	-29.753	-566.0980000000001
graph	screenshot	zenjxl	5	1.5	20716	21405	689	-2.664	0.573	3.237	88.8225	88.8225	-0.4489	-0.4489	0.0	-0.404	-0.404	0.0	1715.451	451.686	3.797883928215619	617.16	-19.718	-636.8779999999999
graph	screenshot	zenjxl	5	1.75	19578	20240	662	-2.09	1.22	3.3099999999999996	88.0607	88.0607	-0.498	-0.498	0.0	-0.042	-0.042	0.0	1744.833	172.705	10.102967487912915	611.673	-67.779	-679.452
graph	screenshot	zenjxl	5	2.0	23717	24377	660	25.547	29.04	3.4929999999999986	89.7416	89.7416	3.2429	3.2429	0.0	-41.535	-41.535	0.0	1429.364	292.917	4.879757747075111	350.065	-50.691	-400.756
graph	screenshot	zenjxl	5	2.25	22629	23299	670	25.05	28.752	3.701999999999998	87.3236	87.3236	0.8676	0.8676	0.0	-48.317	-48.317	0.0	1426.16	259.729	5.490954032857325	629.279	-55.588	-684.867
graph	screenshot	zenjxl	5	2.5	21693	22317	624	24.501	28.082	3.5809999999999995	88.5453	88.5453	3.6034	3.6034	0.0	-60.075	-60.075	0.0	1420.431	271.367	5.234354214034868	277.977	-43.424	-321.40099999999995
graph	screenshot	zenjxl	5	2.75	20882	21495	613	21.217	24.775	3.558	87.6908	87.6908	6.014	6.014	0.0	-36.445	-36.445	0.0	1168.527	240.443	4.859891949443319	524.724	-63.054	-587.778
graph	screenshot	zenjxl	5	3.0	20225	20835	610	22.881	26.587	3.7059999999999995	86.7314	86.7314	4.4035	4.4035	0.0	-44.94	-44.94	0.0	1097.262	267.395	4.103524748031938	466.567	34.454	-432.113
graph	screenshot	zenjxl	5	3.25	19410	20059	649	23.851	27.993	4.1419999999999995	86.46	86.46	4.5011	4.5011	0.0	-55.067	-55.067	0.0	1367.651	304.404	4.492881171075282	721.936	94.49	-627.446
graph	screenshot	zenjxl	5	3.5	19010	19609	599	26.178	30.154	3.975999999999999	86.1533	86.1533	5.1883	5.1883	0.0	-44.462	-44.462	0.0	1209.482	237.625	5.08987690689111	602.06	36.767	-565.2929999999999
graph	screenshot	zenjxl	5	3.75	18401	18982	581	26.276	30.264	3.9879999999999995	84.5965	84.5965	3.3666	3.3666	0.0	-35.752	-35.752	0.0	1242.235	224.272	5.538966076906613	675.953	-38.135	-714.088
graph	screenshot	zenjxl	5	4.0	17928	18491	563	25.414	29.353	3.939	84.7386	84.7386	4.1064	4.1064	0.0	-24.129	-24.129	0.0	1184.02	208.083	5.6901332641301785	568.918	-42.056	-610.974
graph	screenshot	zenjxl	5	4.25	17299	17828	529	22.906	26.664	3.7580000000000027	83.263	83.263	2.9616	2.9616	0.0	-32.289	-32.289	0.0	1165.891	242.368	4.810416391602852	429.912	34.463	-395.44899999999996
graph	screenshot	zenjxl	5	4.5	17016	17581	565	25.802	29.979	4.177	83.8603	83.8603	11.0488	11.0488	0.0	-41.08	-41.08	0.0	1120.127	226.924	4.9361328021716515	531.555	-50.578	-582.1329999999999
graph	screenshot	zenjxl	5	4.75	16692	17258	566	26.301	30.584	4.283000000000001	82.2386	82.2386	8.0464	8.0464	0.0	-35.272	-35.272	0.0	1119.699	207.876	5.3863793800150095	605.903	-64.323	-670.226
graph	screenshot	zenjxl	5	5.0	16252	16793	541	23.327	27.432	4.104999999999997	81.555	81.555	5.8735	5.8735	0.0	-28.1	-28.1	0.0	1239.018	282.704	4.382739543833833	542.423	12.207	-530.216
graph	screenshot	zenjxl	6	0.25	34587	35904	1317	-1.101	2.665	3.766	96.5181	96.5181	0.0037	0.0037	0.0	-0.48	-0.48	0.0	1503.977	214.468	7.0125939534103	499.235	-28.886	-528.121
graph	screenshot	zenjxl	6	0.5	27150	28291	1141	-3.011	1.065	4.0760000000000005	94.769	94.769	-0.3038	-0.3038	0.0	-11.038	-11.038	0.0	1258.754	410.986	3.0627661282866083	692.471	44.73	-647.741
graph	screenshot	zenjxl	6	0.75	27513	28356	843	-0.04	3.023	3.063	92.594	92.594	-0.6913	-0.6913	0.0	-18.475	-18.475	0.0	1844.876	798.493	2.3104473051110026	519.895	-10.006	-529.901
graph	screenshot	zenjxl	6	1.0	24402	25247	845	-1.322	2.095	3.4170000000000003	91.7339	91.7339	-0.2085	-0.2085	0.0	-26.159	-26.159	0.0	1822.593	574.121	3.1745799230475806	471.697	24.282	-447.415
graph	screenshot	zenjxl	6	1.25	22527	23236	709	-0.27	2.869	3.1390000000000002	89.8165	89.8165	-1.1191	-1.1191	0.0	1.247	1.247	0.0	1637.4	707.034	2.3158716553942247	358.514	22.031	-336.483
graph	screenshot	zenjxl	6	1.5	21174	21893	719	-0.503	2.876	3.379	89.2266	89.2266	-0.4664	-0.4664	0.0	2.919	2.919	0.0	1499.572	741.322	2.0228348814685115	330.819	7.442	-323.377
graph	screenshot	zenjxl	6	1.75	19915	20560	645	-1.343	1.853	3.1959999999999997	88.1684	88.1684	-0.8278	-0.8278	0.0	1.278	1.278	0.0	1842.83	1219.079	1.5116575710023714	355.438	72.764	-282.674
graph	screenshot	zenjxl	6	2.0	24190	24853	663	27.002	30.482	3.4800000000000004	89.7544	89.7544	2.6643	2.6643	0.0	-41.589	-41.589	0.0	1626.432	1190.666	1.3659850873376749	376.123	48.986	-327.137
graph	screenshot	zenjxl	6	2.25	22971	23639	668	25.862	29.522	3.66	87.5027	87.5027	0.0849	0.0849	0.0	-35.231	-35.231	0.0	1538.061	543.667	2.829049767596709	328.101	16.88	-311.221
graph	screenshot	zenjxl	6	2.5	21950	22660	710	24.475	28.502	4.0269999999999975	89.0233	89.0233	2.7451	2.7451	0.0	-39.234	-39.234	0.0	1380.365	878.746	1.5708350308280208	277.643	49.061	-228.58199999999997
graph	screenshot	zenjxl	6	2.75	21214	21854	640	21.14	24.794	3.654	88.4023	88.4023	5.2559	5.2559	0.0	-38.807	-38.807	0.0	1338.058	820.949	1.629891747233994	337.661	26.139	-311.522
graph	screenshot	zenjxl	6	3.0	20518	21127	609	22.855	26.501	3.646000000000001	88.1204	88.1204	4.8784	4.8784	0.0	-54.018	-54.018	0.0	1466.775	707.422	2.073408799839417	232.865	6.251	-226.614
graph	screenshot	zenjxl	6	3.25	19785	20383	598	25.531	29.326	3.7950000000000017	86.6257	86.6257	3.0209	3.0209	0.0	-43.717	-43.717	0.0	1243.934	1202.424	1.0345219323632928	285.251	57.11	-228.14099999999996
graph	screenshot	zenjxl	6	3.5	19201	19801	600	25.161	29.072	3.910999999999998	86.9347	86.9347	4.8926	4.8926	0.0	-38.553	-38.553	0.0	1349.781	883.556	1.5276688744120348	329.201	42.89	-286.31100000000004
graph	screenshot	zenjxl	6	3.75	18556	19155	599	24.362	28.376	4.014000000000003	85.1414	85.1414	3.3182	3.3182	0.0	-27.994	-27.994	0.0	1269.736	1105.178	1.1488972817048475	264.795	32.518	-232.27700000000002
graph	screenshot	zenjxl	6	4.0	18045	18594	549	22.091	25.805	3.7139999999999986	85.5799	85.5799	4.5832	4.5832	0.0	-39.784	-39.784	0.0	1650.312	1390.984	1.1864349266418592	286.65	178.362	-108.28799999999998
graph	screenshot	zenjxl	6	4.25	17873	18402	529	22.451	26.076	3.625	83.0947	83.0947	2.991	2.991	0.0	-25.337	-25.337	0.0	1382.269	1333.12	1.036867648823812	259.523	124.21	-135.31300000000005
graph	screenshot	zenjxl	6	4.5	17465	18031	566	22.501	26.471	3.969999999999999	83.7069	83.7069	11.1149	11.1149	0.0	-44.205	-44.205	0.0	1427.761	1833.853	0.778558041456976	317.28	57.416	-259.864
graph	screenshot	zenjxl	6	4.75	17093	17657	564	26.129	30.291	4.161999999999999	81.465	81.465	7.4007	7.4007	0.0	-30.055	-30.055	0.0	1233.569	1419.003	0.8693209246210192	370.255	102.901	-267.354
graph	screenshot	zenjxl	6	5.0	16528	17069	541	22.285	26.287	4.001999999999999	80.6197	80.6197	5.3244	5.3244	0.0	-26.138	-26.138	0.0	1338.214	1140.47	1.1733881645286592	368.589	53.244	-315.345
graph	screenshot	zenjxl	7	0.25	37239	38575	1336	12.835	16.883	4.047999999999998	96.5389	96.5389	0.1036	0.1036	0.0	9.294	9.294	0.0	1446.685	650.112	2.22528579690884	401.655	-12.491	-414.14599999999996
graph	screenshot	zenjxl	7	0.5	28326	29466	1140	7.909	12.251	4.342	94.8105	94.8105	0.1757	0.1757	0.0	-50.924	-50.924	0.0	1383.012	690.111	2.004042827892904	333.02	1.948	-331.072
graph	screenshot	zenjxl	7	0.75	27809	28650	841	7.259	10.503	3.2439999999999998	92.5011	92.5011	-0.7366	-0.7366	0.0	-18.699	-18.699	0.0	1843.586	828.673	2.2247448631728077	162.088	10.763	-151.325
graph	screenshot	zenjxl	7	1.0	24938	25781	843	6.191	9.781	3.5900000000000007	91.7454	91.7454	-0.3606	-0.3606	0.0	-25.823	-25.823	0.0	1842.393	1011.997	1.8205518395805522	344.179	118.4	-225.77899999999997
graph	screenshot	zenjxl	7	1.25	22697	23405	708	5.592	8.886	3.2939999999999996	89.7171	89.7171	-1.6537	-1.6537	0.0	-5.18	-5.18	0.0	1755.417	576.398	3.0454946061575505	308.178	-2.24	-310.418
graph	screenshot	zenjxl	7	1.5	21455	22169	714	5.29	8.794	3.5040000000000004	89.9401	89.9401	-0.1469	-0.1469	0.0	-5.272	-5.272	0.0	1679.39	567.428	2.9596530308691147	293.439	-33.659	-327.098
graph	screenshot	zenjxl	7	1.75	20165	20809	644	3.874	7.191	3.3169999999999997	88.4691	88.4691	-1.0188	-1.0188	0.0	-0.6	-0.6	0.0	1715.443	662.983	2.5874615186211414	364.728	-19.099	-383.827
graph	screenshot	zenjxl	7	2.0	28132	28790	658	54.038	57.641	3.6030000000000015	91.0138	91.0138	3.0183	3.0183	0.0	-52.908	-52.908	0.0	1666.038	583.362	2.8559247945529536	222.732	-8.945	-231.677
graph	screenshot	zenjxl	7	2.25	26777	27452	675	53.714	57.589	3.875	88.644	88.644	1.0571	1.0571	0.0	-44.013	-44.013	0.0	1633.604	539.652	3.0271434183510855	255.259	5.356	-249.903
graph	screenshot	zenjxl	7	2.5	25362	25968	606	51.045	54.654	3.6090000000000018	89.9658	89.9658	4.7839	4.7839	0.0	-64.591	-64.591	0.0	1797.165	754.531	2.3818305675976204	367.978	-11.867	-379.845
graph	screenshot	zenjxl	7	2.75	24543	25144	601	47.299	50.906	3.6069999999999993	90.1843	90.1843	7.8295	7.8295	0.0	-56.865	-56.865	0.0	1195.737	1212.84	0.9858983872563571	165.765	17.293	-148.47199999999998
graph	screenshot	zenjxl	7	3.0	23679	24282	603	50.333	54.162	3.8290000000000006	89.8433	89.8433	6.703	6.703	0.0	-64.731	-64.731	0.0	1467.803	421.419	3.483001478338661	409.62	-46.167	-455.78700000000003
graph	screenshot	zenjxl	7	3.25	23094	23654	560	52.567	56.266	3.698999999999998	88.9083	88.9083	5.5504	5.5504	0.0	-57.532	-57.532	0.0	1509.061	1040.13	1.4508388374530103	246.822	57.632	-189.19
graph	screenshot	zenjxl	7	3.5	22648	23256	608	55.903	60.088	4.185000000000002	88.7814	88.7814	6.6396	6.6396	0.0	-62.575	-62.575	0.0	1637.431	1047.116	1.5637532040385211	211.942	135.475	-76.46700000000001
graph	screenshot	zenjxl	7	3.75	21929	22543	614	54.604	58.933	4.329000000000001	88.7063	88.7063	7.0432	7.0432	0.0	-62.201	-62.201	0.0	1335.364	1022.94	1.3054177175591921	354.093	36.506	-317.587
graph	screenshot	zenjxl	7	4.0	21494	22023	529	52.418	56.169	3.7509999999999977	88.0501	88.0501	7.3043	7.3043	0.0	-59.83	-59.83	0.0	1766.931	1624.849	1.0874432024145013	306.511	85.245	-221.26600000000002
graph	screenshot	zenjxl	7	4.25	21062	21593	531	52.535	56.38	3.845000000000006	86.2647	86.2647	6.872	6.872	0.0	-50.344	-50.344	0.0	1764.915	1542.731	1.1440199231103803	419.011	77.899	-341.112
graph	screenshot	zenjxl	7	4.5	20501	21058	557	51.489	55.605	4.116	86.2786	86.2786	9.3576	9.3576	0.0	-53.722	-53.722	0.0	1564.397	1276.33	1.2256994664389305	265.777	29.184	-236.593
graph	screenshot	zenjxl	7	4.75	19930	20503	573	55.109	59.569	4.460000000000001	84.532	84.532	8.4755	8.4755	0.0	-49.772	-49.772	0.0	1531.155	1334.917	1.1470038961223807	327.931	47.528	-280.40299999999996
graph	screenshot	zenjxl	7	5.0	19498	20055	557	51.112	55.429	4.317	84.0754	84.0754	11.7274	11.7274	0.0	-50.676	-50.676	0.0	1462.971	1168.805	1.2516809904132853	258.902	1.444	-257.45799999999997
graph	screenshot	zenjxl	8	0.25	35560	35689	129	-7.43	-7.094	0.3359999999999994	96.0746	96.0746	-0.2435	-0.2435	0.0	-10.743	-10.743	0.0	3145.585	3821.327	0.8231656175982845	112.025	26.69	-85.33500000000001
graph	screenshot	zenjxl	8	0.5	26574	26745	171	-12.204	-11.639	0.5650000000000013	94.5458	94.5458	-0.0657	-0.0657	0.0	8.652	8.652	0.0	2582.571	2935.515	0.8797676046622143	84.412	-19.804	-104.21600000000001
graph	screenshot	zenjxl	8	0.75	25894	26040	146	-14.221	-13.738	0.48300000000000054	92.769	92.769	0.1235	0.1235	0.0	37.292	37.292	0.0	2381.647	5133.314	0.46395895517009084	38.371	62.61	24.238999999999997
graph	screenshot	zenjxl	8	1.0	23232	23403	171	-13.491	-12.854	0.6370000000000005	90.5231	90.5231	-1.0414	-1.0414	0.0	-3.969	-3.969	0.0	2947.878	4882.351	0.6037824810219503	78.529	45.984	-32.544999999999995
graph	screenshot	zenjxl	8	1.25	21121	21278	157	-14.78	-14.146	0.6339999999999986	89.2299	89.2299	-1.4601	-1.4601	0.0	-22.493	-22.493	0.0	2896.575	5496.037	0.5270297488899729	92.441	46.334	-46.107
graph	screenshot	zenjxl	8	1.5	19580	19739	159	-14.554	-13.86	0.6940000000000008	88.8495	88.8495	-1.1368	-1.1368	0.0	12.128	12.128	0.0	2959.66	7362.74	0.4019780679475304	83.117	76.496	-6.621000000000009
graph	screenshot	zenjxl	8	1.75	18271	18482	211	-16.353	-15.387	0.9660000000000011	87.6688	87.6688	-1.1734	-1.1734	0.0	0.802	0.802	0.0	2799.001	4401.975	0.6358511804360543	69.027	30.325	-38.702
graph	screenshot	zenjxl	8	2.0	24171	24353	182	16.302	17.178	0.8760000000000012	89.3683	89.3683	2.2708	2.2708	0.0	-57.957	-57.957	0.0	3136.02	5305.698	0.5910664346142581	98.549	47.406	-51.14300000000001
graph	screenshot	zenjxl	8	2.25	23690	23798	108	20.107	20.655	0.5480000000000018	87.6183	87.6183	2.557	2.557	0.0	-41.679	-41.679	0.0	2589.849	3351.665	0.7727052077101978	70.333	-11.077	-81.41
graph	screenshot	zenjxl	8	2.5	22546	22712	166	18.457	19.33	0.8729999999999976	83.5675	83.5675	0.6409	0.6409	0.0	-56.857	-56.857	0.0	2635.185	4883.043	0.5396604125746999	65.323	33.217	-32.105999999999995
graph	screenshot	zenjxl	8	2.75	20946	21140	194	12.564	13.607	1.0429999999999993	89.0951	89.0951	6.9777	6.9777	0.0	-50.794	-50.794	0.0	2345.284	5758.307	0.4072870723981893	46.023	58.095	12.071999999999996
graph	screenshot	zenjxl	8	3.0	20681	20830	149	15.938	16.773	0.8349999999999991	87.377	87.377	7.1718	7.1718	0.0	-44.931	-44.931	0.0	2504.998	4739.592	0.528526084101754	37.241	23.121	-14.120000000000001
graph	screenshot	zenjxl	8	3.25	19446	19468	22	13.686	13.815	0.12899999999999956	87.0201	87.0201	6.2997	6.2997	0.0	-48.039	-48.039	0.0	2967.598	3341.757	0.8880352461295061	86.452	-12.374	-98.826
graph	screenshot	zenjxl	8	3.5	19011	19108	97	15.737	16.328	0.5909999999999993	86.692	86.692	6.2633	6.2633	0.0	-58.424	-58.424	0.0	2365.288	5791.454	0.4084100469415798	43.505	194.135	150.63
graph	screenshot	zenjxl	8	3.75	18895	19019	124	18.449	19.226	0.7769999999999975	85.6026	85.6026	6.9039	6.9039	0.0	-47.545	-47.545	0.0	2562.482	4295.518	0.5965478435895275	70.553	24.541	-46.012
graph	screenshot	zenjxl	8	4.0	21026	21092	66	34.817	35.24	0.4230000000000018	87.0342	87.0342	8.8154	8.8154	0.0	-60.598	-60.598	0.0	2486.04	3059.274	0.8126241716171876	91.992	52.715	-39.277
graph	screenshot	zenjxl	8	4.25	20337	20399	62	34.95	35.362	0.41199999999999903	87.0061	87.0061	16.1972	16.1972	0.0	-61.302	-61.302	0.0	1992.311	4606.985	0.43245441432954523	80.77	86.384	5.614000000000004
graph	screenshot	zenjxl	8	4.5	20082	20246	164	35.369	36.475	1.1060000000000016	86.3392	86.3392	16.5565	16.5565	0.0	-59.284	-59.284	0.0	2616.219	4039.928	0.6475905016129001	106.998	57.204	-49.794000000000004
graph	screenshot	zenjxl	8	4.75	19349	19413	64	36.858	37.311	0.45300000000000296	84.2903	84.2903	14.2917	14.2917	0.0	-49.253	-49.253	0.0	2463.773	4144.195	0.5945118412622958	55.945	57.825	1.8800000000000026
graph	screenshot	zenjxl	8	5.0	19187	19259	72	37.04	37.554	0.5140000000000029	83.2486	83.2486	15.6527	15.6527	0.0	-50.518	-50.518	0.0	2424.807	3636.111	0.6668682556720628	68.14	19.188	-48.952
graph	screenshot	zenjxl	9	0.25	33852	33852	0	-10.794	-10.794	0.0	96.0746	96.0746	-0.2243	-0.2243	0.0	-10.743	-10.743	0.0	3404.277	7268.616	0.46835284736461524	79.209	83.248	4.0390000000000015
graph	screenshot	zenjxl	9	0.5	25261	25261	0	-16.057	-16.057	0.0	94.5458	94.5458	-0.0859	-0.0859	0.0	8.652	8.652	0.0	3197.686	8079.161	0.395794315771155	51.031	61.666	10.634999999999998
graph	screenshot	zenjxl	9	0.75	26144	26146	2	-13.479	-13.473	0.005999999999998451	92.772	92.772	0.1372	0.1372	0.0	31.183	31.183	0.0	3405.726	8994.406	0.3786493516080995	57.249	38.798	-18.451
graph	screenshot	zenjxl	9	1.0	23461	23461	0	-12.687	-12.687	0.0	90.5231	90.5231	-1.043	-1.043	0.0	-3.969	-3.969	0.0	3326.014	10078.305	0.33001720031294945	56.414	118.447	62.033
graph	screenshot	zenjxl	9	1.25	21134	21134	0	-14.83	-14.83	0.0	89.2299	89.2299	-1.4925	-1.4925	0.0	2.942	2.942	0.0	2860.058	5182.786	0.5518379497050429	38.994	13.408	-25.586
graph	screenshot	zenjxl	9	1.5	19547	19547	0	-14.987	-14.987	0.0	88.8495	88.8495	-1.1393	-1.1393	0.0	12.128	12.128	0.0	3460.161	8568.081	0.40384317095041466	75.481	75.73	0.24900000000000944
graph	screenshot	zenjxl	9	1.75	18390	18390	0	-16.177	-16.177	0.0	87.6688	87.6688	-1.1821	-1.1821	0.0	0.802	0.802	0.0	3621.79	10496.312	0.34505357691349114	80.184	142.557	62.37299999999999
graph	screenshot	zenjxl	9	2.0	24403	24403	0	17.164	17.164	0.0	89.3683	89.3683	2.2795	2.2795	0.0	-57.957	-57.957	0.0	3289.349	8902.215	0.36949781599298603	92.002	98.653	6.6510000000000105
graph	screenshot	zenjxl	9	2.25	23908	23908	0	21.502	21.502	0.0	87.6183	87.6183	2.5339	2.5339	0.0	-41.679	-41.679	0.0	3581.997	10840.131	0.3304385343682655	111.731	145.439	33.708
graph	screenshot	zenjxl	9	2.5	22662	22662	0	18.513	18.513	0.0	83.5675	83.5675	0.5281	0.5281	0.0	-49.541	-49.541	0.0	2973.73	8882.501	0.3347852142093764	50.496	43.11	-7.386000000000003
graph	screenshot	zenjxl	9	2.75	21112	21112	0	13.159	13.159	0.0	89.0951	89.0951	6.9618	6.9618	0.0	-50.794	-50.794	0.0	2915.653	12734.233	0.22896180712258052	63.999	160.344	96.345
graph	screenshot	zenjxl	9	3.0	20748	20748	0	15.523	15.523	0.0	87.377	87.377	7.1798	7.1798	0.0	-44.931	-44.931	0.0	3364.367	7498.053	0.4486987488618712	93.435	79.974	-13.460999999999999
graph	screenshot	zenjxl	9	3.25	19575	19575	0	14.534	14.534	0.0	87.0201	87.0201	6.2858	6.2858	0.0	-48.039	-48.039	0.0	2837.379	10191.444	0.27840794690134196	28.495	110.986	82.491
graph	screenshot	zenjxl	9	3.5	19128	19128	0	15.591	15.591	0.0	86.692	86.692	6.2603	6.2603	0.0	-58.424	-58.424	0.0	2801.755	9353.541	0.29953950060196455	65.463	65.508	0.045000000000001705
graph	screenshot	zenjxl	9	3.75	19000	19000	0	18.476	18.476	0.0	85.6026	85.6026	6.8876	6.8876	0.0	-47.545	-47.545	0.0	2979.963	11194.118	0.2662079317012738	58.094	128.698	70.60400000000001
graph	screenshot	zenjxl	9	4.0	18537	18537	0	18.025	18.025	0.0	85.7145	85.7145	7.4968	7.4968	0.0	-51.797	-51.797	0.0	3266.803	10669.561	0.30617970130167493	58.553	51.622	-6.930999999999997
graph	screenshot	zenjxl	9	4.25	18014	18014	0	18.373	18.373	0.0	84.6736	84.6736	13.8583	13.8583	0.0	-59.133	-59.133	0.0	3586.834	8997.318	0.3986559105724617	82.293	54.212	-28.081000000000003
graph	screenshot	zenjxl	9	4.5	17814	17814	0	19.637	19.637	0.0	84.5492	84.5492	14.7558	14.7558	0.0	-55.009	-55.009	0.0	3494.346	7737.682	0.4516011384287956	106.393	95.623	-10.769999999999996
graph	screenshot	zenjxl	9	4.75	17195	17195	0	20.186	20.186	0.0	82.0426	82.0426	12.0212	12.0212	0.0	-31.237	-31.237	0.0	2966.725	3956.931	0.7497540391783429	28.988	-0.277	-29.265
graph	screenshot	zenjxl	9	5.0	17156	17156	0	21.004	21.004	0.0	80.9649	80.9649	13.358	13.358	0.0	-34.263	-34.263	0.0	3079.414	5196.735	0.5925670637429079	48.958	22.194	-26.764
imac_dark	screenshot	zenjxl	5	0.25	394172	401905	7733	-51.254	-50.298	0.955999999999996	94.8816	94.8816	-0.0875	-0.0875	0.0	-0.004	-0.004	0.0	177902.545	8723.528	20.393417089966356	7633.114	122.779	-7510.334999999999
imac_dark	screenshot	zenjxl	5	0.5	308019	314196	6177	-53.155	-52.216	0.9390000000000001	93.6958	93.6958	0.27	0.27	0.0	-14.863	-14.863	0.0	174413.373	15572.613	11.200006896723112	7874.353	280.435	-7593.918
imac_dark	screenshot	zenjxl	5	0.75	292327	297048	4721	-57.041	-56.347	0.6939999999999955	92.3649	92.3649	0.6329	0.6329	0.0	-31.308	-31.308	0.0	144458.125	10484.507	13.77824679787042	6014.332	95.416	-5918.916
imac_dark	screenshot	zenjxl	5	1.0	260543	266190	5647	-57.321	-56.396	0.9249999999999972	90.6716	90.6716	0.5468	0.5468	0.0	-6.209	-6.209	0.0	122955.178	8032.192	15.307798668159327	6405.604	33.967	-6371.637000000001
imac_dark	screenshot	zenjxl	5	1.25	237186	241082	3896	-57.463	-56.764	0.6989999999999981	89.6948	89.6948	0.8115	0.8115	0.0	-12.265	-12.265	0.0	125623.188	10405.905	12.07229818069644	5849.453	165.899	-5683.554
imac_dark	screenshot	zenjxl	5	1.5	219475	224542	5067	-57.509	-56.528	0.9810000000000016	87.1975	87.1975	-0.0945	-0.0945	0.0	1.43	1.43	0.0	116408.265	8090.517	14.388235634385294	5595.583	82.905	-5512.678
imac_dark	screenshot	zenjxl	5	1.75	206396	211655	5259	-57.31	-56.222	1.088000000000001	86.746	86.746	0.5497	0.5497	0.0	12.941	12.941	0.0	166465.984	7462.396	22.30731041343826	8098.492	85.465	-8013.027
imac_dark	screenshot	zenjxl	5	2.0	247550	251547	3997	-46.089	-45.218	0.8709999999999951	89.8716	89.8716	5.1346	5.1346	0.0	-37.132	-37.132	0.0	111521.037	5853.509	19.051997186644797	5176.246	77.903	-5098.343
imac_dark	screenshot	zenjxl	5	2.25	234908	238895	3987	-46.0	-45.084	0.9159999999999968	89.1565	89.1565	5.9395	5.9395	0.0	-36.971	-36.971	0.0	145571.019	8451.256	17.224779251746725	5828.823	134.486	-5694.337
imac_dark	screenshot	zenjxl	5	2.5	223557	227669	4112	-45.857	-44.861	0.9960000000000022	88.2055	88.2055	6.0071	6.0071	0.0	-33.497	-33.497	0.0	121145.511	11869.612	10.206358135379658	5370.271	223.963	-5146.308
imac_dark	screenshot	zenjxl	5	2.75	213641	217727	4086	-45.656	-44.617	1.0390000000000015	87.5454	87.5454	6.639	6.639	0.0	-38.173	-38.173	0.0	126090.158	8906.259	14.15747711805821	6271.618	116.57	-6155.048000000001
imac_dark	screenshot	zenjxl	5	3.0	207877	211500	3623	-44.974	-44.015	0.9589999999999961	86.8887	86.8887	7.7186	7.7186	0.0	-49.706	-49.706	0.0	98719.773	8105.473	12.179396933405368	4668.089	93.768	-4574.321
imac_dark	screenshot	zenjxl	5	3.25	200530	203723	3193	-44.868	-43.99	0.8780000000000001	85.9238	85.9238	7.7725	7.7725	0.0	-40.146	-40.146	0.0	101792.86	10453.744	9.737454829580674	4839.482	160.827	-4678.655
imac_dark	screenshot	zenjxl	5	3.5	193517	196981	3464	-45.313	-44.334	0.9789999999999992	84.8513	84.8513	8.0696	8.0696	0.0	-38.477	-38.477	0.0	96205.8	9726.505	9.891096544956284	4460.318	141.234	-4319.084
imac_dark	screenshot	zenjxl	5	3.75	187690	190672	2982	-45.213	-44.342	0.8710000000000022	84.729	84.729	8.7253	8.7253	0.0	-35.689	-35.689	0.0	109987.253	5860.171	18.768608117408178	4302.96	132.876	-4170.084
imac_dark	screenshot	zenjxl	5	4.0	181868	185111	3243	-44.957	-43.976	0.9810000000000016	83.6542	83.6542	9.9364	9.9364	0.0	-39.805	-39.805	0.0	98959.863	8582.902	11.529883831832171	4362.629	183.999	-4178.63
imac_dark	screenshot	zenjxl	5	4.25	179172	181351	2179	-44.082	-43.402	0.6799999999999997	82.7603	82.7603	9.4491	9.4491	0.0	-41.62	-41.62	0.0	122154.102	7581.491	16.112147597352553	5466.987	166.508	-5300.479
imac_dark	screenshot	zenjxl	5	4.5	174590	177169	2579	-43.926	-43.097	0.8290000000000006	80.6055	80.6055	8.1901	8.1901	0.0	-40.599	-40.599	0.0	106389.616	8762.579	12.14135883967494	5034.506	68.298	-4966.2080000000005
imac_dark	screenshot	zenjxl	5	4.75	169037	173333	4296	-44.015	-42.592	1.4230000000000018	78.5227	78.5227	7.2382	7.2382	0.0	-40.548	-40.548	0.0	129482.276	9980.004	12.974170751835368	6804.932	172.542	-6632.389999999999
imac_dark	screenshot	zenjxl	5	5.0	168295	172078	3783	-42.841	-41.556	1.2850000000000037	76.6997	76.6997	6.1525	6.1525	0.0	-45.91	-45.91	0.0	126951.416	10995.622	11.545632980107902	5588.573	289.25	-5299.323
imac_dark	screenshot	zenjxl	6	0.25	394292	401982	7690	-51.262	-50.312	0.9500000000000028	94.9618	94.9618	0.0622	0.0622	0.0	-0.003	-0.003	0.0	163775.477	14959.598	10.947852809948504	6663.931	165.833	-6498.098
imac_dark	screenshot	zenjxl	6	0.5	308655	314449	5794	-53.393	-52.518	0.875	93.6104	93.6104	0.0115	0.0115	0.0	-21.269	-21.269	0.0	183158.046	8903.14	20.57229763881058	7552.762	141.943	-7410.8189999999995
imac_dark	screenshot	zenjxl	6	0.75	298465	303214	4749	-56.089	-55.39	0.6989999999999981	92.4049	92.4049	0.7847	0.7847	0.0	-28.365	-28.365	0.0	154038.695	7860.652	19.596172811110325	3127.581	8.694	-3118.887
imac_dark	screenshot	zenjxl	6	1.0	268610	273737	5127	-56.204	-55.369	0.8350000000000009	90.5579	90.5579	0.4676	0.4676	0.0	-15.581	-15.581	0.0	174585.894	9572.279	18.238696761763837	4225.812	40.981	-4184.831
imac_dark	screenshot	zenjxl	6	1.25	242642	247034	4392	-56.568	-55.782	0.7860000000000014	89.7697	89.7697	0.8011	0.8011	0.0	-2.081	-2.081	0.0	118557.465	14873.254	7.971185390903698	2922.629	128.314	-2794.315
imac_dark	screenshot	zenjxl	6	1.5	227020	232135	5115	-56.105	-55.116	0.9889999999999972	87.0413	87.0413	-0.4677	-0.4677	0.0	1.104	1.104	0.0	86445.28	22877.906	3.778548613671199	2621.172	394.066	-2227.106
imac_dark	screenshot	zenjxl	6	1.75	213079	218508	5429	-56.099	-54.98	1.1189999999999998	86.6592	86.6592	0.4876	0.4876	0.0	2.271	2.271	0.0	132743.359	21697.262	6.11797742037682	3175.667	161.508	-3014.159
imac_dark	screenshot	zenjxl	6	2.0	251555	255622	4067	-45.635	-44.757	0.8780000000000001	89.8463	89.8463	4.9428	4.9428	0.0	-43.53	-43.53	0.0	88813.108	16089.172	5.520054605668955	2100.38	82.382	-2017.998
imac_dark	screenshot	zenjxl	6	2.25	241234	245154	3920	-45.048	-44.156	0.892000000000003	89.0661	89.0661	5.4974	5.4974	0.0	-43.063	-43.063	0.0	104051.228	22521.345	4.620116072108482	2485.127	110.184	-2374.9429999999998
imac_dark	screenshot	zenjxl	6	2.5	228771	232668	3897	-45.288	-44.356	0.931999999999995	88.1406	88.1406	5.5857	5.5857	0.0	-26.42	-26.42	0.0	121241.113	15399.804	7.872899745996767	3131.096	46.327	-3084.7690000000002
imac_dark	screenshot	zenjxl	6	2.75	221402	225217	3815	-44.631	-43.677	0.9540000000000006	87.5125	87.5125	6.4579	6.4579	0.0	-32.73	-32.73	0.0	120492.963	11296.657	10.666249581624015	2238.529	96.136	-2142.393
imac_dark	screenshot	zenjxl	6	3.0	214626	218262	3636	-44.347	-43.404	0.9429999999999978	86.7442	86.7442	7.3221	7.3221	0.0	-29.728	-29.728	0.0	95008.545	10406.711	9.129545828648457	1727.413	51.358	-1676.055
imac_dark	screenshot	zenjxl	6	3.25	207626	210741	3115	-44.18	-43.342	0.838000000000001	85.9044	85.9044	7.3054	7.3054	0.0	-41.169	-41.169	0.0	102959.408	15947.595	6.456108773768082	2016.627	121.856	-1894.771
imac_dark	screenshot	zenjxl	6	3.5	199519	203204	3685	-44.734	-43.713	1.0210000000000008	84.9067	84.9067	7.5056	7.5056	0.0	-36.465	-36.465	0.0	105382.044	16325.718	6.454971475067742	2109.834	94.156	-2015.6779999999999
imac_dark	screenshot	zenjxl	6	3.75	194994	197715	2721	-44.368	-43.592	0.7760000000000034	84.8581	84.8581	8.3586	8.3586	0.0	-29.729	-29.729	0.0	101267.975	11456.467	8.839372120567361	2110.696	61.235	-2049.461
imac_dark	screenshot	zenjxl	6	4.0	190489	193753	3264	-44.197	-43.241	0.9560000000000031	84.4852	84.4852	9.3154	9.3154	0.0	-38.07	-38.07	0.0	106152.434	13782.45	7.702000297479765	2192.613	76.601	-2116.0119999999997
imac_dark	screenshot	zenjxl	6	4.25	185918	188052	2134	-43.627	-42.98	0.6470000000000056	82.6431	82.6431	8.2746	8.2746	0.0	-48.557	-48.557	0.0	124955.835	14030.562	8.90597504219717	2600.852	124.074	-2476.778
imac_dark	screenshot	zenjxl	6	4.5	179847	183612	3765	-43.373	-42.188	1.1849999999999952	80.4305	80.4305	7.0238	7.0238	0.0	-36.592	-36.592	0.0	109833.863	13411.781	8.18935702871975	1962.873	67.016	-1895.857
imac_dark	screenshot	zenjxl	6	4.75	175332	179637	4305	-42.492	-41.08	1.411999999999999	78.2354	78.2354	5.7291	5.7291	0.0	-37.165	-37.165	0.0	135163.25	13035.684	10.368711760733078	3020.539	138.153	-2882.3860000000004
imac_dark	screenshot	zenjxl	6	5.0	175837	179629	3792	-40.717	-39.438	1.2789999999999964	76.337	76.337	4.2293	4.2293	0.0	-40.988	-40.988	0.0	114418.956	12961.615	8.827523113439183	2442.759	81.322	-2361.437
imac_dark	screenshot	zenjxl	7	0.25	403115	410813	7698	-50.101	-49.148	0.9529999999999959	94.9016	94.9016	-0.0692	-0.0692	0.0	-2.601	-2.601	0.0	160112.033	7371.744	21.71969523087074	6124.016	65.226	-6058.79
imac_dark	screenshot	zenjxl	7	0.5	313944	319767	5823	-52.594	-51.714	0.8800000000000026	93.7056	93.7056	0.0252	0.0252	0.0	-21.737	-21.737	0.0	180051.101	8013.912	22.46731696080516	7365.426	80.539	-7284.887000000001
imac_dark	screenshot	zenjxl	7	0.75	299995	304757	4762	-55.933	-55.234	0.6989999999999981	92.2617	92.2617	-0.1348	-0.1348	0.0	-22.084	-22.084	0.0	168291.194	13771.146	12.220565666793451	3033.948	44.05	-2989.8979999999997
imac_dark	screenshot	zenjxl	7	1.0	269389	274518	5129	-56.126	-55.291	0.8350000000000009	90.5359	90.5359	-0.3335	-0.3335	0.0	-15.177	-15.177	0.0	164590.868	15638.202	10.524922750070628	2849.217	115.531	-2733.686
imac_dark	screenshot	zenjxl	7	1.25	243304	247705	4401	-56.56	-55.774	0.7860000000000014	89.7477	89.7477	0.0827	0.0827	0.0	-6.924	-6.924	0.0	125298.851	14444.524	8.674488062050367	2442.555	111.549	-2331.006
imac_dark	screenshot	zenjxl	7	1.5	227173	232319	5146	-56.082	-55.087	0.9949999999999974	87.1372	87.1372	-0.9464	-0.9464	0.0	0.724	0.724	0.0	103079.713	10928.712	9.432009279776063	1930.694	45.161	-1885.533
imac_dark	screenshot	zenjxl	7	1.75	213538	218966	5428	-56.015	-54.897	1.118000000000002	86.4159	86.4159	-0.6107	-0.6107	0.0	2.026	2.026	0.0	175867.793	11416.921	15.404135055327089	3657.509	56.768	-3600.741
imac_dark	screenshot	zenjxl	7	2.0	291551	295521	3970	-36.888	-36.029	0.8589999999999947	91.0874	91.0874	5.1782	5.1782	0.0	-58.397	-58.397	0.0	140346.958	12922.459	10.86070058337968	2701.799	120.493	-2581.306
imac_dark	screenshot	zenjxl	7	2.25	277727	281239	3512	-36.842	-36.044	0.7980000000000018	90.4782	90.4782	6.2947	6.2947	0.0	-53.513	-53.513	0.0	132562.406	16936.157	7.827183345076453	2433.312	132.754	-2300.558
imac_dark	screenshot	zenjxl	7	2.5	264159	268471	4312	-36.842	-35.811	1.0309999999999988	89.6334	89.6334	6.3787	6.3787	0.0	-45.359	-45.359	0.0	112862.809	11547.831	9.773507163379858	2333.972	83.335	-2250.637
imac_dark	screenshot	zenjxl	7	2.75	255712	260186	4474	-35.979	-34.859	1.1199999999999974	89.1857	89.1857	7.1596	7.1596	0.0	-52.83	-52.83	0.0	104986.644	16691.372	6.289875032441911	2011.594	167.875	-1843.719
imac_dark	screenshot	zenjxl	7	3.0	247058	250556	3498	37.452	39.398	1.946000000000005	88.5791	88.5791	6.9912	6.9912	0.0	-46.959	-46.959	0.0	122472.238	15401.977	7.951721912063626	1558.782	60.807	-1497.975
imac_dark	screenshot	zenjxl	7	3.25	240264	243510	3246	38.211	40.079	1.868000000000002	87.6778	87.6778	6.4665	6.4665	0.0	-51.846	-51.846	0.0	92582.136	11672.469	7.931666899265272	1273.179	35.391	-1237.788
imac_dark	screenshot	zenjxl	7	3.5	231481	235491	4010	37.823	40.211	2.387999999999998	86.7152	86.7152	6.7456	6.7456	0.0	-50.849	-50.849	0.0	106975.295	11453.453	9.340003839890032	1447.874	8.349	-1439.525
imac_dark	screenshot	zenjxl	7	3.75	223644	226919	3275	36.837	38.841	2.003999999999998	87.1226	87.1226	8.0254	8.0254	0.0	-51.485	-51.485	0.0	118584.729	11705.845	10.1303860592721	1626.606	22.69	-1603.916
imac_dark	screenshot	zenjxl	7	4.0	218874	222087	3213	37.584	39.604	2.019999999999996	86.6446	86.6446	8.8123	8.8123	0.0	-47.086	-47.086	0.0	109846.928	14991.919	7.3270758733421655	1173.927	74.427	-1099.5
imac_dark	screenshot	zenjxl	7	4.25	214303	217329	3026	38.014	39.963	1.948999999999998	84.7461	84.7461	7.6718	7.6718	0.0	-61.655	-61.655	0.0	122811.933	38604.314	3.181300747890508	1660.726	191.844	-1468.882
imac_dark	screenshot	zenjxl	7	4.5	209737	212309	2572	39.91	41.625	1.7150000000000034	82.5257	82.5257	5.7442	5.7442	0.0	-54.82	-54.82	0.0	134033.114	43240.927	3.099681789893172	1790.528	189.749	-1600.779
imac_dark	screenshot	zenjxl	7	4.75	203333	207501	4168	43.053	45.986	2.933	80.6213	80.6213	4.0796	4.0796	0.0	-55.456	-55.456	0.0	113393.119	31075.236	3.648986575677173	1655.368	207.997	-1447.3709999999999
imac_dark	screenshot	zenjxl	7	5.0	204067	207792	3725	47.849	50.548	2.699000000000005	78.3312	78.3312	2.5579	2.5579	0.0	-49.535	-49.535	0.0	112890.026	16717.147	6.752948095748634	1650.817	131.092	-1519.725
imac_dark	screenshot	zenjxl	8	0.25	382729	383550	821	-52.52	-52.418	0.10200000000000387	94.7329	94.7329	-0.2379	-0.2379	0.0	-22.815	-22.815	0.0	181048.884	52970.146	3.4179419479040134	6250.492	1166.136	-5084.356
imac_dark	screenshot	zenjxl	8	0.5	295938	296023	85	-55.225	-55.213	0.012000000000000455	93.3506	93.3506	-0.3298	-0.3298	0.0	-26.864	-26.864	0.0	172903.881	57106.73	3.027732125443008	6663.237	693.959	-5969.278
imac_dark	screenshot	zenjxl	8	0.75	278461	280222	1761	-31.481	-31.048	0.4330000000000034	91.7267	91.7267	-1.2168	-1.2168	0.0	1.07	1.07	0.0	164232.591	52997.113	3.0988969342537582	536.622	25.467	-511.155
imac_dark	screenshot	zenjxl	8	1.0	245758	246161	403	-33.045	-32.935	0.10999999999999943	89.813	89.813	-1.9776	-1.9776	0.0	-7.499	-7.499	0.0	147418.025	63429.429	2.324126628981636	487.565	42.652	-444.913
imac_dark	screenshot	zenjxl	8	1.25	224616	225482	866	-33.784	-33.528	0.2560000000000002	88.9429	88.9429	-1.4274	-1.4274	0.0	-5.152	-5.152	0.0	58363.292	68812.452	0.8481501574744059	108.754	56.78	-51.974000000000004
imac_dark	screenshot	zenjxl	8	1.5	208800	208379	-421	-31.294	-31.433	-0.13899999999999935	87.4471	87.4471	-1.6004	-1.6004	0.0	-6.943	-6.943	0.0	53006.842	62809.936	0.8439244708034728	75.479	44.114	-31.365000000000002
imac_dark	screenshot	zenjxl	8	1.75	195207	195843	636	-32.965	-32.746	0.2190000000000012	85.6999	85.6999	-1.7647	-1.7647	0.0	0.902	0.902	0.0	52773.456	63184.966	0.8352217203060613	78.904	68.665	-10.23899999999999
imac_dark	screenshot	zenjxl	8	2.0	256460	256216	-244	-7.699	-7.787	-0.08800000000000008	89.6536	89.6536	2.8084	2.8084	0.0	-53.02	-53.02	0.0	77643.311	70861.295	1.0957083270916796	200.649	76.286	-124.363
imac_dark	screenshot	zenjxl	8	2.25	237963	238333	370	-10.306	-10.166	0.1399999999999988	89.307	89.307	4.6752	4.6752	0.0	-54.195	-54.195	0.0	114510.772	54261.052	2.1103677090521575	282.187	44.586	-237.601
imac_dark	screenshot	zenjxl	8	2.5	229658	230672	1014	-11.401	-11.01	0.391	87.3068	87.3068	3.4564	3.4564	0.0	-50.172	-50.172	0.0	144876.431	52802.897	2.743721258324141	466.31	37.352	-428.958
imac_dark	screenshot	zenjxl	8	2.75	219507	219577	70	-7.734	-7.705	0.028999999999999915	88.0903	88.0903	5.4825	5.4825	0.0	-56.506	-56.506	0.0	135309.38	365441.87	0.37026238947387174	310.855	978.95	668.095
imac_dark	screenshot	zenjxl	8	3.0	215396	215015	-381	-6.032	-6.198	-0.16600000000000037	86.0989	86.0989	4.3644	4.3644	0.0	-50.172	-50.172	0.0	111625.706	65336.905	1.708463325589114	305.402	57.705	-247.697
imac_dark	screenshot	zenjxl	8	3.25	208466	208801	335	-7.833	-7.685	0.14800000000000058	86.274	86.274	5.5627	5.5627	0.0	-52.7	-52.7	0.0	110780.099	53044.02	2.088455946589267	308.336	31.974	-276.362
imac_dark	screenshot	zenjxl	8	3.5	202591	202673	82	-9.288	-9.251	0.03700000000000081	85.7588	85.7588	6.2888	6.2888	0.0	-38.899	-38.899	0.0	116524.663	62176.699	1.8740889251775814	307.776	24.202	-283.574
imac_dark	screenshot	zenjxl	8	3.75	193409	193641	232	-13.464	-13.36	0.10400000000000098	84.0132	84.0132	5.8508	5.8508	0.0	-46.221	-46.221	0.0	93359.913	55809.162	1.6728420505579353	265.503	51.917	-213.58599999999998
imac_dark	screenshot	zenjxl	8	4.75	198070	198313	243	8.836	8.97	0.13400000000000034	82.4164	82.4164	7.1372	7.1372	0.0	-58.36	-58.36	0.0	146988.735	57357.444	2.5626793097684057	442.01	51.663	-390.347
imac_dark	screenshot	zenjxl	8	5.0	202900	203091	191	11.693	11.798	0.10500000000000043	76.47	76.47	1.6067	1.6067	0.0	-53.201	-53.201	0.0	198865.986	67122.575	2.962728798768522	571.943	77.486	-494.457
imac_dark	screenshot	zenjxl	9	0.25	383997	383997	0	-52.329	-52.329	0.0	94.7318	94.7318	-0.2389	-0.2389	0.0	-43.675	-43.675	0.0	209627.014	622278.864	0.33686989246673177	6493.716	13436.498	6942.781999999999
imac_dark	screenshot	zenjxl	9	0.5	297007	296980	-27	-55.004	-55.008	-0.0040000000000048885	93.3504	93.3504	-0.33	-0.33	0.0	-37.165	-37.165	0.0	183657.887	310658.882	0.5911882699687305	6173.901	7105.701	931.8000000000002
imac_dark	screenshot	zenjxl	9	0.75	280210	280210	0	-31.081	-31.081	0.0	91.8167	91.8167	-1.1582	-1.1582	0.0	-2.259	-2.259	0.0	187499.909	522563.376	0.3588079793023995	382.96	859.675	476.715
imac_dark	screenshot	zenjxl	9	1.0	246759	246759	0	-32.887	-32.887	0.0	89.8125	89.8125	-1.9895	-1.9895	0.0	-0.464	-0.464	0.0	179134.065	613317.41	0.29207399313839794	334.099	1007.367	673.268
imac_dark	screenshot	zenjxl	9	1.25	225060	225061	1	-33.76	-33.76	0.0	88.9383	88.9383	-1.5059	-1.5059	0.0	-18.283	-18.283	0.0	186581.178	248430.07	0.7510410394361682	375.563	345.976	-29.58699999999999
imac_dark	screenshot	zenjxl	9	2.25	238953	238953	0	-10.16	-10.16	0.0	89.307	89.307	4.6374	4.6374	0.0	-45.051	-45.051	0.0	127127.576	188184.829	0.6755463587343696	299.575	156.236	-143.339
imac_dark	screenshot	zenjxl	9	2.5	230261	230261	0	-11.589	-11.589	0.0	87.3068	87.3068	3.4257	3.4257	0.0	-47.0	-47.0	0.0	126447.443	160204.292	0.7892887351607285	278.341	182.926	-95.41500000000002
imac_dark	screenshot	zenjxl	9	2.75	220394	220394	0	-7.904	-7.904	0.0	88.0903	88.0903	5.4698	5.4698	0.0	-51.471	-51.471	0.0	134358.826	156266.69	0.8598046455069855	278.551	138.708	-139.843
imac_dark	screenshot	zenjxl	9	3.0	216202	216202	0	-6.258	-6.258	0.0	86.0989	86.0989	4.3454	4.3454	0.0	-50.172	-50.172	0.0	137140.499	147314.824	0.930934818888288	257.386	165.374	-92.01200000000003
imac_dark	screenshot	zenjxl	9	3.5	203273	203274	1	-9.485	-9.485	0.0	85.7588	85.7588	6.2604	6.2604	0.0	-38.899	-38.899	0.0	132817.936	308433.404	0.4306211139179983	227.128	466.318	239.19
imac_dark	screenshot	zenjxl	9	3.75	194043	194043	0	-13.803	-13.803	0.0	84.0132	84.0132	5.8078	5.8078	0.0	-46.221	-46.221	0.0	111996.192	290638.564	0.3853452565228061	202.745	466.097	263.352
imac_g3	screenshot	zenjxl	5	0.25	295127	302334	7207	-58.842	-57.837	1.0049999999999955	90.8559	90.8559	0.341	0.341	0.0	0.114	0.114	0.0	152356.261	20591.982	7.39881479111627	7019.212	88.22	-6930.992
imac_g3	screenshot	zenjxl	5	0.5	239191	243922	4731	-60.001	-59.209	0.7919999999999945	90.2765	90.2765	0.7832	0.7832	0.0	-1.086	-1.086	0.0	134238.502	16571.87	8.100383481164167	6817.14	92.117	-6725.023
imac_g3	screenshot	zenjxl	5	0.75	234605	238559	3954	-61.382	-60.732	0.6499999999999986	89.2872	89.2872	1.2961	1.2961	0.0	1.926	1.926	0.0	149507.312	28964.811	5.161687814914449	5957.816	169.351	-5788.465
imac_g3	screenshot	zenjxl	5	1.0	212358	216300	3942	-61.113	-60.391	0.7220000000000013	88.468	88.468	1.6635	1.6635	0.0	-15.43	-15.43	0.0	89640.765	5733.78	15.633799169134498	4777.111	101.98	-4675.131
imac_g3	screenshot	zenjxl	5	1.25	194308	197848	3540	-61.215	-60.508	0.7070000000000007	87.9841	87.9841	2.3567	2.3567	0.0	0.094	0.094	0.0	89139.519	5625.654	15.845183333351107	4424.561	61.971	-4362.59
imac_g3	screenshot	zenjxl	5	1.5	179658	183463	3805	-61.383	-60.565	0.818000000000005	86.8024	86.8024	2.063	2.063	0.0	1.985	1.985	0.0	86234.043	6844.124	12.599719555051896	4587.957	90.58	-4497.377
imac_g3	screenshot	zenjxl	5	1.75	170478	174329	3851	-61.121	-60.243	0.8780000000000001	85.6555	85.6555	1.9451	1.9451	0.0	-0.856	-0.856	0.0	103903.184	16198.077	6.414538219567668	4538.299	278.038	-4260.261
imac_g3	screenshot	zenjxl	5	2.0	204279	207923	3644	-50.773	-49.895	0.8780000000000001	87.4146	87.4146	4.3085	4.3085	0.0	22.445	22.445	0.0	105790.098	6413.523	16.494849710525713	5071.326	134.833	-4936.493
imac_g3	screenshot	zenjxl	5	2.25	194259	197863	3604	-50.635	-49.719	0.9159999999999968	86.6372	86.6372	4.462	4.462	0.0	-19.591	-19.591	0.0	109342.412	21729.176	5.032055150181488	4472.465	99.108	-4373.357
imac_g3	screenshot	zenjxl	5	2.5	184194	187283	3089	-50.879	-50.056	0.8230000000000004	85.3545	85.3545	4.4081	4.4081	0.0	-16.681	-16.681	0.0	107323.191	12901.13	8.318898499588796	4152.735	0.516	-4152.219
imac_g3	screenshot	zenjxl	5	2.75	179815	182382	2567	-50.223	-49.512	0.7109999999999985	85.0649	85.0649	4.6484	4.6484	0.0	-8.44	-8.44	0.0	113971.055	34993.912	3.256882368567424	6060.402	1249.904	-4810.498
imac_g3	screenshot	zenjxl	5	3.0	173864	176313	2449	-49.921	-49.216	0.7049999999999983	84.761	84.761	5.2183	5.2183	0.0	-1.235	-1.235	0.0	86858.965	7504.632	11.574047201781513	4206.464	153.379	-4053.085
imac_g3	screenshot	zenjxl	5	3.25	167631	170704	3073	-49.678	-48.756	0.921999999999997	85.4895	85.4895	6.8629	6.8629	0.0	-27.198	-27.198	0.0	87991.444	4705.887	18.69816338556366	3953.081	82.392	-3870.6890000000003
imac_g3	screenshot	zenjxl	5	3.5	163699	166340	2641	-49.316	-48.498	0.818000000000005	82.2924	82.2924	4.5179	4.5179	0.0	9.691	9.691	0.0	100214.023	15205.466	6.590657793717075	4710.647	43.36	-4667.287
imac_g3	screenshot	zenjxl	5	3.75	157051	160101	3050	-49.936	-48.964	0.9720000000000013	84.9594	84.9594	7.8656	7.8656	0.0	-34.754	-34.754	0.0	119508.305	30064.805	3.9750234535031908	6155.186	1096.674	-5058.512
imac_g3	screenshot	zenjxl	5	4.0	154514	156639	2125	-48.969	-48.267	0.7019999999999982	84.571	84.571	8.0277	8.0277	0.0	-36.766	-36.766	0.0	91854.318	7267.635	12.638818267565721	4054.785	116.408	-3938.377
imac_g3	screenshot	zenjxl	5	4.25	148224	151250	3026	-49.336	-48.301	1.0349999999999966	83.9194	83.9194	8.0355	8.0355	0.0	-39.492	-39.492	0.0	99777.527	9523.444	10.477042443888998	5253.867	166.518	-5087.349
imac_g3	screenshot	zenjxl	5	4.5	144237	146687	2450	-49.26	-48.399	0.8609999999999971	83.7207	83.7207	8.1865	8.1865	0.0	-38.262	-38.262	0.0	92430.834	5930.079	15.586779535314792	4261.528	92.369	-4169.159000000001
imac_g3	screenshot	zenjxl	5	4.75	140041	142839	2798	-49.364	-48.353	1.0109999999999957	82.1996	82.1996	7.4906	7.4906	0.0	-39.238	-39.238	0.0	82706.434	5598.202	14.773749500285984	4714.028	89.144	-4624.884
imac_g3	screenshot	zenjxl	5	5.0	138766	140942	2176	-48.092	-47.278	0.8140000000000001	82.9338	82.9338	8.7588	8.7588	0.0	-42.954	-42.954	0.0	65380.895	7158.046	9.133902604146439	3451.747	106.812	-3344.935
imac_g3	screenshot	zenjxl	6	0.25	294471	301688	7217	-59.007	-58.002	1.0049999999999955	90.9151	90.9151	0.3502	0.3502	0.0	-0.427	-0.427	0.0	135397.075	6451.958	20.98542411466411	5126.319	130.287	-4996.032
imac_g3	screenshot	zenjxl	6	0.5	238183	243291	5108	-60.172	-59.318	0.8539999999999992	90.2343	90.2343	0.7482	0.7482	0.0	-0.839	-0.839	0.0	109323.967	8393.289	13.02516415197904	4013.239	126.3	-3886.939
imac_g3	screenshot	zenjxl	6	0.75	239532	243527	3995	-60.663	-60.007	0.6559999999999988	89.2366	89.2366	1.1556	1.1556	0.0	8.283	8.283	0.0	128005.34	20576.384	6.22098323981512	2915.296	228.678	-2686.618
imac_g3	screenshot	zenjxl	6	1.0	217001	220983	3982	-60.258	-59.528	0.730000000000004	88.4183	88.4183	1.5837	1.5837	0.0	-14.257	-14.257	0.0	126918.316	11625.44	10.917291388540994	2878.838	137.862	-2740.976
imac_g3	screenshot	zenjxl	6	1.25	198257	201832	3575	-60.563	-59.851	0.7120000000000033	87.8832	87.8832	1.987	1.987	0.0	1.579	1.579	0.0	117148.265	10330.756	11.339757225899055	2515.745	37.051	-2478.694
imac_g3	screenshot	zenjxl	6	1.5	185402	189043	3641	-60.529	-59.754	0.7750000000000057	86.7483	86.7483	1.7939	1.7939	0.0	3.031	3.031	0.0	122982.01	8900.957	13.816717685525274	2425.644	30.818	-2394.8259999999996
imac_g3	screenshot	zenjxl	6	1.75	178867	182406	3539	-59.341	-58.537	0.804000000000002	85.6315	85.6315	1.5867	1.5867	0.0	0.674	0.674	0.0	126112.96	12956.877	9.733283722613097	2766.399	61.997	-2704.402
imac_g3	screenshot	zenjxl	6	2.0	210349	213504	3155	-49.495	-48.738	0.7569999999999979	87.3344	87.3344	3.9776	3.9776	0.0	25.604	25.604	0.0	109992.637	13074.755	8.412596411940415	1848.608	118.986	-1729.6219999999998
imac_g3	screenshot	zenjxl	6	2.25	200048	202955	2907	-49.326	-48.59	0.7359999999999971	86.4753	86.4753	4.0455	4.0455	0.0	-17.05	-17.05	0.0	110822.617	13095.505	8.462645541351785	2289.777	100.042	-2189.735
imac_g3	screenshot	zenjxl	6	2.5	189571	192601	3030	-49.758	-48.955	0.8030000000000044	85.2636	85.2636	3.9626	3.9626	0.0	-13.111	-13.111	0.0	107861.382	15123.512	7.132032691877389	2148.859	104.634	-2044.225
imac_g3	screenshot	zenjxl	6	2.75	185382	187804	2422	-49.237	-48.574	0.6630000000000038	84.9582	84.9582	4.2451	4.2451	0.0	-2.347	-2.347	0.0	114419.58	10641.727	10.751974749963045	2428.458	59.697	-2368.761
imac_g3	screenshot	zenjxl	6	3.0	179036	182068	3032	-48.98	-48.116	0.8639999999999972	84.7161	84.7161	5.0605	5.0605	0.0	-8.142	-8.142	0.0	109390.679	14959.203	7.3126007448391475	2172.883	156.236	-2016.647
imac_g3	screenshot	zenjxl	6	3.25	173160	176471	3311	-48.769	-47.789	0.9799999999999969	85.5197	85.5197	6.5347	6.5347	0.0	-6.454	-6.454	0.0	107710.78	17661.814	6.098511738375232	2241.74	213.51	-2028.2299999999998
imac_g3	screenshot	zenjxl	6	3.5	171134	174088	2954	-47.72	-46.817	0.9029999999999987	82.2797	82.2797	4.2375	4.2375	0.0	11.986	11.986	0.0	118457.56	13584.072	8.720327748557281	2854.043	122.87	-2731.1730000000002
imac_g3	screenshot	zenjxl	6	3.75	163028	166059	3031	-48.688	-47.734	0.9540000000000006	84.996	84.996	7.5346	7.5346	0.0	-35.437	-35.437	0.0	130286.328	14144.131	9.211334934609981	3062.682	94.074	-2968.6079999999997
imac_g3	screenshot	zenjxl	6	4.0	162674	165743	3069	-47.64	-46.652	0.9879999999999995	84.5439	84.5439	7.3889	7.3889	0.0	-28.578	-28.578	0.0	111444.927	20297.408	5.490598947412399	2295.139	233.125	-2062.014
imac_g3	screenshot	zenjxl	6	4.25	155673	158695	3022	-47.983	-46.973	1.009999999999998	83.791	83.791	7.1806	7.1806	0.0	-36.377	-36.377	0.0	110436.786	17024.618	6.48688775278247	2270.644	203.494	-2067.1499999999996
imac_g3	screenshot	zenjxl	6	4.5	150952	153400	2448	-48.271	-47.432	0.8389999999999986	83.6986	83.6986	7.4887	7.4887	0.0	-33.697	-33.697	0.0	103722.935	16695.636	6.212577646038762	2040.297	191.962	-1848.335
imac_g3	screenshot	zenjxl	6	4.75	145902	148701	2799	-47.484	-46.477	1.007000000000005	82.0623	82.0623	6.8684	6.8684	0.0	-34.433	-34.433	0.0	90529.508	21004.124	4.310082534268032	1986.33	223.562	-1762.768
imac_g3	screenshot	zenjxl	6	5.0	144094	146270	2176	-46.969	-46.168	0.8010000000000019	82.7324	82.7324	8.1164	8.1164	0.0	-39.903	-39.903	0.0	108637.119	13812.094	7.865361979146682	2518.462	162.048	-2356.4139999999998
imac_g3	screenshot	zenjxl	7	0.25	301304	308525	7221	-57.657	-56.643	1.0139999999999958	90.8178	90.8178	0.0676	0.0676	0.0	-0.427	-0.427	0.0	146743.886	8098.973	18.118826424041664	5927.422	180.042	-5747.379999999999
imac_g3	screenshot	zenjxl	7	0.5	242806	247911	5105	-59.117	-58.257	0.8599999999999994	90.0275	90.0275	0.0431	0.0431	0.0	-0.275	-0.275	0.0	119418.41	7388.763	16.16216543960065	4234.451	94.451	-4140.0
imac_g3	screenshot	zenjxl	7	0.75	241795	245791	3996	-60.177	-59.519	0.6580000000000013	89.1706	89.1706	-0.0121	-0.0121	0.0	8.218	8.218	0.0	150478.484	11633.91	12.934472073447361	3341.805	66.178	-3275.627
imac_g3	screenshot	zenjxl	7	1.0	218536	222527	3991	-59.888	-59.156	0.7319999999999993	88.3124	88.3124	-0.0458	-0.0458	0.0	-14.258	-14.258	0.0	133242.403	10143.945	13.135166150841709	2746.083	56.213	-2689.87
imac_g3	screenshot	zenjxl	7	1.25	199703	203272	3569	-60.102	-59.388	0.7139999999999986	87.7744	87.7744	0.413	0.413	0.0	1.579	1.579	0.0	114681.207	8449.139	13.573123486310262	2360.86	47.909	-2312.951
imac_g3	screenshot	zenjxl	7	1.5	186428	190064	3636	-60.139	-59.361	0.7780000000000058	86.3106	86.3106	-0.3381	-0.3381	0.0	3.031	3.031	0.0	115309.874	9446.365	12.206798488095686	2092.406	54.801	-2037.605
imac_g3	screenshot	zenjxl	7	1.75	179654	183206	3552	-58.977	-58.166	0.8109999999999999	85.0648	85.0648	-0.9917	-0.9917	0.0	0.674	0.674	0.0	132392.484	10401.445	12.728278042137415	2503.854	63.138	-2440.716
imac_g3	screenshot	zenjxl	7	2.0	241056	244049	2993	-41.93	-41.209	0.7209999999999965	87.9857	87.9857	2.7615	2.7615	0.0	25.606	25.606	0.0	95568.16	30917.515	3.0910686062576507	1999.022	75.608	-1923.414
imac_g3	screenshot	zenjxl	7	2.25	228459	232135	3676	-41.967	-41.033	0.9339999999999975	87.2921	87.2921	3.1832	3.1832	0.0	-17.056	-17.056	0.0	97701.264	14645.595	6.6710341232295445	1801.787	133.124	-1668.663
imac_g3	screenshot	zenjxl	7	2.5	219586	222771	3185	-41.649	-40.803	0.8460000000000036	86.0901	86.0901	2.8986	2.8986	0.0	-13.127	-13.127	0.0	95320.604	212401.615	0.4487753259314907	2057.744	1077.283	-980.4610000000002
imac_g3	screenshot	zenjxl	7	2.75	214101	216542	2441	-41.222	-40.552	0.6700000000000017	85.8576	85.8576	3.3132	3.3132	0.0	-2.34	-2.34	0.0	94463.249	18620.533	5.073069014726914	2549.862	306.738	-2243.1240000000003
imac_g3	screenshot	zenjxl	7	3.0	207059	210169	3110	28.093	30.016	1.9229999999999983	85.598	85.598	2.1908	2.1908	0.0	-6.276	-6.276	0.0	79469.058	17273.734	4.600572059289555	1311.362	47.969	-1263.393
imac_g3	screenshot	zenjxl	7	3.25	200510	203599	3089	26.811	28.765	1.9540000000000006	86.2951	86.2951	3.3513	3.3513	0.0	-6.453	-6.453	0.0	80611.621	18003.769	4.477485853101093	1082.061	29.628	-1052.433
imac_g3	screenshot	zenjxl	7	3.5	196958	199922	2964	29.818	31.772	1.953999999999997	83.0728	83.0728	0.9131	0.9131	0.0	11.977	11.977	0.0	92307.269	18287.565	5.047542906887823	1270.147	18.986	-1251.1609999999998
imac_g3	screenshot	zenjxl	7	3.75	188431	191660	3229	24.067	26.193	2.1260000000000012	86.0296	86.0296	5.1956	5.1956	0.0	-30.133	-30.133	0.0	89669.049	18032.502	4.972634912226822	1520.277	27.675	-1492.602
imac_g3	screenshot	zenjxl	7	4.0	187456	190064	2608	27.667	29.443	1.7759999999999998	86.0038	86.0038	4.7402	4.7402	0.0	-30.305	-30.305	0.0	107341.15	16379.709	6.553300183782263	1480.288	71.297	-1408.991
imac_g3	screenshot	zenjxl	7	4.25	180950	184043	3093	25.478	27.623	2.1449999999999996	85.3388	85.3388	5.8165	5.8165	0.0	-39.48	-39.48	0.0	119949.75	15305.152	7.8372139002605135	1529.648	48.251	-1481.397
imac_g3	screenshot	zenjxl	7	4.5	174901	177527	2626	24.543	26.413	1.870000000000001	84.9974	84.9974	4.7822	4.7822	0.0	-38.425	-38.425	0.0	92514.207	26965.296	3.43086191228904	1404.097	107.532	-1296.565
imac_g3	screenshot	zenjxl	7	4.75	170355	172801	2446	28.058	29.896	1.838000000000001	83.5787	83.5787	4.4941	4.4941	0.0	-45.355	-45.355	0.0	94789.743	16404.48	5.778283920002341	1551.331	80.472	-1470.859
imac_g3	screenshot	zenjxl	7	5.0	165194	168075	2881	27.104	29.32	2.216000000000001	84.3356	84.3356	5.5991	5.5991	0.0	-53.204	-53.204	0.0	94988.107	14784.563	6.424816682102812	1550.055	51.343	-1498.712
imac_g3	screenshot	zenjxl	8	0.25	285287	286951	1664	-59.876	-59.642	0.23399999999999466	90.7756	90.7756	0.0254	0.0254	0.0	-19.071	-19.071	0.0	158955.475	53928.171	2.9475406276990186	5999.401	1094.658	-4904.743
imac_g3	screenshot	zenjxl	8	0.5	228379	229877	1498	-61.492	-61.24	0.25199999999999534	89.8116	89.8116	-0.1728	-0.1728	0.0	-17.485	-17.485	0.0	136796.502	50519.637	2.707788696106427	4869.651	744.575	-4125.076
imac_g3	screenshot	zenjxl	8	0.75	230851	231839	988	-42.263	-42.016	0.2469999999999999	88.7722	88.7722	-0.9835	-0.9835	0.0	17.831	17.831	0.0	144431.557	66194.403	2.181930049282263	449.927	39.579	-410.348
imac_g3	screenshot	zenjxl	8	1.0	202265	203315	1050	-41.385	-41.081	0.30399999999999494	87.5476	87.5476	-1.5009	-1.5009	0.0	-3.476	-3.476	0.0	156466.837	59176.37	2.6440762926147716	528.726	38.457	-490.269
imac_g3	screenshot	zenjxl	8	1.25	187425	187912	487	-42.016	-41.865	0.15099999999999625	86.9779	86.9779	-1.2098	-1.2098	0.0	4.838	4.838	0.0	148978.219	59070.126	2.522056902333339	465.627	64.245	-401.382
imac_g3	screenshot	zenjxl	8	1.5	174057	174984	927	-42.969	-42.665	0.30400000000000205	85.9289	85.9289	-1.7298	-1.7298	0.0	-0.551	-0.551	0.0	144699.671	72946.105	1.9836517796255195	502.797	47.475	-455.322
imac_g3	screenshot	zenjxl	8	1.75	164909	165117	208	-41.09	-41.016	0.07400000000000517	85.1941	85.1941	-1.6499	-1.6499	0.0	21.584	21.584	0.0	108882.244	66870.266	1.6282609672885107	366.431	12.197	-354.234
imac_g3	screenshot	zenjxl	8	2.0	212140	212777	637	-26.871	-26.651	0.21999999999999886	87.0229	87.0229	0.8971	0.8971	0.0	-34.469	-34.469	0.0	109248.591	78928.746	1.3841419829475057	312.683	78.688	-233.995
imac_g3	screenshot	zenjxl	8	2.25	200836	201558	722	-27.948	-27.689	0.25900000000000034	86.6003	86.6003	1.089	1.089	0.0	-18.032	-18.032	0.0	127841.843	56718.9	2.2539549074470764	355.686	38.614	-317.072
imac_g3	screenshot	zenjxl	8	2.5	193268	193854	586	-22.68	-22.446	0.2339999999999982	85.3153	85.3153	0.5593	0.5593	0.0	-21.825	-21.825	0.0	122346.909	61694.1	1.983121708558841	327.911	55.42	-272.491
imac_g3	screenshot	zenjxl	8	2.75	188929	189323	394	-22.427	-22.265	0.16199999999999903	86.2416	86.2416	2.3515	2.3515	0.0	-37.936	-37.936	0.0	132468.331	69279.661	1.9120811084800202	371.487	49.462	-322.02500000000003
imac_g3	screenshot	zenjxl	8	3.0	180369	180946	577	-26.359	-26.124	0.23500000000000298	86.1583	86.1583	2.8536	2.8536	0.0	-19.914	-19.914	0.0	147819.213	66434.434	2.225039096442065	433.04	65.821	-367.21900000000005
imac_g3	screenshot	zenjxl	8	3.25	174360	174937	577	-26.228	-25.984	0.24399999999999977	84.3416	84.3416	1.8497	1.8497	0.0	-8.243	-8.243	0.0	135462.125	76571.965	1.7690825225655369	377.307	86.044	-291.26300000000003
imac_g3	screenshot	zenjxl	8	3.5	169163	169916	753	-25.017	-24.684	0.3329999999999984	85.26	85.26	3.5792	3.5792	0.0	-24.905	-24.905	0.0	123805.445	85812.63	1.4427415288402186	413.181	114.635	-298.546
imac_g3	screenshot	zenjxl	8	3.75	165454	165926	472	-30.871	-30.674	0.19699999999999918	82.9021	82.9021	1.8726	1.8726	0.0	-5.708	-5.708	0.0	133637.021	60924.966	2.193468946704049	399.111	41.2	-357.911
imac_g3	screenshot	zenjxl	8	4.75	165145	165822	677	-15.082	-14.734	0.34800000000000075	84.9427	84.9427	5.9545	5.9545	0.0	-48.488	-48.488	0.0	117953.629	69466.551	1.6979917284219277	362.575	57.495	-305.08
imac_g3	screenshot	zenjxl	8	5.0	162674	162797	123	-18.696	-18.635	0.06099999999999994	84.5021	84.5021	6.3342	6.3342	0.0	-54.391	-54.391	0.0	112692.37	56449.742	1.9963310018316824	350.662	34.872	-315.78999999999996
imac_g3	screenshot	zenjxl	9	0.25	286593	286593	0	-59.643	-59.643	0.0	90.6776	90.6776	-0.0727	-0.0727	0.0	-22.273	-22.273	0.0	161466.056	661178.778	0.24420937479030821	5393.13	15107.442	9714.311999999998
imac_g3	screenshot	zenjxl	9	0.5	229292	229292	0	-61.285	-61.285	0.0	89.8513	89.8513	-0.1331	-0.1331	0.0	-22.516	-22.516	0.0	105338.76	253423.072	0.415663653544536	3372.171	6994.535	3622.364
imac_g3	screenshot	zenjxl	9	0.75	230980	230978	-2	-42.254	-42.254	0.0	88.7847	88.7847	-0.8756	-0.8756	0.0	-11.705	-11.705	0.0	158164.238	229465.066	0.6892737128012332	344.166	293.342	-50.82400000000001
imac_g3	screenshot	zenjxl	9	1.0	202211	202212	1	-41.148	-41.148	0.0	87.5771	87.5771	-1.4703	-1.4703	0.0	1.923	1.923	0.0	168618.048	191616.566	0.8799763586202668	331.139	260.44	-70.69900000000001
imac_g3	screenshot	zenjxl	9	1.25	186921	186645	-276	-42.097	-42.182	-0.08500000000000085	86.9537	86.9537	-1.1974	-1.1974	0.0	-1.006	-1.006	0.0	143052.774	735746.347	0.19443219063648307	297.367	1128.395	831.028
imac_g3	screenshot	zenjxl	9	1.5	173944	173944	0	-42.957	-42.957	0.0	85.9346	85.9346	-1.7319	-1.7319	0.0	-9.28	-9.28	0.0	150802.822	527426.626	0.28592189807269985	307.303	858.022	550.719
imac_g3	screenshot	zenjxl	9	1.75	164977	164979	2	-41.029	-41.028	0.0010000000000047748	85.2203	85.2203	-1.5744	-1.5744	0.0	21.584	21.584	0.0	136127.9	164926.252	0.8253864885015394	263.782	185.801	-77.981
imac_g3	screenshot	zenjxl	9	2.0	213266	213266	0	-26.336	-26.336	0.0	87.0229	87.0229	0.8673	0.8673	0.0	-34.469	-34.469	0.0	137137.97	162813.5	0.8423009762703952	224.717	204.058	-20.65900000000002
imac_g3	screenshot	zenjxl	9	2.25	201397	201397	0	-27.674	-27.674	0.0	86.6003	86.6003	1.1702	1.1702	0.0	-18.032	-18.032	0.0	152110.51	391925.131	0.38811114156392285	320.522	580.004	259.482
imac_g3	screenshot	zenjxl	9	2.5	193619	193619	0	-22.911	-22.911	0.0	85.3153	85.3153	0.5603	0.5603	0.0	-20.907	-20.907	0.0	136052.406	247286.141	0.550182090471459	257.593	338.229	80.63599999999997
imac_g3	screenshot	zenjxl	9	2.75	189410	189410	0	-22.271	-22.271	0.0	86.2416	86.2416	2.2985	2.2985	0.0	-15.61	-15.61	0.0	151514.015	213268.613	0.7104374753916555	310.629	321.597	10.967999999999961
imac_g3	screenshot	zenjxl	9	3.0	180511	180511	0	-26.391	-26.391	0.0	86.1583	86.1583	2.9291	2.9291	0.0	-19.914	-19.914	0.0	172615.21	423218.153	0.40786343585786594	358.496	752.873	394.37700000000007
imac_g3	screenshot	zenjxl	9	3.25	174691	174691	0	-26.079	-26.079	0.0	84.3416	84.3416	1.7668	1.7668	0.0	-8.821	-8.821	0.0	141715.155	318398.554	0.44508730714901423	296.584	501.157	204.57299999999998
imac_g3	screenshot	zenjxl	9	3.5	169586	169586	0	-24.72	-24.72	0.0	85.2847	85.2847	3.5736	3.5736	0.0	-24.905	-24.905	0.0	135933.075	240870.153	0.564341714018839	274.108	409.056	134.94799999999998
imac_g3	screenshot	zenjxl	9	3.75	165580	165580	0	-30.784	-30.784	0.0	82.9021	82.9021	1.9033	1.9033	0.0	-0.379	-0.379	0.0	131090.755	338683.77	0.3870594537199111	243.668	543.899	300.231
terminal	screenshot	zenjxl	5	0.25	58890	61726	2836	-68.424	-66.903	1.5210000000000008	96.273	96.273	0.4017	0.4017	0.0	-6.078	-6.078	0.0	14696.762	3579.385	4.105946133204447	2070.667	127.421	-1943.2459999999999
terminal	screenshot	zenjxl	5	0.5	47375	49759	2384	-67.979	-66.368	1.6110000000000042	94.767	94.767	0.0896	0.0896	0.0	-6.996	-6.996	0.0	19553.23	1928.327	10.139997002583067	3399.86	57.133	-3342.7270000000003
terminal	screenshot	zenjxl	5	0.75	54781	56874	2093	-63.386	-61.987	1.399000000000001	92.0941	92.0941	-1.3742	-1.3742	0.0	-9.452	-9.452	0.0	16682.772	1605.068	10.3938101064877	2293.361	19.912	-2273.449
terminal	screenshot	zenjxl	5	1.0	49780	51835	2055	-62.759	-61.222	1.536999999999999	92.4419	92.4419	0.1761	0.1761	0.0	-1.736	-1.736	0.0	23501.658	1961.655	11.980525627595066	3705.824	31.878	-3673.946
terminal	screenshot	zenjxl	5	1.25	45518	47009	1491	-62.567	-61.34	1.2269999999999968	91.0379	91.0379	0.1984	0.1984	0.0	-20.55	-20.55	0.0	19713.858	2207.789	8.929231008941525	3030.741	53.461	-2977.28
terminal	screenshot	zenjxl	5	1.5	42184	43919	1735	-62.206	-60.651	1.5549999999999997	92.4011	92.4011	2.2336	2.2336	0.0	-19.473	-19.473	0.0	14280.544	2003.192	7.128894284721584	2302.526	65.236	-2237.29
terminal	screenshot	zenjxl	5	1.75	39252	40775	1523	-62.646	-61.197	1.448999999999998	90.2975	90.2975	1.6114	1.6114	0.0	-12.784	-12.784	0.0	18770.982	2832.625	6.6267091478752045	2988.207	74.332	-2913.875
terminal	screenshot	zenjxl	5	2.0	47396	40040	-7356	-52.459	-59.837	-7.378	90.9391	88.9834	2.5395	0.5837	-1.9558	-41.649	-11.479	30.17	16013.245	3977.295	4.026164767763015	2228.345	156.489	-2071.8559999999998
terminal	screenshot	zenjxl	5	2.25	45422	38620	-6802	-51.613	-58.859	-7.246000000000002	85.7203	84.1636	-1.3203	-2.877	-1.5566999999999998	-40.932	-2.136	38.796	10555.005	2193.892	4.811086872097624	1420.773	84.197	-1336.576
terminal	screenshot	zenjxl	5	2.5	43092	35915	-7177	-51.441	-59.528	-8.086999999999996	90.2296	88.3965	3.3665	1.5333	-1.8331999999999997	-34.204	-4.019	30.185000000000002	12102.153	2635.377	4.59219041526127	1722.201	44.817	-1677.384
terminal	screenshot	zenjxl	5	2.75	40921	33848	-7073	-52.502	-60.712	-8.21	89.4686	87.5674	3.6617	1.7604	-1.9013000000000002	-29.153	-21.168	7.984999999999999	11694.958	2425.244	4.822177892203836	1576.68	112.607	-1464.073
terminal	screenshot	zenjxl	5	3.0	40071	32283	-7788	-51.401	-60.846	-9.444999999999993	89.0873	86.8574	4.3202	2.0903	-2.2298999999999998	-43.052	-6.08	36.972	10934.138	1822.911	5.998174348610547	1108.336	65.592	-1042.744
terminal	screenshot	zenjxl	5	3.25	38490	31431	-7059	-50.622	-59.677	-9.055	86.7432	84.4933	2.7869	0.537	-2.2499000000000002	-18.176	-1.958	16.218	10362.998	2573.145	4.027366510631931	1263.298	63.874	-1199.424
terminal	screenshot	zenjxl	5	3.5	37579	30776	-6803	-49.581	-58.708	-9.126999999999995	85.9104	83.4885	2.2991	-0.1228	-2.4219	-36.95	-9.422	27.528000000000002	13696.085	1886.095	7.261609303879179	2141.9	142.758	-1999.142
terminal	screenshot	zenjxl	5	3.75	36132	29918	-6214	-49.723	-58.37	-8.646999999999998	85.7873	83.57	3.63	1.4127	-2.2173	-35.132	-11.658	23.473999999999997	19987.688	2268.401	8.811355664188122	2757.899	140.889	-2617.0099999999998
terminal	screenshot	zenjxl	5	4.0	35335	29149	-6186	-49.832	-58.615	-8.783000000000001	85.0866	83.0009	1.2679	-0.8178	-2.0857	-36.642	-15.325	21.317000000000004	16761.811	2358.369	7.107374206496099	2185.351	25.426	-2159.925
terminal	screenshot	zenjxl	5	4.25	33783	27983	-5800	-50.802	-59.249	-8.447000000000003	88.0983	86.0499	5.8509	3.8025	-2.0484	-34.867	-24.672	10.194999999999997	11735.76	2590.427	4.530434557700333	1731.915	55.287	-1676.628
terminal	screenshot	zenjxl	5	4.5	33258	27881	-5377	-49.714	-57.844	-8.130000000000003	83.0009	81.4362	1.9801	0.4154	-1.5647	-52.999	-27.693	25.306	16023.96	2046.873	7.8285071912131325	2309.947	33.085	-2276.862
terminal	screenshot	zenjxl	5	4.75	32376	26644	-5732	-49.239	-58.226	-8.987000000000002	87.7446	84.8196	6.9657	4.0408	-2.9249	-23.401	-16.766	6.635000000000002	11711.811	3606.473	3.2474417526486405	1866.574	194.314	-1672.26
terminal	screenshot	zenjxl	5	5.0	31463	26051	-5412	-48.853	-57.651	-8.798000000000002	83.649	80.9689	4.2289	1.5488	-2.6801000000000004	-45.506	-20.923	24.583000000000002	18819.817	2491.922	7.552329888335188	2615.783	96.8	-2518.9829999999997
terminal	screenshot	zenjxl	6	0.25	58226	61063	2837	-68.733	-67.21	1.5230000000000103	96.2839	96.2839	0.4459	0.4459	0.0	-8.622	-8.622	0.0	19686.436	2784.289	7.070543323627684	2358.166	117.177	-2240.989
terminal	screenshot	zenjxl	6	0.5	47060	49563	2503	-68.174	-66.481	1.693000000000012	94.7617	94.7617	0.0807	0.0807	0.0	-6.976	-6.976	0.0	23586.963	2397.28	9.839052175799239	2611.359	130.13	-2481.229
terminal	screenshot	zenjxl	6	0.75	56578	58662	2084	-62.479	-61.097	1.381999999999998	92.1815	92.1815	-1.3894	-1.3894	0.0	-18.943	-18.943	0.0	20731.646	3571.074	5.805437243809566	1133.951	47.934	-1086.017
terminal	screenshot	zenjxl	6	1.0	52026	54120	2094	-61.186	-59.624	1.5619999999999976	92.3876	92.3876	-0.0155	-0.0155	0.0	-3.486	-3.486	0.0	20272.822	3386.851	5.985743689344468	935.708	32.552	-903.156
terminal	screenshot	zenjxl	6	1.25	48309	49875	1566	-60.275	-58.988	1.286999999999999	91.0426	91.0426	0.0094	0.0094	0.0	-18.854	-18.854	0.0	22720.221	3695.403	6.148239041858223	1495.02	45.312	-1449.708
terminal	screenshot	zenjxl	6	1.5	44974	46717	1743	-59.849	-58.293	1.5559999999999974	92.2201	92.2201	1.7133	1.7133	0.0	-7.295	-7.295	0.0	19314.2	2227.653	8.670201328483387	834.975	-22.775	-857.75
terminal	screenshot	zenjxl	6	1.75	41744	43256	1512	-60.461	-59.029	1.431999999999995	89.9974	89.9974	0.7349	0.7349	0.0	-4.048	-4.048	0.0	20109.454	2401.457	8.373855538533483	977.693	16.65	-961.043
terminal	screenshot	zenjxl	6	2.0	49977	42768	-7209	-50.07	-57.272	-7.201999999999998	90.8545	89.1083	2.1233	0.3772	-1.7461	-38.737	-4.459	34.278000000000006	19597.054	3041.666	6.442868480628707	1200.456	19.656	-1180.8
terminal	screenshot	zenjxl	6	2.25	48190	41819	-6371	-49.096	-55.826	-6.730000000000004	85.5228	84.0916	-1.9288	-3.3601	-1.4313	-37.266	1.027	38.293	18888.382	3209.889	5.8844346330979045	976.973	49.954	-927.019
terminal	screenshot	zenjxl	6	2.5	44998	38599	-6399	-49.808	-56.945	-7.1370000000000005	90.2737	88.1376	3.2205	1.0844	-2.1361	-30.959	1.654	32.613	16277.867	2721.844	5.980455529413148	833.014	30.369	-802.645
terminal	screenshot	zenjxl	6	2.75	43431	36781	-6650	-49.799	-57.486	-7.686999999999998	89.6471	87.7697	3.6994	1.8219	-1.8774999999999997	-8.507	-3.04	5.467	13715.077	4544.038	3.0182575497828146	675.629	92.513	-583.116
terminal	screenshot	zenjxl	6	3.0	42599	35688	-6911	-48.915	-57.202	-8.286999999999999	89.1333	86.7479	4.0443	1.6588	-2.3854999999999995	-39.502	7.786	47.288000000000004	20454.416	4336.615	4.71667786972097	1119.702	76.904	-1042.798
terminal	screenshot	zenjxl	6	3.25	41162	34681	-6481	-47.925	-56.124	-8.199000000000005	86.6437	84.7428	2.3065	0.4056	-1.9009000000000003	-16.593	-2.286	14.307	20365.634	3925.394	5.188175760191206	1162.858	16.507	-1146.3509999999999
terminal	screenshot	zenjxl	6	3.5	39923	33808	-6115	-47.51	-55.55	-8.04	85.5827	83.4041	1.4453	-0.7333	-2.1786	-42.248	-19.709	22.538999999999998	16405.554	2872.466	5.711313554277057	851.21	2.199	-849.0110000000001
terminal	screenshot	zenjxl	6	3.75	38239	32672	-5567	-48.005	-55.574	-7.5689999999999955	85.7648	83.486	3.2374	0.9585	-2.2789	-35.545	-3.566	31.979000000000003	19068.341	4348.037	4.385505689119021	1183.169	88.91	-1094.259
terminal	screenshot	zenjxl	6	4.0	38070	32257	-5813	-46.855	-54.97	-8.115000000000002	84.8852	82.8046	1.4129	-0.6677	-2.0806	-41.328	-27.941	13.387000000000004	13854.088	7432.016	1.864109011606003	793.621	114.951	-678.67
terminal	screenshot	zenjxl	6	4.25	35791	30357	-5434	-49.381	-57.066	-7.685000000000002	87.7028	85.8487	4.792	2.9379	-1.8540999999999999	-34.877	-22.021	12.856000000000002	15071.321	5470.328	2.755103715901496	851.844	66.92	-784.9240000000001
terminal	screenshot	zenjxl	6	4.5	35473	30349	-5124	-47.936	-55.456	-7.520000000000003	82.7163	81.2065	1.1418	-0.368	-1.5097999999999998	-54.116	-28.151	25.965	19587.469	6243.194	3.137411555687682	1609.798	210.244	-1399.554
terminal	screenshot	zenjxl	6	4.75	34010	28316	-5694	-47.522	-56.308	-8.786000000000001	87.0864	84.3797	6.4695	3.7627	-2.7068	-23.789	-17.089	6.700000000000003	11278.456	6236.455	1.80847228112766	1029.105	136.69	-892.415
terminal	screenshot	zenjxl	6	5.0	33155	27832	-5323	-47.141	-55.628	-8.487000000000002	83.2638	80.7919	3.3667	0.8948	-2.4718999999999998	-46.864	-20.101	26.762999999999998	11581.112	6847.548	1.6912786883713702	751.092	225.209	-525.883
terminal	screenshot	zenjxl	7	0.25	59057	61901	2844	-68.352	-66.828	1.524000000000001	96.2851	96.2851	0.4496	0.4496	0.0	-1.867	-1.867	0.0	16669.843	3891.433	4.283728641865349	1853.906	186.624	-1667.282
terminal	screenshot	zenjxl	7	0.5	47375	49897	2522	-68.014	-66.311	1.7029999999999887	94.7649	94.7649	-0.0049	-0.0049	0.0	-7.566	-7.566	0.0	21824.997	4275.809	5.104296520260844	2437.456	110.555	-2326.9010000000003
terminal	screenshot	zenjxl	7	0.75	56824	58913	2089	-62.219	-60.83	1.389000000000003	92.1355	92.1355	-1.4326	-1.4326	0.0	-17.823	-17.823	0.0	14449.638	4821.472	2.996934960941389	972.803	87.599	-885.204
terminal	screenshot	zenjxl	7	1.0	52046	54143	2097	-61.171	-59.607	1.564	92.3529	92.3529	-0.1241	-0.1241	0.0	-3.819	-3.819	0.0	15144.444	4954.306	3.056824507811992	903.003	8.691	-894.312
terminal	screenshot	zenjxl	7	1.25	48299	49845	1546	-60.25	-58.978	1.2719999999999985	91.0346	91.0346	-0.0147	-0.0147	0.0	-19.775	-19.775	0.0	20591.813	4747.279	4.337603288115149	1392.347	58.179	-1334.168
terminal	screenshot	zenjxl	7	1.5	44976	46726	1750	-59.714	-58.146	1.5679999999999978	92.2438	92.2438	1.6547	1.6547	0.0	-7.295	-7.295	0.0	17339.724	5114.169	3.390526202790717	1108.026	56.827	-1051.199
terminal	screenshot	zenjxl	7	1.75	41729	43246	1517	-60.451	-59.013	1.4380000000000024	89.9533	89.9533	0.6069	0.6069	0.0	-2.102	-2.102	0.0	14807.4	6906.824	2.1438797340137814	944.076	61.533	-882.543
terminal	screenshot	zenjxl	7	2.0	57071	42816	-14255	-42.956	-57.205	-14.248999999999995	91.3447	89.4942	2.4506	0.6	-1.8506	-45.336	-7.427	37.909	14670.974	5827.631	2.5174850638278228	1009.275	109.009	-900.266
terminal	screenshot	zenjxl	7	2.25	54680	41850	-12830	-42.29	-55.831	-13.541000000000004	85.7935	84.0559	-1.7531	-3.4907	-1.7375999999999998	-36.61	1.562	38.172	13409.324	4696.766	2.855012150914055	767.654	37.899	-729.755
terminal	screenshot	zenjxl	7	2.5	51650	38639	-13011	-42.388	-56.901	-14.513000000000005	90.8212	88.4058	3.6357	1.2203	-2.4154	-31.58	-2.114	29.465999999999998	12534.33	5034.656	2.489610015063591	841.226	54.416	-786.81
terminal	screenshot	zenjxl	7	2.75	49221	36805	-12416	-43.1	-57.453	-14.353000000000002	91.5035	87.7357	5.0424	1.2745	-3.7679	-6.101	-2.978	3.1229999999999998	15267.863	5686.522	2.684921116985039	1084.63	36.421	-1048.209
terminal	screenshot	zenjxl	7	3.0	48426	35698	-12728	28.639	-5.172	-33.811	91.2785	86.9118	3.1614	-1.2052	-4.3666	-42.546	7.751	50.297	11672.608	5501.269	2.121802805861702	621.022	3.325	-617.697
terminal	screenshot	zenjxl	7	3.25	47252	34705	-12547	32.37	-2.779	-35.149	88.2024	84.6443	0.3567	-3.2013	-3.558	-14.914	0.971	15.885	16021.374	3364.774	4.761500772414433	670.777	-50.241	-721.018
terminal	screenshot	zenjxl	7	3.5	45835	33837	-11998	32.694	-2.041	-34.735	86.934	83.284	-0.7633	-4.4133	-3.6499999999999995	-25.328	2.015	27.343	10785.56	4572.693	2.3586888514055064	585.407	66.005	-519.402
terminal	screenshot	zenjxl	7	3.75	44329	32681	-11648	31.626	-2.96	-34.586	86.6607	83.3968	-0.1249	-3.3888	-3.2639	-37.824	2.264	40.088	11300.502	2616.279	4.3193031018480825	488.779	-32.088	-520.867
terminal	screenshot	zenjxl	7	4.0	43423	32286	-11137	29.482	-3.727	-33.208999999999996	85.6849	82.9886	-1.9361	-4.6323	-2.6962	-20.753	-4.446	16.307000000000002	12474.694	6351.938	1.9639193581549441	577.841	63.194	-514.647
terminal	screenshot	zenjxl	7	4.25	41042	30355	-10687	25.388	-7.262	-32.65	88.6133	85.4289	1.4945	-1.6899	-3.1844	-20.185	-4.379	15.806	18082.064	4403.533	4.10626285757368	992.35	42.658	-949.692
terminal	screenshot	zenjxl	7	4.5	40799	30343	-10456	25.628	-6.568	-32.196	83.5294	81.0684	-0.9564	-3.4174	-2.4610000000000003	-32.958	-0.809	32.149	23754.591	6730.826	3.5292237535185134	1174.979	107.133	-1067.846
terminal	screenshot	zenjxl	7	4.75	38950	28298	-10652	27.81	-7.144	-34.954	87.9799	84.1214	2.1276	-1.731	-3.8586	1.212	5.839	4.627000000000001	12265.56	4417.059	2.7768612554190466	707.27	58.228	-649.042
terminal	screenshot	zenjxl	7	5.0	38199	27838	-10361	28.586	-6.291	-34.876999999999995	84.0361	81.002	-0.32	-3.3541	-3.0341	-20.394	9.509	29.903	17730.689	7162.545	2.4754733129076323	954.236	106.111	-848.125
terminal	screenshot	zenjxl	8	0.25	54457	55305	848	-70.83	-70.376	0.4539999999999935	95.6478	95.6478	-0.1876	-0.1876	0.0	-4.674	-4.674	0.0	24421.914	15575.664	1.5679533148634948	2377.269	606.889	-1770.3799999999997
terminal	screenshot	zenjxl	8	0.5	44638	45314	676	-69.869	-69.412	0.45699999999999363	94.6806	94.6806	-0.0892	-0.0892	0.0	-7.844	-7.844	0.0	27471.021	19033.69	1.4432840400363778	3171.073	765.976	-2405.0969999999998
terminal	screenshot	zenjxl	8	0.75	51540	52053	513	-17.63	-16.81	0.8200000000000003	92.2044	92.2044	-2.7797	-2.7797	0.0	18.367	18.367	0.0	22342.472	16350.121	1.3665019359795565	232.418	19.5	-212.918
terminal	screenshot	zenjxl	8	1.0	47150	47468	318	-49.432	-49.091	0.3410000000000011	91.5674	91.5674	-2.7396	-2.7396	0.0	2.957	2.957	0.0	20257.028	14624.2	1.3851717016999219	230.439	24.183	-206.256
terminal	screenshot	zenjxl	8	1.25	44937	45221	284	-48.602	-48.277	0.32499999999999574	90.6764	90.6764	-3.3384	-3.3384	0.0	-0.706	-0.706	0.0	21406.015	15519.064	1.3793367306172588	196.682	9.8	-186.88199999999998
terminal	screenshot	zenjxl	8	1.5	41458	41919	461	-49.172	-48.607	0.5649999999999977	89.8191	89.8191	-3.7556	-3.7556	0.0	1.186	1.186	0.0	20847.989	15650.281	1.3321159537007674	161.305	23.388	-137.917
terminal	screenshot	zenjxl	8	1.75	37621	37958	337	-51.231	-50.794	0.4370000000000047	89.1472	89.1472	-3.154	-3.154	0.0	3.109	3.109	0.0	20766.244	14121.672	1.470523037215423	155.529	0.53	-154.999
terminal	screenshot	zenjxl	8	2.0	48113	48444	331	-34.049	-33.596	0.45300000000000296	90.2088	90.2088	-2.2942	-2.2942	0.0	-26.603	-26.603	0.0	27083.117	20223.161	1.3392128461025454	264.977	57.178	-207.79899999999998
terminal	screenshot	zenjxl	8	2.25	45790	46000	210	-35.913	-35.619	0.29399999999999693	90.4428	90.4428	-0.9596	-0.9596	0.0	-55.504	-55.504	0.0	26590.698	15586.209	1.706040128167151	305.851	0.792	-305.059
terminal	screenshot	zenjxl	8	2.5	43879	44185	306	-34.393	-33.936	0.45700000000000074	89.322	89.322	-1.3015	-1.3015	0.0	-39.5	-39.5	0.0	18403.791	16478.131	1.1168615542624343	190.715	26.757	-163.958
terminal	screenshot	zenjxl	8	2.75	42012	42255	243	-34.569	-34.19	0.3790000000000049	89.1807	89.1807	-0.6245	-0.6245	0.0	-46.309	-46.309	0.0	22116.965	14347.224	1.5415501284429658	235.392	27.593	-207.799
terminal	screenshot	zenjxl	8	3.0	40895	41139	244	-35.337	-34.951	0.3860000000000028	88.7886	88.7886	0.6132	0.6132	0.0	-30.822	-30.822	0.0	29007.34	14058.928	2.0632682662575696	311.837	10.941	-300.896
terminal	screenshot	zenjxl	8	3.25	40056	40250	194	-33.677	-33.355	0.32200000000000273	85.0677	85.0677	-1.6141	-1.6141	0.0	-36.109	-36.109	0.0	17303.547	14614.997	1.183958299820383	132.801	44.757	-88.04399999999998
terminal	screenshot	zenjxl	8	3.5	39463	39744	281	-30.479	-29.984	0.49499999999999744	85.2347	85.2347	-1.6663	-1.6663	0.0	-44.235	-44.235	0.0	20608.37	14449.585	1.4262257358948371	167.026	13.001	-154.025
terminal	screenshot	zenjxl	8	3.75	37200	37399	199	-34.651	-34.301	0.3500000000000014	84.1514	84.1514	-3.6051	-3.6051	0.0	-38.195	-38.195	0.0	19310.44	14880.893	1.297666746209384	169.661	27.941	-141.72
terminal	screenshot	zenjxl	8	4.0	42428	42629	201	-24.325	-23.966	0.3589999999999982	86.9084	86.9084	-0.6372	-0.6372	0.0	-25.937	-25.937	0.0	19654.604	17149.979	1.1460424528799715	149.03	15.49	-133.54
terminal	screenshot	zenjxl	8	4.25	39910	40015	105	-26.187	-25.993	0.19400000000000261	87.6732	87.6732	2.012	2.012	0.0	-31.075	-31.075	0.0	17274.518	17408.21	0.9923201753655316	140.932	39.879	-101.053
terminal	screenshot	zenjxl	8	4.5	39271	39452	181	-30.369	-30.048	0.3210000000000015	86.533	86.533	2.4158	2.4158	0.0	-49.42	-49.42	0.0	23440.615	18786.496	1.2477374705746087	275.679	43.147	-232.53199999999998
terminal	screenshot	zenjxl	8	4.75	38465	38643	178	-22.655	-22.298	0.35700000000000287	86.829	86.829	2.8423	2.8423	0.0	-37.893	-37.893	0.0	19268.825	17354.067	1.110334828141438	213.542	55.551	-157.99099999999999
terminal	screenshot	zenjxl	8	5.0	37086	37183	97	-25.085	-24.889	0.1960000000000015	83.6942	83.6942	-0.73	-0.73	0.0	-49.17	-49.17	0.0	21814.495	13449.099	1.622004195225271	218.273	9.083	-209.19
terminal	screenshot	zenjxl	9	0.25	51781	51781	0	-72.231	-72.231	0.0	95.6478	95.6478	-0.1876	-0.1876	0.0	-4.674	-4.674	0.0	26781.151	34281.143	0.781221063720075	2657.507	2056.911	-600.596
terminal	screenshot	zenjxl	9	0.5	42868	42868	0	-71.016	-71.016	0.0	94.6806	94.6806	-0.0892	-0.0892	0.0	-7.844	-7.844	0.0	28706.671	43949.861	0.6531686414207317	2816.713	2878.077	61.36400000000003
terminal	screenshot	zenjxl	9	0.75	50323	50323	0	-18.805	-18.805	0.0	92.2044	92.2044	-2.7797	-2.7797	0.0	18.367	18.367	0.0	21598.289	29361.2	0.7356064806615533	123.979	60.615	-63.364
terminal	screenshot	zenjxl	9	1.0	47521	47523	2	-15.274	-15.271	0.0029999999999983373	91.5674	91.5674	-2.5886	-2.5886	0.0	3.735	3.735	0.0	22179.114	26103.882	0.8496481098098743	111.512	37.889	-73.62299999999999
terminal	screenshot	zenjxl	9	1.25	45293	45293	0	-47.527	-47.527	0.0	90.6764	90.6764	-3.194	-3.194	0.0	0.568	0.568	0.0	21915.681	35443.951	0.6183193572296722	135.125	94.551	-40.574
terminal	screenshot	zenjxl	9	1.5	41752	41752	0	-48.363	-48.363	0.0	89.8191	89.8191	-3.7654	-3.7654	0.0	1.189	1.189	0.0	19843.327	30796.597	0.6443350542918752	105.446	61.601	-43.845
terminal	screenshot	zenjxl	9	1.75	37770	37770	0	-50.71	-50.71	0.0	89.1472	89.1472	-3.146	-3.146	0.0	3.101	3.101	0.0	19548.538	32195.509	0.6071821383535201	85.272	68.508	-16.76400000000001
terminal	screenshot	zenjxl	9	2.0	47052	47052	0	-34.915	-34.915	0.0	90.2088	90.2088	-2.1797	-2.1797	0.0	-27.118	-27.118	0.0	22532.805	37004.115	0.6089270071720402	109.039	103.97	-5.069000000000003
terminal	screenshot	zenjxl	9	2.25	44806	44807	1	-36.936	-36.934	0.0020000000000024443	90.4428	90.4428	-0.942	-0.942	0.0	-55.504	-55.504	0.0	28718.45	36901.201	0.7782524476642373	164.426	97.659	-66.76699999999998
terminal	screenshot	zenjxl	9	2.5	43745	43745	0	-34.394	-34.394	0.0	89.322	89.322	-1.3187	-1.3187	0.0	-39.5	-39.5	0.0	22125.245	31018.64	0.7132886870604256	112.661	68.737	-43.92400000000001
terminal	screenshot	zenjxl	9	2.75	42341	42341	0	-33.89	-33.89	0.0	89.1807	89.1807	-0.6317	-0.6317	0.0	-46.299	-46.299	0.0	21255.433	38012.037	0.5591763735261018	97.811	125.206	27.394999999999996
terminal	screenshot	zenjxl	9	3.0	41269	41268	-1	-34.785	-34.786	-0.0010000000000047748	88.7886	88.7886	0.592	0.592	0.0	-30.822	-30.822	0.0	27175.768	43000.837	0.6319823030421478	173.965	134.158	-39.807000000000016
terminal	screenshot	zenjxl	9	3.25	40456	40456	0	-33.096	-33.096	0.0	85.0677	85.0677	-1.6545	-1.6545	0.0	-36.081	-36.081	0.0	19909.065	36646.538	0.5432727369772282	102.827	111.814	8.986999999999995
terminal	screenshot	zenjxl	9	3.5	39741	39741	0	-30.279	-30.279	0.0	85.2347	85.2347	-1.6859	-1.6859	0.0	-46.817	-46.817	0.0	20246.849	40235.5	0.5032085844589976	82.566	102.298	19.732
terminal	screenshot	zenjxl	9	3.75	37468	37468	0	-34.34	-34.34	0.0	84.1514	84.1514	-3.6618	-3.6618	0.0	-38.195	-38.195	0.0	20167.812	50769.658	0.3972414389712848	85.577	199.522	113.945
terminal	screenshot	zenjxl	9	4.0	36988	36989	1	-33.963	-33.961	0.0020000000000024443	86.1144	86.1144	-1.4566	-1.4566	0.0	-41.572	-41.572	0.0	20676.41	34315.541	0.6025377830995	100.418	63.242	-37.17600000000001
terminal	screenshot	zenjxl	9	4.25	34576	34576	0	-35.942	-35.942	0.0	86.6025	86.6025	0.9057	0.9057	0.0	-19.9	-19.9	0.0	19676.898	36612.199	0.5374410316080714	86.894	129.543	42.649
terminal	screenshot	zenjxl	9	4.5	34372	34372	0	-39.197	-39.197	0.0	85.2003	85.2003	1.0139	1.0139	0.0	-29.609	-29.609	0.0	24028.458	35537.726	0.6761394355958509	136.622	98.822	-37.80000000000001
terminal	screenshot	zenjxl	9	4.75	33319	33319	0	-32.766	-32.766	0.0	85.9517	85.9517	1.8908	1.8908	0.0	-39.642	-39.642	0.0	21084.454	28451.949	0.7410548219385604	94.586	75.34	-19.245999999999995
terminal	screenshot	zenjxl	9	5.0	32277	32277	0	-35.052	-35.052	0.0	82.8135	82.8135	-0.2497	-0.2497	0.0	-36.149	-36.149	0.0	23231.55	31322.004	0.7417006268181308	128.636	112.233	-16.40299999999999
windows95	screenshot	zenjxl	5	0.25	50205	51132	927	-30.154	-28.865	1.2890000000000015	95.2341	95.2341	0.1194	0.1194	0.0	5.179	5.179	0.0	1050.437	248.313	4.230294024074454	803.834	129.165	-674.669
windows95	screenshot	zenjxl	5	0.5	45000	45855	855	-29.509	-28.17	1.3389999999999986	93.3758	93.3758	0.4323	0.4323	0.0	-5.681	-5.681	0.0	902.266	348.435	2.5894815388809964	569.68	21.141	-548.539
windows95	screenshot	zenjxl	5	0.75	53290	54008	718	-39.454	-38.638	0.8160000000000025	91.0984	91.0984	0.4445	0.4445	0.0	24.702	24.702	0.0	989.039	310.072	3.189707551794422	466.04	-5.336	-471.37600000000003
windows95	screenshot	zenjxl	5	1.0	48440	49049	609	-39.524	-38.764	0.759999999999998	89.5255	89.5255	1.4574	1.4574	0.0	-0.343	-0.343	0.0	896.643	326.719	2.744385848389595	727.314	-34.89	-762.204
windows95	screenshot	zenjxl	5	1.25	44995	45602	607	-39.481	-38.665	0.8160000000000025	87.9249	87.9249	0.9048	0.9048	0.0	-0.27	-0.27	0.0	913.185	240.98	3.789463855921653	425.403	-15.396	-440.79900000000004
windows95	screenshot	zenjxl	5	1.5	42531	43100	569	-38.827	-38.009	0.8179999999999978	85.6396	85.6396	0.9496	0.9496	0.0	-0.637	-0.637	0.0	941.271	297.073	3.1684838406721583	489.973	34.528	-455.445
windows95	screenshot	zenjxl	5	1.75	40597	41092	495	-37.515	-36.753	0.7620000000000005	83.8906	83.8906	1.2553	1.2553	0.0	-2.13	-2.13	0.0	1009.125	299.53	3.369028144092412	591.19	39.482	-551.7080000000001
windows95	screenshot	zenjxl	5	2.0	47324	47891	567	-23.246	-22.327	0.9189999999999969	88.0078	88.0078	7.3659	7.3659	0.0	-43.575	-43.575	0.0	860.921	377.31	2.281733852800085	400.383	33.272	-367.111
windows95	screenshot	zenjxl	5	2.25	45368	45846	478	-23.042	-22.232	0.8100000000000023	87.31	87.31	8.8094	8.8094	0.0	-46.755	-46.755	0.0	983.088	219.927	4.470065067044974	438.505	-42.185	-480.69
windows95	screenshot	zenjxl	5	2.5	43739	44193	454	-21.751	-20.939	0.8120000000000012	85.9019	85.9019	9.4864	9.4864	0.0	-44.464	-44.464	0.0	1074.0	254.1	4.22668240850059	603.435	-28.006	-631.4409999999999
windows95	screenshot	zenjxl	5	2.75	42723	43188	465	-20.996	-20.136	0.8599999999999994	85.8574	85.8574	11.1776	11.1776	0.0	-37.416	-37.416	0.0	893.412	347.612	2.570141422045269	407.087	32.064	-375.02299999999997
windows95	screenshot	zenjxl	5	3.0	41276	41713	437	-19.784	-18.935	0.8490000000000002	84.8514	84.8514	12.6319	12.6319	0.0	-48.766	-48.766	0.0	836.156	509.075	1.6425006138584688	364.967	40.697	-324.27
windows95	screenshot	zenjxl	5	3.25	40165	40566	401	-19.774	-18.973	0.8010000000000019	83.4971	83.4971	15.5826	15.5826	0.0	-54.006	-54.006	0.0	862.334	416.816	2.068860120532801	418.09	44.61	-373.47999999999996
windows95	screenshot	zenjxl	5	3.5	38795	39231	436	-19.116	-18.207	0.9089999999999989	81.037	81.037	15.7991	15.7991	0.0	-53.556	-53.556	0.0	1005.511	216.937	4.635036900113858	592.633	-29.476	-622.109
windows95	screenshot	zenjxl	5	3.75	37804	38188	384	-18.258	-17.428	0.8299999999999983	80.2343	80.2343	14.2777	14.2777	0.0	-47.507	-47.507	0.0	995.419	315.524	3.154812312217137	463.383	-44.029	-507.412
windows95	screenshot	zenjxl	5	4.0	36758	37121	363	-18.675	-17.872	0.8030000000000008	77.8924	77.8924	15.2182	15.2182	0.0	-39.795	-39.795	0.0	868.616	400.966	2.1663083652978057	488.014	30.67	-457.344
windows95	screenshot	zenjxl	5	4.25	35790	36180	390	-17.193	-16.291	0.902000000000001	78.52	78.52	17.7837	17.7837	0.0	-40.354	-40.354	0.0	845.58	408.59	2.069507330086395	432.648	50.727	-381.92100000000005
windows95	screenshot	zenjxl	5	4.5	34992	35332	340	-17.263	-16.459	0.804000000000002	77.0637	77.0637	14.8972	14.8972	0.0	-37.138	-37.138	0.0	825.56	550.302	1.5001944386900283	564.716	22.827	-541.889
windows95	screenshot	zenjxl	5	4.75	34096	34482	386	-17.477	-16.543	0.934000000000001	76.8653	76.8653	15.8741	15.8741	0.0	-32.616	-32.616	0.0	884.194	455.097	1.9428693223642433	503.324	5.45	-497.874
windows95	screenshot	zenjxl	5	5.0	33292	33686	394	-16.76	-15.774	0.9860000000000024	76.0341	76.0341	16.4594	16.4594	0.0	-36.453	-36.453	0.0	956.525	600.014	1.5941711360068265	257.111	87.493	-169.618
windows95	screenshot	zenjxl	6	0.25	50701	51628	927	-29.973	-28.693	1.2799999999999976	95.0837	95.0837	0.0195	0.0195	0.0	0.389	0.389	0.0	1016.516	692.001	1.468951634462956	437.975	62.216	-375.759
windows95	screenshot	zenjxl	6	0.5	45165	45962	797	-29.892	-28.655	1.2369999999999983	93.1969	93.1969	0.7354	0.7354	0.0	-6.008	-6.008	0.0	1015.042	480.092	2.1142655990935073	372.945	-15.005	-387.95
windows95	screenshot	zenjxl	6	0.75	53152	53819	667	-39.221	-38.458	0.7629999999999981	90.4476	90.4476	0.373	0.373	0.0	0.624	0.624	0.0	1105.41	508.343	2.174535697353952	307.968	-33.635	-341.603
windows95	screenshot	zenjxl	6	1.0	48258	48864	606	-39.294	-38.531	0.7629999999999981	88.4695	88.4695	1.1056	1.1056	0.0	-2.622	-2.622	0.0	1105.937	825.222	1.3401690696564075	177.05	14.094	-162.95600000000002
windows95	screenshot	zenjxl	6	1.25	44754	45330	576	-38.882	-38.095	0.786999999999999	87.414	87.414	0.6769	0.6769	0.0	-5.967	-5.967	0.0	970.19	707.483	1.371326236814171	254.995	11.982	-243.013
windows95	screenshot	zenjxl	6	1.5	42384	42977	593	-38.271	-37.407	0.8640000000000043	85.1855	85.1855	0.6167	0.6167	0.0	-5.184	-5.184	0.0	1036.971	794.707	1.3048469435905308	180.225	32.639	-147.58599999999998
windows95	screenshot	zenjxl	6	1.75	40470	40917	447	-37.742	-37.055	0.6869999999999976	83.7634	83.7634	1.1898	1.1898	0.0	2.156	2.156	0.0	1083.639	889.118	1.2187797345234264	240.332	21.984	-218.34799999999998
windows95	screenshot	zenjxl	6	2.0	46715	47232	517	-24.286	-23.448	0.838000000000001	87.4411	87.4411	6.5108	6.5108	0.0	-43.227	-43.227	0.0	1110.604	990.629	1.1211099210703503	275.829	15.963	-259.866
windows95	screenshot	zenjxl	6	2.25	44978	45497	519	-24.639	-23.769	0.870000000000001	87.1436	87.1436	8.5343	8.5343	0.0	-41.18	-41.18	0.0	981.393	965.873	1.0160683650956182	224.865	26.849	-198.01600000000002
windows95	screenshot	zenjxl	6	2.5	43587	44049	462	-22.011	-21.185	0.8260000000000005	85.6297	85.6297	10.6598	10.6598	0.0	-49.875	-49.875	0.0	1146.845	977.687	1.173018563200697	280.199	27.316	-252.883
windows95	screenshot	zenjxl	6	2.75	42474	42950	476	-21.525	-20.645	0.879999999999999	85.5684	85.5684	9.9706	9.9706	0.0	-45.311	-45.311	0.0	1209.325	955.537	1.2655972505512607	279.984	67.302	-212.68199999999996
windows95	screenshot	zenjxl	6	3.0	41171	41598	427	-20.848	-20.027	0.820999999999998	84.8656	84.8656	12.0457	12.0457	0.0	-47.406	-47.406	0.0	938.22	690.314	1.359120632060193	220.11	8.811	-211.299
windows95	screenshot	zenjxl	6	3.25	40242	40691	449	-20.469	-19.581	0.8880000000000017	83.4752	83.4752	15.4593	15.4593	0.0	-49.322	-49.322	0.0	1098.951	892.217	1.2317082055150261	244.034	-2.714	-246.748
windows95	screenshot	zenjxl	6	3.5	38698	39156	458	-20.6	-19.66	0.9400000000000013	81.3341	81.3341	15.1357	15.1357	0.0	-52.738	-52.738	0.0	1214.669	921.739	1.3178014600662444	219.935	27.482	-192.453
windows95	screenshot	zenjxl	6	3.75	37907	38341	434	-19.94	-19.023	0.9170000000000016	81.144	81.144	14.0972	14.0972	0.0	-43.408	-43.408	0.0	1038.483	994.669	1.0440488242822485	221.301	36.188	-185.113
windows95	screenshot	zenjxl	6	4.0	36986	37347	361	-19.971	-19.19	0.7809999999999988	78.2457	78.2457	15.0451	15.0451	0.0	-35.657	-35.657	0.0	1069.122	1013.914	1.054450377448186	244.786	30.937	-213.849
windows95	screenshot	zenjxl	6	4.25	36270	36661	391	-16.036	-15.131	0.9050000000000011	78.1334	78.1334	18.3601	18.3601	0.0	-38.777	-38.777	0.0	1133.014	775.322	1.4613463825352562	187.64	-11.151	-198.791
windows95	screenshot	zenjxl	6	4.5	35592	35936	344	-17.178	-16.377	0.8010000000000019	76.7743	76.7743	16.6631	16.6631	0.0	-36.908	-36.908	0.0	1176.087	836.471	1.4060104893056662	232.406	-32.68	-265.086
windows95	screenshot	zenjxl	6	4.75	34608	34963	355	-16.692	-15.837	0.8550000000000004	76.5303	76.5303	14.5923	14.5923	0.0	-33.674	-33.674	0.0	1018.033	874.487	1.1641488095306163	236.782	55.198	-181.584
windows95	screenshot	zenjxl	6	5.0	33627	33984	357	-16.463	-15.576	0.8870000000000005	75.6411	75.6411	15.0551	15.0551	0.0	-33.728	-33.728	0.0	1086.227	967.313	1.1229322876876462	269.454	33.571	-235.883
windows95	screenshot	zenjxl	7	0.25	53313	54278	965	3.194	5.062	1.8680000000000003	95.3255	95.3255	-0.1334	-0.1334	0.0	0.294	0.294	0.0	1172.453	924.083	1.2687745581295187	303.665	12.603	-291.062
windows95	screenshot	zenjxl	7	0.5	47743	48553	810	4.086	5.851	1.7649999999999997	94.0908	94.0908	0.112	0.112	0.0	-26.162	-26.162	0.0	1094.106	725.731	1.5075916558614693	314.962	-16.664	-331.626
windows95	screenshot	zenjxl	7	0.75	55147	55811	664	2.183	3.413	1.23	91.8918	91.8918	0.004	0.004	0.0	24.536	24.536	0.0	1209.702	737.769	1.6396758334925972	132.237	-21.001	-153.238
windows95	screenshot	zenjxl	7	1.0	50052	50660	608	1.181	2.41	1.229	90.3974	90.3974	0.4699	0.4699	0.0	-1.594	-1.594	0.0	1153.351	670.83	1.7192895368424193	170.123	-27.84	-197.963
windows95	screenshot	zenjxl	7	1.25	46827	47390	563	1.648	2.87	1.2220000000000002	88.7084	88.7084	0.2947	0.2947	0.0	-9.843	-9.843	0.0	1039.124	1000.119	1.039000358957284	217.481	-8.614	-226.095
windows95	screenshot	zenjxl	7	1.5	44211	44800	589	2.317	3.68	1.363	86.6827	86.6827	0.2532	0.2532	0.0	-20.006	-20.006	0.0	1079.377	712.569	1.5147683943590025	184.587	-28.11	-212.697
windows95	screenshot	zenjxl	7	1.75	42224	42678	454	3.541	4.654	1.113	84.8871	84.8871	-0.1114	-0.1114	0.0	-0.355	-0.355	0.0	1196.739	1220.835	0.9802626890611753	177.045	-11.418	-188.463
windows95	screenshot	zenjxl	7	2.0	55038	55558	520	40.805	42.136	1.331000000000003	91.5677	91.5677	8.2027	8.2027	0.0	-42.317	-42.317	0.0	1189.623	830.319	1.432730071213594	130.893	-35.843	-166.736
windows95	screenshot	zenjxl	7	2.25	52917	53432	515	39.036	40.389	1.3530000000000015	90.4852	90.4852	7.9445	7.9445	0.0	-57.941	-57.941	0.0	1074.105	958.887	1.1201580582487822	163.044	18.626	-144.418
windows95	screenshot	zenjxl	7	2.5	51291	51752	461	43.568	44.858	1.2899999999999991	90.4506	90.4506	11.0213	11.0213	0.0	-58.256	-58.256	0.0	1060.837	995.269	1.0658796767507075	123.581	84.703	-38.878
windows95	screenshot	zenjxl	7	2.75	49754	50238	484	47.336	48.77	1.4340000000000046	89.2482	89.2482	11.2045	11.2045	0.0	-58.299	-58.299	0.0	1074.573	1007.214	1.066876552549905	188.691	1.523	-187.168
windows95	screenshot	zenjxl	7	3.0	48106	48587	481	46.49	47.955	1.4649999999999963	87.5187	87.5187	11.3658	11.3658	0.0	-52.076	-52.076	0.0	965.367	979.803	0.9852664260060441	127.946	3.256	-124.69
windows95	screenshot	zenjxl	7	3.25	46833	47313	480	45.394	46.885	1.4909999999999997	86.9014	86.9014	12.9556	12.9556	0.0	-56.974	-56.974	0.0	993.551	987.909	1.0057110523337676	205.299	20.84	-184.459
windows95	screenshot	zenjxl	7	3.5	45888	46343	455	49.785	51.27	1.4850000000000065	85.909	85.909	13.7847	13.7847	0.0	-56.282	-56.282	0.0	865.466	678.606	1.2753586027827635	57.008	-28.831	-85.839
windows95	screenshot	zenjxl	7	3.75	44884	45326	442	49.823	51.298	1.4750000000000014	86.4422	86.4422	13.7884	13.7884	0.0	-56.199	-56.199	0.0	880.143	857.708	1.0261569205370593	170.972	-7.744	-178.716
windows95	screenshot	zenjxl	7	4.0	43539	43894	355	49.706	50.927	1.2209999999999965	83.4862	83.4862	16.7233	16.7233	0.0	-53.735	-53.735	0.0	1230.835	1440.754	0.8542992072206637	288.846	93.021	-195.825
windows95	screenshot	zenjxl	7	4.25	42597	42972	375	53.708	55.061	1.3530000000000015	83.8381	83.8381	20.0359	20.0359	0.0	-59.247	-59.247	0.0	1185.893	1424.797	0.832324183725822	126.895	20.399	-106.496
windows95	screenshot	zenjxl	7	4.5	41619	41993	374	52.786	54.159	1.3729999999999976	83.0055	83.0055	18.877	18.877	0.0	-56.32	-56.32	0.0	1162.309	1290.863	0.9004123597934095	234.669	27.135	-207.53400000000002
windows95	screenshot	zenjxl	7	4.75	40669	41035	366	51.835	53.201	1.3659999999999997	82.5554	82.5554	15.6264	15.6264	0.0	-56.116	-56.116	0.0	1022.565	1109.86	0.9213459355233995	233.502	35.137	-198.365
windows95	screenshot	zenjxl	7	5.0	40185	40576	391	53.595	55.089	1.4939999999999998	82.1613	82.1613	17.0641	17.0641	0.0	-56.978	-56.978	0.0	1075.67	1410.648	0.7625360827080888	211.297	70.532	-140.765
windows95	screenshot	zenjxl	8	0.25	50783	50979	196	-18.038	-17.721	0.31700000000000017	95.0257	95.0257	-0.627	-0.627	0.0	28.483	28.483	0.0	1411.335	4031.689	0.35006048333589224	28.51	11.27	-17.240000000000002
windows95	screenshot	zenjxl	8	0.5	46028	46141	113	-14.021	-13.81	0.2110000000000003	93.7581	93.7581	-0.4234	-0.4234	0.0	-11.494	-11.494	0.0	1439.278	2644.862	0.5441788645305502	27.431	-33.367	-60.798
windows95	screenshot	zenjxl	8	0.75	53077	53069	-8	-20.624	-20.636	-0.012000000000000455	91.5554	91.5554	-1.0757	-1.0757	0.0	18.328	18.328	0.0	1513.938	3466.115	0.43678239181331263	67.107	48.639	-18.467999999999996
windows95	screenshot	zenjxl	8	1.0	47493	47609	116	-20.7	-20.506	0.19399999999999906	89.5822	89.5822	-1.3554	-1.3554	0.0	-28.899	-28.899	0.0	1651.733	2174.691	0.7595253762488556	85.692	15.5	-70.192
windows95	screenshot	zenjxl	8	1.25	44075	44197	122	-18.175	-17.949	0.2259999999999991	87.5006	87.5006	-0.6567	-0.6567	0.0	-13.303	-13.303	0.0	1573.965	1769.664	0.8894146007377671	49.264	12.904	-36.36
windows95	screenshot	zenjxl	8	1.5	41689	41835	146	-16.544	-16.251	0.29299999999999926	85.9144	85.9144	-0.3623	-0.3623	0.0	-8.52	-8.52	0.0	1946.012	2451.938	0.7936628087659638	55.806	24.11	-31.695999999999998
windows95	screenshot	zenjxl	8	1.75	39294	39349	55	-16.065	-15.948	0.11700000000000088	84.2721	84.2721	0.3096	0.3096	0.0	-6.814	-6.814	0.0	1825.99	2197.915	0.8307828100722731	43.84	-23.052	-66.892
windows95	screenshot	zenjxl	8	2.0	50009	50064	55	11.61	11.733	0.12300000000000111	89.2894	89.2894	7.186	7.186	0.0	-48.583	-48.583	0.0	1951.245	2822.721	0.6912638549824797	62.101	-2.994	-65.095
windows95	screenshot	zenjxl	8	2.25	48583	48617	34	11.852	11.93	0.0779999999999994	89.6358	89.6358	7.6866	7.6866	0.0	-60.764	-60.764	0.0	1819.399	3710.052	0.4903971696353582	64.062	42.862	-21.199999999999996
windows95	screenshot	zenjxl	8	2.5	46272	46322	50	13.621	13.743	0.12199999999999989	86.9309	86.9309	8.5065	8.5065	0.0	-58.898	-58.898	0.0	1677.245	3416.738	0.4908907267692167	44.343	23.028	-21.315000000000005
windows95	screenshot	zenjxl	8	2.75	44485	44489	4	17.963	17.974	0.010999999999999233	86.1595	86.1595	9.1149	9.1149	0.0	-60.789	-60.789	0.0	1542.383	2678.582	0.5758207140942484	33.567	21.466	-12.100999999999999
windows95	screenshot	zenjxl	8	3.0	43393	43457	64	15.208	15.378	0.16999999999999993	85.9003	85.9003	10.7102	10.7102	0.0	-54.313	-54.313	0.0	1658.025	4280.914	0.38730630888637335	52.935	28.507	-24.428
windows95	screenshot	zenjxl	8	3.25	42235	42233	-2	17.489	17.484	-0.004999999999999005	85.1247	85.1247	12.9715	12.9715	0.0	-56.465	-56.465	0.0	1532.126	3265.702	0.46915670811360005	38.255	77.836	39.580999999999996
windows95	screenshot	zenjxl	8	3.5	40734	40765	31	17.977	18.067	0.08999999999999986	84.5616	84.5616	13.5816	13.5816	0.0	-55.082	-55.082	0.0	1914.635	3220.754	0.5944679413578311	44.622	-6.264	-50.886
windows95	screenshot	zenjxl	8	3.75	40237	40296	59	21.021	21.198	0.1769999999999996	82.7376	82.7376	12.0815	12.0815	0.0	-59.783	-59.783	0.0	1652.013	3004.711	0.5498076187693259	6.456	-5.387	-11.843
windows95	screenshot	zenjxl	8	4.0	43236	43258	22	34.7	34.769	0.06899999999999551	84.0002	84.0002	17.7633	17.7633	0.0	-58.584	-58.584	0.0	1956.239	4368.059	0.44785086465178237	47.419	24.454	-22.964999999999996
windows95	screenshot	zenjxl	8	4.25	41834	41912	78	36.95	37.205	0.25499999999999545	83.2976	83.2976	20.9647	20.9647	0.0	-59.4	-59.4	0.0	2012.209	2523.963	0.797241877159055	59.694	-8.412	-68.10600000000001
windows95	screenshot	zenjxl	8	4.5	41520	41509	-11	40.479	40.442	-0.036999999999999034	84.0916	84.0916	20.8664	20.8664	0.0	-58.257	-58.257	0.0	2126.281	7083.852	0.30015886836709743	77.371	106.236	28.86500000000001
windows95	screenshot	zenjxl	8	4.75	40613	40663	50	42.187	42.362	0.17500000000000426	82.2576	82.2576	18.5797	18.5797	0.0	-57.27	-57.27	0.0	1551.872	4051.726	0.38301504099734285	34.202	26.441	-7.760999999999999
windows95	screenshot	zenjxl	8	5.0	40284	40333	49	43.288	43.462	0.1740000000000066	81.8335	81.8335	19.758	19.758	0.0	-57.271	-57.271	0.0	1730.612	3199.079	0.5409719484889245	22.941	7.716	-15.224999999999998
windows95	screenshot	zenjxl	9	0.25	45790	45790	0	-24.783	-24.783	0.0	95.0396	95.0396	-0.6761	-0.6761	0.0	14.583	14.583	0.0	2594.025	5966.635	0.43475510065556217	106.597	38.124	-68.47299999999998
windows95	screenshot	zenjxl	9	0.5	43074	43074	0	-19.342	-19.342	0.0	93.7424	93.7424	-0.3938	-0.3938	0.0	-0.031	-0.031	0.0	2375.131	7041.756	0.33729243103566775	47.951	53.702	5.750999999999998
windows95	screenshot	zenjxl	9	0.75	54195	54195	0	-20.41	-20.41	0.0	91.8451	91.8451	-0.8746	-0.8746	0.0	14.375	14.375	0.0	2069.745	6147.833	0.3366625280810328	7.234	57.673	50.439
windows95	screenshot	zenjxl	9	1.0	48162	48162	0	-22.481	-22.481	0.0	89.8881	89.8881	-1.1979	-1.1979	0.0	12.074	12.074	0.0	2105.201	5083.448	0.4141285599852698	23.427	4.675	-18.752
windows95	screenshot	zenjxl	9	1.25	44499	44499	0	-21.978	-21.978	0.0	87.7482	87.7482	-2.258	-2.258	0.0	1.024	1.024	0.0	2280.284	6758.457	0.33739713073561023	30.626	28.987	-1.639000000000003
windows95	screenshot	zenjxl	9	1.5	42224	42224	0	-18.414	-18.414	0.0	86.1628	86.1628	-0.7053	-0.7053	0.0	-14.491	-14.491	0.0	2253.05	4832.257	0.4662521053826401	36.12	-26.365	-62.485
windows95	screenshot	zenjxl	9	1.75	39854	39854	0	-17.035	-17.035	0.0	84.5457	84.5457	-0.7728	-0.7728	0.0	-17.583	-17.583	0.0	2230.84	6977.513	0.3197185014202052	23.706	43.855	20.148999999999997
windows95	screenshot	zenjxl	9	2.0	50885	50885	0	10.834	10.834	0.0	89.2894	89.2894	6.0511	6.0511	0.0	-44.24	-44.24	0.0	1985.801	6254.078	0.3175209839084194	20.014	48.519	28.505
windows95	screenshot	zenjxl	9	2.25	49269	49269	0	10.976	10.976	0.0	89.6358	89.6358	7.6386	7.6386	0.0	-51.006	-51.006	0.0	2006.487	5569.495	0.3602637222943912	5.567	22.679	17.112
windows95	screenshot	zenjxl	9	2.5	46981	46981	0	12.886	12.886	0.0	86.9309	86.9309	8.0046	8.0046	0.0	-53.246	-53.246	0.0	1794.389	7318.635	0.24518082948527967	34.938	123.912	88.974
windows95	screenshot	zenjxl	9	2.75	45128	45128	0	16.966	16.966	0.0	86.1595	86.1595	9.0728	9.0728	0.0	-55.069	-55.069	0.0	1776.471	6268.018	0.28341829905402316	13.169	1.497	-11.672
windows95	screenshot	zenjxl	9	3.0	44050	44050	0	15.169	15.169	0.0	85.9003	85.9003	10.6381	10.6381	0.0	-51.918	-51.918	0.0	2418.101	8996.57	0.268780324056835	28.976	126.895	97.919
windows95	screenshot	zenjxl	9	3.25	42804	42804	0	16.839	16.839	0.0	85.1247	85.1247	13.131	13.131	0.0	-57.726	-57.726	0.0	1895.04	5420.833	0.34958464870620437	19.549	34.215	14.666000000000004
windows95	screenshot	zenjxl	9	3.5	41253	41253	0	16.606	16.606	0.0	84.5616	84.5616	14.8342	14.8342	0.0	-53.571	-53.571	0.0	1914.172	7360.016	0.2600771520061913	19.09	41.833	22.743
windows95	screenshot	zenjxl	9	3.75	40856	40856	0	20.829	20.829	0.0	82.7376	82.7376	12.4116	12.4116	0.0	-49.335	-49.335	0.0	2017.16	7605.676	0.26521771371801794	-1.898	83.493	85.39099999999999
windows95	screenshot	zenjxl	9	4.0	39370	39370	0	19.943	19.943	0.0	81.9272	81.9272	12.8163	12.8163	0.0	-38.517	-38.517	0.0	2454.866	5300.93	0.4631010030315435	40.674	45.716	5.042000000000002
windows95	screenshot	zenjxl	9	4.25	38205	38205	0	21.827	21.827	0.0	81.2874	81.2874	18.8899	18.8899	0.0	-50.001	-50.001	0.0	2583.293	5059.082	0.5106248524930017	21.571	72.06	50.489000000000004
windows95	screenshot	zenjxl	9	4.5	37728	37728	0	24.688	24.688	0.0	81.787	81.787	19.2079	19.2079	0.0	-46.947	-46.947	0.0	2324.224	6770.387	0.3432926360044116	38.24	146.98	108.73999999999998
windows95	screenshot	zenjxl	9	4.75	37021	37021	0	25.618	25.618	0.0	80.038	80.038	16.5711	16.5711	0.0	-49.915	-49.915	0.0	2187.8	5537.582	0.39508218569043313	7.611	46.286	38.675000000000004
windows95	screenshot	zenjxl	9	5.0	36787	36787	0	27.564	27.564	0.0	79.3322	79.3322	16.5966	16.5966	0.0	-52.903	-52.903	0.0	2038.609	5046.522	0.40396316512639796	12.247	86.377	74.13
1025469	cid22	libjxl	5	0.25	104974	105091	117	-0.203	-0.092	0.11100000000000002	95.0033	95.0033	-0.0073	-0.0073	0.0	-3.828	-3.828	0.0	1035.971	262.092	3.952699815332021	877.459	31.493	-845.9659999999999
1025469	cid22	libjxl	5	0.5	64979	65048	69	0.083	0.189	0.106	92.3609	92.3609	-0.2505	-0.2505	0.0	0.755	0.755	0.0	987.081	146.912	6.7188589087344806	531.988	-41.007	-572.995
1025469	cid22	libjxl	5	0.75	47213	47384	171	0.751	1.116	0.3650000000000001	90.0215	90.0215	-0.0405	-0.0405	0.0	-1.655	-1.655	0.0	936.545	305.745	3.063157206168539	486.679	-17.616	-504.29499999999996
1025469	cid22	libjxl	5	1.0	38536	38843	307	1.384	2.192	0.8080000000000003	87.8516	87.8516	-0.2605	-0.2605	0.0	-3.115	-3.115	0.0	974.263	299.004	3.2583610921593023	536.142	50.109	-486.0330000000001
1025469	cid22	libjxl	5	1.25	32865	33192	327	1.46	2.47	1.0100000000000002	84.9702	84.9702	-0.2766	-0.2766	0.0	0.155	0.155	0.0	932.526	312.423	2.9848186593176558	697.098	-22.563	-719.661
1025469	cid22	libjxl	5	1.5	28576	28914	338	1.604	2.805	1.201	82.8829	82.8829	-0.1119	-0.1119	0.0	-5.467	-5.467	0.0	902.955	341.957	2.6405512973853438	608.345	1.46	-606.885
1025469	cid22	libjxl	5	1.75	25573	25869	296	2.366	3.551	1.185	80.5166	80.5166	-0.0922	-0.0922	0.0	-3.598	-3.598	0.0	894.968	255.952	3.4966243670688253	557.633	-1.386	-559.019
1025469	cid22	libjxl	5	2.0	23087	23454	367	3.003	4.64	1.6369999999999996	78.5765	78.5765	0.1196	0.1196	0.0	8.844	8.844	0.0	905.685	228.219	3.968490791739513	673.073	-25.182	-698.255
1025469	cid22	libjxl	5	2.25	20857	21228	371	2.517	4.34	1.823	76.8982	76.8982	0.3275	0.3275	0.0	-10.587	-10.587	0.0	889.917	268.055	3.319904497211393	510.321	52.197	-458.124
1025469	cid22	libjxl	5	2.5	19183	19545	362	2.266	4.196	1.9299999999999997	74.7735	74.7735	0.197	0.197	0.0	-4.527	-4.527	0.0	808.545	242.095	3.339783969103038	478.454	43.25	-435.204
1025469	cid22	libjxl	5	2.75	17631	17981	350	1.555	3.571	2.016	73.2191	73.2191	0.0221	0.0221	0.0	-2.646	-2.646	0.0	910.09	192.289	4.732928040605548	476.473	-15.796	-492.269
1025469	cid22	libjxl	5	3.0	16563	16882	319	2.691	4.669	1.9779999999999998	71.3038	71.3038	0.3558	0.3558	0.0	3.496	3.496	0.0	828.165	246.345	3.3618096571880898	662.913	-39.802	-702.715
1025469	cid22	libjxl	5	3.25	15445	15764	319	2.782	4.905	2.123	69.8366	69.8366	0.1655	0.1655	0.0	-1.509	-1.509	0.0	836.211	210.689	3.9689352552814814	530.241	-43.97	-574.211
1025469	cid22	libjxl	5	3.5	14384	14735	351	2.582	5.085	2.503	67.6503	67.6503	0.3385	0.3385	0.0	-0.808	-0.808	0.0	777.142	330.451	2.3517616832752815	591.419	-13.347	-604.766
1025469	cid22	libjxl	5	3.75	13713	14081	368	2.758	5.515	2.7569999999999997	65.9691	65.9691	0.2543	0.2543	0.0	-2.489	-2.489	0.0	678.549	313.46	2.1647068206469724	400.704	-17.211	-417.915
1025469	cid22	libjxl	5	4.0	13256	13608	352	5.382	8.18	2.798	64.5967	64.5967	2.9494	2.9494	0.0	-4.449	-4.449	0.0	887.839	396.738	2.2378471434548746	922.484	176.367	-746.1170000000001
1025469	cid22	libjxl	5	4.25	12472	12834	362	2.524	5.499	2.9749999999999996	62.4528	62.4528	3.9561	3.9561	0.0	-7.201	-7.201	0.0	959.801	485.774	1.975817972966853	474.917	133.778	-341.139
1025469	cid22	libjxl	5	4.5	12074	12431	357	5.046	8.152	3.105999999999999	60.8226	60.8226	3.7176	3.7176	0.0	-13.523	-13.523	0.0	913.688	529.813	1.7245480952713506	843.766	54.52	-789.246
1025469	cid22	libjxl	5	4.75	11554	11887	333	4.382	7.39	3.008	59.0952	59.0952	3.5494	3.5494	0.0	-9.238	-9.238	0.0	795.095	317.027	2.5079725070735304	553.901	-4.721	-558.622
1025469	cid22	libjxl	5	5.0	10929	11281	352	3.084	6.404	3.32	57.8954	57.8954	3.743	3.743	0.0	5.126	5.126	0.0	852.654	425.787	2.0025364795073592	679.254	169.894	-509.36
1025469	cid22	libjxl	6	0.25	104083	104201	118	-0.446	-0.333	0.11299999999999999	94.9599	94.9599	-0.0922	-0.0922	0.0	-4.292	-4.292	0.0	1102.341	475.815	2.3167428517385957	816.73	18.937	-797.793
1025469	cid22	libjxl	6	0.5	64023	64092	69	-0.384	-0.277	0.10699999999999998	92.4596	92.4596	-0.1609	-0.1609	0.0	-0.486	-0.486	0.0	984.508	230.61	4.2691470447942415	495.704	-41.561	-537.265
1025469	cid22	libjxl	6	0.75	46478	46655	177	-0.032	0.348	0.38	90.1095	90.1095	-0.0007	-0.0007	0.0	-1.114	-1.114	0.0	1041.135	377.46	2.75826577650612	333.942	-21.941	-355.883
1025469	cid22	libjxl	6	1.0	37652	37998	346	-0.159	0.758	0.917	87.7718	87.7718	-0.2044	-0.2044	0.0	-0.141	-0.141	0.0	1035.106	299.68	3.4540376401494925	344.778	44.43	-300.348
1025469	cid22	libjxl	6	1.25	32834	33123	289	2.437	3.338	0.9010000000000002	85.3722	85.3722	-0.4876	-0.4876	0.0	1.595	1.595	0.0	1057.697	273.411	3.8685239438062107	269.842	-1.132	-270.974
1025469	cid22	libjxl	6	1.5	27922	28276	354	-0.1	1.166	1.266	83.2298	83.2298	-0.3728	-0.3728	0.0	-0.424	-0.424	0.0	910.822	243.587	3.7392061152688774	218.308	-49.87	-268.178
1025469	cid22	libjxl	6	1.75	24788	25099	311	-1.259	-0.02	1.2389999999999999	81.1295	81.1295	-0.0408	-0.0408	0.0	4.699	4.699	0.0	932.687	266.168	3.5041289711760992	289.356	-44.56	-333.916
1025469	cid22	libjxl	6	2.0	22917	23243	326	0.703	2.136	1.4330000000000003	79.1592	79.1592	-0.248	-0.248	0.0	4.921	4.921	0.0	1010.663	243.559	4.149561297262676	353.122	11.127	-341.995
1025469	cid22	libjxl	6	2.25	20326	20672	346	-1.84	-0.169	1.671	77.4693	77.4693	0.1865	0.1865	0.0	-5.963	-5.963	0.0	887.799	294.107	3.0186258742566476	397.507	5.758	-391.749
1025469	cid22	libjxl	6	2.5	18675	19028	353	-2.562	-0.72	1.8419999999999999	75.5077	75.5077	-0.383	-0.383	0.0	-3.304	-3.304	0.0	977.526	219.83	4.446736114270117	319.128	-24.481	-343.609
1025469	cid22	libjxl	6	2.75	17389	17722	333	-1.774	0.107	1.881	73.6835	73.6835	-0.3291	-0.3291	0.0	-9.356	-9.356	0.0	807.828	218.327	3.7000829031681834	251.459	-44.743	-296.202
1025469	cid22	libjxl	6	3.0	16262	16610	348	-1.977	0.121	2.098	71.8237	71.8237	-0.5854	-0.5854	0.0	4.58	4.58	0.0	890.393	248.027	3.5899035185685433	538.178	15.104	-523.074
1025469	cid22	libjxl	6	3.25	15165	15492	327	-1.959	0.155	2.114	70.1197	70.1197	-0.6583	-0.6583	0.0	2.344	2.344	0.0	798.773	258.353	3.0917891412137655	423.038	-18.102	-441.14
1025469	cid22	libjxl	6	3.5	14152	14500	348	-3.261	-0.882	2.379	68.1855	68.1855	-0.3861	-0.3861	0.0	1.651	1.651	0.0	889.442	266.007	3.3436789257425557	231.044	-29.805	-260.849
1025469	cid22	libjxl	6	3.75	13537	13938	401	-2.316	0.577	2.893	66.4081	66.4081	-0.7658	-0.7658	0.0	-2.097	-2.097	0.0	749.504	356.065	2.10496398129555	370.306	-16.861	-387.167
1025469	cid22	libjxl	6	4.0	12985	13370	385	-2.821	0.06	2.8810000000000002	65.0372	65.0372	-0.5593	-0.5593	0.0	19.972	19.972	0.0	932.837	431.348	2.1626088448306238	197.687	51.819	-145.868
1025469	cid22	libjxl	6	4.25	12614	12977	363	-2.685	0.116	2.801	62.4344	62.4344	0.0098	0.0098	0.0	1.652	1.652	0.0	1012.645	453.588	2.232521583463407	355.502	40.987	-314.515
1025469	cid22	libjxl	6	4.5	12559	12922	363	2.472	5.434	2.962	60.7725	60.7725	-0.4404	-0.4404	0.0	-1.226	-1.226	0.0	901.354	548.361	1.6437237513244014	345.619	20.225	-325.394
1025469	cid22	libjxl	6	4.75	11499	11859	360	-0.338	2.782	3.12	59.1038	59.1038	-0.3761	-0.3761	0.0	-5.88	-5.88	0.0	783.476	446.164	1.7560269318008626	491.21	47.564	-443.64599999999996
1025469	cid22	libjxl	6	5.0	10981	11334	353	-0.561	2.635	3.1959999999999997	57.791	57.791	-0.2987	-0.2987	0.0	2.749	2.749	0.0	868.247	311.986	2.782967825479348	233.436	6.209	-227.227
1025469	cid22	libjxl	7	0.25	104078	104209	131	0.264	0.39	0.126	95.0039	95.0039	-0.1476	-0.1476	0.0	1.816	1.816	0.0	1121.385	394.532	2.8423169730212	691.272	61.467	-629.8050000000001
1025469	cid22	libjxl	7	0.5	63987	64057	70	0.127	0.236	0.10899999999999999	92.4283	92.4283	-0.3958	-0.3958	0.0	-0.847	-0.847	0.0	1051.643	219.793	4.784697419845036	592.531	-20.035	-612.5659999999999
1025469	cid22	libjxl	7	0.75	46419	46574	155	0.374	0.709	0.33499999999999996	90.08	90.08	-0.399	-0.399	0.0	0.655	0.655	0.0	1109.174	375.064	2.9572926220591684	364.521	-33.434	-397.95500000000004
1025469	cid22	libjxl	7	1.0	37614	37960	346	-0.08	0.839	0.9189999999999999	87.7524	87.7524	-0.6359	-0.6359	0.0	-0.312	-0.312	0.0	1078.379	446.326	2.4161240886706126	373.069	-30.001	-403.07
1025469	cid22	libjxl	7	1.25	32816	33106	290	2.627	3.534	0.907	85.5313	85.5313	-0.4362	-0.4362	0.0	1.623	1.623	0.0	984.984	384.43	2.562193377207814	311.643	-36.752	-348.395
1025469	cid22	libjxl	7	1.5	27917	28269	352	0.0	1.261	1.261	83.2566	83.2566	-0.2175	-0.2175	0.0	-0.429	-0.429	0.0	902.979	228.898	3.9448968536203903	407.435	-35.008	-442.443
1025469	cid22	libjxl	7	1.75	24773	25076	303	-1.295	-0.088	1.2069999999999999	81.1701	81.1701	-0.3477	-0.3477	0.0	2.212	2.212	0.0	907.152	238.517	3.803301232197286	311.008	-23.131	-334.139
1025469	cid22	libjxl	7	2.0	22928	23254	326	0.774	2.206	1.432	79.2805	79.2805	-0.4456	-0.4456	0.0	3.554	3.554	0.0	915.736	264.959	3.456142271068354	223.014	4.058	-218.95600000000002
1025469	cid22	libjxl	7	2.25	20324	20671	347	-2.001	-0.328	1.6729999999999998	77.8822	77.8822	-0.116	-0.116	0.0	-6.762	-6.762	0.0	988.685	297.432	3.324070711961053	283.378	8.482	-274.89599999999996
1025469	cid22	libjxl	7	2.5	18672	19025	353	-2.409	-0.564	1.8449999999999998	75.8571	75.8571	-0.5521	-0.5521	0.0	-3.323	-3.323	0.0	914.585	386.888	2.363952875250719	427.41	-24.591	-452.00100000000003
1025469	cid22	libjxl	7	2.75	17397	17726	329	-1.489	0.374	1.863	73.8127	73.8127	-0.5669	-0.5669	0.0	-11.803	-11.803	0.0	767.792	505.584	1.518624007088832	234.239	55.553	-178.686
1025469	cid22	libjxl	7	3.0	16263	16615	352	-2.271	-0.156	2.1149999999999998	71.8216	71.8216	-0.9279	-0.9279	0.0	4.788	4.788	0.0	902.148	345.448	2.6115305342627546	188.58	-37.099	-225.679
1025469	cid22	libjxl	7	3.25	15165	15490	325	-2.199	-0.103	2.0959999999999996	70.1498	70.1498	-0.7267	-0.7267	0.0	5.149	5.149	0.0	815.775	395.839	2.060875760094382	301.288	-38.222	-339.51
1025469	cid22	libjxl	7	3.5	14155	14501	346	-3.121	-0.753	2.368	68.2509	68.2509	-0.4891	-0.4891	0.0	-2.091	-2.091	0.0	823.759	288.469	2.8556240011925027	279.336	-35.443	-314.779
1025469	cid22	libjxl	7	3.75	13523	13937	414	-2.796	0.18	2.976	66.5591	66.5591	-0.9895	-0.9895	0.0	-2.094	-2.094	0.0	774.113	351.322	2.2034287633566927	218.222	-23.472	-241.69400000000002
1025469	cid22	libjxl	7	4.0	12978	13370	392	-3.638	-0.728	2.91	65.1417	65.1417	-0.8549	-0.8549	0.0	19.972	19.972	0.0	933.749	356.008	2.6228315094042833	208.903	-28.033	-236.93599999999998
1025469	cid22	libjxl	7	4.25	12601	12977	376	-3.114	-0.223	2.891	62.4935	62.4935	-0.4058	-0.4058	0.0	1.653	1.653	0.0	1024.044	404.04	2.5345114345114346	296.962	9.646	-287.316
1025469	cid22	libjxl	7	4.5	12568	12929	361	2.038	4.969	2.9310000000000005	60.8121	60.8121	-0.5341	-0.5341	0.0	-1.226	-1.226	0.0	918.868	636.783	1.4429845017847525	351.564	44.299	-307.26500000000004
1025469	cid22	libjxl	7	4.75	11495	11853	358	-0.922	2.163	3.085	59.094	59.094	-0.6979	-0.6979	0.0	-5.716	-5.716	0.0	864.81	498.246	1.735708866704399	330.228	-36.293	-366.521
1025469	cid22	libjxl	7	5.0	10979	11330	351	-1.321	1.834	3.1550000000000002	57.8358	57.8358	-0.5941	-0.5941	0.0	2.749	2.749	0.0	785.91	766.236	1.0256761624355941	349.691	46.822	-302.86899999999997
1025469	cid22	libjxl	8	0.25	104289	104274	-15	0.235	0.22	-0.014999999999999986	94.82	94.82	-0.2003	-0.2003	0.0	6.648	6.648	0.0	1478.909	2291.088	0.6455051049981494	78.551	-11.496	-90.047
1025469	cid22	libjxl	8	0.5	62263	62154	-109	-0.411	-0.585	-0.174	92.3309	92.3309	-0.2545	-0.2545	0.0	-1.159	-1.159	0.0	1367.517	1236.493	1.1059642068333586	66.57	-34.484	-101.054
1025469	cid22	libjxl	8	0.75	44428	44344	-84	-0.101	-0.29	-0.18899999999999997	89.811	89.811	-0.3468	-0.3468	0.0	5.043	5.043	0.0	1259.178	1532.798	0.8214898505869659	36.938	64.622	27.683999999999997
1025469	cid22	libjxl	8	1.0	35626	35619	-7	-0.338	-0.358	-0.019999999999999962	87.533	87.533	-0.4047	-0.4047	0.0	-0.933	-0.933	0.0	1369.622	1332.694	1.0277092866029263	175.669	-4.788	-180.45700000000002
1025469	cid22	libjxl	8	1.25	30855	30918	63	1.997	2.205	0.20799999999999996	84.9521	84.9521	-0.3083	-0.3083	0.0	-1.338	-1.338	0.0	1390.177	2073.359	0.6704950758648165	39.44	32.777	-6.662999999999997
1025469	cid22	libjxl	8	1.5	26125	26130	5	-1.034	-1.015	0.019000000000000128	82.5103	82.5103	-0.0455	-0.0455	0.0	-2.046	-2.046	0.0	1238.932	1201.386	1.031252236999599	45.004	-31.023	-76.027
1025469	cid22	libjxl	8	1.75	22958	23009	51	-2.576	-2.359	0.21700000000000008	80.3397	80.3397	-0.4192	-0.4192	0.0	-0.259	-0.259	0.0	1593.298	1089.716	1.462122241024267	132.902	-35.557	-168.459
1025469	cid22	libjxl	8	2.0	21032	21092	60	-0.417	-0.133	0.284	78.5585	78.5585	-0.2927	-0.2927	0.0	-0.69	-0.69	0.0	1474.907	4694.685	0.3141652741344733	38.712	123.686	84.974
1025469	cid22	libjxl	8	2.25	18647	18668	21	-2.885	-2.776	0.10899999999999999	76.4774	76.4774	-0.0401	-0.0401	0.0	-4.388	-4.388	0.0	1377.846	2427.521	0.5675938539769584	32.249	29.882	-2.367000000000001
1025469	cid22	libjxl	8	2.5	17188	17248	60	-3.237	-2.899	0.3380000000000001	74.3199	74.3199	-0.285	-0.285	0.0	-0.569	-0.569	0.0	1312.566	2001.498	0.6557918119328623	9.723	14.872	5.148999999999999
1025469	cid22	libjxl	8	2.75	15839	15909	70	-3.25	-2.822	0.42799999999999994	72.2277	72.2277	-0.796	-0.796	0.0	9.395	9.395	0.0	1480.906	2291.167	0.6463544560479442	79.578	23.743	-55.83500000000001
1025469	cid22	libjxl	8	3.0	14790	14890	100	-3.51	-2.858	0.6519999999999997	69.6399	69.6399	-0.652	-0.652	0.0	6.268	6.268	0.0	1460.762	2486.258	0.5875343588638026	56.651	10.726	-45.925000000000004
1025469	cid22	libjxl	8	3.25	13769	13843	74	-4.382	-3.868	0.5139999999999998	68.1021	68.1021	-0.4826	-0.4826	0.0	9.261	9.261	0.0	1413.62	3149.153	0.44888895522065775	49.643	51.544	1.9009999999999962
1025469	cid22	libjxl	8	3.5	12856	12999	143	-4.742	-3.683	1.0590000000000002	66.0378	66.0378	-0.8098	-0.8098	0.0	-6.225	-6.225	0.0	1248.784	2188.759	0.5705443130102492	12.897	-21.283	-34.18
1025469	cid22	libjxl	8	3.75	12234	12347	113	-4.212	-3.328	0.8839999999999999	63.4972	63.4972	-1.0886	-1.0886	0.0	0.886	0.886	0.0	1267.83	2380.229	0.5326504298535981	41.306	18.213	-23.092999999999996
1025469	cid22	libjxl	8	4.0	11653	11749	96	-4.92	-4.137	0.7830000000000004	62.604	62.604	-0.6304	-0.6304	0.0	-6.603	-6.603	0.0	1764.623	3325.703	0.530601499893406	87.224	38.53	-48.694
1025469	cid22	libjxl	8	4.25	11478	11548	70	-4.15	-3.566	0.5840000000000005	60.1171	60.1171	-0.6587	-0.6587	0.0	-4.888	-4.888	0.0	1500.73	3081.47	0.4870175598010041	64.291	21.231	-43.059999999999995
1025469	cid22	libjxl	8	4.5	11549	11629	80	0.505	1.201	0.6960000000000001	58.4992	58.4992	-0.2462	-0.2462	0.0	-0.251	-0.251	0.0	1541.888	3087.01	0.49947619217300876	50.257	6.088	-44.169
1025469	cid22	libjxl	8	4.75	10238	10353	115	-2.569	-1.475	1.0939999999999999	56.2185	56.2185	-0.8176	-0.8176	0.0	-3.399	-3.399	0.0	1327.869	1540.176	0.8621540655093963	29.351	31.756	2.405000000000001
1025469	cid22	libjxl	8	5.0	9715	9797	82	-4.352	-3.544	0.8080000000000003	54.5896	54.5896	-0.5705	-0.5705	0.0	-2.768	-2.768	0.0	1428.61	1610.968	0.8868022207765764	88.062	-28.742	-116.804
1025469	cid22	libjxl	9	0.25	106014	106014	0	1.619	1.619	0.0	94.8733	94.8733	-0.1578	-0.1578	0.0	-0.299	-0.299	0.0	1949.438	3315.426	0.5879902009575844	59.827	64.53	4.703000000000003
1025469	cid22	libjxl	9	0.5	63076	63076	0	0.574	0.574	0.0	92.3448	92.3448	-0.2375	-0.2375	0.0	-0.254	-0.254	0.0	1913.859	5301.041	0.36103455906113535	66.956	218.788	151.832
1025469	cid22	libjxl	9	0.75	44927	44927	0	0.794	0.794	0.0	89.8336	89.8336	-0.4753	-0.4753	0.0	-0.9	-0.9	0.0	1716.603	4730.687	0.36286547810074943	83.345	66.493	-16.852000000000004
1025469	cid22	libjxl	9	1.0	36053	36053	0	1.113	1.113	0.0	87.5355	87.5355	-0.3956	-0.3956	0.0	-2.777	-2.777	0.0	1713.422	3854.222	0.4445571635468844	39.233	28.914	-10.318999999999996
1025469	cid22	libjxl	9	1.25	31277	31277	0	3.707	3.707	0.0	84.9705	84.9705	-0.2884	-0.2884	0.0	-1.342	-1.342	0.0	1600.042	4041.368	0.3959159373756609	49.711	25.725	-23.985999999999997
1025469	cid22	libjxl	9	1.5	26359	26359	0	0.285	0.285	0.0	82.5199	82.5199	-0.0558	-0.0558	0.0	-2.046	-2.046	0.0	1779.185	4411.826	0.4032763304808485	54.732	35.506	-19.226
1025469	cid22	libjxl	9	1.75	23105	23105	0	-1.61	-1.61	0.0	80.3393	80.3393	-0.4196	-0.4196	0.0	-2.171	-2.171	0.0	1720.952	4287.308	0.4014061970821784	71.043	9.769	-61.27400000000001
1025469	cid22	libjxl	9	2.0	21131	21131	0	0.585	0.585	0.0	78.5006	78.5006	-0.3552	-0.3552	0.0	-0.102	-0.102	0.0	1373.478	6413.061	0.2141688656945568	4.274	76.957	72.68299999999999
1025469	cid22	libjxl	9	2.25	18765	18765	0	-1.795	-1.795	0.0	76.4774	76.4774	-0.0401	-0.0401	0.0	-4.388	-4.388	0.0	1507.892	5976.356	0.2523096013691286	46.63	94.37	47.74
1025469	cid22	libjxl	9	2.5	17261	17261	0	-2.447	-2.447	0.0	74.3199	74.3199	-0.285	-0.285	0.0	-0.569	-0.569	0.0	1666.851	3421.703	0.4871407600250519	25.286	-10.376	-35.662
1025469	cid22	libjxl	9	2.75	16000	16000	0	-1.672	-1.672	0.0	72.2354	72.2354	-0.7882	-0.7882	0.0	-1.12	-1.12	0.0	1725.812	5816.519	0.2967087359295138	16.177	73.281	57.104000000000006
1025469	cid22	libjxl	9	3.0	14925	14925	0	-2.743	-2.743	0.0	69.6399	69.6399	-0.661	-0.661	0.0	6.268	6.268	0.0	1667.78	4545.828	0.36688145701949126	15.479	64.197	48.718
1025469	cid22	libjxl	9	3.25	13848	13848	0	-3.827	-3.827	0.0	68.1021	68.1021	-0.4811	-0.4811	0.0	9.261	9.261	0.0	1469.923	3875.904	0.37924649320519804	10.872	-1.75	-12.622
1025469	cid22	libjxl	9	3.5	12970	12970	0	-3.89	-3.89	0.0	66.0378	66.0378	-0.8121	-0.8121	0.0	-6.225	-6.225	0.0	1585.437	2488.008	0.6372314719245276	34.56	52.08	17.519999999999996
1025469	cid22	libjxl	9	3.75	12301	12301	0	-3.416	-3.416	0.0	63.4972	63.4972	-1.078	-1.078	0.0	0.886	0.886	0.0	1388.19	2529.501	0.5487999411741683	16.0	-10.711	-26.711
1025469	cid22	libjxl	9	4.0	11639	11639	0	-4.747	-4.747	0.0	62.604	62.604	-0.6352	-0.6352	0.0	-6.603	-6.603	0.0	1692.234	2932.733	0.5770160461248943	61.815	41.388	-20.427
1025469	cid22	libjxl	9	4.25	11533	11533	0	-3.344	-3.344	0.0	60.1171	60.1171	-0.6681	-0.6681	0.0	-4.888	-4.888	0.0	1729.434	5914.03	0.29242902048180347	53.36	126.767	73.407
1025469	cid22	libjxl	9	4.5	11615	11615	0	1.37	1.37	0.0	58.4992	58.4992	-0.2536	-0.2536	0.0	-0.251	-0.251	0.0	1739.161	5303.661	0.3279170746395744	30.873	65.199	34.32599999999999
1025469	cid22	libjxl	9	4.75	10292	10292	0	-1.653	-1.653	0.0	56.2185	56.2185	-0.8166	-0.8166	0.0	-3.399	-3.399	0.0	1998.763	4001.708	0.49947747311897817	29.291	7.971	-21.32
1025469	cid22	libjxl	9	5.0	9752	9752	0	-3.817	-3.817	0.0	54.5896	54.5896	-0.5713	-0.5713	0.0	-2.768	-2.768	0.0	1727.278	4766.526	0.36237670790005133	1.065	38.529	37.464000000000006
1189261	cid22	libjxl	5	0.25	156979	156925	-54	0.559	0.525	-0.03400000000000003	94.012	94.012	0.1269	0.1269	0.0	-15.123	-15.123	0.0	1394.835	715.527	1.9493813650637921	600.8	39.077	-561.723
1189261	cid22	libjxl	5	0.5	104817	104840	23	0.062	0.084	0.022000000000000006	91.6756	91.6756	-0.0022	-0.0022	0.0	-2.446	-2.446	0.0	1426.587	176.705	8.073269007668147	770.022	-53.368	-823.3900000000001
1189261	cid22	libjxl	5	0.75	78634	78687	53	0.115	0.182	0.06699999999999999	88.9878	88.9878	0.0386	0.0386	0.0	-0.101	-0.101	0.0	1399.013	449.634	3.11144842249474	885.422	-15.702	-901.124
1189261	cid22	libjxl	5	1.0	65133	65147	14	0.85	0.872	0.02200000000000002	86.619	86.619	0.0056	0.0056	0.0	0.623	0.623	0.0	1206.691	540.971	2.2306020100892656	774.612	162.979	-611.6329999999999
1189261	cid22	libjxl	5	1.25	55980	55996	16	1.382	1.411	0.029000000000000137	84.4103	84.4103	-0.0477	-0.0477	0.0	-1.24	-1.24	0.0	1179.495	269.197	4.381530997745145	495.888	1.126	-494.762
1189261	cid22	libjxl	5	1.5	48947	49057	110	1.548	1.776	0.22799999999999998	82.5337	82.5337	0.103	0.103	0.0	-0.178	-0.178	0.0	1243.962	594.99	2.0907275752533656	559.491	84.922	-474.56899999999996
1189261	cid22	libjxl	5	1.75	44454	44557	103	3.032	3.27	0.238	80.5072	80.5072	-0.129	-0.129	0.0	-2.606	-2.606	0.0	1162.002	525.395	2.2116731221271615	574.893	-16.909	-591.802
1189261	cid22	libjxl	5	2.0	40458	40449	-9	3.715	3.691	-0.02400000000000002	78.699	78.699	-0.0487	-0.0487	0.0	-8.641	-8.641	0.0	1104.794	422.669	2.613851500819791	877.751	43.705	-834.0459999999999
1189261	cid22	libjxl	5	2.25	36721	36763	42	2.687	2.805	0.11800000000000033	76.488	76.488	0.0003	0.0003	0.0	-0.026	-0.026	0.0	1139.768	380.808	2.9930253566101555	793.299	-18.635	-811.934
1189261	cid22	libjxl	5	2.5	33832	33846	14	3.168	3.211	0.042999999999999705	74.7418	74.7418	0.3653	0.3653	0.0	-5.53	-5.53	0.0	1198.763	402.585	2.977664344175764	677.41	36.726	-640.684
1189261	cid22	libjxl	5	2.75	32241	32293	52	4.37	4.539	0.1689999999999996	72.8768	72.8768	0.4151	0.4151	0.0	1.0	1.0	0.0	1072.422	547.018	1.9604875890738513	715.722	9.56	-706.162
1189261	cid22	libjxl	5	3.0	30309	30397	88	5.024	5.329	0.3049999999999997	71.4708	71.4708	0.4045	0.4045	0.0	-0.543	-0.543	0.0	1090.257	559.817	1.9475239229962649	613.668	16.698	-596.97
1189261	cid22	libjxl	5	3.25	28669	28755	86	7.062	7.383	0.32099999999999973	69.499	69.499	0.7369	0.7369	0.0	2.235	2.235	0.0	1032.877	844.965	1.2223902765203292	684.465	121.923	-562.542
1189261	cid22	libjxl	5	3.5	26817	26852	35	5.699	5.837	0.1379999999999999	67.7826	67.7826	0.8249	0.8249	0.0	6.223	6.223	0.0	1059.909	545.331	1.9436067269236483	824.056	-0.835	-824.8910000000001
1189261	cid22	libjxl	5	3.75	25636	25712	76	6.453	6.769	0.31599999999999984	66.7872	66.7872	0.5784	0.5784	0.0	-11.257	-11.257	0.0	1016.803	346.687	2.932913550262917	583.77	7.575	-576.1949999999999
1189261	cid22	libjxl	5	4.0	23984	24117	133	5.142	5.725	0.5829999999999993	65.1399	65.1399	4.2594	4.2594	0.0	4.031	4.031	0.0	1105.062	1016.765	1.086841108810787	884.549	86.913	-797.636
1189261	cid22	libjxl	5	4.25	22911	22969	58	5.227	5.493	0.266	63.2092	63.2092	4.2645	4.2645	0.0	13.743	13.743	0.0	1141.109	446.525	2.5555321650523486	801.935	-31.421	-833.356
1189261	cid22	libjxl	5	4.5	22200	22252	52	6.818	7.068	0.25	62.1655	62.1655	4.6283	4.6283	0.0	3.3	3.3	0.0	1271.052	867.174	1.465740439634952	861.706	116.953	-744.753
1189261	cid22	libjxl	5	4.75	21072	21119	47	5.895	6.131	0.23600000000000065	60.4719	60.4719	4.9319	4.9319	0.0	-13.85	-13.85	0.0	1047.878	747.714	1.4014422626833252	638.047	83.395	-554.652
1189261	cid22	libjxl	5	5.0	20002	20088	86	5.157	5.61	0.4530000000000003	59.561	59.561	5.0001	5.0001	0.0	-3.117	-3.117	0.0	1107.722	571.469	1.9383763598725388	662.021	69.482	-592.539
1189261	cid22	libjxl	6	0.25	156578	156526	-52	0.576	0.542	-0.03399999999999992	94.049	94.049	0.187	0.187	0.0	-15.225	-15.225	0.0	1482.433	528.616	2.804366496662984	541.991	-5.92	-547.911
1189261	cid22	libjxl	6	0.5	104480	104461	-19	0.406	0.387	-0.019000000000000017	91.6389	91.6389	0.1086	0.1086	0.0	-2.595	-2.595	0.0	1451.22	420.523	3.450988412048806	720.612	-44.71	-765.322
1189261	cid22	libjxl	6	0.75	78467	78436	-31	0.209	0.17	-0.03899999999999998	89.087	89.087	0.0442	0.0442	0.0	-0.475	-0.475	0.0	1342.695	719.86	1.8652168477203899	307.782	13.928	-293.854
1189261	cid22	libjxl	6	1.0	64392	64459	67	0.033	0.137	0.10400000000000001	86.5671	86.5671	-0.113	-0.113	0.0	10.552	10.552	0.0	1276.033	586.354	2.1762160742486616	348.77	-11.495	-360.265
1189261	cid22	libjxl	6	1.25	55433	55497	64	0.894	1.01	0.11599999999999999	84.4001	84.4001	-0.1603	-0.1603	0.0	-1.913	-1.913	0.0	1360.429	496.847	2.738124613814716	357.521	-15.717	-373.238
1189261	cid22	libjxl	6	1.5	48745	48815	70	1.116	1.261	0.1449999999999998	82.4623	82.4623	-0.1193	-0.1193	0.0	0.406	0.406	0.0	1203.14	366.277	3.2847817362269542	366.306	39.02	-327.286
1189261	cid22	libjxl	6	1.75	43748	43830	82	0.855	1.044	0.18900000000000006	80.6387	80.6387	-0.1405	-0.1405	0.0	6.342	6.342	0.0	1183.325	458.447	2.5811598723516567	524.533	22.338	-502.195
1189261	cid22	libjxl	6	2.0	40146	40238	92	2.054	2.288	0.23399999999999999	78.6188	78.6188	-0.3644	-0.3644	0.0	0.739	0.739	0.0	1155.03	259.072	4.458335906620553	381.748	-41.55	-423.298
1189261	cid22	libjxl	6	2.25	36878	36932	54	2.59	2.74	0.15000000000000036	76.3135	76.3135	-0.3322	-0.3322	0.0	0.382	0.382	0.0	1118.799	355.605	3.146184671194162	422.409	33.016	-389.393
1189261	cid22	libjxl	6	2.5	34094	34077	-17	2.851	2.799	-0.052000000000000046	74.7264	74.7264	-0.2095	-0.2095	0.0	-0.984	-0.984	0.0	1174.423	347.528	3.3793622384383415	527.984	-29.76	-557.744
1189261	cid22	libjxl	6	2.75	31821	31877	56	2.368	2.548	0.18000000000000016	73.0501	73.0501	-0.4303	-0.4303	0.0	-6.841	-6.841	0.0	1151.324	262.166	4.391583958255457	352.468	-33.814	-386.28200000000004
1189261	cid22	libjxl	6	3.0	30481	30507	26	3.921	4.009	0.08800000000000052	71.5115	71.5115	-0.4975	-0.4975	0.0	-2.683	-2.683	0.0	1088.081	368.343	2.953988537857377	415.94	-12.11	-428.05
1189261	cid22	libjxl	6	3.25	28690	28771	81	4.613	4.908	0.29499999999999993	69.7166	69.7166	-0.3677	-0.3677	0.0	11.13	11.13	0.0	1132.152	296.391	3.819792098950373	261.966	-39.932	-301.898
1189261	cid22	libjxl	6	3.5	26943	27006	63	4.023	4.266	0.24300000000000033	67.717	67.717	-0.2286	-0.2286	0.0	3.756	3.756	0.0	1059.471	315.359	3.3595711554133545	361.865	-15.904	-377.769
1189261	cid22	libjxl	6	3.75	25691	25718	27	3.886	3.995	0.10899999999999999	66.7392	66.7392	-0.5243	-0.5243	0.0	3.887	3.887	0.0	1031.856	208.062	4.95936788072786	302.375	-39.768	-342.14300000000003
1189261	cid22	libjxl	6	4.0	24029	24081	52	1.264	1.483	0.21900000000000008	65.2622	65.2622	-0.2149	-0.2149	0.0	-7.207	-7.207	0.0	1201.122	671.269	1.789330357874414	368.01	43.965	-324.04499999999996
1189261	cid22	libjxl	6	4.25	22509	22554	45	0.563	0.764	0.20100000000000007	62.3605	62.3605	-0.4936	-0.4936	0.0	-0.879	-0.879	0.0	1181.577	504.45	2.3423074635741896	243.397	40.277	-203.12
1189261	cid22	libjxl	6	4.5	22004	22015	11	3.001	3.052	0.051000000000000156	62.0093	62.0093	-0.0918	-0.0918	0.0	-4.17	-4.17	0.0	1112.535	443.296	2.509688785822566	426.887	-37.372	-464.259
1189261	cid22	libjxl	6	4.75	20304	20329	25	0.415	0.539	0.12400000000000005	60.4374	60.4374	-0.1313	-0.1313	0.0	-8.422	-8.422	0.0	1044.177	236.238	4.420021334416986	273.357	-58.122	-331.47900000000004
1189261	cid22	libjxl	6	5.0	19838	19882	44	1.958	2.184	0.2260000000000002	59.4925	59.4925	-0.398	-0.398	0.0	-0.499	-0.499	0.0	1034.819	708.044	1.4615179282643451	279.866	150.301	-129.565
1189261	cid22	libjxl	7	0.25	161363	161308	-55	0.745	0.711	-0.03400000000000003	94.0347	94.0347	0.03	0.03	0.0	-12.116	-12.116	0.0	1510.441	249.524	6.053289463137815	463.747	-0.61	-464.357
1189261	cid22	libjxl	7	0.5	107229	107208	-21	0.313	0.294	-0.019000000000000017	91.7573	91.7573	0.3681	0.3681	0.0	-0.203	-0.203	0.0	1530.659	294.895	5.190522050221266	510.472	-24.589	-535.0609999999999
1189261	cid22	libjxl	7	0.75	80448	80408	-40	0.393	0.343	-0.04999999999999999	89.2545	89.2545	-0.0136	-0.0136	0.0	-2.009	-2.009	0.0	1406.739	289.561	4.8581784149108485	380.902	-23.732	-404.634
1189261	cid22	libjxl	7	1.0	66122	66190	68	0.194	0.297	0.10299999999999998	86.8633	86.8633	-0.1908	-0.1908	0.0	7.915	7.915	0.0	1373.399	279.232	4.9184871361448534	388.748	-59.683	-448.431
1189261	cid22	libjxl	7	1.25	56725	56787	62	1.138	1.248	0.1100000000000001	84.642	84.642	-0.2119	-0.2119	0.0	-0.596	-0.596	0.0	1285.888	298.263	4.311255502693931	394.839	-46.401	-441.24
1189261	cid22	libjxl	7	1.5	49800	49872	72	1.063	1.21	0.14700000000000002	82.7017	82.7017	0.1259	0.1259	0.0	0.435	0.435	0.0	1325.204	333.934	3.9684608335778924	380.706	-37.952	-418.658
1189261	cid22	libjxl	7	1.75	44657	44739	82	1.148	1.334	0.18600000000000017	80.9562	80.9562	-0.0421	-0.0421	0.0	6.4	6.4	0.0	1176.414	276.964	4.247533975534727	185.254	-52.924	-238.178
1189261	cid22	libjxl	7	2.0	41016	41096	80	2.282	2.481	0.19899999999999984	78.6701	78.6701	-0.6077	-0.6077	0.0	0.714	0.714	0.0	1155.381	364.455	3.1701609252171052	219.833	-33.471	-253.304
1189261	cid22	libjxl	7	2.25	37724	37779	55	3.054	3.204	0.15000000000000036	76.651	76.651	-0.36	-0.36	0.0	0.376	0.376	0.0	1273.313	296.078	4.300599841933545	334.143	-62.399	-396.542
1189261	cid22	libjxl	7	2.5	34799	34785	-14	2.807	2.765	-0.041999999999999815	74.8497	74.8497	-0.1629	-0.1629	0.0	-1.101	-1.101	0.0	1106.222	379.223	2.9170751774022143	347.959	-8.809	-356.76800000000003
1189261	cid22	libjxl	7	2.75	31815	31866	51	2.263	2.427	0.16400000000000015	72.9408	72.9408	-0.5574	-0.5574	0.0	-6.83	-6.83	0.0	1140.38	402.593	2.832587749911201	321.75	-26.908	-348.658
1189261	cid22	libjxl	7	3.0	30481	30501	20	4.398	4.466	0.0680000000000005	71.3006	71.3006	-0.5175	-0.5175	0.0	-1.484	-1.484	0.0	1194.344	245.042	4.874037920030036	338.708	-54.276	-392.98400000000004
1189261	cid22	libjxl	7	3.25	28689	28755	66	4.984	5.226	0.242	69.7394	69.7394	-0.4721	-0.4721	0.0	12.826	12.826	0.0	1164.332	463.039	2.5145441312718804	295.843	-29.918	-325.761
1189261	cid22	libjxl	7	3.5	26933	26998	65	3.788	4.039	0.2509999999999999	67.7439	67.7439	-0.2193	-0.2193	0.0	3.777	3.777	0.0	1096.781	584.4	1.8767642026009583	231.646	-15.033	-246.67899999999997
1189261	cid22	libjxl	7	3.75	25676	25701	25	3.658	3.759	0.10099999999999998	66.7112	66.7112	-0.2692	-0.2692	0.0	5.37	5.37	0.0	1052.17	444.103	2.3692026399281247	331.637	-41.39	-373.027
1189261	cid22	libjxl	7	4.0	24380	24430	50	2.648	2.859	0.21099999999999985	65.2313	65.2313	-0.2636	-0.2636	0.0	8.889	8.889	0.0	1247.932	497.199	2.5099245975957314	292.764	-28.01	-320.774
1189261	cid22	libjxl	7	4.25	22509	22551	42	0.946	1.135	0.18900000000000006	62.4149	62.4149	-0.5682	-0.5682	0.0	-3.058	-3.058	0.0	1328.751	468.536	2.835963511875288	308.82	-6.876	-315.69599999999997
1189261	cid22	libjxl	7	4.5	22003	22011	8	2.631	2.668	0.037000000000000366	61.9645	61.9645	-0.1609	-0.1609	0.0	-4.62	-4.62	0.0	1185.812	451.663	2.6254353356374107	295.476	-12.443	-307.919
1189261	cid22	libjxl	7	4.75	20455	20480	25	1.524	1.648	0.12399999999999989	60.5462	60.5462	-0.1052	-0.1052	0.0	-8.424	-8.424	0.0	1066.754	416.502	2.5612217948533256	339.698	-29.222	-368.91999999999996
1189261	cid22	libjxl	7	5.0	19838	19880	42	2.337	2.554	0.21699999999999964	59.5649	59.5649	0.1699	0.1699	0.0	-0.499	-0.499	0.0	1144.825	417.21	2.7440018216246016	254.064	-22.155	-276.219
1189261	cid22	libjxl	8	0.25	165903	165877	-26	0.308	0.293	-0.015000000000000013	94.3285	94.3285	-0.0816	-0.0816	0.0	-9.553	-9.553	0.0	1933.265	2427.164	0.7965118961883086	135.876	71.479	-64.397
1189261	cid22	libjxl	8	0.5	106618	106609	-9	-0.084	-0.093	-0.008999999999999994	91.6882	91.6882	0.0859	0.0859	0.0	0.33	0.33	0.0	1758.055	1910.727	0.9200974288843985	62.606	24.714	-37.892
1189261	cid22	libjxl	8	0.75	79086	78942	-144	0.292	0.109	-0.183	89.2795	89.2795	-0.2032	-0.2032	0.0	9.899	9.899	0.0	1787.433	1903.932	0.9388113651117792	61.988	-16.56	-78.548
1189261	cid22	libjxl	8	1.0	64520	64374	-146	0.163	-0.064	-0.227	86.9835	86.9835	-0.1174	-0.1174	0.0	2.515	2.515	0.0	1986.093	1545.897	1.284751183293583	62.719	-36.919	-99.638
1189261	cid22	libjxl	8	1.25	54774	54735	-39	1.012	0.941	-0.07100000000000006	84.5617	84.5617	-0.1494	-0.1494	0.0	-0.016	-0.016	0.0	1708.87	1415.544	1.2072178611191173	70.442	-40.816	-111.258
1189261	cid22	libjxl	8	1.5	48223	48196	-27	1.056	1.0	-0.05600000000000005	82.9193	82.9193	-0.0711	-0.0711	0.0	-2.143	-2.143	0.0	1724.217	3165.185	0.5447444620140687	80.148	41.323	-38.824999999999996
1189261	cid22	libjxl	8	1.75	43207	43165	-42	0.892	0.794	-0.09799999999999998	81.0645	81.0645	-0.2361	-0.2361	0.0	4.133	4.133	0.0	1873.961	2275.394	0.8235764882916982	79.27	14.207	-65.06299999999999
1189261	cid22	libjxl	8	2.0	39453	39411	-42	1.985	1.877	-0.1080000000000001	79.2291	79.2291	0.1414	0.1414	0.0	-4.661	-4.661	0.0	1569.216	1976.615	0.7938905654363646	55.675	-2.134	-57.809
1189261	cid22	libjxl	8	2.25	35729	35710	-19	1.809	1.755	-0.05400000000000005	76.7768	76.7768	-0.7313	-0.7313	0.0	-0.366	-0.366	0.0	1748.991	2388.576	0.7322316727623488	53.586	25.318	-28.267999999999997
1189261	cid22	libjxl	8	2.5	33006	32900	-106	2.468	2.139	-0.3290000000000002	74.7954	74.7954	-0.0969	-0.0969	0.0	2.872	2.872	0.0	1623.347	2473.834	0.6562069241509334	29.287	11.955	-17.332
1189261	cid22	libjxl	8	2.75	30006	29999	-7	2.044	2.02	-0.02400000000000002	72.7579	72.7579	-0.7331	-0.7331	0.0	-1.655	-1.655	0.0	1482.259	2398.573	0.6179753545128708	57.98	-5.917	-63.897
1189261	cid22	libjxl	8	3.0	28437	28452	15	3.55	3.605	0.05500000000000016	70.7136	70.7136	-0.3889	-0.3889	0.0	4.869	4.869	0.0	1480.124	1764.081	0.8390340352852279	45.183	-8.744	-53.927
1189261	cid22	libjxl	8	3.25	26800	26817	17	4.696	4.762	0.06599999999999984	69.2915	69.2915	-0.2883	-0.2883	0.0	-9.071	-9.071	0.0	1792.532	1798.271	0.9968086011507721	65.08	32.791	-32.289
1189261	cid22	libjxl	8	3.5	24450	24439	-11	0.539	0.493	-0.04600000000000004	67.1915	67.1915	-0.459	-0.459	0.0	-8.577	-8.577	0.0	1577.943	1277.142	1.2355266681387034	48.954	-36.378	-85.332
1189261	cid22	libjxl	8	3.75	23770	23678	-92	3.236	2.836	-0.40000000000000036	65.1115	65.1115	-0.2953	-0.2953	0.0	7.31	7.31	0.0	1613.895	3337.412	0.48357679543310805	80.431	71.251	-9.179999999999993
1189261	cid22	libjxl	8	4.0	21946	21950	4	-0.332	-0.313	0.019000000000000017	63.5293	63.5293	-0.305	-0.305	0.0	0.771	0.771	0.0	1809.385	3178.78	0.5692073688647845	62.544	21.592	-40.952
1189261	cid22	libjxl	8	4.25	20568	20581	13	-0.829	-0.767	0.061999999999999944	61.5102	61.5102	-0.0026	-0.0026	0.0	16.477	16.477	0.0	1649.156	2543.749	0.6483171099035322	73.065	14.586	-58.479
1189261	cid22	libjxl	8	4.5	20236	20209	-27	2.424	2.288	-0.13600000000000012	59.9003	59.9003	-0.4253	-0.4253	0.0	3.233	3.233	0.0	1670.813	2741.347	0.609486139478147	36.828	16.213	-20.615000000000002
1189261	cid22	libjxl	8	4.75	18745	18740	-5	1.133	1.106	-0.026999999999999913	58.7526	58.7526	0.0295	0.0295	0.0	-0.466	-0.466	0.0	1583.057	3347.417	0.4729189700596012	44.095	21.534	-22.561
1189261	cid22	libjxl	8	5.0	17968	17987	19	0.56	0.666	0.10599999999999998	56.9522	56.9522	-0.445	-0.445	0.0	-0.72	-0.72	0.0	1584.079	3435.233	0.46112709094259396	43.374	78.435	35.061
1189261	cid22	libjxl	9	0.25	168678	168678	0	1.071	1.071	0.0	94.3907	94.3907	-0.0317	-0.0317	0.0	-1.119	-1.119	0.0	3871.712	10065.231	0.38466201123451615	164.611	163.717	-0.893999999999977
1189261	cid22	libjxl	9	0.5	108013	108013	0	0.826	0.826	0.0	91.7043	91.7043	0.0674	0.0674	0.0	1.085	1.085	0.0	2493.449	8024.463	0.3107309486005481	71.012	126.882	55.870000000000005
1189261	cid22	libjxl	9	0.75	79759	79759	0	1.09	1.09	0.0	89.2288	89.2288	-0.2418	-0.2418	0.0	4.995	4.995	0.0	2342.243	7393.055	0.31681666104201844	37.437	68.573	31.135999999999996
1189261	cid22	libjxl	9	1.0	65011	65011	0	0.922	0.922	0.0	87.0398	87.0398	-0.1295	-0.1295	0.0	7.36	7.36	0.0	2248.061	8192.088	0.2744185609334275	55.052	103.913	48.861
1189261	cid22	libjxl	9	1.25	55273	55273	0	1.995	1.995	0.0	84.4563	84.4563	-0.2941	-0.2941	0.0	-1.147	-1.147	0.0	2006.284	5535.116	0.3624646710204448	43.479	64.895	21.415999999999997
1189261	cid22	libjxl	9	1.5	48637	48637	0	1.875	1.875	0.0	82.9226	82.9226	-0.0077	-0.0077	0.0	-2.653	-2.653	0.0	2058.361	6880.488	0.29915915847829394	29.238	85.574	56.336
1189261	cid22	libjxl	9	1.75	43527	43527	0	1.822	1.822	0.0	81.0632	81.0632	-0.2333	-0.2333	0.0	-0.934	-0.934	0.0	2295.501	9053.116	0.2535592165172743	59.286	115.301	56.015
1189261	cid22	libjxl	9	2.0	39833	39833	0	3.079	3.079	0.0	79.2291	79.2291	0.2993	0.2993	0.0	-4.92	-4.92	0.0	1852.996	3317.052	0.5586273594746178	51.379	86.038	34.659
1189261	cid22	libjxl	9	2.25	36046	36046	0	2.833	2.833	0.0	76.7768	76.7768	-0.7313	-0.7313	0.0	-0.366	-0.366	0.0	2027.392	2829.998	0.7163934391473068	67.358	4.708	-62.650000000000006
1189261	cid22	libjxl	9	2.5	33321	33321	0	3.571	3.571	0.0	74.7992	74.7992	-0.093	-0.093	0.0	2.872	2.872	0.0	2126.283	2604.978	0.8162383713029437	64.155	28.375	-35.78
1189261	cid22	libjxl	9	2.75	30246	30246	0	3.091	3.091	0.0	72.7569	72.7569	-0.7328	-0.7328	0.0	-1.655	-1.655	0.0	2005.493	5824.872	0.34429820947138406	34.239	119.771	85.53200000000001
1189261	cid22	libjxl	9	3.0	28695	28695	0	4.914	4.914	0.0	70.7136	70.7136	-0.3889	-0.3889	0.0	4.869	4.869	0.0	1954.091	4970.293	0.393154085684687	34.098	74.49	40.391999999999996
1189261	cid22	libjxl	9	3.25	27061	27061	0	5.955	5.955	0.0	69.2915	69.2915	-0.2883	-0.2883	0.0	-9.071	-9.071	0.0	2137.057	5327.292	0.40115259309983375	68.388	117.754	49.366
1189261	cid22	libjxl	9	3.5	24695	24695	0	1.852	1.852	0.0	67.1915	67.1915	-0.4632	-0.4632	0.0	3.472	3.472	0.0	1682.117	4547.106	0.3699313365468058	15.038	60.625	45.587
1189261	cid22	libjxl	9	3.75	23944	23944	0	4.245	4.245	0.0	65.1115	65.1115	-0.2953	-0.2953	0.0	7.31	7.31	0.0	1909.399	4941.144	0.38642852748270434	25.907	18.807	-7.100000000000001
1189261	cid22	libjxl	9	4.0	22204	22204	0	1.18	1.18	0.0	63.5293	63.5293	-0.305	-0.305	0.0	0.771	0.771	0.0	2075.851	4604.776	0.45080390446788293	27.188	-4.85	-32.038
1189261	cid22	libjxl	9	4.25	20809	20809	0	0.672	0.672	0.0	61.5102	61.5102	-0.0026	-0.0026	0.0	16.477	16.477	0.0	2164.344	5734.788	0.37740610463717233	67.809	17.517	-50.292
1189261	cid22	libjxl	9	4.5	20385	20385	0	3.567	3.567	0.0	59.9003	59.9003	-0.4253	-0.4253	0.0	3.233	3.233	0.0	2240.674	5521.063	0.40584104908782964	48.72	43.36	-5.359999999999999
1189261	cid22	libjxl	9	4.75	18879	18879	0	2.06	2.06	0.0	58.7526	58.7526	0.0295	0.0295	0.0	-0.466	-0.466	0.0	2146.236	4582.206	0.46838487837517556	37.023	57.629	20.605999999999995
1189261	cid22	libjxl	9	5.0	18109	18109	0	1.702	1.702	0.0	56.9522	56.9522	-0.445	-0.445	0.0	-0.72	-0.72	0.0	2107.811	6648.239	0.31704801827972795	37.443	66.198	28.754999999999995
1418519	cid22	libjxl	5	0.25	59945	59794	-151	2.631	2.373	-0.25799999999999956	93.0059	93.0059	0.2272	0.2272	0.0	0.292	0.292	0.0	1222.024	391.049	3.124989451449818	546.419	-7.095	-553.514
1418519	cid22	libjxl	5	0.5	38102	37921	-181	2.532	2.045	-0.4870000000000001	90.9795	90.9795	-0.0804	-0.0804	0.0	-0.669	-0.669	0.0	1130.954	223.578	5.058431509361386	545.939	-3.634	-549.573
1418519	cid22	libjxl	5	0.75	26409	26381	-28	1.879	1.771	-0.1080000000000001	89.0385	89.0385	-0.2657	-0.2657	0.0	0.49	0.49	0.0	1039.881	328.876	3.161924251085516	448.849	-64.315	-513.164
1418519	cid22	libjxl	5	1.0	21810	21853	43	0.744	0.942	0.19799999999999995	87.7726	87.7726	-0.2203	-0.2203	0.0	-0.179	-0.179	0.0	1008.195	602.398	1.6736360346481893	909.264	53.471	-855.793
1418519	cid22	libjxl	5	1.25	18999	18931	-68	1.042	0.681	-0.361	85.8933	85.8933	-0.6555	-0.6555	0.0	0.035	0.035	0.0	1015.752	407.042	2.495447644223446	414.535	-64.841	-479.37600000000003
1418519	cid22	libjxl	5	1.5	16917	16923	6	1.257	1.293	0.03600000000000003	84.8701	84.8701	-0.5075	-0.5075	0.0	-3.074	-3.074	0.0	1078.243	390.542	2.760888713633873	529.805	59.906	-469.89899999999994
1418519	cid22	libjxl	5	1.75	15408	15392	-16	1.449	1.343	-0.1060000000000001	83.0693	83.0693	-0.2592	-0.2592	0.0	0.369	0.369	0.0	924.86	641.03	1.442771789151834	605.623	74.003	-531.62
1418519	cid22	libjxl	5	2.0	14067	14098	31	1.75	1.975	0.2250000000000001	82.0027	82.0027	-0.1134	-0.1134	0.0	0.003	0.003	0.0	926.21	571.0	1.6220840630472855	633.001	206.896	-426.105
1418519	cid22	libjxl	5	2.25	13055	13155	100	1.857	2.637	0.78	80.4809	80.4809	-0.433	-0.433	0.0	2.938	2.938	0.0	1005.239	430.983	2.33243306580538	863.25	42.308	-820.942
1418519	cid22	libjxl	5	2.5	12164	12214	50	2.615	3.037	0.4219999999999997	78.9504	78.9504	-0.6767	-0.6767	0.0	6.09	6.09	0.0	923.244	597.044	1.546358392346293	641.053	-12.866	-653.919
1418519	cid22	libjxl	5	2.75	11561	11636	75	3.168	3.837	0.669	77.82	77.82	-0.4122	-0.4122	0.0	-5.104	-5.104	0.0	914.451	472.334	1.9360262017978804	575.513	41.218	-534.2950000000001
1418519	cid22	libjxl	5	3.0	10855	10967	112	1.629	2.678	1.049	76.1577	76.1577	-1.0513	-1.0513	0.0	1.443	1.443	0.0	854.331	370.271	2.3073127520113648	563.828	-16.765	-580.593
1418519	cid22	libjxl	5	3.25	10129	10193	64	1.585	2.226	0.641	74.9873	74.9873	-1.1842	-1.1842	0.0	12.238	12.238	0.0	845.644	321.935	2.6267538478264245	633.994	-29.46	-663.4540000000001
1418519	cid22	libjxl	5	3.5	9768	9829	61	3.365	4.011	0.6459999999999999	73.2122	73.2122	-1.3725	-1.3725	0.0	-0.841	-0.841	0.0	862.067	217.543	3.96274299793604	520.196	-49.348	-569.544
1418519	cid22	libjxl	5	3.75	9281	9427	146	2.894	4.512	1.6179999999999994	72.3246	72.3246	-1.3835	-1.3835	0.0	3.535	3.535	0.0	810.527	213.546	3.79556161201802	572.094	-13.125	-585.219
1418519	cid22	libjxl	5	4.0	8766	8877	111	2.359	3.655	1.2959999999999998	71.601	71.601	-0.5786	-0.5786	0.0	-3.14	-3.14	0.0	876.318	621.272	1.4105222833155202	741.435	44.589	-696.846
1418519	cid22	libjxl	5	4.25	8824	8926	102	4.155	5.359	1.2039999999999997	70.1663	70.1663	-0.6689	-0.6689	0.0	1.596	1.596	0.0	920.85	869.71	1.058801209598602	389.789	152.994	-236.795
1418519	cid22	libjxl	5	4.5	8344	8479	135	2.582	4.241	1.6589999999999998	69.1899	69.1899	-0.4805	-0.4805	0.0	-2.312	-2.312	0.0	928.433	726.449	1.278042918360408	439.421	109.313	-330.108
1418519	cid22	libjxl	5	4.75	8029	8172	143	0.841	2.638	1.797	68.0417	68.0417	-0.7537	-0.7537	0.0	0.149	0.149	0.0	912.18	181.709	5.020004512709882	708.283	-35.962	-744.245
1418519	cid22	libjxl	5	5.0	7824	7866	42	1.65	2.196	0.5460000000000003	66.9335	66.9335	-0.2958	-0.2958	0.0	3.912	3.912	0.0	745.965	638.987	1.167418116487503	629.146	553.568	-75.57799999999997
1418519	cid22	libjxl	6	0.25	59643	59544	-99	2.291	2.122	-0.16900000000000004	92.9714	92.9714	0.0204	0.0204	0.0	0.471	0.471	0.0	1291.676	381.151	3.388882621323307	563.501	-25.546	-589.047
1418519	cid22	libjxl	6	0.5	37842	37695	-147	2.143	1.746	-0.3969999999999998	91.0153	91.0153	-0.0314	-0.0314	0.0	0.183	0.183	0.0	1081.728	424.29	2.5495015201866646	745.267	-23.223	-768.49
1418519	cid22	libjxl	6	0.75	26237	26251	14	-0.137	-0.084	0.053000000000000005	89.3323	89.3323	0.0766	0.0766	0.0	2.172	2.172	0.0	1087.546	489.663	2.2210091430228545	397.899	-6.733	-404.632
1418519	cid22	libjxl	6	1.0	21694	21685	-9	-1.184	-1.225	-0.04100000000000015	87.3345	87.3345	-0.301	-0.301	0.0	2.804	2.804	0.0	1035.471	508.459	2.0364886844367	297.448	-46.373	-343.82099999999997
1418519	cid22	libjxl	6	1.25	19196	19228	32	0.225	0.392	0.167	85.8835	85.8835	-0.2572	-0.2572	0.0	-5.054	-5.054	0.0	1022.25	425.247	2.4038970292559383	239.582	-21.616	-261.198
1418519	cid22	libjxl	6	1.5	16881	16853	-28	-1.148	-1.312	-0.16400000000000015	84.4821	84.4821	-0.4286	-0.4286	0.0	-0.082	-0.082	0.0	987.957	518.808	1.9042825091363278	294.93	-8.486	-303.416
1418519	cid22	libjxl	6	1.75	15182	15239	57	-3.04	-2.676	0.3639999999999999	82.9339	82.9339	-0.3206	-0.3206	0.0	0.127	0.127	0.0	1034.89	515.147	2.0089217252551212	406.594	-10.339	-416.933
1418519	cid22	libjxl	6	2.0	13962	13993	31	-3.069	-2.853	0.21599999999999975	81.6565	81.6565	-0.2629	-0.2629	0.0	0.033	0.033	0.0	920.531	469.091	1.9623719065170722	324.021	-45.174	-369.195
1418519	cid22	libjxl	6	2.25	12939	13040	101	-3.253	-2.497	0.7560000000000002	80.0539	80.0539	-0.6009	-0.6009	0.0	2.199	2.199	0.0	934.155	623.897	1.4972904181299156	289.18	-32.14	-321.32
1418519	cid22	libjxl	6	2.5	12041	12147	106	-3.239	-2.387	0.8519999999999999	78.5135	78.5135	-0.8677	-0.8677	0.0	0.215	0.215	0.0	869.252	367.52	2.3651828471919893	282.355	-44.177	-326.53200000000004
1418519	cid22	libjxl	6	2.75	11595	11642	47	-2.177	-1.78	0.397	77.3341	77.3341	-0.5956	-0.5956	0.0	0.342	0.342	0.0	813.275	412.594	1.9711265796400335	301.3	50.511	-250.78900000000002
1418519	cid22	libjxl	6	3.0	10867	10959	92	-3.155	-2.335	0.8199999999999998	75.7236	75.7236	-1.5108	-1.5108	0.0	-9.055	-9.055	0.0	789.158	490.65	1.6083929481300316	259.841	-47.744	-307.58500000000004
1418519	cid22	libjxl	6	3.25	9996	10136	140	-5.359	-4.033	1.3259999999999996	74.5388	74.5388	-1.3102	-1.3102	0.0	1.316	1.316	0.0	987.621	238.634	4.138643277990563	259.565	-64.292	-323.85699999999997
1418519	cid22	libjxl	6	3.5	9719	9808	89	-3.962	-3.083	0.879	73.0924	73.0924	-1.6051	-1.6051	0.0	2.534	2.534	0.0	816.489	670.486	1.2177569703170537	197.635	0.226	-197.409
1418519	cid22	libjxl	6	3.75	9329	9415	86	-3.666	-2.778	0.8879999999999999	71.9715	71.9715	-1.3676	-1.3676	0.0	0.48	0.48	0.0	800.086	398.634	2.007069141116914	225.488	-72.018	-297.506
1418519	cid22	libjxl	6	4.0	8951	9061	110	-3.691	-2.507	1.1839999999999997	71.2483	71.2483	-1.6424	-1.6424	0.0	-5.447	-5.447	0.0	838.949	655.631	1.2796054487966555	182.751	-3.879	-186.63
1418519	cid22	libjxl	6	4.25	8706	8794	88	-5.606	-4.651	0.9550000000000001	70.0327	70.0327	-1.8246	-1.8246	0.0	-1.118	-1.118	0.0	910.393	711.544	1.2794612841932473	249.676	-39.034	-288.71
1418519	cid22	libjxl	6	4.5	8264	8416	152	-5.845	-4.113	1.7319999999999993	69.1692	69.1692	-1.6322	-1.6322	0.0	2.373	2.373	0.0	1023.199	1027.318	0.9959905306828071	321.228	41.64	-279.588
1418519	cid22	libjxl	6	4.75	8037	8172	135	-4.013	-2.401	1.612	67.9781	67.9781	-2.2447	-2.2447	0.0	2.07	2.07	0.0	891.961	749.089	1.1907276705438206	318.812	103.2	-215.61200000000002
1418519	cid22	libjxl	6	5.0	7776	7865	89	-4.647	-3.556	1.0910000000000002	66.8647	66.8647	-2.0231	-2.0231	0.0	0.279	0.279	0.0	898.211	551.75	1.6279311282283644	310.809	46.332	-264.47700000000003
1418519	cid22	libjxl	7	0.25	59653	59557	-96	2.622	2.457	-0.16500000000000004	92.861	92.861	-0.1136	-0.1136	0.0	0.497	0.497	0.0	1397.043	710.023	1.9676024579485452	334.436	15.773	-318.66299999999995
1418519	cid22	libjxl	7	0.5	37910	37764	-146	2.698	2.303	-0.395	91.0001	91.0001	-0.2657	-0.2657	0.0	1.011	1.011	0.0	1173.419	536.465	2.187316973148295	351.739	25.574	-326.16499999999996
1418519	cid22	libjxl	7	0.75	26219	26220	1	-0.145	-0.141	0.0040000000000000036	89.5953	89.5953	0.0451	0.0451	0.0	1.84	1.84	0.0	1188.752	389.6	3.0512114989733057	314.346	-78.307	-392.653
1418519	cid22	libjxl	7	1.0	21685	21675	-10	-1.194	-1.239	-0.04500000000000015	87.8455	87.8455	-0.4398	-0.4398	0.0	2.652	2.652	0.0	1077.874	325.054	3.3159844210500413	253.883	-68.196	-322.079
1418519	cid22	libjxl	7	1.25	19188	19219	31	0.329	0.492	0.16299999999999998	86.2809	86.2809	-0.353	-0.353	0.0	-5.062	-5.062	0.0	1088.313	746.641	1.457612158989394	194.219	-0.393	-194.612
1418519	cid22	libjxl	7	1.5	16878	16851	-27	-0.997	-1.156	-0.15899999999999992	84.693	84.693	-0.4479	-0.4479	0.0	-0.009	-0.009	0.0	1070.462	638.064	1.6776718322926853	238.659	-1.096	-239.755
1418519	cid22	libjxl	7	1.75	15174	15228	54	-3.011	-2.665	0.3460000000000001	83.2224	83.2224	-0.7146	-0.7146	0.0	-0.069	-0.069	0.0	1070.081	660.239	1.6207479412758106	176.344	-6.121	-182.465
1418519	cid22	libjxl	7	2.0	13940	13988	48	-3.262	-2.929	0.3330000000000002	81.7266	81.7266	-0.2	-0.2	0.0	0.088	0.088	0.0	798.085	908.693	0.8782779222465674	140.752	-2.742	-143.494
1418519	cid22	libjxl	7	2.25	12930	13034	104	-3.305	-2.528	0.7770000000000001	80.2593	80.2593	-0.6942	-0.6942	0.0	2.199	2.199	0.0	956.882	571.171	1.6752986408623685	238.689	-27.047	-265.736
1418519	cid22	libjxl	7	2.5	12036	12122	86	-3.426	-2.736	0.69	78.5507	78.5507	-0.997	-0.997	0.0	0.22	0.22	0.0	921.731	660.463	1.3955830985233086	268.767	-7.522	-276.289
1418519	cid22	libjxl	7	2.75	11611	11642	31	-2.075	-1.813	0.26200000000000023	77.358	77.358	-0.7535	-0.7535	0.0	0.343	0.343	0.0	899.962	256.604	3.50720175835139	246.643	-12.524	-259.167
1418519	cid22	libjxl	7	3.0	10871	10963	92	-3.42	-2.603	0.8169999999999997	75.7949	75.7949	-1.2706	-1.2706	0.0	-6.45	-6.45	0.0	892.567	350.359	2.547578341073014	334.503	11.645	-322.858
1418519	cid22	libjxl	7	3.25	10007	10149	142	-5.496	-4.155	1.3410000000000002	74.5751	74.5751	-1.3261	-1.3261	0.0	-1.015	-1.015	0.0	867.044	279.256	3.104835706305326	247.851	-23.983	-271.834
1418519	cid22	libjxl	7	3.5	9741	9829	88	-4.19	-3.324	0.8660000000000005	73.2124	73.2124	-1.369	-1.369	0.0	-1.772	-1.772	0.0	872.811	285.461	3.057549017203751	314.271	-30.215	-344.486
1418519	cid22	libjxl	7	3.75	9331	9405	74	-4.317	-3.558	0.7590000000000003	72.0797	72.0797	-1.8412	-1.8412	0.0	0.832	0.832	0.0	858.589	329.293	2.6073709432025582	294.454	-30.836	-325.29
1418519	cid22	libjxl	7	4.0	8951	9060	109	-4.278	-3.112	1.1659999999999995	71.2475	71.2475	-1.7481	-1.7481	0.0	-5.447	-5.447	0.0	958.06	446.872	2.143924882292916	178.729	-34.174	-212.90300000000002
1418519	cid22	libjxl	7	4.25	8705	8794	89	-5.226	-4.257	0.9690000000000003	70.0351	70.0351	-2.007	-2.007	0.0	-1.118	-1.118	0.0	983.412	385.692	2.549733984630223	276.474	-37.576	-314.05
1418519	cid22	libjxl	7	4.5	8276	8411	135	-6.412	-4.885	1.5270000000000001	69.2012	69.2012	-1.7694	-1.7694	0.0	2.373	2.373	0.0	1039.648	539.301	1.927769464547627	327.752	31.505	-296.247
1418519	cid22	libjxl	7	4.75	8035	8170	135	-4.618	-3.015	1.6030000000000002	67.9866	67.9866	-2.2375	-2.2375	0.0	2.07	2.07	0.0	937.896	255.188	3.675313886232895	297.209	-31.201	-328.41
1418519	cid22	libjxl	7	5.0	7769	7861	92	-5.082	-3.958	1.1239999999999997	66.8851	66.8851	-2.392	-2.392	0.0	0.279	0.279	0.0	833.282	331.601	2.512905570248582	199.452	-25.853	-225.305
1418519	cid22	libjxl	8	0.25	60555	60412	-143	2.95	2.707	-0.24300000000000033	92.8023	92.8023	-0.0739	-0.0739	0.0	-16.418	-16.418	0.0	1567.405	3138.666	0.4993857262926351	142.036	37.136	-104.9
1418519	cid22	libjxl	8	0.5	37086	37020	-66	2.056	1.874	-0.18199999999999994	91.1675	91.1675	-0.4147	-0.4147	0.0	4.665	4.665	0.0	1640.289	2061.974	0.795494511569981	107.683	29.459	-78.224
1418519	cid22	libjxl	8	0.75	26064	26042	-22	-0.119	-0.203	-0.08400000000000002	89.9818	89.9818	-0.1196	-0.1196	0.0	10.8	10.8	0.0	1604.432	1584.762	1.0124119583887046	99.253	-35.063	-134.316
1418519	cid22	libjxl	8	1.0	21449	21458	9	-1.727	-1.686	0.04100000000000015	88.2987	88.2987	-0.413	-0.413	0.0	4.475	4.475	0.0	1608.281	1829.002	0.8793216191124996	21.964	-32.256	-54.22
1418519	cid22	libjxl	8	1.25	18924	18832	-92	0.382	-0.106	-0.488	86.5803	86.5803	-0.4949	-0.4949	0.0	-2.057	-2.057	0.0	1571.282	1588.172	0.989365131736361	58.882	-23.534	-82.416
1418519	cid22	libjxl	8	1.5	16433	16397	-36	-2.573	-2.787	-0.21399999999999997	84.8398	84.8398	-0.6219	-0.6219	0.0	9.291	9.291	0.0	1306.915	1689.024	0.7737693484521239	38.398	-35.252	-73.65
1418519	cid22	libjxl	8	1.75	14831	14774	-57	-3.913	-4.282	-0.3690000000000002	83.649	83.649	-0.3246	-0.3246	0.0	-0.717	-0.717	0.0	1377.175	2189.307	0.6290460862729622	174.567	14.192	-160.375
1418519	cid22	libjxl	8	2.0	13516	13480	-36	-3.684	-3.941	-0.2569999999999997	81.8214	81.8214	-0.6213	-0.6213	0.0	1.615	1.615	0.0	1417.59	2592.636	0.546775559700629	47.071	14.593	-32.477999999999994
1418519	cid22	libjxl	8	2.25	12542	12518	-24	-4.384	-4.567	-0.18299999999999983	80.3327	80.3327	-0.6416	-0.6416	0.0	3.124	3.124	0.0	1219.405	2074.601	0.5877780835929415	44.007	-11.881	-55.888
1418519	cid22	libjxl	8	2.5	11535	11497	-38	-5.163	-5.476	-0.3129999999999997	78.5279	78.5279	-1.0505	-1.0505	0.0	-11.01	-11.01	0.0	1298.267	2879.763	0.4508242518568369	64.519	66.027	1.5079999999999956
1418519	cid22	libjxl	8	2.75	10987	10947	-40	-3.943	-4.293	-0.3500000000000001	77.1587	77.1587	-0.8911	-0.8911	0.0	-0.297	-0.297	0.0	1280.272	2938.394	0.4357046740498381	29.601	26.642	-2.9589999999999996
1418519	cid22	libjxl	8	3.0	10452	10483	31	-3.115	-2.827	0.28800000000000026	76.017	76.017	-0.627	-0.627	0.0	3.338	3.338	0.0	1459.934	1908.258	0.7650611185699208	68.25	-27.123	-95.373
1418519	cid22	libjxl	8	3.25	9498	9535	37	-7.526	-7.166	0.35999999999999943	74.0165	74.0165	-1.6509	-1.6509	0.0	2.51	2.51	0.0	1553.595	2446.888	0.6349268948967015	25.368	92.171	66.80300000000001
1418519	cid22	libjxl	8	3.5	9337	9277	-60	-3.96	-4.577	-0.617	73.0569	73.0569	-1.4675	-1.4675	0.0	-0.891	-0.891	0.0	1308.957	2665.062	0.49115442717655355	56.864	-4.821	-61.684999999999995
1418519	cid22	libjxl	8	3.75	8601	8585	-16	-7.287	-7.459	-0.1719999999999997	71.7685	71.7685	-1.8936	-1.8936	0.0	0.516	0.516	0.0	1299.647	2009.634	0.6467083060895665	65.023	-33.411	-98.434
1418519	cid22	libjxl	8	4.0	8465	8447	-18	-5.228	-5.43	-0.20199999999999996	70.5486	70.5486	-1.7558	-1.7558	0.0	16.082	16.082	0.0	1606.064	2307.458	0.6960317370890391	60.106	-13.835	-73.941
1418519	cid22	libjxl	8	4.25	8333	8304	-29	-6.16	-6.486	-0.3259999999999996	70.0453	70.0453	-1.2575	-1.2575	0.0	-1.003	-1.003	0.0	1815.353	3602.679	0.5038897442708606	95.14	18.067	-77.07300000000001
1418519	cid22	libjxl	8	4.5	7846	7858	12	-7.607	-7.466	0.14100000000000001	68.4966	68.4966	-1.8992	-1.8992	0.0	-4.571	-4.571	0.0	1662.535	3680.464	0.45171885936121103	40.452	33.449	-7.003
1418519	cid22	libjxl	8	4.75	7481	7466	-15	-7.045	-7.232	-0.18700000000000028	67.5626	67.5626	-2.1634	-2.1634	0.0	0.967	0.967	0.0	1486.721	5265.185	0.2823682358739531	41.397	125.686	84.28900000000002
1418519	cid22	libjxl	8	5.0	7341	7340	-1	-5.473	-5.485	-0.012000000000000455	65.4083	65.4083	-2.5677	-2.5677	0.0	-7.28	-7.28	0.0	1539.657	2881.709	0.5342860781570936	53.573	1.229	-52.344
1418519	cid22	libjxl	9	0.25	61617	61617	0	4.206	4.206	0.0	92.7926	92.7926	-0.0591	-0.0591	0.0	-0.519	-0.519	0.0	2292.646	5798.475	0.39538775281431754	40.674	67.77	27.095999999999997
1418519	cid22	libjxl	9	0.5	37895	37895	0	3.984	3.984	0.0	91.1612	91.1612	-0.4054	-0.4054	0.0	-4.358	-4.358	0.0	1575.096	6117.629	0.25746837541145434	40.495	80.92	40.425000000000004
1418519	cid22	libjxl	9	0.75	26380	26380	0	0.968	0.968	0.0	89.9582	89.9582	-0.1199	-0.1199	0.0	8.424	8.424	0.0	1912.274	4792.556	0.39900921345520013	72.562	23.303	-49.259
1418519	cid22	libjxl	9	1.0	21673	21673	0	-0.633	-0.633	0.0	88.3249	88.3249	-0.4166	-0.4166	0.0	2.827	2.827	0.0	1777.554	7572.191	0.23474764437399956	39.445	102.336	62.891
1418519	cid22	libjxl	9	1.25	19098	19098	0	1.396	1.396	0.0	86.559	86.559	-0.529	-0.529	0.0	0.518	0.518	0.0	1698.039	5477.361	0.31001042290256203	45.917	22.306	-23.611
1418519	cid22	libjxl	9	1.5	16666	16666	0	-1.127	-1.127	0.0	84.8699	84.8699	-0.6613	-0.6613	0.0	-1.134	-1.134	0.0	1788.459	5894.992	0.30338616235611515	38.257	34.507	-3.75
1418519	cid22	libjxl	9	1.75	14938	14938	0	-2.956	-2.956	0.0	83.6541	83.6541	-0.3195	-0.3195	0.0	-0.717	-0.717	0.0	1746.513	5423.037	0.322054413421852	12.776	-8.051	-20.826999999999998
1418519	cid22	libjxl	9	2.0	13634	13634	0	-2.829	-2.829	0.0	81.8132	81.8132	-0.6248	-0.6248	0.0	0.059	0.059	0.0	1875.861	5407.023	0.34693046432389874	36.64	49.059	12.418999999999997
1418519	cid22	libjxl	9	2.25	12685	12685	0	-2.975	-2.975	0.0	80.3327	80.3327	-0.6416	-0.6416	0.0	3.124	3.124	0.0	1623.76	3821.241	0.4249300161910751	20.446	-13.186	-33.632000000000005
1418519	cid22	libjxl	9	2.5	11678	11678	0	-3.861	-3.861	0.0	78.5279	78.5279	-1.0393	-1.0393	0.0	-5.706	-5.706	0.0	1652.875	4753.162	0.34774219772017023	2.042	40.839	38.797
1418519	cid22	libjxl	9	2.75	11150	11150	0	-2.038	-2.038	0.0	77.1587	77.1587	-0.8911	-0.8911	0.0	-0.297	-0.297	0.0	1511.983	4953.744	0.30522025361019867	-10.327	63.688	74.015
1418519	cid22	libjxl	9	3.0	10534	10534	0	-2.209	-2.209	0.0	76.017	76.017	-0.6371	-0.6371	0.0	3.338	3.338	0.0	1738.423	4117.293	0.422224748153702	7.793	16.415	8.622
1418519	cid22	libjxl	9	3.25	9645	9645	0	-5.838	-5.838	0.0	74.0165	74.0165	-1.6623	-1.6623	0.0	2.51	2.51	0.0	1480.536	4600.124	0.3218469762988998	5.913	-6.336	-12.249
1418519	cid22	libjxl	9	3.5	9402	9402	0	-3.062	-3.062	0.0	73.0569	73.0569	-1.4675	-1.4675	0.0	-0.891	-0.891	0.0	1631.089	4718.922	0.34564864602551176	18.574	51.693	33.119
1418519	cid22	libjxl	9	3.75	8693	8693	0	-6.214	-6.214	0.0	71.7685	71.7685	-1.9757	-1.9757	0.0	0.507	0.507	0.0	1728.276	4799.988	0.3600584001460004	-3.213	15.17	18.383
1418519	cid22	libjxl	9	4.0	8570	8570	0	-4.128	-4.128	0.0	70.5199	70.5199	-1.7884	-1.7884	0.0	9.684	9.684	0.0	1914.673	5313.636	0.36033198359842483	21.904	26.435	4.530999999999999
1418519	cid22	libjxl	9	4.25	8435	8434	-1	-4.646	-4.657	-0.01100000000000012	70.0453	70.0453	-1.2575	-1.2575	0.0	-1.003	-1.003	0.0	2084.171	5137.998	0.40563873321865834	27.09	60.039	32.949
1418519	cid22	libjxl	9	4.5	7967	7967	0	-5.671	-5.671	0.0	68.4966	68.4966	-1.8992	-1.8992	0.0	-4.571	-4.571	0.0	2057.418	4370.233	0.47077993324383394	32.972	33.002	0.030000000000001137
1418519	cid22	libjxl	9	4.75	7538	7538	0	-6.045	-6.045	0.0	67.5626	67.5626	-2.1634	-2.1634	0.0	0.967	0.967	0.0	1838.984	3035.931	0.6057397220160801	23.46	-16.126	-39.586
1418519	cid22	libjxl	9	5.0	7412	7412	0	-4.571	-4.571	0.0	65.4083	65.4083	-2.5677	-2.5677	0.0	-7.28	-7.28	0.0	2069.141	2698.722	0.76671142859472	45.788	-5.659	-51.446999999999996
1420710	cid22	libjxl	5	0.25	184049	184049	0	0.261	0.261	0.0	94.137	94.137	0.0008	0.0008	0.0	-0.324	-0.324	0.0	1242.058	261.408	4.751415411923124	557.249	-15.45	-572.6990000000001
1420710	cid22	libjxl	5	0.5	134712	134712	0	0.04	0.04	0.0	91.5233	91.5233	-0.0242	-0.0242	0.0	0.619	0.619	0.0	962.004	612.281	1.5711805527200748	584.205	203.046	-381.15900000000005
1420710	cid22	libjxl	5	0.75	109361	109361	0	-0.011	-0.011	0.0	89.013	89.013	-0.042	-0.042	0.0	-0.739	-0.739	0.0	979.3	394.794	2.4805341519881257	525.5	25.75	-499.75
1420710	cid22	libjxl	5	1.0	92060	92060	0	-0.113	-0.113	0.0	86.6528	86.6528	-0.1283	-0.1283	0.0	0.431	0.431	0.0	793.716	572.678	1.3859725709735664	317.612	-15.484	-333.096
1420710	cid22	libjxl	5	1.25	79561	79561	0	-0.202	-0.202	0.0	84.1807	84.1807	-0.0808	-0.0808	0.0	-2.89	-2.89	0.0	775.652	245.57	3.158578002198966	428.803	-57.408	-486.211
1420710	cid22	libjxl	5	1.5	69992	69992	0	-0.232	-0.232	0.0	81.9336	81.9336	-0.2331	-0.2331	0.0	-0.004	-0.004	0.0	805.901	264.362	3.0484751968891137	438.281	-31.871	-470.152
1420710	cid22	libjxl	5	1.75	62376	62376	0	-0.157	-0.157	0.0	79.8273	79.8273	-0.2026	-0.2026	0.0	-2.042	-2.042	0.0	816.605	410.977	1.9869846731082277	472.18	68.13	-404.05
1420710	cid22	libjxl	5	2.0	55722	55722	0	0.108	0.108	0.0	77.4473	77.4473	-0.3332	-0.3332	0.0	1.628	1.628	0.0	700.581	408.712	1.714118988431952	351.362	-22.316	-373.678
1420710	cid22	libjxl	5	2.25	50457	50457	0	1.917	1.917	0.0	75.5978	75.5978	-0.2516	-0.2516	0.0	-2.226	-2.226	0.0	762.136	340.788	2.2363933002335763	449.79	-4.296	-454.086
1420710	cid22	libjxl	5	2.5	44799	44799	0	1.686	1.686	0.0	73.8856	73.8856	0.0309	0.0309	0.0	-5.773	-5.773	0.0	732.781	330.196	2.2192303964917803	401.264	-29.906	-431.17
1420710	cid22	libjxl	5	2.75	41788	41788	0	5.707	5.707	0.0	71.9663	71.9663	-0.2004	-0.2004	0.0	-5.041	-5.041	0.0	919.427	220.957	4.161112795702332	410.653	-51.969	-462.622
1420710	cid22	libjxl	5	3.0	36048	36048	0	0.471	0.471	0.0	69.8967	69.8967	-0.3689	-0.3689	0.0	4.234	4.234	0.0	739.86	514.068	1.4392259389808353	362.151	47.085	-315.06600000000003
1420710	cid22	libjxl	5	3.25	33120	33354	234	1.895	2.615	0.7200000000000002	68.199	68.199	-0.466	-0.466	0.0	1.518	1.518	0.0	776.544	239.019	3.2488797961668316	813.425	-41.156	-854.5809999999999
1420710	cid22	libjxl	5	3.5	32716	32918	202	7.541	8.205	0.6639999999999997	66.7251	66.7251	-0.5688	-0.5688	0.0	2.174	2.174	0.0	688.429	219.601	3.1349083109821905	392.747	-70.842	-463.589
1420710	cid22	libjxl	5	3.75	30424	30664	240	6.381	7.221	0.8399999999999999	65.6324	65.6324	-0.3248	-0.3248	0.0	0.057	0.057	0.0	675.893	506.482	1.334485727034722	473.183	169.347	-303.836
1420710	cid22	libjxl	5	4.0	29061	29240	179	6.877	7.536	0.6589999999999998	64.2386	64.2386	1.1282	1.1282	0.0	-2.04	-2.04	0.0	814.391	424.686	1.9176309084829732	563.998	26.153	-537.845
1420710	cid22	libjxl	5	4.25	27696	27902	206	5.288	6.071	0.7829999999999995	62.664	62.664	0.9725	0.9725	0.0	1.023	1.023	0.0	765.797	446.259	1.716037099531886	579.273	29.915	-549.3580000000001
1420710	cid22	libjxl	5	4.5	26660	26922	262	5.823	6.863	1.04	61.3637	61.3637	0.7317	0.7317	0.0	2.737	2.737	0.0	831.206	542.994	1.53078302891008	479.841	217.347	-262.494
1420710	cid22	libjxl	5	4.75	25627	25856	229	5.923	6.869	0.9459999999999997	60.2591	60.2591	0.9393	0.9393	0.0	-4.08	-4.08	0.0	749.312	472.761	1.5849699954099428	594.423	129.974	-464.449
1420710	cid22	libjxl	5	5.0	24759	24951	192	6.44	7.265	0.8249999999999993	59.4827	59.4827	1.4559	1.4559	0.0	14.298	14.298	0.0	740.852	501.642	1.4768540114264754	714.158	30.233	-683.9250000000001
1420710	cid22	libjxl	6	0.25	184051	184051	0	0.267	0.267	0.0	94.1329	94.1329	-0.0049	-0.0049	0.0	-0.324	-0.324	0.0	1235.715	235.424	5.248891361968193	559.138	-50.402	-609.5400000000001
1420710	cid22	libjxl	6	0.5	134779	134779	0	0.079	0.079	0.0	91.489	91.489	-0.064	-0.064	0.0	0.619	0.619	0.0	1015.228	523.91	1.9377908419385008	513.297	-1.031	-514.328
1420710	cid22	libjxl	6	0.75	109312	109312	0	-0.286	-0.286	0.0	89.0351	89.0351	-0.001	-0.001	0.0	-1.044	-1.044	0.0	1036.824	466.428	2.2229025701716023	270.765	-64.444	-335.209
1420710	cid22	libjxl	6	1.0	91991	91991	0	-0.46	-0.46	0.0	86.6119	86.6119	-0.1323	-0.1323	0.0	-0.711	-0.711	0.0	899.963	318.547	2.8252126059890688	185.022	-58.946	-243.968
1420710	cid22	libjxl	6	1.25	79332	79332	0	-0.581	-0.581	0.0	84.1121	84.1121	-0.2486	-0.2486	0.0	-1.292	-1.292	0.0	773.612	455.038	1.7001041671245039	230.297	-21.95	-252.24699999999999
1420710	cid22	libjxl	6	1.5	69826	69826	0	-0.697	-0.697	0.0	81.9571	81.9571	-0.2947	-0.2947	0.0	-0.849	-0.849	0.0	791.529	324.37	2.440204087924284	258.589	-54.377	-312.966
1420710	cid22	libjxl	6	1.75	62241	62241	0	-0.478	-0.478	0.0	79.7127	79.7127	-0.2979	-0.2979	0.0	-0.981	-0.981	0.0	848.185	442.579	1.9164601122059564	262.825	-9.341	-272.166
1420710	cid22	libjxl	6	2.0	55781	55781	0	-0.284	-0.284	0.0	77.4717	77.4717	-0.3993	-0.3993	0.0	-1.128	-1.128	0.0	814.232	336.792	2.4176108696168557	144.751	-59.353	-204.104
1420710	cid22	libjxl	6	2.25	50465	50465	0	1.335	1.335	0.0	75.5642	75.5642	-0.3897	-0.3897	0.0	-2.542	-2.542	0.0	757.6	387.947	1.952844074061663	280.349	-19.207	-299.556
1420710	cid22	libjxl	6	2.5	44948	44948	0	1.433	1.433	0.0	73.9663	73.9663	0.0862	0.0862	0.0	-0.627	-0.627	0.0	844.459	523.866	1.6119751997648253	209.613	-34.406	-244.019
1420710	cid22	libjxl	6	2.75	41414	41414	0	3.117	3.117	0.0	72.1118	72.1118	-0.5262	-0.5262	0.0	-0.797	-0.797	0.0	758.644	389.926	1.945610192703231	215.538	-44.417	-259.95500000000004
1420710	cid22	libjxl	6	3.0	38178	38178	0	4.406	4.406	0.0	70.0007	70.0007	-0.6338	-0.6338	0.0	-2.045	-2.045	0.0	810.964	530.498	1.5286843682728304	308.235	-17.978	-326.213
1420710	cid22	libjxl	6	3.25	33439	33654	215	0.562	1.209	0.647	68.2474	68.2474	-0.8992	-0.8992	0.0	8.084	8.084	0.0	737.766	403.476	1.8285251167355678	131.307	-19.942	-151.249
1420710	cid22	libjxl	6	3.5	31964	32156	192	2.927	3.545	0.6179999999999999	66.7678	66.7678	-0.8248	-0.8248	0.0	6.565	6.565	0.0	731.936	607.03	1.205765777638667	187.461	-13.918	-201.37900000000002
1420710	cid22	libjxl	6	3.75	30506	30764	258	4.419	5.302	0.883	65.6405	65.6405	-0.8647	-0.8647	0.0	0.161	0.161	0.0	723.193	467.46	1.5470692679587559	172.35	-25.448	-197.798
1420710	cid22	libjxl	6	4.0	29123	29320	197	4.268	4.973	0.7050000000000001	64.2201	64.2201	-0.9714	-0.9714	0.0	2.384	2.384	0.0	929.414	532.309	1.746004670219741	291.098	-25.32	-316.418
1420710	cid22	libjxl	6	4.25	27908	28112	204	4.154	4.915	0.7610000000000001	62.7029	62.7029	-1.0724	-1.0724	0.0	8.156	8.156	0.0	790.37	556.978	1.4190327086527657	182.221	-28.227	-210.448
1420710	cid22	libjxl	6	4.5	26557	26801	244	3.194	4.142	0.9480000000000004	61.3986	61.3986	-1.1883	-1.1883	0.0	-1.412	-1.412	0.0	918.635	604.509	1.5196382518705263	334.525	35.636	-298.88899999999995
1420710	cid22	libjxl	6	4.75	25715	25935	220	4.354	5.247	0.8929999999999998	60.2757	60.2757	-1.5595	-1.5595	0.0	6.108	6.108	0.0	776.234	338.075	2.29604081934482	282.122	-61.442	-343.564
1420710	cid22	libjxl	6	5.0	24952	25167	215	5.537	6.446	0.9089999999999998	59.4934	59.4934	-1.3834	-1.3834	0.0	12.199	12.199	0.0	869.915	370.264	2.3494452606788667	369.632	-11.904	-381.536
1420710	cid22	libjxl	7	0.25	184051	184051	0	0.239	0.239	0.0	94.1329	94.1329	0.0359	0.0359	0.0	-0.324	-0.324	0.0	1236.607	368.506	3.3557309786000773	409.458	-40.934	-450.39200000000005
1420710	cid22	libjxl	7	0.5	134779	134779	0	0.081	0.081	0.0	91.489	91.489	-0.0925	-0.0925	0.0	0.678	0.678	0.0	1025.622	337.802	3.0361631961918523	386.569	-49.575	-436.144
1420710	cid22	libjxl	7	0.75	109311	109311	0	-0.307	-0.307	0.0	89.0366	89.0366	-0.0104	-0.0104	0.0	-1.044	-1.044	0.0	939.546	324.296	2.8971865209561636	242.573	-51.028	-293.601
1420710	cid22	libjxl	7	1.0	91988	91988	0	-0.467	-0.467	0.0	86.6158	86.6158	-0.1342	-0.1342	0.0	-0.711	-0.711	0.0	794.667	418.167	1.9003579909462012	192.541	-43.913	-236.454
1420710	cid22	libjxl	7	1.25	79326	79326	0	-0.591	-0.591	0.0	84.1162	84.1162	-0.2533	-0.2533	0.0	-1.339	-1.339	0.0	757.188	289.754	2.6132098262664187	222.158	-67.887	-290.04499999999996
1420710	cid22	libjxl	7	1.5	69827	69827	0	-0.666	-0.666	0.0	81.944	81.944	-0.298	-0.298	0.0	-0.849	-0.849	0.0	814.33	280.509	2.9030441091016685	185.127	-48.389	-233.51600000000002
1420710	cid22	libjxl	7	1.75	62241	62241	0	-0.469	-0.469	0.0	79.7127	79.7127	-0.3107	-0.3107	0.0	-0.981	-0.981	0.0	857.226	357.12	2.400386424731183	266.014	-55.143	-321.15700000000004
1420710	cid22	libjxl	7	2.0	55779	55779	0	-0.161	-0.161	0.0	77.4838	77.4838	-0.4162	-0.4162	0.0	-1.128	-1.128	0.0	845.697	316.791	2.669573946229533	256.539	-41.853	-298.392
1420710	cid22	libjxl	7	2.25	50465	50465	0	1.36	1.36	0.0	75.5642	75.5642	-0.39	-0.39	0.0	-2.542	-2.542	0.0	780.555	259.886	3.0034515133558557	203.766	-57.577	-261.34299999999996
1420710	cid22	libjxl	7	2.5	44945	44945	0	1.422	1.422	0.0	73.9591	73.9591	0.0672	0.0672	0.0	-0.627	-0.627	0.0	811.018	304.789	2.6609162404155007	246.342	-9.899	-256.241
1420710	cid22	libjxl	7	2.75	41414	41414	0	3.038	3.038	0.0	72.1101	72.1101	-0.5226	-0.5226	0.0	-0.797	-0.797	0.0	765.957	276.909	2.7660964432358646	152.88	-50.529	-203.409
1420710	cid22	libjxl	7	3.0	38180	38180	0	4.411	4.411	0.0	70.016	70.016	-0.6276	-0.6276	0.0	-2.045	-2.045	0.0	691.116	473.07	1.4609169890291078	148.112	-33.202	-181.314
1420710	cid22	libjxl	7	3.25	33437	33650	213	0.599	1.24	0.641	68.2284	68.2284	-0.8815	-0.8815	0.0	8.084	8.084	0.0	734.494	385.26	1.9064891242277944	163.149	-60.726	-223.875
1420710	cid22	libjxl	7	3.5	31964	32156	192	2.927	3.545	0.6179999999999999	66.7678	66.7678	-0.8248	-0.8248	0.0	6.565	6.565	0.0	844.177	330.664	2.5529752256066582	233.65	-49.038	-282.688
1420710	cid22	libjxl	7	3.75	30506	30764	258	4.426	5.309	0.883	65.6477	65.6477	-0.8341	-0.8341	0.0	0.161	0.161	0.0	762.694	308.484	2.4723940301603973	145.514	-43.289	-188.803
1420710	cid22	libjxl	7	4.0	29125	29320	195	4.282	4.98	0.6980000000000004	64.2196	64.2196	-0.9645	-0.9645	0.0	2.384	2.384	0.0	974.645	516.942	1.885404939045386	273.664	-36.689	-310.353
1420710	cid22	libjxl	7	4.25	27908	28112	204	4.154	4.915	0.7610000000000001	62.7029	62.7029	-1.0724	-1.0724	0.0	8.156	8.156	0.0	807.421	589.708	1.3691878014203642	120.08	-1.339	-121.419
1420710	cid22	libjxl	7	4.5	26556	26801	245	3.194	4.146	0.952	61.4005	61.4005	-1.1752	-1.1752	0.0	-1.412	-1.412	0.0	935.391	428.966	2.180571420578787	187.185	-37.769	-224.954
1420710	cid22	libjxl	7	4.75	25715	25935	220	4.354	5.247	0.8929999999999998	60.2757	60.2757	-1.5595	-1.5595	0.0	6.108	6.108	0.0	813.373	313.515	2.5943670956732534	227.652	-50.023	-277.675
1420710	cid22	libjxl	7	5.0	24952	25168	216	5.537	6.45	0.9130000000000003	59.487	59.487	-1.3897	-1.3897	0.0	12.199	12.199	0.0	807.903	325.092	2.485151895463438	233.052	-53.292	-286.344
1420710	cid22	libjxl	8	0.25	194206	194120	-86	0.129	0.085	-0.044	94.5541	94.5541	0.084	0.084	0.0	6.649	6.649	0.0	1667.003	1877.053	0.888095860905366	55.951	4.957	-50.994
1420710	cid22	libjxl	8	0.5	138087	137993	-94	0.097	0.029	-0.068	91.7272	91.7272	-0.0222	-0.0222	0.0	0.787	0.787	0.0	1361.785	1558.856	0.8735797276977476	55.911	6.744	-49.167
1420710	cid22	libjxl	8	0.75	105612	105585	-27	-0.369	-0.394	-0.025000000000000022	88.5747	88.5747	-0.1134	-0.1134	0.0	-0.597	-0.597	0.0	1294.69	1749.735	0.7399349044283849	36.201	-28.729	-64.93
1420710	cid22	libjxl	8	1.0	87985	87870	-115	-0.565	-0.695	-0.13	85.9772	85.9772	-0.1921	-0.1921	0.0	-1.401	-1.401	0.0	1382.612	2234.71	0.6186986230875595	17.706	-12.543	-30.249
1420710	cid22	libjxl	8	1.25	75300	75162	-138	-0.661	-0.843	-0.18199999999999994	83.1124	83.1124	-0.395	-0.395	0.0	-0.003	-0.003	0.0	1167.138	1677.129	0.6959142677754663	-8.892	-35.33	-26.438
1420710	cid22	libjxl	8	1.5	65940	65825	-115	-0.894	-1.067	-0.17299999999999993	80.8968	80.8968	-0.3378	-0.3378	0.0	-1.214	-1.214	0.0	1298.333	1634.364	0.7943964747143232	11.448	-42.371	-53.819
1420710	cid22	libjxl	8	1.75	58517	58387	-130	-0.596	-0.817	-0.22099999999999997	78.7911	78.7911	-0.2869	-0.2869	0.0	4.177	4.177	0.0	1218.254	3192.892	0.38155189715154786	13.536	28.576	15.040000000000001
1420710	cid22	libjxl	8	2.0	52294	52184	-110	-0.356	-0.566	-0.20999999999999996	76.5142	76.5142	-0.4979	-0.4979	0.0	-6.088	-6.088	0.0	1158.914	3448.948	0.33601956306676706	8.649	28.216	19.567
1420710	cid22	libjxl	8	2.25	47533	47366	-167	1.121	0.766	-0.355	74.3806	74.3806	-0.56	-0.56	0.0	2.296	2.296	0.0	1248.459	2097.503	0.5952120211508637	4.953	-33.811	-38.764
1420710	cid22	libjxl	8	2.5	41804	41650	-154	0.074	-0.294	-0.368	72.4894	72.4894	-0.4762	-0.4762	0.0	-1.256	-1.256	0.0	1229.308	2603.309	0.47220979146155906	26.398	-7.599	-33.997
1420710	cid22	libjxl	8	2.75	38733	38574	-159	2.844	2.422	-0.4219999999999997	70.7812	70.7812	-0.3959	-0.3959	0.0	-0.473	-0.473	0.0	1093.847	2798.715	0.39083901004568167	16.497	10.62	-5.877000000000001
1420710	cid22	libjxl	8	3.0	35848	35699	-149	4.046	3.614	-0.4320000000000004	68.7231	68.7231	-0.6776	-0.6776	0.0	-2.93	-2.93	0.0	1478.662	2376.35	0.6222408315273424	13.362	-22.924	-36.286
1420710	cid22	libjxl	8	3.25	32572	32614	42	3.452	3.586	0.1339999999999999	67.2477	67.2477	-0.716	-0.716	0.0	0.226	0.226	0.0	1439.909	1449.077	0.9936732140528075	25.277	-46.595	-71.872
1420710	cid22	libjxl	8	3.5	30045	30125	80	2.595	2.868	0.2729999999999997	65.4812	65.4812	-0.898	-0.898	0.0	-0.729	-0.729	0.0	1036.491	1345.265	0.7704734754862425	22.71	-50.133	-72.843
1420710	cid22	libjxl	8	3.75	28945	28978	33	5.018	5.138	0.1200000000000001	64.1991	64.1991	-1.0077	-1.0077	0.0	-2.198	-2.198	0.0	1217.719	2358.186	0.5163795391881726	16.087	8.319	-7.767999999999999
1420710	cid22	libjxl	8	4.0	27180	27221	41	3.515	3.671	0.1559999999999997	62.7251	62.7251	-0.7409	-0.7409	0.0	0.29	0.29	0.0	1255.487	3194.171	0.39305566295605343	31.769	23.764	-8.004999999999999
1420710	cid22	libjxl	8	4.25	25988	26096	108	3.546	3.976	0.43000000000000016	60.8081	60.8081	-1.4063	-1.4063	0.0	4.304	4.304	0.0	1492.944	2963.096	0.5038459773156185	113.009	-2.54	-115.549
1420710	cid22	libjxl	8	4.5	24682	24720	38	2.594	2.752	0.15799999999999992	59.9266	59.9266	-1.1552	-1.1552	0.0	3.086	3.086	0.0	1342.083	2511.045	0.534471903131963	43.348	22.212	-21.136
1420710	cid22	libjxl	8	4.75	23936	23955	19	4.734	4.818	0.08399999999999963	58.435	58.435	-1.3498	-1.3498	0.0	-0.798	-0.798	0.0	1326.173	2058.622	0.6442042298197532	66.351	-25.94	-92.291
1420710	cid22	libjxl	8	5.0	22763	22769	6	4.35	4.378	0.02800000000000047	57.3592	57.3592	-1.4573	-1.4573	0.0	-5.15	-5.15	0.0	1351.143	2645.789	0.5106767773242689	57.803	40.901	-16.901999999999994
1420710	cid22	libjxl	9	0.25	197450	197450	0	0.597	0.597	0.0	94.5908	94.5908	0.0587	0.0587	0.0	-5.156	-5.156	0.0	4186.041	5901.467	0.7093221058424966	168.314	100.768	-67.54599999999999
1420710	cid22	libjxl	9	0.5	139613	139613	0	0.524	0.524	0.0	91.8005	91.8005	-0.0559	-0.0559	0.0	-5.978	-5.978	0.0	2412.862	3486.869	0.6919852738947175	79.943	-0.224	-80.167
1420710	cid22	libjxl	9	0.75	106199	106199	0	0.09	0.09	0.0	88.6293	88.6293	-0.0041	-0.0041	0.0	7.33	7.33	0.0	2330.85	4514.35	0.5163201789847929	57.458	69.381	11.923000000000002
1420710	cid22	libjxl	9	1.0	88476	88476	0	-0.077	-0.077	0.0	85.9561	85.9561	-0.164	-0.164	0.0	-3.342	-3.342	0.0	1651.309	5000.042	0.33025902582418304	30.514	38.556	8.041999999999998
1420710	cid22	libjxl	9	1.25	75508	75508	0	-0.488	-0.488	0.0	83.3531	83.3531	-0.0793	-0.0793	0.0	0.653	0.653	0.0	1908.068	3846.731	0.49602324675159243	16.577	-0.925	-17.502000000000002
1420710	cid22	libjxl	9	1.5	66068	66068	0	-0.648	-0.648	0.0	81.0177	81.0177	-0.2774	-0.2774	0.0	0.167	0.167	0.0	1700.954	2337.185	0.7277789306366419	-2.16	-22.651	-20.491
1420710	cid22	libjxl	9	1.75	58592	58592	0	-0.266	-0.266	0.0	78.8144	78.8144	-0.3405	-0.3405	0.0	-4.499	-4.499	0.0	1916.229	3221.935	0.5947447729392431	33.285	3.903	-29.381999999999998
1420710	cid22	libjxl	9	2.0	52507	52507	0	0.065	0.065	0.0	76.5451	76.5451	-0.5373	-0.5373	0.0	-8.239	-8.239	0.0	1880.681	2629.118	0.7153277258761304	18.516	-10.252	-28.768
1420710	cid22	libjxl	9	2.25	47745	47745	0	1.652	1.652	0.0	74.3963	74.3963	-0.5645	-0.5645	0.0	0.372	0.372	0.0	1744.828	3235.39	0.53929448999966	-1.595	14.205	15.8
1420710	cid22	libjxl	9	2.5	42021	42021	0	0.83	0.83	0.0	72.5561	72.5561	-0.4515	-0.4515	0.0	1.528	1.528	0.0	1825.013	3152.54	0.5789024088512754	23.107	12.385	-10.722
1420710	cid22	libjxl	9	2.75	38987	38987	0	3.73	3.73	0.0	70.7833	70.7833	-0.4026	-0.4026	0.0	-0.473	-0.473	0.0	1468.418	2965.286	0.4952028236062221	7.929	-12.067	-19.996000000000002
1420710	cid22	libjxl	9	3.0	36108	36108	0	4.922	4.922	0.0	68.7252	68.7252	-0.6778	-0.6778	0.0	-2.93	-2.93	0.0	1409.922	3463.023	0.4071361928580896	-6.071	29.044	35.115
1420710	cid22	libjxl	9	3.25	32806	32806	0	4.298	4.298	0.0	67.2452	67.2452	-0.7131	-0.7131	0.0	2.471	2.471	0.0	1426.555	3152.947	0.4524513098380658	-3.304	19.628	22.932
1420710	cid22	libjxl	9	3.5	30226	30226	0	3.308	3.308	0.0	65.4812	65.4812	-0.898	-0.898	0.0	-0.729	-0.729	0.0	1555.535	2582.681	0.6022946697637068	15.856	-15.056	-30.912
1420710	cid22	libjxl	9	3.75	29126	29126	0	5.828	5.828	0.0	64.2117	64.2117	-0.9934	-0.9934	0.0	0.938	0.938	0.0	1661.257	2764.855	0.6008477840610087	-4.295	-8.539	-4.244
1420710	cid22	libjxl	9	4.0	27269	27269	0	3.965	3.965	0.0	62.7251	62.7251	-0.7409	-0.7409	0.0	0.29	0.29	0.0	1827.423	3111.601	0.5872934865363522	32.718	1.326	-31.392000000000003
1420710	cid22	libjxl	9	4.25	26048	26048	0	3.996	3.996	0.0	60.8081	60.8081	-1.4063	-1.4063	0.0	4.304	4.304	0.0	2031.619	3141.47	0.6467096614005545	34.703	-1.987	-36.690000000000005
1420710	cid22	libjxl	9	4.5	24732	24732	0	2.861	2.861	0.0	59.9266	59.9266	-1.1552	-1.1552	0.0	3.086	3.086	0.0	2004.506	3821.073	0.5245924377786031	56.791	58.631	1.8400000000000034
1420710	cid22	libjxl	9	4.75	23937	23937	0	4.826	4.826	0.0	58.435	58.435	-1.3498	-1.3498	0.0	-0.798	-0.798	0.0	1847.902	2181.915	0.8469175013692101	22.354	-36.093	-58.447
1420710	cid22	libjxl	9	5.0	22837	22837	0	4.69	4.69	0.0	57.3592	57.3592	-1.4573	-1.4573	0.0	-5.15	-5.15	0.0	1900.728	2975.477	0.6387977457059827	26.116	-7.516	-33.632
1475938	cid22	libjxl	5	0.25	84178	84141	-37	-0.045	-0.089	-0.044	92.8131	92.8131	-0.2305	-0.2305	0.0	1.148	1.148	0.0	1145.03	387.465	2.955183048791504	459.744	19.943	-439.80100000000004
1475938	cid22	libjxl	5	0.5	55813	55748	-65	1.121	1.004	-0.11699999999999999	91.2527	91.2527	0.0914	0.0914	0.0	-31.935	-31.935	0.0	898.349	356.212	2.521950411552671	562.819	-5.057	-567.876
1475938	cid22	libjxl	5	0.75	40529	40632	103	0.706	0.962	0.256	89.3498	89.3498	-0.0369	-0.0369	0.0	-5.928	-5.928	0.0	952.529	364.497	2.613269793715723	476.177	-7.185	-483.362
1475938	cid22	libjxl	5	1.0	33523	33672	149	0.407	0.854	0.447	87.5845	87.5845	0.1904	0.1904	0.0	-3.578	-3.578	0.0	821.279	242.127	3.3919348110702234	424.817	-32.909	-457.726
1475938	cid22	libjxl	5	1.25	29063	29211	148	0.159	0.669	0.51	85.6649	85.6649	-0.3579	-0.3579	0.0	6.348	6.348	0.0	837.728	257.273	3.2561831206539353	459.779	-40.254	-500.033
1475938	cid22	libjxl	5	1.5	26365	26595	230	2.868	3.765	0.8970000000000002	83.9826	83.9826	-0.3956	-0.3956	0.0	3.616	3.616	0.0	945.618	392.711	2.407923383862433	508.27	25.425	-482.84499999999997
1475938	cid22	libjxl	5	1.75	23366	23626	260	1.565	2.695	1.13	82.0139	82.0139	-0.292	-0.292	0.0	2.56	2.56	0.0	829.65	263.54	3.14809896030963	318.548	-51.208	-369.756
1475938	cid22	libjxl	5	2.0	21524	21716	192	2.676	3.592	0.9159999999999999	80.2417	80.2417	-0.7942	-0.7942	0.0	0.711	0.711	0.0	788.838	358.11	2.2027812683253747	481.966	-6.191	-488.157
1475938	cid22	libjxl	5	2.25	19796	20032	236	2.411	3.632	1.221	79.0092	79.0092	-0.7469	-0.7469	0.0	-0.063	-0.063	0.0	784.918	289.564	2.7106891740685994	498.369	-38.214	-536.5830000000001
1475938	cid22	libjxl	5	2.5	18277	18472	195	2.249	3.34	1.0909999999999997	76.9344	76.9344	-1.1263	-1.1263	0.0	1.363	1.363	0.0	688.397	266.445	2.5836363977556345	395.905	-25.081	-420.986
1475938	cid22	libjxl	5	2.75	17305	17449	144	3.828	4.692	0.8640000000000003	75.1481	75.1481	-1.7841	-1.7841	0.0	0.157	0.157	0.0	771.812	402.197	1.9189899477121908	447.608	29.2	-418.408
1475938	cid22	libjxl	5	3.0	16136	16302	166	3.363	4.426	1.0630000000000002	74.0965	74.0965	-0.699	-0.699	0.0	0.956	0.956	0.0	791.282	239.363	3.305782430868597	479.144	-48.592	-527.736
1475938	cid22	libjxl	5	3.25	14915	15068	153	2.172	3.22	1.048	72.0281	72.0281	-1.5055	-1.5055	0.0	-2.484	-2.484	0.0	726.046	294.3	2.4670268433571185	503.938	-10.824	-514.762
1475938	cid22	libjxl	5	3.5	13852	14019	167	1.584	2.809	1.225	70.0917	70.0917	-0.9879	-0.9879	0.0	-9.095	-9.095	0.0	677.425	276.876	2.446672878833846	324.455	-28.387	-352.842
1475938	cid22	libjxl	5	3.75	13144	13342	198	1.6	3.131	1.5309999999999997	68.784	68.784	-1.1955	-1.1955	0.0	7.704	7.704	0.0	733.646	328.085	2.2361461206699484	533.657	-12.564	-546.221
1475938	cid22	libjxl	5	4.0	12689	12877	188	3.643	5.178	1.5350000000000001	67.5572	67.5572	-0.086	-0.086	0.0	-4.099	-4.099	0.0	827.843	406.584	2.036093402593314	481.168	36.55	-444.618
1475938	cid22	libjxl	5	4.25	12319	12536	217	2.864	4.676	1.8120000000000003	66.0784	66.0784	-0.5098	-0.5098	0.0	-9.988	-9.988	0.0	845.04	794.13	1.0641078916550186	651.318	101.08	-550.2379999999999
1475938	cid22	libjxl	5	4.5	11868	12066	198	4.684	6.43	1.7459999999999996	64.4014	64.4014	-0.8591	-0.8591	0.0	-1.32	-1.32	0.0	864.259	431.532	2.002769203674351	259.417	36.443	-222.974
1475938	cid22	libjxl	5	4.75	11099	11296	197	2.041	3.852	1.811	63.418	63.418	-0.6149	-0.6149	0.0	-5.498	-5.498	0.0	813.029	285.816	2.8445888263778096	508.59	-52.329	-560.919
1475938	cid22	libjxl	5	5.0	10696	10880	184	3.044	4.817	1.7730000000000001	61.7634	61.7634	-0.9964	-0.9964	0.0	2.726	2.726	0.0	782.854	232.733	3.363743001637069	317.953	-51.523	-369.476
1475938	cid22	libjxl	6	0.25	83866	83813	-53	-0.214	-0.277	-0.06300000000000003	92.9777	92.9777	0.0542	0.0542	0.0	2.921	2.921	0.0	1044.945	329.273	3.1734912974947833	400.94	-11.027	-411.967
1475938	cid22	libjxl	6	0.5	55407	55339	-68	1.437	1.313	-0.12400000000000011	91.2199	91.2199	0.0266	0.0266	0.0	-31.813	-31.813	0.0	992.412	280.514	3.53783411879621	525.795	-23.003	-548.798
1475938	cid22	libjxl	6	0.75	40164	40241	77	-0.567	-0.376	0.19099999999999995	89.3822	89.3822	-0.241	-0.241	0.0	-4.3	-4.3	0.0	1041.492	331.691	3.1399465164867304	228.55	-45.081	-273.63100000000003
1475938	cid22	libjxl	6	1.0	33268	33399	131	-0.858	-0.468	0.38999999999999996	87.5656	87.5656	-0.1632	-0.1632	0.0	0.624	0.624	0.0	874.841	498.172	1.7561023100455264	270.348	-17.209	-287.557
1475938	cid22	libjxl	6	1.25	28849	29029	180	-1.104	-0.487	0.6170000000000001	85.3415	85.3415	-0.5337	-0.5337	0.0	7.453	7.453	0.0	926.565	338.394	2.7381247894466214	233.539	-45.215	-278.754
1475938	cid22	libjxl	6	1.5	25611	25808	197	-0.898	-0.135	0.763	83.9611	83.9611	-0.3715	-0.3715	0.0	1.52	1.52	0.0	867.053	312.566	2.7739837346352454	214.291	-61.683	-275.974
1475938	cid22	libjxl	6	1.75	23081	23324	243	-1.283	-0.244	1.039	82.2968	82.2968	-0.658	-0.658	0.0	2.753	2.753	0.0	835.645	360.971	2.314992063074319	112.291	-39.99	-152.281
1475938	cid22	libjxl	6	2.0	21235	21426	191	-0.529	0.365	0.894	80.1751	80.1751	-0.9862	-0.9862	0.0	-0.947	-0.947	0.0	803.162	298.897	2.6870861868804305	293.809	-41.785	-335.59400000000005
1475938	cid22	libjxl	6	2.25	19442	19647	205	-0.664	0.383	1.0470000000000002	78.7985	78.7985	-0.6273	-0.6273	0.0	-1.522	-1.522	0.0	826.693	312.548	2.6450113262602866	147.743	-51.425	-199.168
1475938	cid22	libjxl	6	2.5	18081	18287	206	-1.116	0.011	1.127	77.1323	77.1323	-0.8344	-0.8344	0.0	3.399	3.399	0.0	782.907	519.418	1.5072773758321814	184.932	-26.79	-211.72199999999998
1475938	cid22	libjxl	6	2.75	17076	17234	158	-0.175	0.748	0.923	75.6768	75.6768	-1.2219	-1.2219	0.0	-3.771	-3.771	0.0	835.548	435.437	1.918872305293303	162.915	-31.48	-194.39499999999998
1475938	cid22	libjxl	6	3.0	15890	16067	177	-0.582	0.526	1.108	73.8984	73.8984	-1.1378	-1.1378	0.0	3.246	3.246	0.0	799.593	414.707	1.928091399469987	197.803	-52.931	-250.73399999999998
1475938	cid22	libjxl	6	3.25	14754	14901	147	-1.895	-0.918	0.977	72.0204	72.0204	-1.5832	-1.5832	0.0	5.549	5.549	0.0	739.002	308.608	2.394630080879303	231.088	-58.154	-289.242
1475938	cid22	libjxl	6	3.5	13936	14153	217	-2.045	-0.52	1.525	70.2176	70.2176	-1.0703	-1.0703	0.0	-5.78	-5.78	0.0	735.65	218.042	3.373891268654663	151.275	-70.243	-221.518
1475938	cid22	libjxl	6	3.75	13250	13474	224	-1.677	-0.015	1.6620000000000001	68.9278	68.9278	-1.5307	-1.5307	0.0	5.213	5.213	0.0	736.318	365.236	2.0160060892135494	170.466	-38.649	-209.115
1475938	cid22	libjxl	6	4.0	12758	12940	182	-1.718	-0.316	1.402	67.9504	67.9504	-1.6421	-1.6421	0.0	11.49	11.49	0.0	812.155	383.895	2.115565454095521	238.184	-49.374	-287.558
1475938	cid22	libjxl	6	4.25	12231	12414	183	-1.641	-0.169	1.472	66.0722	66.0722	-1.8089	-1.8089	0.0	0.493	0.493	0.0	847.388	484.736	1.7481433192500662	284.652	-15.328	-299.97999999999996
1475938	cid22	libjxl	6	4.5	11763	11953	190	-1.209	0.386	1.5950000000000002	64.3056	64.3056	-2.1597	-2.1597	0.0	3.192	3.192	0.0	914.204	610.174	1.498267707244163	201.028	-29.075	-230.10299999999998
1475938	cid22	libjxl	6	4.75	11001	11213	212	-1.663	0.232	1.895	63.4072	63.4072	-2.2445	-2.2445	0.0	8.467	8.467	0.0	819.517	354.717	2.31034035583296	107.276	-37.534	-144.81
1475938	cid22	libjxl	6	5.0	10576	10774	198	-0.946	0.908	1.854	61.7351	61.7351	-2.3349	-2.3349	0.0	3.53	3.53	0.0	883.927	545.082	1.621640413735915	259.851	-30.052	-289.903
1475938	cid22	libjxl	7	0.25	83827	83774	-53	-0.413	-0.476	-0.063	92.9376	92.9376	-0.0539	-0.0539	0.0	-4.159	-4.159	0.0	1152.811	206.405	5.585189312274411	279.943	-59.795	-339.738
1475938	cid22	libjxl	7	0.5	55417	55347	-70	0.548	0.421	-0.12700000000000006	91.1637	91.1637	-0.2503	-0.2503	0.0	-1.933	-1.933	0.0	990.84	363.164	2.728354132017491	385.057	6.592	-378.46500000000003
1475938	cid22	libjxl	7	0.75	40134	40207	73	-0.948	-0.768	0.17999999999999994	89.5102	89.5102	-0.3291	-0.3291	0.0	-3.575	-3.575	0.0	1021.196	519.772	1.9646999068822482	178.107	-27.006	-205.113
1475938	cid22	libjxl	7	1.0	33251	33381	130	-1.036	-0.649	0.387	87.5733	87.5733	-0.2685	-0.2685	0.0	-0.115	-0.115	0.0	898.683	333.458	2.6950410546455625	182.996	-41.762	-224.758
1475938	cid22	libjxl	7	1.25	28845	29025	180	-1.029	-0.412	0.617	85.8897	85.8897	-0.1878	-0.1878	0.0	7.366	7.366	0.0	969.662	630.075	1.5389628218862834	206.957	-26.923	-233.88
1475938	cid22	libjxl	7	1.5	25623	25817	194	-0.775	-0.023	0.752	84.0413	84.0413	-0.4847	-0.4847	0.0	1.319	1.319	0.0	1045.507	422.366	2.4753578649796624	184.626	-48.503	-233.12900000000002
1475938	cid22	libjxl	7	1.75	23080	23321	241	-1.139	-0.107	1.032	82.4715	82.4715	-0.5558	-0.5558	0.0	1.1	1.1	0.0	840.267	322.535	2.6051963352814425	272.611	-67.524	-340.135
1475938	cid22	libjxl	7	2.0	21244	21423	179	-0.286	0.554	0.8400000000000001	80.2438	80.2438	-1.0295	-1.0295	0.0	-0.947	-0.947	0.0	792.003	661.806	1.196729857390232	80.846	16.285	-64.561
1475938	cid22	libjxl	7	2.25	19442	19645	203	-0.532	0.506	1.038	78.8401	78.8401	-1.1144	-1.1144	0.0	-0.787	-0.787	0.0	902.969	432.027	2.090075388806718	162.936	-64.036	-226.972
1475938	cid22	libjxl	7	2.5	18077	18266	189	-1.035	0.0	1.035	77.1965	77.1965	-1.162	-1.162	0.0	3.4	3.4	0.0	862.411	410.071	2.103077271984607	190.636	-58.324	-248.95999999999998
1475938	cid22	libjxl	7	2.75	17078	17234	156	-0.17	0.742	0.912	75.8244	75.8244	-1.2801	-1.2801	0.0	-3.773	-3.773	0.0	775.162	335.344	2.3115427739873087	120.399	-55.588	-175.987
1475938	cid22	libjxl	7	3.0	15934	16115	181	-0.655	0.474	1.129	73.9404	73.9404	-1.5484	-1.5484	0.0	3.246	3.246	0.0	851.456	725.183	1.174125703443131	95.691	-8.708	-104.399
1475938	cid22	libjxl	7	3.25	14772	14934	162	-2.218	-1.145	1.073	71.9847	71.9847	-1.8498	-1.8498	0.0	3.075	3.075	0.0	830.412	415.377	1.9991766515719456	141.81	-45.894	-187.704
1475938	cid22	libjxl	7	3.5	13984	14193	209	-2.455	-0.997	1.4580000000000002	70.4474	70.4474	-1.1637	-1.1637	0.0	-5.96	-5.96	0.0	836.042	453.854	1.8420945942968445	262.353	-9.723	-272.076
1475938	cid22	libjxl	7	3.75	13247	13443	196	-1.968	-0.518	1.45	69.0997	69.0997	-1.42	-1.42	0.0	7.777	7.777	0.0	853.071	701.839	1.2154796185449939	40.542	2.291	-38.251000000000005
1475938	cid22	libjxl	7	4.0	12793	12977	184	-1.841	-0.43	1.411	68.0552	68.0552	-1.6055	-1.6055	0.0	11.414	11.414	0.0	972.48	650.655	1.4946169629066095	182.38	-39.277	-221.65699999999998
1475938	cid22	libjxl	7	4.25	12307	12484	177	-1.473	-0.056	1.417	66.0361	66.0361	-1.6326	-1.6326	0.0	0.766	0.766	0.0	874.924	727.379	1.2028447343131985	130.794	-20.913	-151.70700000000002
1475938	cid22	libjxl	7	4.5	11778	11966	188	-1.315	0.26	1.575	64.3275	64.3275	-1.8401	-1.8401	0.0	5.254	5.254	0.0	944.411	909.919	1.0379066708135558	206.514	26.017	-180.497
1475938	cid22	libjxl	7	4.75	11033	11246	213	-1.981	-0.089	1.8920000000000001	63.4478	63.4478	-2.0342	-2.0342	0.0	3.604	3.604	0.0	910.584	594.433	1.5318530431520456	166.895	2.43	-164.465
1475938	cid22	libjxl	7	5.0	10617	10820	203	-1.402	0.483	1.8849999999999998	61.7523	61.7523	-2.5051	-2.5051	0.0	0.951	0.951	0.0	1050.094	612.224	1.7152120792389713	165.821	-13.478	-179.299
1475938	cid22	libjxl	8	0.25	83318	83269	-49	-0.03	-0.089	-0.059	93.0712	93.0712	0.0876	0.0876	0.0	-2.468	-2.468	0.0	1563.307	1749.32	0.8936655386092882	45.937	-42.522	-88.459
1475938	cid22	libjxl	8	0.5	53691	53521	-170	0.667	0.349	-0.31800000000000006	91.0078	91.0078	-0.0593	-0.0593	0.0	-4.956	-4.956	0.0	1490.098	1121.753	1.3283655136202	55.138	-58.308	-113.446
1475938	cid22	libjxl	8	0.75	38887	38908	21	-0.806	-0.752	0.05400000000000005	89.4892	89.4892	0.0162	0.0162	0.0	14.851	14.851	0.0	1420.579	1282.727	1.1074679179591602	18.292	-53.538	-71.83
1475938	cid22	libjxl	8	1.0	32106	32163	57	-0.779	-0.603	0.17600000000000005	87.6286	87.6286	-0.2956	-0.2956	0.0	7.532	7.532	0.0	1455.092	1452.81	1.00157074910002	37.475	-50.103	-87.578
1475938	cid22	libjxl	8	1.25	27554	27672	118	-1.254	-0.831	0.42300000000000004	85.7035	85.7035	-0.2536	-0.2536	0.0	12.893	12.893	0.0	1339.24	1072.55	1.2486504125681788	27.634	-61.485	-89.119
1475938	cid22	libjxl	8	1.5	24504	24563	59	-1.345	-1.107	0.238	83.5668	83.5668	-0.722	-0.722	0.0	-7.343	-7.343	0.0	1246.541	1480.909	0.8417404445512856	28.109	-37.45	-65.559
1475938	cid22	libjxl	8	1.75	21948	21975	27	-1.437	-1.316	0.121	81.8789	81.8789	-0.5305	-0.5305	0.0	9.436	9.436	0.0	1536.627	1796.271	0.8554538819587912	32.264	-27.334	-59.598
1475938	cid22	libjxl	8	2.0	20021	20074	53	-2.165	-1.906	0.2590000000000001	80.1184	80.1184	-0.9492	-0.9492	0.0	8.843	8.843	0.0	1465.193	1548.419	0.9462509824537156	26.367	-27.016	-53.382999999999996
1475938	cid22	libjxl	8	2.25	18399	18374	-25	-1.309	-1.443	-0.13400000000000012	78.4688	78.4688	-0.9132	-0.9132	0.0	9.489	9.489	0.0	1299.561	1361.699	0.9543673014373953	34.816	-40.707	-75.523
1475938	cid22	libjxl	8	2.5	16967	17029	62	-1.959	-1.601	0.3580000000000001	76.1445	76.1445	-1.2424	-1.2424	0.0	13.24	13.24	0.0	1272.159	1715.648	0.7415035018838364	8.211	-18.316	-26.527
1475938	cid22	libjxl	8	2.75	15996	16015	19	-0.714	-0.596	0.118	74.6883	74.6883	-1.0146	-1.0146	0.0	-2.673	-2.673	0.0	1568.281	2028.547	0.7731055775389971	52.779	-0.877	-53.656000000000006
1475938	cid22	libjxl	8	3.0	14912	14951	39	-1.317	-1.059	0.258	73.0573	73.0573	-1.0347	-1.0347	0.0	-1.358	-1.358	0.0	1343.684	1904.898	0.7053837003346111	11.808	-40.146	-51.954
1475938	cid22	libjxl	8	3.25	13722	13753	31	-3.536	-3.318	0.21799999999999997	70.9895	70.9895	-1.222	-1.222	0.0	2.86	2.86	0.0	1419.64	2117.3	0.6704954423086006	32.807	-5.407	-38.214
1475938	cid22	libjxl	8	3.5	13022	13057	35	-2.552	-2.29	0.262	69.0143	69.0143	-1.0833	-1.0833	0.0	-4.001	-4.001	0.0	1650.416	1555.18	1.0612379274424824	42.544	-46.569	-89.113
1475938	cid22	libjxl	8	3.75	12231	12253	22	-1.901	-1.724	0.17700000000000005	67.2638	67.2638	-1.3105	-1.3105	0.0	-5.093	-5.093	0.0	1421.847	1804.733	0.7878434095237357	41.251	-10.083	-51.333999999999996
1475938	cid22	libjxl	8	4.0	11674	11714	40	-2.887	-2.554	0.3330000000000002	66.1485	66.1485	-1.2643	-1.2643	0.0	-14.663	-14.663	0.0	1643.196	1733.377	0.9479738106597699	29.9	-26.82	-56.72
1475938	cid22	libjxl	8	4.25	11313	11351	38	-3.275	-2.95	0.32499999999999973	64.5712	64.5712	-1.6661	-1.6661	0.0	-3.771	-3.771	0.0	1548.93	2695.802	0.5745711294820613	37.516	16.006	-21.509999999999998
1475938	cid22	libjxl	8	4.5	11030	11090	60	-2.095	-1.562	0.5330000000000001	62.9746	62.9746	-1.4575	-1.4575	0.0	-9.149	-9.149	0.0	1422.061	2663.574	0.5338920563123082	29.865	40.466	10.601000000000003
1475938	cid22	libjxl	8	4.75	10144	10227	83	-2.984	-2.19	0.794	61.4583	61.4583	-1.5724	-1.5724	0.0	-16.042	-16.042	0.0	1521.11	1685.578	0.9024263487064971	47.859	-41.358	-89.217
1475938	cid22	libjxl	8	5.0	9697	9755	58	-2.777	-2.196	0.581	60.3753	60.3753	-1.8273	-1.8273	0.0	-2.867	-2.867	0.0	1401.313	1570.565	0.8922349600303076	21.31	-36.557	-57.867000000000004
1475938	cid22	libjxl	9	0.25	84780	84780	0	1.627	1.627	0.0	93.0044	93.0044	-0.0069	-0.0069	0.0	5.327	5.327	0.0	2153.56	3962.698	0.5434580177444761	37.367	40.506	3.139000000000003
1475938	cid22	libjxl	9	0.5	54347	54347	0	1.8	1.8	0.0	91.0012	91.0012	-0.119	-0.119	0.0	-3.77	-3.77	0.0	1917.142	3357.737	0.5709625262490778	30.315	22.499	-7.8160000000000025
1475938	cid22	libjxl	9	0.75	39281	39281	0	0.278	0.278	0.0	89.4886	89.4886	0.0276	0.0276	0.0	-2.662	-2.662	0.0	1734.876	4273.504	0.40596100998150464	1.819	64.102	62.283
1475938	cid22	libjxl	9	1.0	32455	32455	0	0.309	0.309	0.0	87.5947	87.5947	-0.3637	-0.3637	0.0	7.541	7.541	0.0	1658.233	2812.855	0.589519545088531	-5.118	-15.001	-9.883
1475938	cid22	libjxl	9	1.25	27865	27865	0	0.072	0.072	0.0	85.7869	85.7869	-0.1767	-0.1767	0.0	3.272	3.272	0.0	1943.592	2674.714	0.7266541394706126	0.523	-7.799	-8.322000000000001
1475938	cid22	libjxl	9	1.5	24733	24732	-1	-0.351	-0.355	-0.0040000000000000036	83.5837	83.5837	-0.7227	-0.7227	0.0	-0.672	-0.672	0.0	1457.492	1959.687	0.7437371376143231	-37.178	-35.422	1.7560000000000002
1475938	cid22	libjxl	9	1.75	22138	22138	0	-0.418	-0.418	0.0	81.8927	81.8927	-0.5367	-0.5367	0.0	5.001	5.001	0.0	1454.872	2146.649	0.677740981408698	-12.893	-33.009	-20.116
1475938	cid22	libjxl	9	2.0	20259	20259	0	-0.584	-0.584	0.0	80.1352	80.1352	-0.9395	-0.9395	0.0	0.151	0.151	0.0	1493.21	1965.373	0.7597590889871796	8.862	-20.022	-28.884
1475938	cid22	libjxl	9	2.25	18562	18562	0	-0.113	-0.113	0.0	78.4764	78.4764	-0.9057	-0.9057	0.0	2.966	2.966	0.0	1533.114	2682.921	0.5714346415716304	0.876	12.888	12.012
1475938	cid22	libjxl	9	2.5	17132	17131	-1	-0.655	-0.661	-0.006000000000000005	76.1728	76.1728	-1.238	-1.238	0.0	13.24	13.24	0.0	1634.649	2559.702	0.6386091037159793	9.974	2.365	-7.609
1475938	cid22	libjxl	9	2.75	16196	16196	0	0.897	0.897	0.0	74.6883	74.6883	-1.025	-1.025	0.0	6.48	6.48	0.0	1408.182	1644.38	0.856360451963658	1.473	-38.329	-39.802
1475938	cid22	libjxl	9	3.0	15050	15050	0	-0.437	-0.437	0.0	73.0559	73.0559	-1.0443	-1.0443	0.0	-2.545	-2.545	0.0	1325.153	1635.597	0.8101952987196724	-6.683	-41.905	-35.222
1475938	cid22	libjxl	9	3.25	13826	13825	-1	-2.503	-2.51	-0.006999999999999673	70.9895	70.9895	-1.2241	-1.2241	0.0	2.86	2.86	0.0	1683.644	3413.482	0.49323359548988394	4.601	51.61	47.009
1475938	cid22	libjxl	9	3.5	13157	13157	0	-1.379	-1.379	0.0	69.0143	69.0143	-1.1017	-1.1017	0.0	-4.001	-4.001	0.0	1346.143	3456.901	0.3894074490417863	-6.409	82.869	89.278
1475938	cid22	libjxl	9	3.75	12362	12362	0	-0.787	-0.787	0.0	67.2638	67.2638	-1.3089	-1.3089	0.0	-0.939	-0.939	0.0	1630.696	3230.122	0.504840374450253	13.802	47.75	33.948
1475938	cid22	libjxl	9	4.0	11839	11839	0	-1.702	-1.702	0.0	66.1497	66.1497	-1.2431	-1.2431	0.0	-14.662	-14.662	0.0	1802.719	5556.798	0.32441686741177206	6.683	116.157	109.47399999999999
1475938	cid22	libjxl	9	4.25	11485	11485	0	-2.744	-2.744	0.0	64.5712	64.5712	-1.7121	-1.7121	0.0	7.624	7.624	0.0	1709.468	4240.703	0.40310957876559617	19.499	34.022	14.523
1475938	cid22	libjxl	9	4.5	11174	11174	0	-1.991	-1.991	0.0	62.9746	62.9746	-1.4873	-1.4873	0.0	-7.032	-7.032	0.0	1986.059	3613.393	0.5496382485934964	45.414	-4.587	-50.001000000000005
1475938	cid22	libjxl	9	4.75	10284	10283	-1	-2.834	-2.844	-0.009999999999999787	61.4583	61.4583	-1.6081	-1.6081	0.0	-13.784	-13.784	0.0	1851.991	3724.051	0.49730548802903074	10.733	24.272	13.538999999999998
1475938	cid22	libjxl	9	5.0	9828	9828	0	-2.335	-2.335	0.0	60.3753	60.3753	-1.7981	-1.7981	0.0	-2.867	-2.867	0.0	1800.382	3117.315	0.5775425325961605	-7.18	8.772	15.952
1531677	cid22	libjxl	5	0.25	169510	169510	0	0.041	0.041	0.0	94.0243	94.0243	0.0035	0.0035	0.0	-1.455	-1.455	0.0	1187.164	307.089	3.8658629908593274	634.982	36.23	-598.752
1531677	cid22	libjxl	5	0.5	120059	120047	-12	-0.13	-0.14	-0.010000000000000009	90.6727	90.6727	-0.1126	-0.1126	0.0	-0.113	-0.113	0.0	988.071	178.337	5.540471130500121	572.567	-8.247	-580.814
1531677	cid22	libjxl	5	0.75	98600	98697	97	-0.41	-0.312	0.09799999999999998	88.079	88.079	-0.0694	-0.0694	0.0	-0.902	-0.902	0.0	812.178	258.389	3.143237521721126	388.285	-19.68	-407.96500000000003
1531677	cid22	libjxl	5	1.0	82826	82977	151	-0.458	-0.276	0.182	85.1925	85.1925	-0.2249	-0.2249	0.0	1.968	1.968	0.0	831.43	286.994	2.8970292061854948	484.043	-24.887	-508.93
1531677	cid22	libjxl	5	1.25	71368	71523	155	-0.647	-0.432	0.21500000000000002	82.4393	82.4393	-0.2953	-0.2953	0.0	-1.958	-1.958	0.0	817.543	219.65	3.7220259503755977	569.923	-49.115	-619.038
1531677	cid22	libjxl	5	1.5	62568	62784	216	-0.509	-0.165	0.344	79.4337	79.4337	-0.4547	-0.4547	0.0	-0.187	-0.187	0.0	788.313	314.332	2.507899291195297	727.709	-12.493	-740.202
1531677	cid22	libjxl	5	1.75	55460	55659	199	-0.108	0.25	0.358	76.996	76.996	-0.3232	-0.3232	0.0	-0.141	-0.141	0.0	962.311	201.374	4.778725158163418	575.128	-63.102	-638.23
1531677	cid22	libjxl	5	2.0	49383	49612	229	0.29	0.755	0.465	74.365	74.365	-0.36	-0.36	0.0	1.675	1.675	0.0	819.387	258.066	3.1751063681383833	495.368	-23.735	-519.103
1531677	cid22	libjxl	5	2.25	44123	44351	228	1.107	1.629	0.522	72.0627	72.0627	0.3125	0.3125	0.0	-0.069	-0.069	0.0	759.022	261.052	2.90755098601045	504.316	-19.845	-524.161
1531677	cid22	libjxl	5	2.5	40343	40569	226	3.279	3.858	0.5790000000000002	69.5804	69.5804	0.0705	0.0705	0.0	-2.04	-2.04	0.0	863.237	229.171	3.766781137229405	620.848	-51.368	-672.216
1531677	cid22	libjxl	5	2.75	36199	36401	202	2.231	2.802	0.5710000000000002	66.7399	66.7399	-0.2521	-0.2521	0.0	0.773	0.773	0.0	757.108	233.747	3.2390062760163763	369.623	24.622	-345.001
1531677	cid22	libjxl	5	3.0	33244	33424	180	3.58	4.141	0.5609999999999999	64.36	64.36	-0.5053	-0.5053	0.0	2.008	2.008	0.0	750.721	328.267	2.286921926358726	326.966	86.868	-240.098
1531677	cid22	libjxl	5	3.25	30194	30304	110	2.736	3.11	0.37399999999999967	62.1763	62.1763	-0.3161	-0.3161	0.0	-1.139	-1.139	0.0	757.084	181.828	4.163737158193457	415.694	-55.657	-471.351
1531677	cid22	libjxl	5	3.5	29301	29470	169	8.134	8.757	0.6229999999999993	60.4217	60.4217	-0.2866	-0.2866	0.0	2.842	2.842	0.0	846.895	225.586	3.754200171996489	348.733	-2.229	-350.962
1531677	cid22	libjxl	5	3.75	27315	27520	205	7.269	8.074	0.8049999999999997	58.6743	58.6743	-0.394	-0.394	0.0	-6.116	-6.116	0.0	914.953	324.974	2.8154652372189775	730.66	43.691	-686.9689999999999
1531677	cid22	libjxl	5	4.0	25837	26036	199	6.694	7.516	0.8220000000000001	56.6643	56.6643	2.6046	2.6046	0.0	5.126	5.126	0.0	893.399	587.62	1.5203686055614172	556.089	193.249	-362.84000000000003
1531677	cid22	libjxl	5	4.25	23811	23946	135	3.149	3.734	0.585	55.0548	55.0548	2.8863	2.8863	0.0	8.499	8.499	0.0	1016.381	985.874	1.0309441165909639	640.469	220.897	-419.57200000000006
1531677	cid22	libjxl	5	4.5	22445	22603	158	2.199	2.919	0.7200000000000002	53.2096	53.2096	3.1175	3.1175	0.0	3.242	3.242	0.0	907.422	388.62	2.3349853327157635	550.762	-64.442	-615.204
1531677	cid22	libjxl	5	4.75	22706	22887	181	8.387	9.251	0.863999999999999	51.8185	51.8185	3.5496	3.5496	0.0	-1.127	-1.127	0.0	845.974	415.478	2.0361463182166086	626.455	-32.624	-659.0790000000001
1531677	cid22	libjxl	5	5.0	21734	21878	144	7.45	8.162	0.7120000000000006	50.1904	50.1904	3.3994	3.3994	0.0	1.871	1.871	0.0	719.236	528.576	1.3607049884973967	537.736	96.91	-440.826
1531677	cid22	libjxl	6	0.25	169537	169537	0	0.006	0.006	0.0	94.026	94.026	0.0061	0.0061	0.0	-1.455	-1.455	0.0	1242.754	475.559	2.613248829272498	458.247	27.805	-430.442
1531677	cid22	libjxl	6	0.5	120077	120063	-14	-0.133	-0.145	-0.011999999999999983	90.7132	90.7132	-0.0863	-0.0863	0.0	-0.113	-0.113	0.0	1027.3	594.212	1.7288442508734256	429.514	45.551	-383.963
1531677	cid22	libjxl	6	0.75	98336	98444	108	-0.836	-0.727	0.10899999999999999	88.028	88.028	-0.1546	-0.1546	0.0	-1.408	-1.408	0.0	982.846	685.422	1.4339282952691919	208.016	21.708	-186.308
1531677	cid22	libjxl	6	1.0	82465	82617	152	-0.989	-0.807	0.18199999999999994	85.1265	85.1265	-0.2763	-0.2763	0.0	0.196	0.196	0.0	882.712	342.087	2.580372829134109	281.641	-53.223	-334.86400000000003
1531677	cid22	libjxl	6	1.25	71049	71239	190	-1.155	-0.89	0.265	82.2664	82.2664	-0.3541	-0.3541	0.0	0.526	0.526	0.0	893.551	671.96	1.3297681409607716	201.754	46.338	-155.416
1531677	cid22	libjxl	6	1.5	62235	62438	203	-1.06	-0.738	0.32200000000000006	79.3446	79.3446	-0.6102	-0.6102	0.0	0.525	0.525	0.0	859.181	604.526	1.4212473905175296	203.962	2.703	-201.259
1531677	cid22	libjxl	6	1.75	55277	55465	188	-0.92	-0.583	0.3370000000000001	76.8888	76.8888	-0.5223	-0.5223	0.0	0.312	0.312	0.0	982.0	827.436	1.186798737304154	301.813	76.938	-224.875
1531677	cid22	libjxl	6	2.0	49974	50218	244	0.653	1.144	0.4909999999999999	74.3733	74.3733	-0.3543	-0.3543	0.0	-0.316	-0.316	0.0	848.005	584.286	1.451352591025628	213.951	42.49	-171.46099999999998
1531677	cid22	libjxl	6	2.25	44017	44188	171	0.363	0.752	0.389	71.9984	71.9984	-0.0428	-0.0428	0.0	0.345	0.345	0.0	882.619	417.145	2.115856596627072	243.628	-21.97	-265.59799999999996
1531677	cid22	libjxl	6	2.5	40440	40644	204	2.294	2.81	0.516	69.535	69.535	-0.3814	-0.3814	0.0	0.514	0.514	0.0	865.797	495.515	1.7472669848541418	193.407	19.438	-173.96900000000002
1531677	cid22	libjxl	6	2.75	36978	37205	227	2.808	3.439	0.6310000000000002	66.6335	66.6335	-0.9744	-0.9744	0.0	0.754	0.754	0.0	803.269	637.635	1.2597630305739178	223.823	33.604	-190.219
1531677	cid22	libjxl	6	3.0	32024	32187	163	-1.989	-1.49	0.4990000000000001	64.3585	64.3585	-0.7599	-0.7599	0.0	0.65	0.65	0.0	826.453	502.947	1.643220856273126	219.592	-28.798	-248.39000000000001
1531677	cid22	libjxl	6	3.25	30505	30641	136	1.393	1.845	0.45199999999999996	62.2285	62.2285	-0.8553	-0.8553	0.0	0.8	0.8	0.0	704.091	594.243	1.1848536709729858	149.163	-6.724	-155.887
1531677	cid22	libjxl	6	3.5	29066	29247	181	4.543	5.194	0.6509999999999998	60.4912	60.4912	-0.8796	-0.8796	0.0	3.889	3.889	0.0	829.288	545.957	1.5189621160640856	287.504	16.632	-270.872
1531677	cid22	libjxl	6	3.75	27238	27417	179	4.169	4.853	0.6840000000000002	58.7265	58.7265	-1.1039	-1.1039	0.0	0.38	0.38	0.0	853.828	544.843	1.5671083229480787	296.926	-3.414	-300.34
1531677	cid22	libjxl	6	4.0	25518	25728	210	2.56	3.404	0.8439999999999999	56.7333	56.7333	-1.0905	-1.0905	0.0	8.921	8.921	0.0	929.183	809.27	1.1481742805244233	336.596	16.486	-320.11
1531677	cid22	libjxl	6	4.25	25000	25167	167	5.485	6.19	0.7050000000000001	55.0879	55.0879	-0.9036	-0.9036	0.0	2.445	2.445	0.0	1034.488	847.702	1.2203439416209942	259.682	35.973	-223.709
1531677	cid22	libjxl	6	4.5	23803	23934	131	5.711	6.293	0.5819999999999999	53.1447	53.1447	-1.1309	-1.1309	0.0	5.869	5.869	0.0	996.619	1043.783	0.954814362755477	249.024	74.739	-174.285
1531677	cid22	libjxl	6	4.75	22431	22654	223	4.764	5.805	1.0409999999999995	51.7261	51.7261	-1.5919	-1.5919	0.0	1.916	1.916	0.0	875.091	516.313	1.694884692037582	330.561	-5.244	-335.80499999999995
1531677	cid22	libjxl	6	5.0	21515	21693	178	4.645	5.511	0.8660000000000005	50.1277	50.1277	-1.8307	-1.8307	0.0	2.573	2.573	0.0	750.82	661.78	1.1345462238206052	171.403	-33.766	-205.16899999999998
1531677	cid22	libjxl	7	0.25	169548	169548	0	0.05	0.05	0.0	94.018	94.018	0.0402	0.0402	0.0	-1.281	-1.281	0.0	1390.57	856.226	1.6240688790109152	418.202	78.535	-339.66700000000003
1531677	cid22	libjxl	7	0.5	120059	120045	-14	-0.179	-0.19	-0.01100000000000001	90.6933	90.6933	-0.1001	-0.1001	0.0	-0.114	-0.114	0.0	1031.65	719.668	1.4335082287943886	422.781	8.657	-414.124
1531677	cid22	libjxl	7	0.75	98342	98451	109	-0.822	-0.712	0.10999999999999999	88.0506	88.0506	-0.1652	-0.1652	0.0	-1.413	-1.413	0.0	991.091	584.424	1.6958424020916323	332.859	-13.757	-346.616
1531677	cid22	libjxl	7	1.0	82476	82628	152	-1.02	-0.838	0.18200000000000005	85.1211	85.1211	-0.2797	-0.2797	0.0	0.154	0.154	0.0	990.623	697.392	1.4204679721017734	202.14	34.016	-168.124
1531677	cid22	libjxl	7	1.25	71044	71237	193	-1.204	-0.936	0.2679999999999999	82.2594	82.2594	-0.3827	-0.3827	0.0	0.526	0.526	0.0	909.814	480.888	1.8919457337259404	193.379	-14.607	-207.986
1531677	cid22	libjxl	7	1.5	62216	62419	203	-1.026	-0.703	0.32300000000000006	79.3543	79.3543	-0.6556	-0.6556	0.0	0.525	0.525	0.0	875.332	584.447	1.4977098008887033	183.458	-36.026	-219.484
1531677	cid22	libjxl	7	1.75	55273	55461	188	-0.93	-0.593	0.3370000000000001	76.8709	76.8709	-0.5307	-0.5307	0.0	0.312	0.312	0.0	879.086	671.953	1.3082551904671904	169.69	-0.248	-169.938
1531677	cid22	libjxl	7	2.0	49974	50220	246	0.624	1.12	0.4960000000000001	74.3794	74.3794	-0.3656	-0.3656	0.0	1.035	1.035	0.0	803.609	833.418	0.9642328339440713	210.041	30.031	-180.01
1531677	cid22	libjxl	7	2.25	44017	44190	173	0.337	0.732	0.39499999999999996	72.0034	72.0034	-0.145	-0.145	0.0	0.328	0.328	0.0	938.292	587.033	1.5983632947381152	265.781	-10.487	-276.26800000000003
1531677	cid22	libjxl	7	2.5	40440	40644	204	2.369	2.886	0.5169999999999999	69.5365	69.5365	-0.3761	-0.3761	0.0	0.514	0.514	0.0	894.826	414.051	2.1611492304088147	250.7	-27.681	-278.381
1531677	cid22	libjxl	7	2.75	36976	37205	229	2.8	3.436	0.6360000000000001	66.6282	66.6282	-0.9892	-0.9892	0.0	0.74	0.74	0.0	858.79	533.8	1.6088235294117648	238.861	-8.224	-247.08499999999998
1531677	cid22	libjxl	7	3.0	32022	32184	162	-2.067	-1.572	0.4950000000000001	64.3474	64.3474	-0.9167	-0.9167	0.0	2.335	2.335	0.0	863.667	688.105	1.2551383873100763	161.667	-11.183	-172.85
1531677	cid22	libjxl	7	3.25	30505	30637	132	1.174	1.612	0.43800000000000017	62.2252	62.2252	-0.9362	-0.9362	0.0	0.458	0.458	0.0	749.002	663.4	1.1290352728369009	144.251	-18.099	-162.35
1531677	cid22	libjxl	7	3.5	29062	29238	176	4.453	5.086	0.633	60.5021	60.5021	-0.8626	-0.8626	0.0	5.366	5.366	0.0	790.48	870.78	0.9077838259950849	209.778	73.194	-136.584
1531677	cid22	libjxl	7	3.75	27236	27417	181	3.911	4.601	0.69	58.7153	58.7153	-1.0177	-1.0177	0.0	-0.833	-0.833	0.0	783.041	764.327	1.0244842848676026	209.501	23.113	-186.388
1531677	cid22	libjxl	7	4.0	25516	25728	212	2.4	3.251	0.851	56.7333	56.7333	-1.0968	-1.0968	0.0	9.071	9.071	0.0	928.234	516.047	1.7987392621214735	215.443	0.986	-214.45700000000002
1531677	cid22	libjxl	7	4.25	25000	25167	167	5.525	6.23	0.7050000000000001	55.0879	55.0879	-0.9834	-0.9834	0.0	3.987	3.987	0.0	1105.055	524.033	2.108750784778821	280.145	21.92	-258.22499999999997
1531677	cid22	libjxl	7	4.5	23805	23934	129	5.113	5.683	0.5699999999999994	53.1377	53.1377	-1.1502	-1.1502	0.0	5.733	5.733	0.0	1038.334	675.612	1.5368791554916137	228.058	-42.761	-270.819
1531677	cid22	libjxl	7	4.75	22431	22654	223	4.573	5.613	1.04	51.7265	51.7265	-1.4259	-1.4259	0.0	2.824	2.824	0.0	920.194	584.52	1.574272907684938	282.798	17.918	-264.88
1531677	cid22	libjxl	7	5.0	21515	21693	178	4.34	5.204	0.8639999999999999	50.1277	50.1277	-1.8689	-1.8689	0.0	2.625	2.625	0.0	882.028	1064.592	0.8285127072155342	222.735	31.695	-191.04000000000002
1531677	cid22	libjxl	8	0.25	173037	172856	-181	0.06	-0.045	-0.105	94.2442	94.2442	0.0245	0.0245	0.0	6.866	6.866	0.0	1656.857	4209.879	0.3935640430520687	66.539	92.64	26.101
1531677	cid22	libjxl	8	0.5	122357	122220	-137	-0.201	-0.312	-0.11099999999999999	91.1024	91.1024	0.2925	0.2925	0.0	3.178	3.178	0.0	1488.811	2155.706	0.6906373132514358	76.484	-35.231	-111.715
1531677	cid22	libjxl	8	0.75	94767	94761	-6	-0.833	-0.839	-0.006000000000000005	87.3445	87.3445	-0.1654	-0.1654	0.0	-0.446	-0.446	0.0	1526.679	2677.089	0.5702757734240439	60.74	-4.272	-65.012
1531677	cid22	libjxl	8	1.0	78870	78902	32	-1.17	-1.13	0.040000000000000036	84.5397	84.5397	-0.2716	-0.2716	0.0	3.205	3.205	0.0	1209.734	2935.65	0.41208386558343124	21.685	-15.199	-36.884
1531677	cid22	libjxl	8	1.25	67345	67347	2	-1.23	-1.228	0.0020000000000000018	81.4646	81.4646	-0.2027	-0.2027	0.0	1.245	1.245	0.0	1379.428	1864.027	0.7400257614294214	52.123	-32.042	-84.16499999999999
1531677	cid22	libjxl	8	1.5	58897	58927	30	-1.067	-1.016	0.050999999999999934	78.7417	78.7417	-0.3374	-0.3374	0.0	1.579	1.579	0.0	1301.146	2306.546	0.5641101456463474	16.182	-15.095	-31.277
1531677	cid22	libjxl	8	1.75	51785	51784	-1	-1.506	-1.508	-0.0020000000000000018	75.5632	75.5632	-0.5355	-0.5355	0.0	1.099	1.099	0.0	1147.556	2200.48	0.5215025812549989	1.282	-21.035	-22.317
1531677	cid22	libjxl	8	2.0	46611	46607	-4	-0.066	-0.075	-0.008999999999999994	73.0238	73.0238	-0.3886	-0.3886	0.0	-0.653	-0.653	0.0	1312.958	2713.235	0.48390869202262243	31.982	12.131	-19.851
1531677	cid22	libjxl	8	2.25	40706	40690	-16	-1.376	-1.415	-0.039000000000000146	70.4082	70.4082	-0.4446	-0.4446	0.0	2.759	2.759	0.0	1272.605	2113.384	0.6021645853285537	6.018	-13.712	-19.73
1531677	cid22	libjxl	8	2.5	37324	37319	-5	0.471	0.458	-0.012999999999999956	67.6946	67.6946	-0.2754	-0.2754	0.0	-1.122	-1.122	0.0	1160.463	2310.489	0.5022586127871632	3.987	5.803	1.8159999999999998
1531677	cid22	libjxl	8	2.75	34299	34299	0	1.44	1.44	0.0	65.4919	65.4919	-0.5759	-0.5759	0.0	3.057	3.057	0.0	1206.168	2599.963	0.46391737113181986	37.863	-15.004	-52.867
1531677	cid22	libjxl	8	3.0	29903	29873	-30	-2.824	-2.921	-0.09699999999999998	62.8763	62.8763	-0.6933	-0.6933	0.0	0.624	0.624	0.0	1450.809	2007.734	0.7226101664861979	41.438	-30.651	-72.089
1531677	cid22	libjxl	8	3.25	28480	28416	-64	0.964	0.737	-0.22699999999999998	60.7227	60.7227	-0.6511	-0.6511	0.0	0.688	0.688	0.0	1527.579	3100.399	0.49270400358147454	32.928	2.764	-30.163999999999998
1531677	cid22	libjxl	8	3.5	27242	27162	-80	4.164	3.858	-0.3059999999999996	58.8344	58.8344	-0.652	-0.652	0.0	-2.102	-2.102	0.0	1294.61	4866.98	0.26599862748562764	24.118	122.92	98.802
1531677	cid22	libjxl	8	3.75	25333	25291	-42	3.43	3.258	-0.17200000000000015	56.8489	56.8489	-0.8301	-0.8301	0.0	5.189	5.189	0.0	1374.708	2225.239	0.6177799328521566	13.245	-22.387	-35.632
1531677	cid22	libjxl	8	4.0	23904	23831	-73	2.465	2.152	-0.3129999999999997	54.9115	54.9115	-0.9625	-0.9625	0.0	-1.052	-1.052	0.0	1452.843	3332.816	0.4359205548701159	11.034	30.075	19.040999999999997
1531677	cid22	libjxl	8	4.25	23095	23032	-63	4.635	4.349	-0.2859999999999996	52.4924	52.4924	-1.0909	-1.0909	0.0	0.276	0.276	0.0	1770.576	4204.49	0.42111552173985434	93.946	79.926	-14.019999999999996
1531677	cid22	libjxl	8	4.5	21898	21797	-101	4.029	3.549	-0.48	50.6621	50.6621	-0.8038	-0.8038	0.0	6.022	6.022	0.0	1689.258	2585.881	0.6532620797322074	40.278	-7.463	-47.741
1531677	cid22	libjxl	8	4.75	20676	20598	-78	4.678	4.283	-0.3949999999999996	48.6432	48.6432	-1.2817	-1.2817	0.0	7.058	7.058	0.0	1293.618	2554.141	0.5064786947940618	6.182	25.603	19.421
1531677	cid22	libjxl	8	5.0	19886	19764	-122	5.563	4.916	-0.6469999999999994	46.9989	46.9989	-1.2899	-1.2899	0.0	-0.786	-0.786	0.0	1631.179	3646.83	0.4472868217054264	25.405	36.085	10.68
1531677	cid22	libjxl	9	0.25	175387	175387	0	0.465	0.465	0.0	94.3055	94.3055	-0.0251	-0.0251	0.0	9.82	9.82	0.0	3604.06	10095.831	0.3569849772643777	129.505	293.189	163.68400000000003
1531677	cid22	libjxl	9	0.5	123778	123778	0	0.459	0.459	0.0	90.8856	90.8856	-0.1546	-0.1546	0.0	12.236	12.236	0.0	2281.337	5403.598	0.4221885121728152	33.83	18.24	-15.59
1531677	cid22	libjxl	9	0.75	95383	95383	0	-0.282	-0.282	0.0	87.4584	87.4584	-0.1529	-0.1529	0.0	3.556	3.556	0.0	2008.637	6558.97	0.3062427484803254	19.061	63.219	44.158
1531677	cid22	libjxl	9	1.0	79513	79513	0	-0.496	-0.496	0.0	84.5894	84.5894	-0.2403	-0.2403	0.0	8.235	8.235	0.0	1698.602	7653.552	0.22193642899401483	-1.054	77.912	78.96600000000001
1531677	cid22	libjxl	9	1.25	67757	67757	0	-0.936	-0.936	0.0	81.5253	81.5253	-0.2469	-0.2469	0.0	-0.871	-0.871	0.0	1948.057	4654.959	0.4184906891768542	23.211	55.521	32.31
1531677	cid22	libjxl	9	1.5	59164	59164	0	-0.723	-0.723	0.0	78.7414	78.7414	-0.3824	-0.3824	0.0	0.469	0.469	0.0	2118.533	8179.022	0.25902033274882985	19.598	148.978	129.38
1531677	cid22	libjxl	9	1.75	52167	52166	-1	-0.836	-0.838	-0.0020000000000000018	75.6638	75.6638	-0.598	-0.598	0.0	0.406	0.406	0.0	2127.931	3892.029	0.5467407873887887	22.666	12.469	-10.197000000000001
1531677	cid22	libjxl	9	2.0	46970	46970	0	0.82	0.82	0.0	73.0214	73.0214	-0.5112	-0.5112	0.0	0.565	0.565	0.0	1741.847	3398.536	0.5125286299747891	-0.418	36.414	36.832
1531677	cid22	libjxl	9	2.25	40996	40996	0	-0.551	-0.551	0.0	70.4442	70.4442	-0.4381	-0.4381	0.0	-3.418	-3.418	0.0	1737.979	2935.763	0.5920024879392513	5.632	10.942	5.3100000000000005
1531677	cid22	libjxl	9	2.5	37614	37614	0	1.372	1.372	0.0	67.6976	67.6976	-0.4229	-0.4229	0.0	-2.265	-2.265	0.0	1493.289	2873.678	0.5196438153474398	-10.969	0.471	11.44
1531677	cid22	libjxl	9	2.75	34653	34653	0	2.663	2.663	0.0	65.4951	65.4951	-0.5744	-0.5744	0.0	3.057	3.057	0.0	1915.135	5069.082	0.37780706644713974	32.461	132.766	100.30499999999999
1531677	cid22	libjxl	9	3.0	30079	30078	-1	-1.981	-1.985	-0.0040000000000000036	62.9015	62.9015	-0.67	-0.67	0.0	0.624	0.624	0.0	1584.892	3174.359	0.49927938207367223	1.724	27.74	26.016
1531677	cid22	libjxl	9	3.25	28708	28708	0	1.989	1.989	0.0	60.7245	60.7245	-0.6618	-0.6618	0.0	0.688	0.688	0.0	1993.451	4216.02	0.4728276905707278	35.86	48.277	12.417000000000002
1531677	cid22	libjxl	9	3.5	27407	27408	1	4.875	4.879	0.0039999999999995595	58.8403	58.8403	-0.661	-0.661	0.0	-2.102	-2.102	0.0	1677.892	3421.629	0.4903781210645573	-8.432	51.823	60.255
1531677	cid22	libjxl	9	3.75	25500	25499	-1	4.252	4.248	-0.0039999999999995595	56.8489	56.8489	-0.8301	-0.8301	0.0	5.189	5.189	0.0	1644.664	3849.236	0.4272702427182953	4.578	24.261	19.683
1531677	cid22	libjxl	9	4.0	24038	24038	0	3.198	3.198	0.0	54.9115	54.9115	-0.9625	-0.9625	0.0	-1.052	-1.052	0.0	2176.17	4168.636	0.5220340658191313	24.239	79.618	55.37899999999999
1531677	cid22	libjxl	9	4.25	23174	23174	0	5.14	5.14	0.0	52.4924	52.4924	-1.0909	-1.0909	0.0	0.276	0.276	0.0	1856.672	3538.2	0.5247504380758579	13.57	42.68	29.11
1531677	cid22	libjxl	9	4.5	21978	21978	0	4.687	4.687	0.0	50.6621	50.6621	-0.8038	-0.8038	0.0	6.022	6.022	0.0	2052.249	3511.414	0.5844508793323714	56.336	17.103	-39.233
1531677	cid22	libjxl	9	4.75	20787	20787	0	5.427	5.427	0.0	48.6432	48.6432	-1.2817	-1.2817	0.0	7.058	7.058	0.0	2193.379	3164.156	0.6931955946546251	32.202	0.163	-32.039
1531677	cid22	libjxl	9	5.0	19995	19995	0	6.345	6.345	0.0	46.9989	46.9989	-1.2899	-1.2899	0.0	-0.786	-0.786	0.0	2037.39	4417.303	0.4612293972136392	25.198	61.195	35.997
2389166	cid22	libjxl	5	0.25	128179	128095	-84	0.503	0.437	-0.066	93.8026	93.8026	0.0484	0.0484	0.0	-11.367	-11.367	0.0	1532.2	406.622	3.768118793375666	907.741	-11.75	-919.491
2389166	cid22	libjxl	5	0.5	86090	86097	7	0.029	0.037	0.007999999999999997	90.083	90.083	-0.1079	-0.1079	0.0	2.953	2.953	0.0	1359.559	334.412	4.065520974127723	595.335	-21.979	-617.3140000000001
2389166	cid22	libjxl	5	0.75	65503	65545	42	0.259	0.323	0.064	86.8071	86.8071	-0.1241	-0.1241	0.0	-0.278	-0.278	0.0	1322.965	310.82	4.256370246444887	494.956	-30.694	-525.65
2389166	cid22	libjxl	5	1.0	53969	54059	90	0.583	0.751	0.16800000000000004	83.7051	83.7051	-0.0618	-0.0618	0.0	0.733	0.733	0.0	1187.703	230.458	5.153663574273837	652.449	-63.62	-716.069
2389166	cid22	libjxl	5	1.25	46178	46250	72	0.927	1.084	0.15700000000000003	80.1445	80.1445	-0.125	-0.125	0.0	-16.946	-16.946	0.0	1122.172	382.163	2.936370082922732	741.334	28.904	-712.43
2389166	cid22	libjxl	5	1.5	40716	40852	136	1.889	2.23	0.34099999999999997	77.0211	77.0211	-0.061	-0.061	0.0	3.426	3.426	0.0	1127.854	218.39	5.1644031320115396	517.791	-37.752	-555.543
2389166	cid22	libjxl	5	1.75	36562	36621	59	3.055	3.222	0.16699999999999982	74.3307	74.3307	-0.2599	-0.2599	0.0	-4.068	-4.068	0.0	1038.829	226.997	4.5763996881016045	558.046	-41.638	-599.6840000000001
2389166	cid22	libjxl	5	2.0	32579	32741	162	2.298	2.807	0.5089999999999999	72.5555	72.5555	0.2059	0.2059	0.0	1.268	1.268	0.0	920.28	351.673	2.616862824271411	484.623	-27.157	-511.78
2389166	cid22	libjxl	5	2.25	29858	29828	-30	2.225	2.123	-0.10199999999999987	69.9246	69.9246	-0.1217	-0.1217	0.0	0.521	0.521	0.0	949.861	261.67	3.6299957962318947	491.548	-26.323	-517.871
2389166	cid22	libjxl	5	2.5	27619	27619	0	3.512	3.512	0.0	67.4074	67.4074	0.079	0.079	0.0	-1.165	-1.165	0.0	1038.644	319.907	3.2467060739527427	637.673	-35.528	-673.201
2389166	cid22	libjxl	5	2.75	25473	25426	-47	2.039	1.851	-0.18800000000000017	65.9132	65.9132	0.2431	0.2431	0.0	-0.8	-0.8	0.0	940.646	357.155	2.6337192535453795	383.106	-0.173	-383.279
2389166	cid22	libjxl	5	3.0	23680	23561	-119	2.836	2.319	-0.5169999999999999	63.1638	63.1638	0.2674	0.2674	0.0	-7.706	-7.706	0.0	859.397	469.094	1.8320357966633554	199.356	18.227	-181.129
2389166	cid22	libjxl	5	3.25	21725	21686	-39	1.59	1.408	-0.18200000000000016	60.9998	60.9998	0.2078	0.2078	0.0	-3.774	-3.774	0.0	920.076	311.395	2.9546909873312033	327.338	-2.294	-329.632
2389166	cid22	libjxl	5	3.5	21089	21017	-72	4.821	4.463	-0.35799999999999965	58.8515	58.8515	0.1166	0.1166	0.0	-2.677	-2.677	0.0	857.803	382.354	2.2434785565209205	415.814	-48.036	-463.85
2389166	cid22	libjxl	5	3.75	20079	20049	-30	5.768	5.61	-0.15799999999999947	57.5999	57.5999	0.9427	0.9427	0.0	-5.479	-5.479	0.0	879.072	409.468	2.146863735383473	336.131	22.959	-313.17199999999997
2389166	cid22	libjxl	5	4.0	19265	19160	-105	7.004	6.421	-0.5829999999999993	55.3441	55.3441	3.962	3.962	0.0	-1.322	-1.322	0.0	1039.2	492.498	2.1100593301901736	537.112	40.636	-496.47599999999994
2389166	cid22	libjxl	5	4.25	17983	17921	-62	3.948	3.59	-0.3580000000000001	53.1559	53.1559	3.627	3.627	0.0	1.765	1.765	0.0	1009.804	537.781	1.8777234599214179	498.891	80.187	-418.704
2389166	cid22	libjxl	5	4.5	16986	16926	-60	2.877	2.513	-0.3639999999999999	51.3132	51.3132	4.7001	4.7001	0.0	-1.133	-1.133	0.0	887.46	496.634	1.7869497456879715	460.584	35.336	-425.248
2389166	cid22	libjxl	5	4.75	16109	16041	-68	2.435	2.003	-0.43199999999999994	49.6362	49.6362	4.1675	4.1675	0.0	-0.72	-0.72	0.0	761.418	340.615	2.235421223375365	250.63	-22.412	-273.042
2389166	cid22	libjxl	5	5.0	15774	15683	-91	3.797	3.198	-0.5990000000000002	47.8768	47.8768	4.2533	4.2533	0.0	4.047	4.047	0.0	808.747	334.744	2.4160164185168362	566.342	-48.339	-614.681
2389166	cid22	libjxl	6	0.25	128129	128023	-106	0.555	0.472	-0.08300000000000007	93.7891	93.7891	0.083	0.083	0.0	-11.27	-11.27	0.0	1635.903	404.672	4.042540625494227	477.292	-18.01	-495.30199999999996
2389166	cid22	libjxl	6	0.5	86001	85982	-19	0.01	-0.012	-0.022	90.0955	90.0955	-0.0716	-0.0716	0.0	1.811	1.811	0.0	1363.184	268.161	5.083453596906336	702.342	-47.248	-749.59
2389166	cid22	libjxl	6	0.75	65310	65342	32	-0.619	-0.571	0.04800000000000004	86.8128	86.8128	-0.2658	-0.2658	0.0	-0.889	-0.889	0.0	1300.067	488.402	2.6618789439846684	254.044	-11.512	-265.55600000000004
2389166	cid22	libjxl	6	1.0	53885	53966	81	-0.396	-0.246	0.15000000000000002	83.7076	83.7076	0.0343	0.0343	0.0	1.267	1.267	0.0	1195.193	294.877	4.053191669747047	349.524	-46.364	-395.888
2389166	cid22	libjxl	6	1.25	46058	46053	-5	-0.176	-0.186	-0.010000000000000009	80.3199	80.3199	-0.0776	-0.0776	0.0	-17.315	-17.315	0.0	1090.723	274.621	3.971739233343408	245.012	-64.023	-309.03499999999997
2389166	cid22	libjxl	6	1.5	40235	40336	101	-0.233	0.017	0.25	77.2509	77.2509	-0.0682	-0.0682	0.0	6.05	6.05	0.0	1046.409	359.482	2.9108800996990114	322.919	-57.323	-380.24199999999996
2389166	cid22	libjxl	6	1.75	36101	36159	58	0.006	0.166	0.16	74.6695	74.6695	-0.2877	-0.2877	0.0	-2.48	-2.48	0.0	1083.573	362.057	2.992824334289905	380.156	-63.069	-443.225
2389166	cid22	libjxl	6	2.0	32696	32785	89	0.452	0.725	0.27299999999999996	72.7076	72.7076	-0.2395	-0.2395	0.0	4.973	4.973	0.0	1044.862	567.455	1.8413125269845185	303.446	-10.387	-313.833
2389166	cid22	libjxl	6	2.25	29836	29856	20	-0.137	-0.07	0.067	70.1109	70.1109	-0.1395	-0.1395	0.0	6.263	6.263	0.0	1001.395	531.883	1.8827354888199095	311.578	-41.707	-353.28499999999997
2389166	cid22	libjxl	6	2.5	27543	27538	-5	0.794	0.776	-0.018000000000000016	67.8279	67.8279	-0.0459	-0.0459	0.0	6.973	6.973	0.0	1054.418	648.959	1.6247836920360146	351.308	40.239	-311.069
2389166	cid22	libjxl	6	2.75	25292	25229	-63	-1.107	-1.353	-0.246	65.9182	65.9182	-0.3483	-0.3483	0.0	-1.775	-1.775	0.0	977.111	574.292	1.7014184421862049	317.477	-12.387	-329.864
2389166	cid22	libjxl	6	3.0	23717	23708	-9	0.025	-0.013	-0.038	63.3576	63.3576	-0.0571	-0.0571	0.0	0.291	0.291	0.0	978.262	427.08	2.290582560644376	205.48	-59.891	-265.371
2389166	cid22	libjxl	6	3.25	22005	21956	-49	-0.082	-0.304	-0.22199999999999998	61.0076	61.0076	-0.3092	-0.3092	0.0	0.29	0.29	0.0	973.973	795.01	1.225107860278487	311.427	42.193	-269.23400000000004
2389166	cid22	libjxl	6	3.5	21007	21069	62	1.248	1.547	0.29899999999999993	58.9909	58.9909	-0.7173	-0.7173	0.0	1.305	1.305	0.0	863.635	461.906	1.8697202461106806	296.744	-36.985	-333.72900000000004
2389166	cid22	libjxl	6	3.75	20208	20140	-68	2.283	1.939	-0.34399999999999986	57.9641	57.9641	0.0279	0.0279	0.0	-0.761	-0.761	0.0	948.956	586.416	1.618230061935554	479.012	16.119	-462.89300000000003
2389166	cid22	libjxl	6	4.0	19505	19434	-71	3.239	2.863	-0.3759999999999999	55.942	55.942	0.2188	0.2188	0.0	1.634	1.634	0.0	1089.249	872.325	1.2486733728828132	399.103	56.508	-342.595
2389166	cid22	libjxl	6	4.25	18001	17906	-95	0.279	-0.251	-0.53	52.994	52.994	0.3031	0.3031	0.0	-0.657	-0.657	0.0	915.298	856.187	1.0690398242440027	190.7	23.311	-167.38899999999998
2389166	cid22	libjxl	6	4.5	17021	16957	-64	-0.995	-1.367	-0.372	51.1092	51.1092	0.3842	0.3842	0.0	0.601	0.601	0.0	983.083	1094.447	0.8982463289679629	278.828	88.149	-190.67899999999997
2389166	cid22	libjxl	6	4.75	16126	16069	-57	-0.235	-0.588	-0.353	49.4839	49.4839	-0.4628	-0.4628	0.0	0.601	0.601	0.0	877.515	690.252	1.2712965699483667	237.375	9.878	-227.497
2389166	cid22	libjxl	6	5.0	15424	15374	-50	-1.501	-1.82	-0.3190000000000002	47.7609	47.7609	-0.4807	-0.4807	0.0	0.879	0.879	0.0	877.373	740.689	1.1845362898598468	325.516	2.163	-323.353
2389166	cid22	libjxl	7	0.25	128110	128006	-104	0.864	0.783	-0.08099999999999996	93.8276	93.8276	0.0725	0.0725	0.0	-1.008	-1.008	0.0	1603.208	666.338	2.4059981570914464	492.339	-29.602	-521.941
2389166	cid22	libjxl	7	0.5	86106	86087	-19	0.668	0.645	-0.02300000000000002	90.0919	90.0919	-0.1512	-0.1512	0.0	-0.835	-0.835	0.0	1392.316	483.464	2.879875233729916	355.238	-17.197	-372.435
2389166	cid22	libjxl	7	0.75	65307	65336	29	-0.135	-0.09	0.04500000000000001	86.512	86.512	-0.0733	-0.0733	0.0	-0.071	-0.071	0.0	1270.775	611.13	2.079385728077496	393.534	-26.173	-419.707
2389166	cid22	libjxl	7	1.0	53770	53867	97	-0.359	-0.18	0.179	83.5549	83.5549	-0.242	-0.242	0.0	1.084	1.084	0.0	1209.31	514.034	2.3525875720283094	323.876	-17.276	-341.152
2389166	cid22	libjxl	7	1.25	45995	45990	-5	-0.037	-0.048	-0.011000000000000003	80.142	80.142	-0.3566	-0.3566	0.0	-3.725	-3.725	0.0	1112.162	333.216	3.3376608566215307	202.874	-51.96	-254.834
2389166	cid22	libjxl	7	1.5	40219	40324	105	-0.129	0.132	0.261	77.3044	77.3044	-0.2408	-0.2408	0.0	8.996	8.996	0.0	985.517	610.686	1.6137867905928742	270.578	-22.638	-293.21599999999995
2389166	cid22	libjxl	7	1.75	36089	36144	55	0.133	0.286	0.15299999999999997	74.6335	74.6335	-0.5545	-0.5545	0.0	-0.683	-0.683	0.0	950.969	355.6	2.6742660292463443	188.183	-29.902	-218.08499999999998
2389166	cid22	libjxl	7	2.0	32695	32782	87	0.693	0.961	0.268	72.7281	72.7281	-0.4143	-0.4143	0.0	1.078	1.078	0.0	934.786	568.077	1.6455269268074573	227.394	-21.172	-248.566
2389166	cid22	libjxl	7	2.25	29869	29890	21	0.447	0.518	0.07100000000000001	70.3341	70.3341	-0.2077	-0.2077	0.0	1.362	1.362	0.0	1004.261	870.81	1.153249273664749	292.37	24.083	-268.28700000000003
2389166	cid22	libjxl	7	2.5	27525	27522	-3	0.669	0.658	-0.01100000000000001	67.9563	67.9563	-0.0929	-0.0929	0.0	-5.195	-5.195	0.0	950.448	512.085	1.856035619086675	233.143	-50.276	-283.419
2389166	cid22	libjxl	7	2.75	25281	25217	-64	-1.184	-1.434	-0.25	65.96	65.96	-0.4371	-0.4371	0.0	-2.699	-2.699	0.0	958.472	626.164	1.5307044160954637	296.273	-43.459	-339.732
2389166	cid22	libjxl	7	3.0	24015	24001	-14	0.054	-0.004	-0.057999999999999996	63.5124	63.5124	-0.2304	-0.2304	0.0	-0.216	-0.216	0.0	863.138	491.048	1.7577466968605922	170.003	-22.057	-192.05999999999997
2389166	cid22	libjxl	7	3.25	22449	22412	-37	0.668	0.502	-0.16600000000000004	61.2289	61.2289	-0.441	-0.441	0.0	0.15	0.15	0.0	978.139	300.42	3.2559050662405964	207.847	-67.432	-275.279
2389166	cid22	libjxl	7	3.5	21290	21317	27	1.111	1.24	0.129	58.9862	58.9862	-0.5367	-0.5367	0.0	0.748	0.748	0.0	959.908	600.752	1.5978440354755374	226.916	-21.836	-248.752
2389166	cid22	libjxl	7	3.75	20602	20538	-64	2.589	2.271	-0.31800000000000006	58.0752	58.0752	-0.4417	-0.4417	0.0	-1.288	-1.288	0.0	954.996	502.771	1.8994651640607751	175.458	-38.229	-213.687
2389166	cid22	libjxl	7	4.0	19908	19816	-92	3.236	2.759	-0.4770000000000003	55.9544	55.9544	-0.1039	-0.1039	0.0	1.369	1.369	0.0	1099.889	824.361	1.334232211373415	212.753	-34.197	-246.95
2389166	cid22	libjxl	7	4.25	18391	18292	-99	-0.298	-0.835	-0.5369999999999999	53.1055	53.1055	0.2133	0.2133	0.0	0.5	0.5	0.0	1020.775	346.698	2.9442771518728117	203.309	-54.751	-258.06
2389166	cid22	libjxl	7	4.5	17404	17350	-54	-0.894	-1.202	-0.30799999999999994	51.4072	51.4072	0.376	0.376	0.0	0.617	0.617	0.0	1030.035	652.711	1.5780873924294214	159.756	36.18	-123.576
2389166	cid22	libjxl	7	4.75	16465	16437	-28	-0.375	-0.545	-0.17000000000000004	49.6218	49.6218	-0.6161	-0.6161	0.0	0.176	0.176	0.0	948.319	404.525	2.344277856745566	197.445	-45.776	-243.221
2389166	cid22	libjxl	7	5.0	15829	15783	-46	-0.684	-0.973	-0.2889999999999999	47.7656	47.7656	-0.5677	-0.5677	0.0	0.684	0.684	0.0	940.809	303.751	3.097303383363347	246.041	-68.083	-314.124
2389166	cid22	libjxl	8	0.25	132299	132159	-140	0.849	0.742	-0.10699999999999998	94.1409	94.1409	0.0796	0.0796	0.0	-6.387	-6.387	0.0	2123.708	2096.5	1.0129778201764847	94.44	-5.807	-100.247
2389166	cid22	libjxl	8	0.5	87563	87462	-101	1.11	0.993	-0.1170000000000001	90.583	90.583	-0.0358	-0.0358	0.0	-3.106	-3.106	0.0	1790.656	2195.519	0.8155957657392171	77.296	15.763	-61.53300000000001
2389166	cid22	libjxl	8	0.75	62785	62556	-229	0.215	-0.15	-0.365	85.9875	85.9875	-0.1749	-0.1749	0.0	1.783	1.783	0.0	1493.356	2202.874	0.677912581473112	23.956	-28.625	-52.581
2389166	cid22	libjxl	8	1.0	51139	51099	-40	-0.185	-0.263	-0.07800000000000001	82.8611	82.8611	0.1279	0.1279	0.0	-2.642	-2.642	0.0	1595.207	3044.399	0.5239809236568532	74.032	39.589	-34.443
2389166	cid22	libjxl	8	1.25	43398	43309	-89	-0.374	-0.578	-0.20399999999999996	78.8368	78.8368	-0.3639	-0.3639	0.0	7.731	7.731	0.0	1701.692	2103.655	0.808921614998657	38.585	42.311	3.725999999999999
2389166	cid22	libjxl	8	1.5	37829	37837	8	-0.813	-0.792	0.020999999999999908	76.3477	76.3477	-0.1723	-0.1723	0.0	6.536	6.536	0.0	1481.721	1583.526	0.9357099283497713	12.254	-42.077	-54.330999999999996
2389166	cid22	libjxl	8	1.75	33635	33664	29	-0.62	-0.535	0.08499999999999996	73.5958	73.5958	-0.1219	-0.1219	0.0	-17.093	-17.093	0.0	1579.387	2155.721	0.7326490765734527	42.849	-28.393	-71.24199999999999
2389166	cid22	libjxl	8	2.0	30428	30449	21	-0.282	-0.213	0.06899999999999998	71.2363	71.2363	-0.1808	-0.1808	0.0	-2.464	-2.464	0.0	1611.964	1758.48	0.9166803148173422	57.676	-8.655	-66.331
2389166	cid22	libjxl	8	2.25	27509	27396	-113	-0.704	-1.112	-0.40800000000000014	68.2641	68.2641	-0.5214	-0.5214	0.0	0.798	0.798	0.0	1556.621	2701.906	0.5761195985352563	16.617	75.577	58.959999999999994
2389166	cid22	libjxl	8	2.5	25261	25214	-47	-0.422	-0.607	-0.185	66.2764	66.2764	-0.0337	-0.0337	0.0	1.797	1.797	0.0	1518.85	3271.521	0.4642641755929428	24.615	64.599	39.98400000000001
2389166	cid22	libjxl	8	2.75	23244	23152	-92	-2.089	-2.477	-0.3879999999999999	63.9593	63.9593	-0.2163	-0.2163	0.0	1.412	1.412	0.0	1541.218	1803.24	0.8546937734300482	30.366	-28.192	-58.558
2389166	cid22	libjxl	8	3.0	22099	21931	-168	-11.897	-12.566	-0.6690000000000005	61.7425	61.7425	-0.3771	-0.3771	0.0	-10.475	-10.475	0.0	1597.848	1525.753	1.0472520781541967	27.274	-17.889	-45.163
2389166	cid22	libjxl	8	3.25	20581	20423	-158	-12.115	-12.789	-0.6739999999999995	58.2096	58.2096	-1.5432	-1.5432	0.0	-5.045	-5.045	0.0	1486.15	1148.151	1.2943854945908684	-0.289	-51.766	-51.477
2389166	cid22	libjxl	8	3.5	19517	19382	-135	-10.608	-11.226	-0.6180000000000003	56.0169	56.0169	-1.4517	-1.4517	0.0	-5.065	-5.065	0.0	1593.103	1448.969	1.099473487700565	48.288	-45.199	-93.487
2389166	cid22	libjxl	8	3.75	18823	18645	-178	-8.577	-9.442	-0.8650000000000002	54.2832	54.2832	-1.2669	-1.2669	0.0	-8.63	-8.63	0.0	1221.002	1685.552	0.7243929585085479	-12.782	-29.086	-16.304
2389166	cid22	libjxl	8	4.0	18070	17886	-184	-8.139	-9.074	-0.9350000000000005	52.4077	52.4077	-1.0121	-1.0121	0.0	-5.945	-5.945	0.0	1786.66	1545.995	1.1556699730594213	46.751	-34.125	-80.876
2389166	cid22	libjxl	8	4.25	16738	16538	-200	-9.744	-10.822	-1.0779999999999994	49.7056	49.7056	-1.0174	-1.0174	0.0	2.025	2.025	0.0	1731.925	1303.209	1.328969489928323	29.047	-33.593	-62.64
2389166	cid22	libjxl	8	4.5	15797	15697	-100	-10.055	-10.625	-0.5700000000000003	47.2521	47.2521	-0.5998	-0.5998	0.0	10.236	10.236	0.0	1547.179	1351.321	1.1449381753114176	51.637	-34.995	-86.632
2389166	cid22	libjxl	8	4.75	14965	14801	-164	-7.618	-8.63	-1.0120000000000005	46.0159	46.0159	0.1738	0.1738	0.0	-7.385	-7.385	0.0	1618.465	1947.28	0.8311413869602727	71.817	-14.633	-86.44999999999999
2389166	cid22	libjxl	8	5.0	14309	14078	-231	-7.749	-9.239	-1.490000000000001	43.1526	43.1526	-0.3017	-0.3017	0.0	16.428	16.428	0.0	1478.653	1893.882	0.7807524439220606	22.759	6.929	-15.83
2389166	cid22	libjxl	9	0.25	134276	134276	0	1.755	1.755	0.0	94.1734	94.1734	0.0958	0.0958	0.0	-2.551	-2.551	0.0	3204.597	4608.705	0.6953356745549998	103.44	20.98	-82.46
2389166	cid22	libjxl	9	0.5	89564	89564	0	1.881	1.881	0.0	90.5857	90.5857	-0.4451	-0.4451	0.0	3.823	3.823	0.0	2395.984	3156.934	0.7589591673440116	55.934	47.217	-8.716999999999999
2389166	cid22	libjxl	9	0.75	63686	63686	0	1.055	1.055	0.0	86.1801	86.1801	-0.3002	-0.3002	0.0	0.688	0.688	0.0	2286.933	3905.756	0.5855288963263451	25.74	49.164	23.424000000000003
2389166	cid22	libjxl	9	1.0	51709	51709	0	0.56	0.56	0.0	82.8212	82.8212	0.1794	0.1794	0.0	4.952	4.952	0.0	2260.317	3709.599	0.609315723882824	65.569	66.647	1.078000000000003
2389166	cid22	libjxl	9	1.25	43697	43697	0	0.128	0.128	0.0	78.9484	78.9484	-0.4439	-0.4439	0.0	1.482	1.482	0.0	1987.709	3083.22	0.6446860749476198	4.34	33.886	29.546000000000003
2389166	cid22	libjxl	9	1.5	38326	38326	0	0.401	0.401	0.0	76.4416	76.4416	-0.1049	-0.1049	0.0	0.516	0.516	0.0	1897.4	2974.375	0.6379155284723682	-6.164	-24.149	-17.985
2389166	cid22	libjxl	9	1.75	33909	33909	0	-0.147	-0.147	0.0	73.6183	73.6183	-0.0528	-0.0528	0.0	7.375	7.375	0.0	1931.679	3010.643	0.6416167576162302	10.797	-0.013	-10.81
2389166	cid22	libjxl	9	2.0	30675	30675	0	0.426	0.426	0.0	71.2978	71.2978	-0.1284	-0.1284	0.0	0.374	0.374	0.0	2052.772	2688.222	0.7636169929418031	54.288	-8.284	-62.571999999999996
2389166	cid22	libjxl	9	2.25	27821	27821	0	0.637	0.637	0.0	68.4248	68.4248	-0.3668	-0.3668	0.0	0.974	0.974	0.0	1620.44	1705.365	0.9502012765595635	4.223	-36.504	-40.727
2389166	cid22	libjxl	9	2.5	25464	25464	0	0.553	0.553	0.0	66.2875	66.2875	-0.0254	-0.0254	0.0	-0.272	-0.272	0.0	1854.622	2350.931	0.7888883170114308	20.223	-11.115	-31.338
2389166	cid22	libjxl	9	2.75	23365	23365	0	-1.414	-1.414	0.0	63.9593	63.9593	-0.2161	-0.2161	0.0	1.412	1.412	0.0	1490.388	1619.704	0.9201607207242805	-3.129	-54.203	-51.074000000000005
2389166	cid22	libjxl	9	3.0	22265	22265	0	-13.952	-13.952	0.0	61.746	61.746	-0.6121	-0.6121	0.0	-3.95	-3.95	0.0	1987.139	1879.978	1.0570011989502004	39.313	-37.787	-77.1
2389166	cid22	libjxl	9	3.25	20699	20699	0	-13.797	-13.797	0.0	58.2135	58.2135	-1.5716	-1.5716	0.0	-5.045	-5.045	0.0	2155.436	1802.843	1.1955760984178878	26.781	-15.12	-41.900999999999996
2389166	cid22	libjxl	9	3.5	19537	19537	0	-13.169	-13.169	0.0	56.0169	56.0169	-1.392	-1.392	0.0	-4.888	-4.888	0.0	1950.232	1952.216	0.9989837190146992	29.205	-38.115	-67.32
2389166	cid22	libjxl	9	3.75	18894	18894	0	-10.936	-10.936	0.0	54.2832	54.2832	-1.4212	-1.4212	0.0	-8.377	-8.377	0.0	1599.235	1948.338	0.8208201041092459	-2.771	-30.048	-27.276999999999997
2389166	cid22	libjxl	9	4.0	18077	18077	0	-11.344	-11.344	0.0	52.4108	52.4108	-1.0503	-1.0503	0.0	-5.945	-5.945	0.0	2248.382	2436.209	0.922901934932512	39.56	6.982	-32.578
2389166	cid22	libjxl	9	4.25	16771	16771	0	-12.628	-12.628	0.0	49.7056	49.7056	-1.0966	-1.0966	0.0	3.006	3.006	0.0	2297.011	2470.015	0.9299583200911735	32.91	-27.713	-60.623
2389166	cid22	libjxl	9	4.5	15917	15917	0	-12.453	-12.453	0.0	47.2673	47.2673	-0.6142	-0.6142	0.0	10.236	10.236	0.0	2266.305	3030.428	0.7478498086738903	40.851	30.043	-10.808
2389166	cid22	libjxl	9	4.75	14973	14973	0	-11.726	-11.726	0.0	46.0159	46.0159	-0.7569	-0.7569	0.0	-6.516	-6.516	0.0	2060.615	2497.692	0.8250076470597655	29.753	-14.57	-44.323
2389166	cid22	libjxl	9	5.0	14330	14329	-1	-12.0	-12.006	-0.006000000000000227	43.1526	43.1526	-0.4831	-0.4831	0.0	14.041	14.041	0.0	2156.554	2812.776	0.7666995167763093	36.555	14.819	-21.735999999999997
297394	cid22	libjxl	5	0.25	189640	189701	61	1.47	1.503	0.03299999999999992	94.1207	94.1207	0.5735	0.5735	0.0	-41.005	-41.005	0.0	1719.639	320.105	5.372109151684603	538.713	-53.055	-591.7679999999999
297394	cid22	libjxl	5	0.5	130548	130657	109	0.631	0.715	0.08399999999999996	91.1798	91.1798	0.3468	0.3468	0.0	-20.871	-20.871	0.0	1729.542	577.027	2.997332880437137	722.222	12.516	-709.706
297394	cid22	libjxl	5	0.75	101267	101316	49	0.611	0.66	0.049000000000000044	88.225	88.225	-0.3181	-0.3181	0.0	0.931	0.931	0.0	1800.544	325.824	5.526124533490473	593.587	-18.246	-611.833
297394	cid22	libjxl	5	1.0	84167	84218	51	0.931	0.992	0.06099999999999994	86.3498	86.3498	-0.1011	-0.1011	0.0	7.831	7.831	0.0	1589.918	539.347	2.9478573163473607	879.217	82.538	-796.679
297394	cid22	libjxl	5	1.25	72625	72802	177	1.383	1.631	0.248	84.1727	84.1727	-0.0522	-0.0522	0.0	-9.659	-9.659	0.0	1536.843	568.494	2.7033583467899396	766.66	68.764	-697.896
297394	cid22	libjxl	5	1.5	64304	64401	97	2.222	2.377	0.1549999999999998	81.7639	81.7639	-0.1315	-0.1315	0.0	-7.963	-7.963	0.0	1555.905	384.19	4.049832114318436	307.373	-32.075	-339.448
297394	cid22	libjxl	5	1.75	57234	57342	108	1.174	1.365	0.19100000000000006	80.0608	80.0608	0.1058	0.1058	0.0	-4.143	-4.143	0.0	1445.008	340.665	4.241727210015704	868.351	-18.197	-886.548
297394	cid22	libjxl	5	2.0	52333	52359	26	1.503	1.554	0.051000000000000156	78.1318	78.1318	0.1378	0.1378	0.0	-7.117	-7.117	0.0	1508.15	365.928	4.121439190223214	414.84	-24.431	-439.27099999999996
297394	cid22	libjxl	5	2.25	48111	48128	17	1.764	1.8	0.03600000000000003	76.2571	76.2571	0.1492	0.1492	0.0	-1.923	-1.923	0.0	1478.433	409.337	3.6117746502270744	503.711	9.098	-494.613
297394	cid22	libjxl	5	2.5	44458	44434	-24	2.532	2.477	-0.05500000000000016	74.4819	74.4819	-0.1459	-0.1459	0.0	2.618	2.618	0.0	1343.601	487.499	2.7561102689441417	804.402	11.563	-792.839
297394	cid22	libjxl	5	2.75	42214	42253	39	2.191	2.285	0.0940000000000003	72.5409	72.5409	0.2286	0.2286	0.0	0.325	0.325	0.0	1409.102	473.118	2.9783309871955836	469.38	55.362	-414.018
297394	cid22	libjxl	5	3.0	39431	39407	-24	2.511	2.449	-0.06200000000000028	70.7174	70.7174	0.0007	0.0007	0.0	-4.241	-4.241	0.0	1369.088	255.505	5.358360893133207	898.051	45.095	-852.956
297394	cid22	libjxl	5	3.25	36990	36890	-100	3.03	2.752	-0.278	68.8225	68.8225	0.0596	0.0596	0.0	-1.966	-1.966	0.0	1401.674	351.662	3.985855736474228	872.594	0.617	-871.9770000000001
297394	cid22	libjxl	5	3.5	35051	35051	0	4.058	4.058	0.0	67.5943	67.5943	0.9001	0.9001	0.0	-2.911	-2.911	0.0	1412.019	232.363	6.0767807267077805	936.687	-35.842	-972.529
297394	cid22	libjxl	5	3.75	33452	33452	0	4.832	4.832	0.0	65.6335	65.6335	0.5577	0.5577	0.0	1.431	1.431	0.0	1277.988	361.798	3.5323246673558173	902.247	5.342	-896.905
297394	cid22	libjxl	5	4.0	31449	31468	19	4.788	4.851	0.06299999999999972	63.8026	63.8026	1.5685	1.5685	0.0	2.784	2.784	0.0	1407.687	325.315	4.32715060787237	628.237	-54.039	-682.276
297394	cid22	libjxl	5	4.25	29840	29747	-93	4.186	3.862	-0.32399999999999984	62.1997	62.1997	1.6583	1.6583	0.0	0.336	0.336	0.0	1422.251	563.443	2.524214516818915	494.399	20.841	-473.558
297394	cid22	libjxl	5	4.5	29020	29060	40	6.554	6.701	0.14699999999999935	60.5277	60.5277	1.5406	1.5406	0.0	-5.428	-5.428	0.0	1488.213	414.578	3.5897056766157394	607.104	-18.528	-625.6320000000001
297394	cid22	libjxl	5	4.75	27443	27471	28	6.204	6.312	0.10800000000000054	59.4358	59.4358	2.1408	2.1408	0.0	3.572	3.572	0.0	1310.987	265.72	4.933715941592654	664.287	-59.011	-723.298
297394	cid22	libjxl	5	5.0	25626	25663	37	3.027	3.176	0.14900000000000002	57.9696	57.9696	1.5793	1.5793	0.0	-4.275	-4.275	0.0	1291.342	408.853	3.158450592266658	579.534	0.321	-579.213
297394	cid22	libjxl	6	0.25	188086	188215	129	1.398	1.467	0.06900000000000017	94.0765	94.0765	0.5012	0.5012	0.0	-41.467	-41.467	0.0	1849.685	355.503	5.203008132139532	490.772	-14.824	-505.596
297394	cid22	libjxl	6	0.5	128897	129022	125	0.691	0.788	0.09700000000000009	91.2553	91.2553	0.1584	0.1584	0.0	-21.335	-21.335	0.0	1773.832	266.438	6.657578873884357	714.799	32.475	-682.324
297394	cid22	libjxl	6	0.75	99873	99903	30	0.481	0.511	0.030000000000000027	88.5846	88.5846	0.33	0.33	0.0	-2.42	-2.42	0.0	1758.309	296.4	5.9322165991902835	305.046	-33.168	-338.214
297394	cid22	libjxl	6	1.0	82824	82925	101	0.657	0.78	0.123	86.2799	86.2799	0.0769	0.0769	0.0	6.269	6.269	0.0	1768.585	339.132	5.215034263944423	379.152	-33.291	-412.443
297394	cid22	libjxl	6	1.25	71094	71251	157	0.269	0.491	0.22199999999999998	84.3009	84.3009	0.0704	0.0704	0.0	-2.917	-2.917	0.0	1653.445	320.654	5.156477074978014	570.166	-58.29	-628.456
297394	cid22	libjxl	6	1.5	63307	63272	-35	1.428	1.371	-0.05699999999999994	82.0673	82.0673	-0.1426	-0.1426	0.0	-10.816	-10.816	0.0	1530.923	373.826	4.09528229711149	427.163	-42.382	-469.545
297394	cid22	libjxl	6	1.75	56428	56541	113	0.579	0.781	0.20200000000000007	79.358	79.358	-0.6668	-0.6668	0.0	-2.066	-2.066	0.0	1487.433	498.864	2.981640286731454	462.451	-27.229	-489.68
297394	cid22	libjxl	6	2.0	51828	51861	33	1.169	1.234	0.06499999999999995	77.9556	77.9556	-0.2698	-0.2698	0.0	0.339	0.339	0.0	1553.068	267.627	5.803106562491826	305.565	-64.474	-370.039
297394	cid22	libjxl	6	2.25	47652	47703	51	1.286	1.394	0.10799999999999987	76.0297	76.0297	-0.0444	-0.0444	0.0	-1.037	-1.037	0.0	1476.938	406.423	3.633992170718685	343.81	-38.125	-381.935
297394	cid22	libjxl	6	2.5	44175	44170	-5	1.659	1.648	-0.01100000000000012	74.182	74.182	-0.2075	-0.2075	0.0	1.109	1.109	0.0	1571.793	372.228	4.222661916889648	398.019	-45.394	-443.413
297394	cid22	libjxl	6	2.75	42086	42072	-14	1.478	1.444	-0.03400000000000003	71.9606	71.9606	-0.8597	-0.8597	0.0	3.671	3.671	0.0	1477.438	385.478	3.8327427246172285	356.523	-36.705	-393.228
297394	cid22	libjxl	6	3.0	39130	39114	-16	1.213	1.172	-0.04100000000000015	70.4426	70.4426	-0.3227	-0.3227	0.0	2.096	2.096	0.0	1436.025	443.012	3.2415036161548674	434.719	-53.574	-488.293
297394	cid22	libjxl	6	3.25	36848	36909	61	2.256	2.425	0.16900000000000004	68.6213	68.6213	-0.6013	-0.6013	0.0	-0.53	-0.53	0.0	1314.1	252.203	5.210485204379012	446.858	-75.557	-522.415
297394	cid22	libjxl	6	3.5	35450	35246	-204	4.668	4.066	-0.6020000000000003	67.3606	67.3606	-0.1619	-0.1619	0.0	-2.025	-2.025	0.0	1322.453	196.27	6.73792734498395	454.358	-68.525	-522.883
297394	cid22	libjxl	6	3.75	33199	33106	-93	3.051	2.763	-0.28800000000000026	65.761	65.761	0.0437	0.0437	0.0	-12.123	-12.123	0.0	1279.541	287.573	4.449447618517733	420.438	-58.429	-478.86699999999996
297394	cid22	libjxl	6	4.0	31321	31304	-17	2.306	2.251	-0.05500000000000016	63.8637	63.8637	-0.126	-0.126	0.0	1.387	1.387	0.0	1281.281	415.838	3.0812022951245432	408.65	-32.924	-441.57399999999996
297394	cid22	libjxl	6	4.25	29867	29750	-117	2.446	2.044	-0.40200000000000014	62.0224	62.0224	-0.6608	-0.6608	0.0	11.05	11.05	0.0	1449.69	520.226	2.7866542618016017	386.081	18.46	-367.62100000000004
297394	cid22	libjxl	6	4.5	28342	28358	16	1.939	1.996	0.05699999999999994	60.2584	60.2584	-0.5628	-0.5628	0.0	1.461	1.461	0.0	1424.356	663.334	2.147268193700308	437.865	32.646	-405.219
297394	cid22	libjxl	6	4.75	27008	27046	38	3.352	3.498	0.14600000000000035	58.9477	58.9477	-0.5197	-0.5197	0.0	2.339	2.339	0.0	1322.946	346.338	3.8198118600904314	272.12	-52.888	-325.008
297394	cid22	libjxl	6	5.0	25609	25625	16	1.809	1.872	0.06300000000000017	57.7234	57.7234	-0.8828	-0.8828	0.0	-3.942	-3.942	0.0	1261.077	403.58	3.124726200505476	361.367	-30.366	-391.733
297394	cid22	libjxl	7	0.25	202827	202956	129	2.229	2.294	0.06499999999999995	94.4102	94.4102	0.6197	0.6197	0.0	-42.744	-42.744	0.0	1765.77	722.188	2.445028164411483	385.978	6.483	-379.495
297394	cid22	libjxl	7	0.5	139388	139526	138	1.367	1.468	0.10099999999999998	91.8549	91.8549	0.4058	0.4058	0.0	-14.485	-14.485	0.0	1861.264	333.948	5.5735144393737945	443.216	-38.393	-481.60900000000004
297394	cid22	libjxl	7	0.75	107629	107660	31	0.96	0.989	0.029000000000000026	89.3875	89.3875	-0.2962	-0.2962	0.0	0.371	0.371	0.0	1706.841	612.133	2.788349917419907	299.369	75.978	-223.39100000000002
297394	cid22	libjxl	7	1.0	89249	89350	101	0.818	0.932	0.1140000000000001	86.6975	86.6975	-0.8096	-0.8096	0.0	-3.12	-3.12	0.0	1724.425	433.78	3.9753446447507956	504.012	-49.076	-553.088
297394	cid22	libjxl	7	1.25	76732	76891	159	0.531	0.739	0.20799999999999996	85.0111	85.0111	-0.3886	-0.3886	0.0	-0.209	-0.209	0.0	1678.073	645.78	2.5985211681996967	393.022	-10.521	-403.543
297394	cid22	libjxl	7	1.5	68255	68221	-34	1.697	1.646	-0.051000000000000156	82.8866	82.8866	-0.3003	-0.3003	0.0	-1.738	-1.738	0.0	1504.029	505.552	2.975023340823496	328.636	-53.287	-381.923
297394	cid22	libjxl	7	1.75	60762	60873	111	0.661	0.845	0.18399999999999994	80.9973	80.9973	-0.4812	-0.4812	0.0	-0.957	-0.957	0.0	1384.867	833.851	1.6608087056320613	304.572	101.937	-202.635
297394	cid22	libjxl	7	2.0	55693	55721	28	1.667	1.718	0.050999999999999934	79.3068	79.3068	-0.0921	-0.0921	0.0	-12.28	-12.28	0.0	1446.7	366.883	3.9432189553617913	405.868	-70.393	-476.26099999999997
297394	cid22	libjxl	7	2.25	51278	51344	66	2.123	2.254	0.13099999999999978	76.8747	76.8747	-0.7566	-0.7566	0.0	-0.038	-0.038	0.0	1479.944	686.133	2.1569345884835736	464.704	-45.746	-510.45
297394	cid22	libjxl	7	2.5	47465	47463	-2	1.926	1.922	-0.0040000000000000036	75.2584	75.2584	-0.3038	-0.3038	0.0	2.19	2.19	0.0	1458.443	381.857	3.8193433667577126	350.529	60.044	-290.485
297394	cid22	libjxl	7	2.75	44057	44039	-18	2.342	2.3	-0.04200000000000026	72.7191	72.7191	-0.9284	-0.9284	0.0	1.74	1.74	0.0	1333.471	701.935	1.8997072378496587	567.82	68.756	-499.0640000000001
297394	cid22	libjxl	7	3.0	41068	41048	-20	2.208	2.158	-0.050000000000000266	71.6029	71.6029	-0.5524	-0.5524	0.0	-0.086	-0.086	0.0	1351.786	439.37	3.0766461069258257	479.073	-17.795	-496.868
297394	cid22	libjxl	7	3.25	38556	38616	60	2.493	2.653	0.16000000000000014	69.4129	69.4129	-0.3458	-0.3458	0.0	2.255	2.255	0.0	1363.642	365.0	3.736005479452055	394.493	-41.062	-435.555
297394	cid22	libjxl	7	3.5	37070	36868	-202	4.443	3.874	-0.5689999999999995	67.9254	67.9254	-0.4776	-0.4776	0.0	-0.483	-0.483	0.0	1293.958	443.422	2.9181186319127153	353.868	-26.667	-380.53499999999997
297394	cid22	libjxl	7	3.75	34661	34565	-96	3.364	3.078	-0.28600000000000003	66.5481	66.5481	-0.1716	-0.1716	0.0	-1.748	-1.748	0.0	1392.282	489.395	2.8449044228077525	304.811	-38.802	-343.613
297394	cid22	libjxl	7	4.0	32967	32941	-26	3.303	3.221	-0.08199999999999985	64.9544	64.9544	-0.3232	-0.3232	0.0	0.53	0.53	0.0	1485.892	444.283	3.3444718794101957	297.773	-45.205	-342.978
297394	cid22	libjxl	7	4.25	31069	30954	-115	2.738	2.358	-0.3799999999999999	63.023	63.023	-0.4349	-0.4349	0.0	2.728	2.728	0.0	1523.1	785.973	1.9378528270055078	645.144	-5.52	-650.664
297394	cid22	libjxl	7	4.5	30057	30072	15	4.299	4.351	0.0519999999999996	61.0473	61.0473	-0.4856	-0.4856	0.0	1.732	1.732	0.0	1387.33	607.373	2.2841482910830737	279.126	-9.353	-288.479
297394	cid22	libjxl	7	4.75	28444	28487	43	3.856	4.013	0.15700000000000003	59.7447	59.7447	-1.1734	-1.1734	0.0	-2.385	-2.385	0.0	1354.231	320.202	4.22930212803168	370.094	-65.777	-435.871
297394	cid22	libjxl	7	5.0	26682	26697	15	2.532	2.59	0.05799999999999983	58.2828	58.2828	-1.2362	-1.2362	0.0	-5.056	-5.056	0.0	1259.987	383.442	3.285991101652923	286.901	-47.553	-334.454
297394	cid22	libjxl	8	0.25	202749	202711	-38	0.623	0.604	-0.019000000000000017	94.4475	94.4475	0.1033	0.1033	0.0	-0.264	-0.264	0.0	2177.933	1357.577	1.6042795362620315	109.397	-45.62	-155.017
297394	cid22	libjxl	8	0.5	138098	138044	-54	0.612	0.573	-0.039000000000000035	91.7922	91.7922	-0.1237	-0.1237	0.0	-0.13	-0.13	0.0	2233.638	1027.746	2.173336602623605	116.032	-65.155	-181.187
297394	cid22	libjxl	8	0.75	104797	104720	-77	0.542	0.468	-0.07400000000000001	89.5605	89.5605	-0.0273	-0.0273	0.0	-1.424	-1.424	0.0	2104.311	1016.156	2.0708542782801067	97.164	-57.559	-154.723
297394	cid22	libjxl	8	1.0	86241	86219	-22	0.679	0.654	-0.025000000000000022	87.0874	87.0874	-0.362	-0.362	0.0	4.693	4.693	0.0	2037.363	977.536	2.08418206592903	80.839	-53.834	-134.673
297394	cid22	libjxl	8	1.25	73714	73794	80	0.05	0.159	0.109	84.6276	84.6276	-0.3294	-0.3294	0.0	-1.729	-1.729	0.0	1965.997	1360.043	1.4455403248279652	43.703	-35.664	-79.367
297394	cid22	libjxl	8	1.5	65417	65416	-1	0.856	0.854	-0.0020000000000000018	82.4073	82.4073	-0.3074	-0.3074	0.0	-4.067	-4.067	0.0	2038.395	1016.289	2.005723765582428	73.796	-58.909	-132.705
297394	cid22	libjxl	8	1.75	57999	58000	1	0.275	0.277	0.0020000000000000018	80.6332	80.6332	-0.3178	-0.3178	0.0	2.935	2.935	0.0	2105.127	1093.219	1.9256224050258912	80.746	-57.299	-138.045
297394	cid22	libjxl	8	2.0	52879	52776	-103	1.123	0.926	-0.19699999999999995	78.7357	78.7357	0.0921	0.0921	0.0	-1.052	-1.052	0.0	2069.631	879.292	2.3537471056258896	87.01	-67.83	-154.84
297394	cid22	libjxl	8	2.25	48078	48055	-23	1.546	1.497	-0.04899999999999993	76.0567	76.0567	-0.0287	-0.0287	0.0	1.743	1.743	0.0	1898.163	906.807	2.0932381421846102	54.197	-52.603	-106.80000000000001
297394	cid22	libjxl	8	2.5	44299	44260	-39	1.366	1.277	-0.08900000000000019	74.2703	74.2703	-0.4884	-0.4884	0.0	9.598	9.598	0.0	1901.414	889.453	2.1377340905028146	91.698	-65.42	-157.118
297394	cid22	libjxl	8	2.75	41049	41025	-24	1.682	1.622	-0.05999999999999983	71.5567	71.5567	-1.0736	-1.0736	0.0	6.119	6.119	0.0	1889.681	1050.732	1.7984424191896697	61.339	-52.76	-114.09899999999999
297394	cid22	libjxl	8	3.0	38024	37868	-156	1.723	1.306	-0.41700000000000004	69.9258	69.9258	-0.5309	-0.5309	0.0	1.26	1.26	0.0	1839.779	1390.173	1.3234173012999102	126.134	-46.429	-172.563
297394	cid22	libjxl	8	3.25	35730	35594	-136	2.15	1.761	-0.389	68.0041	68.0041	-0.2818	-0.2818	0.0	4.648	4.648	0.0	1786.195	1028.047	1.7374643377199679	85.409	-54.74	-140.149
297394	cid22	libjxl	8	3.5	33943	33825	-118	3.07	2.712	-0.35799999999999965	66.1475	66.1475	-0.6968	-0.6968	0.0	0.541	0.541	0.0	1910.301	1390.61	1.3737144130992873	102.912	-28.193	-131.10500000000002
297394	cid22	libjxl	8	3.75	31562	31430	-132	2.245	1.817	-0.42800000000000016	64.2604	64.2604	-0.4307	-0.4307	0.0	7.691	7.691	0.0	1644.724	1037.445	1.5853601877689902	31.013	-61.121	-92.134
297394	cid22	libjxl	8	4.0	29762	29616	-146	1.974	1.473	-0.5009999999999999	63.0092	63.0092	0.2221	0.2221	0.0	-6.31	-6.31	0.0	2034.093	1383.719	1.4700188405304835	120.344	-41.084	-161.428
297394	cid22	libjxl	8	4.25	28180	27998	-182	1.392	0.738	-0.6539999999999999	61.2353	61.2353	-0.4818	-0.4818	0.0	-8.794	-8.794	0.0	2097.195	1659.179	1.2639956267527495	95.663	-9.525	-105.188
297394	cid22	libjxl	8	4.5	26775	26750	-25	0.825	0.731	-0.09399999999999997	58.8633	58.8633	-0.654	-0.654	0.0	9.944	9.944	0.0	2181.942	1414.481	1.5425742728251564	153.036	-32.862	-185.898
297394	cid22	libjxl	8	4.75	26041	25982	-59	4.498	4.262	-0.23600000000000065	57.8458	57.8458	-0.9507	-0.9507	0.0	5.026	5.026	0.0	1949.377	1453.598	1.3410702271191897	144.301	-26.503	-170.80399999999997
297394	cid22	libjxl	8	5.0	24104	23999	-105	2.071	1.626	-0.4450000000000003	56.0586	56.0586	-0.8642	-0.8642	0.0	3.572	3.572	0.0	1975.246	2497.328	0.790943760691427	59.379	4.139	-55.239999999999995
297394	cid22	libjxl	9	0.25	205084	205084	0	1.192	1.192	0.0	94.5287	94.5287	0.142	0.142	0.0	-12.801	-12.801	0.0	4566.888	7254.926	0.6294878817509647	196.986	157.502	-39.48399999999998
297394	cid22	libjxl	9	0.5	139981	139981	0	1.436	1.436	0.0	91.8767	91.8767	-0.0927	-0.0927	0.0	-9.274	-9.274	0.0	3159.454	6036.48	0.5233934345843936	141.893	83.477	-58.416
297394	cid22	libjxl	9	0.75	105966	105966	0	1.287	1.287	0.0	89.5098	89.5098	-0.317	-0.317	0.0	5.35	5.35	0.0	2683.791	3588.688	0.7478474027276821	71.767	14.574	-57.193
297394	cid22	libjxl	9	1.0	86810	86810	0	1.204	1.204	0.0	87.1822	87.1822	-0.2731	-0.2731	0.0	1.381	1.381	0.0	2887.795	4306.809	0.6705184743507315	166.787	133.126	-33.661
297394	cid22	libjxl	9	1.25	74478	74478	0	1.211	1.211	0.0	84.6765	84.6765	-0.337	-0.337	0.0	-4.708	-4.708	0.0	2700.981	3836.154	0.7040856545383737	54.615	12.591	-42.024
297394	cid22	libjxl	9	1.5	65892	65892	0	1.885	1.885	0.0	82.4548	82.4548	-0.302	-0.302	0.0	-4.535	-4.535	0.0	2657.048	3905.959	0.6802549642738185	96.542	16.542	-80.0
297394	cid22	libjxl	9	1.75	58424	58424	0	0.919	0.919	0.0	80.5786	80.5786	-0.3891	-0.3891	0.0	0.742	0.742	0.0	2560.09	3395.948	0.753866078043598	51.07	3.36	-47.71
297394	cid22	libjxl	9	2.0	53130	53130	0	1.673	1.673	0.0	78.8677	78.8677	0.3531	0.3531	0.0	-0.524	-0.524	0.0	2735.628	4005.067	0.6830417568545046	68.735	23.111	-45.623999999999995
297394	cid22	libjxl	9	2.25	48384	48384	0	2.298	2.298	0.0	76.0739	76.0739	-0.0243	-0.0243	0.0	1.743	1.743	0.0	2033.978	4473.503	0.4546723227859689	26.43	44.101	17.671
297394	cid22	libjxl	9	2.5	44666	44666	0	2.377	2.377	0.0	74.2905	74.2905	-0.4692	-0.4692	0.0	4.527	4.527	0.0	2253.481	4227.379	0.5330681256636797	74.451	35.323	-39.12799999999999
297394	cid22	libjxl	9	2.75	41374	41374	0	2.739	2.739	0.0	71.5567	71.5567	-1.0736	-1.0736	0.0	6.119	6.119	0.0	2444.154	3856.227	0.6338200526058243	54.09	0.702	-53.388000000000005
297394	cid22	libjxl	9	3.0	38240	38240	0	2.49	2.49	0.0	69.963	69.963	-0.5002	-0.5002	0.0	1.26	1.26	0.0	2428.692	2888.087	0.8409345009343555	45.884	7.296	-38.588
297394	cid22	libjxl	9	3.25	35974	35974	0	3.039	3.039	0.0	68.0104	68.0104	-0.2754	-0.2754	0.0	1.391	1.391	0.0	2493.701	2933.867	0.8499707041934756	70.395	-8.407	-78.80199999999999
297394	cid22	libjxl	9	3.5	34069	34069	0	3.727	3.727	0.0	66.1475	66.1475	-0.6968	-0.6968	0.0	0.541	0.541	0.0	2182.393	3574.956	0.6104670938607356	38.174	30.987	-7.187000000000001
297394	cid22	libjxl	9	3.75	31719	31719	0	3.021	3.021	0.0	64.2604	64.2604	-0.4307	-0.4307	0.0	7.691	7.691	0.0	2266.808	3265.034	0.6942678085434945	30.617	-9.661	-40.278
297394	cid22	libjxl	9	4.0	29889	29889	0	2.736	2.736	0.0	63.0092	63.0092	0.2221	0.2221	0.0	-6.31	-6.31	0.0	2367.783	3515.816	0.6734661313333804	26.554	-4.301	-30.854999999999997
297394	cid22	libjxl	9	4.25	28357	28357	0	2.254	2.254	0.0	61.2353	61.2353	-0.4818	-0.4818	0.0	-8.794	-8.794	0.0	2863.621	3520.011	0.8135261509125966	55.405	26.23	-29.175
297394	cid22	libjxl	9	4.5	26952	26952	0	1.694	1.694	0.0	58.8633	58.8633	-0.6459	-0.6459	0.0	9.944	9.944	0.0	2559.223	3771.955	0.6784871505625067	39.019	5.415	-33.604
297394	cid22	libjxl	9	4.75	26188	26188	0	5.27	5.27	0.0	57.8458	57.8458	-0.9507	-0.9507	0.0	5.026	5.026	0.0	2606.252	3115.045	0.8366659229641947	40.135	-5.186	-45.321
297394	cid22	libjxl	9	5.0	24190	24190	0	2.691	2.691	0.0	56.0586	56.0586	-0.8642	-0.8642	0.0	3.572	3.572	0.0	2773.051	2802.775	0.9893947962287375	61.902	-6.6	-68.502
3637739	cid22	libjxl	5	0.25	101401	101689	288	-0.063	0.221	0.28400000000000003	94.1009	94.1009	-0.1761	-0.1761	0.0	-1.487	-1.487	0.0	1162.782	306.491	3.7938536531252143	523.829	-27.995	-551.824
3637739	cid22	libjxl	5	0.5	66918	67175	257	-0.368	0.015	0.383	92.0151	92.0151	-0.1963	-0.1963	0.0	0.507	0.507	0.0	1057.224	255.216	4.142467556892984	586.883	-45.683	-632.566
3637739	cid22	libjxl	5	0.75	50536	50796	260	1.435	1.957	0.522	89.8744	89.8744	-0.3333	-0.3333	0.0	-0.734	-0.734	0.0	1028.398	297.062	3.4618968430832617	602.594	-22.758	-625.3520000000001
3637739	cid22	libjxl	5	1.0	40855	41094	239	1.194	1.786	0.5920000000000001	87.8708	87.8708	-0.3036	-0.3036	0.0	-0.61	-0.61	0.0	945.276	296.354	3.189685308786114	494.24	-34.378	-528.618
3637739	cid22	libjxl	5	1.25	35542	35782	240	2.806	3.5	0.694	86.1311	86.1311	-0.3716	-0.3716	0.0	-0.68	-0.68	0.0	927.582	388.914	2.385056850614789	553.825	65.706	-488.119
3637739	cid22	libjxl	5	1.5	31298	31595	297	2.495	3.468	0.9729999999999999	84.6235	84.6235	-0.4021	-0.4021	0.0	-5.872	-5.872	0.0	943.922	360.761	2.6164746189305386	552.409	0.416	-551.9929999999999
3637739	cid22	libjxl	5	1.75	28594	28856	262	4.308	5.264	0.9560000000000004	83.062	83.062	-0.5517	-0.5517	0.0	5.0	5.0	0.0	1033.098	288.909	3.5758595267021795	555.156	-20.878	-576.034
3637739	cid22	libjxl	5	2.0	26098	26366	268	3.371	4.432	1.0610000000000004	81.486	81.486	-0.8191	-0.8191	0.0	3.592	3.592	0.0	909.36	244.893	3.7132951942276833	434.98	-33.551	-468.531
3637739	cid22	libjxl	5	2.25	24379	24638	259	4.698	5.811	1.1129999999999995	80.4672	80.4672	-0.8866	-0.8866	0.0	-0.993	-0.993	0.0	859.204	285.974	3.0044829250211555	405.655	-23.772	-429.42699999999996
3637739	cid22	libjxl	5	2.5	22953	23292	339	5.94	7.505	1.5649999999999995	78.5686	78.5686	-1.2495	-1.2495	0.0	-15.974	-15.974	0.0	855.471	267.585	3.1970065586636025	448.074	-34.31	-482.384
3637739	cid22	libjxl	5	2.75	21697	21951	254	7.39	8.647	1.2570000000000006	77.2521	77.2521	-1.4962	-1.4962	0.0	-7.631	-7.631	0.0	914.179	367.573	2.4870678749527304	497.49	91.803	-405.687
3637739	cid22	libjxl	5	3.0	20308	20544	236	6.755	7.996	1.2410000000000005	75.6057	75.6057	-1.8042	-1.8042	0.0	5.439	5.439	0.0	849.118	202.668	4.189699409872303	598.892	-43.072	-641.964
3637739	cid22	libjxl	5	3.25	19210	19478	268	7.288	8.785	1.4969999999999999	74.1969	74.1969	-1.951	-1.951	0.0	-3.301	-3.301	0.0	893.603	405.129	2.2057245963631336	462.814	11.922	-450.892
3637739	cid22	libjxl	5	3.5	18200	18483	283	6.259	7.911	1.6519999999999992	72.27	72.27	-2.1468	-2.1468	0.0	-5.609	-5.609	0.0	1005.893	232.672	4.32322324989685	505.866	-47.444	-553.31
3637739	cid22	libjxl	5	3.75	17502	17755	253	7.328	8.88	1.5520000000000005	71.2212	71.2212	-2.153	-2.153	0.0	-1.173	-1.173	0.0	902.843	304.687	2.9631818882984833	403.425	-26.058	-429.483
3637739	cid22	libjxl	5	4.0	16910	17159	249	8.655	10.255	1.6000000000000014	70.1933	70.1933	-1.492	-1.492	0.0	-0.365	-0.365	0.0	887.247	619.622	1.4319165555774327	455.448	134.689	-320.759
3637739	cid22	libjxl	5	4.25	16325	16619	294	8.17	10.118	1.9480000000000004	68.7125	68.7125	-1.976	-1.976	0.0	1.206	1.206	0.0	875.216	716.982	1.2206945223171572	584.089	107.575	-476.51400000000007
3637739	cid22	libjxl	5	4.5	15859	16158	299	8.772	10.823	2.051	67.7008	67.7008	-2.0482	-2.0482	0.0	2.113	2.113	0.0	969.765	491.596	1.9726869217813001	531.334	-26.995	-558.329
3637739	cid22	libjxl	5	4.75	15085	15406	321	8.036	10.334	2.298	66.1762	66.1762	-2.4855	-2.4855	0.0	1.636	1.636	0.0	905.432	469.621	1.9280057748695225	629.887	-6.494	-636.381
3637739	cid22	libjxl	5	5.0	14557	14874	317	6.77	9.095	2.325000000000001	65.7982	65.7982	-2.2082	-2.2082	0.0	-1.99	-1.99	0.0	953.671	632.757	1.5071678385225293	586.857	83.519	-503.33799999999997
3637739	cid22	libjxl	6	0.25	99988	100315	327	-0.24	0.086	0.32599999999999996	94.0025	94.0025	-0.2339	-0.2339	0.0	-1.491	-1.491	0.0	1393.138	314.223	4.433596522215114	556.528	-50.377	-606.905
3637739	cid22	libjxl	6	0.5	65672	65933	261	0.296	0.695	0.39899999999999997	91.9785	91.9785	-0.1368	-0.1368	0.0	-0.525	-0.525	0.0	1088.593	405.775	2.682750292649868	449.504	18.897	-430.607
3637739	cid22	libjxl	6	0.75	48528	48780	252	-0.341	0.177	0.518	89.8244	89.8244	-0.367	-0.367	0.0	-2.948	-2.948	0.0	1129.088	308.881	3.655414221010681	239.737	15.538	-224.19899999999998
3637739	cid22	libjxl	6	1.0	40177	40471	294	1.039	1.778	0.7390000000000001	87.7028	87.7028	-0.4345	-0.4345	0.0	-1.023	-1.023	0.0	943.985	512.367	1.8424000765076598	257.097	-9.337	-266.43399999999997
3637739	cid22	libjxl	6	1.25	35221	35374	153	2.832	3.279	0.44700000000000006	85.9812	85.9812	-0.652	-0.652	0.0	3.388	3.388	0.0	978.654	365.378	2.6784699680878434	253.887	-21.716	-275.603
3637739	cid22	libjxl	6	1.5	30856	31152	296	1.52	2.494	0.9740000000000002	84.4348	84.4348	-0.6146	-0.6146	0.0	1.072	1.072	0.0	1019.845	648.373	1.5729294711531787	227.591	-27.294	-254.88500000000002
3637739	cid22	libjxl	6	1.75	27986	28186	200	2.172	2.902	0.73	82.9586	82.9586	-0.7732	-0.7732	0.0	-2.984	-2.984	0.0	973.175	311.772	3.121431687258638	262.948	-63.141	-326.089
3637739	cid22	libjxl	6	2.0	26088	26331	243	3.237	4.199	0.9619999999999997	81.4172	81.4172	-1.0966	-1.0966	0.0	7.069	7.069	0.0	868.846	387.981	2.23940347594341	199.945	-27.946	-227.891
3637739	cid22	libjxl	6	2.25	24091	24349	258	2.725	3.825	1.1	80.3029	80.3029	-1.2243	-1.2243	0.0	3.829	3.829	0.0	1035.935	365.288	2.8359404086638484	269.85	-30.381	-300.231
3637739	cid22	libjxl	6	2.5	22383	22688	305	2.778	4.179	1.4010000000000002	78.5721	78.5721	-1.5357	-1.5357	0.0	-2.549	-2.549	0.0	935.999	401.551	2.330959205679976	168.578	-37.549	-206.127
3637739	cid22	libjxl	6	2.75	21171	21478	307	3.273	4.771	1.4979999999999998	77.0769	77.0769	-1.7613	-1.7613	0.0	0.172	0.172	0.0	925.336	279.284	3.3132438664585155	358.995	-58.564	-417.559
3637739	cid22	libjxl	6	3.0	20127	20415	288	3.822	5.308	1.4859999999999998	75.7251	75.7251	-1.9101	-1.9101	0.0	1.596	1.596	0.0	804.843	362.544	2.219987091222031	163.002	-28.039	-191.041
3637739	cid22	libjxl	6	3.25	19035	19305	270	3.221	4.685	1.4639999999999995	74.2957	74.2957	-2.0783	-2.0783	0.0	0.708	0.708	0.0	873.238	236.392	3.6940251785170397	196.361	-68.328	-264.68899999999996
3637739	cid22	libjxl	6	3.5	18319	18651	332	4.626	6.522	1.896	72.308	72.308	-2.5817	-2.5817	0.0	-1.347	-1.347	0.0	867.384	305.61	2.8382055561009127	205.752	-33.655	-239.407
3637739	cid22	libjxl	6	3.75	17363	17687	324	3.542	5.474	1.9320000000000004	71.1853	71.1853	-2.6131	-2.6131	0.0	1.682	1.682	0.0	860.84	251.413	3.4240075095559894	150.964	-70.545	-221.50900000000001
3637739	cid22	libjxl	6	4.0	17077	17337	260	4.53	6.121	1.5910000000000002	70.0904	70.0904	-2.3672	-2.3672	0.0	-3.686	-3.686	0.0	1009.917	537.322	1.8795377818142567	229.028	-33.743	-262.771
3637739	cid22	libjxl	6	4.25	16427	16680	253	3.399	4.992	1.593	68.6975	68.6975	-2.4492	-2.4492	0.0	1.696	1.696	0.0	1027.61	521.547	1.9703114005065696	291.024	-18.368	-309.392
3637739	cid22	libjxl	6	4.5	16116	16401	285	4.473	6.32	1.8470000000000004	67.6607	67.6607	-3.1457	-3.1457	0.0	0.168	0.168	0.0	972.528	477.246	2.0377918306282297	288.541	-40.392	-328.933
3637739	cid22	libjxl	6	4.75	15261	15558	297	5.84	7.899	2.059	66.1869	66.1869	-3.3439	-3.3439	0.0	0.425	0.425	0.0	945.556	568.159	1.6642453960951074	322.233	30.455	-291.778
3637739	cid22	libjxl	6	5.0	14551	14837	286	4.025	6.069	2.0439999999999996	65.7284	65.7284	-2.726	-2.726	0.0	-0.677	-0.677	0.0	1004.456	328.294	3.0596233863549136	326.902	-27.802	-354.704
3637739	cid22	libjxl	7	0.25	99988	100315	327	-0.293	0.033	0.32599999999999996	94.0025	94.0025	-0.1707	-0.1707	0.0	-1.491	-1.491	0.0	1160.123	710.895	1.6319189191090107	337.355	21.617	-315.738
3637739	cid22	libjxl	7	0.5	65663	65927	264	0.194	0.597	0.40299999999999997	91.9779	91.9779	-0.1615	-0.1615	0.0	-0.525	-0.525	0.0	987.885	259.667	3.8044302895631716	240.459	-56.621	-297.08
3637739	cid22	libjxl	7	0.75	48528	48780	252	-0.486	0.031	0.517	89.8244	89.8244	-0.3474	-0.3474	0.0	-2.161	-2.161	0.0	1080.909	543.375	1.989250517598344	250.542	27.63	-222.912
3637739	cid22	libjxl	7	1.0	40177	40471	294	1.001	1.74	0.7390000000000001	87.7028	87.7028	-0.4151	-0.4151	0.0	-1.066	-1.066	0.0	993.551	263.249	3.7741871763995305	198.2	-60.136	-258.336
3637739	cid22	libjxl	7	1.25	35221	35374	153	2.757	3.203	0.44599999999999973	85.9812	85.9812	-0.6573	-0.6573	0.0	3.388	3.388	0.0	995.27	451.632	2.2037189570269597	232.877	-38.709	-271.586
3637739	cid22	libjxl	7	1.5	30856	31152	296	1.477	2.45	0.9730000000000001	84.4348	84.4348	-0.5731	-0.5731	0.0	1.072	1.072	0.0	960.624	385.647	2.4909411975200118	182.539	-39.298	-221.837
3637739	cid22	libjxl	7	1.75	27986	28186	200	2.165	2.895	0.73	82.9586	82.9586	-0.7806	-0.7806	0.0	-2.984	-2.984	0.0	934.185	356.7	2.6189655172413793	169.728	-58.09	-227.818
3637739	cid22	libjxl	7	2.0	26088	26331	243	3.262	4.223	0.9609999999999999	81.4172	81.4172	-1.0985	-1.0985	0.0	7.069	7.069	0.0	898.279	490.458	1.831510547284375	164.973	-29.064	-194.037
3637739	cid22	libjxl	7	2.25	24089	24349	260	2.699	3.807	1.108	80.3069	80.3069	-1.2233	-1.2233	0.0	3.829	3.829	0.0	1074.652	559.134	1.9219936544728098	274.159	45.505	-228.654
3637739	cid22	libjxl	7	2.5	22383	22686	303	2.839	4.232	1.3930000000000002	78.5755	78.5755	-1.5321	-1.5321	0.0	-2.549	-2.549	0.0	918.11	555.081	1.6540108560732578	149.415	-15.194	-164.60899999999998
3637739	cid22	libjxl	7	2.75	21175	21478	303	3.343	4.822	1.479	77.0785	77.0785	-1.7243	-1.7243	0.0	0.172	0.172	0.0	922.997	326.932	2.823207884208337	238.536	-46.658	-285.194
3637739	cid22	libjxl	7	3.0	20127	20415	288	3.635	5.118	1.4830000000000005	75.7251	75.7251	-1.9704	-1.9704	0.0	1.596	1.596	0.0	941.16	305.477	3.0809520847723397	107.759	-62.731	-170.49
3637739	cid22	libjxl	7	3.25	19035	19305	270	2.981	4.442	1.4610000000000003	74.2978	74.2978	-2.2237	-2.2237	0.0	0.708	0.708	0.0	985.839	412.239	2.391425847627226	134.83	-49.158	-183.988
3637739	cid22	libjxl	7	3.5	18317	18649	332	4.382	6.274	1.8920000000000003	72.3052	72.3052	-2.5232	-2.5232	0.0	8.158	8.158	0.0	818.053	251.359	3.2545204269590506	153.592	-50.279	-203.871
3637739	cid22	libjxl	7	3.75	17361	17685	324	3.438	5.368	1.9300000000000002	71.1862	71.1862	-2.5659	-2.5659	0.0	1.166	1.166	0.0	845.531	362.104	2.3350501513377373	176.694	-64.976	-241.67
3637739	cid22	libjxl	7	4.0	17075	17337	262	4.639	6.245	1.6059999999999999	70.0925	70.0925	-2.3747	-2.3747	0.0	-3.686	-3.686	0.0	1028.163	639.334	1.6081781979372285	224.49	6.076	-218.41400000000002
3637739	cid22	libjxl	7	4.25	16427	16679	252	2.733	4.309	1.576	68.7014	68.7014	-2.4472	-2.4472	0.0	1.639	1.639	0.0	975.391	687.603	1.4185380226671496	302.272	-2.085	-304.35699999999997
3637739	cid22	libjxl	7	4.5	16116	16401	285	4.813	6.666	1.8530000000000006	67.6607	67.6607	-2.8349	-2.8349	0.0	-0.325	-0.325	0.0	1101.305	991.242	1.1110354484575917	282.578	54.765	-227.813
3637739	cid22	libjxl	7	4.75	15261	15558	297	5.496	7.549	2.053	66.1869	66.1869	-3.3655	-3.3655	0.0	0.305	0.305	0.0	885.222	533.283	1.6599479075837782	113.094	-13.714	-126.80799999999999
3637739	cid22	libjxl	7	5.0	14549	14837	288	3.338	5.384	2.0460000000000003	65.7285	65.7285	-2.8641	-2.8641	0.0	-0.097	-0.097	0.0	954.624	525.032	1.8182206036965365	223.804	10.423	-213.381
3637739	cid22	libjxl	8	0.25	101257	101199	-58	-0.208	-0.265	-0.05700000000000002	94.1181	94.1181	-0.1388	-0.1388	0.0	1.435	1.435	0.0	1551.421	1320.399	1.1749637798877461	30.721	-51.881	-82.602
3637739	cid22	libjxl	8	0.5	64584	64565	-19	0.059	0.029	-0.029999999999999995	91.9463	91.9463	-0.2176	-0.2176	0.0	-10.58	-10.58	0.0	1563.572	1295.532	1.2068956999904286	80.059	-32.773	-112.832
3637739	cid22	libjxl	8	0.75	47492	47491	-1	-0.779	-0.781	-0.0020000000000000018	89.8231	89.8231	-0.4075	-0.4075	0.0	5.872	5.872	0.0	1469.304	1407.286	1.0440692226029393	48.185	-34.744	-82.929
3637739	cid22	libjxl	8	1.0	38886	38827	-59	0.866	0.713	-0.15300000000000002	87.736	87.736	-0.4415	-0.4415	0.0	11.273	11.273	0.0	1301.75	1074.25	1.2117756574354202	15.491	-52.187	-67.678
3637739	cid22	libjxl	8	1.25	33526	33529	3	2.017	2.027	0.010000000000000231	85.8967	85.8967	-0.5405	-0.5405	0.0	8.0	8.0	0.0	1542.142	2100.593	0.7341460244797541	39.564	-8.598	-48.162
3637739	cid22	libjxl	8	1.5	29277	29284	7	0.581	0.605	0.02400000000000002	84.2432	84.2432	-0.5147	-0.5147	0.0	-0.113	-0.113	0.0	1493.486	1242.343	1.2021527066196696	20.043	-32.301	-52.344
3637739	cid22	libjxl	8	1.75	26211	26180	-31	0.912	0.793	-0.119	82.6408	82.6408	-0.6377	-0.6377	0.0	-1.109	-1.109	0.0	1258.773	1116.214	1.1277165489771674	14.138	-51.841	-65.979
3637739	cid22	libjxl	8	2.0	24596	24587	-9	2.843	2.806	-0.03699999999999992	81.2281	81.2281	-0.9322	-0.9322	0.0	4.135	4.135	0.0	1402.288	1222.444	1.147118395607488	19.049	-39.289	-58.338
3637739	cid22	libjxl	8	2.25	22203	22213	10	0.694	0.739	0.04500000000000004	79.4734	79.4734	-1.1026	-1.1026	0.0	-3.584	-3.584	0.0	1404.116	910.896	1.5414668633960409	23.486	-51.172	-74.658
3637739	cid22	libjxl	8	2.5	20847	20851	4	2.422	2.442	0.020000000000000018	77.6907	77.6907	-1.7283	-1.7283	0.0	-3.173	-3.173	0.0	1392.89	1361.703	1.0229029384528052	35.795	-35.494	-71.289
3637739	cid22	libjxl	8	2.75	19680	19672	-8	2.671	2.629	-0.041999999999999815	76.2767	76.2767	-1.636	-1.636	0.0	-4.047	-4.047	0.0	1545.478	1123.589	1.3754833840487937	26.802	-61.918	-88.72
3637739	cid22	libjxl	8	3.0	18621	18613	-8	2.947	2.902	-0.04499999999999993	74.7081	74.7081	-2.0121	-2.0121	0.0	-3.732	-3.732	0.0	1341.159	2231.276	0.6010726597695669	8.064	-8.148	-16.212
3637739	cid22	libjxl	8	3.25	17591	17592	1	2.273	2.279	0.005999999999999783	73.1636	73.1636	-2.1924	-2.1924	0.0	1.003	1.003	0.0	1440.137	1458.628	0.9873230186174954	40.577	-48.709	-89.286
3637739	cid22	libjxl	8	3.5	16685	16723	38	2.532	2.765	0.2330000000000001	71.1344	71.1344	-2.5753	-2.5753	0.0	2.16	2.16	0.0	1441.674	1393.664	1.0344487623989713	11.469	-58.691	-70.16
3637739	cid22	libjxl	8	3.75	15870	15886	16	2.15	2.253	0.1030000000000002	69.8752	69.8752	-2.4816	-2.4816	0.0	-1.305	-1.305	0.0	1295.87	1697.412	0.7634386937290415	11.856	-25.456	-37.312
3637739	cid22	libjxl	8	4.0	15513	15516	3	3.392	3.412	0.020000000000000018	68.7254	68.7254	-2.3763	-2.3763	0.0	19.79	19.79	0.0	1876.09	1612.149	1.1637199787364567	72.672	-16.051	-88.723
3637739	cid22	libjxl	8	4.25	15119	15077	-42	3.526	3.239	-0.2869999999999999	67.6282	67.6282	-2.0988	-2.0988	0.0	16.467	16.467	0.0	1680.964	1536.424	1.0940755937163178	11.365	-8.883	-20.247999999999998
3637739	cid22	libjxl	8	4.5	14618	14645	27	3.439	3.63	0.19099999999999984	66.1467	66.1467	-2.8554	-2.8554	0.0	-5.738	-5.738	0.0	1783.394	1562.914	1.1410698221399258	67.454	-17.059	-84.51299999999999
3637739	cid22	libjxl	8	4.75	13725	13748	23	3.39	3.563	0.17300000000000004	65.119	65.119	-2.6336	-2.6336	0.0	1.339	1.339	0.0	1742.082	1245.968	1.3981755550704351	36.963	-50.403	-87.366
3637739	cid22	libjxl	8	5.0	13128	13168	40	2.667	2.98	0.31300000000000017	64.08	64.08	-2.8691	-2.8691	0.0	5.944	5.944	0.0	1712.23	1117.08	1.5327729437461957	34.94	-50.454	-85.394
3637739	cid22	libjxl	9	0.25	103033	103033	0	0.727	0.727	0.0	94.1478	94.1478	-0.1449	-0.1449	0.0	-3.414	-3.414	0.0	2803.319	3699.659	0.757723617230669	92.06	25.205	-66.855
3637739	cid22	libjxl	9	0.5	65839	65839	0	1.765	1.765	0.0	91.9735	91.9735	-0.2517	-0.2517	0.0	1.453	1.453	0.0	2140.563	3062.675	0.6989194086868505	35.521	14.693	-20.828000000000003
3637739	cid22	libjxl	9	0.75	48382	48382	0	1.328	1.328	0.0	89.9431	89.9431	-0.3146	-0.3146	0.0	3.923	3.923	0.0	2139.888	2135.539	1.0020364882121093	22.513	-17.891	-40.403999999999996
3637739	cid22	libjxl	9	1.0	39386	39386	0	2.386	2.386	0.0	87.758	87.758	-0.5409	-0.5409	0.0	-0.644	-0.644	0.0	1817.475	2584.193	0.7033046680336955	21.355	-16.312	-37.667
3637739	cid22	libjxl	9	1.25	34047	34047	0	3.9	3.9	0.0	85.8967	85.8967	-0.5198	-0.5198	0.0	7.096	7.096	0.0	2032.984	1712.665	1.1870295708734633	41.355	-55.295	-96.65
3637739	cid22	libjxl	9	1.5	29711	29711	0	2.445	2.445	0.0	84.2411	84.2411	-0.5185	-0.5185	0.0	-0.113	-0.113	0.0	1892.824	2614.551	0.7239575743598041	7.633	-4.244	-11.876999999999999
3637739	cid22	libjxl	9	1.75	26476	26476	0	2.521	2.521	0.0	82.6307	82.6307	-0.8776	-0.8776	0.0	-0.156	-0.156	0.0	2030.051	2205.01	0.9206538745856027	15.781	-17.418	-33.199
3637739	cid22	libjxl	9	2.0	24997	24997	0	4.796	4.796	0.0	81.2199	81.2199	-0.9371	-0.9371	0.0	4.463	4.463	0.0	1905.994	1780.763	1.070324349730986	1.466	-38.41	-39.876
3637739	cid22	libjxl	9	2.25	22519	22519	0	2.401	2.401	0.0	79.4734	79.4734	-1.1026	-1.1026	0.0	-3.584	-3.584	0.0	1812.825	2297.599	0.7890084388093832	12.292	15.141	2.849
3637739	cid22	libjxl	9	2.5	21113	21113	0	3.969	3.969	0.0	77.6907	77.6907	-1.7391	-1.7391	0.0	8.425	8.425	0.0	1756.417	2722.943	0.6450436164106262	14.951	6.566	-8.385000000000002
3637739	cid22	libjxl	9	2.75	19859	19859	0	3.832	3.832	0.0	76.2767	76.2767	-1.636	-1.636	0.0	-4.047	-4.047	0.0	2011.804	2953.292	0.6812072764900999	33.89	-22.341	-56.231
3637739	cid22	libjxl	9	3.0	18857	18857	0	4.436	4.436	0.0	74.7081	74.7081	-2.0185	-2.0185	0.0	-3.732	-3.732	0.0	1685.244	2005.363	0.8403685517285399	5.414	-20.566	-25.979999999999997
3637739	cid22	libjxl	9	3.25	17804	17804	0	3.819	3.819	0.0	73.1636	73.1636	-2.1998	-2.1998	0.0	1.003	1.003	0.0	1775.381	2001.915	0.8868413494079419	19.654	3.053	-16.601
3637739	cid22	libjxl	9	3.5	16889	16889	0	3.983	3.983	0.0	71.1344	71.1344	-2.5738	-2.5738	0.0	2.16	2.16	0.0	1756.071	1912.681	0.9181201674508189	7.76	-43.197	-50.957
3637739	cid22	libjxl	9	3.75	16077	16076	-1	3.89	3.884	-0.006000000000000227	69.8752	69.8752	-2.4737	-2.4737	0.0	-1.305	-1.305	0.0	1758.175	2354.726	0.7466579975759388	-6.148	6.567	12.715
3637739	cid22	libjxl	9	4.0	15689	15688	-1	5.133	5.126	-0.006999999999999673	68.7254	68.7254	-2.3731	-2.3731	0.0	19.79	19.79	0.0	2065.174	2947.917	0.700553645167079	25.813	-11.067	-36.879999999999995
3637739	cid22	libjxl	9	4.25	15289	15289	0	5.101	5.101	0.0	67.6282	67.6282	-2.1016	-2.1016	0.0	16.467	16.467	0.0	2325.805	3290.058	0.7069191485378069	58.84	32.527	-26.313000000000002
3637739	cid22	libjxl	9	4.5	14811	14811	0	5.349	5.349	0.0	66.1467	66.1467	-2.8554	-2.8554	0.0	-5.738	-5.738	0.0	2243.62	2604.238	0.8615264810666307	37.342	-25.745	-63.087
3637739	cid22	libjxl	9	4.75	13877	13877	0	5.161	5.161	0.0	65.119	65.119	-2.6417	-2.6417	0.0	1.339	1.339	0.0	1748.752	2967.055	0.5893898158274787	23.379	28.798	5.418999999999997
3637739	cid22	libjxl	9	5.0	13297	13297	0	4.388	4.388	0.0	64.08	64.08	-2.8655	-2.8655	0.0	5.944	5.944	0.0	2072.076	2379.772	0.8707035800068242	31.299	-33.582	-64.881
7062219	cid22	libjxl	5	0.25	165132	165263	131	0.326	0.406	0.08000000000000002	94.4097	94.4097	0.173	0.173	0.0	-6.735	-6.735	0.0	1603.344	211.255	7.589614446995338	720.953	-65.564	-786.5169999999999
7062219	cid22	libjxl	5	0.5	115619	115730	111	0.01	0.106	0.096	91.4626	91.4626	0.0545	0.0545	0.0	-3.014	-3.014	0.0	1475.828	486.046	3.036395732091201	363.989	-9.234	-373.22299999999996
7062219	cid22	libjxl	5	0.75	89168	89361	193	0.746	0.964	0.21799999999999997	88.6609	88.6609	-0.0067	-0.0067	0.0	-2.374	-2.374	0.0	1295.334	446.054	2.9039847193389146	339.26	-19.024	-358.284
7062219	cid22	libjxl	5	1.0	74536	74665	129	1.086	1.261	0.17499999999999982	86.4866	86.4866	0.0908	0.0908	0.0	1.14	1.14	0.0	1381.273	276.498	4.995598521508293	292.178	-18.89	-311.068
7062219	cid22	libjxl	5	1.25	64978	65202	224	1.768	2.119	0.3510000000000002	83.8731	83.8731	0.0168	0.0168	0.0	0.656	0.656	0.0	1214.325	365.155	3.3255056072078983	512.27	-25.104	-537.374
7062219	cid22	libjxl	5	1.5	57195	57456	261	2.414	2.881	0.46699999999999964	81.5777	81.5777	0.0999	0.0999	0.0	-0.334	-0.334	0.0	1195.319	272.661	4.38390162142734	548.78	-47.566	-596.346
7062219	cid22	libjxl	5	1.75	51588	51646	58	3.628	3.744	0.1160000000000001	79.1072	79.1072	-0.1639	-0.1639	0.0	0.97	0.97	0.0	1152.071	303.293	3.798541344508445	685.846	-24.058	-709.904
7062219	cid22	libjxl	5	2.0	46359	46654	295	3.155	3.812	0.657	77.3613	77.3613	-0.1566	-0.1566	0.0	-3.456	-3.456	0.0	1081.74	487.438	2.21923608746138	620.561	-2.533	-623.094
7062219	cid22	libjxl	5	2.25	43307	43521	214	5.839	6.362	0.5229999999999997	75.7392	75.7392	0.2657	0.2657	0.0	1.452	1.452	0.0	1185.556	255.975	4.631530422892861	353.108	-29.575	-382.683
7062219	cid22	libjxl	5	2.5	39839	39746	-93	5.261	5.015	-0.24600000000000044	73.4507	73.4507	-0.2087	-0.2087	0.0	-1.268	-1.268	0.0	1217.67	373.487	3.2602741193133897	805.89	45.831	-760.059
7062219	cid22	libjxl	5	2.75	38113	38015	-98	6.619	6.345	-0.274	71.5663	71.5663	-0.2903	-0.2903	0.0	-1.76	-1.76	0.0	1220.555	384.847	3.171533102765515	534.274	152.11	-382.164
7062219	cid22	libjxl	5	3.0	34911	34911	0	4.762	4.762	0.0	69.9635	69.9635	-0.2998	-0.2998	0.0	-6.251	-6.251	0.0	1086.181	291.988	3.719950819896708	570.576	0.251	-570.325
7062219	cid22	libjxl	5	3.25	32732	32663	-69	6.004	5.781	-0.22299999999999986	68.768	68.768	0.2098	0.2098	0.0	11.302	11.302	0.0	1074.907	517.791	2.0759476313802283	676.691	64.333	-612.3580000000001
7062219	cid22	libjxl	5	3.5	30979	30938	-41	5.633	5.493	-0.13999999999999968	67.0312	67.0312	-0.6254	-0.6254	0.0	-1.834	-1.834	0.0	1121.127	447.005	2.508086039306048	512.738	58.513	-454.2250000000001
7062219	cid22	libjxl	5	3.75	30153	30108	-45	8.997	8.835	-0.16199999999999903	65.3084	65.3084	-0.574	-0.574	0.0	-1.41	-1.41	0.0	1102.003	303.103	3.6357376865290014	650.594	-42.71	-693.3040000000001
7062219	cid22	libjxl	5	4.0	28551	28538	-13	8.807	8.758	-0.049000000000001265	64.1151	64.1151	1.1101	1.1101	0.0	-0.387	-0.387	0.0	1124.954	715.066	1.5732170177298317	704.777	133.778	-570.999
7062219	cid22	libjxl	5	4.25	26896	26786	-110	7.207	6.768	-0.43900000000000006	62.8916	62.8916	1.2671	1.2671	0.0	-3.239	-3.239	0.0	1114.8	793.044	1.4057227593929214	583.974	110.104	-473.87000000000006
7062219	cid22	libjxl	5	4.5	26051	26014	-37	8.415	8.261	-0.15399999999999991	61.5382	61.5382	1.3677	1.3677	0.0	0.877	0.877	0.0	1317.685	800.78	1.64550188566148	656.097	123.919	-532.178
7062219	cid22	libjxl	5	4.75	24819	24843	24	7.951	8.055	0.10400000000000009	60.058	60.058	1.1314	1.1314	0.0	-5.754	-5.754	0.0	1118.541	571.131	1.9584666214931425	559.984	50.578	-509.40600000000006
7062219	cid22	libjxl	5	5.0	23747	23608	-139	6.527	5.903	-0.6240000000000006	59.3686	59.3686	1.4546	1.4546	0.0	-4.385	-4.385	0.0	1050.841	412.15	2.5496566783937884	648.459	23.693	-624.766
7062219	cid22	libjxl	6	0.25	163507	163644	137	0.56	0.645	0.08499999999999996	94.4694	94.4694	0.139	0.139	0.0	-6.589	-6.589	0.0	1603.093	672.161	2.384983657189275	715.36	19.885	-695.475
7062219	cid22	libjxl	6	0.5	114321	114516	195	0.096	0.267	0.171	91.4865	91.4865	0.0554	0.0554	0.0	-2.929	-2.929	0.0	1464.893	328.538	4.458823636839574	582.176	-50.975	-633.1510000000001
7062219	cid22	libjxl	6	0.75	87693	87954	261	0.42	0.719	0.299	88.5895	88.5895	-0.1162	-0.1162	0.0	0.295	0.295	0.0	1381.121	331.852	4.161858298277546	305.386	-68.418	-373.80400000000003
7062219	cid22	libjxl	6	1.0	73316	73465	149	0.965	1.171	0.20600000000000007	86.3865	86.3865	0.1052	0.1052	0.0	3.868	3.868	0.0	1166.814	551.693	2.1149697386046227	268.701	2.998	-265.70300000000003
7062219	cid22	libjxl	6	1.25	63405	63673	268	0.851	1.277	0.42599999999999993	83.8558	83.8558	-0.0277	-0.0277	0.0	-0.222	-0.222	0.0	1153.831	320.109	3.6044940941991634	379.47	-35.738	-415.208
7062219	cid22	libjxl	6	1.5	56304	56394	90	1.407	1.569	0.16199999999999992	81.7316	81.7316	-0.0602	-0.0602	0.0	0.138	0.138	0.0	1240.605	602.04	2.0606687263304764	400.869	-20.81	-421.67900000000003
7062219	cid22	libjxl	6	1.75	51276	51316	40	3.473	3.554	0.08099999999999996	79.1846	79.1846	-0.3304	-0.3304	0.0	0.271	0.271	0.0	1211.665	433.473	2.7952490697229124	310.577	-48.465	-359.04200000000003
7062219	cid22	libjxl	6	2.0	46713	46763	50	3.65	3.761	0.11100000000000021	77.3107	77.3107	-0.4104	-0.4104	0.0	1.794	1.794	0.0	1147.655	326.331	3.5168433277868174	246.479	-68.248	-314.72700000000003
7062219	cid22	libjxl	6	2.25	42275	42409	134	2.53	2.855	0.3250000000000002	75.7533	75.7533	-0.0239	-0.0239	0.0	5.913	5.913	0.0	1152.975	340.457	3.386551018190256	324.733	-55.752	-380.485
7062219	cid22	libjxl	6	2.5	39552	39471	-81	4.062	3.849	-0.21300000000000008	73.9085	73.9085	-0.363	-0.363	0.0	-4.098	-4.098	0.0	1173.333	416.89	2.8144906330207013	473.346	-52.379	-525.725
7062219	cid22	libjxl	6	2.75	37420	37385	-35	3.921	3.824	-0.09699999999999998	71.985	71.985	-0.6603	-0.6603	0.0	-2.534	-2.534	0.0	1134.96	326.965	3.4711972229443524	294.987	-44.426	-339.413
7062219	cid22	libjxl	6	3.0	35392	35247	-145	4.735	4.306	-0.42900000000000027	70.1442	70.1442	-0.932	-0.932	0.0	-1.212	-1.212	0.0	1114.644	394.428	2.8259758434999545	357.889	-24.449	-382.338
7062219	cid22	libjxl	6	3.25	32845	32749	-96	3.993	3.689	-0.3039999999999998	68.7208	68.7208	-0.5253	-0.5253	0.0	13.804	13.804	0.0	1068.95	245.984	4.345607844412645	324.802	-64.335	-389.137
7062219	cid22	libjxl	6	3.5	31597	31596	-1	6.237	6.234	-0.0030000000000001137	67.0099	67.0099	-0.7435	-0.7435	0.0	0.647	0.647	0.0	1013.763	271.931	3.728015562771439	295.66	20.982	-274.678
7062219	cid22	libjxl	6	3.75	29850	29862	12	5.949	5.991	0.041999999999999815	65.0968	65.0968	-0.9879	-0.9879	0.0	-1.966	-1.966	0.0	1172.49	273.294	4.2902149333684605	396.531	-25.652	-422.183
7062219	cid22	libjxl	6	4.0	28799	28771	-28	6.313	6.209	-0.10400000000000009	64.2453	64.2453	-0.3797	-0.3797	0.0	-0.112	-0.112	0.0	1181.273	736.893	1.6030454896436794	190.674	6.996	-183.678
7062219	cid22	libjxl	6	4.25	26696	26635	-61	3.771	3.533	-0.238	62.6868	62.6868	-0.5402	-0.5402	0.0	2.629	2.629	0.0	1238.292	380.234	3.2566577423376133	297.834	-56.93	-354.764
7062219	cid22	libjxl	6	4.5	25464	25579	115	2.582	3.046	0.46399999999999997	61.5456	61.5456	-0.6365	-0.6365	0.0	3.172	3.172	0.0	1200.126	596.356	2.0124321713875606	138.876	-22.583	-161.459
7062219	cid22	libjxl	6	4.75	24233	24265	32	3.547	3.683	0.13599999999999968	60.0043	60.0043	-1.001	-1.001	0.0	0.566	0.566	0.0	1141.821	560.601	2.036780169853425	416.248	-32.323	-448.57099999999997
7062219	cid22	libjxl	6	5.0	23450	23444	-6	3.249	3.223	-0.026000000000000245	59.2676	59.2676	-0.9625	-0.9625	0.0	-6.521	-6.521	0.0	1150.232	443.779	2.5919027263570382	183.068	-36.436	-219.50400000000002
7062219	cid22	libjxl	7	0.25	163530	163669	139	0.566	0.651	0.08500000000000008	94.4368	94.4368	0.2061	0.2061	0.0	-6.206	-6.206	0.0	1603.781	569.251	2.8173529778603816	646.149	0.549	-645.6
7062219	cid22	libjxl	7	0.5	114314	114509	195	0.131	0.301	0.16999999999999998	91.4927	91.4927	0.155	0.155	0.0	-1.213	-1.213	0.0	1470.856	381.99	3.8505091756328698	494.353	-19.634	-513.987
7062219	cid22	libjxl	7	0.75	87708	87969	261	0.264	0.562	0.29800000000000004	88.6572	88.6572	-0.3406	-0.3406	0.0	-5.815	-5.815	0.0	1329.357	469.924	2.8288765842987376	283.23	-51.592	-334.822
7062219	cid22	libjxl	7	1.0	73308	73457	149	0.779	0.984	0.20499999999999996	86.2729	86.2729	-0.096	-0.096	0.0	-1.047	-1.047	0.0	1258.311	274.162	4.589662316440645	399.699	-55.421	-455.12
7062219	cid22	libjxl	7	1.25	63402	63669	267	0.684	1.108	0.42400000000000004	83.9506	83.9506	0.0508	0.0508	0.0	0.041	0.041	0.0	1192.798	427.874	2.787731902382477	263.372	-41.697	-305.069
7062219	cid22	libjxl	7	1.5	56334	56423	89	1.677	1.837	0.15999999999999992	81.5406	81.5406	-0.072	-0.072	0.0	-3.408	-3.408	0.0	1374.389	281.024	4.890646350489638	319.911	-64.971	-384.882
7062219	cid22	libjxl	7	1.75	51288	51326	38	3.255	3.332	0.07699999999999996	79.214	79.214	-0.0999	-0.0999	0.0	0.33	0.33	0.0	1250.969	394.783	3.168750934057444	302.538	-50.417	-352.95500000000004
7062219	cid22	libjxl	7	2.0	46711	46762	51	3.749	3.862	0.11299999999999999	77.2711	77.2711	-0.493	-0.493	0.0	1.795	1.795	0.0	1202.905	454.341	2.6475818823306723	275.4	-10.764	-286.164
7062219	cid22	libjxl	7	2.25	42274	42408	134	2.607	2.932	0.32499999999999973	75.8331	75.8331	-0.0419	-0.0419	0.0	7.465	7.465	0.0	1256.284	325.035	3.865072992139308	412.814	-13.33	-426.144
7062219	cid22	libjxl	7	2.5	39565	39471	-94	3.943	3.696	-0.2469999999999999	73.7971	73.7971	-0.2355	-0.2355	0.0	1.545	1.545	0.0	1257.69	419.666	2.9968832357160218	252.597	-12.843	-265.44
7062219	cid22	libjxl	7	2.75	37408	37369	-39	3.851	3.742	-0.10899999999999999	72.0248	72.0248	-0.7639	-0.7639	0.0	-2.501	-2.501	0.0	1160.834	281.007	4.130978943585036	378.731	-60.725	-439.456
7062219	cid22	libjxl	7	3.0	35384	35238	-146	4.606	4.174	-0.4319999999999995	70.0156	70.0156	-0.6789	-0.6789	0.0	-1.185	-1.185	0.0	1301.15	393.188	3.309231207463097	242.082	-58.263	-300.34499999999997
7062219	cid22	libjxl	7	3.25	32829	32730	-99	4.156	3.842	-0.3139999999999996	68.6554	68.6554	-0.6669	-0.6669	0.0	13.803	13.803	0.0	1273.231	338.812	3.75792770031758	238.196	-36.3	-274.496
7062219	cid22	libjxl	7	3.5	31601	31585	-16	5.859	5.805	-0.05400000000000027	67.0221	67.0221	-0.6787	-0.6787	0.0	0.021	0.021	0.0	1078.626	349.987	3.0819030421129927	216.126	-43.188	-259.314
7062219	cid22	libjxl	7	3.75	29848	29862	14	5.466	5.516	0.04999999999999982	65.5793	65.5793	-0.9052	-0.9052	0.0	-1.966	-1.966	0.0	1086.811	464.623	2.3391244083913194	249.579	-32.781	-282.36
7062219	cid22	libjxl	7	4.0	28804	28776	-28	6.116	6.012	-0.10400000000000009	64.634	64.634	-0.5206	-0.5206	0.0	-0.113	-0.113	0.0	1460.544	458.663	3.1843510376899817	369.266	-43.049	-412.315
7062219	cid22	libjxl	7	4.25	26658	26595	-63	3.462	3.217	-0.2450000000000001	63.143	63.143	-0.5097	-0.5097	0.0	2.629	2.629	0.0	1304.791	597.493	2.1837762116041524	238.102	15.945	-222.157
7062219	cid22	libjxl	7	4.5	25465	25580	115	2.872	3.337	0.4650000000000003	61.7418	61.7418	-0.6397	-0.6397	0.0	6.32	6.32	0.0	1618.096	568.599	2.8457594895523908	336.437	-39.4	-375.837
7062219	cid22	libjxl	7	4.75	23998	24030	32	0.616	0.75	0.134	60.3028	60.3028	-1.1026	-1.1026	0.0	0.565	0.565	0.0	1250.918	535.05	2.337945986356415	367.816	8.563	-359.253
7062219	cid22	libjxl	7	5.0	23448	23442	-6	2.905	2.879	-0.0259999999999998	59.5075	59.5075	-0.7689	-0.7689	0.0	-1.763	-1.763	0.0	1185.133	297.246	3.987044400933907	266.161	-45.784	-311.945
7062219	cid22	libjxl	8	0.25	161005	160900	-105	0.481	0.416	-0.065	94.4229	94.4229	0.0541	0.0541	0.0	-16.294	-16.294	0.0	2148.001	1314.847	1.6336509114748714	74.322	-53.141	-127.463
7062219	cid22	libjxl	8	0.5	111613	111585	-28	0.004	-0.022	-0.026	91.3591	91.3591	-0.0099	-0.0099	0.0	0.006	0.006	0.0	1712.563	1082.207	1.582472669276765	116.65	-56.03	-172.68
7062219	cid22	libjxl	8	0.75	83752	83663	-89	0.091	-0.016	-0.107	88.5805	88.5805	0.127	0.127	0.0	2.059	2.059	0.0	2008.628	1461.539	1.3743239147227682	107.738	-44.485	-152.223
7062219	cid22	libjxl	8	1.0	70050	69728	-322	1.243	0.778	-0.4650000000000001	86.0532	86.0532	0.1698	0.1698	0.0	0.244	0.244	0.0	1936.793	1253.49	1.545120423776815	74.701	-56.65	-131.351
7062219	cid22	libjxl	8	1.25	59945	59753	-192	1.003	0.679	-0.32399999999999984	83.2785	83.2785	0.3774	0.3774	0.0	0.297	0.297	0.0	1736.346	1305.16	1.3303702228079315	55.133	-40.013	-95.146
7062219	cid22	libjxl	8	1.5	52684	52428	-256	0.642	0.153	-0.489	81.0125	81.0125	-0.0969	-0.0969	0.0	-0.124	-0.124	0.0	2030.287	1504.838	1.3491731335864725	54.361	-29.105	-83.466
7062219	cid22	libjxl	8	1.75	47942	47646	-296	3.237	2.599	-0.6379999999999999	78.4288	78.4288	-0.3064	-0.3064	0.0	3.536	3.536	0.0	1891.617	1246.566	1.5174623726300893	62.742	-33.759	-96.501
7062219	cid22	libjxl	8	2.0	43226	42977	-249	2.828	2.236	-0.5919999999999996	75.994	75.994	-0.247	-0.247	0.0	-2.198	-2.198	0.0	1766.406	1874.798	0.9421847046988528	75.404	-32.171	-107.57499999999999
7062219	cid22	libjxl	8	2.25	39154	38731	-423	2.387	1.281	-1.106	74.1836	74.1836	0.0367	0.0367	0.0	1.892	1.892	0.0	1944.574	1191.642	1.631844127682643	91.751	-53.237	-144.988
7062219	cid22	libjxl	8	2.5	36393	36035	-358	3.513	2.494	-1.0189999999999997	72.2405	72.2405	-0.0122	-0.0122	0.0	-4.643	-4.643	0.0	1800.555	877.324	2.052326164564061	69.722	-63.837	-133.559
7062219	cid22	libjxl	8	2.75	34176	33790	-386	3.129	1.964	-1.165	70.5697	70.5697	-0.5082	-0.5082	0.0	2.605	2.605	0.0	1748.301	1231.631	1.4195006458915047	89.345	-52.869	-142.214
7062219	cid22	libjxl	8	3.0	32307	31983	-324	3.528	2.49	-1.0379999999999998	68.0507	68.0507	-0.4571	-0.4571	0.0	3.402	3.402	0.0	1798.391	1172.553	1.5337396262684926	47.061	-36.302	-83.363
7062219	cid22	libjxl	8	3.25	29658	29354	-304	2.202	1.154	-1.048	66.6234	66.6234	-0.458	-0.458	0.0	1.571	1.571	0.0	1686.292	1195.34	1.4107216356852443	52.056	-34.89	-86.946
7062219	cid22	libjxl	8	3.5	28584	28297	-287	3.983	2.939	-1.044	64.5921	64.5921	-0.978	-0.978	0.0	0.125	0.125	0.0	1868.212	1118.92	1.6696564544382082	62.373	-32.53	-94.90299999999999
7062219	cid22	libjxl	8	3.75	27057	26692	-365	4.306	2.899	-1.407	63.42	63.42	-0.9187	-0.9187	0.0	-3.679	-3.679	0.0	1773.785	1686.242	1.0519160357765969	42.854	-15.387	-58.241
7062219	cid22	libjxl	8	4.0	25989	25782	-207	4.516	3.684	-0.8319999999999999	62.2306	62.2306	-0.4303	-0.4303	0.0	-0.471	-0.471	0.0	1993.319	1830.937	1.0886879231781323	64.503	-24.592	-89.095
7062219	cid22	libjxl	8	4.25	24019	23643	-376	1.423	-0.165	-1.588	61.0766	61.0766	-0.0176	-0.0176	0.0	5.733	5.733	0.0	1780.452	1418.397	1.2552564620483546	73.87	-34.287	-108.15700000000001
7062219	cid22	libjxl	8	4.5	23119	22940	-179	2.098	1.307	-0.7909999999999999	58.9039	58.9039	-0.8428	-0.8428	0.0	2.871	2.871	0.0	2126.642	1785.681	1.1909417191536449	103.45	-23.702	-127.152
7062219	cid22	libjxl	8	4.75	21816	21589	-227	1.281	0.227	-1.0539999999999998	58.4087	58.4087	-0.6548	-0.6548	0.0	3.888	3.888	0.0	1644.193	1555.255	1.0571854776226406	35.485	-37.273	-72.75800000000001
7062219	cid22	libjxl	8	5.0	20756	20581	-175	-0.178	-1.02	-0.8420000000000001	56.3043	56.3043	-1.0523	-1.0523	0.0	0.417	0.417	0.0	1977.787	1827.77	1.082076519474551	86.855	-2.314	-89.16900000000001
7062219	cid22	libjxl	9	0.25	162842	162842	0	1.204	1.204	0.0	94.402	94.402	-0.042	-0.042	0.0	-6.019	-6.019	0.0	3613.847	5491.205	0.6581154773861111	129.672	79.377	-50.295
7062219	cid22	libjxl	9	0.5	112680	112680	0	0.861	0.861	0.0	91.4535	91.4535	0.0619	0.0619	0.0	-8.5	-8.5	0.0	3285.553	10019.579	0.32791327859184505	117.942	376.214	258.272
7062219	cid22	libjxl	9	0.75	84520	84520	0	0.941	0.941	0.0	88.4006	88.4006	-0.0237	-0.0237	0.0	-1.726	-1.726	0.0	2873.72	4721.27	0.6086752081537382	87.387	15.398	-71.989
7062219	cid22	libjxl	9	1.0	70352	70352	0	1.701	1.701	0.0	86.1774	86.1774	0.4273	0.4273	0.0	-15.767	-15.767	0.0	2560.302	3103.547	0.8249599571071423	47.237	-40.235	-87.47200000000001
7062219	cid22	libjxl	9	1.25	60372	60372	0	1.713	1.713	0.0	83.417	83.417	0.3569	0.3569	0.0	-1.925	-1.925	0.0	2089.466	3276.983	0.6376188097405449	30.126	27.277	-2.849
7062219	cid22	libjxl	9	1.5	53048	53048	0	1.405	1.405	0.0	81.0549	81.0549	-0.0829	-0.0829	0.0	-3.147	-3.147	0.0	2324.854	2945.007	0.789422232273132	20.959	13.77	-7.189
7062219	cid22	libjxl	9	1.75	48333	48333	0	4.029	4.029	0.0	78.43	78.43	-0.307	-0.307	0.0	2.266	2.266	0.0	2283.106	4739.968	0.4816711842780374	39.955	38.051	-1.9039999999999964
7062219	cid22	libjxl	9	2.0	43625	43625	0	3.926	3.926	0.0	75.9971	75.9971	-0.2606	-0.2606	0.0	-2.198	-2.198	0.0	2116.273	2583.713	0.819082072970179	10.163	-18.108	-28.271
7062219	cid22	libjxl	9	2.25	39245	39245	0	2.795	2.795	0.0	74.1875	74.1875	0.0341	0.0341	0.0	4.564	4.564	0.0	2030.473	2497.45	0.8130184788484255	21.345	4.837	-16.508
7062219	cid22	libjxl	9	2.5	36728	36728	0	4.623	4.623	0.0	72.4891	72.4891	0.2365	0.2365	0.0	-4.814	-4.814	0.0	1987.1	3452.362	0.5755769528224444	48.489	30.714	-17.775
7062219	cid22	libjxl	9	2.75	34535	34535	0	4.522	4.522	0.0	70.5697	70.5697	-0.5082	-0.5082	0.0	2.605	2.605	0.0	1592.809	2732.273	0.5829611462690587	4.187	-17.287	-21.474
7062219	cid22	libjxl	9	3.0	32625	32625	0	4.157	4.157	0.0	68.0507	68.0507	-0.5336	-0.5336	0.0	3.402	3.402	0.0	1930.504	2915.42	0.6621701161410706	32.125	-18.733	-50.858000000000004
7062219	cid22	libjxl	9	3.25	29929	29929	0	2.75	2.75	0.0	66.6234	66.6234	-0.4682	-0.4682	0.0	1.571	1.571	0.0	1969.772	2597.139	0.7584391902012175	24.571	-7.197	-31.768
7062219	cid22	libjxl	9	3.5	28838	28838	0	4.698	4.698	0.0	64.5921	64.5921	-0.9906	-0.9906	0.0	0.125	0.125	0.0	2123.883	2217.294	0.9578716218958785	20.109	-29.384	-49.493
7062219	cid22	libjxl	9	3.75	27361	27361	0	5.376	5.376	0.0	63.42	63.42	-0.9406	-0.9406	0.0	-3.69	-3.69	0.0	1826.857	3060.425	0.5969291846720635	-5.411	-3.0	2.4109999999999996
7062219	cid22	libjxl	9	4.0	26270	26270	0	5.549	5.549	0.0	62.2306	62.2306	-0.4431	-0.4431	0.0	-0.471	-0.471	0.0	2573.229	3495.024	0.7362550300083776	88.371	8.347	-80.024
7062219	cid22	libjxl	9	4.25	24175	24175	0	1.991	1.991	0.0	61.0766	61.0766	-0.0151	-0.0151	0.0	5.733	5.733	0.0	2360.421	2415.566	0.9771709818733995	30.746	-16.205	-46.95099999999999
7062219	cid22	libjxl	9	4.5	23285	23285	0	2.949	2.949	0.0	58.9039	58.9039	-0.8724	-0.8724	0.0	2.871	2.871	0.0	2075.653	2903.932	0.7147732798150921	27.917	-18.642	-46.559
7062219	cid22	libjxl	9	4.75	22009	22009	0	1.936	1.936	0.0	58.4087	58.4087	-0.6809	-0.6809	0.0	3.888	3.888	0.0	2211.564	2784.732	0.7941748074859627	35.498	21.084	-14.413999999999998
7062219	cid22	libjxl	9	5.0	20879	20879	0	0.602	0.602	0.0	56.3043	56.3043	-1.0673	-1.0673	0.0	0.417	0.417	0.0	2016.879	3340.552	0.6037562055612365	15.961	14.334	-1.6270000000000007
clic_02809272	clic	libjxl	5	0.25	705693	705712	19	-0.519	-0.517	0.0020000000000000018	93.4699	93.4699	0.0899	0.0899	0.0	-17.004	-17.004	0.0	10219.433	2002.202	5.104096889324854	1938.259	62.564	-1875.695
clic_02809272	clic	libjxl	5	0.5	491475	491429	-46	-0.85	-0.859	-0.009000000000000008	91.1097	91.1097	0.0059	0.0059	0.0	-4.674	-4.674	0.0	7643.41	1894.522	4.034479409581942	1422.954	54.345	-1368.609
clic_02809272	clic	libjxl	5	0.75	382515	382515	0	-0.662	-0.662	0.0	88.9703	88.9703	-0.0772	-0.0772	0.0	1.291	1.291	0.0	7555.111	3078.07	2.45449616155578	1279.676	204.013	-1075.663
clic_02809272	clic	libjxl	5	1.0	323663	323663	0	-0.443	-0.443	0.0	86.5355	86.5355	-0.1026	-0.1026	0.0	-0.079	-0.079	0.0	6682.637	3444.59	1.9400384370854005	1067.107	143.262	-923.845
clic_02809272	clic	libjxl	5	1.25	282733	282733	0	-0.299	-0.299	0.0	84.4401	84.4401	-0.2691	-0.2691	0.0	3.162	3.162	0.0	6898.248	1579.905	4.366242274060782	1264.656	16.082	-1248.5739999999998
clic_02809272	clic	libjxl	5	1.5	252444	252339	-105	0.153	0.111	-0.041999999999999996	82.7796	82.7796	-0.0759	-0.0759	0.0	-2.224	-2.224	0.0	7121.378	3461.818	2.057120853840381	1325.09	202.5	-1122.59
clic_02809272	clic	libjxl	5	1.75	228726	228927	201	0.469	0.557	0.08800000000000008	80.8767	80.8767	-0.1673	-0.1673	0.0	-1.221	-1.221	0.0	6277.765	1938.079	3.23916878517336	1172.386	76.25	-1096.136
clic_02809272	clic	libjxl	5	2.0	210079	210425	346	0.815	0.981	0.16600000000000004	78.875	78.875	0.0531	0.0531	0.0	-2.782	-2.782	0.0	6492.538	3309.891	1.96155643796125	1370.82	233.304	-1137.5159999999998
clic_02809272	clic	libjxl	5	2.25	193446	193785	339	0.97	1.147	0.17700000000000005	77.1575	77.1575	-0.2836	-0.2836	0.0	2.572	2.572	0.0	7484.268	2876.192	2.6021447803206463	1141.167	193.72	-947.4469999999999
clic_02809272	clic	libjxl	5	2.5	179821	180243	422	1.614	1.852	0.238	75.7165	75.7165	-0.1536	-0.1536	0.0	5.407	5.407	0.0	6995.306	3562.541	1.9635720683635638	1127.709	194.103	-933.606
clic_02809272	clic	libjxl	5	2.75	170502	170934	432	2.23	2.489	0.2589999999999999	74.2707	74.2707	-0.0766	-0.0766	0.0	-3.153	-3.153	0.0	5872.696	2522.683	2.327956386117479	1059.434	110.507	-948.9269999999999
clic_02809272	clic	libjxl	5	3.0	160601	160891	290	3.352	3.538	0.18599999999999994	72.2618	72.2618	-0.2489	-0.2489	0.0	-0.062	-0.062	0.0	5890.719	3035.791	1.940423105543168	892.966	243.278	-649.688
clic_02809272	clic	libjxl	5	3.25	150744	151242	498	2.999	3.339	0.33999999999999986	70.428	70.428	-0.1958	-0.1958	0.0	1.349	1.349	0.0	5861.041	2267.82	2.584438359305412	960.674	78.351	-882.323
clic_02809272	clic	libjxl	5	3.5	143430	143775	345	4.72	4.972	0.25200000000000067	68.9862	68.9862	-0.294	-0.294	0.0	-5.099	-5.099	0.0	6208.652	3576.334	1.736038076980506	1181.804	323.663	-858.1410000000001
clic_02809272	clic	libjxl	5	3.75	136083	136481	398	5.315	5.623	0.30799999999999983	67.4932	67.4932	-0.5204	-0.5204	0.0	-5.521	-5.521	0.0	5754.265	2366.793	2.431249796665784	998.742	72.554	-926.188
clic_02809272	clic	libjxl	5	4.0	129411	129776	365	5.622	5.92	0.29800000000000004	66.0585	66.0585	0.9513	0.9513	0.0	-5.344	-5.344	0.0	6474.741	3238.351	1.999394444888772	1052.946	184.735	-868.2109999999999
clic_02809272	clic	libjxl	5	4.25	123330	123741	411	5.782	6.134	0.3520000000000003	64.2132	64.2132	0.5628	0.5628	0.0	3.514	3.514	0.0	6649.787	3978.789	1.6713092853126919	1093.973	347.627	-746.346
clic_02809272	clic	libjxl	5	4.5	118854	119220	366	7.07	7.4	0.33000000000000007	63.2366	63.2366	1.0703	1.0703	0.0	0.319	0.319	0.0	6453.44	4654.808	1.3864030482030623	1250.772	589.164	-661.608
clic_02809272	clic	libjxl	5	4.75	113401	113843	442	7.067	7.484	0.4169999999999998	61.5477	61.5477	0.7784	0.7784	0.0	-2.296	-2.296	0.0	6051.303	2364.047	2.559721951382523	882.973	141.293	-741.68
clic_02809272	clic	libjxl	5	5.0	107836	108227	391	6.392	6.778	0.38599999999999923	60.3602	60.3602	0.7792	0.7792	0.0	1.457	1.457	0.0	5979.352	2092.486	2.8575350085974294	1001.372	64.808	-936.564
clic_02809272	clic	libjxl	6	0.25	704969	705107	138	-0.525	-0.506	0.019000000000000017	93.4061	93.4061	0.0058	0.0058	0.0	-16.923	-16.923	0.0	9829.927	1282.583	7.6641644244466045	1185.948	-23.175	-1209.123
clic_02809272	clic	libjxl	6	0.5	490505	490497	-8	-0.676	-0.678	-0.0020000000000000018	91.1226	91.1226	0.0469	0.0469	0.0	-5.013	-5.013	0.0	8232.704	2019.752	4.076096471249936	1161.303	56.045	-1105.258
clic_02809272	clic	libjxl	6	0.75	381309	381309	0	-1.093	-1.093	0.0	89.0031	89.0031	-0.15	-0.15	0.0	2.751	2.751	0.0	9060.388	3027.454	2.9927417559441034	655.155	53.782	-601.3729999999999
clic_02809272	clic	libjxl	6	1.0	321317	321317	0	-1.189	-1.189	0.0	86.4988	86.4988	-0.2713	-0.2713	0.0	0.912	0.912	0.0	7638.789	2758.066	2.7696179134219414	617.03	55.459	-561.5709999999999
clic_02809272	clic	libjxl	6	1.25	280149	280149	0	-1.171	-1.171	0.0	84.2617	84.2617	-0.3153	-0.3153	0.0	-2.818	-2.818	0.0	6777.423	1514.666	4.474532999354313	484.407	-11.941	-496.34799999999996
clic_02809272	clic	libjxl	6	1.5	249914	249865	-49	-0.856	-0.876	-0.020000000000000018	82.6692	82.6692	-0.1212	-0.1212	0.0	-0.042	-0.042	0.0	6201.769	1610.025	3.851970621574199	577.854	30.076	-547.778
clic_02809272	clic	libjxl	6	1.75	226338	226444	106	-1.184	-1.138	0.04600000000000004	80.7746	80.7746	-0.3304	-0.3304	0.0	1.504	1.504	0.0	6636.633	1932.412	3.4343778655897395	633.706	52.917	-580.789
clic_02809272	clic	libjxl	6	2.0	208133	208471	338	-0.522	-0.361	0.16100000000000003	78.8799	78.8799	-0.3017	-0.3017	0.0	-3.188	-3.188	0.0	6583.26	2157.975	3.0506655545129115	602.363	-1.984	-604.3470000000001
clic_02809272	clic	libjxl	6	2.25	191952	192282	330	-0.108	0.063	0.17099999999999999	77.3582	77.3582	-0.5884	-0.5884	0.0	-2.886	-2.886	0.0	6218.323	3254.519	1.9106734359209459	503.384	39.243	-464.141
clic_02809272	clic	libjxl	6	2.5	178620	179054	434	0.34	0.584	0.24399999999999994	75.6724	75.6724	-0.4929	-0.4929	0.0	1.875	1.875	0.0	6069.556	2818.252	2.1536597862788707	443.773	82.83	-360.94300000000004
clic_02809272	clic	libjxl	6	2.75	168833	169138	305	0.452	0.633	0.181	74.1979	74.1979	-0.6571	-0.6571	0.0	9.982	9.982	0.0	5951.944	3254.692	1.8287272651298496	546.562	32.061	-514.501
clic_02809272	clic	libjxl	6	3.0	159529	159961	432	1.387	1.661	0.274	72.6846	72.6846	-0.5404	-0.5404	0.0	3.93	3.93	0.0	6088.817	2655.926	2.292540153603677	507.067	30.496	-476.571
clic_02809272	clic	libjxl	6	3.25	150116	150616	500	1.485	1.823	0.33799999999999986	70.696	70.696	-0.934	-0.934	0.0	-0.786	-0.786	0.0	5714.97	2494.602	2.290934585958001	639.191	9.856	-629.335
clic_02809272	clic	libjxl	6	3.5	142206	142585	379	2.076	2.348	0.2719999999999998	69.3056	69.3056	-0.6832	-0.6832	0.0	0.159	0.159	0.0	5995.626	2862.025	2.0948894576392587	556.24	54.742	-501.498
clic_02809272	clic	libjxl	6	3.75	135987	136480	493	2.384	2.755	0.371	67.9675	67.9675	-0.9332	-0.9332	0.0	-0.953	-0.953	0.0	6091.7	5103.326	1.1936725186672377	535.689	147.734	-387.9549999999999
clic_02809272	clic	libjxl	6	4.0	128984	129515	531	2.039	2.459	0.41999999999999993	66.4806	66.4806	-0.4667	-0.4667	0.0	0.157	0.157	0.0	6324.001	3918.945	1.613699860549204	548.803	48.673	-500.13
clic_02809272	clic	libjxl	6	4.25	123558	123967	409	4.05	4.394	0.3440000000000003	64.1877	64.1877	-0.7373	-0.7373	0.0	0.829	0.829	0.0	6650.446	5389.841	1.2338853780658834	837.588	200.076	-637.512
clic_02809272	clic	libjxl	6	4.5	117845	118170	325	4.478	4.766	0.28800000000000026	63.158	63.158	-0.6898	-0.6898	0.0	5.295	5.295	0.0	6245.673	4466.591	1.3983086877665762	595.209	66.542	-528.6669999999999
clic_02809272	clic	libjxl	6	4.75	112137	112451	314	5.035	5.329	0.2939999999999996	61.5466	61.5466	-1.171	-1.171	0.0	-1.315	-1.315	0.0	5931.242	4251.657	1.3950424505081196	516.571	90.545	-426.026
clic_02809272	clic	libjxl	6	5.0	107987	108433	446	5.461	5.897	0.43599999999999994	60.4147	60.4147	-1.4755	-1.4755	0.0	8.387	8.387	0.0	5895.383	4447.436	1.3255689345501542	558.603	87.158	-471.44499999999994
clic_02809272	clic	libjxl	7	0.25	705010	705148	138	-0.944	-0.925	0.018999999999999906	93.4715	93.4715	-0.1351	-0.1351	0.0	-15.12	-15.12	0.0	9576.572	3558.542	2.691150476796396	1189.422	54.979	-1134.443
clic_02809272	clic	libjxl	7	0.5	490514	490510	-4	-1.08	-1.08	0.0	91.1228	91.1228	-0.2274	-0.2274	0.0	-4.588	-4.588	0.0	8645.445	2505.603	3.4504448629731046	1139.354	15.841	-1123.5130000000001
clic_02809272	clic	libjxl	7	0.75	381458	381458	0	-1.276	-1.276	0.0	89.0577	89.0577	-0.2976	-0.2976	0.0	0.931	0.931	0.0	8074.962	3626.663	2.226554273170681	664.281	45.469	-618.8119999999999
clic_02809272	clic	libjxl	7	1.0	321419	321419	0	-1.403	-1.403	0.0	86.839	86.839	-0.3211	-0.3211	0.0	0.989	0.989	0.0	7416.13	3571.03	2.0767481650952244	627.881	74.459	-553.422
clic_02809272	clic	libjxl	7	1.25	280271	280271	0	-1.198	-1.198	0.0	84.3183	84.3183	-0.8937	-0.8937	0.0	-3.063	-3.063	0.0	7367.807	6057.228	1.216366133155298	547.669	213.774	-333.895
clic_02809272	clic	libjxl	7	1.5	250021	249966	-55	-0.855	-0.877	-0.02200000000000002	82.8347	82.8347	-0.549	-0.549	0.0	0.141	0.141	0.0	6622.22	4103.944	1.6136233827752036	460.875	74.529	-386.346
clic_02809272	clic	libjxl	7	1.75	226377	226487	110	-1.121	-1.073	0.04800000000000004	81.0197	81.0197	-0.5029	-0.5029	0.0	1.489	1.489	0.0	6740.618	3823.245	1.7630620062276943	502.587	-1.901	-504.488
clic_02809272	clic	libjxl	7	2.0	208172	208514	342	-0.573	-0.41	0.16299999999999998	79.1645	79.1645	-0.4284	-0.4284	0.0	-2.884	-2.884	0.0	6554.158	4159.315	1.5757782230968322	421.402	57.157	-364.245
clic_02809272	clic	libjxl	7	2.25	191929	192255	326	-0.339	-0.169	0.17	77.4895	77.4895	-0.4075	-0.4075	0.0	-3.227	-3.227	0.0	6635.905	2083.305	3.1852777197769893	679.11	18.115	-660.995
clic_02809272	clic	libjxl	7	2.5	178664	179100	436	0.359	0.604	0.245	75.7418	75.7418	-0.5533	-0.5533	0.0	1.782	1.782	0.0	6864.758	1752.683	3.9167139750884785	564.465	8.851	-555.614
clic_02809272	clic	libjxl	7	2.75	168870	169174	304	0.357	0.538	0.18100000000000005	74.24	74.24	-0.7471	-0.7471	0.0	-0.356	-0.356	0.0	5856.382	2721.242	2.152098931296812	452.238	39.242	-412.996
clic_02809272	clic	libjxl	7	3.0	159770	160159	389	2.063	2.311	0.24799999999999978	72.7512	72.7512	-0.6638	-0.6638	0.0	1.128	1.128	0.0	6401.45	2019.596	3.169668587182783	430.782	-30.506	-461.288
clic_02809272	clic	libjxl	7	3.25	150266	150767	501	2.376	2.718	0.3420000000000001	70.6637	70.6637	-0.9515	-0.9515	0.0	-0.192	-0.192	0.0	6280.07	3522.728	1.782729180339782	452.566	63.818	-388.748
clic_02809272	clic	libjxl	7	3.5	142366	142752	386	2.885	3.164	0.27900000000000036	69.3631	69.3631	-0.6773	-0.6773	0.0	3.332	3.332	0.0	5927.85	2586.847	2.2915348298527127	357.347	-15.025	-372.37199999999996
clic_02809272	clic	libjxl	7	3.75	136245	136705	460	3.38	3.729	0.3490000000000002	67.9965	67.9965	-0.8042	-0.8042	0.0	-1.025	-1.025	0.0	6915.734	2754.401	2.5107941799324065	407.259	4.299	-402.96000000000004
clic_02809272	clic	libjxl	7	4.0	129248	129782	534	2.991	3.416	0.4249999999999998	66.5051	66.5051	-0.6068	-0.6068	0.0	0.746	0.746	0.0	7039.664	3642.168	1.932822428839087	444.625	50.92	-393.705
clic_02809272	clic	libjxl	7	4.25	123840	124291	451	4.962	5.345	0.383	64.2997	64.2997	-0.7807	-0.7807	0.0	0.639	0.639	0.0	7207.825	2373.501	3.0367903784325345	409.484	-1.927	-411.411
clic_02809272	clic	libjxl	7	4.5	118016	118335	319	5.19	5.474	0.2839999999999998	63.2133	63.2133	-0.6946	-0.6946	0.0	5.025	5.025	0.0	6954.948	2490.526	2.792561892548	394.318	37.073	-357.245
clic_02809272	clic	libjxl	7	4.75	112213	112542	329	5.682	5.992	0.3099999999999996	61.5897	61.5897	-1.3238	-1.3238	0.0	-2.596	-2.596	0.0	6783.681	1967.974	3.447037918183878	552.654	-12.723	-565.377
clic_02809272	clic	libjxl	7	5.0	108218	108630	412	6.277	6.682	0.40500000000000025	60.478	60.478	-1.3804	-1.3804	0.0	7.139	7.139	0.0	5914.417	1565.047	3.779066698955367	432.433	-50.793	-483.226
clic_02809272	clic	libjxl	8	0.25	698378	698340	-38	-1.999	-2.004	-0.004999999999999893	93.4965	93.4965	-0.11	-0.11	0.0	-22.541	-22.541	0.0	12215.32	8377.982	1.4580265271517652	1707.96	339.453	-1368.507
clic_02809272	clic	libjxl	8	0.5	481845	481375	-470	-2.953	-3.048	-0.0950000000000002	91.1133	91.1133	-0.237	-0.237	0.0	-11.432	-11.432	0.0	10498.947	6830.995	1.536957207551755	1259.671	238.444	-1021.2270000000001
clic_02809272	clic	libjxl	8	0.75	366342	365880	-462	-0.428	-0.554	-0.12600000000000006	88.8374	88.8374	-0.1383	-0.1383	0.0	-2.301	-2.301	0.0	10982.073	8031.776	1.3673280977955562	132.309	27.932	-104.377
clic_02809272	clic	libjxl	8	1.0	306436	306098	-338	-0.498	-0.608	-0.10999999999999999	86.5078	86.5078	-0.1892	-0.1892	0.0	5.111	5.111	0.0	9931.818	8079.741	1.2292247981711295	112.065	-2.424	-114.489
clic_02809272	clic	libjxl	8	1.25	265534	265263	-271	-0.413	-0.515	-0.10200000000000004	84.0573	84.0573	-0.5407	-0.5407	0.0	0.868	0.868	0.0	10601.858	8190.874	1.294350029068937	117.497	-6.298	-123.795
clic_02809272	clic	libjxl	8	1.5	235820	235492	-328	-0.058	-0.197	-0.139	82.0617	82.0617	-0.3089	-0.3089	0.0	-0.288	-0.288	0.0	9985.922	11375.938	0.8778108671126724	127.193	36.236	-90.957
clic_02809272	clic	libjxl	8	1.75	211850	211833	-17	-0.189	-0.197	-0.008000000000000007	80.2387	80.2387	-0.236	-0.236	0.0	0.827	0.827	0.0	9360.044	7743.466	1.2087667202258006	98.94	-24.11	-123.05
clic_02809272	clic	libjxl	8	2.0	194157	193964	-193	0.199	0.099	-0.1	78.086	78.086	-0.4457	-0.4457	0.0	-3.881	-3.881	0.0	9446.633	9831.437	0.9608598417504989	110.515	4.108	-106.407
clic_02809272	clic	libjxl	8	2.25	178488	178507	19	0.683	0.693	0.009999999999999898	76.2424	76.2424	-0.5371	-0.5371	0.0	3.704	3.704	0.0	8816.588	8121.706	1.085558625244499	68.251	1.427	-66.824
clic_02809272	clic	libjxl	8	2.5	165519	165543	24	1.315	1.33	0.015000000000000124	74.3581	74.3581	-0.4293	-0.4293	0.0	-4.326	-4.326	0.0	8676.137	7386.226	1.174637358781061	108.169	-16.251	-124.42
clic_02809272	clic	libjxl	8	2.75	156942	156883	-59	2.179	2.141	-0.03799999999999981	72.7698	72.7698	-0.749	-0.749	0.0	-1.271	-1.271	0.0	8837.564	7024.151	1.25816828254404	86.661	-11.453	-98.114
clic_02809272	clic	libjxl	8	3.0	147199	147200	1	0.656	0.657	0.0010000000000000009	71.0256	71.0256	-0.7556	-0.7556	0.0	11.89	11.89	0.0	8852.9	9100.638	0.9727779524908032	116.603	8.581	-108.02199999999999
clic_02809272	clic	libjxl	8	3.25	137822	137866	44	0.626	0.659	0.03300000000000003	69.0556	69.0556	-0.9284	-0.9284	0.0	7.151	7.151	0.0	8822.32	11436.118	0.7714435965071363	106.428	59.524	-46.903999999999996
clic_02809272	clic	libjxl	8	3.5	129873	129959	86	0.98	1.047	0.06699999999999995	67.5006	67.5006	-0.7911	-0.7911	0.0	-0.263	-0.263	0.0	8695.91	8608.599	1.0101423007390633	86.742	7.049	-79.693
clic_02809272	clic	libjxl	8	3.75	123755	123779	24	1.563	1.583	0.020000000000000018	65.9776	65.9776	-0.8353	-0.8353	0.0	6.278	6.278	0.0	9431.506	13081.728	0.7209679027113237	113.938	46.489	-67.44900000000001
clic_02809272	clic	libjxl	8	4.0	117534	117602	68	1.342	1.4	0.05799999999999983	64.339	64.339	-0.6864	-0.6864	0.0	-5.267	-5.267	0.0	10232.321	13417.824	0.7625916840167228	119.689	26.056	-93.633
clic_02809272	clic	libjxl	8	4.25	111873	111926	53	2.59	2.638	0.04800000000000004	62.0833	62.0833	-0.759	-0.759	0.0	-4.674	-4.674	0.0	11334.994	11395.254	0.9947118335405248	124.361	54.793	-69.56800000000001
clic_02809272	clic	libjxl	8	4.5	106782	106967	185	3.057	3.235	0.17799999999999994	60.5068	60.5068	-0.8018	-0.8018	0.0	-7.249	-7.249	0.0	11351.362	12458.465	0.9111364843100654	145.029	84.601	-60.428
clic_02809272	clic	libjxl	8	4.75	101093	101154	61	3.629	3.691	0.06199999999999983	59.2515	59.2515	-1.0827	-1.0827	0.0	0.782	0.782	0.0	9886.731	9652.648	1.0242506512202663	110.304	70.613	-39.691
clic_02809272	clic	libjxl	8	5.0	97134	97133	-1	4.317	4.316	-0.001000000000000334	57.556	57.556	-1.4455	-1.4455	0.0	-1.178	-1.178	0.0	10800.324	8741.653	1.2355013405359376	131.316	1.913	-129.403
clic_02809272	clic	libjxl	9	0.25	703850	703850	0	-1.185	-1.185	0.0	93.5444	93.5444	-0.0622	-0.0622	0.0	-33.07	-33.07	0.0	36696.784	54394.519	0.6746412078761097	4293.082	2970.893	-1322.1890000000003
clic_02809272	clic	libjxl	9	0.5	484550	484550	0	-2.346	-2.346	0.0	91.1759	91.1759	-0.1743	-0.1743	0.0	-35.032	-35.032	0.0	25215.395	40978.032	0.6153393359642064	2689.694	1977.331	-712.363
clic_02809272	clic	libjxl	9	0.75	367420	367420	0	-0.158	-0.158	0.0	88.7932	88.7932	-0.2188	-0.2188	0.0	12.263	12.263	0.0	22848.319	35971.557	0.6351773708321827	279.717	245.584	-34.13299999999998
clic_02809272	clic	libjxl	9	1.0	307278	307278	0	-0.191	-0.191	0.0	86.4432	86.4432	-0.3201	-0.3201	0.0	7.378	7.378	0.0	18514.727	28630.756	0.646672655098594	166.703	130.776	-35.92699999999999
clic_02809272	clic	libjxl	9	1.25	266318	266318	0	-0.124	-0.124	0.0	84.0731	84.0731	-0.5783	-0.5783	0.0	-1.498	-1.498	0.0	16447.703	28900.267	0.5691194133258354	191.221	133.872	-57.34899999999999
clic_02809272	clic	libjxl	9	1.5	236038	236038	0	0.147	0.147	0.0	82.0655	82.0655	-0.3247	-0.3247	0.0	-2.827	-2.827	0.0	17497.651	29686.093	0.5894224949035901	172.453	146.071	-26.382000000000005
clic_02809272	clic	libjxl	9	1.75	212118	212118	0	0.027	0.027	0.0	80.2053	80.2053	-0.2652	-0.2652	0.0	-6.794	-6.794	0.0	15242.083	26026.439	0.5856384348239112	165.84	153.676	-12.164000000000016
clic_02809272	clic	libjxl	9	2.0	194391	194391	0	0.476	0.476	0.0	78.0889	78.0889	-0.4431	-0.4431	0.0	-3.881	-3.881	0.0	11962.719	51366.538	0.23288933741261672	97.999	241.423	143.424
clic_02809272	clic	libjxl	9	2.25	178601	178601	0	0.914	0.914	0.0	76.3152	76.3152	-0.4734	-0.4734	0.0	-4.552	-4.552	0.0	14880.192	31244.483	0.47625022311939036	166.434	105.13	-61.304
clic_02809272	clic	libjxl	9	2.5	165692	165692	0	1.597	1.597	0.0	74.3622	74.3622	-0.5076	-0.5076	0.0	0.097	0.097	0.0	12681.997	24049.059	0.5273385956598134	105.357	138.37	33.013000000000005
clic_02809272	clic	libjxl	9	2.75	156998	156998	0	2.356	2.356	0.0	72.768	72.768	-0.7507	-0.7507	0.0	-1.581	-1.581	0.0	11233.43	17090.031	0.6573089305689381	99.15	51.411	-47.739000000000004
clic_02809272	clic	libjxl	9	3.0	147209	147209	0	0.029	0.029	0.0	71.0295	71.0295	-0.7732	-0.7732	0.0	2.997	2.997	0.0	10845.852	24189.025	0.44837904793599576	68.311	141.852	73.541
clic_02809272	clic	libjxl	9	3.25	137874	137873	-1	0.083	0.083	0.0	69.0585	69.0585	-0.946	-0.946	0.0	-0.168	-0.168	0.0	11308.066	40276.305	0.2807622496651567	89.207	206.258	117.05100000000002
clic_02809272	clic	libjxl	9	3.5	129780	129780	0	0.388	0.388	0.0	67.5028	67.5028	-0.7975	-0.7975	0.0	-0.628	-0.628	0.0	12384.278	20973.784	0.5904646486299278	89.3	67.568	-21.732
clic_02809272	clic	libjxl	9	3.75	123458	123458	0	0.889	0.889	0.0	65.9796	65.9796	-0.8554	-0.8554	0.0	6.278	6.278	0.0	12579.461	20466.875	0.6146253885852139	103.921	76.198	-27.723000000000013
clic_02809272	clic	libjxl	9	4.0	117606	117605	-1	1.057	1.056	-0.0009999999999998899	64.3343	64.3343	-0.6935	-0.6935	0.0	-5.267	-5.267	0.0	13627.768	21243.674	0.641497699503391	93.407	72.006	-21.400999999999996
clic_02809272	clic	libjxl	9	4.25	112355	112354	-1	2.319	2.318	-0.0009999999999998899	62.0833	62.0833	-0.798	-0.798	0.0	-4.674	-4.674	0.0	13410.733	22137.808	0.6057841408688701	98.15	102.641	4.491
clic_02809272	clic	libjxl	9	4.5	107225	107231	6	2.719	2.724	0.0050000000000003375	60.5121	60.5121	-0.8362	-0.8362	0.0	-7.249	-7.249	0.0	12784.184	23997.829	0.53272252252485	89.932	128.058	38.12599999999999
clic_02809272	clic	libjxl	9	4.75	101574	101572	-2	3.332	3.33	-0.0019999999999997797	59.2515	59.2515	-1.0959	-1.0959	0.0	0.782	0.782	0.0	12460.908	25517.475	0.4883284102365144	89.849	140.935	51.086
clic_02809272	clic	libjxl	9	5.0	97390	97389	-1	4.118	4.117	-0.001000000000000334	57.556	57.556	-1.4477	-1.4477	0.0	-1.178	-1.178	0.0	11928.67	20785.096	0.573904974987847	79.134	84.045	4.911000000000001
clic_0369d229	clic	libjxl	5	0.25	431063	431037	-26	-0.505	-0.511	-0.006000000000000005	92.9429	92.9429	0.1205	0.1205	0.0	-18.931	-18.931	0.0	9062.424	1306.506	6.936381463230938	1734.585	16.552	-1718.0330000000001
clic_0369d229	clic	libjxl	5	0.5	258798	258798	0	0.492	0.492	0.0	90.4556	90.4556	-0.2073	-0.2073	0.0	0.482	0.482	0.0	8210.781	1156.336	7.100687862351428	1445.897	9.449	-1436.4479999999999
clic_0369d229	clic	libjxl	5	0.75	177343	177224	-119	1.581	1.513	-0.06800000000000006	88.004	88.004	-0.0894	-0.0894	0.0	3.198	3.198	0.0	7660.602	1396.887	5.484052754446137	1432.132	22.5	-1409.632
clic_0369d229	clic	libjxl	5	1.0	136781	136658	-123	2.081	1.99	-0.09099999999999997	85.3566	85.3566	-0.1498	-0.1498	0.0	-4.317	-4.317	0.0	8923.102	2051.788	4.348939559057759	1630.156	129.738	-1500.418
clic_0369d229	clic	libjxl	5	1.25	111235	111272	37	2.489	2.523	0.03400000000000025	82.894	82.894	0.0385	0.0385	0.0	-1.448	-1.448	0.0	7243.694	1808.592	4.005156497430045	1511.521	102.258	-1409.263
clic_0369d229	clic	libjxl	5	1.5	93535	93503	-32	2.734	2.699	-0.03500000000000014	80.3413	80.3413	-0.2171	-0.2171	0.0	2.549	2.549	0.0	6742.351	753.217	8.951405770183094	1153.667	-28.718	-1182.385
clic_0369d229	clic	libjxl	5	1.75	82729	82788	59	5.884	5.959	0.07499999999999929	77.1612	77.1612	0.0994	0.0994	0.0	-4.475	-4.475	0.0	6383.865	958.62	6.6594323089441065	1097.325	7.067	-1090.258
clic_0369d229	clic	libjxl	5	2.0	72014	72238	224	5.202	5.529	0.32699999999999996	75.0078	75.0078	0.0939	0.0939	0.0	-3.911	-3.911	0.0	6287.063	961.975	6.5355783674211905	1193.467	23.209	-1170.258
clic_0369d229	clic	libjxl	5	2.25	64265	64458	193	6.015	6.333	0.3180000000000005	72.9536	72.9536	0.554	0.554	0.0	-6.357	-6.357	0.0	7261.293	1177.051	6.1690555464461605	1668.014	19.531	-1648.483
clic_0369d229	clic	libjxl	5	2.5	57163	57362	199	4.713	5.078	0.3650000000000002	70.6725	70.6725	0.2313	0.2313	0.0	0.642	0.642	0.0	6582.832	1275.186	5.162252408668226	1060.295	16.519	-1043.776
clic_0369d229	clic	libjxl	5	2.75	51783	51969	186	4.277	4.652	0.375	68.198	68.198	0.2011	0.2011	0.0	-1.118	-1.118	0.0	7382.863	1561.618	4.727701012667631	1469.076	42.572	-1426.504
clic_0369d229	clic	libjxl	5	3.0	47218	47230	12	3.537	3.563	0.026000000000000245	66.3449	66.3449	0.2443	0.2443	0.0	-3.842	-3.842	0.0	8030.517	1214.144	6.614138850086975	1297.105	8.526	-1288.579
clic_0369d229	clic	libjxl	5	3.25	43401	43450	49	3.793	3.91	0.11699999999999999	64.3581	64.3581	0.2601	0.2601	0.0	-7.816	-7.816	0.0	5280.866	1540.238	3.428603891086962	1327.538	52.628	-1274.91
clic_0369d229	clic	libjxl	5	3.5	40033	40176	143	3.122	3.49	0.3680000000000003	62.519	62.519	0.1925	0.1925	0.0	-7.32	-7.32	0.0	5520.199	1190.702	4.636087786868586	1239.468	1.15	-1238.318
clic_0369d229	clic	libjxl	5	3.75	37670	37874	204	2.139	2.692	0.5530000000000004	61.0005	61.0005	0.0224	0.0224	0.0	-7.82	-7.82	0.0	5042.855	1226.479	4.11165213591101	873.064	75.063	-798.001
clic_0369d229	clic	libjxl	5	4.0	35718	35813	95	2.972	3.246	0.274	59.7476	59.7476	3.3518	3.3518	0.0	1.33	1.33	0.0	5783.048	1465.918	3.9450010164279314	1308.916	46.032	-1262.884
clic_0369d229	clic	libjxl	5	4.25	34320	34428	108	3.934	4.261	0.32699999999999996	58.2495	58.2495	3.8454	3.8454	0.0	-11.849	-11.849	0.0	6754.254	1500.222	4.502169678887524	1459.133	86.239	-1372.894
clic_0369d229	clic	libjxl	5	4.5	31715	31948	233	1.358	2.103	0.7450000000000001	56.4958	56.4958	3.7387	3.7387	0.0	-9.858	-9.858	0.0	5549.776	1717.208	3.231860089167998	985.125	95.064	-890.061
clic_0369d229	clic	libjxl	5	4.75	29587	29857	270	-0.233	0.678	0.911	54.9242	54.9242	3.3966	3.3966	0.0	-4.171	-4.171	0.0	5612.804	1404.215	3.9971115534302086	927.816	59.032	-868.784
clic_0369d229	clic	libjxl	5	5.0	28764	28904	140	0.352	0.841	0.489	54.0113	54.0113	3.8737	3.8737	0.0	-4.871	-4.871	0.0	5518.874	1337.972	4.1248053023531135	822.4	109.702	-712.698
clic_0369d229	clic	libjxl	6	0.25	430575	430606	31	-0.186	-0.179	0.007000000000000006	92.9518	92.9518	0.1342	0.1342	0.0	-18.982	-18.982	0.0	8862.323	1276.368	6.943391717749114	1105.781	2.843	-1102.9379999999999
clic_0369d229	clic	libjxl	6	0.5	258022	257991	-31	0.431	0.419	-0.01200000000000001	90.4075	90.4075	-0.2518	-0.2518	0.0	0.501	0.501	0.0	7991.746	1442.369	5.5407083762892855	1199.065	19.947	-1179.1180000000002
clic_0369d229	clic	libjxl	6	0.75	176090	176047	-43	-0.123	-0.147	-0.023999999999999994	87.9845	87.9845	-0.1923	-0.1923	0.0	10.597	10.597	0.0	8554.31	1283.78	6.663376902584555	686.045	-24.446	-710.491
clic_0369d229	clic	libjxl	6	1.0	135614	135542	-72	0.134	0.08	-0.054000000000000006	85.2851	85.2851	-0.2464	-0.2464	0.0	-3.722	-3.722	0.0	7592.392	1640.27	4.628745267547416	894.307	12.758	-881.549
clic_0369d229	clic	libjxl	6	1.25	111686	111638	-48	1.467	1.424	-0.04300000000000015	82.784	82.784	-0.0559	-0.0559	0.0	0.645	0.645	0.0	7150.556	1122.419	6.370665500138539	727.238	-30.058	-757.296
clic_0369d229	clic	libjxl	6	1.5	94355	94340	-15	1.634	1.618	-0.015999999999999792	80.2221	80.2221	-0.3621	-0.3621	0.0	-8.363	-8.363	0.0	7246.548	1181.49	6.133397658888352	627.75	-29.817	-657.567
clic_0369d229	clic	libjxl	6	1.75	81871	81851	-20	2.187	2.162	-0.02499999999999991	77.119	77.119	-0.3337	-0.3337	0.0	-0.332	-0.332	0.0	7132.223	1508.414	4.728292763127365	579.17	-4.586	-583.756
clic_0369d229	clic	libjxl	6	2.0	72203	72342	139	2.194	2.391	0.19700000000000006	74.9768	74.9768	-0.2005	-0.2005	0.0	-6.254	-6.254	0.0	7209.585	1501.036	4.803072677803863	751.099	-3.321	-754.4200000000001
clic_0369d229	clic	libjxl	6	2.25	64227	64434	207	2.23	2.559	0.3290000000000002	72.878	72.878	-0.0206	-0.0206	0.0	-2.012	-2.012	0.0	6001.972	1513.521	3.9655690274532036	599.206	-21.086	-620.292
clic_0369d229	clic	libjxl	6	2.5	57057	57254	197	0.387	0.734	0.347	70.6546	70.6546	-0.4351	-0.4351	0.0	-4.98	-4.98	0.0	6492.559	1500.753	4.326200913807935	642.083	-12.002	-654.0849999999999
clic_0369d229	clic	libjxl	6	2.75	51683	51665	-18	-0.303	-0.338	-0.03500000000000003	68.1764	68.1764	-0.7117	-0.7117	0.0	-0.274	-0.274	0.0	6634.518	1381.273	4.803190969489739	701.786	-16.344	-718.13
clic_0369d229	clic	libjxl	6	3.0	47277	47242	-35	-1.088	-1.161	-0.07299999999999995	66.3481	66.3481	-0.6505	-0.6505	0.0	-2.599	-2.599	0.0	7254.579	1378.412	5.262997565314289	537.488	-13.265	-550.753
clic_0369d229	clic	libjxl	6	3.25	42940	43006	66	-2.449	-2.299	0.1499999999999999	64.3263	64.3263	-0.8724	-0.8724	0.0	-4.851	-4.851	0.0	6087.633	929.48	6.549504023755218	620.27	-42.069	-662.3389999999999
clic_0369d229	clic	libjxl	6	3.5	41082	41254	172	0.095	0.514	0.41900000000000004	62.5041	62.5041	-1.1293	-1.1293	0.0	-4.336	-4.336	0.0	6493.371	1438.674	4.513441544088515	698.794	-24.089	-722.883
clic_0369d229	clic	libjxl	6	3.75	38887	39037	150	-0.041	0.344	0.38499999999999995	61.0538	61.0538	-1.2395	-1.2395	0.0	-2.514	-2.514	0.0	6005.279	1073.568	5.593757451786939	649.41	-59.143	-708.553
clic_0369d229	clic	libjxl	6	4.0	36345	36463	118	-2.393	-2.076	0.3169999999999997	59.689	59.689	-0.9902	-0.9902	0.0	1.407	1.407	0.0	7445.286	2136.06	3.4855228785708268	688.888	7.977	-680.9110000000001
clic_0369d229	clic	libjxl	6	4.25	33646	33934	288	-4.82	-4.006	0.8140000000000001	58.2476	58.2476	-0.9859	-0.9859	0.0	-8.394	-8.394	0.0	6704.297	2702.108	2.481135839130042	586.5	35.725	-550.775
clic_0369d229	clic	libjxl	6	4.5	31723	31936	213	-5.78	-5.147	0.633	56.5049	56.5049	-1.1163	-1.1163	0.0	-9.061	-9.061	0.0	6097.301	2550.423	2.3907018561234747	530.449	30.002	-500.44699999999995
clic_0369d229	clic	libjxl	6	4.75	29923	30169	246	-4.305	-3.518	0.7869999999999999	54.88	54.88	-1.44	-1.44	0.0	-1.643	-1.643	0.0	6069.449	2434.407	2.493194030414799	694.976	31.254	-663.722
clic_0369d229	clic	libjxl	6	5.0	28424	28572	148	-6.259	-5.771	0.48800000000000043	53.9955	53.9955	-1.1302	-1.1302	0.0	0.234	0.234	0.0	6279.975	2363.774	2.6567577949499404	546.771	13.872	-532.899
clic_0369d229	clic	libjxl	7	0.25	430564	430580	16	-0.084	-0.08	0.0040000000000000036	92.9298	92.9298	-0.0532	-0.0532	0.0	-19.015	-19.015	0.0	11088.352	1588.78	6.9791613691008205	1218.622	0.765	-1217.857
clic_0369d229	clic	libjxl	7	0.5	257878	257851	-27	0.357	0.346	-0.01100000000000001	90.5408	90.5408	-0.1327	-0.1327	0.0	0.684	0.684	0.0	8322.523	1670.326	4.982574060393	1010.549	44.144	-966.405
clic_0369d229	clic	libjxl	7	0.75	176105	176060	-45	-0.124	-0.149	-0.024999999999999994	87.9844	87.9844	-0.283	-0.283	0.0	10.555	10.555	0.0	8294.539	1610.085	5.151615597934271	628.391	0.92	-627.471
clic_0369d229	clic	libjxl	7	1.0	135571	135502	-69	0.029	-0.022	-0.051000000000000004	85.3862	85.3862	-0.2823	-0.2823	0.0	0.044	0.044	0.0	7416.688	2250.096	3.2961651413984114	712.396	-12.837	-725.233
clic_0369d229	clic	libjxl	7	1.25	111694	111643	-51	1.622	1.576	-0.04600000000000004	82.7634	82.7634	-0.3239	-0.3239	0.0	-0.266	-0.266	0.0	8041.348	840.336	9.569205651072904	899.948	-63.674	-963.622
clic_0369d229	clic	libjxl	7	1.5	94348	94326	-22	1.937	1.913	-0.02400000000000002	80.2301	80.2301	-0.3998	-0.3998	0.0	-8.422	-8.422	0.0	7338.166	1693.396	4.333402228421468	760.744	-11.419	-772.163
clic_0369d229	clic	libjxl	7	1.75	81850	81832	-18	1.885	1.862	-0.02299999999999991	77.1155	77.1155	-1.1673	-1.1673	0.0	24.641	24.641	0.0	6628.716	1484.718	4.464629646842027	640.031	-20.017	-660.048
clic_0369d229	clic	libjxl	7	2.0	72171	72313	142	2.183	2.384	0.20100000000000007	75.0607	75.0607	-0.126	-0.126	0.0	-6.08	-6.08	0.0	6569.604	1517.962	4.327910711862352	571.015	-8.614	-579.629
clic_0369d229	clic	libjxl	7	2.25	64231	64441	210	2.233	2.567	0.3340000000000001	72.9373	72.9373	-0.2371	-0.2371	0.0	-0.67	-0.67	0.0	6007.989	1119.36	5.367342945969125	486.763	-31.455	-518.218
clic_0369d229	clic	libjxl	7	2.5	57052	57246	194	0.456	0.798	0.342	70.6731	70.6731	-0.3869	-0.3869	0.0	-3.659	-3.659	0.0	7407.186	1343.25	5.514376326074818	688.581	-18.039	-706.62
clic_0369d229	clic	libjxl	7	2.75	51695	51675	-20	-0.418	-0.457	-0.039000000000000035	68.1787	68.1787	-0.6487	-0.6487	0.0	-0.166	-0.166	0.0	6738.231	1047.702	6.431438519731755	821.913	-20.673	-842.586
clic_0369d229	clic	libjxl	7	3.0	47325	47290	-35	-0.027	-0.101	-0.07400000000000001	66.3473	66.3473	-0.6456	-0.6456	0.0	-2.093	-2.093	0.0	6819.34	1387.8	4.91377720132584	514.415	-25.527	-539.942
clic_0369d229	clic	libjxl	7	3.25	42946	43012	66	-1.638	-1.486	0.1519999999999999	64.3258	64.3258	-0.8874	-0.8874	0.0	-4.847	-4.847	0.0	6186.269	1570.25	3.9396713899060662	494.548	-17.601	-512.149
clic_0369d229	clic	libjxl	7	3.5	41105	41279	174	1.559	1.989	0.43000000000000016	62.4832	62.4832	-1.018	-1.018	0.0	-5.813	-5.813	0.0	5635.828	1327.655	4.244949177308865	441.018	-35.822	-476.84
clic_0369d229	clic	libjxl	7	3.75	38883	39037	154	1.076	1.477	0.401	61.0433	61.0433	-1.2226	-1.2226	0.0	-3.786	-3.786	0.0	5893.528	1378.248	4.276101253185203	474.958	-37.528	-512.486
clic_0369d229	clic	libjxl	7	4.0	36332	36449	117	-1.747	-1.431	0.31600000000000006	59.6874	59.6874	-1.0635	-1.0635	0.0	1.419	1.419	0.0	7204.504	2392.051	3.0118521720481715	626.611	5.635	-620.976
clic_0369d229	clic	libjxl	7	4.25	33650	33937	287	-4.207	-3.39	0.8169999999999997	58.2584	58.2584	-1.1294	-1.1294	0.0	-8.364	-8.364	0.0	7275.443	2862.617	2.5415355948769953	458.242	65.383	-392.85900000000004
clic_0369d229	clic	libjxl	7	4.5	31725	31936	211	-4.855	-4.223	0.6320000000000006	56.4817	56.4817	-1.2698	-1.2698	0.0	-7.116	-7.116	0.0	7262.997	2916.571	2.490252080268233	706.237	20.819	-685.418
clic_0369d229	clic	libjxl	7	4.75	29924	30170	246	-3.452	-2.659	0.7930000000000001	54.9018	54.9018	-1.4094	-1.4094	0.0	-0.846	-0.846	0.0	5890.505	1545.272	3.8119534942715587	534.707	-24.213	-558.92
clic_0369d229	clic	libjxl	7	5.0	28416	28564	148	-5.21	-4.717	0.4930000000000003	54.0012	54.0012	-1.1904	-1.1904	0.0	0.232	0.232	0.0	6405.288	1455.086	4.401999606896087	530.903	-9.496	-540.399
clic_0369d229	clic	libjxl	8	0.25	491870	491837	-33	14.051	14.043	-0.008000000000000895	93.2321	93.2321	0.249	0.249	0.0	-48.313	-48.313	0.0	11982.638	6071.448	1.973604649171005	1467.616	415.899	-1051.717
clic_0369d229	clic	libjxl	8	0.5	274152	274055	-97	6.552	6.514	-0.03799999999999937	90.9262	90.9262	0.2527	0.2527	0.0	-29.391	-29.391	0.0	12376.784	11268.081	1.098393240162189	1773.698	1019.146	-754.5520000000001
clic_0369d229	clic	libjxl	8	0.75	182650	182520	-130	0.72	0.648	-0.07199999999999995	88.4497	88.4497	-0.3111	-0.3111	0.0	0.279	0.279	0.0	10931.369	8890.279	1.2295867205067468	142.842	-28.981	-171.823
clic_0369d229	clic	libjxl	8	1.0	139277	139188	-89	0.985	0.921	-0.06399999999999995	86.0718	86.0718	-0.202	-0.202	0.0	-3.868	-3.868	0.0	9985.452	8307.58	1.2019688043930963	153.605	25.668	-127.93699999999998
clic_0369d229	clic	libjxl	8	1.25	111803	111785	-18	1.783	1.766	-0.016999999999999904	83.259	83.259	-0.4597	-0.4597	0.0	0.415	0.415	0.0	10696.35	6714.611	1.5929962286720707	146.15	6.816	-139.334
clic_0369d229	clic	libjxl	8	1.5	94657	94502	-155	3.12	2.951	-0.16900000000000004	80.9313	80.9313	-0.451	-0.451	0.0	-1.86	-1.86	0.0	10962.574	7866.807	1.3935226833453522	152.041	7.047	-144.994
clic_0369d229	clic	libjxl	8	1.75	80023	79929	-94	2.819	2.698	-0.121	78.2641	78.2641	-0.513	-0.513	0.0	-11.027	-11.027	0.0	10077.169	7150.14	1.4093666697435294	136.399	10.518	-125.881
clic_0369d229	clic	libjxl	8	2.0	70262	70155	-107	2.426	2.27	-0.15600000000000014	76.0219	76.0219	-0.3521	-0.3521	0.0	-2.56	-2.56	0.0	10706.52	5807.151	1.8436785955798292	196.613	-17.295	-213.90800000000002
clic_0369d229	clic	libjxl	8	2.25	61733	61634	-99	2.625	2.46	-0.16500000000000004	73.3407	73.3407	-0.6945	-0.6945	0.0	-5.51	-5.51	0.0	9113.529	4439.641	2.052762599498473	107.178	-54.106	-161.284
clic_0369d229	clic	libjxl	8	2.5	54832	54844	12	0.666	0.688	0.02199999999999991	71.1628	71.1628	-0.5691	-0.5691	0.0	-0.197	-0.197	0.0	9091.462	6333.469	1.4354632508661525	145.233	-17.756	-162.989
clic_0369d229	clic	libjxl	8	2.75	49810	49830	20	-0.078	-0.038	0.04	69.1367	69.1367	-0.5323	-0.5323	0.0	-8.496	-8.496	0.0	9462.089	5844.159	1.619067687925671	120.269	-27.79	-148.059
clic_0369d229	clic	libjxl	8	3.0	45219	45096	-123	-1.301	-1.569	-0.268	66.7825	66.7825	-0.9883	-0.9883	0.0	-3.167	-3.167	0.0	10961.138	5469.142	2.004178717612379	153.934	-22.704	-176.638
clic_0369d229	clic	libjxl	8	3.25	40951	40953	2	-1.766	-1.761	0.0050000000000001155	64.4984	64.4984	-0.5471	-0.5471	0.0	-6.924	-6.924	0.0	10271.905	5427.842	1.8924473114729576	128.664	-22.623	-151.28699999999998
clic_0369d229	clic	libjxl	8	3.5	39134	39097	-37	1.135	1.039	-0.09600000000000009	62.2116	62.2116	-0.8629	-0.8629	0.0	-5.638	-5.638	0.0	11098.006	6414.777	1.7300688706715759	165.399	-26.583	-191.982
clic_0369d229	clic	libjxl	8	3.75	36472	36358	-114	0.206	-0.107	-0.313	60.0517	60.0517	-1.235	-1.235	0.0	-6.349	-6.349	0.0	8343.222	7004.216	1.1911714316063353	99.888	8.238	-91.65
clic_0369d229	clic	libjxl	8	4.0	34193	34103	-90	-1.583	-1.842	-0.2590000000000001	59.1833	59.1833	-0.5746	-0.5746	0.0	-6.669	-6.669	0.0	9635.026	11488.51	0.8386662848358926	137.028	54.328	-82.69999999999999
clic_0369d229	clic	libjxl	8	4.25	31310	31290	-20	-5.133	-5.193	-0.05999999999999961	56.8678	56.8678	-1.4333	-1.4333	0.0	-6.779	-6.779	0.0	9583.125	8829.52	1.0853506192862126	136.63	3.707	-132.923
clic_0369d229	clic	libjxl	8	4.5	29619	29564	-55	-4.467	-4.645	-0.17799999999999994	55.0387	55.0387	-1.4008	-1.4008	0.0	6.102	6.102	0.0	9140.54	9333.312	0.9793458099332799	123.38	30.582	-92.798
clic_0369d229	clic	libjxl	8	4.75	27582	27571	-11	-4.485	-4.523	-0.03799999999999937	53.2836	53.2836	-1.6395	-1.6395	0.0	6.791	6.791	0.0	9150.75	9152.165	0.9998453917734218	126.064	34.333	-91.731
clic_0369d229	clic	libjxl	8	5.0	26042	26048	6	-5.154	-5.132	0.02200000000000024	52.0105	52.0105	-1.1035	-1.1035	0.0	6.64	6.64	0.0	8903.666	10097.018	0.8818114417543872	145.552	64.352	-81.19999999999999
clic_0369d229	clic	libjxl	9	0.25	504799	504799	0	17.14	17.14	0.0	93.2607	93.2607	0.2777	0.2777	0.0	-50.789	-50.789	0.0	27883.674	74619.919	0.3736760153813622	3191.901	5358.022	2166.121
clic_0369d229	clic	libjxl	9	0.5	278825	278825	0	8.455	8.455	0.0	90.9889	90.9889	0.3154	0.3154	0.0	-30.753	-30.753	0.0	18064.627	29264.244	0.6172934793736685	2803.22	1542.773	-1260.447
clic_0369d229	clic	libjxl	9	0.75	185027	185027	0	1.364	1.364	0.0	88.5137	88.5137	-0.2052	-0.2052	0.0	4.832	4.832	0.0	14511.116	21182.154	0.685063284876505	130.54	152.062	21.52200000000002
clic_0369d229	clic	libjxl	9	1.0	140480	140480	0	1.553	1.553	0.0	86.0547	86.0547	-0.2756	-0.2756	0.0	-0.628	-0.628	0.0	13768.833	19799.039	0.6954293589704026	104.69	83.05	-21.64
clic_0369d229	clic	libjxl	9	1.25	112643	112643	0	2.585	2.585	0.0	83.4256	83.4256	-0.3095	-0.3095	0.0	0.526	0.526	0.0	12846.307	16778.573	0.7656376379564579	106.193	87.411	-18.781999999999996
clic_0369d229	clic	libjxl	9	1.5	95154	95154	0	3.552	3.552	0.0	81.0007	81.0007	-0.3708	-0.3708	0.0	1.084	1.084	0.0	11782.483	17033.458	0.6917258374664734	90.025	77.33	-12.695000000000007
clic_0369d229	clic	libjxl	9	1.75	80586	80586	0	3.67	3.67	0.0	78.2385	78.2385	-0.5876	-0.5876	0.0	-3.975	-3.975	0.0	11079.788	26170.874	0.4233633160283451	66.077	168.813	102.73599999999999
clic_0369d229	clic	libjxl	9	2.0	70783	70783	0	3.169	3.169	0.0	76.0972	76.0972	-0.5126	-0.5126	0.0	-3.015	-3.015	0.0	11751.364	19990.47	0.5878483097195814	110.933	102.95	-7.983000000000004
clic_0369d229	clic	libjxl	9	2.25	62000	62000	0	3.101	3.101	0.0	73.4813	73.4813	-0.7235	-0.7235	0.0	-0.438	-0.438	0.0	10219.789	18632.819	0.5484832434641265	72.976	73.504	0.5280000000000058
clic_0369d229	clic	libjxl	9	2.5	55152	55152	0	1.209	1.209	0.0	71.4564	71.4564	-0.6377	-0.6377	0.0	-2.99	-2.99	0.0	11013.959	18386.993	0.5990081684373296	102.272	61.353	-40.919000000000004
clic_0369d229	clic	libjxl	9	2.75	50195	50194	-1	0.803	0.801	-0.0020000000000000018	69.3804	69.3804	-0.589	-0.589	0.0	-0.948	-0.948	0.0	11830.47	17333.267	0.6825297273733797	134.739	48.456	-86.283
clic_0369d229	clic	libjxl	9	3.0	45532	45531	-1	-0.65	-0.652	-0.0020000000000000018	66.8152	66.8152	-0.9971	-0.9971	0.0	-2.162	-2.162	0.0	10357.471	25480.208	0.40649083398377284	75.642	177.979	102.33700000000002
clic_0369d229	clic	libjxl	9	3.25	41092	41092	0	-1.368	-1.368	0.0	64.5384	64.5384	-0.5693	-0.5693	0.0	-0.735	-0.735	0.0	11549.639	17734.529	0.6512515218193841	67.723	55.18	-12.543
clic_0369d229	clic	libjxl	9	3.5	39263	39263	0	1.61	1.61	0.0	62.266	62.266	-0.8823	-0.8823	0.0	-1.516	-1.516	0.0	10778.705	18339.423	0.5877341397272968	92.209	56.249	-35.96
clic_0369d229	clic	libjxl	9	3.75	36607	36610	3	0.679	0.688	0.008999999999999897	60.1066	60.1066	-1.2554	-1.2554	0.0	-0.142	-0.142	0.0	11002.32	16878.106	0.6518693507435016	97.006	58.167	-38.839
clic_0369d229	clic	libjxl	9	4.0	34262	34262	0	-1.279	-1.279	0.0	59.1833	59.1833	-0.5873	-0.5873	0.0	-6.669	-6.669	0.0	12116.1	17752.843	0.6824878696893788	82.315	78.015	-4.299999999999997
clic_0369d229	clic	libjxl	9	4.25	31377	31377	0	-4.852	-4.852	0.0	56.8733	56.8733	-1.4551	-1.4551	0.0	-6.779	-6.779	0.0	11387.614	17673.694	0.6443256288130823	99.41	95.737	-3.673000000000002
clic_0369d229	clic	libjxl	9	4.5	29788	29788	0	-3.823	-3.823	0.0	55.3577	55.3577	-1.1183	-1.1183	0.0	-5.047	-5.047	0.0	13825.77	16586.111	0.8335751521257756	133.625	70.945	-62.68000000000001
clic_0369d229	clic	libjxl	9	4.75	27669	27668	-1	-4.03	-4.034	-0.0039999999999995595	53.2836	53.2836	-1.6395	-1.6395	0.0	6.791	6.791	0.0	10049.467	20211.995	0.4972031212158919	57.538	113.777	56.239000000000004
clic_0369d229	clic	libjxl	9	5.0	26054	26054	0	-5.006	-5.006	0.0	52.0105	52.0105	-1.1035	-1.1035	0.0	6.64	6.64	0.0	11591.061	18139.847	0.6389833938511168	75.756	88.628	12.872
clic_097cb426	clic	libjxl	5	0.25	255161	255427	266	1.132	1.237	0.1050000000000002	94.2073	94.2073	-0.1522	-0.1522	0.0	0.963	0.963	0.0	5942.722	849.374	6.996590430128541	1321.623	-33.327	-1354.95
clic_097cb426	clic	libjxl	5	0.5	143600	143956	356	-0.269	-0.022	0.24700000000000003	91.1576	91.1576	-0.2626	-0.2626	0.0	-0.264	-0.264	0.0	5055.206	1280.552	3.947677251685211	918.623	24.178	-894.445
clic_097cb426	clic	libjxl	5	0.75	96158	96643	485	-1.079	-0.58	0.499	87.8309	87.8309	-0.3728	-0.3728	0.0	0.229	0.229	0.0	5182.637	1174.074	4.41423368544061	839.315	55.554	-783.7610000000001
clic_097cb426	clic	libjxl	5	1.0	72993	73442	449	0.413	1.03	0.617	84.7282	84.7282	-0.2888	-0.2888	0.0	0.228	0.228	0.0	5182.963	1372.103	3.7773862457847547	975.2	71.581	-903.619
clic_097cb426	clic	libjxl	5	1.25	57271	57885	614	-0.345	0.724	1.069	81.6745	81.6745	-0.6631	-0.6631	0.0	1.367	1.367	0.0	4994.764	1154.51	4.326306398385462	808.077	28.803	-779.274
clic_097cb426	clic	libjxl	5	1.5	49184	49645	461	2.893	3.858	0.9650000000000003	79.4131	79.4131	-0.4656	-0.4656	0.0	-3.286	-3.286	0.0	5105.128	1060.086	4.815767777331272	1259.138	1.85	-1257.288
clic_097cb426	clic	libjxl	5	1.75	42252	42780	528	2.921	4.207	1.286	77.198	77.198	-0.8538	-0.8538	0.0	1.092	1.092	0.0	4879.607	1152.613	4.2335172343188905	1085.524	39.551	-1045.973
clic_097cb426	clic	libjxl	5	2.0	38605	39207	602	7.769	9.45	1.6809999999999992	74.6339	74.6339	-1.6046	-1.6046	0.0	-0.746	-0.746	0.0	4688.843	1118.82	4.190882358198817	850.692	43.324	-807.368
clic_097cb426	clic	libjxl	5	2.25	34196	34731	535	8.96	10.665	1.7049999999999983	72.7637	72.7637	-1.6139	-1.6139	0.0	-0.468	-0.468	0.0	4549.081	1155.658	3.9363557384624177	953.74	56.046	-897.694
clic_097cb426	clic	libjxl	5	2.5	29828	30414	586	4.674	6.731	2.0569999999999995	71.018	71.018	-1.7727	-1.7727	0.0	-2.524	-2.524	0.0	4233.466	1758.346	2.4076410444815757	892.022	185.161	-706.8610000000001
clic_097cb426	clic	libjxl	5	2.75	26701	27113	412	3.915	5.519	1.604	68.8254	68.8254	-2.2763	-2.2763	0.0	-0.941	-0.941	0.0	4311.547	1659.822	2.5975960072827085	897.196	60.305	-836.8910000000001
clic_097cb426	clic	libjxl	5	3.0	24829	25375	546	6.562	8.906	2.3440000000000003	66.4055	66.4055	-2.9754	-2.9754	0.0	-2.147	-2.147	0.0	4279.212	1686.317	2.537608290730628	871.411	164.515	-706.896
clic_097cb426	clic	libjxl	5	3.25	21894	22467	573	5.073	7.823	2.75	64.7389	64.7389	-3.1111	-3.1111	0.0	3.61	3.61	0.0	4868.257	966.136	5.038894110145983	1066.484	-13.401	-1079.885
clic_097cb426	clic	libjxl	5	3.5	20388	20898	510	5.022	7.65	2.628	63.9162	63.9162	-2.3642	-2.3642	0.0	1.67	1.67	0.0	4382.206	1848.21	2.3710541551014224	981.689	142.641	-839.048
clic_097cb426	clic	libjxl	5	3.75	19397	19869	472	5.499	8.066	2.567000000000001	62.1953	62.1953	-2.8086	-2.8086	0.0	-4.432	-4.432	0.0	4371.478	2047.813	2.134705659159308	1019.669	69.468	-950.201
clic_097cb426	clic	libjxl	5	4.0	18923	19258	335	9.375	11.311	1.936	61.7135	61.7135	-0.733	-0.733	0.0	-4.111	-4.111	0.0	4979.443	3950.997	1.260300374816787	1256.291	203.391	-1052.8999999999999
clic_097cb426	clic	libjxl	5	4.25	17410	17776	366	5.874	8.1	2.226	60.3768	60.3768	-1.0995	-1.0995	0.0	-2.064	-2.064	0.0	4994.643	2786.706	1.7923107066192128	849.184	170.675	-678.509
clic_097cb426	clic	libjxl	5	4.5	16353	16690	337	3.278	5.406	2.1279999999999997	59.013	59.013	-1.2948	-1.2948	0.0	-1.891	-1.891	0.0	5016.002	2325.386	2.157062096357336	1005.059	157.825	-847.2339999999999
clic_097cb426	clic	libjxl	5	4.75	15706	16268	562	2.923	6.606	3.683	56.7384	56.7384	-2.2006	-2.2006	0.0	12.254	12.254	0.0	4096.834	1564.888	2.6179726600242317	1065.913	51.536	-1014.377
clic_097cb426	clic	libjxl	5	5.0	15081	15537	456	2.404	5.5	3.096	55.8055	55.8055	-2.1826	-2.1826	0.0	6.733	6.733	0.0	4119.065	1498.797	2.748247427770405	990.09	117.42	-872.6700000000001
clic_097cb426	clic	libjxl	6	0.25	254511	254761	250	1.065	1.164	0.09899999999999998	94.2359	94.2359	-0.162	-0.162	0.0	-0.068	-0.068	0.0	6218.505	1483.473	4.191855867953108	1208.712	27.935	-1180.777
clic_097cb426	clic	libjxl	6	0.5	143347	143778	431	-0.339	-0.04	0.29900000000000004	91.1481	91.1481	-0.2192	-0.2192	0.0	0.006	0.006	0.0	5631.43	1250.911	4.501863042214834	915.275	17.006	-898.269
clic_097cb426	clic	libjxl	6	0.75	95180	95742	562	-3.4	-2.83	0.5699999999999998	87.7816	87.7816	-0.4182	-0.4182	0.0	2.508	2.508	0.0	5123.207	1539.716	3.3273714113511845	454.777	5.306	-449.471
clic_097cb426	clic	libjxl	6	1.0	71011	71408	397	-4.469	-3.935	0.5340000000000003	84.6674	84.6674	-0.4333	-0.4333	0.0	1.716	1.716	0.0	5082.177	1841.748	2.7594312576964923	475.226	14.224	-461.002
clic_097cb426	clic	libjxl	6	1.25	57256	57878	622	-2.735	-1.678	1.057	81.6796	81.6796	-0.7751	-0.7751	0.0	-0.134	-0.134	0.0	4902.156	1182.188	4.146680561805736	471.141	-27.46	-498.601
clic_097cb426	clic	libjxl	6	1.5	48597	49105	508	-1.302	-0.27	1.032	79.3979	79.3979	-0.7606	-0.7606	0.0	0.154	0.154	0.0	4892.34	1444.362	3.3871979462212383	512.547	6.163	-506.384
clic_097cb426	clic	libjxl	6	1.75	40184	40722	538	-5.532	-4.267	1.2649999999999997	77.181	77.181	-1.2117	-1.2117	0.0	0.582	0.582	0.0	5096.163	1373.707	3.7097889142298897	483.139	-1.002	-484.141
clic_097cb426	clic	libjxl	6	2.0	38589	39190	601	3.425	5.036	1.6109999999999998	74.5791	74.5791	-2.0742	-2.0742	0.0	1.228	1.228	0.0	4155.454	1028.104	4.041861523736898	438.879	-32.25	-471.129
clic_097cb426	clic	libjxl	6	2.25	33983	34663	680	3.351	5.42	2.069	72.7452	72.7452	-2.1025	-2.1025	0.0	-1.126	-1.126	0.0	4200.488	1630.418	2.5763258256471655	472.61	-5.357	-477.96700000000004
clic_097cb426	clic	libjxl	6	2.5	29719	30304	585	-0.788	1.165	1.953	70.9528	70.9528	-2.3002	-2.3002	0.0	0.645	0.645	0.0	4592.112	1258.364	3.649271593910824	381.872	-43.78	-425.65200000000004
clic_097cb426	clic	libjxl	6	2.75	26928	27295	367	-1.069	0.279	1.3479999999999999	68.8196	68.8196	-2.8534	-2.8534	0.0	4.948	4.948	0.0	4736.203	1397.696	3.388578775356015	371.776	-31.796	-403.572
clic_097cb426	clic	libjxl	6	3.0	24874	25347	473	0.709	2.624	1.915	66.3549	66.3549	-3.5082	-3.5082	0.0	1.097	1.097	0.0	4191.586	1061.091	3.9502606279763004	389.556	-19.884	-409.44
clic_097cb426	clic	libjxl	6	3.25	22147	22689	542	-0.32	2.12	2.44	64.6944	64.6944	-3.5733	-3.5733	0.0	2.604	2.604	0.0	4255.439	1361.167	3.1263166092037205	378.609	-10.578	-389.18699999999995
clic_097cb426	clic	libjxl	6	3.5	20902	21256	354	0.65	2.355	1.705	63.843	63.843	-2.9023	-2.9023	0.0	8.96	8.96	0.0	4203.278	1324.285	3.17399804422764	367.719	18.847	-348.872
clic_097cb426	clic	libjxl	6	3.75	19520	19977	457	-0.651	1.674	2.325	62.1647	62.1647	-3.4415	-3.4415	0.0	0.464	0.464	0.0	3870.118	1772.928	2.182896316150458	361.228	-10.207	-371.435
clic_097cb426	clic	libjxl	6	4.0	18910	19326	416	-0.311	1.882	2.193	61.6291	61.6291	-2.9103	-2.9103	0.0	0.552	0.552	0.0	5068.52	3215.651	1.5762033877432597	396.59	64.599	-331.991
clic_097cb426	clic	libjxl	6	4.25	17533	17904	371	-2.783	-0.726	2.057	60.3693	60.3693	-3.1733	-3.1733	0.0	0.772	0.772	0.0	5032.46	2249.929	2.2367194698143806	425.977	51.047	-374.92999999999995
clic_097cb426	clic	libjxl	6	4.5	16270	16605	335	-6.176	-4.244	1.9320000000000004	59.0167	59.0167	-3.2979	-3.2979	0.0	0.727	0.727	0.0	4889.042	2612.564	1.871357792574651	441.4	36.991	-404.409
clic_097cb426	clic	libjxl	6	4.75	15648	16079	431	-3.687	-1.034	2.6529999999999996	56.742	56.742	-4.0451	-4.0451	0.0	4.546	4.546	0.0	4822.675	3677.962	1.311235678889559	426.278	123.615	-302.663
clic_097cb426	clic	libjxl	6	5.0	15114	15584	470	-4.038	-1.054	2.984	55.8054	55.8054	-4.0627	-4.0627	0.0	12.634	12.634	0.0	4168.122	1568.629	2.6571751510395387	404.49	14.956	-389.534
clic_097cb426	clic	libjxl	7	0.25	254553	254802	249	0.62	0.719	0.09899999999999998	94.2436	94.2436	-0.1672	-0.1672	0.0	0.72	0.72	0.0	5920.311	2096.685	2.8236530523183023	988.075	177.755	-810.32
clic_097cb426	clic	libjxl	7	0.5	143368	143797	429	-0.629	-0.331	0.298	91.1329	91.1329	-0.1752	-0.1752	0.0	-1.114	-1.114	0.0	5868.943	2489.174	2.3577873623941117	1034.608	63.421	-971.1869999999999
clic_097cb426	clic	libjxl	7	0.75	95198	95781	583	-3.54	-2.95	0.5899999999999999	87.817	87.817	-0.2603	-0.2603	0.0	2.354	2.354	0.0	5436.079	2103.271	2.584583251516328	512.351	-3.96	-516.311
clic_097cb426	clic	libjxl	7	1.0	71013	71404	391	-4.014	-3.486	0.528	84.6592	84.6592	-0.363	-0.363	0.0	1.556	1.556	0.0	5032.958	2178.675	2.31010040506271	473.733	-2.484	-476.217
clic_097cb426	clic	libjxl	7	1.25	57248	57870	622	-2.352	-1.291	1.061	81.6667	81.6667	-0.8109	-0.8109	0.0	-0.086	-0.086	0.0	5276.101	2237.718	2.3578042452176726	590.378	14.72	-575.658
clic_097cb426	clic	libjxl	7	1.5	48593	49103	510	-1.346	-0.311	1.0350000000000001	79.3914	79.3914	-0.7584	-0.7584	0.0	0.203	0.203	0.0	5405.79	1688.693	3.2011680038941357	544.883	-20.179	-565.062
clic_097cb426	clic	libjxl	7	1.75	40182	40718	536	-5.932	-4.677	1.2550000000000008	77.1748	77.1748	-1.1746	-1.1746	0.0	0.66	0.66	0.0	5769.858	1862.34	3.0981764876445763	597.915	50.382	-547.533
clic_097cb426	clic	libjxl	7	2.0	38592	39191	599	3.237	4.839	1.6020000000000003	74.5732	74.5732	-1.9678	-1.9678	0.0	1.292	1.292	0.0	5245.849	3183.595	1.6477752352293555	416.252	110.279	-305.973
clic_097cb426	clic	libjxl	7	2.25	33983	34663	680	3.389	5.458	2.0690000000000004	72.7419	72.7419	-2.0767	-2.0767	0.0	-1.126	-1.126	0.0	5327.737	2334.3	2.282370303731311	552.601	22.814	-529.787
clic_097cb426	clic	libjxl	7	2.5	29720	30303	583	-0.808	1.138	1.946	70.9546	70.9546	-2.3363	-2.3363	0.0	1.091	1.091	0.0	5270.06	2456.257	2.1455653866838853	648.61	19.73	-628.88
clic_097cb426	clic	libjxl	7	2.75	26923	27310	387	-0.967	0.456	1.423	68.8187	68.8187	-2.8353	-2.8353	0.0	5.837	5.837	0.0	4273.972	2533.398	1.6870511463260014	433.728	141.015	-292.713
clic_097cb426	clic	libjxl	7	3.0	24867	25344	477	1.627	3.576	1.949	66.3501	66.3501	-3.5473	-3.5473	0.0	1.094	1.094	0.0	4639.867	3113.304	1.4903353479133423	439.215	85.663	-353.55199999999996
clic_097cb426	clic	libjxl	7	3.25	22144	22717	573	0.664	3.268	2.6039999999999996	64.6907	64.6907	-3.644	-3.644	0.0	2.141	2.141	0.0	4897.818	3071.891	1.5943983689525443	353.716	26.523	-327.193
clic_097cb426	clic	libjxl	7	3.5	20898	21254	356	1.57	3.3	1.7299999999999998	63.8369	63.8369	-3.0139	-3.0139	0.0	8.958	8.958	0.0	4682.211	3689.086	1.2692062478348296	280.935	65.461	-215.474
clic_097cb426	clic	libjxl	7	3.75	19517	19973	456	0.118	2.457	2.339	62.1597	62.1597	-3.4492	-3.4492	0.0	0.464	0.464	0.0	5131.247	4527.702	1.1333005131521465	278.882	89.172	-189.71
clic_097cb426	clic	libjxl	7	4.0	18908	19322	414	1.074	3.288	2.2139999999999995	61.6286	61.6286	-2.9194	-2.9194	0.0	0.554	0.554	0.0	5482.653	6248.984	0.8773671047965557	299.068	146.585	-152.48299999999998
clic_097cb426	clic	libjxl	7	4.25	17530	17901	371	-2.04	0.034	2.074	60.3602	60.3602	-3.1758	-3.1758	0.0	0.772	0.772	0.0	5200.573	3182.537	1.634096634226091	288.041	44.162	-243.879
clic_097cb426	clic	libjxl	7	4.5	16269	16605	336	-5.06	-3.099	1.9609999999999994	59.0211	59.0211	-3.3078	-3.3078	0.0	0.68	0.68	0.0	5380.27	6083.316	0.8844304652265311	295.461	143.858	-151.603
clic_097cb426	clic	libjxl	7	4.75	15646	16076	430	-3.157	-0.495	2.662	56.737	56.737	-4.0509	-4.0509	0.0	4.546	4.546	0.0	4639.273	4422.816	1.0489409914407473	280.814	48.038	-232.776
clic_097cb426	clic	libjxl	7	5.0	15112	15581	469	-3.19	-0.186	3.004	55.7962	55.7962	-4.0683	-4.0683	0.0	12.635	12.635	0.0	4634.52	3577.43	1.2954886608543006	314.863	34.863	-280.0
clic_097cb426	clic	libjxl	8	0.25	270282	270348	66	6.7	6.726	0.0259999999999998	94.4636	94.4636	0.0528	0.0528	0.0	-27.843	-27.843	0.0	9132.34	10900.021	0.8378277436346223	1190.262	641.816	-548.4459999999999
clic_097cb426	clic	libjxl	8	0.5	148352	148362	10	2.664	2.671	0.006999999999999673	91.7073	91.7073	0.3992	0.3992	0.0	-8.695	-8.695	0.0	7389.492	8645.862	0.8546853974768509	1250.363	579.068	-671.2950000000001
clic_097cb426	clic	libjxl	8	0.75	97549	97579	30	-3.001	-2.971	0.029999999999999805	88.4032	88.4032	-0.2276	-0.2276	0.0	0.673	0.673	0.0	8571.289	12289.724	0.6974354346769708	110.264	39.131	-71.133
clic_097cb426	clic	libjxl	8	1.0	74466	74450	-16	-2.823	-2.844	-0.020999999999999908	85.578	85.578	-0.2438	-0.2438	0.0	0.257	0.257	0.0	7846.364	10735.507	0.7308796873775966	90.58	-3.373	-93.953
clic_097cb426	clic	libjxl	8	1.25	60158	60088	-70	-0.769	-0.884	-0.11499999999999999	82.4801	82.4801	-0.8669	-0.8669	0.0	-4.297	-4.297	0.0	9127.234	13927.441	0.6553417817386553	121.86	89.614	-32.245999999999995
clic_097cb426	clic	libjxl	8	1.5	49558	49579	21	0.125	0.168	0.04300000000000001	80.2714	80.2714	-0.2406	-0.2406	0.0	0.514	0.514	0.0	8439.861	8808.208	0.9581813917200865	101.213	28.624	-72.589
clic_097cb426	clic	libjxl	8	1.75	39364	39487	123	-5.366	-5.07	0.2959999999999994	77.2457	77.2457	-1.1004	-1.1004	0.0	-1.729	-1.729	0.0	8915.422	10544.916	0.8454711256116219	96.585	7.847	-88.738
clic_097cb426	clic	libjxl	8	2.0	36609	36598	-11	1.85	1.819	-0.03100000000000014	73.9698	73.9698	-2.3356	-2.3356	0.0	1.693	1.693	0.0	7661.629	5859.252	1.3076121320605427	79.134	-46.328	-125.462
clic_097cb426	clic	libjxl	8	2.25	31818	31729	-89	2.844	2.557	-0.2869999999999999	71.6844	71.6844	-2.6645	-2.6645	0.0	5.338	5.338	0.0	7197.936	7489.022	0.9611316404198038	62.66	11.606	-51.053999999999995
clic_097cb426	clic	libjxl	8	2.5	27771	27723	-48	-1.005	-1.176	-0.17100000000000004	70.1515	70.1515	-2.4746	-2.4746	0.0	1.709	1.709	0.0	6982.562	6326.153	1.103761164170389	58.6	-21.364	-79.964
clic_097cb426	clic	libjxl	8	2.75	25248	25183	-65	-0.926	-1.181	-0.255	68.3919	68.3919	-2.3905	-2.3905	0.0	-2.886	-2.886	0.0	8028.921	7592.746	1.0574462783293423	82.822	18.521	-64.301
clic_097cb426	clic	libjxl	8	3.0	23247	23200	-47	1.241	1.036	-0.20500000000000007	65.7234	65.7234	-3.2168	-3.2168	0.0	-0.443	-0.443	0.0	7303.224	8246.741	0.8855891072606743	79.178	23.565	-55.613
clic_097cb426	clic	libjxl	8	3.25	20486	20505	19	0.574	0.668	0.09400000000000008	64.0227	64.0227	-3.08	-3.08	0.0	5.671	5.671	0.0	7369.941	8962.287	0.8223281624433585	66.502	25.533	-40.968999999999994
clic_097cb426	clic	libjxl	8	3.5	19055	19010	-45	-0.439	-0.674	-0.23500000000000004	62.5762	62.5762	-3.0348	-3.0348	0.0	-1.583	-1.583	0.0	6489.937	8692.334	0.746627660649027	79.808	13.97	-65.83800000000001
clic_097cb426	clic	libjxl	8	3.75	17632	17612	-20	-0.637	-0.75	-0.11299999999999999	61.2147	61.2147	-2.5522	-2.5522	0.0	1.3	1.3	0.0	6641.723	9316.622	0.7128896074135025	53.984	-1.715	-55.699000000000005
clic_097cb426	clic	libjxl	8	4.0	17357	17307	-50	0.895	0.605	-0.29000000000000004	60.5182	60.5182	-2.4372	-2.4372	0.0	-4.624	-4.624	0.0	8151.848	11086.404	0.7353013655284436	105.499	-3.704	-109.20299999999999
clic_097cb426	clic	libjxl	8	4.25	16162	16105	-57	-1.132	-1.48	-0.3480000000000001	59.5025	59.5025	-2.1773	-2.1773	0.0	-2.265	-2.265	0.0	8680.203	10523.021	0.8248774757743046	77.11	-2.62	-79.73
clic_097cb426	clic	libjxl	8	4.5	14957	14947	-10	-4.641	-4.705	-0.06400000000000006	57.2288	57.2288	-2.7966	-2.7966	0.0	-5.355	-5.355	0.0	8799.098	8936.478	0.984627053297731	79.978	9.318	-70.66
clic_097cb426	clic	libjxl	8	4.75	14284	14222	-62	-3.656	-4.074	-0.4179999999999997	55.4616	55.4616	-3.1846	-3.1846	0.0	13.497	13.497	0.0	8453.798	8933.794	0.9462718750846506	84.464	25.936	-58.528
clic_097cb426	clic	libjxl	8	5.0	13977	14001	24	-2.491	-2.323	0.16800000000000015	53.1158	53.1158	-4.4902	-4.4902	0.0	2.477	2.477	0.0	7772.2	8024.126	0.9686039326899901	66.043	22.55	-43.49300000000001
clic_097cb426	clic	libjxl	9	0.25	276065	276065	0	9.041	9.041	0.0	94.5559	94.5559	0.145	0.145	0.0	-34.328	-34.328	0.0	15744.402	28542.273	0.5516169647736184	1472.375	1476.109	3.7339999999999236
clic_097cb426	clic	libjxl	9	0.5	150336	150335	-1	4.064	4.063	-0.001000000000000334	91.762	91.762	0.4539	0.4539	0.0	-26.969	-26.969	0.0	10575.004	21373.348	0.4947752687131656	1516.413	1562.56	46.146999999999935
clic_097cb426	clic	libjxl	9	0.75	98800	98912	112	-2.941	-2.831	0.10999999999999988	88.5292	88.5292	-0.3096	-0.3096	0.0	3.669	3.669	0.0	10134.282	19034.606	0.5324135419456542	59.249	65.967	6.717999999999996
clic_097cb426	clic	libjxl	9	1.0	75637	75637	0	-1.966	-1.966	0.0	85.7172	85.7172	-0.1992	-0.1992	0.0	0.423	0.423	0.0	10504.436	20414.67	0.5145533089685016	59.286	72.91	13.623999999999995
clic_097cb426	clic	libjxl	9	1.25	61434	61432	-2	0.05	0.047	-0.0030000000000000027	82.7083	82.7083	-0.8042	-0.8042	0.0	6.126	6.126	0.0	10235.521	18981.134	0.5392470755435371	68.346	101.119	32.772999999999996
clic_097cb426	clic	libjxl	9	1.5	50071	50070	-1	0.082	0.08	-0.0020000000000000018	79.9232	79.9232	-0.8841	-0.8841	0.0	3.363	3.363	0.0	10569.235	14090.446	0.7500993935891029	80.299	30.115	-50.18400000000001
clic_097cb426	clic	libjxl	9	1.75	41026	41025	-1	-2.172	-2.175	-0.0029999999999996696	77.3831	77.3831	-1.2117	-1.2117	0.0	-2.704	-2.704	0.0	10164.205	17546.821	0.5792619073278288	70.499	62.678	-7.820999999999998
clic_097cb426	clic	libjxl	9	2.0	36864	36864	0	2.803	2.803	0.0	74.0289	74.0289	-2.3234	-2.3234	0.0	1.345	1.345	0.0	8149.69	14273.87	0.5709516760346002	20.788	12.172	-8.616
clic_097cb426	clic	libjxl	9	2.25	31989	31987	-2	3.514	3.508	-0.005999999999999783	71.6922	71.6922	-2.718	-2.718	0.0	4.305	4.305	0.0	8131.244	14878.089	0.5465247586568409	17.788	36.497	18.709
clic_097cb426	clic	libjxl	9	2.5	27902	27902	0	-0.222	-0.222	0.0	70.1515	70.1515	-2.4837	-2.4837	0.0	1.71	1.71	0.0	10397.499	15489.667	0.6712538752447035	64.118	22.201	-41.916999999999994
clic_097cb426	clic	libjxl	9	2.75	25381	25380	-1	0.032	0.028	-0.004	68.3919	68.3919	-2.3859	-2.3859	0.0	0.567	0.567	0.0	8829.844	17218.182	0.5128209238350483	47.872	44.039	-3.8329999999999984
clic_097cb426	clic	libjxl	9	3.0	23446	23446	0	2.586	2.586	0.0	65.7208	65.7208	-3.2194	-3.2194	0.0	-1.857	-1.857	0.0	9637.175	14142.202	0.6814479810145548	37.64	26.184	-11.456
clic_097cb426	clic	libjxl	9	3.25	20607	20603	-4	1.617	1.598	-0.018999999999999906	64.0227	64.0227	-3.08	-3.08	0.0	5.671	5.671	0.0	9922.626	20089.475	0.49392161816075336	62.273	69.433	7.160000000000004
clic_097cb426	clic	libjxl	9	3.5	19166	19165	-1	0.503	0.498	-0.0050000000000000044	62.5762	62.5762	-3.0348	-3.0348	0.0	-1.583	-1.583	0.0	8959.01	16133.817	0.5552938898464016	30.221	68.768	38.547
clic_097cb426	clic	libjxl	9	3.75	17724	17725	1	0.283	0.289	0.006000000000000005	61.2225	61.2225	-2.5445	-2.5445	0.0	-4.766	-4.766	0.0	10627.07	11595.227	0.9165038338619846	68.408	0.113	-68.295
clic_097cb426	clic	libjxl	9	4.0	17454	17453	-1	1.784	1.779	-0.0050000000000001155	60.5182	60.5182	-2.4372	-2.4372	0.0	-4.624	-4.624	0.0	10420.622	15487.386	0.6728457597686271	50.916	31.581	-19.334999999999997
clic_097cb426	clic	libjxl	9	4.25	16246	16243	-3	-0.018	-0.037	-0.019	59.5025	59.5025	-2.1773	-2.1773	0.0	-2.265	-2.265	0.0	10437.06	16886.263	0.6180799150173132	58.095	47.082	-11.012999999999998
clic_097cb426	clic	libjxl	9	4.5	15002	14999	-3	-3.803	-3.822	-0.019000000000000128	57.2288	57.2288	-2.7966	-2.7966	0.0	-5.355	-5.355	0.0	10981.605	16187.263	0.6784102414348862	71.989	36.292	-35.697
clic_097cb426	clic	libjxl	9	4.75	14288	14287	-1	-3.244	-3.25	-0.005999999999999783	55.4616	55.4616	-3.1846	-3.1846	0.0	13.497	13.497	0.0	10828.46	22121.978	0.4894887789871231	65.81	90.945	25.13499999999999
clic_097cb426	clic	libjxl	9	5.0	14007	14006	-1	-1.905	-1.912	-0.006999999999999895	53.1158	53.1158	-4.4902	-4.4902	0.0	2.477	2.477	0.0	10097.038	13929.646	0.724859626727054	58.773	17.944	-40.82900000000001
clic_0c49a5cc	clic	libjxl	5	0.25	497493	497902	409	-0.837	-0.755	0.08199999999999996	93.2484	93.2484	-0.0442	-0.0442	0.0	-1.051	-1.051	0.0	8389.106	2907.573	2.885260662415011	1537.078	144.649	-1392.429
clic_0c49a5cc	clic	libjxl	5	0.5	316426	316950	524	-0.3	-0.135	0.16499999999999998	91.0878	91.0878	-0.0345	-0.0345	0.0	-0.532	-0.532	0.0	8592.371	1611.847	5.330760922097444	1613.215	113.561	-1499.654
clic_0c49a5cc	clic	libjxl	5	0.75	229325	229788	463	0.741	0.944	0.20299999999999996	88.7603	88.7603	-0.3109	-0.3109	0.0	-3.631	-3.631	0.0	7747.797	942.692	8.218799989816398	1601.698	-14.856	-1616.554
clic_0c49a5cc	clic	libjxl	5	1.0	185704	186414	710	0.913	1.299	0.3859999999999999	86.6729	86.6729	-0.3182	-0.3182	0.0	-0.32	-0.32	0.0	6907.79	1764.117	3.9157210094341814	847.031	108.305	-738.7259999999999
clic_0c49a5cc	clic	libjxl	5	1.25	158903	159702	799	1.7	2.211	0.5109999999999999	84.8116	84.8116	-0.2906	-0.2906	0.0	-1.779	-1.779	0.0	6610.454	1152.177	5.737359798017145	1316.704	12.99	-1303.714
clic_0c49a5cc	clic	libjxl	5	1.5	140256	140661	405	2.28	2.576	0.29600000000000026	82.8497	82.8497	-0.1952	-0.1952	0.0	-1.521	-1.521	0.0	5941.016	1924.58	3.0869155867773745	1259.337	130.365	-1128.972
clic_0c49a5cc	clic	libjxl	5	1.75	127741	128185	444	3.428	3.788	0.3599999999999999	81.1134	81.1134	-0.2388	-0.2388	0.0	-3.039	-3.039	0.0	5746.599	1402.891	4.096254805255718	1154.316	8.325	-1145.991
clic_0c49a5cc	clic	libjxl	5	2.0	115893	116536	643	3.715	4.29	0.5750000000000002	79.6252	79.6252	-0.2475	-0.2475	0.0	-2.859	-2.859	0.0	6153.797	980.025	6.279224509578837	1093.976	62.36	-1031.6160000000002
clic_0c49a5cc	clic	libjxl	5	2.25	105726	106235	509	3.781	4.281	0.49999999999999956	77.8151	77.8151	-0.3904	-0.3904	0.0	0.95	0.95	0.0	6095.954	1490.895	4.088788278181897	1289.441	24.456	-1264.9850000000001
clic_0c49a5cc	clic	libjxl	5	2.5	96877	97543	666	3.541	4.253	0.7120000000000002	76.1427	76.1427	-0.3982	-0.3982	0.0	1.645	1.645	0.0	6225.736	1229.272	5.064571551292147	1175.974	4.387	-1171.587
clic_0c49a5cc	clic	libjxl	5	2.75	91325	92009	684	2.803	3.573	0.77	74.6354	74.6354	-0.5029	-0.5029	0.0	1.759	1.759	0.0	5783.793	1388.288	4.166133395952425	975.578	29.69	-945.8879999999999
clic_0c49a5cc	clic	libjxl	5	3.0	85582	86223	641	3.254	4.027	0.7730000000000001	73.0525	73.0525	-0.2108	-0.2108	0.0	1.989	1.989	0.0	5925.974	1532.392	3.8671397397010687	1046.881	82.838	-964.0430000000001
clic_0c49a5cc	clic	libjxl	5	3.25	80270	80665	395	4.442	4.956	0.5140000000000002	71.4685	71.4685	-0.2568	-0.2568	0.0	3.662	3.662	0.0	6075.47	1284.831	4.728614113451497	1013.339	22.033	-991.306
clic_0c49a5cc	clic	libjxl	5	3.5	76193	76565	372	4.658	5.169	0.5109999999999992	69.6899	69.6899	-0.6806	-0.6806	0.0	-3.548	-3.548	0.0	6503.7	1513.494	4.297142902449564	1244.815	172.854	-1071.961
clic_0c49a5cc	clic	libjxl	5	3.75	72716	72966	250	4.987	5.348	0.36099999999999977	68.5317	68.5317	-0.4338	-0.4338	0.0	12.935	12.935	0.0	5760.172	1496.429	3.849278515719756	909.708	71.591	-838.117
clic_0c49a5cc	clic	libjxl	5	4.0	68890	69314	424	4.921	5.567	0.6459999999999999	67.2471	67.2471	0.4366	0.4366	0.0	-10.768	-10.768	0.0	6156.4	2566.226	2.3990092844511746	1158.712	118.164	-1040.548
clic_0c49a5cc	clic	libjxl	5	4.25	66560	66852	292	6.036	6.501	0.46500000000000075	65.9842	65.9842	0.6713	0.6713	0.0	-3.356	-3.356	0.0	6116.822	1875.081	3.2621641411757683	1052.612	165.985	-886.6270000000001
clic_0c49a5cc	clic	libjxl	5	4.5	63199	63593	394	5.107	5.763	0.6559999999999997	64.448	64.448	0.6166	0.6166	0.0	-5.755	-5.755	0.0	6093.359	2123.866	2.8689940890809495	1157.725	234.588	-923.137
clic_0c49a5cc	clic	libjxl	5	4.75	59815	60252	437	4.479	5.242	0.7629999999999999	63.2461	63.2461	0.9534	0.9534	0.0	-13.504	-13.504	0.0	5998.906	1483.776	4.0429997519841265	889.876	59.259	-830.617
clic_0c49a5cc	clic	libjxl	5	5.0	57424	57987	563	3.852	4.87	1.0180000000000002	61.6926	61.6926	0.4885	0.4885	0.0	-7.819	-7.819	0.0	5443.935	1986.105	2.7410106716412277	960.082	83.042	-877.04
clic_0c49a5cc	clic	libjxl	6	0.25	495175	495610	435	-0.888	-0.801	0.08699999999999997	93.1861	93.1861	-0.0775	-0.0775	0.0	-1.619	-1.619	0.0	8660.097	2518.548	3.438527675470152	1210.736	91.882	-1118.854
clic_0c49a5cc	clic	libjxl	6	0.5	314753	315413	660	-0.026	0.184	0.21	91.0804	91.0804	-0.0626	-0.0626	0.0	-0.718	-0.718	0.0	7421.966	1674.268	4.4329617480594505	842.071	64.788	-777.283
clic_0c49a5cc	clic	libjxl	6	0.75	227696	228068	372	0.14	0.303	0.16299999999999998	88.7421	88.7421	-0.2349	-0.2349	0.0	-1.703	-1.703	0.0	8129.669	2421.485	3.3573071895964666	781.301	-11.447	-792.748
clic_0c49a5cc	clic	libjxl	6	1.0	183907	184609	702	-0.202	0.179	0.381	86.6778	86.6778	-0.3792	-0.3792	0.0	1.881	1.881	0.0	7021.285	2216.07	3.16834982649465	515.401	-1.29	-516.6909999999999
clic_0c49a5cc	clic	libjxl	6	1.25	157933	158854	921	0.712	1.299	0.587	84.7395	84.7395	-0.2662	-0.2662	0.0	1.526	1.526	0.0	6567.637	1424.978	4.608939225728397	568.019	-32.125	-600.144
clic_0c49a5cc	clic	libjxl	6	1.5	140054	140485	431	1.448	1.76	0.31200000000000006	82.7098	82.7098	-0.5679	-0.5679	0.0	-2.179	-2.179	0.0	6276.247	1532.708	4.094874561886543	522.039	11.088	-510.95099999999996
clic_0c49a5cc	clic	libjxl	6	1.75	125926	126327	401	1.5	1.823	0.32299999999999995	80.9782	80.9782	-0.4448	-0.4448	0.0	11.537	11.537	0.0	5948.87	1426.825	4.16930597655634	490.424	2.365	-488.05899999999997
clic_0c49a5cc	clic	libjxl	6	2.0	115468	115947	479	2.502	2.928	0.42600000000000016	79.5082	79.5082	-0.7192	-0.7192	0.0	9.714	9.714	0.0	6213.073	1770.566	3.509088619119536	545.314	-0.664	-545.978
clic_0c49a5cc	clic	libjxl	6	2.25	104341	105081	740	0.707	1.421	0.7140000000000001	77.7826	77.7826	-0.4774	-0.4774	0.0	2.841	2.841	0.0	6894.048	1450.486	4.7529228134570065	459.287	13.674	-445.613
clic_0c49a5cc	clic	libjxl	6	2.5	96582	97258	676	1.049	1.757	0.708	76.1982	76.1982	-0.643	-0.643	0.0	3.585	3.585	0.0	6384.623	1243.4	5.134810197844619	674.065	-25.529	-699.594
clic_0c49a5cc	clic	libjxl	6	2.75	91016	91669	653	0.555	1.276	0.721	74.5348	74.5348	-0.5438	-0.5438	0.0	0.451	0.451	0.0	7021.188	1082.058	6.48873535429709	723.694	-38.269	-761.963
clic_0c49a5cc	clic	libjxl	6	3.0	85138	85776	638	0.428	1.181	0.7530000000000001	73.011	73.011	-0.9838	-0.9838	0.0	-1.374	-1.374	0.0	6120.742	1409.311	4.343074026953597	584.143	-16.446	-600.589
clic_0c49a5cc	clic	libjxl	6	3.25	80110	80665	555	0.603	1.3	0.6970000000000001	71.5566	71.5566	-0.7809	-0.7809	0.0	4.687	4.687	0.0	5888.575	1681.155	3.5026960631232695	630.306	-31.931	-662.2370000000001
clic_0c49a5cc	clic	libjxl	6	3.5	75911	76333	422	0.874	1.435	0.561	69.9766	69.9766	-0.8368	-0.8368	0.0	1.793	1.793	0.0	6694.357	1551.549	4.314628155475592	674.505	-18.125	-692.63
clic_0c49a5cc	clic	libjxl	6	3.75	72322	72716	394	1.164	1.715	0.5510000000000002	68.6905	68.6905	-0.8122	-0.8122	0.0	-1.467	-1.467	0.0	6624.612	1291.792	5.128234266816949	590.855	-43.757	-634.612
clic_0c49a5cc	clic	libjxl	6	4.0	69614	69900	286	1.155	1.571	0.4159999999999999	67.4251	67.4251	-0.9491	-0.9491	0.0	-2.915	-2.915	0.0	7797.514	1881.403	4.1445208708607355	661.992	-17.34	-679.332
clic_0c49a5cc	clic	libjxl	6	4.25	67059	67280	221	2.191	2.528	0.3370000000000002	66.09	66.09	-1.1018	-1.1018	0.0	-5.242	-5.242	0.0	7413.258	2249.19	3.2959678817707707	598.875	32.777	-566.098
clic_0c49a5cc	clic	libjxl	6	4.5	63500	63830	330	0.973	1.498	0.525	64.5153	64.5153	-1.3289	-1.3289	0.0	9.67	9.67	0.0	5961.655	1858.21	3.208278396951905	582.791	48.475	-534.316
clic_0c49a5cc	clic	libjxl	6	4.75	59963	60401	438	1.732	2.475	0.7430000000000001	63.2383	63.2383	-0.9829	-0.9829	0.0	0.16	0.16	0.0	5209.801	1690.162	3.082427009955259	562.136	-5.315	-567.451
clic_0c49a5cc	clic	libjxl	6	5.0	57148	57721	573	0.459	1.466	1.007	61.6577	61.6577	-1.3471	-1.3471	0.0	-1.495	-1.495	0.0	5837.354	1415.846	4.122873532855975	567.303	-9.706	-577.009
clic_0c49a5cc	clic	libjxl	7	0.25	494934	495367	433	-0.889	-0.802	0.08699999999999997	93.1368	93.1368	-0.098	-0.098	0.0	-0.991	-0.991	0.0	10404.668	1558.924	6.674262504137469	1374.084	16.267	-1357.817
clic_0c49a5cc	clic	libjxl	7	0.5	314825	315486	661	-0.248	-0.039	0.209	91.0405	91.0405	-0.3088	-0.3088	0.0	-1.632	-1.632	0.0	7800.021	1470.673	5.30370857423778	1040.19	39.816	-1000.374
clic_0c49a5cc	clic	libjxl	7	0.75	227629	228001	372	0.154	0.317	0.163	88.6812	88.6812	-0.7294	-0.7294	0.0	-2.692	-2.692	0.0	7108.651	1247.873	5.696614158652363	633.402	-19.331	-652.7330000000001
clic_0c49a5cc	clic	libjxl	7	1.0	183856	184561	705	-0.011	0.372	0.383	86.6771	86.6771	-0.8731	-0.8731	0.0	1.489	1.489	0.0	7810.315	1853.874	4.212969705600273	699.811	82.049	-617.7620000000001
clic_0c49a5cc	clic	libjxl	7	1.25	157851	158768	917	0.874	1.46	0.586	85.1729	85.1729	-0.7358	-0.7358	0.0	0.444	0.444	0.0	6405.967	1377.612	4.650051683638063	477.592	-17.613	-495.205
clic_0c49a5cc	clic	libjxl	7	1.5	139967	140398	431	1.494	1.807	0.31299999999999994	82.9459	82.9459	-1.1793	-1.1793	0.0	-2.018	-2.018	0.0	6836.767	1664.136	4.108298240047688	612.295	-9.939	-622.2339999999999
clic_0c49a5cc	clic	libjxl	7	1.75	125924	126301	377	1.509	1.813	0.30400000000000005	81.1619	81.1619	-1.2465	-1.2465	0.0	0.114	0.114	0.0	6928.352	1722.903	4.021324473867653	693.302	9.731	-683.571
clic_0c49a5cc	clic	libjxl	7	2.0	115393	115870	477	2.409	2.832	0.42300000000000004	79.7196	79.7196	-1.1126	-1.1126	0.0	12.305	12.305	0.0	6580.016	1210.003	5.4380162693811505	531.717	-6.375	-538.092
clic_0c49a5cc	clic	libjxl	7	2.25	104339	105080	741	0.697	1.412	0.715	78.124	78.124	-1.179	-1.179	0.0	3.925	3.925	0.0	6331.075	1386.227	4.567127173255174	500.906	-24.098	-525.004
clic_0c49a5cc	clic	libjxl	7	2.5	96540	97216	676	0.953	1.66	0.707	76.4946	76.4946	-1.1554	-1.1554	0.0	5.863	5.863	0.0	6434.434	1325.119	4.855740503305741	512.554	-0.398	-512.952
clic_0c49a5cc	clic	libjxl	7	2.75	91003	91656	653	0.371	1.091	0.72	74.6734	74.6734	-1.5931	-1.5931	0.0	-0.255	-0.255	0.0	5891.122	1823.069	3.231431174574303	629.161	-2.016	-631.1769999999999
clic_0c49a5cc	clic	libjxl	7	3.0	85195	85833	638	1.447	2.206	0.7589999999999999	72.9913	72.9913	-1.644	-1.644	0.0	0.104	0.104	0.0	6597.101	1591.553	4.145071511913207	446.28	-16.287	-462.56699999999995
clic_0c49a5cc	clic	libjxl	7	3.25	80170	80717	547	1.472	2.164	0.6920000000000002	72.2594	72.2594	-0.8059	-0.8059	0.0	2.088	2.088	0.0	6265.431	2215.311	2.8282399175555932	304.899	-10.56	-315.459
clic_0c49a5cc	clic	libjxl	7	3.5	75985	76409	424	1.842	2.41	0.5680000000000001	70.0792	70.0792	-1.4335	-1.4335	0.0	0.49	0.49	0.0	6209.742	2089.482	2.9719049984637342	514.1	-8.737	-522.837
clic_0c49a5cc	clic	libjxl	7	3.75	72343	72755	412	2.256	2.838	0.5820000000000003	69.0371	69.0371	-1.1051	-1.1051	0.0	-2.776	-2.776	0.0	5671.894	2058.559	2.7552739561994577	378.973	-4.391	-383.36400000000003
clic_0c49a5cc	clic	libjxl	7	4.0	69671	69944	273	2.442	2.844	0.4019999999999997	68.0217	68.0217	-0.9123	-0.9123	0.0	-3.367	-3.367	0.0	6485.255	2659.874	2.4381812822712656	358.906	4.791	-354.115
clic_0c49a5cc	clic	libjxl	7	4.25	67110	67345	235	3.081	3.442	0.3610000000000002	66.1971	66.1971	-1.1595	-1.1595	0.0	-0.418	-0.418	0.0	6594.277	2469.371	2.6704278133986348	486.819	-9.507	-496.326
clic_0c49a5cc	clic	libjxl	7	4.5	63561	63890	329	1.844	2.371	0.5269999999999999	64.5934	64.5934	-1.3268	-1.3268	0.0	8.478	8.478	0.0	5907.813	2759.984	2.14052436535864	420.762	-11.465	-432.227
clic_0c49a5cc	clic	libjxl	7	4.75	60029	60467	438	2.266	3.012	0.746	63.5249	63.5249	-0.898	-0.898	0.0	-5.521	-5.521	0.0	5776.964	1822.102	3.170494297245708	371.878	2.143	-369.735
clic_0c49a5cc	clic	libjxl	7	5.0	57247	57795	548	1.063	2.03	0.9669999999999999	61.8592	61.8592	-1.2925	-1.2925	0.0	-2.993	-2.993	0.0	5947.407	1836.971	3.237616162693913	437.102	-28.414	-465.51599999999996
clic_0c49a5cc	clic	libjxl	8	0.25	504948	504647	-301	1.106	1.045	-0.061000000000000165	93.1579	93.1579	-0.0769	-0.0769	0.0	-18.747	-18.747	0.0	10951.719	7770.026	1.4094829283711534	1261.279	432.584	-828.6949999999999
clic_0c49a5cc	clic	libjxl	8	0.5	311834	311906	72	-1.3	-1.277	0.02300000000000013	91.1098	91.1098	-0.2395	-0.2395	0.0	-20.184	-20.184	0.0	10358.613	5011.653	2.066905470111358	1278.74	121.498	-1157.242
clic_0c49a5cc	clic	libjxl	8	0.75	223104	222949	-155	0.695	0.625	-0.06999999999999995	88.7712	88.7712	-0.6625	-0.6625	0.0	-3.78	-3.78	0.0	10824.271	5955.283	1.8175913722320165	143.98	-11.492	-155.47199999999998
clic_0c49a5cc	clic	libjxl	8	1.0	178876	178948	72	1.459	1.5	0.040999999999999925	86.7201	86.7201	-0.6386	-0.6386	0.0	3.014	3.014	0.0	10073.309	7301.281	1.3796632399163926	139.079	-25.852	-164.931
clic_0c49a5cc	clic	libjxl	8	1.25	151015	151030	15	1.505	1.515	0.010000000000000009	84.7588	84.7588	-0.7321	-0.7321	0.0	-1.537	-1.537	0.0	9334.373	5219.341	1.7884198407423464	105.79	-24.958	-130.748
clic_0c49a5cc	clic	libjxl	8	1.5	133606	133334	-272	2.279	2.071	-0.20799999999999974	82.8497	82.8497	-0.9058	-0.9058	0.0	-0.236	-0.236	0.0	11402.428	5821.358	1.958723033354073	175.912	-29.815	-205.727
clic_0c49a5cc	clic	libjxl	8	1.75	118887	118522	-365	2.484	2.17	-0.31400000000000006	80.783	80.783	-1.2299	-1.2299	0.0	-2.865	-2.865	0.0	8580.816	6581.286	1.30382056029779	85.956	-26.984	-112.94
clic_0c49a5cc	clic	libjxl	8	2.0	107057	106812	-245	1.947	1.714	-0.2330000000000001	79.1494	79.1494	-1.028	-1.028	0.0	-1.824	-1.824	0.0	9301.82	5786.459	1.6075150623204968	99.339	-41.909	-141.248
clic_0c49a5cc	clic	libjxl	8	2.25	96901	96715	-186	1.302	1.107	-0.19500000000000006	77.1315	77.1315	-1.2187	-1.2187	0.0	-1.172	-1.172	0.0	9182.879	10429.197	0.8804972233240969	95.667	39.255	-56.412
clic_0c49a5cc	clic	libjxl	8	2.5	89516	89301	-215	1.29	1.047	-0.2430000000000001	75.2765	75.2765	-1.3197	-1.3197	0.0	1.439	1.439	0.0	10156.205	10550.918	0.9625897007255673	153.521	42.567	-110.95399999999998
clic_0c49a5cc	clic	libjxl	8	2.75	83786	83827	41	1.231	1.281	0.04999999999999982	73.4292	73.4292	-1.3441	-1.3441	0.0	0.677	0.677	0.0	8494.43	10138.044	0.8378766160415165	90.468	43.39	-47.078
clic_0c49a5cc	clic	libjxl	8	3.0	78082	78028	-54	0.097	0.028	-0.069	71.5091	71.5091	-1.4916	-1.4916	0.0	4.211	4.211	0.0	9287.307	9077.731	1.0230868264327286	105.029	28.309	-76.72
clic_0c49a5cc	clic	libjxl	8	3.25	73003	73040	37	0.132	0.182	0.04999999999999999	70.4389	70.4389	-0.6445	-0.6445	0.0	-0.474	-0.474	0.0	8327.398	9479.483	0.8784654184199707	93.029	25.772	-67.257
clic_0c49a5cc	clic	libjxl	8	3.5	68812	68540	-272	0.458	0.061	-0.397	68.1085	68.1085	-1.324	-1.324	0.0	-2.346	-2.346	0.0	8208.185	7908.954	1.0378344595252418	87.819	-4.085	-91.904
clic_0c49a5cc	clic	libjxl	8	3.75	65411	65180	-231	0.761	0.405	-0.356	66.6589	66.6589	-1.0752	-1.0752	0.0	1.818	1.818	0.0	9099.69	9287.878	0.9797383212828592	119.214	19.73	-99.484
clic_0c49a5cc	clic	libjxl	8	4.0	62451	62135	-316	0.572	0.063	-0.5089999999999999	65.5135	65.5135	-0.8672	-0.8672	0.0	5.961	5.961	0.0	10157.4	13943.927	0.7284461543724375	136.217	66.772	-69.44500000000001
clic_0c49a5cc	clic	libjxl	8	4.25	59674	59548	-126	0.818	0.605	-0.21299999999999997	63.5457	63.5457	-1.2374	-1.2374	0.0	5.953	5.953	0.0	9762.203	10859.783	0.8989316821523966	129.172	28.056	-101.116
clic_0c49a5cc	clic	libjxl	8	4.5	56485	56293	-192	-0.24	-0.579	-0.33899999999999997	61.871	61.871	-0.9437	-0.9437	0.0	-8.639	-8.639	0.0	9208.559	11609.871	0.7931663495658134	92.262	24.855	-67.407
clic_0c49a5cc	clic	libjxl	8	4.75	53475	53337	-138	0.105	-0.154	-0.259	61.0713	61.0713	-0.9642	-0.9642	0.0	-0.715	-0.715	0.0	8814.846	10839.092	0.8132457958655577	122.608	27.517	-95.09100000000001
clic_0c49a5cc	clic	libjxl	8	5.0	50804	50800	-4	-0.715	-0.723	-0.008000000000000007	59.1534	59.1534	-1.1344	-1.1344	0.0	-2.096	-2.096	0.0	10196.842	12255.823	0.8319997767591781	131.283	52.87	-78.41299999999998
clic_0c49a5cc	clic	libjxl	9	0.25	511317	511317	0	2.415	2.415	0.0	93.2303	93.2303	-0.0046	-0.0046	0.0	-28.531	-28.531	0.0	30362.831	40523.817	0.7492589111237966	3236.43	2247.624	-988.806
clic_0c49a5cc	clic	libjxl	9	0.5	314553	314553	0	-0.391	-0.391	0.0	91.1259	91.1259	-0.2234	-0.2234	0.0	-25.407	-25.407	0.0	19868.044	32289.983	0.6153005407280643	2218.719	2365.295	146.57600000000002
clic_0c49a5cc	clic	libjxl	9	0.75	224813	224813	0	1.443	1.443	0.0	88.7223	88.7223	-0.7117	-0.7117	0.0	-11.472	-11.472	0.0	15250.394	29320.49	0.5201275285644953	128.18	149.099	20.918999999999983
clic_0c49a5cc	clic	libjxl	9	1.0	180341	180341	0	2.421	2.421	0.0	86.7516	86.7516	-0.7114	-0.7114	0.0	-1.075	-1.075	0.0	14234.475	23899.039	0.595608676984878	104.21	55.714	-48.495999999999995
clic_0c49a5cc	clic	libjxl	9	1.25	152166	152166	0	2.455	2.455	0.0	84.7718	84.7718	-0.7224	-0.7224	0.0	-0.318	-0.318	0.0	13509.713	16816.809	0.8033458071623456	98.116	126.797	28.680999999999997
clic_0c49a5cc	clic	libjxl	9	1.5	134493	134493	0	3.221	3.221	0.0	82.8372	82.8372	-0.9105	-0.9105	0.0	-0.236	-0.236	0.0	12950.527	15242.835	0.8496140645752579	107.876	25.993	-81.88300000000001
clic_0c49a5cc	clic	libjxl	9	1.75	119817	119817	0	3.511	3.511	0.0	80.786	80.786	-1.2375	-1.2375	0.0	0.053	0.053	0.0	12633.097	22142.346	0.5705401315651015	115.201	124.422	9.221000000000004
clic_0c49a5cc	clic	libjxl	9	2.0	107637	107637	0	2.813	2.813	0.0	79.1494	79.1494	-1.028	-1.028	0.0	-1.824	-1.824	0.0	12526.186	16375.934	0.7649142943541419	110.682	46.434	-64.248
clic_0c49a5cc	clic	libjxl	9	2.25	97487	97486	-1	2.152	2.151	-0.001000000000000334	77.1304	77.1304	-1.2074	-1.2074	0.0	-1.172	-1.172	0.0	11015.186	14687.202	0.7499853273618761	95.575	32.328	-63.247
clic_0c49a5cc	clic	libjxl	9	2.5	89983	89983	0	2.079	2.079	0.0	75.2805	75.2805	-1.3168	-1.3168	0.0	1.439	1.439	0.0	12429.406	14505.818	0.8568566074660526	101.341	40.022	-61.318999999999996
clic_0c49a5cc	clic	libjxl	9	2.75	84222	84222	0	2.128	2.128	0.0	73.4292	73.4292	-1.3441	-1.3441	0.0	0.677	0.677	0.0	11881.925	14972.306	0.7935935185935953	108.729	56.63	-52.099
clic_0c49a5cc	clic	libjxl	9	3.0	78466	78465	-1	0.332	0.331	-0.0010000000000000009	71.5164	71.5164	-1.4887	-1.4887	0.0	-0.023	-0.023	0.0	10886.087	15463.697	0.7039769985146501	61.169	69.597	8.427999999999997
clic_0c49a5cc	clic	libjxl	9	3.25	73361	73361	0	0.397	0.397	0.0	70.4442	70.4442	-0.6372	-0.6372	0.0	-0.474	-0.474	0.0	11317.433	18813.947	0.6015448539320325	101.094	95.948	-5.146000000000001
clic_0c49a5cc	clic	libjxl	9	3.5	69153	69153	0	0.703	0.703	0.0	68.1085	68.1085	-1.3105	-1.3105	0.0	-2.351	-2.351	0.0	9560.507	11922.306	0.8019008235487328	67.452	6.996	-60.455999999999996
clic_0c49a5cc	clic	libjxl	9	3.75	65612	65612	0	1.011	1.011	0.0	66.6589	66.6589	-1.0712	-1.0712	0.0	1.76	1.76	0.0	12995.074	14640.322	0.8876221438298967	134.901	58.186	-76.715
clic_0c49a5cc	clic	libjxl	9	4.0	62563	62563	0	0.424	0.424	0.0	65.5135	65.5135	-0.8728	-0.8728	0.0	5.961	5.961	0.0	12499.397	14521.536	0.8607489593387366	87.748	26.053	-61.69500000000001
clic_0c49a5cc	clic	libjxl	9	4.25	59943	59942	-1	1.194	1.192	-0.0020000000000000018	63.5457	63.5457	-1.2385	-1.2385	0.0	5.953	5.953	0.0	12631.006	14987.987	0.842741990635567	93.95	55.634	-38.316
clic_0c49a5cc	clic	libjxl	9	4.5	56732	56731	-1	-0.137	-0.139	-0.0020000000000000018	61.871	61.871	-0.9483	-0.9483	0.0	-8.639	-8.639	0.0	12241.193	12771.15	0.9585035803353652	116.728	25.435	-91.29299999999999
clic_0c49a5cc	clic	libjxl	9	4.75	53686	53686	0	0.603	0.603	0.0	61.0713	61.0713	-0.9718	-0.9718	0.0	-0.715	-0.715	0.0	10791.358	19827.408	0.5442646865389567	51.421	82.077	30.656
clic_0c49a5cc	clic	libjxl	9	5.0	51088	51088	0	-0.15	-0.15	0.0	59.1534	59.1534	-1.1395	-1.1395	0.0	-2.096	-2.096	0.0	12177.822	11561.226	1.0533330980641673	69.65	17.205	-52.44500000000001
codec_wiki	screenshot	libjxl	5	0.25	177834	181348	3514	-3.117	-1.202	1.915	93.743	93.743	0.0405	0.0405	0.0	-35.796	-35.796	0.0	57726.703	4855.279	11.889471851154175	4896.965	236.101	-4660.8640000000005
codec_wiki	screenshot	libjxl	5	0.5	141221	144000	2779	-3.745	-1.851	1.8940000000000001	92.8089	92.8089	0.1149	0.1149	0.0	-30.45	-30.45	0.0	54522.762	5046.04	10.80505941292578	3841.381	66.068	-3775.3129999999996
codec_wiki	screenshot	libjxl	5	0.75	148235	150727	2492	1.0	2.697	1.697	91.2392	91.2392	-0.6248	-0.6248	0.0	-20.441	-20.441	0.0	70592.98	10410.909	6.780674002625515	4553.156	175.844	-4377.312
codec_wiki	screenshot	libjxl	5	1.0	132878	135311	2433	0.97	2.818	1.848	90.4261	90.4261	-0.7384	-0.7384	0.0	-28.055	-28.055	0.0	54350.214	9775.248	5.559983132908751	3421.081	222.636	-3198.445
codec_wiki	screenshot	libjxl	5	1.25	122560	124795	2235	1.522	3.373	1.8510000000000002	90.1322	90.1322	-0.2899	-0.2899	0.0	-16.368	-16.368	0.0	62827.53	10829.855	5.80132697990878	3574.069	245.897	-3328.172
codec_wiki	screenshot	libjxl	5	1.5	114478	116662	2184	1.752	3.693	1.941	89.2366	89.2366	-0.265	-0.265	0.0	3.714	3.714	0.0	66244.139	10752.386	6.160878059995241	3899.05	188.237	-3710.813
codec_wiki	screenshot	libjxl	5	1.75	108128	110411	2283	1.701	3.849	2.148	87.6775	87.6775	-1.0263	-1.0263	0.0	1.63	1.63	0.0	69738.199	11297.276	6.173010113234375	4113.492	275.038	-3838.454
codec_wiki	screenshot	libjxl	5	2.0	103251	105371	2120	3.112	5.229	2.117	85.8403	85.8403	-2.1074	-2.1074	0.0	-15.668	-15.668	0.0	68778.011	14322.959	4.801941484298042	5008.218	321.666	-4686.552
codec_wiki	screenshot	libjxl	5	2.25	98760	100849	2089	1.978	4.136	2.1580000000000004	86.2773	86.2773	-1.3989	-1.3989	0.0	4.74	4.74	0.0	60487.997	8655.995	6.9879889024889685	3472.459	179.063	-3293.3959999999997
codec_wiki	screenshot	libjxl	5	2.5	94011	96005	1994	2.27	4.44	2.1700000000000004	86.2482	86.2482	-0.5125	-0.5125	0.0	0.17	0.17	0.0	68161.669	12028.971	5.666458835090715	4418.287	279.724	-4138.563
codec_wiki	screenshot	libjxl	5	2.75	91058	92984	1926	2.332	4.496	2.1640000000000006	84.799	84.799	-1.3412	-1.3412	0.0	33.143	33.143	0.0	71620.167	10178.46	7.036444314758815	4339.997	142.592	-4197.405000000001
codec_wiki	screenshot	libjxl	5	3.0	87531	89536	2005	2.764	5.118	2.3540000000000005	84.5719	84.5719	-1.2062	-1.2062	0.0	-6.346	-6.346	0.0	66851.032	14815.775	4.512152216134492	3516.36	451.485	-3064.875
codec_wiki	screenshot	libjxl	5	3.25	83555	85497	1942	1.72	4.084	2.364	83.3663	83.3663	-1.4365	-1.4365	0.0	-8.259	-8.259	0.0	68303.012	7380.133	9.25498388714675	3771.162	104.773	-3666.3889999999997
codec_wiki	screenshot	libjxl	5	3.5	80929	82807	1878	3.474	5.875	2.401	81.6592	81.6592	-3.3505	-3.3505	0.0	-7.13	-7.13	0.0	66705.287	9465.2	7.04742498837848	3999.548	345.858	-3653.6899999999996
codec_wiki	screenshot	libjxl	5	3.75	78162	79931	1769	1.716	4.019	2.303	82.5308	82.5308	-1.233	-1.233	0.0	13.88	13.88	0.0	61782.432	9387.067	6.581654525316588	3695.192	169.863	-3525.329
codec_wiki	screenshot	libjxl	5	4.0	76549	78404	1855	5.511	8.067	2.556	79.2482	79.2482	-5.1215	-5.1215	0.0	-2.362	-2.362	0.0	74392.742	10121.905	7.349677950939077	4677.355	558.366	-4118.989
codec_wiki	screenshot	libjxl	5	4.25	74615	76501	1886	6.093	8.774	2.680999999999999	80.1062	80.1062	-3.5994	-3.5994	0.0	7.405	7.405	0.0	68290.013	13835.49	4.935857927691756	3995.791	498.095	-3497.696
codec_wiki	screenshot	libjxl	5	4.5	71416	73192	1776	5.257	7.875	2.6180000000000003	79.9448	79.9448	-3.0689	-3.0689	0.0	8.694	8.694	0.0	72406.277	16347.778	4.429120397891383	4769.897	336.643	-4433.254
codec_wiki	screenshot	libjxl	5	4.75	68500	70156	1656	3.445	5.945	2.5000000000000004	78.9939	78.9939	-3.7878	-3.7878	0.0	6.94	6.94	0.0	67802.948	11353.519	5.971976441841512	4694.946	210.597	-4484.349
codec_wiki	screenshot	libjxl	5	5.0	68274	70068	1794	2.641	5.338	2.697	78.3366	78.3366	-3.6186	-3.6186	0.0	8.964	8.964	0.0	63290.724	12818.514	4.937446259371407	3530.845	673.524	-2857.321
codec_wiki	screenshot	libjxl	6	0.25	176428	179925	3497	-3.217	-1.298	1.919	93.7587	93.7587	0.0278	0.0278	0.0	-35.882	-35.882	0.0	73655.655	7470.158	9.859986227868273	4263.705	89.439	-4174.266
codec_wiki	screenshot	libjxl	6	0.5	139802	142649	2847	-4.216	-2.265	1.951	92.8432	92.8432	0.0974	0.0974	0.0	-28.816	-28.816	0.0	75028.058	6652.665	11.277895099182057	4345.084	71.107	-4273.977
codec_wiki	screenshot	libjxl	6	0.75	146116	148672	2556	-1.314	0.412	1.726	91.2091	91.2091	-0.6907	-0.6907	0.0	-17.436	-17.436	0.0	85531.967	10605.668	8.0647411365319	2344.49	40.798	-2303.692
codec_wiki	screenshot	libjxl	6	1.0	130950	133407	2457	-1.009	0.848	1.8569999999999998	90.3145	90.3145	-0.7817	-0.7817	0.0	-19.948	-19.948	0.0	70287.397	7296.932	9.632458819679284	1614.357	58.476	-1555.8809999999999
codec_wiki	screenshot	libjxl	6	1.25	120550	122632	2082	0.016	1.743	1.727	90.1001	90.1001	-0.3582	-0.3582	0.0	4.315	4.315	0.0	71204.323	10593.675	6.721399608728794	1622.374	84.821	-1537.553
codec_wiki	screenshot	libjxl	6	1.5	112378	114621	2243	0.351	2.354	2.003	89.3422	89.3422	-0.3392	-0.3392	0.0	7.905	7.905	0.0	69359.594	10761.878	6.4449340533315835	1744.899	55.999	-1688.8999999999999
codec_wiki	screenshot	libjxl	6	1.75	105109	107325	2216	-1.25	0.831	2.081	87.7199	87.7199	-1.1218	-1.1218	0.0	7.568	7.568	0.0	100196.176	10432.466	9.604265760367683	2223.672	37.155	-2186.517
codec_wiki	screenshot	libjxl	6	2.0	101280	103423	2143	0.437	2.563	2.1260000000000003	85.8691	85.8691	-2.3543	-2.3543	0.0	-13.842	-13.842	0.0	79655.518	11775.836	6.764319577820207	2035.283	32.819	-2002.464
codec_wiki	screenshot	libjxl	6	2.25	97108	99132	2024	-0.31	1.768	2.078	86.3269	86.3269	-1.7592	-1.7592	0.0	2.004	2.004	0.0	66053.736	9995.481	6.608359917846876	1727.499	64.004	-1663.4950000000001
codec_wiki	screenshot	libjxl	6	2.5	92390	94463	2073	-0.993	1.228	2.221	86.2094	86.2094	-0.9965	-0.9965	0.0	12.282	12.282	0.0	82097.838	13142.598	6.246697799019646	2341.204	98.277	-2242.927
codec_wiki	screenshot	libjxl	6	2.75	89354	91239	1885	-0.388	1.713	2.101	85.0614	85.0614	-1.8962	-1.8962	0.0	35.605	35.605	0.0	70500.929	9546.49	7.385010511716873	1800.811	43.639	-1757.172
codec_wiki	screenshot	libjxl	6	3.0	85967	87982	2015	-0.037	2.306	2.343	84.5414	84.5414	-1.8192	-1.8192	0.0	1.527	1.527	0.0	61056.428	9685.797	6.303707170406318	1622.274	187.807	-1434.4669999999999
codec_wiki	screenshot	libjxl	6	3.25	82351	84203	1852	-0.553	1.683	2.236	83.2042	83.2042	-2.3077	-2.3077	0.0	-3.027	-3.027	0.0	66974.777	10176.113	6.581567736128717	1909.384	60.848	-1848.536
codec_wiki	screenshot	libjxl	6	3.5	79925	81805	1880	-0.101	2.249	2.35	81.5686	81.5686	-4.1257	-4.1257	0.0	28.333	28.333	0.0	68523.273	9583.815	7.1498952139622896	1718.518	27.269	-1691.249
codec_wiki	screenshot	libjxl	6	3.75	77109	79023	1914	-1.532	0.912	2.444	82.2832	82.2832	-1.9736	-1.9736	0.0	13.006	13.006	0.0	63817.393	10536.148	6.056994738494562	1887.884	44.056	-1843.828
codec_wiki	screenshot	libjxl	6	4.0	75012	76804	1792	0.801	3.209	2.408	79.1375	79.1375	-5.3657	-5.3657	0.0	7.957	7.957	0.0	68491.357	17193.403	3.9835835291012494	1362.807	129.339	-1233.468
codec_wiki	screenshot	libjxl	6	4.25	74542	76304	1762	2.202	4.618	2.4160000000000004	80.0648	80.0648	-3.7643	-3.7643	0.0	4.767	4.767	0.0	61668.175	14653.594	4.208399318283283	1467.779	96.426	-1371.353
codec_wiki	screenshot	libjxl	6	4.5	71567	73271	1704	1.233	3.644	2.411	79.8231	79.8231	-3.2177	-3.2177	0.0	10.223	10.223	0.0	68291.057	9957.195	6.858463352379863	1828.501	10.897	-1817.604
codec_wiki	screenshot	libjxl	6	4.75	68044	69734	1690	0.917	3.423	2.5060000000000002	78.9301	78.9301	-3.6945	-3.6945	0.0	9.49	9.49	0.0	66763.118	7351.378	9.081714747901687	1912.086	94.128	-1817.958
codec_wiki	screenshot	libjxl	6	5.0	67939	69752	1813	1.803	4.519	2.716	78.3524	78.3524	-3.7243	-3.7243	0.0	12.544	12.544	0.0	62316.876	7164.865	8.69756457379169	1932.63	54.901	-1877.729
codec_wiki	screenshot	libjxl	7	0.25	145407	148635	3228	-23.435	-21.736	1.698999999999998	93.6927	93.6927	0.0889	0.0889	0.0	-34.43	-34.43	0.0	70724.2	5172.938	13.671959725788323	2672.49	105.87	-2566.62
codec_wiki	screenshot	libjxl	7	0.5	114174	116825	2651	-23.538	-21.763	1.7749999999999986	92.9091	92.9091	0.1379	0.1379	0.0	-24.51	-24.51	0.0	76673.595	8765.627	8.747074795676339	4405.903	203.32	-4202.5830000000005
codec_wiki	screenshot	libjxl	7	0.75	121268	123691	2423	-19.705	-18.101	1.6039999999999992	91.3945	91.3945	-0.6443	-0.6443	0.0	-11.964	-11.964	0.0	76148.604	12951.458	5.879539122159065	1966.354	157.226	-1809.1280000000002
codec_wiki	screenshot	libjxl	7	1.0	109479	111719	2240	-19.163	-17.509	1.654	90.4851	90.4851	-0.8151	-0.8151	0.0	-7.989	-7.989	0.0	77129.822	11157.603	6.912759129357802	2202.686	36.353	-2166.333
codec_wiki	screenshot	libjxl	7	1.25	100150	102299	2149	-19.431	-17.702	1.7289999999999992	90.5132	90.5132	0.0239	0.0239	0.0	-10.899	-10.899	0.0	80415.461	7761.051	10.361413808516398	1948.839	4.642	-1944.197
codec_wiki	screenshot	libjxl	7	1.5	94312	96423	2111	-17.882	-16.044	1.838000000000001	89.9551	89.9551	-0.1118	-0.1118	0.0	1.834	1.834	0.0	84562.323	5222.231	16.192758037704575	2397.716	-13.105	-2410.821
codec_wiki	screenshot	libjxl	7	1.75	88763	90677	1914	-18.601	-16.846	1.754999999999999	88.5579	88.5579	-0.594	-0.594	0.0	-1.376	-1.376	0.0	72708.903	12897.689	5.6373589873348635	1793.35	67.962	-1725.388
codec_wiki	screenshot	libjxl	7	2.0	85730	87666	1936	-17.425	-15.56	1.8650000000000002	86.655	86.655	-1.5601	-1.5601	0.0	-1.08	-1.08	0.0	72874.746	9053.889	8.048999275339028	2091.318	9.082	-2082.2360000000003
codec_wiki	screenshot	libjxl	7	2.25	82257	84019	1762	-17.225	-15.452	1.7730000000000015	87.1797	87.1797	-0.9046	-0.9046	0.0	5.891	5.891	0.0	75433.818	11767.142	6.410547098012414	1965.522	87.208	-1878.3139999999999
codec_wiki	screenshot	libjxl	7	2.5	79709	81484	1775	-15.953	-14.082	1.8709999999999987	86.9227	86.9227	0.8897	0.8897	0.0	3.244	3.244	0.0	71220.367	7641.118	9.320673623938276	1991.014	71.228	-1919.7859999999998
codec_wiki	screenshot	libjxl	7	2.75	76247	77960	1713	-15.592	-13.696	1.8960000000000008	85.3281	85.3281	-1.8107	-1.8107	0.0	46.549	46.549	0.0	72347.803	12651.152	5.718673129530022	1961.372	111.875	-1849.497
codec_wiki	screenshot	libjxl	7	3.0	73021	74753	1732	1.092	3.49	2.398	83.9049	83.9049	-2.6542	-2.6542	0.0	13.559	13.559	0.0	72106.841	11290.588	6.386455780690961	1435.444	24.165	-1411.279
codec_wiki	screenshot	libjxl	7	3.25	70394	72106	1712	1.686	4.159	2.473	83.8612	83.8612	-2.2245	-2.2245	0.0	-1.598	-1.598	0.0	68813.146	7988.192	8.614358042470686	1422.177	21.765	-1400.4119999999998
codec_wiki	screenshot	libjxl	7	3.5	68532	70059	1527	1.259	3.515	2.2560000000000002	81.7808	81.7808	-2.339	-2.339	0.0	6.661	6.661	0.0	72881.619	7856.508	9.276591966812738	1397.681	10.586	-1387.095
codec_wiki	screenshot	libjxl	7	3.75	66967	68619	1652	2.586	5.116	2.53	82.0482	82.0482	-0.7454	-0.7454	0.0	11.443	11.443	0.0	71482.995	7712.884	9.267998196264847	1323.849	6.826	-1317.023
codec_wiki	screenshot	libjxl	7	4.0	65409	66901	1492	4.304	6.683	2.3789999999999996	80.3354	80.3354	-4.5243	-4.5243	0.0	7.192	7.192	0.0	69320.272	16607.033	4.1741515176130495	1180.81	118.154	-1062.656
codec_wiki	screenshot	libjxl	7	4.25	64210	65779	1569	4.082	6.625	2.543	80.3998	80.3998	-2.5439	-2.5439	0.0	0.512	0.512	0.0	65104.885	14306.521	4.550713971621752	1382.823	87.708	-1295.115
codec_wiki	screenshot	libjxl	7	4.5	61715	63317	1602	3.059	5.735	2.676	80.9444	80.9444	-1.466	-1.466	0.0	7.48	7.48	0.0	61823.792	18780.569	3.2919019652705943	1207.238	124.527	-1082.711
codec_wiki	screenshot	libjxl	7	4.75	59101	60532	1431	3.907	6.422	2.5149999999999997	80.045	80.045	-0.8012	-0.8012	0.0	2.575	2.575	0.0	69043.997	8362.179	8.25669924071226	1834.975	-3.151	-1838.126
codec_wiki	screenshot	libjxl	7	5.0	58890	60411	1521	2.897	5.555	2.658	79.4242	79.4242	-2.4134	-2.4134	0.0	4.105	4.105	0.0	59550.742	12057.015	4.939094958412178	1542.992	64.551	-1478.441
codec_wiki	screenshot	libjxl	8	0.25	135649	136445	796	-28.333	-27.913	0.41999999999999815	93.5899	93.5899	-0.0139	-0.0139	0.0	-41.253	-41.253	0.0	84024.948	41308.973	2.0340604449304514	3604.151	726.782	-2877.3689999999997
codec_wiki	screenshot	libjxl	8	0.5	105636	106364	728	-28.872	-28.382	0.48999999999999844	92.4964	92.4964	-0.2748	-0.2748	0.0	-36.45	-36.45	0.0	89668.596	39367.078	2.2777559462249144	4190.459	723.144	-3467.3149999999996
codec_wiki	screenshot	libjxl	8	0.75	112312	113183	871	-23.264	-22.669	0.5949999999999989	91.1734	91.1734	-0.7317	-0.7317	0.0	10.772	10.772	0.0	70234.089	49518.469	1.4183412859553475	294.797	125.403	-169.394
codec_wiki	screenshot	libjxl	8	1.0	100241	101199	958	-22.702	-21.963	0.7390000000000008	90.5042	90.5042	-0.7988	-0.7988	0.0	-3.195	-3.195	0.0	74622.18	50128.069	1.4886306512225713	363.654	27.57	-336.084
codec_wiki	screenshot	libjxl	8	1.25	93018	93745	727	-22.668	-22.064	0.6039999999999992	88.971	88.971	-1.1177	-1.1177	0.0	7.793	7.793	0.0	72285.775	48625.744	1.4865741694358445	319.604	14.599	-305.005
codec_wiki	screenshot	libjxl	8	1.5	87410	88097	687	-21.195	-20.576	0.6189999999999998	89.1619	89.1619	-0.6139	-0.6139	0.0	-0.456	-0.456	0.0	81715.472	41931.334	1.948792566437309	371.434	2.35	-369.084
codec_wiki	screenshot	libjxl	8	1.75	81825	82356	531	-21.508	-20.998	0.509999999999998	87.0551	87.0551	-2.4171	-2.4171	0.0	-1.64	-1.64	0.0	78454.334	48353.515	1.6225156330413621	310.94	98.987	-211.953
codec_wiki	screenshot	libjxl	8	2.0	78760	79383	623	-22.149	-21.533	0.6159999999999997	87.9094	87.9094	0.0105	0.0105	0.0	12.326	12.326	0.0	80605.848	39733.941	2.0286396458886373	292.877	8.489	-284.38800000000003
codec_wiki	screenshot	libjxl	8	2.25	75234	75728	494	-22.606	-22.098	0.5080000000000027	86.2787	86.2787	-1.8136	-1.8136	0.0	-16.225	-16.225	0.0	85776.814	44066.872	1.9465146970268277	332.765	23.039	-309.726
codec_wiki	screenshot	libjxl	8	2.5	73002	73402	400	-21.058	-20.625	0.43299999999999983	85.609	85.609	-0.3349	-0.3349	0.0	29.455	29.455	0.0	80498.644	40510.591	1.9871012002762438	340.709	28.701	-312.008
codec_wiki	screenshot	libjxl	8	2.75	68763	69315	552	-22.006	-21.38	0.6260000000000012	84.5045	84.5045	-2.0248	-2.0248	0.0	15.207	15.207	0.0	82884.407	59575.786	1.3912431973620962	294.897	49.02	-245.87699999999998
codec_wiki	screenshot	libjxl	8	3.0	66256	66738	482	-21.604	-21.034	0.5700000000000003	83.8712	83.8712	-2.266	-2.266	0.0	5.82	5.82	0.0	81029.855	52347.635	1.5479181628740246	342.789	23.8	-318.989
codec_wiki	screenshot	libjxl	8	3.25	64301	64839	538	-21.903	-21.25	0.6529999999999987	81.9108	81.9108	-1.207	-1.207	0.0	3.34	3.34	0.0	81832.798	56381.401	1.4514147670789521	322.783	105.584	-217.199
codec_wiki	screenshot	libjxl	8	3.5	62570	63021	451	-20.237	-19.662	0.5749999999999993	79.5732	79.5732	-2.5823	-2.5823	0.0	2.493	2.493	0.0	73293.298	39634.964	1.849208138551608	290.493	8.582	-281.911
codec_wiki	screenshot	libjxl	8	3.75	61019	61373	354	-19.914	-19.45	0.4640000000000022	80.8089	80.8089	-1.9229	-1.9229	0.0	-2.77	-2.77	0.0	81515.617	43471.534	1.8751493103509989	343.577	39.478	-304.099
codec_wiki	screenshot	libjxl	8	4.0	58500	59013	513	-19.819	-19.116	0.7029999999999994	81.5694	81.5694	-1.7045	-1.7045	0.0	4.174	4.174	0.0	93833.931	48988.575	1.915424790372041	376.228	68.563	-307.665
codec_wiki	screenshot	libjxl	8	4.25	57119	57590	471	-19.323	-18.658	0.6649999999999991	79.1679	79.1679	-2.5157	-2.5157	0.0	-4.445	-4.445	0.0	85775.939	48570.293	1.7660165031328925	323.075	53.923	-269.152
codec_wiki	screenshot	libjxl	8	4.5	55565	56074	509	-18.465	-17.719	0.7459999999999987	79.7743	79.7743	-1.5364	-1.5364	0.0	-1.371	-1.371	0.0	74228.663	51280.999	1.4474886302429482	307.67	83.088	-224.58200000000002
codec_wiki	screenshot	libjxl	8	4.75	51967	52440	473	-20.935	-20.215	0.7199999999999989	78.9202	78.9202	-0.3728	-0.3728	0.0	1.611	1.611	0.0	72658.836	63720.716	1.140270238018041	249.305	189.179	-60.126000000000005
codec_wiki	screenshot	libjxl	8	5.0	51918	52247	329	-20.559	-20.055	0.5040000000000013	78.6303	78.6303	-1.751	-1.751	0.0	0.312	0.312	0.0	77369.677	67795.936	1.141214083982851	282.45	78.022	-204.428
codec_wiki	screenshot	libjxl	9	0.25	128315	128315	0	-32.155	-32.155	0.0	93.5899	93.5899	-0.0139	-0.0139	0.0	-41.253	-41.253	0.0	93238.492	110139.763	0.8465470549450882	4187.372	1731.299	-2456.0730000000003
codec_wiki	screenshot	libjxl	9	0.5	103331	103331	0	-30.307	-30.307	0.0	92.4964	92.4964	-0.2748	-0.2748	0.0	-36.45	-36.45	0.0	90722.049	185072.203	0.49019813634573745	3011.593	3332.815	321.2220000000002
codec_wiki	screenshot	libjxl	9	0.75	111774	111774	0	-23.152	-23.152	0.0	91.1785	91.1785	-0.6987	-0.6987	0.0	10.772	10.772	0.0	92478.766	143108.062	0.6462163256742307	229.704	150.896	-78.80800000000002
codec_wiki	screenshot	libjxl	9	1.0	99951	99952	1	-22.655	-22.655	0.0	90.5042	90.5042	-0.7978	-0.7978	0.0	-2.99	-2.99	0.0	83751.068	224529.636	0.37300674196968814	204.481	308.783	104.30200000000002
codec_wiki	screenshot	libjxl	9	1.25	92712	92712	0	-22.769	-22.769	0.0	88.971	88.971	-1.1909	-1.1909	0.0	-7.236	-7.236	0.0	83873.548	202650.896	0.41388194997173855	216.286	277.911	61.625
codec_wiki	screenshot	libjxl	9	1.5	87121	87121	0	-21.192	-21.192	0.0	89.1619	89.1619	-0.6418	-0.6418	0.0	-0.456	-0.456	0.0	89515.529	141417.759	0.6329864766135914	215.607	226.429	10.822000000000003
codec_wiki	screenshot	libjxl	9	1.75	81429	81430	1	-21.685	-21.684	0.0009999999999976694	87.0551	87.0551	-2.4206	-2.4206	0.0	-1.64	-1.64	0.0	87337.387	106820.631	0.8176078551717225	209.973	92.849	-117.12400000000001
codec_wiki	screenshot	libjxl	9	2.0	78612	78612	0	-22.299	-22.299	0.0	87.9094	87.9094	0.0014	0.0014	0.0	12.363	12.363	0.0	85023.141	116269.859	0.7312569373632767	212.895	212.209	-0.686000000000007
codec_wiki	screenshot	libjxl	9	2.25	75356	75356	0	-22.524	-22.524	0.0	86.2787	86.2787	-1.8364	-1.8364	0.0	-16.227	-16.227	0.0	93271.004	117761.808	0.7920310122955992	229.67	159.182	-70.488
codec_wiki	screenshot	libjxl	9	2.5	73038	73038	0	-21.185	-21.185	0.0	85.6329	85.6329	-0.3064	-0.3064	0.0	29.455	29.455	0.0	82359.068	157868.374	0.5216945352208416	205.123	248.41	43.287000000000006
codec_wiki	screenshot	libjxl	9	2.75	68638	68638	0	-22.448	-22.448	0.0	84.5045	84.5045	-2.0266	-2.0266	0.0	15.207	15.207	0.0	100539.156	109648.353	0.9169235401100826	246.524	77.94	-168.584
codec_wiki	screenshot	libjxl	9	3.0	66221	66222	1	-22.07	-22.069	0.0010000000000012221	83.8712	83.8712	-2.2623	-2.2623	0.0	5.82	5.82	0.0	98197.046	181556.013	0.5408636396966924	171.712	209.502	37.79000000000002
codec_wiki	screenshot	libjxl	9	3.25	64008	64008	0	-22.743	-22.743	0.0	81.9108	81.9108	-1.2189	-1.2189	0.0	3.34	3.34	0.0	88392.906	118831.724	0.7438493949645971	174.575	172.572	-2.002999999999986
codec_wiki	screenshot	libjxl	9	3.5	62436	62436	0	-20.909	-20.909	0.0	79.5732	79.5732	-2.6108	-2.6108	0.0	2.493	2.493	0.0	75160.204	141506.573	0.5311428466294636	147.516	328.291	180.775
codec_wiki	screenshot	libjxl	9	3.75	61063	61063	0	-20.405	-20.405	0.0	80.8089	80.8089	-1.9208	-1.9208	0.0	-2.769	-2.769	0.0	76587.345	116556.468	0.6570836120394452	170.492	115.39	-55.10199999999999
codec_wiki	screenshot	libjxl	9	4.75	51890	51890	0	-21.955	-21.955	0.0	78.9202	78.9202	-0.3939	-0.3939	0.0	1.611	1.611	0.0	84255.265	119682.842	0.7039878364519452	211.866	172.665	-39.20100000000002
codec_wiki	screenshot	libjxl	9	5.0	51944	51944	0	-21.262	-21.262	0.0	78.6303	78.6303	-1.788	-1.788	0.0	0.312	0.312	0.0	85676.038	120542.541	0.710753542187235	238.054	171.177	-66.87700000000001
graph	screenshot	libjxl	5	0.25	35493	36672	1179	1.238	4.601	3.363	96.5803	96.5803	0.0151	0.0151	0.0	11.338	11.338	0.0	1416.275	628.286	2.254188379177636	310.358	60.828	-249.53
graph	screenshot	libjxl	5	0.5	28499	29519	1020	0.211	3.798	3.587	94.8724	94.8724	-0.1011	-0.1011	0.0	1.091	1.091	0.0	1594.516	489.65	3.256440314510365	798.638	-29.048	-827.686
graph	screenshot	libjxl	5	0.75	28522	29293	771	3.068	5.854	2.786	92.2945	92.2945	-0.8293	-0.8293	0.0	-12.743	-12.743	0.0	1804.468	684.777	2.6351177098529885	740.506	30.935	-709.571
graph	screenshot	libjxl	5	1.0	25368	26097	729	1.452	4.367	2.915	91.6711	91.6711	-0.0532	-0.0532	0.0	-31.214	-31.214	0.0	1603.264	388.522	4.126571983053727	553.637	-8.593	-562.2299999999999
graph	screenshot	libjxl	5	1.25	23762	24378	616	3.511	6.194	2.683	89.5463	89.5463	-1.057	-1.057	0.0	-6.14	-6.14	0.0	1415.279	382.326	3.7017597547642587	490.114	-43.08	-533.194
graph	screenshot	libjxl	5	1.5	22008	22653	645	3.406	6.437	3.031	89.0213	89.0213	-0.25	-0.25	0.0	-2.956	-2.956	0.0	1580.212	420.579	3.75722991399951	560.622	-25.247	-585.8689999999999
graph	screenshot	libjxl	5	1.75	20819	21435	616	4.116	7.196	3.08	88.0207	88.0207	-0.538	-0.538	0.0	-11.407	-11.407	0.0	1533.5	462.349	3.3167585525220127	525.476	-13.742	-539.218
graph	screenshot	libjxl	5	2.0	19867	20551	684	5.166	8.787	3.6210000000000004	86.3866	86.3866	-0.112	-0.112	0.0	-2.213	-2.213	0.0	1725.925	435.221	3.965628956323339	443.444	-26.736	-470.18
graph	screenshot	libjxl	5	2.25	19174	19765	591	5.957	9.223	3.266000000000001	84.0289	84.0289	-2.4272	-2.4272	0.0	1.317	1.317	0.0	1733.896	458.563	3.781151117730824	786.643	-21.589	-808.232
graph	screenshot	libjxl	5	2.5	18075	18680	605	3.736	7.208	3.472	84.9821	84.9821	0.0402	0.0402	0.0	0.375	0.375	0.0	1434.457	585.441	2.450216161833558	281.71	22.055	-259.655
graph	screenshot	libjxl	5	2.75	17612	18205	593	2.235	5.677	3.4419999999999997	84.1306	84.1306	2.4538	2.4538	0.0	-5.866	-5.866	0.0	1527.605	352.501	4.3336189117194	716.696	-45.835	-762.5310000000001
graph	screenshot	libjxl	5	3.0	16944	17507	563	2.947	6.367	3.42	83.1031	83.1031	0.7752	0.7752	0.0	-1.312	-1.312	0.0	1315.466	406.505	3.2360389171104904	579.235	104.402	-474.833
graph	screenshot	libjxl	5	3.25	16600	17180	580	5.921	9.622	3.7009999999999996	81.3493	81.3493	-0.6096	-0.6096	0.0	-10.882	-10.882	0.0	1454.272	426.684	3.408311537343795	773.994	172.617	-601.3770000000001
graph	screenshot	libjxl	5	3.5	15817	16352	535	4.985	8.536	3.5509999999999993	81.85	81.85	0.885	0.885	0.0	-0.569	-0.569	0.0	1346.911	435.829	3.0904574959445106	681.832	150.845	-530.987
graph	screenshot	libjxl	5	3.75	15478	16101	623	6.217	10.493	4.276000000000001	81.254	81.254	0.0241	0.0241	0.0	-5.286	-5.286	0.0	1270.619	494.729	2.568313157304302	693.683	36.47	-657.213
graph	screenshot	libjxl	5	4.0	15342	15849	507	7.324	10.871	3.5470000000000006	80.2321	80.2321	-0.4001	-0.4001	0.0	6.551	6.551	0.0	1418.159	565.449	2.508022827876608	701.195	57.459	-643.7360000000001
graph	screenshot	libjxl	5	4.25	14774	15236	462	4.966	8.249	3.2830000000000004	79.5984	79.5984	-0.703	-0.703	0.0	-5.054	-5.054	0.0	1516.808	556.221	2.7269880137571216	589.407	208.586	-380.821
graph	screenshot	libjxl	5	4.5	14185	14706	521	4.872	8.724	3.8520000000000003	78.2735	78.2735	5.4621	5.4621	0.0	-2.629	-2.629	0.0	1416.279	581.861	2.434050400353349	698.532	26.723	-671.8090000000001
graph	screenshot	libjxl	5	4.75	13755	14266	511	4.078	7.945	3.867	76.1086	76.1086	1.9164	1.9164	0.0	-4.516	-4.516	0.0	1257.728	406.352	3.0951687207150456	692.922	-30.26	-723.182
graph	screenshot	libjxl	5	5.0	13437	13967	530	1.965	5.987	4.022	71.2996	71.2996	-4.382	-4.382	0.0	-1.354	-1.354	0.0	1235.294	670.938	1.8411447853601974	540.492	166.3	-374.19199999999995
graph	screenshot	libjxl	6	0.25	34669	36002	1333	-0.866	2.945	3.811	96.5506	96.5506	0.0362	0.0362	0.0	-0.48	-0.48	0.0	1388.335	283.913	4.890001514548471	453.159	-5.86	-459.019
graph	screenshot	libjxl	6	0.5	28232	29197	965	0.854	4.301	3.447	94.7499	94.7499	-0.3229	-0.3229	0.0	3.726	3.726	0.0	1791.406	285.711	6.269993104920706	1027.811	0.614	-1027.197
graph	screenshot	libjxl	6	0.75	28362	29135	773	3.045	5.853	2.808	92.2595	92.2595	-1.0257	-1.0257	0.0	-18.652	-18.652	0.0	1646.883	690.988	2.3833742409419556	453.367	-22.122	-475.48900000000003
graph	screenshot	libjxl	6	1.0	25215	25908	693	1.965	4.768	2.803	91.8765	91.8765	-0.0659	-0.0659	0.0	-26.757	-26.757	0.0	1442.055	662.684	2.1760824163553067	352.333	43.454	-308.879
graph	screenshot	libjxl	6	1.25	23230	23883	653	2.842	5.733	2.8909999999999996	89.6781	89.6781	-1.2574	-1.2574	0.0	1.584	1.584	0.0	1374.308	465.634	2.95147691105031	284.841	-19.634	-304.475
graph	screenshot	libjxl	6	1.5	21759	22439	680	2.246	5.441	3.195	89.4267	89.4267	-0.2664	-0.2664	0.0	2.878	2.878	0.0	1683.477	598.939	2.8107653700961204	383.654	-13.194	-396.848
graph	screenshot	libjxl	6	1.75	20586	21243	657	1.982	5.236	3.2539999999999996	88.4676	88.4676	-0.5286	-0.5286	0.0	1.236	1.236	0.0	1754.722	463.276	3.7876384703718733	333.663	-34.346	-368.009
graph	screenshot	libjxl	6	2.0	19688	20353	665	3.365	6.857	3.492	86.7078	86.7078	-0.3823	-0.3823	0.0	5.273	5.273	0.0	1607.859	908.808	1.769195473631394	370.686	13.718	-356.96799999999996
graph	screenshot	libjxl	6	2.25	19031	19622	591	4.274	7.512	3.2379999999999995	84.4703	84.4703	-2.9475	-2.9475	0.0	0.307	0.307	0.0	1587.381	937.44	1.6933147721454174	341.828	101.535	-240.29299999999998
graph	screenshot	libjxl	6	2.5	17954	18572	618	1.815	5.319	3.504	85.112	85.112	-1.1662	-1.1662	0.0	43.11	43.11	0.0	1461.474	947.484	1.5424788175842545	299.833	60.722	-239.11100000000002
graph	screenshot	libjxl	6	2.75	17503	18079	576	-0.051	3.238	3.289	84.6362	84.6362	1.4898	1.4898	0.0	1.586	1.586	0.0	1260.949	802.288	1.571691213130447	312.439	23.272	-289.16700000000003
graph	screenshot	libjxl	6	3.0	16860	17429	569	0.952	4.359	3.407	82.808	82.808	-0.434	-0.434	0.0	-10.519	-10.519	0.0	1262.347	817.668	1.5438380858734841	186.473	22.809	-163.66400000000002
graph	screenshot	libjxl	6	3.25	16479	16985	506	4.556	7.766	3.21	82.494	82.494	-1.1107	-1.1107	0.0	0.651	0.651	0.0	1384.743	893.047	1.550582444149076	328.86	16.686	-312.17400000000004
graph	screenshot	libjxl	6	3.5	15592	16137	545	1.636	5.189	3.553	82.1984	82.1984	0.1563	0.1563	0.0	-1.292	-1.292	0.0	1145.77	844.379	1.3569380574362935	264.33	36.554	-227.77599999999998
graph	screenshot	libjxl	6	3.75	15296	15860	564	2.513	6.293	3.7800000000000002	81.5802	81.5802	-0.243	-0.243	0.0	-0.838	-0.838	0.0	1371.225	810.816	1.69116667653327	293.953	-2.778	-296.731
graph	screenshot	libjxl	6	4.0	15117	15608	491	2.28	5.602	3.3220000000000005	80.0634	80.0634	-0.9333	-0.9333	0.0	0.508	0.508	0.0	1570.919	1470.367	1.0683856479368756	268.05	194.248	-73.80200000000002
graph	screenshot	libjxl	6	4.25	14824	15306	482	1.562	4.864	3.3019999999999996	79.374	79.374	-0.7297	-0.7297	0.0	-0.206	-0.206	0.0	1436.444	1242.788	1.155823841234386	273.613	109.018	-164.595
graph	screenshot	libjxl	6	4.5	14239	14794	555	-0.126	3.767	3.893	78.0204	78.0204	5.4284	5.4284	0.0	-10.388	-10.388	0.0	1538.271	1493.267	1.0301379458596487	349.578	28.181	-321.397
graph	screenshot	libjxl	6	4.75	13843	14358	515	2.147	5.947	3.8000000000000003	76.044	76.044	1.9798	1.9798	0.0	-3.022	-3.022	0.0	1215.26	1300.624	0.9343668885089004	363.275	85.974	-277.301
graph	screenshot	libjxl	6	5.0	13324	13865	541	-1.421	2.582	4.003	71.0549	71.0549	-4.2404	-4.2404	0.0	-0.29	-0.29	0.0	1184.99	1298.625	0.9124959091346617	314.936	74.495	-240.44099999999997
graph	screenshot	libjxl	7	0.25	37362	38700	1338	13.208	17.262	4.054	96.5388	96.5388	0.1034	0.1034	0.0	9.294	9.294	0.0	1410.411	1108.275	1.27261825810381	389.077	49.18	-339.897
graph	screenshot	libjxl	7	0.5	30109	31080	971	14.701	18.4	3.698999999999998	94.7753	94.7753	0.1405	0.1405	0.0	-42.822	-42.822	0.0	1792.018	794.412	2.255779117133175	461.08	17.356	-443.724
graph	screenshot	libjxl	7	0.75	28719	29505	786	10.769	13.8	3.0310000000000006	92.0804	92.0804	-1.1573	-1.1573	0.0	-18.652	-18.652	0.0	1699.177	931.092	1.824929222890971	141.559	24.452	-117.107
graph	screenshot	libjxl	7	1.0	25179	25875	696	7.218	10.181	2.962999999999999	91.7369	91.7369	-0.3691	-0.3691	0.0	-25.809	-25.809	0.0	1587.892	357.927	4.436357134275983	282.822	-22.756	-305.578
graph	screenshot	libjxl	7	1.25	23377	24036	659	8.756	11.821	3.0649999999999995	89.726	89.726	-1.6448	-1.6448	0.0	-5.18	-5.18	0.0	1450.217	390.05	3.7180284578900142	237.211	-33.845	-271.05600000000004
graph	screenshot	libjxl	7	1.5	21942	22635	693	7.68	11.081	3.401	89.4649	89.4649	-0.6221	-0.6221	0.0	-5.247	-5.247	0.0	1659.315	455.53	3.642603121638531	288.736	-46.742	-335.478
graph	screenshot	libjxl	7	1.75	20781	21439	658	7.047	10.436	3.3890000000000002	88.5751	88.5751	-0.9128	-0.9128	0.0	-0.64	-0.64	0.0	1722.512	494.376	3.4842144440668643	366.643	-39.673	-406.316
graph	screenshot	libjxl	7	2.0	19879	20555	676	8.848	12.55	3.702	86.7527	86.7527	-1.2428	-1.2428	0.0	2.796	2.796	0.0	1709.882	512.153	3.3386156090074643	231.225	-20.06	-251.285
graph	screenshot	libjxl	7	2.25	19180	19775	595	10.103	13.519	3.4160000000000004	84.6254	84.6254	-2.9615	-2.9615	0.0	1.513	1.513	0.0	1559.35	508.383	3.067274082728966	239.111	-0.749	-239.85999999999999
graph	screenshot	libjxl	7	2.5	17927	18547	620	6.766	10.458	3.692	85.1456	85.1456	-0.0363	-0.0363	0.0	3.126	3.126	0.0	1509.834	845.875	1.7849374907640019	293.158	-1.198	-294.356
graph	screenshot	libjxl	7	2.75	17517	18087	570	5.131	8.552	3.4209999999999994	84.9755	84.9755	2.6208	2.6208	0.0	1.514	1.514	0.0	1264.775	718.92	1.7592708507205255	181.11	-30.474	-211.584
graph	screenshot	libjxl	7	3.0	16850	17437	587	6.977	10.704	3.7270000000000003	83.5098	83.5098	0.3696	0.3696	0.0	-3.418	-3.418	0.0	1368.926	783.882	1.7463419239120175	375.29	0.135	-375.15500000000003
graph	screenshot	libjxl	7	3.25	16458	16974	516	8.727	12.136	3.408999999999999	81.8818	81.8818	-1.4762	-1.4762	0.0	1.188	1.188	0.0	1592.644	854.118	1.8646650696976295	266.031	29.442	-236.589
graph	screenshot	libjxl	7	3.5	15558	16109	551	7.097	10.89	3.793	81.9296	81.9296	-0.2122	-0.2122	0.0	-1.237	-1.237	0.0	1365.627	771.327	1.7704903367832319	160.161	73.455	-86.706
graph	screenshot	libjxl	7	3.75	15347	15911	564	8.199	12.176	3.9770000000000003	81.1138	81.1138	-0.5494	-0.5494	0.0	-1.193	-1.193	0.0	1304.675	1184.197	1.1017381398534196	343.657	58.025	-285.632
graph	screenshot	libjxl	7	4.0	15080	15570	490	6.935	10.41	3.4750000000000005	78.8347	78.8347	-1.9112	-1.9112	0.0	-1.439	-1.439	0.0	1700.988	1243.208	1.368224786198287	291.339	41.735	-249.60399999999998
graph	screenshot	libjxl	7	4.25	14827	15301	474	7.38	10.813	3.4330000000000007	78.7254	78.7254	-0.6674	-0.6674	0.0	-1.043	-1.043	0.0	1713.713	1523.901	1.124556647708742	403.955	75.728	-328.227
graph	screenshot	libjxl	7	4.5	14224	14778	554	5.106	9.2	4.093999999999999	77.7543	77.7543	0.8334	0.8334	0.0	-10.07	-10.07	0.0	1709.757	1210.996	1.4118601547816838	299.764	22.571	-277.193
graph	screenshot	libjxl	7	4.75	13842	14359	517	7.728	11.752	4.024000000000001	76.6952	76.6952	0.6387	0.6387	0.0	-3.007	-3.007	0.0	1352.354	1105.766	1.223001973292722	277.959	22.204	-255.755
graph	screenshot	libjxl	7	5.0	13321	13857	536	3.24	7.394	4.154	70.9441	70.9441	-1.4039	-1.4039	0.0	1.609	1.609	0.0	1444.101	1138.767	1.268126842453285	254.273	-1.163	-255.436
graph	screenshot	libjxl	8	0.25	35598	35730	132	-7.331	-6.987	0.3440000000000003	96.0739	96.0739	-0.2442	-0.2442	0.0	3.581	3.581	0.0	2577.286	4247.357	0.6067975920083949	73.72	40.815	-32.905
graph	screenshot	libjxl	8	0.5	27756	27958	202	-8.299	-7.632	0.6669999999999998	94.4298	94.4298	-0.1817	-0.1817	0.0	11.441	11.441	0.0	2473.772	3604.093	0.6863785146498717	76.643	-1.539	-78.182
graph	screenshot	libjxl	8	0.75	26480	26681	201	-12.28	-11.614	0.6659999999999986	92.6225	92.6225	-0.023	-0.023	0.0	22.487	22.487	0.0	2993.046	3381.988	0.8849960437470505	73.892	7.133	-66.759
graph	screenshot	libjxl	8	1.0	23441	23535	94	-12.713	-12.363	0.34999999999999964	91.0209	91.0209	-0.5436	-0.5436	0.0	-0.791	-0.791	0.0	2486.525	5172.303	0.4807384640845674	50.588	54.653	4.064999999999998
graph	screenshot	libjxl	8	1.25	21565	21698	133	-12.988	-12.452	0.5359999999999996	88.6959	88.6959	-1.9941	-1.9941	0.0	-23.545	-23.545	0.0	2433.388	5521.33	0.4407249702517328	61.668	47.008	-14.659999999999997
graph	screenshot	libjxl	8	1.5	20187	20303	116	-11.905	-11.399	0.5060000000000002	89.2522	89.2522	-0.7342	-0.7342	0.0	18.039	18.039	0.0	2555.998	6528.077	0.3915391929353774	58.142	56.488	-1.6540000000000035
graph	screenshot	libjxl	8	1.75	19054	19180	126	-12.768	-12.192	0.5760000000000005	86.563	86.563	-2.2792	-2.2792	0.0	-7.442	-7.442	0.0	2620.848	3852.386	0.6803181197315118	58.269	14.054	-44.214999999999996
graph	screenshot	libjxl	8	2.0	18298	18460	162	-11.957	-11.177	0.7800000000000011	86.1451	86.1451	-0.9524	-0.9524	0.0	-18.617	-18.617	0.0	2648.104	3790.71	0.6985773113743863	67.658	5.316	-62.342
graph	screenshot	libjxl	8	2.25	17723	17874	151	-10.145	-9.379	0.766	83.109	83.109	-1.9523	-1.9523	0.0	0.318	0.318	0.0	2641.537	3872.524	0.6821228222213729	73.732	2.742	-70.99
graph	screenshot	libjxl	8	2.5	16452	16509	57	-13.561	-13.261	0.3000000000000007	83.7681	83.7681	0.8415	0.8415	0.0	-12.999	-12.999	0.0	2450.951	4287.708	0.5716226478109051	53.765	16.976	-36.789
graph	screenshot	libjxl	8	2.75	15896	16047	151	-14.574	-13.763	0.8109999999999999	82.1916	82.1916	0.0742	0.0742	0.0	0.858	0.858	0.0	2296.301	5989.13	0.3834114470716114	42.973	64.432	21.459000000000003
graph	screenshot	libjxl	8	3.0	15291	15344	53	-14.279	-13.981	0.29800000000000004	82.0635	82.0635	1.8583	1.8583	0.0	11.004	11.004	0.0	2473.514	4145.316	0.5967009511458234	35.516	7.683	-27.833
graph	screenshot	libjxl	8	3.25	14822	14879	57	-13.347	-13.014	0.3330000000000002	78.2691	78.2691	-2.4514	-2.4514	0.0	-6.517	-6.517	0.0	2406.743	3274.618	0.734969086470544	51.214	-14.135	-65.349
graph	screenshot	libjxl	8	3.5	14229	14275	46	-13.375	-13.095	0.27999999999999936	78.8118	78.8118	-1.6169	-1.6169	0.0	-8.071	-8.071	0.0	2145.744	3451.506	0.6216834042878675	30.185	75.294	45.108999999999995
graph	screenshot	libjxl	8	3.75	13946	14027	81	-12.575	-12.067	0.5079999999999991	74.6401	74.6401	-4.0586	-4.0586	0.0	0.764	0.764	0.0	2141.318	1187677.509	0.0018029456513013753	42.521	34334.581	34292.06
graph	screenshot	libjxl	8	4.0	13513	13580	67	-13.356	-12.926	0.4299999999999997	77.6647	77.6647	-0.554	-0.554	0.0	-0.863	-0.863	0.0	2469.713	3828.244	0.64512946405715	90.731	91.101	0.37000000000000455
graph	screenshot	libjxl	8	4.25	13105	13185	80	-13.039	-12.508	0.5310000000000006	70.4846	70.4846	-0.3242	-0.3242	0.0	-11.007	-11.007	0.0	2426.962	3324.67	0.729985833180436	120.207	34.505	-85.702
graph	screenshot	libjxl	8	4.5	12767	12877	110	-13.94	-13.199	0.7409999999999997	69.6546	69.6546	-0.1281	-0.1281	0.0	-15.913	-15.913	0.0	2815.763	3962.289	0.710640490887969	122.787	54.183	-68.60400000000001
graph	screenshot	libjxl	8	4.75	12304	12407	103	-12.972	-12.244	0.7279999999999998	67.48	67.48	-2.5186	-2.5186	0.0	9.164	9.164	0.0	2457.439	5238.173	0.4691404808508615	55.544	99.487	43.943
graph	screenshot	libjxl	8	5.0	12003	12016	13	-14.27	-14.178	0.09199999999999875	66.8956	66.8956	-0.7003	-0.7003	0.0	9.154	9.154	0.0	2306.297	3832.612	0.6017559304202982	59.922	25.629	-34.29299999999999
graph	screenshot	libjxl	9	0.25	34083	34083	0	-10.185	-10.185	0.0	96.0739	96.0739	-0.225	-0.225	0.0	3.581	3.581	0.0	3623.588	8358.45	0.43352391890841	90.754	110.724	19.97
graph	screenshot	libjxl	9	0.5	26626	26626	0	-11.521	-11.521	0.0	94.4298	94.4298	-0.2019	-0.2019	0.0	11.441	11.441	0.0	3306.3	10598.804	0.31195029174989936	56.161	112.084	55.923
graph	screenshot	libjxl	9	0.75	26416	26416	0	-12.579	-12.579	0.0	92.6225	92.6225	-0.0123	-0.0123	0.0	22.487	22.487	0.0	3667.975	8678.779	0.42263721659463843	69.358	33.928	-35.43000000000001
graph	screenshot	libjxl	9	1.0	23487	23487	0	-12.59	-12.59	0.0	91.0209	91.0209	-0.5453	-0.5453	0.0	-0.791	-0.791	0.0	3063.005	8162.243	0.3752651078876235	44.045	76.917	32.872
graph	screenshot	libjxl	9	1.25	21453	21453	0	-13.545	-13.545	0.0	88.6959	88.6959	-2.0265	-2.0265	0.0	1.545	1.545	0.0	2937.073	6763.396	0.4342600965550442	42.736	47.994	5.258000000000003
graph	screenshot	libjxl	9	1.5	20275	20275	0	-11.821	-11.821	0.0	89.2522	89.2522	-0.7366	-0.7366	0.0	18.039	18.039	0.0	2776.246	9196.855	0.30186906284811493	40.796	88.626	47.830000000000005
graph	screenshot	libjxl	9	1.75	19004	19004	0	-13.378	-13.378	0.0	86.563	86.563	-2.288	-2.288	0.0	-7.442	-7.442	0.0	3241.317	9609.993	0.33728609375678004	61.256	122.075	60.819
graph	screenshot	libjxl	9	2.0	18240	18240	0	-12.426	-12.426	0.0	86.1451	86.1451	-0.9438	-0.9438	0.0	-18.617	-18.617	0.0	2990.26	7955.054	0.37589436853602753	74.544	77.517	2.972999999999999
graph	screenshot	libjxl	9	2.25	17773	17773	0	-9.676	-9.676	0.0	83.109	83.109	-1.9754	-1.9754	0.0	0.318	0.318	0.0	2887.364	7631.367	0.37835475610070907	70.671	72.787	2.1159999999999997
graph	screenshot	libjxl	9	2.5	16423	16423	0	-14.115	-14.115	0.0	83.8575	83.8575	0.8181	0.8181	0.0	-17.064	-17.064	0.0	3262.01	8910.514	0.3660855030360763	65.085	43.561	-21.523999999999994
graph	screenshot	libjxl	9	2.75	15885	15885	0	-14.858	-14.858	0.0	82.1916	82.1916	0.0583	0.0583	0.0	0.858	0.858	0.0	2895.715	6900.338	0.4196482838956585	62.877	41.074	-21.803000000000004
graph	screenshot	libjxl	9	3.0	15241	15241	0	-15.139	-15.139	0.0	82.0635	82.0635	1.8663	1.8663	0.0	11.004	11.004	0.0	2910.505	8117.144	0.35856269150824477	67.34	94.834	27.494
graph	screenshot	libjxl	9	3.25	14803	14802	-1	-13.387	-13.393	-0.006000000000000227	78.2691	78.2691	-2.4653	-2.4653	0.0	-6.517	-6.517	0.0	2809.413	7380.004	0.38067906196256807	27.228	52.783	25.555
graph	screenshot	libjxl	9	3.5	14224	14224	0	-14.044	-14.044	0.0	78.8118	78.8118	-1.6199	-1.6199	0.0	-8.071	-8.071	0.0	2521.593	9006.929	0.27996146078202677	48.917	59.374	10.457
graph	screenshot	libjxl	9	3.75	13915	13915	0	-13.232	-13.232	0.0	74.6401	74.6401	-4.0749	-4.0749	0.0	0.764	0.764	0.0	2659.831	8019.98	0.33165057768223866	41.11	63.85	22.740000000000002
graph	screenshot	libjxl	9	4.0	13564	13564	0	-13.638	-13.638	0.0	77.6647	77.6647	-0.553	-0.553	0.0	-0.863	-0.863	0.0	2608.219	10445.633	0.24969468102124592	26.589	48.44	21.851
graph	screenshot	libjxl	9	4.25	13209	13209	0	-13.201	-13.201	0.0	70.4846	70.4846	-0.3307	-0.3307	0.0	-11.007	-11.007	0.0	3288.67	6408.594	0.5131656023146419	67.139	9.842	-57.297
graph	screenshot	libjxl	9	4.5	12810	12810	0	-13.969	-13.969	0.0	69.6546	69.6546	-0.1388	-0.1388	0.0	-15.913	-15.913	0.0	3515.91	6756.964	0.5203387201707749	107.667	70.828	-36.839
graph	screenshot	libjxl	9	4.75	12341	12341	0	-13.742	-13.742	0.0	67.48	67.48	-2.5414	-2.5414	0.0	9.164	9.164	0.0	3549.787	6973.229	0.5090592894626004	54.339	75.741	21.402
graph	screenshot	libjxl	9	5.0	12046	12046	0	-15.037	-15.037	0.0	66.8956	66.8956	-0.7113	-0.7113	0.0	9.154	9.154	0.0	2839.103	7955.771	0.35686082467682895	37.334	87.069	49.735
imac_dark	screenshot	libjxl	5	0.25	795091	806422	11331	-1.674	-0.273	1.4009999999999998	94.8617	94.8617	-0.1074	-0.1074	0.0	-0.005	-0.005	0.0	146304.083	6297.715	23.231296271743005	7286.213	60.829	-7225.384
imac_dark	screenshot	libjxl	5	0.5	645107	654717	9610	-1.89	-0.428	1.462	93.4613	93.4613	0.0355	0.0355	0.0	-1.527	-1.527	0.0	130488.334	7092.167	18.39893702446657	5866.057	73.26	-5792.797
imac_dark	screenshot	libjxl	5	0.75	675713	683812	8099	-0.7	0.49	1.19	91.4931	91.4931	-0.2388	-0.2388	0.0	-0.651	-0.651	0.0	165494.152	15179.219	10.902678984999163	6904.702	182.919	-6721.783
imac_dark	screenshot	libjxl	5	1.0	608294	616282	7988	-0.356	0.952	1.3079999999999998	89.5438	89.5438	-0.581	-0.581	0.0	-0.834	-0.834	0.0	223398.156	11773.719	18.974306758977345	11720.078	96.371	-11623.707
imac_dark	screenshot	libjxl	5	1.25	555682	563873	8191	-0.343	1.126	1.4689999999999999	88.3141	88.3141	-0.5692	-0.5692	0.0	-3.16	-3.16	0.0	146509.048	9524.81	15.38183417831957	6838.598	143.384	-6695.214
imac_dark	screenshot	libjxl	5	1.5	518709	526288	7579	0.424	1.891	1.467	85.9155	85.9155	-1.3765	-1.3765	0.0	2.892	2.892	0.0	193842.684	7977.051	24.300043211457467	9384.268	80.34	-9303.928
imac_dark	screenshot	libjxl	5	1.75	486481	495748	9267	0.623	2.539	1.9160000000000001	85.0948	85.0948	-1.1015	-1.1015	0.0	11.092	11.092	0.0	86463.827	7636.248	11.322815471681906	4158.365	89.786	-4068.5789999999997
imac_dark	screenshot	libjxl	5	2.0	457382	464408	7026	-0.392	1.138	1.5299999999999998	84.2071	84.2071	-0.53	-0.53	0.0	-1.713	-1.713	0.0	153809.603	9206.369	16.706869233679424	7176.989	179.805	-6997.183999999999
imac_dark	screenshot	libjxl	5	2.25	432715	440792	8077	-0.529	1.327	1.8559999999999999	83.3042	83.3042	0.0872	0.0872	0.0	5.117	5.117	0.0	122421.047	8282.641	14.78043621593644	4885.97	129.807	-4756.1630000000005
imac_dark	screenshot	libjxl	5	2.5	414458	421410	6952	0.377	2.061	1.684	81.8133	81.8133	-0.3851	-0.3851	0.0	1.959	1.959	0.0	134250.607	15945.905	8.41912748131887	5962.026	335.219	-5626.807
imac_dark	screenshot	libjxl	5	2.75	395906	402751	6845	0.706	2.448	1.742	80.6517	80.6517	-0.2546	-0.2546	0.0	-4.958	-4.958	0.0	138792.062	16046.458	8.649389292016968	6913.474	290.196	-6623.278
imac_dark	screenshot	libjxl	5	3.0	377564	385316	7752	-0.057	1.995	2.052	79.6487	79.6487	0.4786	0.4786	0.0	-13.721	-13.721	0.0	135618.03	15306.282	8.860285600382902	6450.246	265.909	-6184.337
imac_dark	screenshot	libjxl	5	3.25	364275	371143	6868	0.151	2.039	1.8880000000000001	78.2414	78.2414	0.09	0.09	0.0	11.375	11.375	0.0	133980.982	17384.175	7.7070658803193135	6401.405	333.746	-6067.659
imac_dark	screenshot	libjxl	5	3.5	352110	358622	6512	-0.495	1.346	1.8410000000000002	76.9523	76.9523	0.1705	0.1705	0.0	16.27	16.27	0.0	117649.69	15644.312	7.520285327983743	5476.795	288.005	-5188.79
imac_dark	screenshot	libjxl	5	3.75	341347	346758	5411	-0.36	1.22	1.58	76.3745	76.3745	0.3709	0.3709	0.0	4.169	4.169	0.0	186423.604	9878.929	18.870831443368	7362.825	292.577	-7070.248
imac_dark	screenshot	libjxl	5	4.0	332673	338895	6222	0.685	2.568	1.883	74.8717	74.8717	1.1539	1.1539	0.0	-4.421	-4.421	0.0	184512.617	18440.717	10.005718161609442	8220.66	510.183	-7710.477
imac_dark	screenshot	libjxl	5	4.25	322772	329576	6804	0.733	2.857	2.124	73.2873	73.2873	-0.0239	-0.0239	0.0	0.943	0.943	0.0	152183.296	29931.595	5.084369743744027	6835.522	952.171	-5883.351
imac_dark	screenshot	libjxl	5	4.5	315736	322402	6666	1.407	3.548	2.141	70.8924	70.8924	-1.5231	-1.5231	0.0	4.399	4.399	0.0	186057.655	21327.333	8.723906313086593	8879.393	309.622	-8569.771
imac_dark	screenshot	libjxl	5	4.75	303375	310106	6731	0.478	2.707	2.229	69.3669	69.3669	-1.9175	-1.9175	0.0	0.445	0.445	0.0	125153.545	10302.701	12.147644098377699	6574.092	181.355	-6392.737
imac_dark	screenshot	libjxl	5	5.0	295578	301621	6043	0.39	2.442	2.052	67.2556	67.2556	-3.2916	-3.2916	0.0	-9.165	-9.165	0.0	132312.449	15748.766	8.40144865953307	5828.795	457.513	-5371.282
imac_dark	screenshot	libjxl	6	0.25	792877	804312	11435	-1.994	-0.58	1.4140000000000001	94.8826	94.8826	-0.0169	-0.0169	0.0	2.727	2.727	0.0	150029.118	10234.65	14.658939778106726	6096.206	81.871	-6014.335
imac_dark	screenshot	libjxl	6	0.5	645853	655026	9173	-2.477	-1.091	1.386	93.5134	93.5134	-0.0855	-0.0855	0.0	-0.696	-0.696	0.0	213967.83	5106.336	41.902418877253666	8840.065	38.765	-8801.300000000001
imac_dark	screenshot	libjxl	6	0.75	672397	680797	8400	-1.075	0.16	1.2349999999999999	91.4064	91.4064	-0.2137	-0.2137	0.0	-7.098	-7.098	0.0	165111.446	8327.426	19.82742878771904	3359.588	15.148	-3344.44
imac_dark	screenshot	libjxl	6	1.0	606031	613693	7662	-1.19	0.06	1.25	89.5147	89.5147	-0.5757	-0.5757	0.0	-0.547	-0.547	0.0	238483.356	6291.167	37.90764988435373	5809.035	-7.344	-5816.379
imac_dark	screenshot	libjxl	6	1.25	550997	559660	8663	-1.374	0.176	1.55	88.463	88.463	-0.5056	-0.5056	0.0	6.041	6.041	0.0	224363.771	7587.627	29.569689047708856	5620.166	16.475	-5603.691
imac_dark	screenshot	libjxl	6	1.5	513394	521285	7891	-0.733	0.793	1.526	85.9723	85.9723	-1.5368	-1.5368	0.0	1.851	1.851	0.0	147856.273	16511.336	8.954834000107562	4554.301	256.575	-4297.726000000001
imac_dark	screenshot	libjxl	6	1.75	482246	490982	8736	-0.641	1.159	1.8	85.0722	85.0722	-1.0994	-1.0994	0.0	2.555	2.555	0.0	89853.868	19483.286	4.611843607900639	2117.296	134.824	-1982.4719999999998
imac_dark	screenshot	libjxl	6	2.0	453088	460255	7167	-2.081	-0.533	1.548	84.2406	84.2406	-0.6629	-0.6629	0.0	0.161	0.161	0.0	103177.038	17923.419	5.7565489039786435	2456.252	103.175	-2353.0769999999998
imac_dark	screenshot	libjxl	6	2.25	429262	437479	8217	-2.217	-0.345	1.872	83.4073	83.4073	-0.1614	-0.1614	0.0	-0.679	-0.679	0.0	122031.308	16523.764	7.385200369601019	2931.838	54.211	-2877.6270000000004
imac_dark	screenshot	libjxl	6	2.5	410764	418060	7296	-1.764	-0.019	1.745	81.8146	81.8146	-0.7402	-0.7402	0.0	5.042	5.042	0.0	117592.556	9111.041	12.90659936663659	3033.861	-13.428	-3047.2889999999998
imac_dark	screenshot	libjxl	6	2.75	394238	401522	7284	-1.407	0.414	1.821	80.9544	80.9544	-0.1002	-0.1002	0.0	12.733	12.733	0.0	120576.565	11633.203	10.364863829849785	2240.151	101.98	-2138.171
imac_dark	screenshot	libjxl	6	3.0	377275	384870	7595	-2.171	-0.202	1.9689999999999999	79.9555	79.9555	0.5333	0.5333	0.0	8.955	8.955	0.0	142734.732	11110.837	12.846442801743919	2645.387	61.599	-2583.788
imac_dark	screenshot	libjxl	6	3.25	364319	371179	6860	-2.053	-0.209	1.8439999999999999	78.64	78.64	0.041	0.041	0.0	5.816	5.816	0.0	126310.421	11613.359	10.876303832508752	2496.674	61.56	-2435.114
imac_dark	screenshot	libjxl	6	3.5	353361	359814	6453	-2.12	-0.332	1.788	77.592	77.592	0.1909	0.1909	0.0	4.687	4.687	0.0	125096.845	11193.127	11.176219567597151	2523.248	33.116	-2490.132
imac_dark	screenshot	libjxl	6	3.75	343361	348643	5282	-2.038	-0.532	1.5059999999999998	76.7377	76.7377	0.2382	0.2382	0.0	5.751	5.751	0.0	154813.806	9151.645	16.916500366873933	3279.609	28.797	-3250.812
imac_dark	screenshot	libjxl	6	4.0	335800	341415	5615	-1.629	0.016	1.645	75.6661	75.6661	0.4963	0.4963	0.0	-9.789	-9.789	0.0	127563.939	13282.159	9.604156899492018	2655.045	70.19	-2584.855
imac_dark	screenshot	libjxl	6	4.25	322352	328818	6466	-2.258	-0.298	1.96	73.187	73.187	-1.1815	-1.1815	0.0	-13.944	-13.944	0.0	167207.486	15560.235	10.745820098475376	3514.098	148.504	-3365.594
imac_dark	screenshot	libjxl	6	4.5	312489	319343	6854	-1.61	0.548	2.1580000000000004	70.8379	70.8379	-2.5688	-2.5688	0.0	7.076	7.076	0.0	176632.363	17163.617	10.29109208158164	3217.466	113.737	-3103.729
imac_dark	screenshot	libjxl	6	4.75	300591	307502	6911	-1.408	0.858	2.266	69.2327	69.2327	-3.2736	-3.2736	0.0	-6.365	-6.365	0.0	110738.933	9229.496	11.99837271721013	2456.65	68.617	-2388.033
imac_dark	screenshot	libjxl	6	5.0	294035	301164	7129	-0.866	1.537	2.403	67.1635	67.1635	-4.9442	-4.9442	0.0	-0.375	-0.375	0.0	125137.031	11259.289	11.114114843308489	2680.949	57.508	-2623.4410000000003
imac_dark	screenshot	libjxl	7	0.25	403350	410873	7523	-50.072	-49.141	0.9310000000000045	94.9333	94.9333	-0.0375	-0.0375	0.0	0.059	0.059	0.0	180981.405	8704.799	20.7909918425457	6935.269	95.104	-6840.165
imac_dark	screenshot	libjxl	7	0.5	314905	320679	5774	-52.449	-51.577	0.8719999999999999	93.64	93.64	-0.0404	-0.0404	0.0	-0.833	-0.833	0.0	211016.484	9647.421	21.872838761778926	8649.338	117.339	-8531.999
imac_dark	screenshot	libjxl	7	0.75	304029	308485	4456	-55.341	-54.686	0.6550000000000011	92.1953	92.1953	-0.2013	-0.2013	0.0	1.169	1.169	0.0	153281.995	10367.547	14.784789015183629	2754.444	8.448	-2745.996
imac_dark	screenshot	libjxl	7	1.0	272732	277552	4820	-55.582	-54.797	0.7850000000000037	90.5204	90.5204	-0.3489	-0.3489	0.0	-0.428	-0.428	0.0	189524.23	9968.025	19.01321776379975	3295.985	37.383	-3258.6020000000003
imac_dark	screenshot	libjxl	7	1.25	247008	250970	3962	-55.898	-55.191	0.7070000000000007	89.6585	89.6585	-0.0065	-0.0065	0.0	0.73	0.73	0.0	113339.834	10159.635	11.155896250209777	2199.883	48.794	-2151.089
imac_dark	screenshot	libjxl	7	1.5	231319	236098	4779	-55.281	-54.357	0.9239999999999995	87.2327	87.2327	-0.8508	-0.8508	0.0	1.667	1.667	0.0	126758.194	11237.148	11.280281615940273	2397.166	49.257	-2347.909
imac_dark	screenshot	libjxl	7	1.75	218153	222457	4304	-55.065	-54.178	0.8870000000000005	86.1828	86.1828	-0.8438	-0.8438	0.0	2.3	2.3	0.0	155590.455	11002.548	14.141311176283892	3224.273	51.078	-3173.195
imac_dark	screenshot	libjxl	7	2.0	204149	208139	3990	-55.808	-54.944	0.8639999999999972	86.3219	86.3219	0.4126	0.4126	0.0	1.166	1.166	0.0	104026.564	14117.084	7.368842177322172	1976.721	140.877	-1835.844
imac_dark	screenshot	libjxl	7	2.25	195431	198965	3534	-55.557	-54.753	0.804000000000002	85.1922	85.1922	1.0086	1.0086	0.0	-0.668	-0.668	0.0	121746.81	13507.546	9.013244152564795	2226.622	85.634	-2140.988
imac_dark	screenshot	libjxl	7	2.5	187569	191397	3828	-55.154	-54.239	0.9150000000000063	83.9707	83.9707	0.716	0.716	0.0	5.408	5.408	0.0	121015.271	841569.963	0.14379704162516552	2509.786	13260.85	10751.064
imac_dark	screenshot	libjxl	7	2.75	180613	184408	3795	-54.781	-53.831	0.9499999999999957	83.2126	83.2126	1.1865	1.1865	0.0	10.39	10.39	0.0	98983.857	15237.156	6.496216026140311	1890.86	144.536	-1746.3239999999998
imac_dark	screenshot	libjxl	7	3.0	172024	175740	3716	-4.293	-2.226	2.067	81.8691	81.8691	0.2812	0.2812	0.0	8.387	8.387	0.0	107441.077	14509.274	7.404993316688348	1355.198	51.487	-1303.711
imac_dark	screenshot	libjxl	7	3.25	167285	170664	3379	-3.77	-1.826	1.944	80.6438	80.6438	-0.5675	-0.5675	0.0	6.038	6.038	0.0	133823.313	10827.281	12.359826349754846	1884.868	25.588	-1859.28
imac_dark	screenshot	libjxl	7	3.5	162056	164781	2725	-3.512	-1.89	1.622	79.3343	79.3343	-0.6353	-0.6353	0.0	6.009	6.009	0.0	107086.623	9357.201	11.444300811749157	1449.485	-11.482	-1460.9669999999999
imac_dark	screenshot	libjxl	7	3.75	156102	158711	2609	-4.489	-2.892	1.597	78.8143	78.8143	-0.2828	-0.2828	0.0	6.221	6.221	0.0	121028.623	14877.072	8.135244825056974	1662.189	55.927	-1606.2620000000002
imac_dark	screenshot	libjxl	7	4.0	152463	156354	3891	-4.162	-1.716	2.4459999999999997	78.4703	78.4703	0.638	0.638	0.0	-2.538	-2.538	0.0	79580.731	15922.607	4.997971186502311	822.921	85.255	-737.666
imac_dark	screenshot	libjxl	7	4.25	148846	152400	3554	-4.141	-1.852	2.2889999999999997	76.653	76.653	-0.4214	-0.4214	0.0	-11.921	-11.921	0.0	125579.597	33182.733	3.7844862567528716	1700.405	150.858	-1549.547
imac_dark	screenshot	libjxl	7	4.5	146413	148884	2471	-2.332	-0.684	1.6479999999999997	74.265	74.265	-2.5166	-2.5166	0.0	0.024	0.024	0.0	137466.149	37581.974	3.657768189611328	1838.951	151.829	-1687.122
imac_dark	screenshot	libjxl	7	4.75	140654	144936	4282	-1.044	1.969	3.013	72.9561	72.9561	-3.5857	-3.5857	0.0	-6.023	-6.023	0.0	138150.686	17590.471	7.853722961710347	2038.624	74.345	-1964.279
imac_dark	screenshot	libjxl	7	5.0	142093	146583	4490	2.948	6.201	3.2529999999999997	70.0744	70.0744	-5.699	-5.699	0.0	-0.37	-0.37	0.0	142644.932	13611.384	10.479825710596366	2112.287	88.159	-2024.1279999999997
imac_dark	screenshot	libjxl	8	0.25	381238	383597	2359	-52.705	-52.412	0.29299999999999926	94.6995	94.6995	-0.2713	-0.2713	0.0	-22.488	-22.488	0.0	219520.485	53636.696	4.092729444035851	7599.926	1182.069	-6417.857
imac_dark	screenshot	libjxl	8	0.5	296260	296785	525	-55.177	-55.097	0.0799999999999983	93.4084	93.4084	-0.272	-0.272	0.0	-24.15	-24.15	0.0	178446.323	57318.362	3.1132488224279684	6880.033	696.902	-6183.131
imac_dark	screenshot	libjxl	8	0.75	282719	283980	1261	-30.433	-30.123	0.3099999999999987	91.4763	91.4763	-1.4672	-1.4672	0.0	5.796	5.796	0.0	180932.751	56914.183	3.1790450369813796	601.357	34.74	-566.617
imac_dark	screenshot	libjxl	8	1.0	250994	251535	541	-31.618	-31.471	0.14699999999999847	89.5198	89.5198	-2.2708	-2.2708	0.0	4.362	4.362	0.0	205130.822	57126.202	3.5908359880112455	717.591	28.476	-689.115
imac_dark	screenshot	libjxl	8	1.25	228366	228541	175	-32.678	-32.627	0.05099999999999483	88.6066	88.6066	-1.7637	-1.7637	0.0	-5.533	-5.533	0.0	49859.261	56087.185	0.888959946911224	54.894	27.787	-27.107
imac_dark	screenshot	libjxl	8	1.5	214436	213590	-846	-29.44	-29.718	-0.2779999999999987	87.4533	87.4533	-1.5942	-1.5942	0.0	4.641	4.641	0.0	65224.194	56214.787	1.1602675644755178	94.401	28.982	-65.419
imac_dark	screenshot	libjxl	8	1.75	201329	201605	276	-30.862	-30.768	0.09399999999999764	85.1843	85.1843	-2.2802	-2.2802	0.0	-2.272	-2.272	0.0	57500.92	133293.65	0.43138529104724793	84.88	253.944	169.064
imac_dark	screenshot	libjxl	8	2.0	190208	191141	933	-31.543	-31.208	0.33500000000000085	82.6033	82.6033	-4.2419	-4.2419	0.0	8.395	8.395	0.0	170936.651	45902.514	3.7239060806124913	561.898	14.194	-547.7040000000001
imac_dark	screenshot	libjxl	8	2.25	178333	178310	-23	-32.782	-32.791	-0.009000000000000341	82.5707	82.5707	-2.061	-2.061	0.0	-3.331	-3.331	0.0	136682.204	42273.477	3.233285116339023	299.129	12.644	-286.485
imac_dark	screenshot	libjxl	8	2.5	169456	169714	258	-34.626	-34.526	0.09999999999999432	82.9671	82.9671	-0.8833	-0.8833	0.0	0.035	0.035	0.0	144940.649	64927.362	2.232350807661029	466.561	68.89	-397.671
imac_dark	screenshot	libjxl	8	2.75	162790	163626	836	-31.574	-31.223	0.35100000000000264	80.7385	80.7385	-1.8693	-1.8693	0.0	-9.125	-9.125	0.0	104006.537	52622.857	1.976451734652111	152.33	47.126	-105.20400000000001
imac_dark	screenshot	libjxl	8	3.0	156905	157000	95	-31.549	-31.508	0.04100000000000037	80.3892	80.3892	-1.3453	-1.3453	0.0	5.253	5.253	0.0	128459.445	59170.975	2.170987464715598	366.538	42.822	-323.716
imac_dark	screenshot	libjxl	8	3.25	152371	152268	-103	-32.634	-32.679	-0.045000000000001705	78.6736	78.6736	-2.0377	-2.0377	0.0	-1.346	-1.346	0.0	111128.5	53753.846	2.0673590499924415	309.621	33.74	-275.881
imac_dark	screenshot	libjxl	8	3.5	148499	148794	295	-33.508	-33.376	0.132000000000005	78.3489	78.3489	-1.121	-1.121	0.0	5.84	5.84	0.0	109524.536	50324.096	2.1763835757725283	283.279	0.526	-282.753
imac_dark	screenshot	libjxl	8	3.75	141795	142682	887	-36.557	-36.16	0.39700000000000557	77.1702	77.1702	-0.9922	-0.9922	0.0	12.728	12.728	0.0	145864.794	54249.185	2.688792356972736	471.059	47.671	-423.38800000000003
imac_dark	screenshot	libjxl	8	4.75	125428	124945	-483	-31.079	-31.345	-0.26599999999999824	72.2497	72.2497	-3.0296	-3.0296	0.0	-4.498	-4.498	0.0	170610.162	77388.167	2.2046027010821954	529.112	100.903	-428.20899999999995
imac_dark	screenshot	libjxl	8	5.0	127419	128323	904	-29.858	-29.361	0.4969999999999999	67.9185	67.9185	-6.9448	-6.9448	0.0	6.141	6.141	0.0	150985.721	67295.595	2.2436196752551187	410.162	77.943	-332.219
imac_dark	screenshot	libjxl	9	0.25	382637	382637	0	-52.498	-52.498	0.0	94.7238	94.7238	-0.2469	-0.2469	0.0	-38.54	-38.54	0.0	222589.965	236901.95	0.9395868839408033	6901.459	5053.353	-1848.1059999999998
imac_dark	screenshot	libjxl	9	0.5	297364	297364	0	-54.95	-54.95	0.0	93.4037	93.4037	-0.2767	-0.2767	0.0	-28.358	-28.358	0.0	172915.449	176188.467	0.9814231995105559	5806.93	3986.673	-1820.2570000000005
imac_dark	screenshot	libjxl	9	0.75	284023	284023	0	-30.143	-30.143	0.0	91.4889	91.4889	-1.486	-1.486	0.0	-0.444	-0.444	0.0	175028.919	659983.633	0.2652019084236896	350.838	1112.044	761.2060000000001
imac_dark	screenshot	libjxl	9	1.0	251839	251839	0	-31.505	-31.505	0.0	89.535	89.535	-2.2669	-2.2669	0.0	6.06	6.06	0.0	186551.223	181405.862	1.0283638077803683	352.073	227.535	-124.53799999999998
imac_dark	screenshot	libjxl	9	1.25	228834	228834	0	-32.65	-32.65	0.0	88.5936	88.5936	-1.8507	-1.8507	0.0	-7.058	-7.058	0.0	182776.416	170748.014	1.0704453405824093	365.865	206.523	-159.342
imac_dark	screenshot	libjxl	9	1.5	214464	214464	0	-29.363	-29.363	0.0	87.4579	87.4579	-1.5609	-1.5609	0.0	-3.873	-3.873	0.0	150406.344	277110.052	0.5427675499840764	296.652	428.222	131.57
imac_dark	screenshot	libjxl	9	2.0	190618	190618	0	-31.482	-31.482	0.0	82.6132	82.6132	-4.2468	-4.2468	0.0	-2.466	-2.466	0.0	131877.144	277903.303	0.47454327665907586	328.28	447.161	118.88100000000003
imac_dark	screenshot	libjxl	9	2.25	178428	178428	0	-32.916	-32.916	0.0	82.5745	82.5745	-2.0951	-2.0951	0.0	-2.368	-2.368	0.0	126298.417	211642.478	0.5967536299589159	296.969	188.176	-108.793
imac_dark	screenshot	libjxl	9	2.5	169537	169537	0	-34.905	-34.905	0.0	82.9673	82.9673	-0.9139	-0.9139	0.0	3.723	3.723	0.0	124818.615	157940.873	0.7902869765700232	273.467	178.929	-94.53799999999998
imac_dark	screenshot	libjxl	9	2.75	162721	162721	0	-32.004	-32.004	0.0	80.7379	80.7379	-1.8826	-1.8826	0.0	-1.506	-1.506	0.0	135956.593	145934.923	0.9316247968966276	283.053	122.925	-160.128
imac_dark	screenshot	libjxl	9	3.0	156858	156858	0	-31.989	-31.989	0.0	80.39	80.39	-1.3634	-1.3634	0.0	0.864	0.864	0.0	138246.092	166409.615	0.830757838121313	260.267	199.771	-60.49600000000001
imac_dark	screenshot	libjxl	9	3.5	148322	148322	0	-33.954	-33.954	0.0	78.3489	78.3489	-1.1494	-1.1494	0.0	5.84	5.84	0.0	121662.884	372338.009	0.3267538662699354	199.653	604.216	404.563
imac_dark	screenshot	libjxl	9	3.75	141672	141672	0	-37.067	-37.067	0.0	77.1702	77.1702	-1.0352	-1.0352	0.0	12.728	12.728	0.0	157985.976	229050.62	0.6897426254510902	327.063	317.112	-9.950999999999965
imac_g3	screenshot	libjxl	5	0.25	701006	711994	10988	-2.24	-0.707	1.5330000000000004	90.5829	90.5829	0.068	0.068	0.0	0.114	0.114	0.0	169225.904	13435.846	12.595105957600289	7807.486	65.876	-7741.61
imac_g3	screenshot	libjxl	5	0.5	586405	594775	8370	-1.937	-0.537	1.4	89.3273	89.3273	-0.1659	-0.1659	0.0	-1.063	-1.063	0.0	155191.277	18571.853	8.356262404187671	7896.81	110.056	-7786.754000000001
imac_g3	screenshot	libjxl	5	0.75	603322	610932	7610	-0.689	0.563	1.2519999999999998	87.7306	87.7306	-0.2606	-0.2606	0.0	0.677	0.677	0.0	154335.804	26234.548	5.882922168127311	6153.459	145.147	-6008.312
imac_g3	screenshot	libjxl	5	1.0	541762	548776	7014	-0.792	0.493	1.2850000000000001	86.3989	86.3989	-0.4056	-0.4056	0.0	-0.675	-0.675	0.0	94759.533	7548.1	12.554090830805102	5055.609	165.891	-4889.718000000001
imac_g3	screenshot	libjxl	5	1.25	495917	502915	6998	-1.012	0.385	1.397	85.3548	85.3548	-0.2727	-0.2727	0.0	-1.287	-1.287	0.0	105059.187	10303.885	10.19607526675618	5232.614	196.664	-5035.95
imac_g3	screenshot	libjxl	5	1.5	462064	468869	6805	-0.681	0.782	1.463	84.3221	84.3221	-0.4173	-0.4173	0.0	1.676	1.676	0.0	107082.568	9930.261	10.783459568686059	5721.349	176.515	-5544.834
imac_g3	screenshot	libjxl	5	1.75	437385	443047	5662	-0.25	1.041	1.291	83.018	83.018	-0.6924	-0.6924	0.0	-1.067	-1.067	0.0	125412.022	10132.244	12.377516964652646	5498.466	136.471	-5361.995000000001
imac_g3	screenshot	libjxl	5	2.0	413193	419851	6658	-0.428	1.176	1.6039999999999999	82.5299	82.5299	-0.5762	-0.5762	0.0	22.73	22.73	0.0	112038.767	28606.836	3.9165032791462857	5376.779	947.446	-4429.3330000000005
imac_g3	screenshot	libjxl	5	2.25	391077	397449	6372	-0.62	0.999	1.619	81.5156	81.5156	-0.6597	-0.6597	0.0	0.953	0.953	0.0	135342.772	31359.117	4.315898690642342	5559.744	187.349	-5372.3949999999995
imac_g3	screenshot	libjxl	5	2.5	373244	379497	6253	-0.464	1.204	1.668	79.8287	79.8287	-1.1178	-1.1178	0.0	-3.408	-3.408	0.0	134698.579	30085.723	4.47715944868601	5237.498	178.163	-5059.334999999999
imac_g3	screenshot	libjxl	5	2.75	359812	366198	6386	-0.396	1.372	1.7680000000000002	79.2133	79.2133	-1.2032	-1.2032	0.0	-1.548	-1.548	0.0	97237.713	13343.28	7.287392080507941	5155.926	414.722	-4741.204000000001
imac_g3	screenshot	libjxl	5	3.0	345569	351709	6140	-0.465	1.304	1.7690000000000001	78.5853	78.5853	-0.9574	-0.9574	0.0	4.588	4.588	0.0	89416.777	13710.974	6.5215481409271145	4333.281	362.924	-3970.357
imac_g3	screenshot	libjxl	5	3.25	331490	337683	6193	-0.489	1.37	1.859	78.2865	78.2865	-0.3401	-0.3401	0.0	-2.093	-2.093	0.0	102825.885	29438.369	3.4929205826586385	4636.389	1040.983	-3595.406
imac_g3	screenshot	libjxl	5	3.5	322025	327934	5909	-0.295	1.534	1.829	76.0168	76.0168	-1.7578	-1.7578	0.0	9.864	9.864	0.0	143923.948	38754.481	3.713736948251223	6808.887	265.385	-6543.5019999999995
imac_g3	screenshot	libjxl	5	3.75	309488	315814	6326	-1.343	0.674	2.017	77.1405	77.1405	0.0467	0.0467	0.0	1.913	1.913	0.0	101033.349	10562.025	9.565717653574954	5188.188	320.402	-4867.786
imac_g3	screenshot	libjxl	5	4.0	304476	309290	4814	0.559	2.149	1.5899999999999999	76.6984	76.6984	0.1552	0.1552	0.0	-3.639	-3.639	0.0	131717.447	17959.995	7.333935616351786	5857.888	434.793	-5423.095
imac_g3	screenshot	libjxl	5	4.25	293145	298711	5566	0.2	2.102	1.902	75.9953	75.9953	0.1114	0.1114	0.0	-6.845	-6.845	0.0	126651.368	33737.373	3.754037636540344	6695.865	844.157	-5851.708
imac_g3	screenshot	libjxl	5	4.5	284020	289856	5836	-0.088	1.965	2.053	75.5743	75.5743	0.0401	0.0401	0.0	13.761	13.761	0.0	108312.866	13986.959	7.743846678895676	5010.953	383.061	-4627.892000000001
imac_g3	screenshot	libjxl	5	4.75	273734	279628	5894	-1.024	1.107	2.1310000000000002	74.2519	74.2519	-0.4571	-0.4571	0.0	-3.778	-3.778	0.0	84893.955	9942.019	8.538904924643576	4841.356	235.907	-4605.449
imac_g3	screenshot	libjxl	5	5.0	266514	272330	5816	-0.306	1.87	2.176	73.7442	73.7442	-0.4308	-0.4308	0.0	-3.657	-3.657	0.0	85681.908	8096.599	10.582456658653836	4554.577	133.929	-4420.648
imac_g3	screenshot	libjxl	6	0.25	699516	710483	10967	-2.621	-1.094	1.527	90.6234	90.6234	0.0585	0.0585	0.0	-0.427	-0.427	0.0	125209.598	5654.366	22.143879260734096	4733.083	101.819	-4631.263999999999
imac_g3	screenshot	libjxl	6	0.5	584807	593528	8721	-2.211	-0.752	1.4589999999999999	89.3859	89.3859	-0.1002	-0.1002	0.0	-0.815	-0.815	0.0	132974.708	6377.139	20.85178133956309	4903.082	71.941	-4831.1410000000005
imac_g3	screenshot	libjxl	6	0.75	599975	607803	7828	-1.47	-0.184	1.286	87.8693	87.8693	-0.2117	-0.2117	0.0	7.895	7.895	0.0	157509.972	11106.963	14.181191744313907	3610.308	77.417	-3532.891
imac_g3	screenshot	libjxl	6	1.0	538182	545365	7183	-1.435	-0.12	1.315	86.4383	86.4383	-0.3963	-0.3963	0.0	-0.781	-0.781	0.0	138672.702	9326.971	14.867924645632542	3154.719	90.834	-3063.885
imac_g3	screenshot	libjxl	6	1.25	490908	497958	7050	-2.348	-0.946	1.402	85.3305	85.3305	-0.5657	-0.5657	0.0	1.585	1.585	0.0	129875.506	6239.635	20.814599892461658	2799.926	-17.223	-2817.149
imac_g3	screenshot	libjxl	6	1.5	456907	463645	6738	-2.727	-1.293	1.434	84.1666	84.1666	-0.7878	-0.7878	0.0	2.757	2.757	0.0	136985.587	10837.98	12.639402084152213	2713.231	59.286	-2653.945
imac_g3	screenshot	libjxl	6	1.75	432144	437827	5683	-1.768	-0.477	1.291	82.8022	82.8022	-1.2427	-1.2427	0.0	0.661	0.661	0.0	124668.594	12984.731	9.601168788171275	2733.57	62.345	-2671.2250000000004
imac_g3	screenshot	libjxl	6	2.0	408192	414765	6573	-1.993	-0.415	1.578	82.2416	82.2416	-1.1151	-1.1151	0.0	25.897	25.897	0.0	113561.334	11429.314	9.935971135275485	1911.831	91.427	-1820.404
imac_g3	screenshot	libjxl	6	2.25	386993	393328	6335	-1.971	-0.367	1.604	81.2817	81.2817	-1.1481	-1.1481	0.0	-3.36	-3.36	0.0	112259.051	10442.436	10.750274265506631	2320.752	59.515	-2261.237
imac_g3	screenshot	libjxl	6	2.5	369811	375958	6147	-1.989	-0.359	1.6300000000000001	79.8738	79.8738	-1.4272	-1.4272	0.0	0.995	0.995	0.0	134484.277	15949.314	8.431978767237261	2703.934	115.808	-2588.126
imac_g3	screenshot	libjxl	6	2.75	357320	363896	6576	-2.155	-0.354	1.8009999999999997	79.1252	79.1252	-1.5879	-1.5879	0.0	2.945	2.945	0.0	109592.857	9029.313	12.13745242855132	2321.797	35.5	-2286.297
imac_g3	screenshot	libjxl	6	3.0	343923	350161	6238	-1.992	-0.214	1.778	78.4075	78.4075	-1.2481	-1.2481	0.0	12.309	12.309	0.0	119032.718	11957.05	9.955023856218716	2373.222	104.812	-2268.4100000000003
imac_g3	screenshot	libjxl	6	3.25	330410	336591	6181	-2.245	-0.416	1.8290000000000002	78.2197	78.2197	-0.7652	-0.7652	0.0	10.342	10.342	0.0	126512.653	7573.279	16.705135648640436	2650.512	34.431	-2616.081
imac_g3	screenshot	libjxl	6	3.5	322360	328158	5798	-1.521	0.25	1.771	76.1008	76.1008	-1.9415	-1.9415	0.0	12.184	12.184	0.0	170733.707	8842.131	19.30911304073645	4157.683	53.755	-4103.928
imac_g3	screenshot	libjxl	6	3.75	309798	315943	6145	-2.493	-0.559	1.9339999999999997	77.2203	77.2203	-0.2411	-0.2411	0.0	0.423	0.423	0.0	164188.16	12256.682	13.39580809879868	3885.644	68.176	-3817.468
imac_g3	screenshot	libjxl	6	4.0	304653	310406	5753	-1.941	-0.089	1.852	76.5101	76.5101	-0.645	-0.645	0.0	-2.723	-2.723	0.0	127779.408	12145.561	10.520667427383552	2646.194	99.335	-2546.859
imac_g3	screenshot	libjxl	6	4.25	291709	297411	5702	-2.527	-0.622	1.9050000000000002	76.1108	76.1108	-0.4995	-0.4995	0.0	0.595	0.595	0.0	105636.502	11656.99	9.062073657093297	2167.601	107.807	-2059.7940000000003
imac_g3	screenshot	libjxl	6	4.5	282912	288650	5738	-3.05	-1.084	1.9659999999999997	75.548	75.548	-0.662	-0.662	0.0	5.32	5.32	0.0	125389.532	12435.966	10.082813992897696	2487.382	117.472	-2369.91
imac_g3	screenshot	libjxl	6	4.75	272481	278249	5768	-1.924	0.153	2.077	74.2878	74.2878	-0.9061	-0.9061	0.0	-0.262	-0.262	0.0	117519.389	13004.829	9.036596252053757	2608.334	100.336	-2507.998
imac_g3	screenshot	libjxl	6	5.0	264238	270103	5865	-2.751	-0.593	2.158	73.6762	73.6762	-0.9398	-0.9398	0.0	-1.903	-1.903	0.0	117630.403	19294.875	6.096458411883985	2735.225	266.069	-2469.156
imac_g3	screenshot	libjxl	7	0.25	301254	308381	7127	-57.664	-56.663	1.0010000000000048	90.9191	90.9191	0.1688	0.1688	0.0	-0.427	-0.427	0.0	178787.054	7936.732	22.526532834925003	7243.577	174.432	-7069.145
imac_g3	screenshot	libjxl	7	0.5	244245	249318	5073	-58.875	-58.02	0.8549999999999969	90.0481	90.0481	0.0638	0.0638	0.0	-0.275	-0.275	0.0	136155.369	9226.879	14.756383930037448	4841.941	142.825	-4699.116
imac_g3	screenshot	libjxl	7	0.75	245289	249141	3852	-59.602	-58.967	0.634999999999998	89.1949	89.1949	0.0122	0.0122	0.0	7.829	7.829	0.0	145470.381	9401.881	15.472476305539285	3227.258	34.296	-3192.962
imac_g3	screenshot	libjxl	7	1.0	222013	226007	3994	-59.25	-58.517	0.732999999999997	88.34	88.34	-0.0182	-0.0182	0.0	-0.781	-0.781	0.0	144445.422	10749.832	13.436993433943897	2985.381	65.544	-2919.837
imac_g3	screenshot	libjxl	7	1.25	203536	207119	3583	-59.336	-58.62	0.7160000000000011	87.6142	87.6142	0.2528	0.2528	0.0	1.585	1.585	0.0	128142.089	9311.077	13.762327279647673	2649.708	62.998	-2586.71
imac_g3	screenshot	libjxl	7	1.5	189029	192867	3838	-59.583	-58.762	0.820999999999998	86.3247	86.3247	-0.324	-0.324	0.0	2.754	2.754	0.0	122571.446	11224.698	10.919799000382906	2230.471	83.943	-2146.528
imac_g3	screenshot	libjxl	7	1.75	184280	187822	3542	-57.921	-57.112	0.8089999999999975	85.0427	85.0427	-1.0138	-1.0138	0.0	0.661	0.661	0.0	119413.847	32768.174	3.644202054102862	2248.594	413.941	-1834.653
imac_g3	screenshot	libjxl	7	2.0	175972	179767	3795	-57.609	-56.694	0.9149999999999991	84.8186	84.8186	-0.4056	-0.4056	0.0	25.899	25.899	0.0	100601.615	34424.56	2.9223791095659615	2109.575	83.021	-2026.5539999999999
imac_g3	screenshot	libjxl	7	2.25	166412	169673	3261	-57.728	-56.9	0.828000000000003	83.7883	83.7883	-0.3206	-0.3206	0.0	-3.36	-3.36	0.0	110825.008	37002.85	2.9950397874758297	2057.245	489.001	-1568.244
imac_g3	screenshot	libjxl	7	2.5	160224	163087	2863	-57.423	-56.663	0.7600000000000051	82.5027	82.5027	-0.6888	-0.6888	0.0	0.694	0.694	0.0	104552.358	20835.906	5.017893534363228	2266.72	18.166	-2248.5539999999996
imac_g3	screenshot	libjxl	7	2.75	157704	160297	2593	-56.705	-55.993	0.7119999999999962	81.9752	81.9752	-0.5693	-0.5693	0.0	2.945	2.945	0.0	88268.275	14081.724	6.268286113262835	2376.082	207.594	-2168.488
imac_g3	screenshot	libjxl	7	3.0	150941	153943	3002	-6.624	-4.767	1.8569999999999993	81.5496	81.5496	-1.8576	-1.8576	0.0	14.593	14.593	0.0	93362.768	14741.649	6.3332648878019	1558.113	26.279	-1531.834
imac_g3	screenshot	libjxl	7	3.25	144329	147385	3056	-8.72	-6.787	1.9330000000000007	81.3951	81.3951	-1.5486	-1.5486	0.0	10.309	10.309	0.0	87672.808	17326.392	5.060072979994912	1185.603	24.751	-1160.852
imac_g3	screenshot	libjxl	7	3.5	144318	146804	2486	-4.877	-3.239	1.638	78.8544	78.8544	-3.3053	-3.3053	0.0	12.182	12.182	0.0	104328.499	15406.339	6.7717904299003155	1448.582	0.24	-1448.342
imac_g3	screenshot	libjxl	7	3.75	134680	137827	3147	-11.324	-9.252	2.071999999999999	80.3296	80.3296	-0.5044	-0.5044	0.0	4.987	4.987	0.0	105272.449	19840.905	5.3058289931835265	1802.224	40.479	-1761.745
imac_g3	screenshot	libjxl	7	4.0	136402	139144	2742	-7.103	-5.236	1.867	80.4225	80.4225	-0.8411	-0.8411	0.0	-1.496	-1.496	0.0	110533.906	15734.163	7.025089672707725	1527.292	64.546	-1462.7459999999999
imac_g3	screenshot	libjxl	7	4.25	129735	132843	3108	-10.036	-7.881	2.1549999999999994	80.3433	80.3433	0.821	0.821	0.0	28.512	28.512	0.0	110731.478	20008.536	5.53421189836178	1404.408	93.81	-1310.598
imac_g3	screenshot	libjxl	7	4.5	126441	129044	2603	-9.964	-8.111	1.8529999999999998	79.2335	79.2335	-0.9817	-0.9817	0.0	-0.601	-0.601	0.0	87920.26	26616.806	3.3031859645368415	1329.409	104.85	-1224.5590000000002
imac_g3	screenshot	libjxl	7	4.75	121137	123570	2433	-8.94	-7.111	1.8289999999999997	78.2325	78.2325	-0.8521	-0.8521	0.0	-0.262	-0.262	0.0	99381.018	18773.469	5.2936949479076025	1631.315	106.535	-1524.78
imac_g3	screenshot	libjxl	7	5.0	119489	121657	2168	-8.063	-6.395	1.668000000000001	78.5826	78.5826	-0.154	-0.154	0.0	-1.903	-1.903	0.0	83416.91	13298.236	6.272780089028349	1349.05	36.128	-1312.922
imac_g3	screenshot	libjxl	8	0.25	284697	286174	1477	-59.959	-59.752	0.20700000000000074	90.6949	90.6949	-0.0553	-0.0553	0.0	-14.839	-14.839	0.0	167572.642	48989.227	3.4206018804909903	6330.057	985.247	-5344.8099999999995
imac_g3	screenshot	libjxl	8	0.5	228795	229977	1182	-61.422	-61.223	0.19899999999999807	89.9605	89.9605	-0.0238	-0.0238	0.0	-11.718	-11.718	0.0	130833.266	51795.902	2.5259385578418927	4653.014	765.911	-3887.103
imac_g3	screenshot	libjxl	8	0.75	231427	232653	1226	-42.119	-41.812	0.30700000000000216	88.7229	88.7229	-1.0328	-1.0328	0.0	-4.139	-4.139	0.0	149531.214	54794.356	2.72895285054541	469.344	15.54	-453.804
imac_g3	screenshot	libjxl	8	1.0	206419	207318	899	-40.181	-39.921	0.259999999999998	87.5401	87.5401	-1.5085	-1.5085	0.0	0.908	0.908	0.0	155531.743	53212.614	2.922835983964253	524.969	27.459	-497.51000000000005
imac_g3	screenshot	libjxl	8	1.25	188731	189427	696	-41.612	-41.397	0.2150000000000034	86.6613	86.6613	-1.5265	-1.5265	0.0	8.526	8.526	0.0	144512.766	64144.826	2.2529138359499177	448.673	59.551	-389.122
imac_g3	screenshot	libjxl	8	1.5	174264	175133	869	-42.901	-42.616	0.2850000000000037	85.6602	85.6602	-1.9985	-1.9985	0.0	0.45	0.45	0.0	111514.06	82086.717	1.3584909236898826	364.551	65.954	-298.597
imac_g3	screenshot	libjxl	8	1.75	167517	168658	1141	-40.159	-39.751	0.40800000000000125	84.8734	84.8734	-1.9706	-1.9706	0.0	19.335	19.335	0.0	114094.075	55402.53	2.05936579069584	388.757	-7.044	-395.801
imac_g3	screenshot	libjxl	8	2.0	160136	161125	989	-44.798	-44.457	0.3410000000000011	83.7648	83.7648	-2.361	-2.361	0.0	4.736	4.736	0.0	117759.612	61028.636	1.929579615706961	344.833	38.164	-306.66900000000004
imac_g3	screenshot	libjxl	8	2.25	151288	152326	1038	-45.724	-45.351	0.37299999999999756	82.5542	82.5542	-2.9571	-2.9571	0.0	8.977	8.977	0.0	127812.226	60744.989	2.104078510904002	355.58	48.454	-307.126
imac_g3	screenshot	libjxl	8	2.5	146386	147365	979	-41.436	-41.044	0.392000000000003	81.9093	81.9093	-2.8467	-2.8467	0.0	0.381	0.381	0.0	121982.338	56994.767	2.1402375063661547	326.636	43.581	-283.055
imac_g3	screenshot	libjxl	8	2.75	147601	148210	609	-39.396	-39.146	0.25	79.7398	79.7398	-4.1503	-4.1503	0.0	-18.189	-18.189	0.0	111367.016	53341.886	2.087796745694369	296.382	15.078	-281.30400000000003
imac_g3	screenshot	libjxl	8	3.0	136841	137117	276	-44.131	-44.018	0.11299999999999955	81.1897	81.1897	-2.1151	-2.1151	0.0	28.352	28.352	0.0	135575.114	62452.111	2.1708651930116503	388.888	55.881	-333.00699999999995
imac_g3	screenshot	libjxl	8	3.25	130748	131301	553	-44.681	-44.447	0.23399999999999466	79.6377	79.6377	-2.8542	-2.8542	0.0	0.639	0.639	0.0	139850.849	52725.083	2.652453842509835	392.771	28.104	-364.66700000000003
imac_g3	screenshot	libjxl	8	3.5	127017	127888	871	-43.699	-43.313	0.3859999999999957	79.4203	79.4203	-2.2606	-2.2606	0.0	-0.832	-0.832	0.0	132220.413	77489.865	1.7062929842502628	448.061	93.818	-354.243
imac_g3	screenshot	libjxl	8	3.75	124045	124632	587	-48.172	-47.927	0.24499999999999744	78.5022	78.5022	-2.5272	-2.5272	0.0	-14.696	-14.696	0.0	120333.603	53024.367	2.269401971361582	349.425	22.89	-326.535
imac_g3	screenshot	libjxl	8	4.75	109271	109962	691	-43.812	-43.457	0.3549999999999969	77.4507	77.4507	-1.5376	-1.5376	0.0	2.86	2.86	0.0	139546.562	78179.437	1.7849522502956883	447.256	77.249	-370.00699999999995
imac_g3	screenshot	libjxl	8	5.0	107246	107385	139	-46.399	-46.33	0.06900000000000261	77.1109	77.1109	-1.057	-1.057	0.0	12.271	12.271	0.0	106985.594	64374.621	1.6619219241694643	327.841	53.807	-274.034
imac_g3	screenshot	libjxl	9	0.25	285906	285906	0	-59.74	-59.74	0.0	90.656	90.656	-0.0942	-0.0942	0.0	-20.368	-20.368	0.0	175004.57	816101.624	0.21443967865452992	5853.715	18670.745	12817.029999999999
imac_g3	screenshot	libjxl	9	0.5	229537	229537	0	-61.244	-61.244	0.0	89.9453	89.9453	-0.0391	-0.0391	0.0	-20.521	-20.521	0.0	145809.456	230909.563	0.6314569830094044	4706.164	6364.273	1658.1090000000004
imac_g3	screenshot	libjxl	9	0.75	231372	231372	0	-42.156	-42.156	0.0	88.7293	88.7293	-0.931	-0.931	0.0	-3.941	-3.941	0.0	174719.211	191216.87	0.9137227850241457	390.656	227.779	-162.877
imac_g3	screenshot	libjxl	9	1.0	206723	206723	0	-39.835	-39.835	0.0	87.539	87.539	-1.5085	-1.5085	0.0	6.286	6.286	0.0	154052.474	171295.621	0.8993369071588816	298.349	222.216	-76.13299999999998
imac_g3	screenshot	libjxl	9	1.25	188724	188724	0	-41.538	-41.538	0.0	86.6572	86.6572	-1.4938	-1.4938	0.0	-1.64	-1.64	0.0	141160.585	765180.602	0.18448008827071652	292.111	1257.928	965.8170000000001
imac_g3	screenshot	libjxl	9	1.5	174182	174182	0	-42.879	-42.879	0.0	85.6605	85.6605	-2.006	-2.006	0.0	-3.461	-3.461	0.0	145431.928	203179.385	0.7157809243295032	292.797	267.479	-25.31800000000004
imac_g3	screenshot	libjxl	9	1.75	167653	167653	0	-40.072	-40.072	0.0	84.8396	84.8396	-1.9551	-1.9551	0.0	19.34	19.34	0.0	132189.135	167138.354	0.7908964749048565	253.257	189.635	-63.622000000000014
imac_g3	screenshot	libjxl	9	2.0	160144	160144	0	-44.685	-44.685	0.0	83.7648	83.7648	-2.3907	-2.3907	0.0	4.736	4.736	0.0	147164.306	146818.872	1.002352790178091	248.458	191.112	-57.346000000000004
imac_g3	screenshot	libjxl	9	2.25	151321	151321	0	-45.657	-45.657	0.0	82.5542	82.5542	-2.8759	-2.8759	0.0	8.977	8.977	0.0	120302.367	154839.188	0.7769503867457637	232.586	168.652	-63.934000000000026
imac_g3	screenshot	libjxl	9	2.5	146052	146052	0	-41.85	-41.85	0.0	81.9191	81.9191	-2.8359	-2.8359	0.0	-4.13	-4.13	0.0	131713.794	137234.361	0.9597727059041722	246.19	143.2	-102.99000000000001
imac_g3	screenshot	libjxl	9	2.75	147423	147423	0	-39.501	-39.501	0.0	79.7398	79.7398	-4.2033	-4.2033	0.0	11.24	11.24	0.0	122716.51	149951.558	0.8183743579376481	232.583	196.43	-36.15299999999999
imac_g3	screenshot	libjxl	9	3.0	136425	136425	0	-44.368	-44.368	0.0	81.2083	81.2083	-2.0209	-2.0209	0.0	3.457	3.457	0.0	137613.663	255595.256	0.5384046056003481	265.526	413.398	147.872
imac_g3	screenshot	libjxl	9	3.25	130388	130388	0	-44.826	-44.826	0.0	79.6377	79.6377	-2.9371	-2.9371	0.0	0.006	0.006	0.0	127123.626	168290.829	0.7553805917730669	255.75	217.744	-38.006
imac_g3	screenshot	libjxl	9	3.5	126643	126643	0	-43.782	-43.782	0.0	79.4328	79.4328	-2.2783	-2.2783	0.0	-0.832	-0.832	0.0	141314.319	217501.705	0.6497159137212281	288.918	359.669	70.75099999999998
imac_g3	screenshot	libjxl	9	3.75	123702	123702	0	-48.29	-48.29	0.0	78.4992	78.4992	-2.4996	-2.4996	0.0	-9.874	-9.874	0.0	126819.638	280592.746	0.4519704796645028	232.47	433.458	200.98800000000003
terminal	screenshot	libjxl	5	0.25	181667	186713	5046	-2.593	0.113	2.706	95.8649	95.8649	-0.0064	-0.0064	0.0	-1.383	-1.383	0.0	26037.685	2529.473	10.293719284609878	3745.687	60.714	-3684.973
terminal	screenshot	libjxl	5	0.5	144230	148439	4209	-2.516	0.329	2.845	94.1757	94.1757	-0.5018	-0.5018	0.0	1.978	1.978	0.0	27724.904	1844.464	15.031415088611109	4862.52	50.3	-4812.22
terminal	screenshot	libjxl	5	0.75	149111	152680	3569	-0.338	2.048	2.386	92.1282	92.1282	-1.3401	-1.3401	0.0	0.926	0.926	0.0	25081.961	2919.642	8.590765922671341	3498.334	118.121	-3380.2129999999997
terminal	screenshot	libjxl	5	1.0	133209	136691	3482	-0.346	2.259	2.605	91.5131	91.5131	-0.7527	-0.7527	0.0	-3.573	-3.573	0.0	22949.289	2185.787	10.499325414598953	3616.374	46.946	-3569.428
terminal	screenshot	libjxl	5	1.25	120678	124108	3430	-0.756	2.065	2.8209999999999997	90.7219	90.7219	-0.1175	-0.1175	0.0	-11.192	-11.192	0.0	20689.55	2586.236	7.999869308137386	3185.69	79.766	-3105.924
terminal	screenshot	libjxl	5	1.5	113118	116451	3333	1.347	4.333	2.986	89.9686	89.9686	-0.1989	-0.1989	0.0	-12.304	-12.304	0.0	21108.884	2742.602	7.696663241695295	3451.31	126.227	-3325.083
terminal	screenshot	libjxl	5	1.75	105987	109314	3327	0.862	4.028	3.1659999999999995	89.1226	89.1226	0.4365	0.4365	0.0	-15.254	-15.254	0.0	21777.177	3534.962	6.160512333654506	3482.787	117.557	-3365.23
terminal	screenshot	libjxl	5	2.0	99529	102610	3081	-0.166	2.925	3.0909999999999997	87.6439	87.6439	-0.7557	-0.7557	0.0	-3.859	-3.859	0.0	20857.156	3830.209	5.445435484068885	2932.656	147.003	-2785.653
terminal	screenshot	libjxl	5	2.25	94499	97462	2963	0.668	3.824	3.1559999999999997	84.4772	84.4772	-2.5634	-2.5634	0.0	13.506	13.506	0.0	22851.898	3397.012	6.7270583677655535	3192.518	185.211	-3007.307
terminal	screenshot	libjxl	5	2.5	88835	91817	2982	0.106	3.466	3.3600000000000003	86.3417	86.3417	-0.5215	-0.5215	0.0	-3.651	-3.651	0.0	25457.962	3087.551	8.245357566563273	3733.163	69.664	-3663.499
terminal	screenshot	libjxl	5	2.75	87151	90143	2992	1.157	4.63	3.473	85.673	85.673	-0.134	-0.134	0.0	-1.079	-1.079	0.0	19134.813	1944.302	9.841481930276263	2643.316	70.446	-2572.87
terminal	screenshot	libjxl	5	3.0	83181	86117	2936	0.884	4.445	3.5610000000000004	84.9377	84.9377	0.1706	0.1706	0.0	-5.286	-5.286	0.0	16957.077	2713.067	6.250150475458218	1773.934	146.453	-1627.481
terminal	screenshot	libjxl	5	3.25	79970	82734	2764	2.593	6.139	3.5460000000000003	83.1014	83.1014	-0.8549	-0.8549	0.0	1.61	1.61	0.0	28190.291	1733.797	16.25928006565936	3608.557	10.419	-3598.138
terminal	screenshot	libjxl	5	3.5	75784	78484	2700	1.678	5.301	3.623	82.1784	82.1784	-1.433	-1.433	0.0	-5.636	-5.636	0.0	24219.636	2115.652	11.447835466324328	3864.49	142.362	-3722.1279999999997
terminal	screenshot	libjxl	5	3.75	72887	75821	2934	1.421	5.503	4.082	80.7872	80.7872	-1.3701	-1.3701	0.0	-0.281	-0.281	0.0	24319.99	3499.251	6.950055883387616	3377.345	271.596	-3105.749
terminal	screenshot	libjxl	5	4.0	70724	73417	2693	0.412	4.235	3.8230000000000004	78.4976	78.4976	-5.3211	-5.3211	0.0	-1.213	-1.213	0.0	28811.253	4253.979	6.77277743966296	3828.205	126.241	-3701.964
terminal	screenshot	libjxl	5	4.25	67958	70623	2665	-1.034	2.847	3.8810000000000002	80.3787	80.3787	-1.8687	-1.8687	0.0	5.434	5.434	0.0	28015.294	5233.206	5.353371145718323	4273.099	213.712	-4059.387
terminal	screenshot	libjxl	5	4.5	67046	69648	2602	1.373	5.307	3.934	79.5688	79.5688	-1.452	-1.452	0.0	2.158	2.158	0.0	29955.812	4642.543	6.4524576293639075	4405.249	201.852	-4203.397
terminal	screenshot	libjxl	5	4.75	63636	66318	2682	-0.227	3.978	4.205	79.3925	79.3925	-1.3863	-1.3863	0.0	1.872	1.872	0.0	20072.391	4245.828	4.727556321169863	3270.431	246.49	-3023.941
terminal	screenshot	libjxl	5	5.0	62033	64477	2444	0.842	4.815	3.9730000000000003	78.7041	78.7041	-0.7161	-0.7161	0.0	0.254	0.254	0.0	27651.375	3453.563	8.006622436017528	3890.217	172.745	-3717.472
terminal	screenshot	libjxl	6	0.25	180678	185720	5042	-2.978	-0.271	2.7070000000000003	95.9111	95.9111	0.0731	0.0731	0.0	-1.247	-1.247	0.0	29204.035	1861.539	15.68811343732256	3546.591	45.202	-3501.389
terminal	screenshot	libjxl	6	0.5	143991	148138	4147	-2.621	0.184	2.805	94.171	94.171	-0.5101	-0.5101	0.0	1.971	1.971	0.0	29693.959	1633.115	18.182405403171238	3313.369	56.773	-3256.596
terminal	screenshot	libjxl	6	0.75	148261	151887	3626	-1.677	0.728	2.4050000000000002	92.1135	92.1135	-1.4574	-1.4574	0.0	0.682	0.682	0.0	27203.145	2368.199	11.486849289270031	1519.135	-1.896	-1521.031
terminal	screenshot	libjxl	6	1.0	132192	135650	3458	-1.378	1.202	2.58	91.466	91.466	-0.9371	-0.9371	0.0	-1.188	-1.188	0.0	20657.814	1690.274	12.22157709341799	955.377	-33.847	-989.2239999999999
terminal	screenshot	libjxl	6	1.25	119608	122971	3363	-1.646	1.119	2.7649999999999997	90.6797	90.6797	-0.3535	-0.3535	0.0	-0.67	-0.67	0.0	26086.854	2205.596	11.827575857047256	1731.366	-13.27	-1744.636
terminal	screenshot	libjxl	6	1.5	109628	113016	3388	-2.128	0.896	3.024	89.9175	89.9175	-0.5893	-0.5893	0.0	6.379	6.379	0.0	22164.428	2464.647	8.992942194155999	972.95	-14.56	-987.51
terminal	screenshot	libjxl	6	1.75	102912	106134	3222	-2.525	0.527	3.052	89.1212	89.1212	-0.1413	-0.1413	0.0	1.073	1.073	0.0	22368.393	2037.286	10.979505577518326	1098.753	-1.04	-1099.793
terminal	screenshot	libjxl	6	2.0	98184	101303	3119	-1.908	1.208	3.1159999999999997	87.5471	87.5471	-1.1841	-1.1841	0.0	0.549	0.549	0.0	22992.388	2074.304	11.084386859399586	1425.77	-18.399	-1444.1689999999999
terminal	screenshot	libjxl	6	2.25	92873	95870	2997	-1.896	1.27	3.166	84.2178	84.2178	-3.2339	-3.2339	0.0	2.2	2.2	0.0	24313.397	1890.277	12.862346100597955	1286.295	-11.694	-1297.989
terminal	screenshot	libjxl	6	2.5	87606	90711	3105	-2.281	1.182	3.463	85.9817	85.9817	-1.0715	-1.0715	0.0	1.327	1.327	0.0	27322.897	3298.059	8.28453857253615	1466.093	57.968	-1408.125
terminal	screenshot	libjxl	6	2.75	85476	88532	3056	-1.201	2.331	3.532	85.364	85.364	-0.5837	-0.5837	0.0	3.263	3.263	0.0	23140.533	3820.866	6.056358165923641	1208.668	61.875	-1146.793
terminal	screenshot	libjxl	6	3.0	81468	84377	2909	-2.302	1.186	3.488	84.6596	84.6596	-0.4295	-0.4295	0.0	8.329	8.329	0.0	21217.436	2717.122	7.808790330356901	1165.201	10.84	-1154.361
terminal	screenshot	libjxl	6	3.25	79317	81978	2661	0.345	3.712	3.367	82.8231	82.8231	-1.5141	-1.5141	0.0	-0.92	-0.92	0.0	26345.102	3561.013	7.398204387347083	1533.641	5.692	-1527.949
terminal	screenshot	libjxl	6	3.5	75312	78236	2924	-0.981	2.864	3.8449999999999998	81.9791	81.9791	-2.1584	-2.1584	0.0	0.695	0.695	0.0	21813.156	4573.465	4.769503210366756	1164.748	62.718	-1102.03
terminal	screenshot	libjxl	6	3.75	72963	75768	2805	-0.789	3.025	3.814	80.4138	80.4138	-2.1136	-2.1136	0.0	-0.028	-0.028	0.0	23665.989	2908.244	8.137552763798361	1492.559	26.355	-1466.204
terminal	screenshot	libjxl	6	4.0	70839	73556	2717	-1.11	2.683	3.793	78.3005	78.3005	-5.1717	-5.1717	0.0	2.546	2.546	0.0	24756.416	5454.399	4.538798133396548	1496.847	57.754	-1439.093
terminal	screenshot	libjxl	6	4.25	67782	70608	2826	-4.137	-0.14	3.9969999999999994	80.3578	80.3578	-2.553	-2.553	0.0	5.112	5.112	0.0	25773.167	6528.692	3.9476769619396967	1527.73	99.215	-1428.515
terminal	screenshot	libjxl	6	4.5	66459	69040	2581	-2.457	1.331	3.788	79.5841	79.5841	-1.9903	-1.9903	0.0	1.148	1.148	0.0	21317.398	7400.826	2.880407943653857	1760.805	267.77	-1493.035
terminal	screenshot	libjxl	6	4.75	62958	65487	2529	-2.855	1.048	3.903	79.1823	79.1823	-1.4347	-1.4347	0.0	1.574	1.574	0.0	19152.318	4815.628	3.977117418538143	1817.37	82.766	-1734.6039999999998
terminal	screenshot	libjxl	6	5.0	62008	64290	2282	-1.142	2.497	3.639	78.8729	78.8729	-1.0242	-1.0242	0.0	-0.466	-0.466	0.0	19511.309	4804.79	4.060803697976395	1333.88	128.193	-1205.6870000000001
terminal	screenshot	libjxl	7	0.25	59382	62133	2751	-68.178	-66.704	1.4740000000000038	96.2069	96.2069	0.3715	0.3715	0.0	-1.867	-1.867	0.0	15337.14	4869.774	3.149456217064693	1697.697	258.684	-1439.013
terminal	screenshot	libjxl	7	0.5	48091	50516	2425	-67.53	-65.893	1.6370000000000005	94.7744	94.7744	0.0046	0.0046	0.0	-7.565	-7.565	0.0	13958.879	3868.61	3.6082414614034497	1522.912	90.503	-1432.409
terminal	screenshot	libjxl	7	0.75	58392	60513	2121	-61.177	-59.767	1.4099999999999966	92.2722	92.2722	-1.2959	-1.2959	0.0	-15.434	-15.434	0.0	21261.739	5500.973	3.8650869582526584	1478.562	114.038	-1364.524
terminal	screenshot	libjxl	7	1.0	53341	55192	1851	-60.205	-58.824	1.3810000000000002	92.2252	92.2252	-0.2517	-0.2517	0.0	-3.811	-3.811	0.0	16114.423	5020.206	3.209912700793553	967.244	10.137	-957.107
terminal	screenshot	libjxl	7	1.25	49270	50850	1580	-59.451	-58.151	1.2999999999999972	91.3975	91.3975	0.3482	0.3482	0.0	-17.997	-17.997	0.0	18034.116	4669.085	3.8624518508444377	1206.984	55.573	-1151.4109999999998
terminal	screenshot	libjxl	7	1.5	46053	47730	1677	-58.749	-57.247	1.5020000000000024	92.3682	92.3682	1.7791	1.7791	0.0	-7.321	-7.321	0.0	20294.761	5434.185	3.7346466857495644	1313.898	66.64	-1247.2579999999998
terminal	screenshot	libjxl	7	1.75	42816	44422	1606	-59.42	-57.898	1.5219999999999985	91.8494	91.8494	2.503	2.503	0.0	-3.438	-3.438	0.0	13920.796	5119.179	2.719341519411609	881.561	19.725	-861.836
terminal	screenshot	libjxl	7	2.0	42072	43778	1706	-57.948	-56.243	1.7049999999999983	89.3954	89.3954	0.5012	0.5012	0.0	-7.634	-7.634	0.0	11672.102	4948.588	2.3586732215330923	782.53	77.482	-705.048
terminal	screenshot	libjxl	7	2.25	40869	42427	1558	-56.866	-55.222	1.6439999999999984	84.426	84.426	-3.1206	-3.1206	0.0	2.54	2.54	0.0	13959.836	4570.861	3.054093309772491	803.275	34.202	-769.073
terminal	screenshot	libjxl	7	2.5	37705	38966	1261	-57.943	-56.536	1.4069999999999965	88.3185	88.3185	1.1329	1.1329	0.0	-2.361	-2.361	0.0	12002.171	4949.013	2.425164573218943	801.265	51.789	-749.476
terminal	screenshot	libjxl	7	2.75	36147	37194	1047	-58.213	-57.003	1.2100000000000009	88.2292	88.2292	1.768	1.768	0.0	-3.205	-3.205	0.0	11859.77	5159.857	2.298468736633593	820.197	23.786	-796.4110000000001
terminal	screenshot	libjxl	7	3.0	35025	36099	1074	-6.96	-4.107	2.8529999999999998	87.7136	87.7136	-0.4035	-0.4035	0.0	8.13	8.13	0.0	17701.825	4256.752	4.158528615244674	993.45	-20.049	-1013.499
terminal	screenshot	libjxl	7	3.25	34366	35589	1223	-3.729	-0.303	3.426	85.3162	85.3162	-2.5295	-2.5295	0.0	0.971	0.971	0.0	13404.813	3407.7	3.9336834228365176	544.896	-49.606	-594.502
terminal	screenshot	libjxl	7	3.5	33424	34749	1325	-3.237	0.599	3.8360000000000003	83.967	83.967	-3.7303	-3.7303	0.0	2.004	2.004	0.0	11409.746	4466.657	2.554426274504624	625.073	62.155	-562.918
terminal	screenshot	libjxl	7	3.75	32506	33903	1397	-3.48	0.668	4.148	83.4489	83.4489	-3.3367	-3.3367	0.0	2.231	2.231	0.0	13407.165	3366.673	3.9823187461330525	598.541	-12.61	-611.1510000000001
terminal	screenshot	libjxl	7	4.0	32443	33558	1115	-3.259	0.066	3.3249999999999997	83.0273	83.0273	-4.5937	-4.5937	0.0	-5.494	-5.494	0.0	13044.916	6924.296	1.8839339046164403	608.825	77.899	-530.926
terminal	screenshot	libjxl	7	4.25	30330	31321	991	-7.338	-4.311	3.027	84.7996	84.7996	-2.3192	-2.3192	0.0	-4.379	-4.379	0.0	16001.029	5330.866	3.001581544161868	866.634	72.701	-793.933
terminal	screenshot	libjxl	7	4.5	30557	31539	982	-5.909	-2.885	3.024	82.5424	82.5424	-1.9434	-1.9434	0.0	-0.859	-0.859	0.0	15668.535	5301.662	2.9554005894755266	740.977	63.152	-677.8249999999999
terminal	screenshot	libjxl	7	4.75	28334	29140	806	-7.025	-4.381	2.644	84.8848	84.8848	-0.9675	-0.9675	0.0	5.837	5.837	0.0	12038.751	4402.538	2.734502461988971	692.342	57.708	-634.634
terminal	screenshot	libjxl	7	5.0	27890	28691	801	-6.116	-3.42	2.6959999999999997	80.7578	80.7578	-3.5982	-3.5982	0.0	9.509	9.509	0.0	14093.366	7214.016	1.953608919081965	737.967	107.592	-630.375
terminal	screenshot	libjxl	8	0.25	54358	55187	829	-70.883	-70.439	0.4440000000000026	95.9128	95.9128	0.0773	0.0773	0.0	-2.02	-2.02	0.0	29544.84	16046.078	1.8412499303568137	2896.92	628.239	-2268.681
terminal	screenshot	libjxl	8	0.5	44111	44712	601	-70.224	-69.819	0.40500000000000114	94.8154	94.8154	0.0455	0.0455	0.0	-10.463	-10.463	0.0	18587.43	17453.304	1.064980590494499	2113.272	694.073	-1419.199
terminal	screenshot	libjxl	8	0.75	54964	55291	327	-12.157	-11.635	0.5220000000000002	92.9129	92.9129	-2.0712	-2.0712	0.0	3.211	3.211	0.0	17143.75	14221.92	1.2054455375926738	155.07	3.945	-151.125
terminal	screenshot	libjxl	8	1.0	47801	48342	541	-48.733	-48.153	0.5799999999999983	92.4304	92.4304	-1.8766	-1.8766	0.0	8.262	8.262	0.0	25314.659	11950.14	2.1183566887082494	312.941	1.476	-311.465
terminal	screenshot	libjxl	8	1.25	45161	45448	287	-48.346	-48.018	0.32799999999999585	90.8355	90.8355	-3.1794	-3.1794	0.0	-6.066	-6.066	0.0	22296.657	13501.151	1.651463419674367	209.026	-4.477	-213.50300000000001
terminal	screenshot	libjxl	8	1.5	41874	42338	464	-48.662	-48.093	0.5689999999999955	91.1073	91.1073	-2.4674	-2.4674	0.0	1.751	1.751	0.0	28531.301	16473.914	1.7319078514067754	257.607	29.881	-227.72600000000003
terminal	screenshot	libjxl	8	1.75	40124	40349	225	-47.986	-47.694	0.2919999999999945	90.9631	90.9631	-1.338	-1.338	0.0	-1.244	-1.244	0.0	24205.73	14582.329	1.6599358031217097	197.852	3.809	-194.043
terminal	screenshot	libjxl	8	2.0	38284	38616	332	-47.522	-47.067	0.4549999999999983	89.3827	89.3827	-3.1203	-3.1203	0.0	-0.171	-0.171	0.0	23244.113	14707.968	1.5803755488181643	213.242	14.313	-198.929
terminal	screenshot	libjxl	8	2.25	35360	35629	269	-50.511	-50.134	0.37700000000000244	88.5653	88.5653	-2.8371	-2.8371	0.0	-23.849	-23.849	0.0	16598.633	12296.539	1.349862184798503	153.343	-20.481	-173.82399999999998
terminal	screenshot	libjxl	8	2.5	34185	34449	264	-48.888	-48.493	0.394999999999996	87.3482	87.3482	-3.2753	-3.2753	0.0	4.953	4.953	0.0	20076.737	12515.548	1.6041436619475231	217.142	-3.725	-220.867
terminal	screenshot	libjxl	8	2.75	32821	33111	290	-48.883	-48.432	0.4510000000000005	87.4399	87.4399	-2.3653	-2.3653	0.0	0.265	0.265	0.0	18801.688	11516.668	1.6325631684442061	185.118	2.42	-182.698
terminal	screenshot	libjxl	8	3.0	32098	32313	215	-49.247	-48.907	0.3400000000000034	86.5711	86.5711	-1.6044	-1.6044	0.0	15.477	15.477	0.0	16014.314	11950.281	1.3400784466909188	127.366	-5.699	-133.065
terminal	screenshot	libjxl	8	3.25	31181	31353	172	-48.372	-48.087	0.2849999999999966	85.8949	85.8949	-0.7869	-0.7869	0.0	11.035	11.035	0.0	20289.128	12406.163	1.6354071762558657	172.969	22.879	-150.09
terminal	screenshot	libjxl	8	3.5	30177	30324	147	-46.838	-46.579	0.25900000000000034	84.0665	84.0665	-2.8345	-2.8345	0.0	6.071	6.071	0.0	21543.189	13950.13	1.544300232327584	179.138	9.095	-170.043
terminal	screenshot	libjxl	8	3.75	29445	29665	220	-48.274	-47.888	0.3860000000000028	82.2903	82.2903	-5.4661	-5.4661	0.0	8.953	8.953	0.0	23767.786	15522.821	1.5311511999011005	231.906	33.46	-198.446
terminal	screenshot	libjxl	8	4.0	29392	29465	73	-47.576	-47.446	0.13000000000000256	80.8744	80.8744	-6.6711	-6.6711	0.0	9.884	9.884	0.0	19338.789	16064.002	1.2038587271092223	145.029	8.177	-136.852
terminal	screenshot	libjxl	8	4.25	27859	27977	118	-48.475	-48.257	0.21800000000000352	81.4206	81.4206	-4.2406	-4.2406	0.0	10.755	10.755	0.0	23509.044	19962.299	1.1776721709258038	227.887	60.401	-167.486
terminal	screenshot	libjxl	8	4.5	27310	27495	185	-51.577	-51.249	0.32799999999999585	80.9157	80.9157	-3.2015	-3.2015	0.0	9.967	9.967	0.0	20391.221	18718.437	1.0893655811112861	226.806	42.628	-184.178
terminal	screenshot	libjxl	8	4.75	25811	25987	176	-48.1	-47.746	0.3539999999999992	81.9338	81.9338	-2.0528	-2.0528	0.0	3.485	3.485	0.0	17403.247	15120.118	1.1509994168034932	183.186	35.527	-147.659
terminal	screenshot	libjxl	8	5.0	25356	25445	89	-48.78	-48.6	0.17999999999999972	77.5896	77.5896	-6.8345	-6.8345	0.0	1.996	1.996	0.0	18480.862	16822.83	1.0985584470627117	169.635	36.447	-133.188
terminal	screenshot	libjxl	9	0.25	51008	51007	-1	-72.645	-72.646	-0.0010000000000047748	95.9128	95.9128	0.0773	0.0773	0.0	-2.02	-2.02	0.0	28797.317	44498.561	0.6471516460948029	2865.1	2699.773	-165.32699999999977
terminal	screenshot	libjxl	9	0.5	42258	42258	0	-71.428	-71.428	0.0	94.8154	94.8154	0.0455	0.0455	0.0	-10.463	-10.463	0.0	19952.199	27443.182	0.7270366461148711	1927.224	1759.571	-167.65300000000002
terminal	screenshot	libjxl	9	0.75	53523	53525	2	-13.642	-13.639	0.0030000000000001137	92.9129	92.9129	-2.0712	-2.0712	0.0	3.211	3.211	0.0	20876.783	28360.547	0.7361206044439129	116.497	55.141	-61.356
terminal	screenshot	libjxl	9	1.0	47083	47083	0	-16.055	-16.055	0.0	92.4304	92.4304	-1.7256	-1.7256	0.0	9.081	9.081	0.0	25470.504	35477.414	0.7179357548439129	142.901	80.891	-62.010000000000005
terminal	screenshot	libjxl	9	1.25	45403	45403	0	-47.399	-47.399	0.0	90.8355	90.8355	-3.0349	-3.0349	0.0	-4.861	-4.861	0.0	21817.257	33224.797	0.656655840515745	134.069	82.37	-51.698999999999984
terminal	screenshot	libjxl	9	1.5	42158	42158	0	-47.86	-47.86	0.0	91.1073	91.1073	-2.4772	-2.4772	0.0	1.753	1.753	0.0	22047.817	39566.339	0.5572367208399038	128.27	107.619	-20.65100000000001
terminal	screenshot	libjxl	9	1.75	40337	40337	0	-47.36	-47.36	0.0	90.9631	90.9631	-1.3301	-1.3301	0.0	-1.252	-1.252	0.0	21251.927	35510.601	0.5984671169040479	101.416	85.859	-15.557000000000002
terminal	screenshot	libjxl	9	2.0	38445	38445	0	-46.821	-46.821	0.0	89.3827	89.3827	-3.0058	-3.0058	0.0	-0.871	-0.871	0.0	21749.454	33513.668	0.6489726519938075	101.772	84.731	-17.04100000000001
terminal	screenshot	libjxl	9	2.25	35392	35392	0	-50.186	-50.186	0.0	88.5653	88.5653	-2.8195	-2.8195	0.0	-23.849	-23.849	0.0	19280.433	30528.092	0.6315636430865054	77.525	63.522	-14.003000000000007
terminal	screenshot	libjxl	9	2.5	34264	34264	0	-48.613	-48.613	0.0	87.3482	87.3482	-3.2925	-3.2925	0.0	4.953	4.953	0.0	19650.818	29607.936	0.6637010428555371	88.877	61.063	-27.813999999999993
terminal	screenshot	libjxl	9	2.75	32781	32781	0	-48.816	-48.816	0.0	87.4399	87.4399	-2.3725	-2.3725	0.0	0.284	0.284	0.0	18560.958	26545.33	0.6992174518079074	72.735	57.27	-15.464999999999996
terminal	screenshot	libjxl	9	3.0	32080	32080	0	-49.305	-49.305	0.0	86.5711	86.5711	-1.6256	-1.6256	0.0	15.477	15.477	0.0	17697.505	30477.953	0.5806658012760897	78.412	65.965	-12.447000000000003
terminal	screenshot	libjxl	9	3.25	31160	31160	0	-48.469	-48.469	0.0	85.8949	85.8949	-0.8274	-0.8274	0.0	11.083	11.083	0.0	21319.612	32992.628	0.6461932041303289	117.197	90.695	-26.50200000000001
terminal	screenshot	libjxl	9	3.5	30193	30193	0	-47.03	-47.03	0.0	84.0665	84.0665	-2.8541	-2.8541	0.0	1.16	1.16	0.0	20147.109	31633.641	0.6368887160349326	81.667	59.049	-22.618000000000002
terminal	screenshot	libjxl	9	3.75	29404	29404	0	-48.472	-48.472	0.0	82.2903	82.2903	-5.5229	-5.5229	0.0	8.953	8.953	0.0	22650.122	34819.412	0.650502713831009	108.419	105.421	-2.9979999999999905
terminal	screenshot	libjxl	9	4.0	29339	29340	1	-47.619	-47.617	0.0020000000000024443	80.8744	80.8744	-6.6966	-6.6966	0.0	9.87	9.87	0.0	21163.613	34121.634	0.6202403143999494	105.14	62.319	-42.821
terminal	screenshot	libjxl	9	4.25	27881	27882	1	-48.346	-48.344	0.001999999999995339	81.4206	81.4206	-4.2761	-4.2761	0.0	10.755	10.755	0.0	21664.683	34859.728	0.621481699455601	105.774	118.556	12.781999999999996
terminal	screenshot	libjxl	9	4.5	27268	27268	0	-51.764	-51.764	0.0	80.9157	80.9157	-3.2707	-3.2707	0.0	9.976	9.976	0.0	22752.011	37915.124	0.6000774519423963	124.052	112.123	-11.929000000000002
terminal	screenshot	libjxl	9	4.75	25737	25737	0	-48.066	-48.066	0.0	81.9338	81.9338	-2.1271	-2.1271	0.0	3.485	3.485	0.0	21550.366	247013.296	0.08724374901665213	98.885	1422.264	1323.379
terminal	screenshot	libjxl	9	5.0	25361	25361	0	-48.969	-48.969	0.0	77.5896	77.5896	-5.4736	-5.4736	0.0	2.624	2.624	0.0	24420.438	30815.94	0.7924612392158085	140.337	87.44	-52.89699999999999
windows95	screenshot	libjxl	5	0.25	72880	74101	1221	1.391	3.09	1.6989999999999998	95.04	95.04	-0.0747	-0.0747	0.0	5.825	5.825	0.0	969.754	287.964	3.3676223416815994	734.412	165.758	-568.654
windows95	screenshot	libjxl	5	0.5	64877	65958	1081	1.628	3.321	1.6930000000000003	93.4327	93.4327	0.4892	0.4892	0.0	-7.192	-7.192	0.0	978.564	228.291	4.286476470820137	626.31	-20.63	-646.9399999999999
windows95	screenshot	libjxl	5	0.75	90190	90888	698	2.47	3.263	0.7929999999999997	90.6935	90.6935	0.0395	0.0395	0.0	24.323	24.323	0.0	1033.872	415.55	2.4879605342317412	491.698	26.866	-464.832
windows95	screenshot	libjxl	5	1.0	82217	82923	706	2.646	3.527	0.8810000000000002	88.3583	88.3583	0.2901	0.2901	0.0	-0.068	-0.068	0.0	950.303	428.598	2.2172361980223894	776.825	-14.587	-791.412
windows95	screenshot	libjxl	5	1.25	75863	76546	683	2.036	2.955	0.919	86.8371	86.8371	-0.1829	-0.1829	0.0	1.334	1.334	0.0	981.176	437.193	2.2442628312896136	464.521	53.491	-411.03000000000003
windows95	screenshot	libjxl	5	1.5	71029	71734	705	2.162	3.176	1.0140000000000002	84.2054	84.2054	-0.4847	-0.4847	0.0	1.919	1.919	0.0	1108.063	367.192	3.0176665068955755	594.515	66.282	-528.233
windows95	screenshot	libjxl	5	1.75	67019	67675	656	3.152	4.162	1.0099999999999998	82.0143	82.0143	-0.621	-0.621	0.0	7.066	7.066	0.0	1018.33	299.109	3.4045448314828377	597.494	39.285	-558.2090000000001
windows95	screenshot	libjxl	5	2.0	63450	64033	583	2.908	3.854	0.9460000000000002	80.28	80.28	-0.3619	-0.3619	0.0	1.818	1.818	0.0	1055.866	406.836	2.5953111327414486	513.689	43.701	-469.98799999999994
windows95	screenshot	libjxl	5	2.25	60822	61346	524	3.172	4.061	0.8889999999999998	77.2879	77.2879	-1.2128	-1.2128	0.0	0.055	0.055	0.0	1052.516	283.862	3.70784395234304	476.536	-25.378	-501.914
windows95	screenshot	libjxl	5	2.5	57610	58156	546	3.065	4.041	0.9760000000000004	75.6581	75.6581	-0.7574	-0.7574	0.0	2.422	2.422	0.0	951.157	342.618	2.7761442773000837	522.977	-2.926	-525.903
windows95	screenshot	libjxl	5	2.75	55175	55704	529	2.03	3.009	0.9790000000000001	73.5357	73.5357	-1.144	-1.144	0.0	2.869	2.869	0.0	1034.134	536.288	1.9283183662509695	486.959	103.745	-383.214
windows95	screenshot	libjxl	5	3.0	53250	53804	554	3.486	4.563	1.0769999999999995	71.1707	71.1707	-1.0488	-1.0488	0.0	-1.033	-1.033	0.0	1015.65	347.394	2.9236256239313287	464.78	-3.988	-468.768
windows95	screenshot	libjxl	5	3.25	51330	51903	573	2.527	3.671	1.1439999999999997	67.1786	67.1786	-0.7359	-0.7359	0.0	-1.2	-1.2	0.0	976.938	736.383	1.3266710393911862	486.944	155.481	-331.463
windows95	screenshot	libjxl	5	3.5	49443	49939	496	3.084	4.118	1.0340000000000003	64.671	64.671	-0.5669	-0.5669	0.0	-0.382	-0.382	0.0	970.164	343.44	2.8248427672955976	568.284	11.649	-556.635
windows95	screenshot	libjxl	5	3.75	48026	48474	448	3.844	4.813	0.9689999999999999	65.3448	65.3448	-0.6118	-0.6118	0.0	1.79	1.79	0.0	1028.874	432.703	2.3777833756641393	482.317	-23.243	-505.56
windows95	screenshot	libjxl	5	4.0	46861	47342	481	3.677	4.741	1.0639999999999996	62.1534	62.1534	-0.5209	-0.5209	0.0	4.859	4.859	0.0	1064.194	613.624	1.7342770165443333	620.411	99.973	-520.438
windows95	screenshot	libjxl	5	4.25	44999	45419	420	4.114	5.085	0.9710000000000001	60.8897	60.8897	0.1534	0.1534	0.0	1.405	1.405	0.0	1157.032	798.237	1.4494843010283913	628.837	194.466	-434.371
windows95	screenshot	libjxl	5	4.5	43776	44246	470	3.506	4.618	1.1120000000000005	61.4238	61.4238	-0.7427	-0.7427	0.0	6.625	6.625	0.0	1103.803	873.22	1.2640606032843957	788.749	94.902	-693.847
windows95	screenshot	libjxl	5	4.75	42367	42819	452	2.541	3.635	1.0939999999999999	60.4863	60.4863	-0.505	-0.505	0.0	29.575	29.575	0.0	1035.373	716.327	1.4453915599998326	606.48	65.979	-540.501
windows95	screenshot	libjxl	5	5.0	41213	41656	443	3.045	4.153	1.1079999999999997	58.9336	58.9336	-0.6412	-0.6412	0.0	7.873	7.873	0.0	983.631	517.756	1.8997964292060354	267.231	61.789	-205.442
windows95	screenshot	libjxl	6	0.25	73404	74619	1215	1.384	3.062	1.678	94.9018	94.9018	-0.1623	-0.1623	0.0	0.396	0.396	0.0	1027.139	753.98	1.362289450648558	443.597	76.744	-366.85299999999995
windows95	screenshot	libjxl	6	0.5	65752	66732	980	2.065	3.586	1.521	93.1407	93.1407	0.6791	0.6791	0.0	-7.36	-7.36	0.0	1133.793	548.947	2.065396112921648	428.275	-2.815	-431.09
windows95	screenshot	libjxl	6	0.75	88726	89495	769	1.458	2.337	0.8790000000000002	90.0172	90.0172	-0.0574	-0.0574	0.0	0.509	0.509	0.0	1167.704	927.22	1.2593602381311877	330.959	21.05	-309.909
windows95	screenshot	libjxl	6	1.0	80995	81713	718	1.888	2.791	0.903	87.7793	87.7793	0.4155	0.4155	0.0	-2.596	-2.596	0.0	1101.777	902.492	1.2208163618070853	176.008	24.777	-151.231
windows95	screenshot	libjxl	6	1.25	74850	75521	671	2.219	3.136	0.9170000000000003	86.1351	86.1351	-0.602	-0.602	0.0	0.488	0.488	0.0	1136.175	731.323	1.5535884964646265	315.73	15.755	-299.975
windows95	screenshot	libjxl	6	1.5	69888	70539	651	1.787	2.735	0.948	83.7977	83.7977	-0.7711	-0.7711	0.0	-5.174	-5.174	0.0	1048.834	1289.852	0.8131429032168032	183.431	115.28	-68.15100000000001
windows95	screenshot	libjxl	6	1.75	66487	67121	634	2.281	3.257	0.976	82.0972	82.0972	-0.4764	-0.4764	0.0	2.409	2.409	0.0	1074.812	974.657	1.1027592270921973	237.56	33.72	-203.84
windows95	screenshot	libjxl	6	2.0	63215	63770	555	2.457	3.357	0.9000000000000004	80.4482	80.4482	-0.4821	-0.4821	0.0	-1.127	-1.127	0.0	1085.509	850.969	1.2756152104248215	267.336	-0.385	-267.721
windows95	screenshot	libjxl	6	2.25	60568	61062	494	1.483	2.311	0.8279999999999998	77.7432	77.7432	-0.8661	-0.8661	0.0	0.519	0.519	0.0	1026.767	776.054	1.3230612818180179	239.885	1.92	-237.965
windows95	screenshot	libjxl	6	2.5	57049	57606	557	2.076	3.072	0.996	73.9666	73.9666	-1.0033	-1.0033	0.0	1.449	1.449	0.0	1049.612	745.592	1.4077565209927148	247.965	-2.908	-250.873
windows95	screenshot	libjxl	6	2.75	55235	55774	539	2.053	3.049	0.996	73.6402	73.6402	-1.9577	-1.9577	0.0	14.557	14.557	0.0	980.893	1082.18	0.9064046646583748	208.208	89.475	-118.733
windows95	screenshot	libjxl	6	3.0	53403	53938	535	2.668	3.697	1.029	71.4803	71.4803	-1.3395	-1.3395	0.0	0.303	0.303	0.0	1042.552	404.9	2.5748382316621385	255.707	-36.178	-291.885
windows95	screenshot	libjxl	6	3.25	52009	52547	538	2.787	3.85	1.0630000000000002	66.8283	66.8283	-1.1876	-1.1876	0.0	0.211	0.211	0.0	1039.563	881.49	1.1793247796344826	225.442	-3.883	-229.32500000000002
windows95	screenshot	libjxl	6	3.5	49877	50415	538	2.337	3.441	1.1039999999999996	64.757	64.757	-1.4413	-1.4413	0.0	1.483	1.483	0.0	975.134	889.004	1.096883703560389	156.843	22.955	-133.88799999999998
windows95	screenshot	libjxl	6	3.75	48707	49211	504	2.87	3.935	1.065	65.8151	65.8151	-1.2318	-1.2318	0.0	8.503	8.503	0.0	998.554	663.139	1.505798935064896	208.948	-9.205	-218.15300000000002
windows95	screenshot	libjxl	6	4.0	47594	48089	495	2.982	4.053	1.0709999999999997	61.6054	61.6054	-1.5952	-1.5952	0.0	2.494	2.494	0.0	1253.84	1070.664	1.1710863538888017	304.356	38.265	-266.091
windows95	screenshot	libjxl	6	4.25	44763	45197	434	3.625	4.63	1.005	58.7191	58.7191	-1.0543	-1.0543	0.0	4.386	4.386	0.0	1195.614	1588.881	0.7524880717939229	203.532	82.08	-121.45200000000001
windows95	screenshot	libjxl	6	4.5	44043	44528	485	2.488	3.616	1.1280000000000001	58.1771	58.1771	-1.9341	-1.9341	0.0	7.289	7.289	0.0	1199.109	997.978	1.2015385108689771	238.913	-19.681	-258.594
windows95	screenshot	libjxl	6	4.75	42301	42771	470	1.827	2.958	1.1310000000000002	60.4241	60.4241	-1.5139	-1.5139	0.0	27.807	27.807	0.0	1067.572	1118.241	0.954688658348245	253.17	98.458	-154.712
windows95	screenshot	libjxl	6	5.0	41191	41650	459	2.328	3.468	1.1400000000000001	58.9429	58.9429	-1.6431	-1.6431	0.0	8.117	8.117	0.0	936.787	1132.359	0.8272879890564743	218.625	56.361	-162.264
windows95	screenshot	libjxl	7	0.25	52992	53995	1003	2.572	4.514	1.9420000000000002	95.3122	95.3122	-0.1467	-0.1467	0.0	0.312	0.312	0.0	1097.281	669.792	1.6382414242033345	277.784	-18.383	-296.167
windows95	screenshot	libjxl	7	0.5	47492	48353	861	3.538	5.415	1.8770000000000002	94.0611	94.0611	0.0824	0.0824	0.0	-26.162	-26.162	0.0	952.112	710.519	1.3400232787582034	261.108	-18.41	-279.51800000000003
windows95	screenshot	libjxl	7	0.75	54547	55184	637	1.071	2.251	1.18	91.9172	91.9172	0.0294	0.0294	0.0	24.536	24.536	0.0	1122.58	943.847	1.189366496900451	115.512	1.065	-114.447
windows95	screenshot	libjxl	7	1.0	50042	50627	585	1.16	2.343	1.183	90.4247	90.4247	0.4971	0.4971	0.0	-1.594	-1.594	0.0	1182.941	955.643	1.2378482341209007	177.053	2.796	-174.257
windows95	screenshot	libjxl	7	1.25	46353	46948	595	0.619	1.91	1.291	88.5273	88.5273	0.1136	0.1136	0.0	-9.651	-9.651	0.0	1057.923	1009.544	1.0479216359069046	223.224	-7.753	-230.97699999999998
windows95	screenshot	libjxl	7	1.5	43837	44390	553	1.451	2.731	1.2799999999999998	86.6525	86.6525	0.223	0.223	0.0	-20.005	-20.005	0.0	1062.891	1288.83	0.8246944903517145	180.24	30.027	-150.21300000000002
windows95	screenshot	libjxl	7	1.75	41880	42433	553	2.697	4.053	1.3559999999999999	84.9088	84.9088	-0.0897	-0.0897	0.0	-0.355	-0.355	0.0	1157.606	963.212	1.2018184989389666	167.986	-30.111	-198.09699999999998
windows95	screenshot	libjxl	7	2.0	39615	40122	507	1.348	2.645	1.297	83.5305	83.5305	0.1655	0.1655	0.0	0.902	0.902	0.0	1146.712	1232.309	0.9305393371305412	122.565	-4.782	-127.347
windows95	screenshot	libjxl	7	2.25	38406	38891	485	0.909	2.183	1.2739999999999998	82.5019	82.5019	-0.0388	-0.0388	0.0	0.613	0.613	0.0	991.618	1250.715	0.7928408950080554	142.844	54.729	-88.115
windows95	screenshot	libjxl	7	2.5	35625	36134	509	-0.283	1.142	1.4249999999999998	79.4721	79.4721	0.0428	0.0428	0.0	0.692	0.692	0.0	962.731	1062.439	0.9061517884791502	102.904	97.169	-5.734999999999999
windows95	screenshot	libjxl	7	2.75	34320	34784	464	1.632	3.006	1.3739999999999999	77.9164	77.9164	-0.1273	-0.1273	0.0	1.816	1.816	0.0	1040.314	926.296	1.1230902432915613	179.487	-6.634	-186.12099999999998
windows95	screenshot	libjxl	7	3.0	33281	33729	448	1.346	2.71	1.3639999999999999	76.3343	76.3343	0.1814	0.1814	0.0	-3.542	-3.542	0.0	982.5	925.802	1.061242036634183	131.991	-2.435	-134.42600000000002
windows95	screenshot	libjxl	7	3.25	32352	32801	449	0.438	1.832	1.3940000000000001	74.8719	74.8719	0.9262	0.9262	0.0	-4.271	-4.271	0.0	1011.244	878.421	1.1512065399165092	210.736	7.447	-203.289
windows95	screenshot	libjxl	7	3.5	31217	31640	423	1.896	3.277	1.3810000000000002	72.9668	72.9668	0.8426	0.8426	0.0	-0.197	-0.197	0.0	979.277	950.645	1.0301184984931284	77.655	-0.3	-77.955
windows95	screenshot	libjxl	7	3.75	30433	30850	417	1.586	2.978	1.3920000000000001	73.5263	73.5263	0.8725	0.8725	0.0	2.745	2.745	0.0	905.144	914.298	0.9899879470369617	178.669	-1.658	-180.327
windows95	screenshot	libjxl	7	4.0	29909	30362	453	2.84	4.398	1.5579999999999998	66.142	66.142	-0.621	-0.621	0.0	2.063	2.063	0.0	1106.394	1009.477	1.0960071403310823	249.533	35.242	-214.291
windows95	screenshot	libjxl	7	4.25	28601	28995	394	3.204	4.626	1.4220000000000002	64.9138	64.9138	1.1116	1.1116	0.0	8.505	8.505	0.0	1091.405	1149.145	0.9497539475000979	108.816	-2.894	-111.71000000000001
windows95	screenshot	libjxl	7	4.5	28596	28947	351	4.978	6.267	1.2890000000000006	65.6145	65.6145	1.486	1.486	0.0	-2.063	-2.063	0.0	1073.748	1126.378	0.9532750106980074	209.169	10.935	-198.234
windows95	screenshot	libjxl	7	4.75	27129	27553	424	1.284	2.867	1.583	67.247	67.247	0.318	0.318	0.0	-4.909	-4.909	0.0	1060.508	965.762	1.0981049161180498	245.877	17.592	-228.28500000000003
windows95	screenshot	libjxl	7	5.0	26831	27268	437	2.553	4.224	1.6710000000000003	65.6126	65.6126	0.5154	0.5154	0.0	8.438	8.438	0.0	1078.211	774.177	1.3927189777014817	212.032	-6.41	-218.442
windows95	screenshot	libjxl	8	0.25	50592	50729	137	-18.346	-18.125	0.22100000000000009	95.0104	95.0104	-0.6423	-0.6423	0.0	28.483	28.483	0.0	1744.235	2198.815	0.7932613703290181	58.823	-39.315	-98.138
windows95	screenshot	libjxl	8	0.5	45605	45745	140	-14.811	-14.55	0.26099999999999923	93.7144	93.7144	-0.4671	-0.4671	0.0	-4.225	-4.225	0.0	1608.892	2180.652	0.7378031891379275	42.448	-45.062	-87.50999999999999
windows95	screenshot	libjxl	8	0.75	52658	52826	168	-21.251	-21.0	0.2510000000000012	91.8309	91.8309	-0.8003	-0.8003	0.0	18.08	18.08	0.0	1567.283	2365.43	0.6625784741040741	72.995	1.438	-71.557
windows95	screenshot	libjxl	8	1.0	47601	47673	72	-20.519	-20.399	0.11999999999999744	89.5744	89.5744	-1.3632	-1.3632	0.0	-26.005	-26.005	0.0	1550.067	1617.775	0.958147455610329	74.262	-14.079	-88.34100000000001
windows95	screenshot	libjxl	8	1.25	43508	43589	81	-19.228	-19.077	0.1509999999999998	87.8908	87.8908	-0.2666	-0.2666	0.0	-12.281	-12.281	0.0	1502.712	2815.799	0.5336716150549098	42.507	79.647	37.14000000000001
windows95	screenshot	libjxl	8	1.5	40945	41007	62	-18.033	-17.909	0.12400000000000233	86.024	86.024	-0.2527	-0.2527	0.0	-10.649	-10.649	0.0	1773.746	1965.828	0.9022895187167952	42.014	-0.496	-42.510000000000005
windows95	screenshot	libjxl	8	1.75	38934	38985	51	-16.834	-16.725	0.10899999999999821	84.2769	84.2769	0.3145	0.3145	0.0	-8.156	-8.156	0.0	1720.009	3059.215	0.5622386788767707	35.492	7.102	-28.389999999999997
windows95	screenshot	libjxl	8	2.0	36815	36898	83	-17.836	-17.651	0.18499999999999872	81.885	81.885	-0.2184	-0.2184	0.0	-0.855	-0.855	0.0	1539.216	3423.284	0.4496314065674948	27.871	17.645	-10.225999999999999
windows95	screenshot	libjxl	8	2.25	35579	35668	89	-18.087	-17.882	0.2049999999999983	80.6603	80.6603	-1.2889	-1.2889	0.0	-9.482	-9.482	0.0	1650.229	3056.701	0.5398725619548658	48.807	17.704	-31.103
windows95	screenshot	libjxl	8	2.5	33071	33127	56	-18.794	-18.657	0.13700000000000045	78.0285	78.0285	-0.3959	-0.3959	0.0	-10.45	-10.45	0.0	1575.633	2665.241	0.5911784337701543	35.598	-4.031	-39.629
windows95	screenshot	libjxl	8	2.75	31671	31754	83	-16.017	-15.796	0.22100000000000009	75.5972	75.5972	-1.4474	-1.4474	0.0	-0.84	-0.84	0.0	1729.461	2052.998	0.8424075425304847	49.767	-6.903	-56.67
windows95	screenshot	libjxl	8	3.0	30676	30733	57	-18.556	-18.404	0.15200000000000102	74.3115	74.3115	-0.8787	-0.8787	0.0	7.82	7.82	0.0	1578.621	3518.886	0.4486138510881001	45.611	5.632	-39.979
windows95	screenshot	libjxl	8	3.25	30161	30187	26	-16.098	-16.026	0.07199999999999918	73.343	73.343	1.1898	1.1898	0.0	-0.35	-0.35	0.0	1610.769	4275.053	0.3767833989426564	45.351	132.8	87.44900000000001
windows95	screenshot	libjxl	8	3.5	28709	28717	8	-16.851	-16.827	0.023999999999997357	71.8007	71.8007	0.8206	0.8206	0.0	-12.49	-12.49	0.0	1878.187	3261.39	0.5758854353511846	41.869	-5.081	-46.95
windows95	screenshot	libjxl	8	3.75	27966	28008	42	-15.887	-15.76	0.12700000000000067	70.7833	70.7833	0.1272	0.1272	0.0	-23.389	-23.389	0.0	1645.74	2299.969	0.7155487747878341	6.052	-27.578	-33.629999999999995
windows95	screenshot	libjxl	8	4.0	27225	27291	66	-15.182	-14.976	0.20599999999999952	66.1759	66.1759	-0.0611	-0.0611	0.0	6.868	6.868	0.0	1963.485	4307.96	0.45578069434256585	47.965	22.742	-25.223000000000003
windows95	screenshot	libjxl	8	4.25	26241	26241	0	-14.096	-14.096	0.0	63.447	63.447	1.114	1.114	0.0	9.219	9.219	0.0	2234.631	2652.743	0.8423850331524765	77.346	-3.738	-81.084
windows95	screenshot	libjxl	8	4.5	25636	25642	6	-13.263	-13.243	0.019999999999999574	63.4941	63.4941	0.2689	0.2689	0.0	-7.416	-7.416	0.0	1884.454	4608.755	0.4088856968964503	57.198	34.177	-23.021
windows95	screenshot	libjxl	8	4.75	24804	24839	35	-13.16	-13.038	0.12199999999999989	64.1907	64.1907	0.5128	0.5128	0.0	-7.286	-7.286	0.0	1890.531	5692.674	0.3320989397952526	63.489	77.65	14.161000000000008
windows95	screenshot	libjxl	8	5.0	24494	24477	-17	-12.876	-12.937	-0.06099999999999994	60.7441	60.7441	-1.3314	-1.3314	0.0	-1.24	-1.24	0.0	2092.878	3545.811	0.5902395812974803	48.676	19.391	-29.285000000000004
windows95	screenshot	libjxl	9	0.25	46692	46692	0	-23.301	-23.301	0.0	95.016	95.016	-0.6996	-0.6996	0.0	14.583	14.583	0.0	2493.673	5939.963	0.41981288435635034	98.605	37.506	-61.099000000000004
windows95	screenshot	libjxl	9	0.5	44820	44820	0	-16.072	-16.072	0.0	93.6731	93.6731	-0.463	-0.463	0.0	-3.918	-3.918	0.0	2443.825	6813.008	0.3586998576840068	52.23	48.709	-3.5209999999999937
windows95	screenshot	libjxl	9	0.75	53716	53716	0	-21.114	-21.114	0.0	91.941	91.941	-0.7787	-0.7787	0.0	10.521	10.521	0.0	2018.611	5839.893	0.345658901627136	4.584	49.775	45.191
windows95	screenshot	libjxl	9	1.0	48554	48554	0	-21.85	-21.85	0.0	89.8574	89.8574	-1.2287	-1.2287	0.0	15.486	15.486	0.0	2200.715	6618.015	0.332533999998489	29.027	36.274	7.247
windows95	screenshot	libjxl	9	1.25	44103	44103	0	-22.672	-22.672	0.0	87.9966	87.9966	-2.0096	-2.0096	0.0	5.743	5.743	0.0	1876.109	4823.738	0.38893260786551836	7.473	-7.938	-15.411
windows95	screenshot	libjxl	9	1.5	41609	41609	0	-19.602	-19.602	0.0	86.3395	86.3395	-0.5286	-0.5286	0.0	-16.285	-16.285	0.0	1964.512	10253.565	0.19159307031261807	18.688	56.247	37.559
windows95	screenshot	libjxl	9	1.75	39315	39315	0	-18.157	-18.157	0.0	84.6635	84.6635	-0.655	-0.655	0.0	-17.258	-17.258	0.0	2078.199	6753.424	0.30772523685762954	15.242	39.235	23.993
windows95	screenshot	libjxl	9	2.0	37052	37052	0	-19.296	-19.296	0.0	82.4254	82.4254	-0.813	-0.813	0.0	-13.499	-13.499	0.0	1917.773	7175.303	0.2672741485620886	15.903	70.396	54.493
windows95	screenshot	libjxl	9	2.25	35910	35910	0	-19.114	-19.114	0.0	80.7018	80.7018	-1.2954	-1.2954	0.0	1.912	1.912	0.0	1726.49	7591.036	0.22743799397078343	-9.164	67.207	76.371
windows95	screenshot	libjxl	9	2.5	33443	33443	0	-19.643	-19.643	0.0	78.0442	78.0442	-0.8821	-0.8821	0.0	-7.136	-7.136	0.0	1888.458	5475.022	0.34492244962668644	42.012	67.507	25.495000000000005
windows95	screenshot	libjxl	9	2.75	31961	31961	0	-17.161	-17.161	0.0	75.547	75.547	-1.5398	-1.5398	0.0	-1.925	-1.925	0.0	1910.703	7007.215	0.27267651984418917	21.72	13.467	-8.252999999999998
windows95	screenshot	libjxl	9	3.0	30873	30873	0	-19.282	-19.282	0.0	74.323	74.323	-0.9392	-0.9392	0.0	0.751	0.751	0.0	2045.686	6096.201	0.3355673475989391	9.112	53.747	44.635
windows95	screenshot	libjxl	9	3.25	30391	30391	0	-17.044	-17.044	0.0	73.4042	73.4042	1.4105	1.4105	0.0	-7.399	-7.399	0.0	1830.169	6246.723	0.2929806556173533	15.456	54.663	39.206999999999994
windows95	screenshot	libjxl	9	3.5	28892	28892	0	-18.333	-18.333	0.0	71.8007	71.8007	2.0733	2.0733	0.0	-9.546	-9.546	0.0	1856.317	5563.059	0.33368637650616323	15.491	7.204	-8.286999999999999
windows95	screenshot	libjxl	9	3.75	28225	28225	0	-16.526	-16.526	0.0	70.7833	70.7833	0.4572	0.4572	0.0	-3.487	-3.487	0.0	1775.466	6259.92	0.28362439136602385	-13.653	51.025	64.678
windows95	screenshot	libjxl	9	4.0	27384	27384	0	-16.573	-16.573	0.0	65.8995	65.8995	-3.2114	-3.2114	0.0	2.377	2.377	0.0	2599.842	4483.723	0.5798400124182516	48.982	23.252	-25.73
windows95	screenshot	libjxl	9	4.25	26452	26452	0	-15.651	-15.651	0.0	63.4725	63.4725	1.075	1.075	0.0	-0.211	-0.211	0.0	2374.092	6552.944	0.3622939552054771	11.726	122.867	111.141
windows95	screenshot	libjxl	9	4.5	25808	25808	0	-14.707	-14.707	0.0	63.4941	63.4941	0.915	0.915	0.0	1.569	1.569	0.0	2474.543	5666.234	0.4367174034817482	47.181	106.701	59.519999999999996
windows95	screenshot	libjxl	9	4.75	24872	24872	0	-15.605	-15.605	0.0	64.2166	64.2166	0.7498	0.7498	0.0	0.112	0.112	0.0	2502.193	5157.013	0.48520199580648726	23.075	36.233	13.157999999999998
windows95	screenshot	libjxl	9	5.0	24641	24641	0	-14.554	-14.554	0.0	60.7441	60.7441	-1.9915	-1.9915	0.0	-5.407	-5.407	0.0	2134.996	6398.319	0.3336807683393091	17.554	136.301	118.74699999999999
